Date,Open,High,Low,Close,Adj Close,Volume,Dividends,Stock Splits
2018-01-19 00:00:00-05:00,12.649999618530273,12.970000267028809,12.0,12.390000343322754,9.393889427185059,68187400,0.0,0.0
2018-01-22 00:00:00-05:00,12.119999885559082,12.180000305175781,11.119999885559082,11.449999809265137,8.681195259094238,26132900,0.0,0.0
2018-01-23 00:00:00-05:00,11.470000267028809,12.119999885559082,11.449999809265137,11.90999984741211,9.029960632324219,8272100,0.0,0.0
2018-01-24 00:00:00-05:00,11.90999984741211,12.144000053405762,11.300000190734863,11.90999984741211,9.029960632324219,10369000,0.0,0.0
2018-01-25 00:00:00-05:00,11.90999984741211,11.9399995803833,11.600000381469727,11.899999618530273,9.022378921508789,9448600,0.0,0.0
2018-01-26 00:00:00-05:00,11.8100004196167,11.920000076293945,11.75,11.899999618530273,9.022378921508789,7910600,0.0,0.0
2018-01-29 00:00:00-05:00,11.890000343322754,12.229999542236328,11.850000381469727,12.079999923706055,9.15885066986084,9508400,0.0,0.0
2018-01-30 00:00:00-05:00,12.0,12.399999618530273,11.90999984741211,12.399999618530273,9.401471138000488,5638800,0.0,0.0
2018-01-31 00:00:00-05:00,12.460000038146973,12.569999694824219,12.399999618530273,12.479999542236328,9.462124824523926,6624700,0.0,0.0
2018-02-01 00:00:00-05:00,12.479999542236328,12.8100004196167,12.449999809265137,12.75,9.66683292388916,6075100,0.0,0.0
2018-02-02 00:00:00-05:00,12.640000343322754,12.949999809265137,12.600000381469727,12.859999656677246,9.750235557556152,6012400,0.0,0.0
2018-02-05 00:00:00-05:00,12.800000190734863,12.850000381469727,12.460000038146973,12.640000343322754,9.583436965942383,4006400,0.0,0.0
2018-02-06 00:00:00-05:00,12.199999809265137,12.5,12.140000343322754,12.300000190734863,9.325651168823242,4608500,0.0,0.0
2018-02-07 00:00:00-05:00,12.220000267028809,12.539999961853027,12.199999809265137,12.510000228881836,9.484869956970215,2671200,0.0,0.0
2018-02-08 00:00:00-05:00,12.569999694824219,12.569999694824219,12.270000457763672,12.369999885559082,9.3787260055542,4065800,0.0,0.0
2018-02-09 00:00:00-05:00,12.390000343322754,12.680000305175781,12.149999618530273,12.640000343322754,9.583436965942383,4091500,0.0,0.0
2018-02-12 00:00:00-05:00,12.640000343322754,12.770000457763672,12.470000267028809,12.680000305175781,9.613763809204102,2783100,0.0,0.0
2018-02-13 00:00:00-05:00,13.0,13.020000457763672,12.09000015258789,12.149999618530273,9.211925506591797,6081700,0.0,0.0
2018-02-14 00:00:00-05:00,12.180000305175781,12.1899995803833,11.770000457763672,11.9399995803833,9.05270767211914,5808100,0.0,0.0
2018-02-15 00:00:00-05:00,11.9399995803833,11.979000091552734,11.180000305175781,11.6899995803833,8.863162994384766,5526000,0.0,0.0
2018-02-16 00:00:00-05:00,11.760000228881836,11.899999618530273,11.555000305175781,11.579999923706055,8.77976131439209,1617300,0.0,0.0
2018-02-20 00:00:00-05:00,11.529999732971191,11.6899995803833,11.420000076293945,11.59000015258789,8.787343978881836,1824400,0.0,0.0
2018-02-21 00:00:00-05:00,11.670000076293945,11.729999542236328,11.550000190734863,11.649999618530273,8.832836151123047,2562200,0.0,0.0
2018-02-22 00:00:00-05:00,11.65999984741211,12.0,11.59000015258789,11.90999984741211,9.029960632324219,2007200,0.0,0.0
2018-02-23 00:00:00-05:00,11.899999618530273,12.09000015258789,11.710000038146973,11.979999542236328,9.083033561706543,3210000,0.0,0.0
2018-02-26 00:00:00-05:00,12.029999732971191,12.194999694824219,11.869999885559082,12.149999618530273,9.211925506591797,1639700,0.0,0.0
2018-02-27 00:00:00-05:00,12.140000343322754,12.380000114440918,11.470000267028809,11.600000381469727,8.794926643371582,1849200,0.0,0.0
2018-02-28 00:00:00-05:00,11.380000114440918,11.380000114440918,10.550000190734863,10.5600004196167,8.0064115524292,6566400,0.0,0.0
2018-03-01 00:00:00-05:00,10.6899995803833,10.829999923706055,10.569999694824219,10.680000305175781,8.097396850585938,2502000,0.0,0.0
2018-03-02 00:00:00-05:00,10.6899995803833,11.15999984741211,10.579999923706055,11.069999694824219,8.393088340759277,3135000,0.0,0.0
2018-03-05 00:00:00-05:00,10.979999542236328,11.25,10.720000267028809,10.720000267028809,8.12771987915039,2845500,0.0,0.0
2018-03-06 00:00:00-05:00,10.8100004196167,10.8100004196167,10.270000457763672,10.350000381469727,7.847193717956543,4146200,0.0,0.0
2018-03-07 00:00:00-05:00,10.300000190734863,10.550000190734863,10.229999542236328,10.399999618530273,7.885106086730957,1714600,0.0,0.0
2018-03-08 00:00:00-05:00,10.539999961853027,10.770000457763672,10.460000038146973,10.520000457763672,7.976086616516113,4982700,0.0,0.0
2018-03-09 00:00:00-05:00,10.649999618530273,10.65999984741211,10.449999809265137,10.529999732971191,7.983670711517334,1995000,0.0,0.0
2018-03-12 00:00:00-04:00,10.609999656677246,10.770000457763672,10.529999732971191,10.710000038146973,8.120140075683594,2337500,0.0,0.0
2018-03-13 00:00:00-04:00,10.649999618530273,10.800000190734863,10.529999732971191,10.539999961853027,7.991250991821289,3052700,0.0,0.0
2018-03-14 00:00:00-04:00,10.670000076293945,10.680000305175781,10.210000038146973,10.210000038146973,7.741048812866211,5656700,0.0,0.0
2018-03-15 00:00:00-04:00,10.75,10.75,8.899999618530273,8.930000305175781,6.770574569702148,10293500,0.0,0.0
2018-03-16 00:00:00-04:00,9.029999732971191,9.4399995803833,8.699999809265137,8.729999542236328,6.618938446044922,17341300,0.0,0.0
2018-03-19 00:00:00-04:00,8.720000267028809,9.199999809265137,8.5600004196167,9.140000343322754,6.9297919273376465,6452500,0.0,0.0
2018-03-20 00:00:00-04:00,9.239999771118164,9.239999771118164,8.890000343322754,8.960000038146973,6.793323040008545,3126400,0.0,0.0
2018-03-21 00:00:00-04:00,9.0,9.1899995803833,8.90999984741211,8.970000267028809,6.800902366638184,3754700,0.0,0.0
2018-03-22 00:00:00-04:00,8.899999618530273,8.9399995803833,8.619999885559082,8.670000076293945,6.573447227478027,2408100,0.0,0.0
2018-03-23 00:00:00-04:00,8.739999771118164,8.760000228881836,8.024999618530273,8.100000381469727,6.166175842285156,4169000,0.035,0.0
2018-03-26 00:00:00-04:00,8.220000267028809,8.25,7.889999866485596,7.949999809265137,6.051987171173096,4396900,0.0,0.0
2018-03-27 00:00:00-04:00,7.949999809265137,7.989999771118164,7.510000228881836,7.559999942779541,5.75509786605835,3582900,0.0,0.0
2018-03-28 00:00:00-04:00,7.630000114440918,7.940000057220459,7.53000020980835,7.599999904632568,5.785546779632568,3590900,0.0,0.0
2018-03-29 00:00:00-04:00,7.590000152587891,7.949999809265137,7.590000152587891,7.929999828338623,6.03676176071167,2952700,0.0,0.0
2018-04-02 00:00:00-04:00,7.96999979019165,8.050000190734863,7.670000076293945,7.829999923706055,5.960635662078857,2443700,0.0,0.0
2018-04-03 00:00:00-04:00,7.940000057220459,7.940000057220459,7.360000133514404,7.550000190734863,5.747485160827637,3926500,0.0,0.0
2018-04-04 00:00:00-04:00,7.460000038146973,7.920000076293945,7.449999809265137,7.849999904632568,5.9758620262146,4205600,0.0,0.0
2018-04-05 00:00:00-04:00,8.170000076293945,8.890000343322754,8.069999694824219,8.8100004196167,6.706668376922607,10407600,0.0,0.0
2018-04-06 00:00:00-04:00,8.680000305175781,8.899999618530273,8.5,8.75,6.66099214553833,3687600,0.0,0.0
2018-04-09 00:00:00-04:00,8.760000228881836,9.359999656677246,8.760000228881836,9.119999885559082,6.94265604019165,4643200,0.0,0.0
2018-04-10 00:00:00-04:00,9.130000114440918,9.279999732971191,8.859999656677246,9.050000190734863,6.889368534088135,4052700,0.0,0.0
2018-04-11 00:00:00-04:00,8.960000038146973,9.149999618530273,8.875,9.020000457763672,6.866528511047363,1979700,0.0,0.0
2018-04-12 00:00:00-04:00,9.069999694824219,9.25,8.949999809265137,9.100000381469727,6.927432537078857,2704300,0.0,0.0
2018-04-13 00:00:00-04:00,9.100000381469727,9.329999923706055,8.850000381469727,8.989999771118164,6.84369421005249,2198600,0.0,0.0
2018-04-16 00:00:00-04:00,9.050000190734863,9.069999694824219,8.890000343322754,8.989999771118164,6.84369421005249,1314100,0.0,0.0
2018-04-17 00:00:00-04:00,9.079999923706055,9.270000457763672,8.96500015258789,9.25,7.041621208190918,2045800,0.0,0.0
2018-04-18 00:00:00-04:00,9.239999771118164,9.630000114440918,9.199999809265137,9.5600004196167,7.27761173248291,2788800,0.0,0.0
2018-04-19 00:00:00-04:00,9.5,9.65999984741211,9.220000267028809,9.380000114440918,7.1405839920043945,3010800,0.0,0.0
2018-04-20 00:00:00-04:00,9.369999885559082,9.4399995803833,9.180000305175781,9.300000190734863,7.079685688018799,1070900,0.0,0.0
2018-04-23 00:00:00-04:00,9.25,9.329999923706055,8.829999923706055,8.949999809265137,6.813243389129639,2354200,0.0,0.0
2018-04-24 00:00:00-04:00,9.020000457763672,9.210000038146973,8.982000350952148,8.989999771118164,6.84369421005249,1616800,0.0,0.0
2018-04-25 00:00:00-04:00,8.920000076293945,9.199999809265137,8.84000015258789,9.119999885559082,6.94265604019165,1251100,0.0,0.0
2018-04-26 00:00:00-04:00,9.119999885559082,9.170000076293945,8.739999771118164,9.079999923706055,6.912207126617432,3967900,0.0,0.0
2018-04-27 00:00:00-04:00,9.069999694824219,9.220000267028809,9.039999961853027,9.109999656677246,6.935046195983887,1356600,0.0,0.0
2018-04-30 00:00:00-04:00,9.1899995803833,9.220000267028809,8.819999694824219,8.90999984741211,6.7827935218811035,2558300,0.0,0.0
2018-05-01 00:00:00-04:00,8.920000076293945,8.989999771118164,8.65999984741211,8.680000305175781,6.607706069946289,1698000,0.0,0.0
2018-05-02 00:00:00-04:00,8.699999809265137,8.760000228881836,8.640000343322754,8.699999809265137,6.622929573059082,1727700,0.0,0.0
2018-05-03 00:00:00-04:00,8.710000038146973,8.75,8.25,8.279999732971191,6.3032026290893555,3358800,0.0,0.0
2018-05-04 00:00:00-04:00,8.25,8.449999809265137,8.010000228881836,8.079999923706055,6.150950908660889,4964300,0.0,0.0
2018-05-07 00:00:00-04:00,8.149999618530273,8.470000267028809,8.149999618530273,8.4399995803833,6.425002098083496,2578200,0.0,0.0
2018-05-08 00:00:00-04:00,8.430000305175781,8.75,8.34000015258789,8.569999694824219,6.5239667892456055,4159200,0.0,0.0
2018-05-09 00:00:00-04:00,8.989999771118164,9.119999885559082,7.639999866485596,7.820000171661377,5.953023910522461,11564900,0.0,0.0
2018-05-10 00:00:00-04:00,7.840000152587891,8.09000015258789,7.840000152587891,7.920000076293945,6.029150009155273,4317400,0.0,0.0
2018-05-11 00:00:00-04:00,7.940000057220459,7.96999979019165,7.320000171661377,7.400000095367432,5.633297920227051,6672800,0.0,0.0
2018-05-14 00:00:00-04:00,7.449999809265137,7.570000171661377,7.269999980926514,7.300000190734863,5.557170867919922,6584800,0.0,0.0
2018-05-15 00:00:00-04:00,7.25,7.269999980926514,6.929999828338623,7.130000114440918,5.427757263183594,7754600,0.0,0.0
2018-05-16 00:00:00-04:00,7.150000095367432,7.210000038146973,6.989999771118164,7.0,5.328793525695801,3923900,0.0,0.0
2018-05-17 00:00:00-04:00,7.019999980926514,7.409999847412109,7.019999980926514,7.170000076293945,5.458207130432129,5713200,0.0,0.0
2018-05-18 00:00:00-04:00,7.199999809265137,7.510000228881836,7.199999809265137,7.269999980926514,5.534333229064941,3752500,0.0,0.0
2018-05-21 00:00:00-04:00,7.349999904632568,7.800000190734863,7.320000171661377,7.75,5.899735927581787,4144800,0.0,0.0
2018-05-22 00:00:00-04:00,7.800000190734863,7.949999809265137,7.619999885559082,7.639999866485596,5.8159966468811035,3737200,0.0,0.0
2018-05-23 00:00:00-04:00,7.570000171661377,7.71999979019165,7.510000228881836,7.670000076293945,5.838835716247559,1666300,0.0,0.0
2018-05-24 00:00:00-04:00,7.679999828338623,7.75,7.579999923706055,7.699999809265137,5.861673831939697,1736000,0.0,0.0
2018-05-25 00:00:00-04:00,7.710000038146973,7.71999979019165,7.460000038146973,7.46999979019165,5.686583995819092,2114100,0.0,0.0
2018-05-29 00:00:00-04:00,7.420000076293945,7.590000152587891,7.349999904632568,7.460000038146973,5.678971290588379,3414100,0.0,0.0
2018-05-30 00:00:00-04:00,7.519999980926514,7.690000057220459,7.46999979019165,7.670000076293945,5.838835716247559,2222400,0.0,0.0
2018-05-31 00:00:00-04:00,7.699999809265137,7.71999979019165,7.440000057220459,7.519999980926514,5.724647045135498,3670600,0.0,0.0
2018-06-01 00:00:00-04:00,7.559999942779541,7.690000057220459,7.449999809265137,7.639999866485596,5.8159966468811035,3240500,0.0,0.0
2018-06-04 00:00:00-04:00,7.630000114440918,7.820000171661377,7.619999885559082,7.800000190734863,5.937798023223877,1267400,0.0,0.0
2018-06-05 00:00:00-04:00,7.840000152587891,7.989999771118164,7.75,7.960000038146973,6.059600353240967,1447800,0.0,0.0
2018-06-06 00:00:00-04:00,7.989999771118164,8.170000076293945,7.869999885559082,7.960000038146973,6.059600353240967,2587300,0.0,0.0
2018-06-07 00:00:00-04:00,8.010000228881836,8.069999694824219,7.840000152587891,8.0,6.09005069732666,1368600,0.0,0.0
2018-06-08 00:00:00-04:00,8.0,8.255000114440918,7.920000076293945,8.220000267028809,6.2575273513793945,2004700,0.0,0.0
2018-06-11 00:00:00-04:00,8.220000267028809,8.289999961853027,7.860000133514404,7.96999979019165,6.067213535308838,3721400,0.0,0.0
2018-06-12 00:00:00-04:00,7.96999979019165,8.3149995803833,7.889999866485596,8.289999961853027,6.310813903808594,3254700,0.0,0.0
2018-06-13 00:00:00-04:00,8.270000457763672,8.34000015258789,7.980000019073486,8.050000190734863,6.128114700317383,3093300,0.0,0.0
2018-06-14 00:00:00-04:00,8.079999923706055,8.175000190734863,7.932000160217285,8.09000015258789,6.15856409072876,2884200,0.0,0.0
2018-06-15 00:00:00-04:00,8.069999694824219,8.100000381469727,7.929999828338623,7.980000019073486,6.074824333190918,2760000,0.0,0.0
2018-06-18 00:00:00-04:00,8.0,8.3100004196167,7.900000095367432,8.289999961853027,6.310813903808594,3408700,0.0,0.0
2018-06-19 00:00:00-04:00,8.199999809265137,8.340999603271484,8.180000305175781,8.260000228881836,6.28797721862793,2222700,0.0,0.0
2018-06-20 00:00:00-04:00,8.270000457763672,8.819999694824219,8.239999771118164,8.699999809265137,6.622929573059082,4370000,0.0,0.0
2018-06-21 00:00:00-04:00,8.739999771118164,8.9399995803833,8.529999732971191,8.670000076293945,6.600091457366943,3147700,0.0,0.0
2018-06-22 00:00:00-04:00,8.720000267028809,8.800000190734863,8.520000457763672,8.729999542236328,6.672703266143799,2749600,0.035,0.0
2018-06-25 00:00:00-04:00,8.729999542236328,8.800000190734863,8.529999732971191,8.6899995803833,6.642130374908447,4656800,0.0,0.0
2018-06-26 00:00:00-04:00,8.699999809265137,8.835000038146973,8.699999809265137,8.770000457763672,6.703278064727783,1710300,0.0,0.0
2018-06-27 00:00:00-04:00,8.800000190734863,9.029999732971191,8.770000457763672,8.869999885559082,6.779712200164795,2056600,0.0,0.0
2018-06-28 00:00:00-04:00,8.880000114440918,8.899999618530273,8.390000343322754,8.420000076293945,6.435757637023926,3688800,0.0,0.0
2018-06-29 00:00:00-04:00,8.510000228881836,8.920000076293945,8.420000076293945,8.649999618530273,6.611556529998779,3132200,0.0,0.0
2018-07-02 00:00:00-04:00,8.550000190734863,8.649999618530273,8.029999732971191,8.149999618530273,6.229386806488037,2936300,0.0,0.0
2018-07-03 00:00:00-04:00,8.180000305175781,8.289999961853027,8.039999961853027,8.050000190734863,6.152952671051025,1478900,0.0,0.0
2018-07-05 00:00:00-04:00,8.140000343322754,8.140000343322754,7.800000190734863,8.079999923706055,6.175882816314697,1888800,0.0,0.0
2018-07-06 00:00:00-04:00,8.039999961853027,8.244999885559082,8.010000228881836,8.180000305175781,6.252317428588867,794100,0.0,0.0
2018-07-09 00:00:00-04:00,8.229999542236328,8.619999885559082,8.220000267028809,8.539999961853027,6.527478218078613,1872200,0.0,0.0
2018-07-10 00:00:00-04:00,8.59000015258789,8.670000076293945,8.34000015258789,8.619999885559082,6.588626384735107,2203100,0.0,0.0
2018-07-11 00:00:00-04:00,8.5600004196167,8.770000457763672,8.4399995803833,8.579999923706055,6.558053016662598,1597900,0.0,0.0
2018-07-12 00:00:00-04:00,8.670000076293945,9.039999961853027,8.505000114440918,8.920000076293945,6.817927837371826,2570900,0.0,0.0
2018-07-13 00:00:00-04:00,8.90999984741211,9.210000038146973,8.829999923706055,8.960000038146973,6.848503589630127,2935800,0.0,0.0
2018-07-16 00:00:00-04:00,9.020000457763672,9.1899995803833,9.0,9.180000305175781,7.016658782958984,1453200,0.0,0.0
2018-07-17 00:00:00-04:00,9.180000305175781,9.425000190734863,9.149999618530273,9.390000343322754,7.17717170715332,2589200,0.0,0.0
2018-07-18 00:00:00-04:00,9.40999984741211,9.600000381469727,9.369999885559082,9.449999809265137,7.223030090332031,2028600,0.0,0.0
2018-07-19 00:00:00-04:00,9.449999809265137,9.46500015258789,9.220000267028809,9.359999656677246,7.154240608215332,2050900,0.0,0.0
2018-07-20 00:00:00-04:00,9.380000114440918,9.5,9.3100004196167,9.350000381469727,7.146596908569336,1512500,0.0,0.0
2018-07-23 00:00:00-04:00,9.399999618530273,9.470000267028809,9.234999656677246,9.359999656677246,7.154240608215332,1682300,0.0,0.0
2018-07-24 00:00:00-04:00,9.40999984741211,9.529999732971191,9.220000267028809,9.25,7.070162773132324,1752400,0.0,0.0
2018-07-25 00:00:00-04:00,9.260000228881836,9.34000015258789,8.975000381469727,9.229999542236328,7.054872989654541,1345300,0.0,0.0
2018-07-26 00:00:00-04:00,9.199999809265137,9.319999694824219,9.0,9.100000381469727,6.955512046813965,1383900,0.0,0.0
2018-07-27 00:00:00-04:00,9.180000305175781,9.1899995803833,8.869999885559082,9.010000228881836,6.886720657348633,2238200,0.0,0.0
2018-07-30 00:00:00-04:00,9.0,9.039999961853027,8.770000457763672,8.779999732971191,6.7109198570251465,1711600,0.0,0.0
2018-07-31 00:00:00-04:00,8.800000190734863,9.180000305175781,8.779999732971191,9.010000228881836,6.886720657348633,3398800,0.0,0.0
2018-08-01 00:00:00-04:00,9.029999732971191,9.149999618530273,8.859999656677246,8.949999809265137,6.840858459472656,1071500,0.0,0.0
2018-08-02 00:00:00-04:00,8.880000114440918,8.90999984741211,8.5600004196167,8.619999885559082,6.588626384735107,2390200,0.0,0.0
2018-08-03 00:00:00-04:00,8.640000343322754,8.944999694824219,8.640000343322754,8.90999984741211,6.810285568237305,1804500,0.0,0.0
2018-08-06 00:00:00-04:00,8.920000076293945,9.039999961853027,8.850000381469727,8.979999542236328,6.863787651062012,1465100,0.0,0.0
2018-08-07 00:00:00-04:00,9.079999923706055,9.25,9.029999732971191,9.149999618530273,6.9937262535095215,2852400,0.0,0.0
2018-08-08 00:00:00-04:00,9.210000038146973,9.515000343322754,9.140000343322754,9.479999542236328,7.245961666107178,5827800,0.0,0.0
2018-08-09 00:00:00-04:00,8.930000305175781,9.329999923706055,8.40999984741211,8.470000267028809,6.473974704742432,6842000,0.0,0.0
2018-08-10 00:00:00-04:00,8.710000038146973,9.149999618530273,8.550000190734863,8.899999618530273,6.802640914916992,4924900,0.0,0.0
2018-08-13 00:00:00-04:00,8.890000343322754,9.229999542236328,8.890000343322754,9.149999618530273,6.9937262535095215,2992800,0.0,0.0
2018-08-14 00:00:00-04:00,9.199999809265137,9.210000038146973,8.859999656677246,8.899999618530273,6.802640914916992,3111200,0.0,0.0
2018-08-15 00:00:00-04:00,8.869999885559082,8.899999618530273,8.710000038146973,8.729999542236328,6.672703266143799,1996600,0.0,0.0
2018-08-16 00:00:00-04:00,8.789999961853027,8.845000267028809,8.545000076293945,8.720000267028809,6.665060043334961,2375900,0.0,0.0
2018-08-17 00:00:00-04:00,8.729999542236328,8.770000457763672,8.600000381469727,8.710000038146973,6.6574201583862305,1376800,0.0,0.0
2018-08-20 00:00:00-04:00,8.75,8.819999694824219,8.630000114440918,8.6899995803833,6.642130374908447,1857700,0.0,0.0
2018-08-21 00:00:00-04:00,8.760000228881836,9.220000267028809,8.710000038146973,9.140000343322754,6.986083507537842,3548900,0.0,0.0
2018-08-22 00:00:00-04:00,9.140000343322754,9.149999618530273,8.8100004196167,9.079999923706055,6.94022274017334,2491300,0.0,0.0
2018-08-23 00:00:00-04:00,9.079999923706055,9.130000114440918,8.899999618530273,8.989999771118164,6.871432304382324,3268300,0.0,0.0
2018-08-24 00:00:00-04:00,9.020000457763672,9.130000114440918,8.949999809265137,9.010000228881836,6.886720657348633,1129200,0.0,0.0
2018-08-27 00:00:00-04:00,9.050000190734863,9.0600004196167,8.949999809265137,9.039999961853027,6.909651756286621,1856100,0.0,0.0
2018-08-28 00:00:00-04:00,9.050000190734863,9.595000267028809,9.0,9.210000038146973,7.03958797454834,4667900,0.0,0.0
2018-08-29 00:00:00-04:00,9.270000457763672,9.34000015258789,8.96500015258789,9.25,7.070162773132324,3115000,0.0,0.0
2018-08-30 00:00:00-04:00,9.25,9.319999694824219,8.84000015258789,8.930000305175781,6.825572967529297,3088100,0.0,0.0
2018-08-31 00:00:00-04:00,8.960000038146973,9.039999961853027,8.859999656677246,8.949999809265137,6.840858459472656,999500,0.0,0.0
2018-09-04 00:00:00-04:00,8.960000038146973,9.25,8.829999923706055,9.1899995803833,7.024302005767822,1721700,0.0,0.0
2018-09-05 00:00:00-04:00,8.829999923706055,8.920000076293945,8.295000076293945,8.770000457763672,6.703278064727783,8316100,0.0,0.0
2018-09-06 00:00:00-04:00,8.779999732971191,9.109999656677246,8.65999984741211,8.960000038146973,6.848503589630127,3998700,0.0,0.0
2018-09-07 00:00:00-04:00,8.930000305175781,9.005000114440918,8.760000228881836,8.800000190734863,6.726208686828613,1034300,0.0,0.0
2018-09-10 00:00:00-04:00,8.850000381469727,8.890000343322754,8.585000038146973,8.640000343322754,6.603911876678467,2081500,0.0,0.0
2018-09-11 00:00:00-04:00,8.579999923706055,8.6899995803833,8.479999542236328,8.520000457763672,6.512193202972412,2682500,0.0,0.0
2018-09-12 00:00:00-04:00,8.550000190734863,8.640000343322754,8.4399995803833,8.609999656677246,6.580981731414795,1540900,0.0,0.0
2018-09-13 00:00:00-04:00,8.619999885559082,8.704999923706055,8.5600004196167,8.59000015258789,6.565696716308594,1068000,0.0,0.0
2018-09-14 00:00:00-04:00,8.550000190734863,8.649999618530273,8.539999961853027,8.5600004196167,6.54276704788208,1301900,0.0,0.0
2018-09-17 00:00:00-04:00,8.520000457763672,8.598999977111816,8.369999885559082,8.399999618530273,6.446831703186035,1658100,0.035,0.0
2018-09-18 00:00:00-04:00,8.390000343322754,8.899999618530273,8.390000343322754,8.59000015258789,6.592652320861816,6629800,0.0,0.0
2018-09-19 00:00:00-04:00,8.579999923706055,8.640000343322754,8.350000381469727,8.369999885559082,6.423806190490723,1707200,0.0,0.0
2018-09-20 00:00:00-04:00,8.4399995803833,9.069999694824219,8.319999694824219,8.920000076293945,6.845919609069824,9326700,0.0,0.0
2018-09-21 00:00:00-04:00,9.789999961853027,9.84000015258789,9.319999694824219,9.369999885559082,7.191285133361816,10142800,0.0,0.0
2018-09-24 00:00:00-04:00,9.350000381469727,9.470000267028809,9.210000038146973,9.260000228881836,7.1068644523620605,2853000,0.0,0.0
2018-09-25 00:00:00-04:00,9.300000190734863,9.375,9.175000190734863,9.229999542236328,7.08383846282959,1323000,0.0,0.0
2018-09-26 00:00:00-04:00,9.210000038146973,9.449999809265137,9.199999809265137,9.380000114440918,7.198963165283203,1443900,0.0,0.0
2018-09-27 00:00:00-04:00,9.359999656677246,9.579999923706055,9.289999961853027,9.390000343322754,7.206636428833008,2025300,0.0,0.0
2018-09-28 00:00:00-04:00,9.399999618530273,9.569999694824219,9.300000190734863,9.390000343322754,7.206636428833008,2296000,0.0,0.0
2018-10-01 00:00:00-04:00,9.460000038146973,9.539999961853027,9.039999961853027,9.199999809265137,7.060816764831543,2084200,0.0,0.0
2018-10-02 00:00:00-04:00,9.130000114440918,9.1899995803833,8.630000114440918,8.739999771118164,6.7077741622924805,4000800,0.0,0.0
2018-10-03 00:00:00-04:00,8.84000015258789,8.850000381469727,8.59000015258789,8.8100004196167,6.761497974395752,1962100,0.0,0.0
2018-10-04 00:00:00-04:00,8.84000015258789,8.869999885559082,8.6899995803833,8.789999961853027,6.746147155761719,1194300,0.0,0.0
2018-10-05 00:00:00-04:00,8.779999732971191,8.869999885559082,8.619999885559082,8.6899995803833,6.669400691986084,1243300,0.0,0.0
2018-10-08 00:00:00-04:00,8.640000343322754,8.720000267028809,8.550000190734863,8.640000343322754,6.631024360656738,1512400,0.0,0.0
2018-10-09 00:00:00-04:00,8.65999984741211,8.765000343322754,8.569999694824219,8.630000114440918,6.623350143432617,943700,0.0,0.0
2018-10-10 00:00:00-04:00,8.600000381469727,8.640000343322754,8.130000114440918,8.140000343322754,6.247286796569824,2213700,0.0,0.0
2018-10-11 00:00:00-04:00,8.0600004196167,8.180000305175781,7.730000019073486,7.769999980926514,5.963318824768066,3516900,0.0,0.0
2018-10-12 00:00:00-04:00,7.900000095367432,7.989999771118164,7.409999847412109,7.519999980926514,5.771449565887451,3163500,0.0,0.0
2018-10-15 00:00:00-04:00,7.46999979019165,7.747000217437744,7.400000095367432,7.71999979019165,5.92494535446167,1794700,0.0,0.0
2018-10-16 00:00:00-04:00,7.789999961853027,8.020000457763672,7.715000152587891,8.010000228881836,6.147515296936035,1131500,0.0,0.0
2018-10-17 00:00:00-04:00,7.96999979019165,7.980000019073486,7.659999847412109,7.769999980926514,5.963318824768066,1031000,0.0,0.0
2018-10-18 00:00:00-04:00,7.679999828338623,7.800000190734863,7.650000095367432,7.75,5.94796895980835,873200,0.0,0.0
2018-10-19 00:00:00-04:00,7.769999980926514,7.960000038146973,7.730000019073486,7.769999980926514,5.963318824768066,1430900,0.0,0.0
2018-10-22 00:00:00-04:00,7.789999961853027,7.809999942779541,7.295000076293945,7.380000114440918,5.66400146484375,1821800,0.0,0.0
2018-10-23 00:00:00-04:00,7.300000190734863,7.547999858856201,7.199999809265137,7.5,5.756100177764893,1264100,0.0,0.0
2018-10-24 00:00:00-04:00,7.460000038146973,7.510000228881836,7.190000057220459,7.369999885559082,5.6563262939453125,2820300,0.0,0.0
2018-10-25 00:00:00-04:00,7.389999866485596,7.53000020980835,7.289999961853027,7.489999771118164,5.748423099517822,1478700,0.0,0.0
2018-10-26 00:00:00-04:00,7.409999847412109,7.519999980926514,7.170000076293945,7.420000076293945,5.694701194763184,2304000,0.0,0.0
2018-10-29 00:00:00-04:00,7.5,7.550000190734863,7.230000019073486,7.300000190734863,5.602602958679199,1730800,0.0,0.0
2018-10-30 00:00:00-04:00,7.260000228881836,7.360000133514404,7.224999904632568,7.300000190734863,5.602602958679199,1201400,0.0,0.0
2018-10-31 00:00:00-04:00,7.389999866485596,7.820000171661377,7.361000061035156,7.739999771118164,5.940293788909912,2404100,0.0,0.0
2018-11-01 00:00:00-04:00,7.75,7.760000228881836,7.570000171661377,7.71999979019165,5.92494535446167,1445400,0.0,0.0
2018-11-02 00:00:00-04:00,7.800000190734863,7.940000057220459,7.630000114440918,7.769999980926514,5.963318824768066,932600,0.0,0.0
2018-11-05 00:00:00-05:00,7.789999961853027,7.840000152587891,7.550000190734863,7.699999809265137,5.909593105316162,1091800,0.0,0.0
2018-11-06 00:00:00-05:00,7.610000133514404,7.630000114440918,7.260000228881836,7.320000171661377,5.617953300476074,2454200,0.0,0.0
2018-11-07 00:00:00-05:00,7.400000095367432,7.53000020980835,7.329999923706055,7.420000076293945,5.694701194763184,2939000,0.0,0.0
2018-11-08 00:00:00-05:00,7.300000190734863,8.34000015258789,7.059999942779541,8.100000381469727,6.216588020324707,4823100,0.0,0.0
2018-11-09 00:00:00-05:00,8.09000015258789,8.390000343322754,7.820000171661377,7.849999904632568,6.024717330932617,2385000,0.0,0.0
2018-11-12 00:00:00-05:00,7.820000171661377,8.039999961853027,7.449999809265137,7.449999809265137,5.71772575378418,1580000,0.0,0.0
2018-11-13 00:00:00-05:00,7.449999809265137,8.109999656677246,7.449999809265137,7.849999904632568,6.024717330932617,2129900,0.0,0.0
2018-11-14 00:00:00-05:00,7.960000038146973,8.0,7.670000076293945,7.739999771118164,5.940293788909912,980300,0.0,0.0
2018-11-15 00:00:00-05:00,7.619999885559082,7.949999809265137,7.519999980926514,7.909999847412109,6.070766925811768,1061300,0.0,0.0
2018-11-16 00:00:00-05:00,7.889999866485596,8.140000343322754,7.809999942779541,8.0600004196167,6.185888290405273,1495800,0.0,0.0
2018-11-19 00:00:00-05:00,8.069999694824219,8.079999923706055,7.635000228881836,7.679999828338623,5.8942461013793945,1469600,0.0,0.0
2018-11-20 00:00:00-05:00,7.579999923706055,7.679999828338623,7.320000171661377,7.420000076293945,5.694701194763184,1521100,0.0,0.0
2018-11-21 00:00:00-05:00,7.460000038146973,7.730000019073486,7.460000038146973,7.610000133514404,5.840522766113281,948300,0.0,0.0
2018-11-23 00:00:00-05:00,7.550000190734863,7.769999980926514,7.521999835968018,7.659999847412109,5.878896236419678,430100,0.0,0.0
2018-11-26 00:00:00-05:00,7.71999979019165,7.909999847412109,7.599999904632568,7.599999904632568,5.832846641540527,1156300,0.0,0.0
2018-11-27 00:00:00-05:00,7.550000190734863,7.65500020980835,7.429999828338623,7.480000019073486,5.740749835968018,1157600,0.0,0.0
2018-11-28 00:00:00-05:00,7.5,7.889999866485596,7.440000057220459,7.860000133514404,6.03239107131958,1678300,0.0,0.0
2018-11-29 00:00:00-05:00,7.869999885559082,8.050000190734863,7.840000152587891,7.849999904632568,6.024717330932617,952800,0.0,0.0
2018-11-30 00:00:00-05:00,7.849999904632568,7.989999771118164,7.730000019073486,7.809999942779541,5.9940185546875,1194900,0.0,0.0
2018-12-03 00:00:00-05:00,7.949999809265137,7.949999809265137,7.590000152587891,7.739999771118164,5.940293788909912,2147800,0.0,0.0
2018-12-04 00:00:00-05:00,7.730000019073486,7.800000190734863,7.360000133514404,7.420000076293945,5.694701194763184,1538300,0.0,0.0
2018-12-06 00:00:00-05:00,7.329999923706055,7.690000057220459,7.28000020980835,7.670000076293945,5.886570930480957,1640500,0.0,0.0
2018-12-07 00:00:00-05:00,7.670000076293945,7.820000171661377,7.380000114440918,7.449999809265137,5.71772575378418,1746700,0.0,0.0
2018-12-10 00:00:00-05:00,7.400000095367432,7.489999771118164,7.239999771118164,7.260000228881836,5.571904182434082,1744500,0.0,0.0
2018-12-11 00:00:00-05:00,7.320000171661377,7.630000114440918,7.21999979019165,7.260000228881836,5.571904182434082,2251500,0.0,0.0
2018-12-12 00:00:00-05:00,7.389999866485596,7.769999980926514,7.364999771118164,7.400000095367432,5.679352760314941,2384600,0.0,0.0
2018-12-13 00:00:00-05:00,7.460000038146973,7.545000076293945,7.159999847412109,7.190000057220459,5.544404983520508,1745300,0.035,0.0
2018-12-14 00:00:00-05:00,7.099999904632568,7.189000129699707,6.800000190734863,6.820000171661377,5.259088516235352,2858900,0.0,0.0
2018-12-17 00:00:00-05:00,6.820000171661377,6.889999866485596,6.599999904632568,6.710000038146973,5.174262046813965,2998000,0.0,0.0
2018-12-18 00:00:00-05:00,6.739999771118164,6.820000171661377,6.425000190734863,6.570000171661377,5.066306114196777,2353700,0.0,0.0
2018-12-19 00:00:00-05:00,6.599999904632568,6.869999885559082,6.480000019073486,6.519999980926514,5.027747631072998,2493900,0.0,0.0
2018-12-20 00:00:00-05:00,6.480000019073486,6.544000148773193,6.260000228881836,6.389999866485596,4.927502632141113,2486100,0.0,0.0
2018-12-21 00:00:00-05:00,6.409999847412109,6.409999847412109,5.909999847412109,6.210000038146973,4.788698196411133,8084500,0.0,0.0
2018-12-24 00:00:00-05:00,6.119999885559082,6.28000020980835,5.989999771118164,6.010000228881836,4.634472846984863,1034200,0.0,0.0
2018-12-26 00:00:00-05:00,6.059999942779541,6.300000190734863,5.920000076293945,6.289999961853027,4.85038948059082,2718200,0.0,0.0
2018-12-27 00:00:00-05:00,6.210000038146973,6.269999980926514,6.03000020980835,6.159999847412109,4.750143051147461,2172000,0.0,0.0
2018-12-28 00:00:00-05:00,6.190000057220459,6.25,5.960000038146973,6.110000133514404,4.711586952209473,3024000,0.0,0.0
2018-12-31 00:00:00-05:00,6.150000095367432,6.21999979019165,6.010000228881836,6.010000228881836,4.634472846984863,2658000,0.0,0.0
2019-01-02 00:00:00-05:00,5.940000057220459,6.449999809265137,5.879000186920166,6.409999847412109,4.9429240226745605,2066600,0.0,0.0
2019-01-03 00:00:00-05:00,6.400000095367432,6.449999809265137,6.25,6.320000171661377,4.873523712158203,2306500,0.0,0.0
2019-01-04 00:00:00-05:00,6.389999866485596,6.760000228881836,6.329999923706055,6.670000076293945,5.1434173583984375,4152300,0.0,0.0
2019-01-07 00:00:00-05:00,6.679999828338623,6.909999847412109,6.610000133514404,6.789999961853027,5.235953330993652,2198500,0.0,0.0
2019-01-08 00:00:00-05:00,6.900000095367432,6.96999979019165,6.679999828338623,6.949999809265137,5.359333515167236,1751000,0.0,0.0
2019-01-09 00:00:00-05:00,6.949999809265137,7.03000020980835,6.789999961853027,6.989999771118164,5.39017915725708,1072800,0.0,0.0
2019-01-10 00:00:00-05:00,6.929999828338623,7.130000114440918,6.909999847412109,6.920000076293945,5.33620023727417,1222200,0.0,0.0
2019-01-11 00:00:00-05:00,6.880000114440918,7.099999904632568,6.840000152587891,7.099999904632568,5.475002288818359,1158300,0.0,0.0
2019-01-14 00:00:00-05:00,7.079999923706055,7.150000095367432,6.869999885559082,6.96999979019165,5.374756813049316,2204600,0.0,0.0
2019-01-15 00:00:00-05:00,6.96999979019165,7.159999847412109,6.860000133514404,6.900000095367432,5.3207783699035645,2309900,0.0,0.0
2019-01-16 00:00:00-05:00,6.940000057220459,7.230000019073486,6.940000057220459,7.139999866485596,5.505848407745361,2675100,0.0,0.0
2019-01-17 00:00:00-05:00,7.090000152587891,7.329999923706055,7.079999923706055,7.260000228881836,5.59838342666626,2363200,0.0,0.0
2019-01-18 00:00:00-05:00,7.300000190734863,7.360000133514404,7.130000114440918,7.329999923706055,5.652361869812012,1447400,0.0,0.0
2019-01-22 00:00:00-05:00,7.300000190734863,7.329999923706055,7.099999904632568,7.139999866485596,5.505848407745361,1103700,0.0,0.0
2019-01-23 00:00:00-05:00,7.199999809265137,7.360000133514404,6.949999809265137,7.0,5.397890090942383,1203400,0.0,0.0
2019-01-24 00:00:00-05:00,7.0,7.199999809265137,6.900000095367432,7.059999942779541,5.444157600402832,1354500,0.0,0.0
2019-01-25 00:00:00-05:00,7.130000114440918,7.409999847412109,7.130000114440918,7.190000057220459,5.544404983520508,2096300,0.0,0.0
2019-01-28 00:00:00-05:00,7.170000076293945,7.171999931335449,6.96999979019165,7.03000020980835,5.421023368835449,1816300,0.0,0.0
2019-01-29 00:00:00-05:00,7.079999923706055,7.190000057220459,7.014999866485596,7.119999885559082,5.490424156188965,951000,0.0,0.0
2019-01-30 00:00:00-05:00,7.199999809265137,7.21999979019165,7.039999961853027,7.130000114440918,5.498136043548584,1202700,0.0,0.0
2019-01-31 00:00:00-05:00,7.150000095367432,7.320000171661377,7.119999885559082,7.21999979019165,5.567537307739258,945700,0.0,0.0
2019-02-01 00:00:00-05:00,7.329999923706055,7.380000114440918,7.159999847412109,7.309999942779541,5.636939525604248,1456900,0.0,0.0
2019-02-04 00:00:00-05:00,7.320000171661377,7.610000133514404,7.283999919891357,7.579999923706055,5.845143795013428,2580700,0.0,0.0
2019-02-05 00:00:00-05:00,7.630000114440918,7.789999961853027,7.489999771118164,7.570000171661377,5.837431907653809,1878400,0.0,0.0
2019-02-06 00:00:00-05:00,7.559999942779541,7.679999828338623,7.519999980926514,7.639999866485596,5.8914103507995605,1531700,0.0,0.0
2019-02-07 00:00:00-05:00,7.599999904632568,7.71999979019165,7.514999866485596,7.590000152587891,5.852855682373047,1344000,0.0,0.0
2019-02-08 00:00:00-05:00,7.559999942779541,7.670000076293945,7.485000133514404,7.650000095367432,5.89912223815918,1007100,0.0,0.0
2019-02-11 00:00:00-05:00,7.670000076293945,7.880000114440918,7.635000228881836,7.829999923706055,6.0379252433776855,2024500,0.0,0.0
2019-02-12 00:00:00-05:00,7.889999866485596,8.045000076293945,7.849999904632568,8.010000228881836,6.176729202270508,1830800,0.0,0.0
2019-02-13 00:00:00-05:00,8.020000457763672,8.09000015258789,7.929999828338623,7.940000057220459,6.122749328613281,876900,0.0,0.0
2019-02-14 00:00:00-05:00,7.960000038146973,8.039999961853027,7.739999771118164,7.949999809265137,6.130459785461426,932000,0.0,0.0
2019-02-15 00:00:00-05:00,8.0,8.130000114440918,7.829999923706055,8.050000190734863,6.2075724601745605,1019700,0.0,0.0
2019-02-19 00:00:00-05:00,8.0600004196167,8.09000015258789,7.960000038146973,8.039999961853027,6.199862003326416,1358700,0.0,0.0
2019-02-20 00:00:00-05:00,8.020000457763672,8.220000267028809,7.989999771118164,8.149999618530273,6.28468656539917,1220300,0.0,0.0
2019-02-21 00:00:00-05:00,8.119999885559082,8.1899995803833,8.010000228881836,8.050000190734863,6.2075724601745605,1185600,0.0,0.0
2019-02-22 00:00:00-05:00,8.069999694824219,8.220000267028809,8.069999694824219,8.149999618530273,6.28468656539917,755200,0.0,0.0
2019-02-25 00:00:00-05:00,8.300000190734863,8.305000305175781,8.09000015258789,8.1899995803833,6.315530776977539,1214300,0.0,0.0
2019-02-26 00:00:00-05:00,8.170000076293945,8.274999618530273,8.020000457763672,8.050000190734863,6.2075724601745605,1225700,0.0,0.0
2019-02-27 00:00:00-05:00,8.050000190734863,8.149999618530273,7.96999979019165,8.100000381469727,6.246130466461182,1016600,0.0,0.0
2019-02-28 00:00:00-05:00,8.100000381469727,8.140000343322754,8.0,8.0,6.169016361236572,707000,0.0,0.0
2019-03-01 00:00:00-05:00,8.069999694824219,8.220000267028809,7.945000171661377,7.960000038146973,6.138171672821045,1560100,0.0,0.0
2019-03-04 00:00:00-05:00,7.96999979019165,8.180000305175781,7.960000038146973,7.989999771118164,6.161305904388428,1157700,0.0,0.0
2019-03-05 00:00:00-05:00,8.100000381469727,8.149999618530273,7.980000019073486,7.980000019073486,6.15359354019165,2150100,0.0,0.0
2019-03-06 00:00:00-05:00,8.0,8.031000137329102,7.679999828338623,7.71999979019165,5.9531025886535645,1451700,0.0,0.0
2019-03-07 00:00:00-05:00,7.699999809265137,7.714000225067139,7.489999771118164,7.579999923706055,5.845143795013428,2343100,0.0,0.0
2019-03-08 00:00:00-05:00,7.460000038146973,7.550000190734863,7.304999828338623,7.380000114440918,5.690918922424316,2941800,0.0,0.0
2019-03-11 00:00:00-04:00,7.420000076293945,7.690000057220459,7.420000076293945,7.590000152587891,5.852855682373047,4226600,0.0,0.0
2019-03-12 00:00:00-04:00,6.820000171661377,6.829999923706055,6.550000190734863,6.570000171661377,5.066306114196777,16575300,0.0,0.0
2019-03-13 00:00:00-04:00,6.579999923706055,6.579999923706055,6.252999782562256,6.380000114440918,4.919790744781494,7638600,0.0,0.0
2019-03-14 00:00:00-04:00,6.420000076293945,6.420000076293945,6.090000152587891,6.179999828338623,4.765565872192383,5857600,0.0,0.0
2019-03-15 00:00:00-04:00,6.179999828338623,6.559999942779541,6.164000034332275,6.46999979019165,4.989192008972168,6260900,0.0,0.0
2019-03-18 00:00:00-04:00,6.440000057220459,6.769999980926514,6.440000057220459,6.75,5.205108642578125,6094700,0.0,0.0
2019-03-19 00:00:00-04:00,6.75,6.949999809265137,6.679999828338623,6.71999979019165,5.181972980499268,5086100,0.0,0.0
2019-03-20 00:00:00-04:00,6.679999828338623,6.78000020980835,6.489999771118164,6.630000114440918,5.11257266998291,3519000,0.0,0.0
2019-03-21 00:00:00-04:00,6.599999904632568,6.679999828338623,6.539999961853027,6.570000171661377,5.066306114196777,2657000,0.0,0.0
2019-03-22 00:00:00-04:00,6.5,6.514999866485596,6.119999885559082,6.210000038146973,4.788698196411133,3742600,0.0,0.0
2019-03-25 00:00:00-04:00,6.210000038146973,6.260000228881836,6.085000038146973,6.159999847412109,4.750143051147461,2049300,0.0,0.0
2019-03-26 00:00:00-04:00,6.21999979019165,6.360000133514404,6.199999809265137,6.25,4.819544315338135,2049600,0.0,0.0
2019-03-27 00:00:00-04:00,6.260000228881836,6.34499979019165,6.210000038146973,6.239999771118164,4.811832904815674,1593700,0.0,0.0
2019-03-28 00:00:00-04:00,6.260000228881836,6.315000057220459,6.210000038146973,6.25,4.819544315338135,1785800,0.0,0.0
2019-03-29 00:00:00-04:00,6.329999923706055,6.510000228881836,6.300000190734863,6.389999866485596,4.927502632141113,2686300,0.0,0.0
2019-04-01 00:00:00-04:00,6.429999828338623,6.539999961853027,6.409999847412109,6.519999980926514,5.05543851852417,1846100,0.035,0.0
2019-04-02 00:00:00-04:00,6.5,6.619999885559082,6.480000019073486,6.599999904632568,5.1174702644348145,1444600,0.0,0.0
2019-04-03 00:00:00-04:00,6.639999866485596,6.829999923706055,6.599999904632568,6.670000076293945,5.171745300292969,2409400,0.0,0.0
2019-04-04 00:00:00-04:00,6.679999828338623,6.769999980926514,6.679999828338623,6.730000019073486,5.218266487121582,1033900,0.0,0.0
2019-04-05 00:00:00-04:00,6.75,6.800000190734863,6.630000114440918,6.679999828338623,5.179498195648193,1724600,0.0,0.0
2019-04-08 00:00:00-04:00,6.639999866485596,6.670000076293945,6.46999979019165,6.610000133514404,5.125222682952881,2470200,0.0,0.0
2019-04-09 00:00:00-04:00,6.559999942779541,6.650000095367432,6.360000133514404,6.489999771118164,5.032176971435547,7404600,0.0,0.0
2019-04-10 00:00:00-04:00,6.559999942779541,6.699999809265137,6.460000038146973,6.670000076293945,5.171745300292969,3404400,0.0,0.0
2019-04-11 00:00:00-04:00,6.71999979019165,6.739999771118164,6.619999885559082,6.659999847412109,5.163990020751953,985900,0.0,0.0
2019-04-12 00:00:00-04:00,6.659999847412109,6.809999942779541,6.599999904632568,6.619999885559082,5.132976055145264,2413900,0.0,0.0
2019-04-15 00:00:00-04:00,6.599999904632568,6.650000095367432,6.545000076293945,6.599999904632568,5.1174702644348145,1156700,0.0,0.0
2019-04-16 00:00:00-04:00,6.670000076293945,6.755000114440918,6.659999847412109,6.699999809265137,5.195005893707275,1936800,0.0,0.0
2019-04-17 00:00:00-04:00,6.75,6.78000020980835,6.619999885559082,6.670000076293945,5.171745300292969,1741800,0.0,0.0
2019-04-18 00:00:00-04:00,6.670000076293945,6.730000019073486,6.579999923706055,6.650000095367432,5.156237602233887,1239200,0.0,0.0
2019-04-22 00:00:00-04:00,6.659999847412109,6.684999942779541,6.590000152587891,6.659999847412109,5.163990020751953,954600,0.0,0.0
2019-04-23 00:00:00-04:00,6.659999847412109,6.71999979019165,6.639999866485596,6.659999847412109,5.163990020751953,1386900,0.0,0.0
2019-04-24 00:00:00-04:00,6.650000095367432,6.659999847412109,6.489999771118164,6.539999961853027,5.070947647094727,1880300,0.0,0.0
2019-04-25 00:00:00-04:00,6.5,6.53000020980835,6.289999961853027,6.289999961853027,4.877103328704834,1920100,0.0,0.0
2019-04-26 00:00:00-04:00,6.309999942779541,6.480000019073486,6.264999866485596,6.440000057220459,4.993409156799316,2697200,0.0,0.0
2019-04-29 00:00:00-04:00,6.46999979019165,6.690000057220459,6.460000038146973,6.679999828338623,5.179498195648193,2137500,0.0,0.0
2019-04-30 00:00:00-04:00,6.650000095367432,6.670000076293945,6.539999961853027,6.590000152587891,5.109715938568115,1591400,0.0,0.0
2019-05-01 00:00:00-04:00,6.610000133514404,6.710000038146973,6.554999828338623,6.630000114440918,5.140730857849121,1188800,0.0,0.0
2019-05-02 00:00:00-04:00,6.639999866485596,6.739999771118164,6.619999885559082,6.739999771118164,5.226021766662598,2189400,0.0,0.0
2019-05-03 00:00:00-04:00,6.730000019073486,6.900000095367432,6.659999847412109,6.869999885559082,5.3268208503723145,1868400,0.0,0.0
2019-05-06 00:00:00-04:00,6.75,7.010000228881836,6.690000057220459,6.989999771118164,5.419865608215332,1515600,0.0,0.0
2019-05-07 00:00:00-04:00,6.880000114440918,7.019999980926514,6.880000114440918,6.949999809265137,5.388851165771484,2598900,0.0,0.0
2019-05-08 00:00:00-04:00,6.800000190734863,6.800000190734863,6.179999828338623,6.179999828338623,4.791811943054199,7188900,0.0,0.0
2019-05-09 00:00:00-04:00,6.110000133514404,6.389999866485596,5.889999866485596,6.349999904632568,4.92362642288208,3721800,0.0,0.0
2019-05-10 00:00:00-04:00,6.349999904632568,6.449999809265137,6.289999961853027,6.369999885559082,4.9391326904296875,2798200,0.0,0.0
2019-05-13 00:00:00-04:00,6.099999904632568,6.110000133514404,5.889999866485596,5.980000019073486,4.636736869812012,3391100,0.0,0.0
2019-05-14 00:00:00-04:00,5.989999771118164,6.21999979019165,5.960000038146973,6.099999904632568,4.7297821044921875,2271000,0.0,0.0
2019-05-15 00:00:00-04:00,6.079999923706055,6.215000152587891,5.980000019073486,6.130000114440918,4.753042697906494,2232900,0.0,0.0
2019-05-16 00:00:00-04:00,6.139999866485596,6.409999847412109,6.139999866485596,6.269999980926514,4.86159610748291,2493300,0.0,0.0
2019-05-17 00:00:00-04:00,6.190000057220459,6.260000228881836,6.03000020980835,6.070000171661377,4.706521511077881,3461000,0.0,0.0
2019-05-20 00:00:00-04:00,6.010000228881836,6.164999961853027,5.949999809265137,6.070000171661377,4.706521511077881,2328300,0.0,0.0
2019-05-21 00:00:00-04:00,6.139999866485596,6.394999980926514,6.09499979019165,6.329999923706055,4.90811824798584,2761200,0.0,0.0
2019-05-22 00:00:00-04:00,6.260000228881836,6.5,6.21999979019165,6.329999923706055,4.90811824798584,2743300,0.0,0.0
2019-05-23 00:00:00-04:00,6.260000228881836,6.355000019073486,6.170000076293945,6.21999979019165,4.822825908660889,2521600,0.0,0.0
2019-05-24 00:00:00-04:00,6.25,6.28000020980835,6.139999866485596,6.190000057220459,4.799564361572266,1850700,0.0,0.0
2019-05-28 00:00:00-04:00,6.179999828338623,6.380000114440918,6.150000095367432,6.199999809265137,4.807319164276123,4943100,0.0,0.0
2019-05-29 00:00:00-04:00,6.119999885559082,6.210000038146973,6.050000190734863,6.110000133514404,4.7375359535217285,2670900,0.0,0.0
2019-05-30 00:00:00-04:00,6.130000114440918,6.320000171661377,6.090000152587891,6.119999885559082,4.745288372039795,2258200,0.0,0.0
2019-05-31 00:00:00-04:00,6.039999961853027,6.070000171661377,5.849999904632568,5.849999904632568,4.535938262939453,3657200,0.0,0.0
2019-06-03 00:00:00-04:00,5.860000133514404,6.070000171661377,5.829999923706055,6.070000171661377,4.706521511077881,5567100,0.0,0.0
2019-06-04 00:00:00-04:00,6.090000152587891,6.199999809265137,6.025000095367432,6.159999847412109,4.776303768157959,4757500,0.0,0.0
2019-06-05 00:00:00-04:00,6.179999828338623,6.21999979019165,5.965000152587891,6.110000133514404,4.7375359535217285,3407700,0.0,0.0
2019-06-06 00:00:00-04:00,6.090000152587891,6.139999866485596,5.96999979019165,6.070000171661377,4.706521511077881,1730300,0.0,0.0
2019-06-07 00:00:00-04:00,6.079999923706055,6.269999980926514,6.03000020980835,6.170000076293945,4.784058094024658,2962300,0.0,0.0
2019-06-10 00:00:00-04:00,6.170000076293945,6.324999809265137,6.130000114440918,6.130000114440918,4.780158519744873,4679600,0.035,0.0
2019-06-11 00:00:00-04:00,6.21999979019165,6.25,6.119999885559082,6.139999866485596,4.787956714630127,2682300,0.0,0.0
2019-06-12 00:00:00-04:00,6.170000076293945,6.329999923706055,6.059999942779541,6.25,4.873735427856445,3491100,0.0,0.0
2019-06-13 00:00:00-04:00,6.260000228881836,6.489999771118164,6.210000038146973,6.480000019073486,5.053088188171387,2808800,0.0,0.0
2019-06-14 00:00:00-04:00,6.460000038146973,6.53000020980835,6.380000114440918,6.460000038146973,5.037492275238037,2692700,0.0,0.0
2019-06-17 00:00:00-04:00,6.440000057220459,6.510000228881836,6.304999828338623,6.349999904632568,4.951715469360352,2370100,0.0,0.0
2019-06-18 00:00:00-04:00,6.380000114440918,6.525000095367432,6.235000133514404,6.260000228881836,4.881533622741699,2352800,0.0,0.0
2019-06-19 00:00:00-04:00,6.289999961853027,6.309999942779541,6.159999847412109,6.199999809265137,4.834744453430176,1945200,0.0,0.0
2019-06-20 00:00:00-04:00,6.309999942779541,6.389999866485596,6.199999809265137,6.260000228881836,4.881533622741699,2098600,0.0,0.0
2019-06-21 00:00:00-04:00,6.21999979019165,6.300000190734863,6.130000114440918,6.199999809265137,4.834744453430176,2764400,0.0,0.0
2019-06-24 00:00:00-04:00,6.170000076293945,6.199999809265137,6.099999904632568,6.110000133514404,4.764563083648682,1409300,0.0,0.0
2019-06-25 00:00:00-04:00,6.119999885559082,6.119999885559082,5.840000152587891,5.869999885559082,4.577412128448486,2035900,0.0,0.0
2019-06-26 00:00:00-04:00,5.889999866485596,6.03000020980835,5.889999866485596,5.989999771118164,4.670988082885742,1811100,0.0,0.0
2019-06-27 00:00:00-04:00,5.96999979019165,6.059999942779541,5.96999979019165,6.0,4.678785800933838,1282000,0.0,0.0
2019-06-28 00:00:00-04:00,6.0,6.119999885559082,5.980000019073486,6.119999885559082,4.772360324859619,2019000,0.0,0.0
2019-07-01 00:00:00-04:00,6.199999809265137,6.230000019073486,6.130000114440918,6.179999828338623,4.819149017333984,894700,0.0,0.0
2019-07-02 00:00:00-04:00,6.130000114440918,6.25,6.090000152587891,6.090000152587891,4.748966217041016,1527700,0.0,0.0
2019-07-03 00:00:00-04:00,6.099999904632568,6.260000228881836,6.099999904632568,6.260000228881836,4.881533622741699,789400,0.0,0.0
2019-07-05 00:00:00-04:00,6.190000057220459,6.269999980926514,6.130000114440918,6.21999979019165,4.850340366363525,925900,0.0,0.0
2019-07-08 00:00:00-04:00,6.28000020980835,6.409999847412109,6.25,6.300000190734863,4.912724494934082,1495200,0.0,0.0
2019-07-09 00:00:00-04:00,6.28000020980835,6.300000190734863,6.159999847412109,6.210000038146973,4.842541694641113,1661400,0.0,0.0
2019-07-10 00:00:00-04:00,6.230000019073486,6.269999980926514,6.130000114440918,6.210000038146973,4.842541694641113,988600,0.0,0.0
2019-07-11 00:00:00-04:00,6.230000019073486,6.230000019073486,6.130000114440918,6.179999828338623,4.819149017333984,843700,0.0,0.0
2019-07-12 00:00:00-04:00,6.190000057220459,6.420000076293945,6.150000095367432,6.360000133514404,4.9595136642456055,1560800,0.0,0.0
2019-07-15 00:00:00-04:00,6.349999904632568,6.401000022888184,6.119999885559082,6.139999866485596,4.787956714630127,2448600,0.0,0.0
2019-07-16 00:00:00-04:00,6.159999847412109,6.460000038146973,6.150000095367432,6.449999809265137,5.029694080352783,2271700,0.0,0.0
2019-07-17 00:00:00-04:00,6.440000057220459,6.449999809265137,6.190000057220459,6.210000038146973,4.842541694641113,1474800,0.0,0.0
2019-07-18 00:00:00-04:00,6.190000057220459,6.199999809265137,6.079999923706055,6.139999866485596,4.787956714630127,1263100,0.0,0.0
2019-07-19 00:00:00-04:00,6.159999847412109,6.340000152587891,6.159999847412109,6.230000019073486,4.858138561248779,1111800,0.0,0.0
2019-07-22 00:00:00-04:00,6.239999771118164,6.315000057220459,6.019999980926514,6.03000020980835,4.702179431915283,1638800,0.0,0.0
2019-07-23 00:00:00-04:00,6.03000020980835,6.114999771118164,5.835000038146973,6.010000228881836,4.686583042144775,3629500,0.0,0.0
2019-07-24 00:00:00-04:00,5.96999979019165,6.150000095367432,5.96999979019165,6.150000095367432,4.795754432678223,1597900,0.0,0.0
2019-07-25 00:00:00-04:00,6.119999885559082,6.289999961853027,6.09499979019165,6.25,4.873735427856445,1317700,0.0,0.0
2019-07-26 00:00:00-04:00,6.260000228881836,6.355000019073486,6.230000019073486,6.300000190734863,4.912724494934082,1067900,0.0,0.0
2019-07-29 00:00:00-04:00,6.320000171661377,6.389999866485596,6.304999828338623,6.360000133514404,4.9595136642456055,880400,0.0,0.0
2019-07-30 00:00:00-04:00,6.28000020980835,6.409999847412109,6.230000019073486,6.409999847412109,4.998502731323242,892400,0.0,0.0
2019-07-31 00:00:00-04:00,6.409999847412109,6.480000019073486,6.340000152587891,6.349999904632568,4.951715469360352,1222100,0.0,0.0
2019-08-01 00:00:00-04:00,6.320000171661377,6.429999828338623,6.079999923706055,6.079999923706055,4.741168975830078,1168600,0.0,0.0
2019-08-02 00:00:00-04:00,6.03000020980835,6.070000171661377,5.929999828338623,5.980000019073486,4.66318941116333,1571300,0.0,0.0
2019-08-05 00:00:00-04:00,5.960000038146973,6.0,5.510000228881836,5.610000133514404,4.374664783477783,3085200,0.0,0.0
2019-08-06 00:00:00-04:00,5.639999866485596,5.704999923706055,5.400000095367432,5.550000190734863,4.327877044677734,2546200,0.0,0.0
2019-08-07 00:00:00-04:00,5.019999980926514,5.289999961853027,4.710000038146973,5.210000038146973,4.062744617462158,7804300,0.0,0.0
2019-08-08 00:00:00-04:00,5.210000038146973,5.329999923706055,5.159999847412109,5.239999771118164,4.086137771606445,2407000,0.0,0.0
2019-08-09 00:00:00-04:00,5.170000076293945,5.190000057220459,4.789999961853027,4.940000057220459,3.8521995544433594,2730700,0.0,0.0
2019-08-12 00:00:00-04:00,4.960000038146973,4.960000038146973,4.610000133514404,4.650000095367432,3.626058578491211,1716200,0.0,0.0
2019-08-13 00:00:00-04:00,4.639999866485596,4.820000171661377,4.489999771118164,4.53000020980835,3.5324833393096924,3019000,0.0,0.0
2019-08-14 00:00:00-04:00,4.440000057220459,4.460000038146973,4.25,4.349999904632568,3.3921194076538086,3753400,0.0,0.0
2019-08-15 00:00:00-04:00,4.409999847412109,4.460000038146973,4.28000020980835,4.380000114440918,3.415513038635254,1434600,0.0,0.0
2019-08-16 00:00:00-04:00,4.400000095367432,4.550000190734863,4.3480000495910645,4.53000020980835,3.5324833393096924,1636900,0.0,0.0
2019-08-19 00:00:00-04:00,4.650000095367432,4.789999961853027,4.559999942779541,4.789999961853027,3.735229969024658,2704100,0.0,0.0
2019-08-20 00:00:00-04:00,4.75,4.800000190734863,4.650000095367432,4.679999828338623,3.649453639984131,2013500,0.0,0.0
2019-08-21 00:00:00-04:00,4.71999979019165,4.760000228881836,4.635000228881836,4.679999828338623,3.649453639984131,2046900,0.0,0.0
2019-08-22 00:00:00-04:00,4.650000095367432,4.840000152587891,4.650000095367432,4.769999980926514,3.719635486602783,2692600,0.0,0.0
2019-08-23 00:00:00-04:00,4.71999979019165,4.789999961853027,4.570000171661377,4.599999904632568,3.587069034576416,1044200,0.0,0.0
2019-08-26 00:00:00-04:00,4.650000095367432,4.670000076293945,4.610000133514404,4.650000095367432,3.626058578491211,775000,0.0,0.0
2019-08-27 00:00:00-04:00,4.690000057220459,4.710000038146973,4.559999942779541,4.570000171661377,3.5636744499206543,1356300,0.0,0.0
2019-08-28 00:00:00-04:00,4.570000171661377,4.739999771118164,4.550000190734863,4.71999979019165,3.6806442737579346,1004300,0.0,0.0
2019-08-29 00:00:00-04:00,4.75,4.920000076293945,4.690000057220459,4.699999809265137,3.6650490760803223,1028700,0.0,0.0
2019-08-30 00:00:00-04:00,4.739999771118164,4.889999866485596,4.71999979019165,4.760000228881836,3.711836576461792,963800,0.0,0.0
2019-09-03 00:00:00-04:00,4.699999809265137,4.78000020980835,4.570000171661377,4.769999980926514,3.719635486602783,1276400,0.0,0.0
2019-09-04 00:00:00-04:00,4.789999961853027,4.945000171661377,4.764999866485596,4.940000057220459,3.8521995544433594,1257000,0.0,0.0
2019-09-05 00:00:00-04:00,5.090000152587891,5.309999942779541,5.070000171661377,5.309999942779541,4.140725612640381,1962200,0.0,0.0
2019-09-06 00:00:00-04:00,5.329999923706055,5.380000114440918,5.28000020980835,5.340000152587891,4.164118766784668,1352400,0.0,0.0
2019-09-09 00:00:00-04:00,5.429999828338623,5.710000038146973,5.349999904632568,5.690000057220459,4.437047481536865,2644700,0.0,0.0
2019-09-10 00:00:00-04:00,5.659999847412109,6.050000190734863,5.585000038146973,6.050000190734863,4.746975421905518,2562500,0.035,0.0
2019-09-11 00:00:00-04:00,6.050000190734863,6.110000133514404,5.840000152587891,5.960000038146973,4.676358699798584,2656400,0.0,0.0
2019-09-12 00:00:00-04:00,5.889999866485596,6.0,5.699999809265137,5.96999979019165,4.684205055236816,1638500,0.0,0.0
2019-09-13 00:00:00-04:00,6.0,6.010000228881836,5.840000152587891,5.940000057220459,4.660665512084961,1536300,0.0,0.0
2019-09-16 00:00:00-04:00,5.909999847412109,6.269999980926514,5.880000114440918,6.050000190734863,4.746975421905518,4150300,0.0,0.0
2019-09-17 00:00:00-04:00,6.010000228881836,6.050000190734863,5.889999866485596,6.019999980926514,4.723435878753662,1149600,0.0,0.0
2019-09-18 00:00:00-04:00,6.010000228881836,6.139999866485596,5.929999828338623,6.139999866485596,4.817590713500977,858600,0.0,0.0
2019-09-19 00:00:00-04:00,6.130000114440918,6.21999979019165,6.070000171661377,6.139999866485596,4.817590713500977,2148000,0.0,0.0
2019-09-20 00:00:00-04:00,6.159999847412109,6.260000228881836,6.059999942779541,6.099999904632568,4.7862067222595215,3462500,0.0,0.0
2019-09-23 00:00:00-04:00,6.070000171661377,6.309999942779541,6.050000190734863,6.230000019073486,4.888206481933594,1443400,0.0,0.0
2019-09-24 00:00:00-04:00,6.21999979019165,6.320000171661377,6.139999866485596,6.210000038146973,4.872514247894287,1195900,0.0,0.0
2019-09-25 00:00:00-04:00,6.170000076293945,6.65500020980835,6.170000076293945,6.559999942779541,5.147132873535156,2678000,0.0,0.0
2019-09-26 00:00:00-04:00,6.53000020980835,6.53000020980835,6.059999942779541,6.090000152587891,4.778359889984131,2073400,0.0,0.0
2019-09-27 00:00:00-04:00,6.099999904632568,6.349999904632568,6.09499979019165,6.159999847412109,4.833282470703125,1052400,0.0,0.0
2019-09-30 00:00:00-04:00,6.190000057220459,6.300000190734863,6.110000133514404,6.269999980926514,4.91959285736084,1644600,0.0,0.0
2019-10-01 00:00:00-04:00,6.510000228881836,6.547999858856201,6.315000057220459,6.409999847412109,5.029438495635986,2369100,0.0,0.0
2019-10-02 00:00:00-04:00,6.340000152587891,6.630000114440918,6.320000171661377,6.389999866485596,5.013747692108154,2234700,0.0,0.0
2019-10-03 00:00:00-04:00,6.340000152587891,6.360000133514404,5.929999828338623,6.230000019073486,4.888206481933594,3561200,0.0,0.0
2019-10-04 00:00:00-04:00,6.269999980926514,6.380000114440918,6.21999979019165,6.25,4.903899192810059,1086000,0.0,0.0
2019-10-07 00:00:00-04:00,6.210000038146973,6.34499979019165,6.15500020980835,6.329999923706055,4.96666955947876,1078600,0.0,0.0
2019-10-08 00:00:00-04:00,6.289999961853027,6.489999771118164,6.190000057220459,6.190000057220459,4.856822490692139,1509900,0.0,0.0
2019-10-09 00:00:00-04:00,6.230000019073486,6.304999828338623,6.190000057220459,6.260000228881836,4.911746501922607,455300,0.0,0.0
2019-10-10 00:00:00-04:00,6.260000228881836,6.409999847412109,6.230000019073486,6.409999847412109,5.029438495635986,834200,0.0,0.0
2019-10-11 00:00:00-04:00,6.5,6.659999847412109,6.488999843597412,6.579999923706055,5.162825584411621,988800,0.0,0.0
2019-10-14 00:00:00-04:00,6.559999942779541,6.650000095367432,6.474999904632568,6.590000152587891,5.170670986175537,515800,0.0,0.0
2019-10-15 00:00:00-04:00,6.610000133514404,6.869999885559082,6.59499979019165,6.739999771118164,5.288365840911865,1008500,0.0,0.0
2019-10-16 00:00:00-04:00,6.760000228881836,7.099999904632568,6.739999771118164,7.099999904632568,5.57082986831665,1735900,0.0,0.0
2019-10-17 00:00:00-04:00,7.090000152587891,7.190000057220459,6.989999771118164,7.010000228881836,5.500213146209717,1233400,0.0,0.0
2019-10-18 00:00:00-04:00,7.050000190734863,7.380000114440918,7.050000190734863,7.380000114440918,5.790525436401367,1032000,0.0,0.0
2019-10-21 00:00:00-04:00,7.380000114440918,7.510000228881836,7.190000057220459,7.21999979019165,5.664984226226807,1286600,0.0,0.0
2019-10-22 00:00:00-04:00,7.150000095367432,7.639999866485596,7.099999904632568,7.630000114440918,5.986680030822754,2379600,0.0,0.0
2019-10-23 00:00:00-04:00,7.650000095367432,7.760000228881836,7.454999923706055,7.650000095367432,6.002372741699219,2646900,0.0,0.0
2019-10-24 00:00:00-04:00,7.699999809265137,7.75,7.429999828338623,7.590000152587891,5.955295562744141,2266300,0.0,0.0
2019-10-25 00:00:00-04:00,7.619999885559082,7.730000019073486,7.525000095367432,7.699999809265137,6.041604518890381,1516900,0.0,0.0
2019-10-28 00:00:00-04:00,7.659999847412109,7.980000019073486,7.659999847412109,7.769999980926514,6.096527099609375,2190300,0.0,0.0
2019-10-29 00:00:00-04:00,7.75,7.929999828338623,7.699999809265137,7.929999828338623,6.2220683097839355,1128800,0.0,0.0
2019-10-30 00:00:00-04:00,7.960000038146973,7.980000019073486,7.75,7.960000038146973,6.24560546875,1019700,0.0,0.0
2019-10-31 00:00:00-04:00,7.869999885559082,7.921000003814697,7.670000076293945,7.739999771118164,6.072988986968994,1261400,0.0,0.0
2019-11-01 00:00:00-04:00,7.800000190734863,7.980000019073486,7.758999824523926,7.920000076293945,6.214221477508545,1233700,0.0,0.0
2019-11-04 00:00:00-05:00,7.929999828338623,8.050000190734863,7.869999885559082,8.0,6.276991844177246,1707200,0.0,0.0
2019-11-05 00:00:00-05:00,8.079999923706055,8.104999542236328,8.010000228881836,8.039999961853027,6.308376312255859,1704800,0.0,0.0
2019-11-06 00:00:00-05:00,8.069999694824219,8.09000015258789,7.829999923706055,7.869999885559082,6.174989700317383,1181800,0.0,0.0
2019-11-07 00:00:00-05:00,7.940000057220459,7.989999771118164,7.679999828338623,7.789999961853027,6.11221981048584,1311200,0.0,0.0
2019-11-08 00:00:00-05:00,7.789999961853027,7.96999979019165,7.690000057220459,7.949999809265137,6.237759590148926,916600,0.0,0.0
2019-11-11 00:00:00-05:00,7.900000095367432,7.916999816894531,7.710000038146973,7.730000019073486,6.065143585205078,1045500,0.0,0.0
2019-11-12 00:00:00-05:00,7.650000095367432,7.800000190734863,7.570000171661377,7.71999979019165,6.057297706604004,1988100,0.0,0.0
2019-11-13 00:00:00-05:00,7.769999980926514,8.4399995803833,7.639999866485596,8.350000381469727,6.551609039306641,7289400,0.0,0.0
2019-11-14 00:00:00-05:00,8.399999618530273,8.470000267028809,8.25,8.279999732971191,6.496686935424805,2299100,0.0,0.0
2019-11-15 00:00:00-05:00,8.279999732971191,8.399999618530273,8.149999618530273,8.390000343322754,6.582993984222412,1909100,0.0,0.0
2019-11-18 00:00:00-05:00,8.399999618530273,8.399999618530273,8.229999542236328,8.289999961853027,6.5045318603515625,1440400,0.0,0.0
2019-11-19 00:00:00-05:00,8.3100004196167,8.510000228881836,8.239999771118164,8.470000267028809,6.645764350891113,1221500,0.0,0.0
2019-11-20 00:00:00-05:00,8.489999771118164,8.550000190734863,8.34000015258789,8.449999809265137,6.630071640014648,1172100,0.0,0.0
2019-11-21 00:00:00-05:00,8.399999618530273,8.5600004196167,8.350000381469727,8.539999961853027,6.700689315795898,916700,0.0,0.0
2019-11-22 00:00:00-05:00,8.569999694824219,8.75,8.489999771118164,8.6899995803833,6.818380355834961,898500,0.0,0.0
2019-11-25 00:00:00-05:00,8.729999542236328,9.170000076293945,8.720000267028809,9.149999618530273,7.1793084144592285,1729600,0.0,0.0
2019-11-26 00:00:00-05:00,9.199999809265137,9.630000114440918,9.100000381469727,9.569999694824219,7.508852005004883,2385100,0.0,0.0
2019-11-27 00:00:00-05:00,9.510000228881836,9.704999923706055,9.4399995803833,9.479999542236328,7.438233375549316,1371400,0.0,0.0
2019-11-29 00:00:00-05:00,9.380000114440918,9.4399995803833,9.149999618530273,9.239999771118164,7.249924182891846,515900,0.0,0.0
2019-12-02 00:00:00-05:00,8.960000038146973,9.170000076293945,8.864999771118164,8.880000114440918,6.9674601554870605,1137800,0.0,0.0
2019-12-03 00:00:00-05:00,8.75,8.84000015258789,8.630000114440918,8.729999542236328,6.849766731262207,716000,0.0,0.0
2019-12-04 00:00:00-05:00,8.800000190734863,9.079999923706055,8.800000190734863,9.0600004196167,7.108691215515137,783900,0.0,0.0
2019-12-05 00:00:00-05:00,9.100000381469727,9.494999885559082,9.100000381469727,9.229999542236328,7.2420783042907715,729700,0.0,0.0
2019-12-06 00:00:00-05:00,9.239999771118164,9.289999961853027,8.914999961853027,8.949999809265137,7.022382736206055,1230600,0.0,0.0
2019-12-09 00:00:00-05:00,8.90999984741211,9.210000038146973,8.90999984741211,9.119999885559082,7.155768871307373,1084100,0.0,0.0
2019-12-10 00:00:00-05:00,9.210000038146973,9.260000228881836,9.0649995803833,9.260000228881836,7.265619277954102,1000400,0.0,0.0
2019-12-11 00:00:00-05:00,9.260000228881836,9.300000190734863,9.140000343322754,9.180000305175781,7.202847480773926,1021600,0.0,0.0
2019-12-12 00:00:00-05:00,8.5,8.512999534606934,8.133999824523926,8.430000305175781,7.1900529861450195,1740400,0.735,0.0
2019-12-13 00:00:00-05:00,8.4399995803833,8.774999618530273,8.4399995803833,8.479999542236328,7.232699871063232,1373400,0.0,0.0
2019-12-16 00:00:00-05:00,8.539999961853027,8.600000381469727,7.880000114440918,8.039999961853027,6.857417583465576,2016100,0.0,0.0
2019-12-17 00:00:00-05:00,8.020000457763672,8.3100004196167,7.989999771118164,8.279999732971191,7.062118053436279,1099300,0.0,0.0
2019-12-18 00:00:00-05:00,8.229999542236328,8.359999656677246,8.199999809265137,8.25,7.036531448364258,819100,0.0,0.0
2019-12-19 00:00:00-05:00,8.25,8.3100004196167,8.010000228881836,8.050000190734863,6.865948677062988,969000,0.0,0.0
2019-12-20 00:00:00-05:00,8.050000190734863,8.149999618530273,7.760000228881836,7.829999923706055,6.678305625915527,2931500,0.0,0.0
2019-12-23 00:00:00-05:00,7.860000133514404,7.909999847412109,7.489999771118164,7.760000228881836,6.6186017990112305,2004500,0.0,0.0
2019-12-24 00:00:00-05:00,7.789999961853027,7.869999885559082,7.735000133514404,7.769999980926514,6.627130508422852,594000,0.0,0.0
2019-12-26 00:00:00-05:00,7.769999980926514,7.860000133514404,7.679999828338623,7.78000020980835,6.635660648345947,745100,0.0,0.0
2019-12-27 00:00:00-05:00,7.75,7.900000095367432,7.75,7.78000020980835,6.635660648345947,880100,0.0,0.0
2019-12-30 00:00:00-05:00,7.78000020980835,7.849999904632568,7.695000171661377,7.769999980926514,6.627130508422852,1089000,0.0,0.0
2019-12-31 00:00:00-05:00,7.710000038146973,8.010000228881836,7.650000095367432,7.929999828338623,6.7635979652404785,1407800,0.0,0.0
2020-01-02 00:00:00-05:00,8.010000228881836,8.09000015258789,7.429999828338623,7.570000171661377,6.456548690795898,2070000,0.0,0.0
2020-01-03 00:00:00-05:00,7.539999961853027,7.710000038146973,7.429999828338623,7.449999809265137,6.354199409484863,1630100,0.0,0.0
2020-01-06 00:00:00-05:00,7.449999809265137,7.679999828338623,7.449999809265137,7.559999942779541,6.448020935058594,1932700,0.0,0.0
2020-01-07 00:00:00-05:00,7.659999847412109,7.800000190734863,7.429999828338623,7.440000057220459,6.345669746398926,1657400,0.0,0.0
2020-01-08 00:00:00-05:00,7.389999866485596,7.420000076293945,6.800000190734863,6.809999942779541,5.808335781097412,3111600,0.0,0.0
2020-01-09 00:00:00-05:00,6.78000020980835,6.880000114440918,6.519999980926514,6.550000190734863,5.586578369140625,2938300,0.0,0.0
2020-01-10 00:00:00-05:00,6.53000020980835,6.579999923706055,6.260000228881836,6.300000190734863,5.373351097106934,2706700,0.0,0.0
2020-01-13 00:00:00-05:00,6.260000228881836,6.380000114440918,6.019999980926514,6.300000190734863,5.373351097106934,1754500,0.0,0.0
2020-01-14 00:00:00-05:00,6.269999980926514,6.465000152587891,6.21999979019165,6.400000095367432,5.458641529083252,1499700,0.0,0.0
2020-01-15 00:00:00-05:00,6.400000095367432,6.489999771118164,6.329999923706055,6.400000095367432,5.458641529083252,1733500,0.0,0.0
2020-01-16 00:00:00-05:00,6.389999866485596,6.599999904632568,6.385000228881836,6.489999771118164,5.535402297973633,2066700,0.0,0.0
2020-01-17 00:00:00-05:00,6.510000228881836,6.590000152587891,6.260000228881836,6.5,5.543931484222412,1964900,0.0,0.0
2020-01-21 00:00:00-05:00,6.489999771118164,6.539999961853027,6.320000171661377,6.429999828338623,5.484228610992432,1343600,0.0,0.0
2020-01-22 00:00:00-05:00,6.449999809265137,6.639999866485596,6.449999809265137,6.519999980926514,5.560991287231445,1280500,0.0,0.0
2020-01-23 00:00:00-05:00,6.5,6.670000076293945,6.369999885559082,6.599999904632568,5.62922477722168,1230300,0.0,0.0
2020-01-24 00:00:00-05:00,6.619999885559082,6.650000095367432,6.364999771118164,6.5,5.543931484222412,1564000,0.0,0.0
2020-01-27 00:00:00-05:00,6.400000095367432,6.480000019073486,6.309999942779541,6.449999809265137,5.50128698348999,1132700,0.0,0.0
2020-01-28 00:00:00-05:00,6.5,6.559999942779541,6.394999980926514,6.460000038146973,5.509815692901611,1300500,0.0,0.0
2020-01-29 00:00:00-05:00,6.460000038146973,6.534999847412109,6.429999828338623,6.510000228881836,5.552462100982666,970600,0.0,0.0
2020-01-30 00:00:00-05:00,6.440000057220459,6.545000076293945,6.25,6.360000133514404,5.424525737762451,1486900,0.0,0.0
2020-01-31 00:00:00-05:00,6.300000190734863,6.400000095367432,6.170000076293945,6.199999809265137,5.288058757781982,1116700,0.0,0.0
2020-02-03 00:00:00-05:00,6.199999809265137,6.369999885559082,6.150000095367432,6.25,5.3307037353515625,842500,0.0,0.0
2020-02-04 00:00:00-05:00,6.340000152587891,6.445000171661377,6.320000171661377,6.369999885559082,5.433053970336914,758000,0.0,0.0
2020-02-05 00:00:00-05:00,6.449999809265137,6.570000171661377,6.429999828338623,6.570000171661377,5.603637218475342,1337100,0.0,0.0
2020-02-06 00:00:00-05:00,6.590000152587891,6.679999828338623,6.5,6.550000190734863,5.586578369140625,818600,0.0,0.0
2020-02-07 00:00:00-05:00,6.559999942779541,6.610000133514404,6.460000038146973,6.590000152587891,5.620694160461426,658400,0.0,0.0
2020-02-10 00:00:00-05:00,6.550000190734863,6.670000076293945,6.505000114440918,6.610000133514404,5.637753009796143,1001400,0.0,0.0
2020-02-11 00:00:00-05:00,6.650000095367432,6.840000152587891,6.559999942779541,6.829999923706055,5.8253936767578125,1517200,0.0,0.0
2020-02-12 00:00:00-05:00,6.900000095367432,7.099999904632568,6.869999885559082,7.010000228881836,5.978917598724365,2044000,0.0,0.0
2020-02-13 00:00:00-05:00,6.96999979019165,6.980000019073486,6.809999942779541,6.949999809265137,5.927743434906006,926800,0.0,0.0
2020-02-14 00:00:00-05:00,6.96999979019165,7.068999767303467,6.900000095367432,7.039999961853027,6.004504680633545,1302000,0.0,0.0
2020-02-18 00:00:00-05:00,7.0,7.039999961853027,6.920000076293945,7.019999980926514,5.9874467849731445,638400,0.0,0.0
2020-02-19 00:00:00-05:00,7.03000020980835,7.255000114440918,6.920000076293945,7.21999979019165,6.158029079437256,1315900,0.0,0.0
2020-02-20 00:00:00-05:00,7.21999979019165,7.340000152587891,7.090000152587891,7.150000095367432,6.098327159881592,916600,0.0,0.0
2020-02-21 00:00:00-05:00,7.099999904632568,7.130000114440918,6.945000171661377,6.980000019073486,5.953330993652344,912000,0.0,0.0
2020-02-24 00:00:00-05:00,6.75,6.989999771118164,6.619999885559082,6.940000057220459,5.919214248657227,1314400,0.0,0.0
2020-02-25 00:00:00-05:00,7.0,7.059999942779541,6.849999904632568,6.900000095367432,5.885098457336426,1590600,0.0,0.0
2020-02-26 00:00:00-05:00,6.960000038146973,6.960000038146973,6.210000038146973,6.289999961853027,5.36482048034668,1617400,0.0,0.0
2020-02-27 00:00:00-05:00,6.159999847412109,6.699999809265137,6.039999961853027,6.440000057220459,5.492758274078369,1983200,0.0,0.0
2020-02-28 00:00:00-05:00,6.25,6.389999866485596,6.065000057220459,6.389999866485596,5.450112819671631,1906600,0.0,0.0
2020-03-02 00:00:00-05:00,6.380000114440918,6.599999904632568,6.03000020980835,6.599999904632568,5.62922477722168,2037400,0.0,0.0
2020-03-03 00:00:00-05:00,6.610000133514404,6.860000133514404,6.275000095367432,6.320000171661377,5.390407562255859,1739500,0.0,0.0
2020-03-04 00:00:00-05:00,6.449999809265137,6.769999980926514,6.369999885559082,6.769999980926514,5.774218559265137,1568300,0.0,0.0
2020-03-05 00:00:00-05:00,6.610000133514404,6.71999979019165,6.190000057220459,6.269999980926514,5.347763538360596,2823700,0.0,0.0
2020-03-06 00:00:00-05:00,5.78000020980835,6.300000190734863,5.650000095367432,5.920000076293945,5.049243927001953,3959100,0.0,0.0
2020-03-09 00:00:00-04:00,5.409999847412109,5.489999771118164,5.179999828338623,5.269999980926514,4.494850158691406,1780900,0.0,0.0
2020-03-10 00:00:00-04:00,5.429999828338623,5.46999979019165,4.900000095367432,5.239999771118164,4.469262599945068,1862700,0.0,0.0
2020-03-11 00:00:00-04:00,5.099999904632568,5.139999866485596,4.715000152587891,4.75,4.051335334777832,3405800,0.0,0.0
2020-03-12 00:00:00-04:00,4.420000076293945,4.829999923706055,3.930000066757202,4.829999923706055,4.119568347930908,3137200,0.0,0.0
2020-03-13 00:00:00-04:00,5.119999885559082,5.199999809265137,4.670000076293945,4.699999809265137,4.008688926696777,2642800,0.0,0.0
2020-03-16 00:00:00-04:00,4.329999923706055,4.329999923706055,3.8550000190734863,4.03000020980835,3.4372382164001465,4079800,0.0,0.0
2020-03-17 00:00:00-04:00,4.139999866485596,4.46999979019165,3.877000093460083,4.300000190734863,3.6675243377685547,3385900,0.0,0.0
2020-03-18 00:00:00-04:00,3.9700000286102295,4.119999885559082,3.7799999713897705,3.8399999141693115,3.3020617961883545,2322700,0.035,0.0
2020-03-19 00:00:00-04:00,3.809999942779541,4.449999809265137,3.690000057220459,3.9700000286102295,3.4138500690460205,3567800,0.0,0.0
2020-03-20 00:00:00-04:00,4.03000020980835,4.179999828338623,3.8499999046325684,3.869999885559082,3.3278589248657227,5599900,0.0,0.0
2020-03-23 00:00:00-04:00,3.880000114440918,4.0,3.4049999713897705,3.7200000286102295,3.1988730430603027,3053400,0.0,0.0
2020-03-24 00:00:00-04:00,3.950000047683716,4.409999847412109,3.940000057220459,4.320000171661377,3.7148213386535645,2830900,0.0,0.0
2020-03-25 00:00:00-04:00,4.420000076293945,4.690000057220459,4.190000057220459,4.420000076293945,3.8008110523223877,3199700,0.0,0.0
2020-03-26 00:00:00-04:00,4.510000228881836,4.800000190734863,4.392000198364258,4.659999847412109,4.007189750671387,3832400,0.0,0.0
2020-03-27 00:00:00-04:00,4.659999847412109,4.769999980926514,4.284999847412109,4.710000038146973,4.050185680389404,1398000,0.0,0.0
2020-03-30 00:00:00-04:00,4.599999904632568,4.650000095367432,4.260000228881836,4.340000152587891,3.7320187091827393,2036300,0.0,0.0
2020-03-31 00:00:00-04:00,4.349999904632568,4.545000076293945,4.25,4.320000171661377,3.7148213386535645,1824600,0.0,0.0
2020-04-01 00:00:00-04:00,4.21999979019165,4.295000076293945,4.039999961853027,4.090000152587891,3.517040491104126,1964800,0.0,0.0
2020-04-02 00:00:00-04:00,4.159999847412109,4.159999847412109,3.994999885559082,4.110000133514404,3.534238815307617,3623200,0.0,0.0
2020-04-03 00:00:00-04:00,4.099999904632568,4.21999979019165,4.019999980926514,4.170000076293945,3.5858328342437744,2510600,0.0,0.0
2020-04-06 00:00:00-04:00,4.289999961853027,4.389999866485596,4.199999809265137,4.380000114440918,3.766414165496826,2615700,0.0,0.0
2020-04-07 00:00:00-04:00,4.46999979019165,4.579999923706055,4.090000152587891,4.199999809265137,3.6116299629211426,3181400,0.0,0.0
2020-04-08 00:00:00-04:00,4.28000020980835,4.869999885559082,4.210000038146973,4.699999809265137,4.041585922241211,2906400,0.0,0.0
2020-04-09 00:00:00-04:00,4.78000020980835,5.400000095367432,4.739999771118164,5.349999904632568,4.600529193878174,3663900,0.0,0.0
2020-04-13 00:00:00-04:00,5.380000114440918,5.389999866485596,5.059999942779541,5.150000095367432,4.4285478591918945,3071700,0.0,0.0
2020-04-14 00:00:00-04:00,5.21999979019165,5.71999979019165,5.21999979019165,5.710000038146973,4.910097122192383,4205000,0.0,0.0
2020-04-15 00:00:00-04:00,5.659999847412109,5.769999980926514,5.199999809265137,5.320000171661377,4.574731349945068,3176000,0.0,0.0
2020-04-16 00:00:00-04:00,5.309999942779541,5.451000213623047,5.179999828338623,5.28000020980835,4.540336608886719,2419700,0.0,0.0
2020-04-17 00:00:00-04:00,5.429999828338623,5.679999828338623,5.349999904632568,5.369999885559082,4.617726802825928,1539200,0.0,0.0
2020-04-20 00:00:00-04:00,5.239999771118164,5.420000076293945,5.179999828338623,5.25,4.514537811279297,1414600,0.0,0.0
2020-04-21 00:00:00-04:00,5.099999904632568,5.190000057220459,5.0,5.050000190734863,4.342556476593018,1325600,0.0,0.0
2020-04-22 00:00:00-04:00,5.099999904632568,5.150000095367432,5.019999980926514,5.099999904632568,4.385551929473877,1061100,0.0,0.0
2020-04-23 00:00:00-04:00,5.110000133514404,5.380000114440918,5.019999980926514,5.239999771118164,4.505939483642578,1478600,0.0,0.0
2020-04-24 00:00:00-04:00,5.289999961853027,5.380000114440918,5.190000057220459,5.289999961853027,4.548933982849121,858000,0.0,0.0
2020-04-27 00:00:00-04:00,5.380000114440918,5.639999866485596,5.340000152587891,5.53000020980835,4.755312919616699,1801700,0.0,0.0
2020-04-28 00:00:00-04:00,5.650000095367432,5.690000057220459,5.429999828338623,5.659999847412109,4.867101669311523,3555400,0.0,0.0
2020-04-29 00:00:00-04:00,5.809999942779541,5.989999771118164,5.711999893188477,5.809999942779541,4.996088027954102,2076300,0.0,0.0
2020-04-30 00:00:00-04:00,5.710000038146973,5.789999961853027,5.554999828338623,5.730000019073486,4.927295207977295,1724300,0.0,0.0
2020-05-01 00:00:00-04:00,5.550000190734863,5.579999923706055,5.375,5.489999771118164,4.720916271209717,1438300,0.0,0.0
2020-05-04 00:00:00-04:00,5.449999809265137,5.539999961853027,5.309999942779541,5.5,4.729516506195068,976000,0.0,0.0
2020-05-05 00:00:00-04:00,5.599999904632568,5.695000171661377,5.5,5.579999923706055,4.798308849334717,1391100,0.0,0.0
2020-05-06 00:00:00-04:00,5.650000095367432,5.764999866485596,5.53000020980835,5.53000020980835,4.755312919616699,906700,0.0,0.0
2020-05-07 00:00:00-04:00,5.570000171661377,5.78000020980835,5.565000057220459,5.630000114440918,4.841303825378418,1634800,0.0,0.0
2020-05-08 00:00:00-04:00,5.519999980926514,5.84499979019165,5.360000133514404,5.650000095367432,4.858504295349121,1835700,0.0,0.0
2020-05-11 00:00:00-04:00,5.659999847412109,6.079999923706055,5.550000190734863,6.050000190734863,5.202467441558838,2225000,0.0,0.0
2020-05-12 00:00:00-04:00,6.050000190734863,6.074999809265137,5.789999961853027,5.800000190734863,4.987490177154541,1708600,0.0,0.0
2020-05-13 00:00:00-04:00,5.820000171661377,5.914999961853027,5.514999866485596,5.650000095367432,4.858504295349121,1705300,0.0,0.0
2020-05-14 00:00:00-04:00,5.590000152587891,5.869999885559082,5.449999809265137,5.849999904632568,5.030486106872559,1389200,0.0,0.0
2020-05-15 00:00:00-04:00,5.820000171661377,6.019999980926514,5.739999771118164,6.019999980926514,5.176670074462891,1019300,0.0,0.0
2020-05-18 00:00:00-04:00,6.119999885559082,6.315000057220459,6.039999961853027,6.300000190734863,5.417446613311768,1590200,0.0,0.0
2020-05-19 00:00:00-04:00,6.28000020980835,6.480000019073486,6.239999771118164,6.409999847412109,5.512035846710205,1537800,0.0,0.0
2020-05-20 00:00:00-04:00,6.420000076293945,6.440000057220459,6.150000095367432,6.199999809265137,5.331456184387207,1833400,0.0,0.0
2020-05-21 00:00:00-04:00,6.190000057220459,6.449999809265137,6.190000057220459,6.420000076293945,5.52063512802124,1568400,0.0,0.0
2020-05-22 00:00:00-04:00,6.480000019073486,6.519999980926514,6.4120001792907715,6.519999980926514,5.606626510620117,1790600,0.0,0.0
2020-05-26 00:00:00-04:00,6.519999980926514,7.070000171661377,6.519999980926514,6.920000076293945,5.950592041015625,2707700,0.0,0.0
2020-05-27 00:00:00-04:00,7.099999904632568,7.210000038146973,6.724999904632568,6.860000133514404,5.898995876312256,2008800,0.0,0.0
2020-05-28 00:00:00-04:00,6.940000057220459,7.03000020980835,6.755000114440918,6.96999979019165,5.993587017059326,1359600,0.0,0.0
2020-05-29 00:00:00-04:00,6.920000076293945,7.119999885559082,6.849999904632568,7.079999923706055,6.088177680969238,1927500,0.0,0.0
2020-06-01 00:00:00-04:00,7.599999904632568,8.010000228881836,7.295000076293945,7.949999809265137,6.836300373077393,4003900,0.0,0.0
2020-06-02 00:00:00-04:00,8.0,8.239999771118164,7.900000095367432,8.130000114440918,6.991084098815918,4359800,0.0,0.0
2020-06-03 00:00:00-04:00,8.130000114440918,8.199999809265137,7.90500020980835,7.940000057220459,6.827700138092041,2165200,0.0,0.0
2020-06-04 00:00:00-04:00,7.869999885559082,8.180000305175781,7.820000171661377,8.119999885559082,6.982485294342041,2249400,0.0,0.0
2020-06-05 00:00:00-04:00,8.149999618530273,8.619999885559082,8.119999885559082,8.369999885559082,7.197463035583496,2777800,0.0,0.0
2020-06-08 00:00:00-04:00,8.460000038146973,8.734999656677246,8.430000305175781,8.529999732971191,7.335047721862793,3061600,0.0,0.0
2020-06-09 00:00:00-04:00,8.399999618530273,8.680000305175781,8.25,8.489999771118164,7.300652503967285,3049600,0.0,0.0
2020-06-10 00:00:00-04:00,8.399999618530273,8.619999885559082,8.359999656677246,8.359999656677246,7.188863754272461,2300800,0.0,0.0
2020-06-11 00:00:00-04:00,8.079999923706055,8.15999984741211,7.909999847412109,7.909999847412109,6.801904201507568,1812400,0.0,0.0
2020-06-12 00:00:00-04:00,8.15999984741211,8.369999885559082,7.875,8.020000457763672,6.8964948654174805,1921800,0.0,0.0
2020-06-15 00:00:00-04:00,7.78000020980835,8.300000190734863,7.699999809265137,8.239999771118164,7.085675239562988,2550100,0.0,0.0
2020-06-16 00:00:00-04:00,8.449999809265137,8.59000015258789,8.305000305175781,8.449999809265137,7.266257286071777,2262200,0.0,0.0
2020-06-17 00:00:00-04:00,8.5,8.640000343322754,8.399999618530273,8.5,7.339653968811035,1598400,0.035,0.0
2020-06-18 00:00:00-04:00,8.449999809265137,8.494999885559082,8.239999771118164,8.329999923706055,7.1928606033325195,1561500,0.0,0.0
2020-06-19 00:00:00-04:00,8.470000267028809,8.510000228881836,7.980000019073486,7.989999771118164,6.89927339553833,3581600,0.0,0.0
2020-06-22 00:00:00-04:00,7.989999771118164,8.15999984741211,7.855000019073486,8.010000228881836,6.916543960571289,1786900,0.0,0.0
2020-06-23 00:00:00-04:00,8.100000381469727,8.21500015258789,8.055000305175781,8.1899995803833,7.0719709396362305,1834900,0.0,0.0
2020-06-24 00:00:00-04:00,8.109999656677246,8.119999885559082,7.670000076293945,7.78000020980835,6.7179412841796875,1945700,0.0,0.0
2020-06-25 00:00:00-04:00,7.730000019073486,7.880000114440918,7.579999923706055,7.760000228881836,6.700671195983887,2308000,0.0,0.0
2020-06-26 00:00:00-04:00,7.78000020980835,7.869999885559082,7.46999979019165,7.619999885559082,6.5797834396362305,2177900,0.0,0.0
2020-06-29 00:00:00-04:00,7.659999847412109,7.820000171661377,7.507999897003174,7.820000171661377,6.752480506896973,1426700,0.0,0.0
2020-06-30 00:00:00-04:00,7.840000152587891,8.029999732971191,7.800000190734863,7.980000019073486,6.890638828277588,2175400,0.0,0.0
2020-07-01 00:00:00-04:00,8.0,8.15999984741211,7.789999961853027,7.909999847412109,6.83019495010376,1986400,0.0,0.0
2020-07-02 00:00:00-04:00,7.980000019073486,8.020000457763672,7.514999866485596,7.710000038146973,6.657496929168701,2743300,0.0,0.0
2020-07-06 00:00:00-04:00,7.860000133514404,7.909999847412109,7.681000232696533,7.78000020980835,6.7179412841796875,2123400,0.0,0.0
2020-07-07 00:00:00-04:00,7.769999980926514,7.809999942779541,7.539999961853027,7.599999904632568,6.562512397766113,1434700,0.0,0.0
2020-07-08 00:00:00-04:00,7.619999885559082,7.760000228881836,7.570000171661377,7.659999847412109,6.614322185516357,1546800,0.0,0.0
2020-07-09 00:00:00-04:00,7.650000095367432,7.699999809265137,7.385000228881836,7.400000095367432,6.389814853668213,1419100,0.0,0.0
2020-07-10 00:00:00-04:00,7.420000076293945,7.71999979019165,7.409999847412109,7.599999904632568,6.562512397766113,859700,0.0,0.0
2020-07-13 00:00:00-04:00,7.650000095367432,7.829999923706055,7.610000133514404,7.610000133514404,6.571147918701172,1018700,0.0,0.0
2020-07-14 00:00:00-04:00,7.599999904632568,7.889999866485596,7.550000190734863,7.800000190734863,6.73521089553833,2282700,0.0,0.0
2020-07-15 00:00:00-04:00,7.900000095367432,8.380000114440918,7.889999866485596,8.329999923706055,7.1928606033325195,1725600,0.0,0.0
2020-07-16 00:00:00-04:00,8.3100004196167,8.489999771118164,8.1899995803833,8.279999732971191,7.149685859680176,1582200,0.0,0.0
2020-07-17 00:00:00-04:00,8.40999984741211,8.40999984741211,8.050000190734863,8.180000305175781,7.0633368492126465,1307600,0.0,0.0
2020-07-20 00:00:00-04:00,8.180000305175781,8.25,8.029999732971191,8.050000190734863,6.951083660125732,910000,0.0,0.0
2020-07-21 00:00:00-04:00,8.119999885559082,8.248000144958496,7.989999771118164,8.020000457763672,6.925178527832031,1434300,0.0,0.0
2020-07-22 00:00:00-04:00,8.020000457763672,8.145000457763672,7.920000076293945,8.079999923706055,6.976987361907959,884900,0.0,0.0
2020-07-23 00:00:00-04:00,8.050000190734863,8.21500015258789,7.985000133514404,7.989999771118164,6.89927339553833,1299400,0.0,0.0
2020-07-24 00:00:00-04:00,8.020000457763672,8.130000114440918,7.880000114440918,7.960000038146973,6.873369216918945,1155200,0.0,0.0
2020-07-27 00:00:00-04:00,7.960000038146973,8.029999732971191,7.840000152587891,8.0,6.907909870147705,966400,0.0,0.0
2020-07-28 00:00:00-04:00,7.929999828338623,8.010000228881836,7.889999866485596,7.909999847412109,6.83019495010376,1256600,0.0,0.0
2020-07-29 00:00:00-04:00,7.989999771118164,8.520000457763672,7.980000019073486,8.4399995803833,7.287843704223633,4003100,0.0,0.0
2020-07-30 00:00:00-04:00,8.300000190734863,8.675000190734863,8.220000267028809,8.649999618530273,7.469175815582275,1504000,0.0,0.0
2020-07-31 00:00:00-04:00,8.649999618530273,9.163000106811523,8.5600004196167,8.609999656677246,7.43463659286499,3787700,0.0,0.0
2020-08-03 00:00:00-04:00,13.890000343322754,17.209999084472656,13.170000076293945,13.479999542236328,11.639822959899902,187405000,0.0,0.0
2020-08-04 00:00:00-04:00,13.479999542236328,13.819999694824219,12.5600004196167,12.770000457763672,11.026748657226562,23151900,0.0,0.0
2020-08-05 00:00:00-04:00,12.670000076293945,13.130000114440918,12.359999656677246,12.779999732971191,11.035383224487305,10549100,0.0,0.0
2020-08-06 00:00:00-04:00,11.800000190734863,12.229999542236328,11.510000228881836,12.020000457763672,10.379133224487305,10137000,0.0,0.0
2020-08-07 00:00:00-04:00,11.9399995803833,12.510000228881836,11.8100004196167,12.199999809265137,10.53455924987793,5608800,0.0,0.0
2020-08-10 00:00:00-04:00,12.180000305175781,12.567000389099121,11.880000114440918,11.930000305175781,10.301417350769043,5345900,0.0,0.0
2020-08-11 00:00:00-04:00,11.829999923706055,11.899999618530273,11.550000190734863,11.619999885559082,10.033736228942871,3391600,0.0,0.0
2020-08-12 00:00:00-04:00,11.65999984741211,12.390000343322754,11.5600004196167,11.9399995803833,10.310051918029785,4069600,0.0,0.0
2020-08-13 00:00:00-04:00,11.850000381469727,12.229999542236328,11.755000114440918,11.880000114440918,10.2582426071167,3165700,0.0,0.0
2020-08-14 00:00:00-04:00,11.84000015258789,12.09000015258789,11.687999725341797,11.789999961853027,10.18052864074707,2529800,0.0,0.0
2020-08-17 00:00:00-04:00,11.770000457763672,11.880000114440918,11.449999809265137,11.520000457763672,9.9473876953125,3111000,0.0,0.0
2020-08-18 00:00:00-04:00,11.470000267028809,11.635000228881836,11.300000190734863,11.380000114440918,9.826498031616211,2432000,0.0,0.0
2020-08-19 00:00:00-04:00,11.350000381469727,11.6850004196167,11.194000244140625,11.5,9.9301176071167,2245500,0.0,0.0
2020-08-20 00:00:00-04:00,11.449999809265137,11.800000190734863,11.4399995803833,11.579999923706055,9.999197959899902,1597100,0.0,0.0
2020-08-21 00:00:00-04:00,11.5,11.527999877929688,11.340999603271484,11.460000038146973,9.895578384399414,1357200,0.0,0.0
2020-08-24 00:00:00-04:00,11.470000267028809,11.489999771118164,11.279999732971191,11.369999885559082,9.817863464355469,1859000,0.0,0.0
2020-08-25 00:00:00-04:00,11.4399995803833,11.489999771118164,11.119999885559082,11.260000228881836,9.722881317138672,1306500,0.0,0.0
2020-08-26 00:00:00-04:00,11.180000305175781,11.260000228881836,11.03499984741211,11.069999694824219,9.558817863464355,1474300,0.0,0.0
2020-08-27 00:00:00-04:00,11.020000457763672,11.109999656677246,10.90999984741211,11.010000228881836,9.507007598876953,2008000,0.0,0.0
2020-08-28 00:00:00-04:00,10.989999771118164,11.045000076293945,10.819999694824219,10.949999809265137,9.455201148986816,1592000,0.0,0.0
2020-08-31 00:00:00-04:00,10.970000267028809,11.029999732971191,10.585000038146973,10.649999618530273,9.19615364074707,1972600,0.0,0.0
2020-09-01 00:00:00-04:00,10.770000457763672,11.260000228881836,10.640000343322754,11.100000381469727,9.584724426269531,2102200,0.0,0.0
2020-09-02 00:00:00-04:00,11.100000381469727,11.119999885559082,10.65999984741211,10.859999656677246,9.377486228942871,2177900,0.0,0.0
2020-09-03 00:00:00-04:00,10.789999961853027,10.819999694824219,10.25,10.300000190734863,8.893933296203613,2297100,0.0,0.0
2020-09-04 00:00:00-04:00,10.449999809265137,10.555000305175781,9.944999694824219,10.289999961853027,8.885295867919922,1437700,0.0,0.0
2020-09-08 00:00:00-04:00,10.119999885559082,10.574999809265137,10.010000228881836,10.319999694824219,8.911201477050781,2603800,0.0,0.0
2020-09-09 00:00:00-04:00,10.430000305175781,10.880000114440918,10.392999649047852,10.720000267028809,9.256597518920898,1586600,0.0,0.0
2020-09-10 00:00:00-04:00,10.800000190734863,11.0649995803833,10.579999923706055,10.9399995803833,9.446564674377441,3912800,0.0,0.0
2020-09-11 00:00:00-04:00,10.989999771118164,11.350000381469727,10.930000305175781,10.949999809265137,9.455201148986816,3281000,0.0,0.0
2020-09-14 00:00:00-04:00,11.09000015258789,11.09000015258789,10.729999542236328,10.800000190734863,9.325677871704102,1462700,0.0,0.0
2020-09-15 00:00:00-04:00,10.880000114440918,10.9399995803833,10.720000267028809,10.800000190734863,9.325677871704102,958500,0.0,0.0
2020-09-16 00:00:00-04:00,9.489999771118164,9.630000114440918,9.210000038146973,9.359999656677246,8.082252502441406,32662900,0.0,0.0
2020-09-17 00:00:00-04:00,9.210000038146973,9.454999923706055,8.970000267028809,9.170000076293945,7.947909355163574,14027900,0.035,0.0
2020-09-18 00:00:00-04:00,9.0600004196167,9.1899995803833,8.710000038146973,8.720000267028809,7.5578813552856445,11486000,0.0,0.0
2020-09-21 00:00:00-04:00,8.600000381469727,8.899999618530273,8.510000228881836,8.720000267028809,7.5578813552856445,6327700,0.0,0.0
2020-09-22 00:00:00-04:00,8.739999771118164,8.800000190734863,8.484999656677246,8.640000343322754,7.4885454177856445,3526200,0.0,0.0
2020-09-23 00:00:00-04:00,8.630000114440918,8.739999771118164,8.15999984741211,8.180000305175781,7.089848041534424,4481400,0.0,0.0
2020-09-24 00:00:00-04:00,8.199999809265137,8.585000038146973,8.09000015258789,8.25,7.150518894195557,6336400,0.0,0.0
2020-09-25 00:00:00-04:00,8.1899995803833,8.40999984741211,8.15999984741211,8.170000076293945,7.081180095672607,6622100,0.0,0.0
2020-09-28 00:00:00-04:00,8.279999732971191,8.494999885559082,8.199999809265137,8.420000076293945,7.297862529754639,4158200,0.0,0.0
2020-09-29 00:00:00-04:00,8.390000343322754,8.489999771118164,8.25,8.359999656677246,7.245858192443848,2801700,0.0,0.0
2020-09-30 00:00:00-04:00,8.350000381469727,8.529999732971191,7.989999771118164,8.170000076293945,7.081180095672607,7079200,0.0,0.0
2020-10-01 00:00:00-04:00,8.220000267028809,8.220000267028809,7.90500020980835,8.15999984741211,7.072513103485107,4844900,0.0,0.0
2020-10-02 00:00:00-04:00,8.0,8.260000228881836,7.960000038146973,8.1899995803833,7.098514556884766,2593300,0.0,0.0
2020-10-05 00:00:00-04:00,8.229999542236328,8.449999809265137,8.079999923706055,8.199999809265137,7.107182025909424,3485600,0.0,0.0
2020-10-06 00:00:00-04:00,8.210000038146973,8.470000267028809,8.135000228881836,8.359999656677246,7.245858192443848,4857600,0.0,0.0
2020-10-07 00:00:00-04:00,8.420000076293945,8.604999542236328,8.300000190734863,8.420000076293945,7.297862529754639,4368200,0.0,0.0
2020-10-08 00:00:00-04:00,8.470000267028809,8.574999809265137,8.25,8.40999984741211,7.289193630218506,3536000,0.0,0.0
2020-10-09 00:00:00-04:00,8.470000267028809,8.5,8.329999923706055,8.34000015258789,7.2285237312316895,2245900,0.0,0.0
2020-10-12 00:00:00-04:00,8.359999656677246,8.404999732971191,8.265000343322754,8.369999885559082,7.254526138305664,2011100,0.0,0.0
2020-10-13 00:00:00-04:00,8.300000190734863,8.369999885559082,8.199999809265137,8.270000457763672,7.167853832244873,2601100,0.0,0.0
2020-10-14 00:00:00-04:00,8.270000457763672,8.307999610900879,8.079999923706055,8.079999923706055,7.003174304962158,1932300,0.0,0.0
2020-10-15 00:00:00-04:00,8.069999694824219,8.140000343322754,7.929999828338623,8.119999885559082,7.037842750549316,2436900,0.0,0.0
2020-10-16 00:00:00-04:00,8.130000114440918,8.170000076293945,7.929999828338623,7.940000057220459,6.881832122802734,1970100,0.0,0.0
2020-10-19 00:00:00-04:00,7.920000076293945,7.994999885559082,7.599999904632568,7.619999885559082,6.6044793128967285,3336900,0.0,0.0
2020-10-20 00:00:00-04:00,7.690000057220459,7.75,7.570000171661377,7.630000114440918,6.6131463050842285,2581500,0.0,0.0
2020-10-21 00:00:00-04:00,7.610000133514404,7.639999866485596,7.414999961853027,7.46999979019165,6.47446870803833,2612600,0.0,0.0
2020-10-22 00:00:00-04:00,7.46999979019165,7.559999942779541,7.329999923706055,7.389999866485596,6.405130386352539,1751200,0.0,0.0
2020-10-23 00:00:00-04:00,7.440000057220459,7.494999885559082,7.369999885559082,7.46999979019165,6.47446870803833,1892400,0.0,0.0
2020-10-26 00:00:00-04:00,7.420000076293945,7.639999866485596,7.28000020980835,7.380000114440918,6.3964643478393555,2520300,0.0,0.0
2020-10-27 00:00:00-04:00,7.699999809265137,7.71999979019165,7.150000095367432,7.159999847412109,6.205782413482666,5775700,0.0,0.0
2020-10-28 00:00:00-04:00,7.010000228881836,7.224999904632568,7.0,7.019999980926514,6.084441661834717,2996400,0.0,0.0
2020-10-29 00:00:00-04:00,7.010000228881836,7.019999980926514,6.730000019073486,6.789999961853027,5.885093688964844,3861300,0.0,0.0
2020-10-30 00:00:00-04:00,6.75,6.760000228881836,6.480000019073486,6.590000152587891,5.711746692657471,3874200,0.0,0.0
2020-11-02 00:00:00-05:00,6.679999828338623,6.784999847412109,6.590000152587891,6.710000038146973,5.8157548904418945,2244700,0.0,0.0
2020-11-03 00:00:00-05:00,6.800000190734863,6.85699987411499,6.690000057220459,6.730000019073486,5.833089351654053,2887900,0.0,0.0
2020-11-04 00:00:00-05:00,6.760000228881836,7.130000114440918,6.73199987411499,6.909999847412109,5.989100456237793,3542300,0.0,0.0
2020-11-05 00:00:00-05:00,7.070000171661377,7.349999904632568,6.980000019073486,7.210000038146973,6.249119758605957,6556800,0.0,0.0
2020-11-06 00:00:00-05:00,7.190000057220459,7.454999923706055,6.894999980926514,7.210000038146973,6.249119758605957,5923100,0.0,0.0
2020-11-09 00:00:00-05:00,7.480000019073486,7.630000114440918,7.320000171661377,7.320000171661377,6.344460964202881,6544000,0.0,0.0
2020-11-10 00:00:00-05:00,7.329999923706055,7.420000076293945,7.150000095367432,7.320000171661377,6.344460964202881,3066200,0.0,0.0
2020-11-11 00:00:00-05:00,7.369999885559082,7.590000152587891,7.329999923706055,7.559999942779541,6.552475929260254,3701800,0.0,0.0
2020-11-12 00:00:00-05:00,7.519999980926514,7.534999847412109,7.199999809265137,7.309999942779541,6.335793495178223,2983900,0.0,0.0
2020-11-13 00:00:00-05:00,7.329999923706055,7.559999942779541,7.309999942779541,7.539999961853027,6.5351409912109375,2871000,0.0,0.0
2020-11-16 00:00:00-05:00,7.590000152587891,7.630000114440918,7.440000057220459,7.570000171661377,6.561142921447754,3299500,0.0,0.0
2020-11-17 00:00:00-05:00,7.599999904632568,7.78000020980835,7.46999979019165,7.630000114440918,6.6131463050842285,3166900,0.0,0.0
2020-11-18 00:00:00-05:00,7.650000095367432,7.855000019073486,7.554999828338623,7.679999828338623,6.656482696533203,4804900,0.0,0.0
2020-11-19 00:00:00-05:00,7.739999771118164,8.104999542236328,7.630000114440918,8.029999732971191,6.959838390350342,4823400,0.0,0.0
2020-11-20 00:00:00-05:00,8.079999923706055,8.100000381469727,7.690000057220459,7.760000228881836,6.725820541381836,4166100,0.0,0.0
2020-11-23 00:00:00-05:00,7.78000020980835,8.135000228881836,7.775000095367432,8.020000457763672,6.951171875,2675300,0.0,0.0
2020-11-24 00:00:00-05:00,8.09000015258789,8.25,7.989999771118164,8.15999984741211,7.072513103485107,3019300,0.0,0.0
2020-11-25 00:00:00-05:00,8.130000114440918,8.149999618530273,7.980000019073486,8.010000228881836,6.942503452301025,2819800,0.0,0.0
2020-11-27 00:00:00-05:00,8.069999694824219,8.204999923706055,8.045000076293945,8.079999923706055,7.003174304962158,1368400,0.0,0.0
2020-11-30 00:00:00-05:00,8.050000190734863,8.149999618530273,7.75,7.769999980926514,6.7344865798950195,2903800,0.0,0.0
2020-12-01 00:00:00-05:00,7.829999923706055,7.954999923706055,7.730000019073486,7.760000228881836,6.725820541381836,2518800,0.0,0.0
2020-12-02 00:00:00-05:00,7.71999979019165,8.130000114440918,7.570000171661377,7.949999809265137,6.890499114990234,6447400,0.0,0.0
2020-12-03 00:00:00-05:00,8.0,8.100000381469727,7.690000057220459,7.760000228881836,6.725820541381836,5354000,0.0,0.0
2020-12-04 00:00:00-05:00,7.900000095367432,8.470000267028809,7.869999885559082,8.449999809265137,7.323864459991455,6286000,0.0,0.0
2020-12-07 00:00:00-05:00,8.5600004196167,8.609999656677246,8.069999694824219,8.119999885559082,7.037842750549316,3972900,0.0,0.0
2020-12-08 00:00:00-05:00,8.0600004196167,8.510000228881836,7.920000076293945,8.479999542236328,7.34986686706543,6279600,0.0,0.0
2020-12-09 00:00:00-05:00,8.520000457763672,8.789999961853027,8.359999656677246,8.630000114440918,7.479876518249512,7342100,0.0,0.0
2020-12-10 00:00:00-05:00,8.529999732971191,9.229999542236328,8.510000228881836,8.6899995803833,7.531879901885986,9481800,0.0,0.0
2020-12-11 00:00:00-05:00,8.619999885559082,8.6899995803833,8.239999771118164,8.460000038146973,7.332530975341797,3623700,0.0,0.0
2020-12-14 00:00:00-05:00,8.5,8.520000457763672,8.34000015258789,8.359999656677246,7.245858192443848,3711500,0.0,0.0
2020-12-15 00:00:00-05:00,8.430000305175781,8.619999885559082,8.180000305175781,8.619999885559082,7.471209526062012,3450200,0.0,0.0
2020-12-16 00:00:00-05:00,8.59000015258789,8.65999984741211,8.470000267028809,8.489999771118164,7.3585333824157715,2042200,0.0,0.0
2020-12-17 00:00:00-05:00,8.449999809265137,8.489999771118164,8.220000267028809,8.40999984741211,7.289193630218506,4061400,0.0,0.0
2020-12-18 00:00:00-05:00,8.369999885559082,8.470000267028809,8.279999732971191,8.430000305175781,7.337064266204834,6407600,0.035,0.0
2020-12-21 00:00:00-05:00,8.279999732971191,8.3100004196167,8.079999923706055,8.1899995803833,7.128179550170898,3764900,0.0,0.0
2020-12-22 00:00:00-05:00,8.1899995803833,8.270000457763672,8.0,8.130000114440918,7.075959205627441,3064100,0.0,0.0
2020-12-23 00:00:00-05:00,8.130000114440918,8.260000228881836,8.100000381469727,8.170000076293945,7.110771656036377,1640500,0.0,0.0
2020-12-24 00:00:00-05:00,8.149999618530273,8.1850004196167,8.074999809265137,8.100000381469727,7.049849987030029,1399300,0.0,0.0
2020-12-28 00:00:00-05:00,8.130000114440918,8.194999694824219,7.9029998779296875,8.0,6.962813377380371,3440000,0.0,0.0
2020-12-29 00:00:00-05:00,8.0,8.050000190734863,7.75,7.809999942779541,6.797447204589844,2960300,0.0,0.0
2020-12-30 00:00:00-05:00,7.840000152587891,7.940000057220459,7.789999961853027,7.929999828338623,6.901889324188232,2193900,0.0,0.0
2020-12-31 00:00:00-05:00,7.920000076293945,7.920000076293945,7.78000020980835,7.849999904632568,6.832260608673096,2405600,0.0,0.0
2021-01-04 00:00:00-05:00,7.929999828338623,8.020000457763672,7.675000190734863,7.840000152587891,6.823556423187256,3221700,0.0,0.0
2021-01-05 00:00:00-05:00,7.840000152587891,8.0649995803833,7.793000221252441,8.050000190734863,7.006330966949463,2765500,0.0,0.0
2021-01-06 00:00:00-05:00,8.130000114440918,8.449999809265137,8.0600004196167,8.239999771118164,7.171698570251465,3363900,0.0,0.0
2021-01-07 00:00:00-05:00,8.279999732971191,8.420000076293945,8.119999885559082,8.399999618530273,7.310953140258789,2866300,0.0,0.0
2021-01-08 00:00:00-05:00,8.5,9.390000343322754,8.444999694824219,8.829999923706055,7.685204982757568,12640900,0.0,0.0
2021-01-11 00:00:00-05:00,8.800000190734863,8.829999923706055,8.380000114440918,8.600000381469727,7.4850239753723145,4486200,0.0,0.0
2021-01-12 00:00:00-05:00,8.649999618530273,8.984999656677246,8.579999923706055,8.949999809265137,7.789648056030273,3675200,0.0,0.0
2021-01-13 00:00:00-05:00,9.0,9.020000457763672,8.6899995803833,8.739999771118164,7.606873989105225,3674200,0.0,0.0
2021-01-14 00:00:00-05:00,8.850000381469727,9.130000114440918,8.739999771118164,9.010000228881836,7.841866970062256,3304500,0.0,0.0
2021-01-15 00:00:00-05:00,8.890000343322754,8.989999771118164,8.649999618530273,8.779999732971191,7.641687393188477,3320700,0.0,0.0
2021-01-19 00:00:00-05:00,8.8100004196167,8.899999618530273,8.729999542236328,8.869999885559082,7.720019340515137,2468300,0.0,0.0
2021-01-20 00:00:00-05:00,8.9399995803833,9.244999885559082,8.920000076293945,9.210000038146973,8.015937805175781,3303200,0.0,0.0
2021-01-21 00:00:00-05:00,9.220000267028809,9.25,8.960000038146973,9.130000114440918,7.946309566497803,3508200,0.0,0.0
2021-01-22 00:00:00-05:00,9.0,9.0600004196167,8.930000305175781,9.0,7.833165168762207,2807900,0.0,0.0
2021-01-25 00:00:00-05:00,9.0,9.109999656677246,8.760000228881836,8.899999618530273,7.746129989624023,3620400,0.0,0.0
2021-01-26 00:00:00-05:00,8.949999809265137,10.220000267028809,8.84000015258789,9.970000267028809,8.677406311035156,9115400,0.0,0.0
2021-01-27 00:00:00-05:00,9.789999961853027,10.649999618530273,9.449999809265137,10.210000038146973,8.886290550231934,12783300,0.0,0.0
2021-01-28 00:00:00-05:00,10.180000305175781,10.260000228881836,9.420000076293945,9.630000114440918,8.381486892700195,5859100,0.0,0.0
2021-01-29 00:00:00-05:00,9.539999961853027,9.640000343322754,8.960000038146973,9.029999732971191,7.8592753410339355,4887300,0.0,0.0
2021-02-01 00:00:00-05:00,9.069999694824219,9.119999885559082,8.680000305175781,8.84000015258789,7.693909645080566,4298900,0.0,0.0
2021-02-02 00:00:00-05:00,8.899999618530273,9.069999694824219,8.640000343322754,8.890000343322754,7.737427234649658,4395000,0.0,0.0
2021-02-03 00:00:00-05:00,8.880000114440918,9.289999961853027,8.800000190734863,9.25,8.05075454711914,2467300,0.0,0.0
2021-02-04 00:00:00-05:00,9.289999961853027,9.460000038146973,9.130000114440918,9.369999885559082,8.155195236206055,2653600,0.0,0.0
2021-02-05 00:00:00-05:00,9.380000114440918,9.640000343322754,9.270000457763672,9.300000190734863,8.094270706176758,2597800,0.0,0.0
2021-02-08 00:00:00-05:00,9.399999618530273,9.4399995803833,9.279999732971191,9.380000114440918,8.163899421691895,1525300,0.0,0.0
2021-02-09 00:00:00-05:00,9.34000015258789,9.550000190734863,9.1899995803833,9.449999809265137,8.224822998046875,1784600,0.0,0.0
2021-02-10 00:00:00-05:00,9.5600004196167,9.729999542236328,9.3100004196167,9.34000015258789,8.129085540771484,2783900,0.0,0.0
2021-02-11 00:00:00-05:00,9.350000381469727,9.460000038146973,9.130000114440918,9.260000228881836,8.059455871582031,2026200,0.0,0.0
2021-02-12 00:00:00-05:00,9.25,9.369999885559082,9.210000038146973,9.329999923706055,8.120380401611328,1118200,0.0,0.0
2021-02-16 00:00:00-05:00,9.34000015258789,9.357999801635742,9.140000343322754,9.329999923706055,8.120380401611328,2896300,0.0,0.0
2021-02-17 00:00:00-05:00,9.239999771118164,9.475000381469727,9.170000076293945,9.40999984741211,8.190010070800781,5094400,0.0,0.0
2021-02-18 00:00:00-05:00,9.390000343322754,9.729999542236328,9.319999694824219,9.390000343322754,8.172603607177734,3443200,0.0,0.0
2021-02-19 00:00:00-05:00,9.390000343322754,9.795000076293945,9.34000015258789,9.680000305175781,8.425005912780762,3304500,0.0,0.0
2021-02-22 00:00:00-05:00,9.720000267028809,9.989999771118164,9.640000343322754,9.720000267028809,8.459817886352539,3403300,0.0,0.0
2021-02-23 00:00:00-05:00,9.729999542236328,9.96500015258789,9.4399995803833,9.90999984741211,8.625184059143066,4020400,0.0,0.0
2021-02-24 00:00:00-05:00,9.829999923706055,10.3100004196167,9.720000267028809,10.25,8.921104431152344,4873300,0.0,0.0
2021-02-25 00:00:00-05:00,10.149999618530273,10.239999771118164,9.40999984741211,9.479999542236328,8.250932693481445,4520600,0.0,0.0
2021-02-26 00:00:00-05:00,8.529999732971191,8.699999809265137,7.599999904632568,7.610000133514404,6.62337589263916,15340900,0.0,0.0
2021-03-01 00:00:00-05:00,7.710000038146973,7.849999904632568,7.480000019073486,7.739999771118164,6.736521244049072,7627300,0.0,0.0
2021-03-02 00:00:00-05:00,7.610000133514404,7.679999828338623,7.170000076293945,7.179999828338623,6.249125003814697,7964500,0.0,0.0
2021-03-03 00:00:00-05:00,7.230000019073486,7.380000114440918,7.03000020980835,7.070000171661377,6.153387069702148,7396100,0.0,0.0
2021-03-04 00:00:00-05:00,7.119999885559082,7.125999927520752,6.730000019073486,6.869999885559082,5.979315280914307,5731700,0.0,0.0
2021-03-05 00:00:00-05:00,6.989999771118164,7.320000171661377,6.880000114440918,7.239999771118164,6.301345348358154,6352300,0.0,0.0
2021-03-08 00:00:00-05:00,7.599999904632568,7.710000038146973,7.329999923706055,7.610000133514404,6.62337589263916,9136200,0.0,0.0
2021-03-09 00:00:00-05:00,7.730000019073486,7.840000152587891,7.599999904632568,7.610000133514404,6.62337589263916,3692100,0.0,0.0
2021-03-10 00:00:00-05:00,7.730000019073486,7.994999885559082,7.699999809265137,7.929999828338623,6.901889324188232,4480200,0.0,0.0
2021-03-11 00:00:00-05:00,8.640000343322754,8.680000305175781,8.1899995803833,8.569999694824219,7.458911895751953,5463000,0.0,0.0
2021-03-12 00:00:00-05:00,8.430000305175781,8.449999809265137,8.229999542236328,8.319999694824219,7.241325855255127,2607800,0.0,0.0
2021-03-15 00:00:00-04:00,8.3100004196167,8.390000343322754,8.1899995803833,8.25,7.1804022789001465,3140300,0.0,0.0
2021-03-16 00:00:00-04:00,8.270000457763672,8.40999984741211,8.145000457763672,8.329999923706055,7.250028610229492,2573700,0.0,0.0
2021-03-17 00:00:00-04:00,8.239999771118164,8.25,8.0,8.220000267028809,7.184478282928467,2812400,0.035,0.0
2021-03-18 00:00:00-04:00,8.170000076293945,8.23900032043457,7.900000095367432,7.960000038146973,6.957232475280762,2667500,0.0,0.0
2021-03-19 00:00:00-04:00,7.96999979019165,8.0,7.829999923706055,7.949999809265137,6.94849157333374,3507500,0.0,0.0
2021-03-22 00:00:00-04:00,8.0,8.039999961853027,7.888000011444092,7.989999771118164,6.983451843261719,2489000,0.0,0.0
2021-03-23 00:00:00-04:00,7.909999847412109,7.949999809265137,7.690000057220459,7.78000020980835,6.799907684326172,4578100,0.0,0.0
2021-03-24 00:00:00-04:00,7.809999942779541,7.900000095367432,7.690000057220459,7.75,6.773687362670898,4136000,0.0,0.0
2021-03-25 00:00:00-04:00,7.710000038146973,8.029999732971191,7.590000152587891,8.010000228881836,7.000932693481445,3242600,0.0,0.0
2021-03-26 00:00:00-04:00,8.029999732971191,8.255000114440918,8.020000457763672,8.210000038146973,7.175737380981445,3480800,0.0,0.0
2021-03-29 00:00:00-04:00,8.239999771118164,8.489999771118164,8.199999809265137,8.319999694824219,7.27187967300415,3689300,0.0,0.0
2021-03-30 00:00:00-04:00,8.300000190734863,8.380000114440918,8.114999771118164,8.289999961853027,7.245659828186035,3118700,0.0,0.0
2021-03-31 00:00:00-04:00,8.300000190734863,8.59000015258789,8.289999961853027,8.4399995803833,7.376762866973877,3463300,0.0,0.0
2021-04-01 00:00:00-04:00,8.5,8.619999885559082,8.390000343322754,8.460000038146973,7.3942437171936035,3022100,0.0,0.0
2021-04-05 00:00:00-04:00,8.5600004196167,9.239999771118164,8.520000457763672,8.890000343322754,7.77007532119751,7451100,0.0,0.0
2021-04-06 00:00:00-04:00,8.890000343322754,9.109999656677246,8.819999694824219,9.020000457763672,7.883697986602783,2498800,0.0,0.0
2021-04-07 00:00:00-04:00,9.039999961853027,9.069999694824219,8.850000381469727,8.9399995803833,7.813774585723877,3015600,0.0,0.0
2021-04-08 00:00:00-04:00,8.90999984741211,9.3100004196167,8.899999618530273,9.210000038146973,8.049761772155762,4687300,0.0,0.0
2021-04-09 00:00:00-04:00,9.199999809265137,9.5,9.192000389099121,9.5,8.303228378295898,5333600,0.0,0.0
2021-04-12 00:00:00-04:00,9.470000267028809,9.550000190734863,9.270000457763672,9.520000457763672,8.320709228515625,5134600,0.0,0.0
2021-04-13 00:00:00-04:00,9.4399995803833,9.5,9.0649995803833,9.25,8.084723472595215,7766500,0.0,0.0
2021-04-14 00:00:00-04:00,9.199999809265137,9.399999618530273,9.1899995803833,9.319999694824219,8.145904541015625,2507900,0.0,0.0
2021-04-15 00:00:00-04:00,9.399999618530273,9.510000228881836,9.345000267028809,9.449999809265137,8.259528160095215,1917500,0.0,0.0
2021-04-16 00:00:00-04:00,9.520000457763672,9.649999618530273,9.460000038146973,9.619999885559082,8.408111572265625,1901400,0.0,0.0
2021-04-19 00:00:00-04:00,9.5600004196167,9.694999694824219,9.170000076293945,9.199999809265137,8.041022300720215,2735900,0.0,0.0
2021-04-20 00:00:00-04:00,9.130000114440918,9.140000343322754,8.6899995803833,8.760000228881836,7.656451225280762,3252900,0.0,0.0
2021-04-21 00:00:00-04:00,8.75,8.949999809265137,8.675000190734863,8.90999984741211,7.787552833557129,1661400,0.0,0.0
2021-04-22 00:00:00-04:00,8.850000381469727,9.095000267028809,8.829999923706055,8.890000343322754,7.77007532119751,1631700,0.0,0.0
2021-04-23 00:00:00-04:00,8.890000343322754,9.319999694824219,8.789999961853027,9.260000228881836,8.093461036682129,2877100,0.0,0.0
2021-04-26 00:00:00-04:00,9.319999694824219,9.720000267028809,9.3149995803833,9.6899995803833,8.469292640686035,3443100,0.0,0.0
2021-04-27 00:00:00-04:00,9.630000114440918,9.84000015258789,9.489999771118164,9.520000457763672,8.320709228515625,4445500,0.0,0.0
2021-04-28 00:00:00-04:00,9.529999732971191,9.710000038146973,9.479999542236328,9.59000015258789,8.381892204284668,7000600,0.0,0.0
2021-04-29 00:00:00-04:00,9.619999885559082,10.100000381469727,9.380000114440918,9.460000038146973,8.268268585205078,6249300,0.0,0.0
2021-04-30 00:00:00-04:00,9.399999618530273,9.649999618530273,9.140000343322754,9.199999809265137,8.041022300720215,2913100,0.0,0.0
2021-05-03 00:00:00-04:00,9.329999923706055,9.470000267028809,9.100000381469727,9.420000076293945,8.233305931091309,3442700,0.0,0.0
2021-05-04 00:00:00-04:00,9.3100004196167,9.5,9.170000076293945,9.229999542236328,8.067242622375488,5059200,0.0,0.0
2021-05-05 00:00:00-04:00,9.289999961853027,9.326000213623047,8.9350004196167,9.210000038146973,8.049761772155762,3243200,0.0,0.0
2021-05-06 00:00:00-04:00,8.390000343322754,9.520000457763672,8.239999771118164,9.520000457763672,8.320709228515625,6349200,0.0,0.0
2021-05-07 00:00:00-04:00,9.4399995803833,9.795000076293945,9.40999984741211,9.6899995803833,8.469292640686035,2373500,0.0,0.0
2021-05-10 00:00:00-04:00,9.729999542236328,9.770000457763672,9.40999984741211,9.479999542236328,8.285747528076172,2902800,0.0,0.0
2021-05-11 00:00:00-04:00,9.210000038146973,9.640000343322754,9.069999694824219,9.460000038146973,8.268268585205078,3947800,0.0,0.0
2021-05-12 00:00:00-04:00,9.449999809265137,9.930000305175781,9.373000144958496,9.5,8.303228378295898,9704000,0.0,0.0
2021-05-13 00:00:00-04:00,9.5,9.710000038146973,9.15999984741211,9.279999732971191,8.110941886901855,5322000,0.0,0.0
2021-05-14 00:00:00-04:00,9.390000343322754,9.390000343322754,9.220000267028809,9.300000190734863,8.128422737121582,2821100,0.0,0.0
2021-05-17 00:00:00-04:00,9.180000305175781,9.25,8.994999885559082,9.180000305175781,8.023540496826172,4149900,0.0,0.0
2021-05-18 00:00:00-04:00,9.239999771118164,9.510000228881836,9.170000076293945,9.5,8.303228378295898,2819100,0.0,0.0
2021-05-19 00:00:00-04:00,9.380000114440918,9.739999771118164,9.300000190734863,9.640000343322754,8.425592422485352,7691000,0.0,0.0
2021-05-20 00:00:00-04:00,9.680000305175781,10.260000228881836,9.640000343322754,10.119999885559082,8.845123291015625,9075300,0.0,0.0
2021-05-21 00:00:00-04:00,10.199999809265137,10.289999961853027,10.09000015258789,10.199999809265137,8.915046691894531,3521900,0.0,0.0
2021-05-24 00:00:00-04:00,10.289999961853027,10.59000015258789,10.23900032043457,10.489999771118164,9.168511390686035,6151500,0.0,0.0
2021-05-25 00:00:00-04:00,10.5,10.664999961853027,10.114999771118164,10.170000076293945,8.888823509216309,3793300,0.0,0.0
2021-05-26 00:00:00-04:00,10.239999771118164,10.380000114440918,10.1899995803833,10.239999771118164,8.950005531311035,1990100,0.0,0.0
2021-05-27 00:00:00-04:00,10.260000228881836,10.46500015258789,10.260000228881836,10.369999885559082,9.063631057739258,2297200,0.0,0.0
2021-05-28 00:00:00-04:00,10.380000114440918,10.46500015258789,10.3100004196167,10.34000015258789,9.037407875061035,1487500,0.0,0.0
2021-06-01 00:00:00-04:00,10.399999618530273,10.470000267028809,10.3100004196167,10.449999809265137,9.133552551269531,1638500,0.0,0.0
2021-06-02 00:00:00-04:00,10.430000305175781,10.489999771118164,10.319999694824219,10.359999656677246,9.054887771606445,4034400,0.0,0.0
2021-06-03 00:00:00-04:00,10.329999923706055,10.569999694824219,10.3100004196167,10.5,9.177251815795898,4283100,0.0,0.0
2021-06-04 00:00:00-04:00,10.600000381469727,11.104999542236328,10.53499984741211,11.039999961853027,9.649224281311035,3828200,0.0,0.0
2021-06-07 00:00:00-04:00,11.09000015258789,11.229999542236328,10.949999809265137,11.119999885559082,9.719145774841309,3380100,0.0,0.0
2021-06-08 00:00:00-04:00,11.1899995803833,11.765000343322754,11.140000343322754,11.550000190734863,10.094979286193848,4559400,0.0,0.0
2021-06-09 00:00:00-04:00,11.5600004196167,11.680000305175781,11.354999542236328,11.510000228881836,10.060016632080078,2621900,0.0,0.0
2021-06-10 00:00:00-04:00,11.569999694824219,11.774999618530273,11.4399995803833,11.520000457763672,10.068757057189941,2314000,0.0,0.0
2021-06-11 00:00:00-04:00,11.520000457763672,11.760000228881836,11.510000228881836,11.630000114440918,10.164897918701172,1951900,0.0,0.0
2021-06-14 00:00:00-04:00,11.649999618530273,11.739999771118164,11.515000343322754,11.59000015258789,10.129936218261719,2243200,0.0,0.0
2021-06-15 00:00:00-04:00,11.569999694824219,11.609999656677246,11.395000457763672,11.470000267028809,10.025055885314941,1308900,0.0,0.0
2021-06-16 00:00:00-04:00,11.4399995803833,11.539999961853027,11.350000381469727,11.489999771118164,10.073274612426758,1370900,0.035,0.0
2021-06-17 00:00:00-04:00,11.539999961853027,11.725000381469727,11.4399995803833,11.600000381469727,10.169713020324707,1767300,0.0,0.0
2021-06-18 00:00:00-04:00,11.449999809265137,11.489999771118164,10.869999885559082,10.899999618530273,9.556022644042969,4168400,0.0,0.0
2021-06-21 00:00:00-04:00,10.949999809265137,11.32800006866455,10.949999809265137,11.279999732971191,9.889165878295898,1774400,0.0,0.0
2021-06-22 00:00:00-04:00,11.239999771118164,11.369999885559082,11.010000228881836,11.319999694824219,9.924236297607422,3474400,0.0,0.0
2021-06-23 00:00:00-04:00,11.369999885559082,11.399999618530273,10.619999885559082,10.75,9.424516677856445,4806200,0.0,0.0
2021-06-24 00:00:00-04:00,10.850000381469727,11.09000015258789,10.619999885559082,10.949999809265137,9.599858283996582,4010300,0.0,0.0
2021-06-25 00:00:00-04:00,10.960000038146973,11.130000114440918,10.9350004196167,11.069999694824219,9.705060005187988,2584200,0.0,0.0
2021-06-28 00:00:00-04:00,11.119999885559082,11.119999885559082,10.9399995803833,11.029999732971191,9.669992446899414,1639400,0.0,0.0
2021-06-29 00:00:00-04:00,11.050000190734863,11.180000305175781,10.949999809265137,10.949999809265137,9.599858283996582,1485300,0.0,0.0
2021-06-30 00:00:00-04:00,10.9399995803833,10.9399995803833,10.710000038146973,10.789999961853027,9.459586143493652,2355700,0.0,0.0
2021-07-01 00:00:00-04:00,10.829999923706055,10.9399995803833,10.779999732971191,10.890000343322754,9.547255516052246,1653400,0.0,0.0
2021-07-02 00:00:00-04:00,10.949999809265137,10.949999809265137,10.699999809265137,10.75,9.424516677856445,1396500,0.0,0.0
2021-07-06 00:00:00-04:00,10.670000076293945,10.720000267028809,10.510000228881836,10.699999809265137,9.380683898925781,2687200,0.0,0.0
2021-07-07 00:00:00-04:00,10.710000038146973,10.75,10.404999732971191,10.479999542236328,9.187808990478516,1514400,0.0,0.0
2021-07-08 00:00:00-04:00,10.210000038146973,10.470000267028809,9.979999542236328,10.350000381469727,9.073838233947754,2789800,0.0,0.0
2021-07-09 00:00:00-04:00,10.479999542236328,10.729999542236328,10.380000114440918,10.640000343322754,9.328080177307129,1285100,0.0,0.0
2021-07-12 00:00:00-04:00,10.579999923706055,10.680000305175781,10.449999809265137,10.670000076293945,9.354382514953613,1392600,0.0,0.0
2021-07-13 00:00:00-04:00,10.579999923706055,10.640000343322754,10.489999771118164,10.539999961853027,9.240409851074219,1758500,0.0,0.0
2021-07-14 00:00:00-04:00,10.529999732971191,10.645000457763672,10.40999984741211,10.4399995803833,9.152740478515625,1493600,0.0,0.0
2021-07-15 00:00:00-04:00,10.359999656677246,10.489999771118164,10.220000267028809,10.350000381469727,9.073838233947754,1896600,0.0,0.0
2021-07-16 00:00:00-04:00,10.4399995803833,10.470000267028809,10.149999618530273,10.180000305175781,8.924797058105469,1909300,0.0,0.0
2021-07-19 00:00:00-04:00,10.0600004196167,10.079999923706055,9.760000228881836,10.0600004196167,8.819594383239746,3965600,0.0,0.0
2021-07-20 00:00:00-04:00,10.109999656677246,10.550000190734863,10.09000015258789,10.34000015258789,9.065070152282715,2585600,0.0,0.0
2021-07-21 00:00:00-04:00,10.3100004196167,10.550000190734863,10.25,10.510000228881836,9.21410846710205,1481800,0.0,0.0
2021-07-22 00:00:00-04:00,10.470000267028809,10.470000267028809,10.244999885559082,10.350000381469727,9.073838233947754,1665800,0.0,0.0
2021-07-23 00:00:00-04:00,10.489999771118164,10.489999771118164,10.28499984741211,10.4399995803833,9.152740478515625,746900,0.0,0.0
2021-07-26 00:00:00-04:00,10.460000038146973,10.65999984741211,10.40999984741211,10.649999618530273,9.336847305297852,1100600,0.0,0.0
2021-07-27 00:00:00-04:00,10.539999961853027,10.579999923706055,10.279999732971191,10.40999984741211,9.126439094543457,1505900,0.0,0.0
2021-07-28 00:00:00-04:00,10.329999923706055,10.5600004196167,10.239999771118164,10.4399995803833,9.152740478515625,1074500,0.0,0.0
2021-07-29 00:00:00-04:00,10.59000015258789,10.760000228881836,10.569999694824219,10.59000015258789,9.284246444702148,897300,0.0,0.0
2021-07-30 00:00:00-04:00,10.460000038146973,10.649999618530273,10.420000076293945,10.489999771118164,9.196575164794922,1565100,0.0,0.0
2021-08-02 00:00:00-04:00,10.510000228881836,10.8149995803833,10.5,10.619999885559082,9.310544967651367,1713500,0.0,0.0
2021-08-03 00:00:00-04:00,10.680000305175781,10.710000038146973,10.390000343322754,10.630000114440918,9.319313049316406,1739000,0.0,0.0
2021-08-04 00:00:00-04:00,10.489999771118164,10.569999694824219,10.350000381469727,10.510000228881836,9.21410846710205,2652800,0.0,0.0
2021-08-05 00:00:00-04:00,10.380000114440918,10.5,9.119999885559082,9.199999809265137,8.065632820129395,7635800,0.0,0.0
2021-08-06 00:00:00-04:00,9.270000457763672,9.40999984741211,9.130000114440918,9.279999732971191,8.13576889038086,2135900,0.0,0.0
2021-08-09 00:00:00-04:00,9.229999542236328,9.449999809265137,9.104999542236328,9.140000343322754,8.013032913208008,1867900,0.0,0.0
2021-08-10 00:00:00-04:00,9.15999984741211,9.25,9.020000457763672,9.180000305175781,8.04809856414795,3400700,0.0,0.0
2021-08-11 00:00:00-04:00,9.069999694824219,9.119999885559082,8.920000076293945,9.079999923706055,7.960430145263672,1488200,0.0,0.0
2021-08-12 00:00:00-04:00,9.029999732971191,9.095999717712402,8.899999618530273,8.920000076293945,7.820155143737793,1816600,0.0,0.0
2021-08-13 00:00:00-04:00,8.960000038146973,8.960000038146973,8.75,8.779999732971191,7.697418689727783,1405100,0.0,0.0
2021-08-16 00:00:00-04:00,8.699999809265137,8.760000228881836,8.550000190734863,8.710000038146973,7.636050224304199,2018700,0.0,0.0
2021-08-17 00:00:00-04:00,8.670000076293945,8.670000076293945,8.359999656677246,8.479999542236328,7.43441104888916,3440500,0.0,0.0
2021-08-18 00:00:00-04:00,8.4399995803833,8.489999771118164,8.180000305175781,8.1899995803833,7.180166721343994,1703000,0.0,0.0
2021-08-19 00:00:00-04:00,8.0600004196167,8.399999618530273,7.889999866485596,8.130000114440918,7.127565383911133,5294700,0.0,0.0
2021-08-20 00:00:00-04:00,8.109999656677246,8.229999542236328,8.050000190734863,8.210000038146973,7.1977009773254395,1229100,0.0,0.0
2021-08-23 00:00:00-04:00,8.25,8.375,8.220000267028809,8.3100004196167,7.285370826721191,1119700,0.0,0.0
2021-08-24 00:00:00-04:00,8.289999961853027,8.420000076293945,8.270000457763672,8.380000114440918,7.346740245819092,1260000,0.0,0.0
2021-08-25 00:00:00-04:00,8.390000343322754,8.505000114440918,8.300000190734863,8.460000038146973,7.416876316070557,1195000,0.0,0.0
2021-08-26 00:00:00-04:00,8.460000038146973,8.5,8.3100004196167,8.3100004196167,7.285370826721191,1349900,0.0,0.0
2021-08-27 00:00:00-04:00,8.300000190734863,8.5,8.270000457763672,8.430000305175781,7.390573978424072,1066000,0.0,0.0
2021-08-30 00:00:00-04:00,8.460000038146973,8.460000038146973,8.305000305175781,8.34000015258789,7.311672210693359,1133800,0.0,0.0
2021-08-31 00:00:00-04:00,8.380000114440918,8.595000267028809,8.350000381469727,8.5600004196167,7.504545211791992,1969100,0.0,0.0
2021-09-01 00:00:00-04:00,8.569999694824219,8.774999618530273,8.5600004196167,8.699999809265137,7.627285003662109,3377400,0.0,0.0
2021-09-02 00:00:00-04:00,8.75,8.960000038146973,8.680000305175781,8.6899995803833,7.61851692199707,1647500,0.0,0.0
2021-09-03 00:00:00-04:00,8.739999771118164,8.84000015258789,8.65999984741211,8.729999542236328,7.653585433959961,1278100,0.0,0.0
2021-09-07 00:00:00-04:00,8.699999809265137,8.789999961853027,8.609999656677246,8.619999885559082,7.557148456573486,770000,0.0,0.0
2021-09-08 00:00:00-04:00,8.5600004196167,8.59000015258789,8.40999984741211,8.550000190734863,7.495779991149902,1568500,0.0,0.0
2021-09-09 00:00:00-04:00,8.489999771118164,8.520000457763672,8.350000381469727,8.399999618530273,7.364273548126221,1117600,0.0,0.0
2021-09-10 00:00:00-04:00,8.430000305175781,8.430000305175781,8.100000381469727,8.109999656677246,7.110030651092529,1379300,0.0,0.0
2021-09-13 00:00:00-04:00,8.1899995803833,8.510000228881836,8.125,8.420000076293945,7.381807327270508,1816100,0.0,0.0
2021-09-14 00:00:00-04:00,8.460000038146973,8.460000038146973,7.989999771118164,8.010000228881836,7.022361755371094,2371700,0.0,0.0
2021-09-15 00:00:00-04:00,8.010000228881836,8.015000343322754,7.84499979019165,7.909999847412109,6.965125560760498,2112900,0.035,0.0
2021-09-16 00:00:00-04:00,7.949999809265137,8.074999809265137,7.860000133514404,7.929999828338623,6.982736587524414,1500100,0.0,0.0
2021-09-17 00:00:00-04:00,8.270000457763672,8.319999694824219,8.050000190734863,8.300000190734863,7.308539867401123,5702900,0.0,0.0
2021-09-20 00:00:00-04:00,8.109999656677246,8.239999771118164,7.989999771118164,8.119999885559082,7.150040149688721,2270900,0.0,0.0
2021-09-21 00:00:00-04:00,8.170000076293945,8.220000267028809,7.909999847412109,7.929999828338623,6.982736587524414,2602800,0.0,0.0
2021-09-22 00:00:00-04:00,8.050000190734863,8.170000076293945,7.980000019073486,8.020000457763672,7.061986446380615,1361000,0.0,0.0
2021-09-23 00:00:00-04:00,8.039999961853027,8.369999885559082,8.029999732971191,8.199999809265137,7.220484256744385,1977500,0.0,0.0
2021-09-24 00:00:00-04:00,8.1899995803833,8.329999923706055,8.109999656677246,8.170000076293945,7.194067001342773,1701700,0.0,0.0
2021-09-27 00:00:00-04:00,8.170000076293945,8.510000228881836,8.119999885559082,8.319999694824219,7.3261494636535645,2474100,0.0,0.0
2021-09-28 00:00:00-04:00,8.270000457763672,8.369999885559082,8.095000267028809,8.170000076293945,7.194067001342773,1320500,0.0,0.0
2021-09-29 00:00:00-04:00,8.199999809265137,8.25,8.119999885559082,8.199999809265137,7.220484256744385,1156900,0.0,0.0
2021-09-30 00:00:00-04:00,8.199999809265137,8.258999824523926,8.029999732971191,8.09000015258789,7.1236252784729,1450800,0.0,0.0
2021-10-01 00:00:00-04:00,8.079999923706055,8.1899995803833,7.985000133514404,8.170000076293945,7.194067001342773,1749100,0.0,0.0
2021-10-04 00:00:00-04:00,8.170000076293945,8.225000381469727,8.050000190734863,8.119999885559082,7.150040149688721,1242600,0.0,0.0
2021-10-05 00:00:00-04:00,8.09000015258789,8.390000343322754,8.039999961853027,8.34000015258789,7.343760967254639,3696400,0.0,0.0
2021-10-06 00:00:00-04:00,8.239999771118164,8.289999961853027,8.055000305175781,8.180000305175781,7.202874183654785,1667900,0.0,0.0
2021-10-07 00:00:00-04:00,8.270000457763672,8.5,8.085000038146973,8.15999984741211,7.185262680053711,2422200,0.0,0.0
2021-10-08 00:00:00-04:00,8.229999542236328,8.489999771118164,8.210000038146973,8.359999656677246,7.361372470855713,1561100,0.0,0.0
2021-10-11 00:00:00-04:00,8.399999618530273,8.479999542236328,8.270000457763672,8.279999732971191,7.290928840637207,939400,0.0,0.0
2021-10-12 00:00:00-04:00,8.25,8.34000015258789,8.239999771118164,8.279999732971191,7.290928840637207,926400,0.0,0.0
2021-10-13 00:00:00-04:00,8.329999923706055,8.414999961853027,8.25,8.369999885559082,7.370176792144775,1040500,0.0,0.0
2021-10-14 00:00:00-04:00,8.5,8.640000343322754,8.479999542236328,8.539999961853027,7.519869804382324,1348100,0.0,0.0
2021-10-15 00:00:00-04:00,8.600000381469727,8.630000114440918,8.4399995803833,8.479999542236328,7.467038154602051,926700,0.0,0.0
2021-10-18 00:00:00-04:00,8.449999809265137,8.53499984741211,8.369999885559082,8.479999542236328,7.467038154602051,573700,0.0,0.0
2021-10-19 00:00:00-04:00,8.5,8.529999732971191,8.380000114440918,8.479999542236328,7.467038154602051,692600,0.0,0.0
2021-10-20 00:00:00-04:00,8.449999809265137,8.6850004196167,8.449999809265137,8.59000015258789,7.563900470733643,1555300,0.0,0.0
2021-10-21 00:00:00-04:00,8.619999885559082,8.649999618530273,8.399999618530273,8.539999961853027,7.519869804382324,1987200,0.0,0.0
2021-10-22 00:00:00-04:00,8.510000228881836,8.539999961853027,8.380000114440918,8.40999984741211,7.405398368835449,578800,0.0,0.0
2021-10-25 00:00:00-04:00,8.270000457763672,8.40999984741211,8.270000457763672,8.399999618530273,7.3965935707092285,836800,0.0,0.0
2021-10-26 00:00:00-04:00,8.430000305175781,8.444999694824219,8.210000038146973,8.210000038146973,7.229289531707764,598600,0.0,0.0
2021-10-27 00:00:00-04:00,8.239999771118164,8.329999923706055,8.15999984741211,8.210000038146973,7.229289531707764,774300,0.0,0.0
2021-10-28 00:00:00-04:00,8.1899995803833,8.420000076293945,8.180000305175781,8.420000076293945,7.414203643798828,1170900,0.0,0.0
2021-10-29 00:00:00-04:00,8.34000015258789,8.399999618530273,8.270000457763672,8.350000381469727,7.352566719055176,953900,0.0,0.0
2021-11-01 00:00:00-04:00,8.380000114440918,8.770000457763672,8.350000381469727,8.729999542236328,7.687175750732422,2184700,0.0,0.0
2021-11-02 00:00:00-04:00,8.699999809265137,8.720000267028809,8.520000457763672,8.670000076293945,7.634342670440674,1571300,0.0,0.0
2021-11-03 00:00:00-04:00,8.699999809265137,9.329999923706055,8.619999885559082,8.949999809265137,7.880894660949707,6265400,0.0,0.0
2021-11-04 00:00:00-04:00,8.979999542236328,9.09000015258789,8.65999984741211,8.670000076293945,7.634342670440674,2333400,0.0,0.0
2021-11-05 00:00:00-04:00,8.739999771118164,9.050000190734863,8.739999771118164,9.039999961853027,7.960142135620117,1108500,0.0,0.0
2021-11-08 00:00:00-05:00,9.199999809265137,9.199999809265137,8.8100004196167,9.0,7.924923419952393,1525300,0.0,0.0
2021-11-09 00:00:00-05:00,9.460000038146973,10.390000343322754,9.130000114440918,10.09000015258789,8.884716033935547,11752100,0.0,0.0
2021-11-10 00:00:00-05:00,10.010000228881836,10.010000228881836,8.649999618530273,8.949999809265137,7.880894660949707,4810800,0.0,0.0
2021-11-11 00:00:00-05:00,9.0,9.020000457763672,8.710000038146973,8.890000343322754,7.828062534332275,1793800,0.0,0.0
2021-11-12 00:00:00-05:00,8.850000381469727,9.149999618530273,8.789999961853027,9.100000381469727,8.012979507446289,1200000,0.0,0.0
2021-11-15 00:00:00-05:00,9.140000343322754,9.220000267028809,8.90999984741211,8.949999809265137,7.880894660949707,1843900,0.0,0.0
2021-11-16 00:00:00-05:00,8.975000381469727,9.229999542236328,8.869999885559082,9.170000076293945,8.074614524841309,1491500,0.0,0.0
2021-11-17 00:00:00-05:00,9.130000114440918,9.319999694824219,9.010000228881836,9.199999809265137,8.101031303405762,1189400,0.0,0.0
2021-11-18 00:00:00-05:00,9.279999732971191,9.289999961853027,8.949999809265137,8.970000267028809,7.898505687713623,1471800,0.0,0.0
2021-11-19 00:00:00-05:00,8.9399995803833,9.1899995803833,8.90999984741211,8.989999771118164,7.916118621826172,983900,0.0,0.0
2021-11-22 00:00:00-05:00,8.9399995803833,9.055000305175781,8.725000381469727,8.859999656677246,7.801644802093506,1407100,0.0,0.0
2021-11-23 00:00:00-05:00,8.789999961853027,8.979999542236328,8.779999732971191,8.859999656677246,7.801644802093506,1175000,0.0,0.0
2021-11-24 00:00:00-05:00,8.8100004196167,9.050000190734863,8.779999732971191,8.859999656677246,7.801644802093506,1014200,0.0,0.0
2021-11-26 00:00:00-05:00,8.489999771118164,8.619999885559082,8.378000259399414,8.510000228881836,7.493453502655029,1088400,0.0,0.0
2021-11-29 00:00:00-05:00,8.720000267028809,8.760000228881836,8.420000076293945,8.489999771118164,7.4758429527282715,1044200,0.0,0.0
2021-11-30 00:00:00-05:00,8.380000114440918,8.5,8.180000305175781,8.3100004196167,7.317343711853027,1866200,0.0,0.0
2021-12-01 00:00:00-05:00,8.489999771118164,8.569999694824219,8.059000015258789,8.069999694824219,7.10601282119751,1510300,0.0,0.0
2021-12-02 00:00:00-05:00,8.0600004196167,8.380000114440918,7.965000152587891,8.34000015258789,7.343760967254639,1299400,0.0,0.0
2021-12-03 00:00:00-05:00,8.289999961853027,8.369999885559082,7.989999771118164,8.109999656677246,7.141234397888184,1246100,0.0,0.0
2021-12-06 00:00:00-05:00,8.199999809265137,8.40999984741211,8.069999694824219,8.34000015258789,7.343760967254639,1151600,0.0,0.0
2021-12-07 00:00:00-05:00,8.449999809265137,8.625,8.420000076293945,8.550000190734863,7.528676986694336,1653200,0.0,0.0
2021-12-08 00:00:00-05:00,8.539999961853027,8.710000038146973,8.479999542236328,8.65999984741211,7.625535011291504,1193300,0.0,0.0
2021-12-09 00:00:00-05:00,8.520000457763672,8.720000267028809,8.470000267028809,8.539999961853027,7.519869804382324,1284100,0.0,0.0
2021-12-10 00:00:00-05:00,8.609999656677246,8.670000076293945,8.430000305175781,8.5,7.484647750854492,825300,0.0,0.0
2021-12-13 00:00:00-05:00,8.380000114440918,8.420000076293945,8.130000114440918,8.15999984741211,7.185262680053711,1844900,0.0,0.0
2021-12-14 00:00:00-05:00,8.0600004196167,8.210000038146973,7.909999847412109,8.039999961853027,7.079596042633057,2428700,0.0,0.0
2021-12-15 00:00:00-05:00,7.940000057220459,8.055000305175781,7.840000152587891,8.039999961853027,7.1105499267578125,2023400,0.035,0.0
2021-12-16 00:00:00-05:00,8.029999732971191,8.210000038146973,7.90500020980835,7.960000038146973,7.03980016708374,1622900,0.0,0.0
2021-12-17 00:00:00-05:00,7.849999904632568,8.09000015258789,7.771999835968018,8.069999694824219,7.137082099914551,3452200,0.0,0.0
2021-12-20 00:00:00-05:00,7.949999809265137,8.020000457763672,7.775000095367432,8.010000228881836,7.084018230438232,1830600,0.0,0.0
2021-12-21 00:00:00-05:00,8.100000381469727,8.40999984741211,8.09000015258789,8.220000267028809,7.269742012023926,3047900,0.0,0.0
2021-12-22 00:00:00-05:00,8.199999809265137,8.390000343322754,8.135000228881836,8.350000381469727,7.3847150802612305,1204500,0.0,0.0
2021-12-23 00:00:00-05:00,8.380000114440918,8.670000076293945,8.345000267028809,8.5600004196167,7.570436954498291,1793500,0.0,0.0
2021-12-27 00:00:00-05:00,8.5600004196167,8.760000228881836,8.494999885559082,8.65999984741211,7.658877372741699,1202400,0.0,0.0
2021-12-28 00:00:00-05:00,8.59000015258789,8.699999809265137,8.508999824523926,8.5600004196167,7.570436954498291,1070700,0.0,0.0
2021-12-29 00:00:00-05:00,8.539999961853027,8.579999923706055,8.390000343322754,8.4399995803833,7.464310169219971,1105300,0.0,0.0
2021-12-30 00:00:00-05:00,8.430000305175781,8.550000190734863,8.319999694824219,8.350000381469727,7.3847150802612305,1638500,0.0,0.0
2021-12-31 00:00:00-05:00,8.319999694824219,8.430000305175781,8.279999732971191,8.40999984741211,7.437777042388916,793300,0.0,0.0
2022-01-03 00:00:00-05:00,8.449999809265137,8.505000114440918,8.279999732971191,8.420000076293945,7.446620464324951,1412500,0.0,0.0
2022-01-04 00:00:00-05:00,8.460000038146973,8.789999961853027,8.460000038146973,8.640000343322754,7.641188621520996,1519000,0.0,0.0
2022-01-05 00:00:00-05:00,8.770000457763672,8.970000267028809,8.550000190734863,8.640000343322754,7.641188621520996,2881500,0.0,0.0
2022-01-06 00:00:00-05:00,8.0,8.40999984741211,7.820000171661377,7.880000114440918,6.969047546386719,6031900,0.0,0.0
2022-01-07 00:00:00-05:00,7.889999866485596,7.909999847412109,7.659999847412109,7.889999866485596,6.977891445159912,2955000,0.0,0.0
2022-01-10 00:00:00-05:00,7.809999942779541,7.820000171661377,7.5,7.679999828338623,6.792169094085693,1817000,0.0,0.0
2022-01-11 00:00:00-05:00,7.619999885559082,7.940000057220459,7.570000171661377,7.929999828338623,7.0132670402526855,1640200,0.0,0.0
2022-01-12 00:00:00-05:00,8.0,8.109999656677246,7.849999904632568,7.860000133514404,6.95136022567749,1073100,0.0,0.0
2022-01-13 00:00:00-05:00,7.909999847412109,8.0,7.840000152587891,7.940000057220459,7.022110939025879,1251200,0.0,0.0
2022-01-14 00:00:00-05:00,7.820000171661377,7.940000057220459,7.75,7.920000076293945,7.004422664642334,884900,0.0,0.0
2022-01-18 00:00:00-05:00,7.800000190734863,8.220000267028809,7.699999809265137,7.820000171661377,6.915983200073242,5780300,0.0,0.0
2022-01-19 00:00:00-05:00,7.820000171661377,7.880000114440918,7.639999866485596,7.659999847412109,6.774479866027832,1617400,0.0,0.0
2022-01-20 00:00:00-05:00,7.670000076293945,7.78000020980835,7.380000114440918,7.380000114440918,6.526848793029785,1948800,0.0,0.0
2022-01-21 00:00:00-05:00,7.389999866485596,7.460000038146973,7.135000228881836,7.179999828338623,6.349969863891602,2682400,0.0,0.0
2022-01-24 00:00:00-05:00,7.0,7.329999923706055,6.679999828338623,7.300000190734863,6.45609712600708,5179700,0.0,0.0
2022-01-25 00:00:00-05:00,7.159999847412109,7.385000228881836,7.045000076293945,7.340000152587891,6.4914727210998535,1958600,0.0,0.0
2022-01-26 00:00:00-05:00,7.46999979019165,7.519999980926514,7.230000019073486,7.260000228881836,6.420721054077148,1853200,0.0,0.0
2022-01-27 00:00:00-05:00,7.28000020980835,7.494999885559082,7.170000076293945,7.210000038146973,6.376500606536865,2382600,0.0,0.0
2022-01-28 00:00:00-05:00,7.159999847412109,7.380000114440918,7.025000095367432,7.369999885559082,6.518005847930908,1953100,0.0,0.0
2022-01-31 00:00:00-05:00,7.210000038146973,7.619999885559082,7.199999809265137,7.590000152587891,6.71257209777832,2664600,0.0,0.0
2022-02-01 00:00:00-05:00,7.630000114440918,7.784999847412109,7.590000152587891,7.75,6.8540754318237305,2722900,0.0,0.0
2022-02-02 00:00:00-05:00,7.71999979019165,7.820000171661377,7.559999942779541,7.619999885559082,6.739104270935059,1648800,0.0,0.0
2022-02-03 00:00:00-05:00,7.570000171661377,7.659999847412109,7.369999885559082,7.409999847412109,6.553380966186523,1475000,0.0,0.0
2022-02-04 00:00:00-05:00,7.300000190734863,7.360000133514404,7.045000076293945,7.300000190734863,6.45609712600708,1985800,0.0,0.0
2022-02-07 00:00:00-05:00,7.300000190734863,7.739999771118164,7.300000190734863,7.599999904632568,6.721415996551514,3697800,0.0,0.0
2022-02-08 00:00:00-05:00,7.630000114440918,7.755000114440918,7.579999923706055,7.75,6.8540754318237305,1488000,0.0,0.0
2022-02-09 00:00:00-05:00,7.800000190734863,7.909999847412109,7.789999961853027,7.840000152587891,6.933670520782471,2110500,0.0,0.0
2022-02-10 00:00:00-05:00,7.690000057220459,8.039999961853027,7.659999847412109,7.75,6.8540754318237305,1639900,0.0,0.0
2022-02-11 00:00:00-05:00,7.760000228881836,7.900000095367432,7.440000057220459,7.519999980926514,6.650664806365967,1860100,0.0,0.0
2022-02-14 00:00:00-05:00,7.610000133514404,7.769999980926514,7.519999980926514,7.539999961853027,6.6683526039123535,1959500,0.0,0.0
2022-02-15 00:00:00-05:00,7.650000095367432,7.869999885559082,7.630000114440918,7.840000152587891,6.933670520782471,1661100,0.0,0.0
2022-02-16 00:00:00-05:00,7.820000171661377,7.920000076293945,7.755000114440918,7.909999847412109,6.995579242706299,1798600,0.0,0.0
2022-02-17 00:00:00-05:00,7.880000114440918,7.889999866485596,7.510000228881836,7.619999885559082,6.739104270935059,2024500,0.0,0.0
2022-02-18 00:00:00-05:00,7.610000133514404,7.65500020980835,7.230000019073486,7.360000133514404,6.50916051864624,2214400,0.0,0.0
2022-02-22 00:00:00-05:00,7.21999979019165,7.329999923706055,7.125,7.199999809265137,6.367657661437988,1161600,0.0,0.0
2022-02-23 00:00:00-05:00,7.25,7.304999828338623,6.96999979019165,6.96999979019165,6.164246082305908,1535900,0.0,0.0
2022-02-24 00:00:00-05:00,6.789999961853027,7.21999979019165,6.679999828338623,7.190000057220459,6.358813285827637,1625000,0.0,0.0
2022-02-25 00:00:00-05:00,7.21999979019165,7.380000114440918,7.099999904632568,7.320000171661377,6.473785877227783,1597100,0.0,0.0
2022-02-28 00:00:00-05:00,7.230000019073486,7.360000133514404,7.139999866485596,7.309999942779541,6.464941024780273,1740800,0.0,0.0
2022-03-01 00:00:00-05:00,7.639999866485596,7.849999904632568,7.289999961853027,7.46999979019165,6.606444835662842,3667800,0.0,0.0
2022-03-02 00:00:00-05:00,7.5,7.889999866485596,7.480000019073486,7.880000114440918,6.969047546386719,4584600,0.0,0.0
2022-03-03 00:00:00-05:00,7.880000114440918,8.015000343322754,7.755000114440918,7.809999942779541,6.907139778137207,2648700,0.0,0.0
2022-03-04 00:00:00-05:00,7.699999809265137,7.75,7.489999771118164,7.590000152587891,6.71257209777832,3375900,0.0,0.0
2022-03-07 00:00:00-05:00,7.659999847412109,7.800000190734863,7.284999847412109,7.320000171661377,6.473785877227783,3000300,0.0,0.0
2022-03-08 00:00:00-05:00,7.360000133514404,7.360000133514404,7.0,7.150000095367432,6.3234381675720215,3896200,0.0,0.0
2022-03-09 00:00:00-05:00,7.349999904632568,7.679999828338623,7.349999904632568,7.610000133514404,6.730259418487549,3788300,0.0,0.0
2022-03-10 00:00:00-05:00,7.46999979019165,7.639999866485596,7.369999885559082,7.519999980926514,6.650664806365967,3465200,0.0,0.0
2022-03-11 00:00:00-05:00,7.605000019073486,7.710000038146973,7.494999885559082,7.639999866485596,6.7567925453186035,4866300,0.0,0.0
2022-03-14 00:00:00-04:00,7.619999885559082,7.695000171661377,7.269999980926514,7.329999923706055,6.482629299163818,2407400,0.0,0.0
2022-03-15 00:00:00-04:00,7.389999866485596,7.565999984741211,7.360000133514404,7.460000038146973,6.597599506378174,2377400,0.0,0.0
2022-03-16 00:00:00-04:00,7.550000190734863,7.949999809265137,7.550000190734863,7.860000133514404,6.984127521514893,3902800,0.035,0.0
2022-03-17 00:00:00-04:00,7.75,7.920000076293945,7.71999979019165,7.820000171661377,6.948583602905273,2702600,0.0,0.0
2022-03-18 00:00:00-04:00,7.699999809265137,7.744999885559082,7.480000019073486,7.570000171661377,6.726443290710449,5077200,0.0,0.0
2022-03-21 00:00:00-04:00,7.570000171661377,7.710000038146973,7.53000020980835,7.570000171661377,6.726443290710449,2995100,0.0,0.0
2022-03-22 00:00:00-04:00,7.579999923706055,7.775000095367432,7.559999942779541,7.619999885559082,6.770870685577393,2745500,0.0,0.0
2022-03-23 00:00:00-04:00,7.53000020980835,7.550000190734863,7.369999885559082,7.409999847412109,6.5842719078063965,1648000,0.0,0.0
2022-03-24 00:00:00-04:00,7.440000057220459,7.480000019073486,7.380000114440918,7.46999979019165,6.637585639953613,1099900,0.0,0.0
2022-03-25 00:00:00-04:00,7.429999828338623,7.480000019073486,7.349999904632568,7.360000133514404,6.539843559265137,1443400,0.0,0.0
2022-03-28 00:00:00-04:00,7.400000095367432,7.485000133514404,7.340000152587891,7.449999809265137,6.619813919067383,1778700,0.0,0.0
2022-03-29 00:00:00-04:00,7.630000114440918,7.954999923706055,7.579999923706055,7.849999904632568,6.975240707397461,2681400,0.0,0.0
2022-03-30 00:00:00-04:00,7.78000020980835,7.835000038146973,7.570000171661377,7.590000152587891,6.744213581085205,1676800,0.0,0.0
2022-03-31 00:00:00-04:00,7.590000152587891,7.715000152587891,7.570000171661377,7.590000152587891,6.744213581085205,1391000,0.0,0.0
2022-04-01 00:00:00-04:00,7.679999828338623,7.789999961853027,7.639999866485596,7.739999771118164,6.877498149871826,1464200,0.0,0.0
2022-04-04 00:00:00-04:00,7.75,7.78000020980835,7.554999828338623,7.730000019073486,6.868612766265869,1954400,0.0,0.0
2022-04-05 00:00:00-04:00,7.659999847412109,7.769999980926514,7.474999904632568,7.53000020980835,6.690900802612305,2603100,0.0,0.0
2022-04-06 00:00:00-04:00,7.460000038146973,7.460000038146973,7.239999771118164,7.25,6.442100524902344,2311200,0.0,0.0
2022-04-07 00:00:00-04:00,7.230000019073486,7.289999961853027,6.960000038146973,7.150000095367432,6.353245258331299,1787900,0.0,0.0
2022-04-08 00:00:00-04:00,7.110000133514404,7.190000057220459,6.985000133514404,7.099999904632568,6.308816432952881,1210500,0.0,0.0
2022-04-11 00:00:00-04:00,7.059999942779541,7.235000133514404,7.039999961853027,7.119999885559082,6.326587677001953,910400,0.0,0.0
2022-04-12 00:00:00-04:00,7.139999866485596,7.25,7.059999942779541,7.099999904632568,6.308816432952881,1245800,0.0,0.0
2022-04-13 00:00:00-04:00,7.119999885559082,7.184999942779541,7.070000171661377,7.159999847412109,6.362130165100098,1350900,0.0,0.0
2022-04-14 00:00:00-04:00,7.210000038146973,7.210000038146973,6.989999771118164,6.989999771118164,6.211074352264404,2011300,0.0,0.0
2022-04-18 00:00:00-04:00,6.989999771118164,7.019999980926514,6.840000152587891,6.880000114440918,6.113333225250244,1883800,0.0,0.0
2022-04-19 00:00:00-04:00,6.880000114440918,7.389999866485596,6.880000114440918,7.309999942779541,6.495415687561035,2824800,0.0,0.0
2022-04-20 00:00:00-04:00,7.369999885559082,7.519999980926514,7.309999942779541,7.380000114440918,6.557615756988525,1448200,0.0,0.0
2022-04-21 00:00:00-04:00,7.460000038146973,7.53000020980835,7.321000099182129,7.389999866485596,6.566499710083008,1253100,0.0,0.0
2022-04-22 00:00:00-04:00,7.289999961853027,7.320000171661377,7.039999961853027,7.079999923706055,6.291045188903809,1187800,0.0,0.0
2022-04-25 00:00:00-04:00,7.019999980926514,7.119999885559082,6.820000171661377,7.110000133514404,6.317701816558838,2641500,0.0,0.0
2022-04-26 00:00:00-04:00,7.010000228881836,7.03000020980835,6.650000095367432,6.760000228881836,6.006704330444336,1797900,0.0,0.0
2022-04-27 00:00:00-04:00,6.769999980926514,6.945000171661377,6.739999771118164,6.869999885559082,6.1044464111328125,1752400,0.0,0.0
2022-04-28 00:00:00-04:00,6.900000095367432,7.074999809265137,6.789999961853027,7.010000228881836,6.22884464263916,1323700,0.0,0.0
2022-04-29 00:00:00-04:00,7.0,7.070000171661377,6.820000171661377,6.849999904632568,6.086674690246582,1380100,0.0,0.0
2022-05-02 00:00:00-04:00,6.840000152587891,6.889999866485596,6.679999828338623,6.860000133514404,6.095560073852539,1616600,0.0,0.0
2022-05-03 00:00:00-04:00,6.880000114440918,7.045000076293945,6.855000019073486,7.0,6.2199602127075195,1557700,0.0,0.0
2022-05-04 00:00:00-04:00,7.019999980926514,7.260000228881836,6.875,7.25,6.442100524902344,1784700,0.0,0.0
2022-05-05 00:00:00-04:00,7.099999904632568,7.360000133514404,6.960000038146973,7.039999961853027,6.255503177642822,1729200,0.0,0.0
2022-05-06 00:00:00-04:00,7.0,7.09499979019165,6.755000114440918,7.0,6.2199602127075195,2317500,0.0,0.0
2022-05-09 00:00:00-04:00,6.900000095367432,6.929999828338623,6.519999980926514,6.599999904632568,5.864532470703125,2647400,0.0,0.0
2022-05-10 00:00:00-04:00,6.670000076293945,6.815000057220459,6.474999904632568,6.739999771118164,5.988932132720947,2145500,0.0,0.0
2022-05-11 00:00:00-04:00,6.739999771118164,6.84499979019165,6.494999885559082,6.539999961853027,5.811220169067383,1719700,0.0,0.0
2022-05-12 00:00:00-04:00,6.489999771118164,6.739999771118164,6.429999828338623,6.679999828338623,5.935618877410889,2128100,0.0,0.0
2022-05-13 00:00:00-04:00,6.760000228881836,7.125,6.760000228881836,6.989999771118164,6.211074352264404,2045400,0.0,0.0
2022-05-16 00:00:00-04:00,6.909999847412109,6.974999904632568,6.809999942779541,6.860000133514404,6.095560073852539,1922900,0.0,0.0
2022-05-17 00:00:00-04:00,7.03000020980835,7.210000038146973,6.989999771118164,7.199999809265137,6.397672653198242,1410900,0.0,0.0
2022-05-18 00:00:00-04:00,7.090000152587891,7.170000076293945,6.829999923706055,6.889999866485596,6.122217655181885,1564900,0.0,0.0
2022-05-19 00:00:00-04:00,6.829999923706055,7.079999923706055,6.820000171661377,7.0,6.2199602127075195,1780100,0.0,0.0
2022-05-20 00:00:00-04:00,7.090000152587891,7.105000019073486,6.699999809265137,6.96999979019165,6.193302631378174,1612400,0.0,0.0
2022-05-23 00:00:00-04:00,7.0,7.045000076293945,6.78000020980835,7.0,6.2199602127075195,1563900,0.0,0.0
2022-05-24 00:00:00-04:00,6.880000114440918,6.940000057220459,6.809999942779541,6.929999828338623,6.157760143280029,1822000,0.0,0.0
2022-05-25 00:00:00-04:00,6.889999866485596,7.239999771118164,6.840000152587891,7.190000057220459,6.388788223266602,2574200,0.0,0.0
2022-05-26 00:00:00-04:00,7.199999809265137,7.46999979019165,7.179999828338623,7.349999904632568,6.5309576988220215,1847200,0.0,0.0
2022-05-27 00:00:00-04:00,7.5,7.659999847412109,7.440000057220459,7.559999942779541,6.717556953430176,2065800,0.0,0.0
2022-05-31 00:00:00-04:00,7.460000038146973,7.480000019073486,7.264999866485596,7.480000019073486,6.646471977233887,2276100,0.0,0.0
2022-06-01 00:00:00-04:00,7.46999979019165,7.539999961853027,7.28000020980835,7.309999942779541,6.495415687561035,1745500,0.0,0.0
2022-06-02 00:00:00-04:00,7.329999923706055,7.539999961853027,7.300000190734863,7.539999961853027,6.699785232543945,1266500,0.0,0.0
2022-06-03 00:00:00-04:00,7.480000019073486,7.510000228881836,7.425000190734863,7.460000038146973,6.62869930267334,1197600,0.0,0.0
2022-06-06 00:00:00-04:00,7.550000190734863,7.679999828338623,7.46999979019165,7.610000133514404,6.761984825134277,2410000,0.0,0.0
2022-06-07 00:00:00-04:00,7.5,7.690000057220459,7.5,7.690000057220459,6.833069801330566,1485200,0.0,0.0
2022-06-08 00:00:00-04:00,7.650000095367432,7.65500020980835,7.360000133514404,7.369999885559082,6.548730373382568,1514300,0.0,0.0
2022-06-09 00:00:00-04:00,7.320000171661377,7.380000114440918,7.21999979019165,7.230000019073486,6.424331188201904,1294100,0.0,0.0
2022-06-10 00:00:00-04:00,7.070000171661377,7.070000171661377,6.775000095367432,6.869999885559082,6.1044464111328125,2519400,0.0,0.0
2022-06-13 00:00:00-04:00,6.670000076293945,6.75,6.5,6.599999904632568,5.864532470703125,2399400,0.0,0.0
2022-06-14 00:00:00-04:00,6.619999885559082,6.650000095367432,6.389999866485596,6.400000095367432,5.6868205070495605,2720000,0.0,0.0
2022-06-15 00:00:00-04:00,6.5,6.559999942779541,6.309999942779541,6.46999979019165,5.780632972717285,3895900,0.035,0.0
2022-06-16 00:00:00-04:00,6.309999942779541,6.340000152587891,6.050000190734863,6.150000095367432,5.4947285652160645,3322800,0.0,0.0
2022-06-17 00:00:00-04:00,6.170000076293945,6.440000057220459,6.144999980926514,6.300000190734863,5.628747463226318,10485500,0.0,0.0
2022-06-21 00:00:00-04:00,6.409999847412109,6.550000190734863,6.329999923706055,6.349999904632568,5.673418998718262,1788300,0.0,0.0
2022-06-22 00:00:00-04:00,6.269999980926514,6.349999904632568,6.139999866485596,6.179999828338623,5.521531581878662,2748600,0.0,0.0
2022-06-23 00:00:00-04:00,6.159999847412109,6.239999771118164,6.045000076293945,6.150000095367432,5.4947285652160645,2515300,0.0,0.0
2022-06-24 00:00:00-04:00,6.179999828338623,6.630000114440918,6.175000190734863,6.449999809265137,5.762763977050781,5667500,0.0,0.0
2022-06-27 00:00:00-04:00,6.449999809265137,6.630000114440918,6.400000095367432,6.590000152587891,5.88784646987915,2162500,0.0,0.0
2022-06-28 00:00:00-04:00,6.650000095367432,6.739999771118164,6.349999904632568,6.369999885559082,5.691288471221924,3871100,0.0,0.0
2022-06-29 00:00:00-04:00,6.340000152587891,6.340000152587891,6.110000133514404,6.190000057220459,5.5304670333862305,2512500,0.0,0.0
2022-06-30 00:00:00-04:00,6.130000114440918,6.159999847412109,6.039999961853027,6.150000095367432,5.4947285652160645,2158400,0.0,0.0
2022-07-01 00:00:00-04:00,6.119999885559082,6.309999942779541,6.099999904632568,6.289999961853027,5.619811534881592,1554600,0.0,0.0
2022-07-05 00:00:00-04:00,6.119999885559082,6.360000133514404,6.0,6.360000133514404,5.682352542877197,1500200,0.0,0.0
2022-07-06 00:00:00-04:00,6.380000114440918,6.429999828338623,6.284999847412109,6.369999885559082,5.691288471221924,1250600,0.0,0.0
2022-07-07 00:00:00-04:00,6.449999809265137,6.650000095367432,6.409999847412109,6.610000133514404,5.905716419219971,1200500,0.0,0.0
2022-07-08 00:00:00-04:00,6.650000095367432,6.679999828338623,6.485000133514404,6.650000095367432,5.941455364227295,1026600,0.0,0.0
2022-07-11 00:00:00-04:00,6.590000152587891,6.670000076293945,6.53000020980835,6.619999885559082,5.914649486541748,1529100,0.0,0.0
2022-07-12 00:00:00-04:00,6.639999866485596,6.769999980926514,6.635000228881836,6.690000057220459,5.977191925048828,1834600,0.0,0.0
2022-07-13 00:00:00-04:00,6.579999923706055,6.679999828338623,6.449999809265137,6.659999847412109,5.950387477874756,1326400,0.0,0.0
2022-07-14 00:00:00-04:00,6.590000152587891,6.65500020980835,6.53000020980835,6.590000152587891,5.88784646987915,1471200,0.0,0.0
2022-07-15 00:00:00-04:00,6.679999828338623,6.840000152587891,6.614999771118164,6.809999942779541,6.08440637588501,1301500,0.0,0.0
2022-07-18 00:00:00-04:00,6.900000095367432,7.0,6.829999923706055,6.849999904632568,6.120144367218018,1204800,0.0,0.0
2022-07-19 00:00:00-04:00,6.989999771118164,7.170000076293945,6.974999904632568,7.110000133514404,6.352441787719727,1633900,0.0,0.0
2022-07-20 00:00:00-04:00,7.059999942779541,7.25,7.034999847412109,7.21999979019165,6.45072078704834,915800,0.0,0.0
2022-07-21 00:00:00-04:00,7.159999847412109,7.230000019073486,7.074999809265137,7.21999979019165,6.45072078704834,1128000,0.0,0.0
2022-07-22 00:00:00-04:00,7.21999979019165,7.269999980926514,7.019999980926514,7.070000171661377,6.316704750061035,3381700,0.0,0.0
2022-07-25 00:00:00-04:00,7.099999904632568,7.114999771118164,6.965000152587891,7.050000190734863,6.298834323883057,1418200,0.0,0.0
2022-07-26 00:00:00-04:00,7.010000228881836,7.039999961853027,6.889999866485596,6.900000095367432,6.164817810058594,1578200,0.0,0.0
2022-07-27 00:00:00-04:00,7.010000228881836,7.179999828338623,6.909999847412109,7.170000076293945,6.4060492515563965,2057500,0.0,0.0
2022-07-28 00:00:00-04:00,7.190000057220459,7.300000190734863,7.105000019073486,7.300000190734863,6.52219820022583,1187800,0.0,0.0
2022-07-29 00:00:00-04:00,7.320000171661377,7.320000171661377,7.190000057220459,7.300000190734863,6.52219820022583,1815100,0.0,0.0
2022-08-01 00:00:00-04:00,7.260000228881836,7.320000171661377,7.125,7.25,6.477524757385254,1839200,0.0,0.0
2022-08-02 00:00:00-04:00,7.239999771118164,7.28000020980835,7.179999828338623,7.199999809265137,6.432851791381836,1220800,0.0,0.0
2022-08-03 00:00:00-04:00,7.289999961853027,7.349999904632568,7.230000019073486,7.309999942779541,6.531132698059082,2301000,0.0,0.0
2022-08-04 00:00:00-04:00,7.329999923706055,7.760000228881836,7.269999980926514,7.699999809265137,6.879579067230225,3347000,0.0,0.0
2022-08-05 00:00:00-04:00,7.639999866485596,8.055000305175781,7.559999942779541,8.020000457763672,7.165483474731445,4168200,0.0,0.0
2022-08-08 00:00:00-04:00,8.010000228881836,8.350000381469727,8.0,8.0,7.147614002227783,3313900,0.0,0.0
2022-08-09 00:00:00-04:00,8.010000228881836,8.010000228881836,7.775000095367432,7.849999904632568,7.013596057891846,2600000,0.0,0.0
2022-08-10 00:00:00-04:00,7.980000019073486,8.0600004196167,7.795000076293945,7.940000057220459,7.0940070152282715,2332800,0.0,0.0
2022-08-11 00:00:00-04:00,8.020000457763672,8.079999923706055,7.940000057220459,8.029999732971191,7.174417018890381,1344600,0.0,0.0
2022-08-12 00:00:00-04:00,8.079999923706055,8.270000457763672,8.031000137329102,8.25,7.370977401733398,1729800,0.0,0.0
2022-08-15 00:00:00-04:00,8.15999984741211,8.300000190734863,8.125,8.260000228881836,7.379910469055176,1229900,0.0,0.0
2022-08-16 00:00:00-04:00,8.210000038146973,8.300000190734863,8.130000114440918,8.210000038146973,7.335237503051758,1129800,0.0,0.0
2022-08-17 00:00:00-04:00,8.069999694824219,8.15999984741211,7.949999809265137,8.020000457763672,7.165483474731445,1782000,0.0,0.0
2022-08-18 00:00:00-04:00,8.029999732971191,8.029999732971191,7.889999866485596,7.960000038146973,7.111876010894775,1505500,0.0,0.0
2022-08-19 00:00:00-04:00,7.909999847412109,7.929999828338623,7.795000076293945,7.869999885559082,7.031464576721191,1336500,0.0,0.0
2022-08-22 00:00:00-04:00,7.75,7.78000020980835,7.610000133514404,7.630000114440918,6.8170366287231445,1303700,0.0,0.0
2022-08-23 00:00:00-04:00,7.690000057220459,7.849999904632568,7.670000076293945,7.690000057220459,6.8706440925598145,1013900,0.0,0.0
2022-08-24 00:00:00-04:00,7.659999847412109,7.769999980926514,7.630000114440918,7.659999847412109,6.843840599060059,962800,0.0,0.0
2022-08-25 00:00:00-04:00,7.690000057220459,7.855000019073486,7.679999828338623,7.820000171661377,6.98679256439209,1180700,0.0,0.0
2022-08-26 00:00:00-04:00,7.829999923706055,7.869999885559082,7.559999942779541,7.559999942779541,6.754495143890381,974700,0.0,0.0
2022-08-29 00:00:00-04:00,7.46999979019165,7.565000057220459,7.349999904632568,7.460000038146973,6.665150165557861,1097600,0.0,0.0
2022-08-30 00:00:00-04:00,7.519999980926514,7.574999809265137,7.324999809265137,7.400000095367432,6.611542701721191,1054200,0.0,0.0
2022-08-31 00:00:00-04:00,7.380000114440918,7.445000171661377,7.25,7.289999961853027,6.5132622718811035,1745900,0.0,0.0
2022-09-01 00:00:00-04:00,7.25,7.269999980926514,7.139999866485596,7.239999771118164,6.468590259552002,1452100,0.0,0.0
2022-09-02 00:00:00-04:00,7.28000020980835,7.335000038146973,7.159999847412109,7.210000038146973,6.441787242889404,1376100,0.0,0.0
2022-09-06 00:00:00-04:00,8.09000015258789,8.420000076293945,7.909999847412109,8.390000343322754,7.496059894561768,14817800,0.0,0.0
2022-09-07 00:00:00-04:00,8.390000343322754,8.539999961853027,8.194999694824219,8.40999984741211,7.513927936553955,5212800,0.0,0.0
2022-09-08 00:00:00-04:00,8.319999694824219,8.359999656677246,8.15999984741211,8.1899995803833,7.3173699378967285,4263200,0.0,0.0
2022-09-09 00:00:00-04:00,8.289999961853027,8.444999694824219,8.220000267028809,8.390000343322754,7.496059894561768,3544700,0.0,0.0
2022-09-12 00:00:00-04:00,8.149999618530273,8.720000267028809,8.149999618530273,8.65999984741211,7.737292289733887,4663300,0.0,0.0
2022-09-13 00:00:00-04:00,8.430000305175781,8.505000114440918,8.279999732971191,8.380000114440918,7.487125396728516,3473600,0.0,0.0
2022-09-14 00:00:00-04:00,8.359999656677246,8.404999732971191,8.210000038146973,8.260000228881836,7.410862922668457,2837700,0.035,0.0
2022-09-15 00:00:00-04:00,8.239999771118164,8.380000114440918,8.140000343322754,8.210000038146973,7.366003036499023,2505800,0.0,0.0
2022-09-16 00:00:00-04:00,8.140000343322754,8.180000305175781,8.020000457763672,8.170000076293945,7.330115795135498,4620400,0.0,0.0
2022-09-19 00:00:00-04:00,8.140000343322754,8.28499984741211,8.100000381469727,8.1899995803833,7.348059177398682,1830000,0.0,0.0
2022-09-20 00:00:00-04:00,8.140000343322754,8.274999618530273,8.010000228881836,8.029999732971191,7.204507350921631,2306500,0.0,0.0
2022-09-21 00:00:00-04:00,8.09000015258789,8.260000228881836,8.039999961853027,8.050000190734863,7.222452163696289,2071700,0.0,0.0
2022-09-22 00:00:00-04:00,8.109999656677246,8.15999984741211,7.880000114440918,7.980000019073486,7.159648418426514,3831200,0.0,0.0
2022-09-23 00:00:00-04:00,7.849999904632568,7.875,7.639999866485596,7.699999809265137,6.908433437347412,2648500,0.0,0.0
2022-09-26 00:00:00-04:00,7.659999847412109,7.789999961853027,7.489999771118164,7.539999961853027,6.764880180358887,3077600,0.0,0.0
2022-09-27 00:00:00-04:00,7.659999847412109,7.764999866485596,7.454999923706055,7.5,6.7289934158325195,4010800,0.0,0.0
2022-09-28 00:00:00-04:00,7.53000020980835,7.820000171661377,7.46999979019165,7.739999771118164,6.944319725036621,3440700,0.0,0.0
2022-09-29 00:00:00-04:00,7.639999866485596,7.650000095367432,7.364999771118164,7.489999771118164,6.720019340515137,3604000,0.0,0.0
2022-09-30 00:00:00-04:00,7.480000019073486,7.579999923706055,7.369999885559082,7.489999771118164,6.720019340515137,2641800,0.0,0.0
2022-10-03 00:00:00-04:00,7.579999923706055,7.869999885559082,7.46999979019165,7.78000020980835,6.980208873748779,2530300,0.0,0.0
2022-10-04 00:00:00-04:00,7.920000076293945,8.180000305175781,7.920000076293945,8.170000076293945,7.330115795135498,2892700,0.0,0.0
2022-10-05 00:00:00-04:00,8.050000190734863,8.46500015258789,7.980000019073486,8.380000114440918,7.518527507781982,3805800,0.0,0.0
2022-10-06 00:00:00-04:00,8.350000381469727,8.5,8.329999923706055,8.420000076293945,7.554416656494141,3293900,0.0,0.0
2022-10-07 00:00:00-04:00,8.350000381469727,8.40999984741211,8.194999694824219,8.289999961853027,7.437780857086182,6684300,0.0,0.0
2022-10-10 00:00:00-04:00,8.300000190734863,8.335000038146973,8.069999694824219,8.100000381469727,7.267312526702881,6279700,0.0,0.0
2022-10-11 00:00:00-04:00,8.119999885559082,8.239999771118164,7.994999885559082,8.170000076293945,7.330115795135498,6990200,0.0,0.0
2022-10-12 00:00:00-04:00,8.170000076293945,8.270000457763672,7.989999771118164,8.210000038146973,7.366003036499023,6140900,0.0,0.0
2022-10-13 00:00:00-04:00,8.050000190734863,8.369999885559082,8.050000190734863,8.3100004196167,7.455722808837891,5439000,0.0,0.0
2022-10-14 00:00:00-04:00,8.380000114440918,8.380000114440918,8.010000228881836,8.010000228881836,7.186563968658447,5457800,0.0,0.0
2022-10-17 00:00:00-04:00,8.149999618530273,8.40999984741211,8.140000343322754,8.350000381469727,7.491611957550049,8108600,0.0,0.0
2022-10-18 00:00:00-04:00,8.529999732971191,8.59000015258789,8.354999542236328,8.579999923706055,7.697967529296875,13344300,0.0,0.0
2022-10-19 00:00:00-04:00,8.539999961853027,8.744999885559082,8.454999923706055,8.600000381469727,7.715912342071533,12812200,0.0,0.0
2022-10-20 00:00:00-04:00,8.670000076293945,8.6899995803833,8.414999961853027,8.550000190734863,7.671051502227783,26378300,0.0,0.0
2022-10-21 00:00:00-04:00,8.579999923706055,8.90999984741211,8.364999771118164,8.800000190734863,7.895351886749268,4042300,0.0,0.0
2022-10-24 00:00:00-04:00,8.800000190734863,8.859999656677246,8.5,8.529999732971191,7.653107643127441,2650100,0.0,0.0
2022-10-25 00:00:00-04:00,8.510000228881836,8.65999984741211,8.4399995803833,8.449999809265137,7.581332206726074,2297000,0.0,0.0
2022-10-26 00:00:00-04:00,8.449999809265137,8.704999923706055,8.420000076293945,8.59000015258789,7.706939697265625,4195300,0.0,0.0
2022-10-27 00:00:00-04:00,8.600000381469727,8.779999732971191,8.59000015258789,8.699999809265137,7.805631637573242,10170100,0.0,0.0
2022-10-28 00:00:00-04:00,8.630000114440918,8.744999885559082,8.550000190734863,8.699999809265137,7.805631637573242,7199000,0.0,0.0
2022-10-31 00:00:00-04:00,8.630000114440918,8.65999984741211,8.4399995803833,8.460000038146973,7.590303421020508,7441500,0.0,0.0
2022-11-01 00:00:00-04:00,8.569999694824219,8.569999694824219,8.420000076293945,8.449999809265137,7.581332206726074,6354400,0.0,0.0
2022-11-02 00:00:00-04:00,8.359999656677246,8.524999618530273,8.229999542236328,8.25,7.401892185211182,5412800,0.0,0.0
2022-11-03 00:00:00-04:00,8.300000190734863,8.449999809265137,8.204999923706055,8.260000228881836,7.410862922668457,5379900,0.0,0.0
2022-11-04 00:00:00-04:00,8.449999809265137,8.6899995803833,8.359999656677246,8.489999771118164,7.617218971252441,7415300,0.0,0.0
2022-11-07 00:00:00-05:00,8.479999542236328,8.6899995803833,8.475000381469727,8.65999984741211,7.769742488861084,14260900,0.0,0.0
2022-11-08 00:00:00-05:00,8.720000267028809,8.975000381469727,8.65999984741211,8.710000038146973,7.814603328704834,9501900,0.0,0.0
2022-11-09 00:00:00-05:00,8.699999809265137,8.725000381469727,8.550000190734863,8.619999885559082,7.733855247497559,5153900,0.0,0.0
2022-11-10 00:00:00-05:00,8.880000114440918,9.149999618530273,8.819999694824219,9.100000381469727,8.164512634277344,7978200,0.0,0.0
2022-11-11 00:00:00-05:00,9.170000076293945,9.239999771118164,8.975000381469727,9.149999618530273,8.209370613098145,6088300,0.0,0.0
2022-11-14 00:00:00-05:00,9.140000343322754,9.300000190734863,9.100000381469727,9.170000076293945,8.227314949035645,4502700,0.0,0.0
2022-11-15 00:00:00-05:00,9.279999732971191,9.520000457763672,9.149999618530273,9.25,8.299092292785645,3954700,0.0,0.0
2022-11-16 00:00:00-05:00,9.149999618530273,9.239999771118164,9.104999542236328,9.220000267028809,8.272175788879395,2636500,0.0,0.0
2022-11-17 00:00:00-05:00,9.09000015258789,9.104999542236328,8.911999702453613,8.979999542236328,8.056845664978027,2222100,0.0,0.0
2022-11-18 00:00:00-05:00,9.050000190734863,9.059000015258789,8.770000457763672,8.949999809265137,8.029930114746094,2309100,0.0,0.0
2022-11-21 00:00:00-05:00,8.899999618530273,9.020000457763672,8.880000114440918,8.960000038146973,8.03890323638916,1966600,0.0,0.0
2022-11-22 00:00:00-05:00,8.989999771118164,9.069999694824219,8.90999984741211,9.039999961853027,8.110678672790527,2603700,0.0,0.0
2022-11-23 00:00:00-05:00,9.0,9.07800006866455,8.979999542236328,9.0,8.07479190826416,2030600,0.0,0.0
2022-11-25 00:00:00-05:00,9.039999961853027,9.039999961853027,8.930000305175781,9.0,8.07479190826416,1936500,0.0,0.0
2022-11-28 00:00:00-05:00,8.9399995803833,9.114999771118164,8.895000457763672,9.09000015258789,8.155540466308594,3111200,0.0,0.0
2022-11-29 00:00:00-05:00,9.130000114440918,9.220000267028809,9.100000381469727,9.210000038146973,8.263200759887695,2603900,0.0,0.0
2022-11-30 00:00:00-05:00,9.270000457763672,9.34000015258789,9.050000190734863,9.34000015258789,8.379838943481445,3365100,0.0,0.0
2022-12-01 00:00:00-05:00,9.425000190734863,9.699999809265137,9.3149995803833,9.680000305175781,8.684886932373047,5066100,0.0,0.0
2022-12-02 00:00:00-05:00,9.579999923706055,9.824999809265137,9.510000228881836,9.75,8.747690200805664,3723000,0.0,0.0
2022-12-05 00:00:00-05:00,9.729999542236328,9.779999732971191,9.420000076293945,9.470000267028809,8.496475219726562,2215700,0.0,0.0
2022-12-06 00:00:00-05:00,9.5600004196167,9.649999618530273,9.399999618530273,9.600000381469727,8.613110542297363,3612800,0.0,0.0
2022-12-07 00:00:00-05:00,9.579999923706055,9.725000381469727,9.555000305175781,9.630000114440918,8.640027046203613,2141400,0.0,0.0
2022-12-08 00:00:00-05:00,9.720000267028809,9.960000038146973,9.720000267028809,9.819999694824219,8.810492515563965,3128100,0.0,0.0
2022-12-09 00:00:00-05:00,9.779999732971191,9.979999542236328,9.630000114440918,9.640000343322754,8.648999214172363,2815900,0.0,0.0
2022-12-12 00:00:00-05:00,9.630000114440918,9.8100004196167,9.609999656677246,9.8100004196167,8.801522254943848,2149900,0.0,0.0
2022-12-13 00:00:00-05:00,10.020000457763672,10.095000267028809,9.800000190734863,9.829999923706055,8.819465637207031,3428500,0.0,0.0
2022-12-14 00:00:00-05:00,9.789999961853027,10.0649995803833,9.729999542236328,9.859999656677246,8.877991676330566,8973500,0.035,0.0
2022-12-15 00:00:00-05:00,9.75,9.829999923706055,9.244999885559082,9.300000190734863,8.373766899108887,7262900,0.0,0.0
2022-12-16 00:00:00-05:00,9.239999771118164,9.260000228881836,9.050000190734863,9.130000114440918,8.220694541931152,7677900,0.0,0.0
2022-12-19 00:00:00-05:00,9.050000190734863,9.194999694824219,8.960000038146973,9.0,8.103644371032715,4337200,0.0,0.0
2022-12-20 00:00:00-05:00,8.989999771118164,9.109999656677246,8.944999694824219,9.020000457763672,8.121652603149414,4557000,0.0,0.0
2022-12-21 00:00:00-05:00,9.100000381469727,9.289999961853027,9.050000190734863,9.15999984741211,8.247708320617676,2167500,0.0,0.0
2022-12-22 00:00:00-05:00,9.039999961853027,9.079999923706055,8.875,9.0600004196167,8.157670021057129,2654300,0.0,0.0
2022-12-23 00:00:00-05:00,8.989999771118164,9.170000076293945,8.979999542236328,9.15999984741211,8.247708320617676,1338100,0.0,0.0
2022-12-27 00:00:00-05:00,9.130000114440918,9.140000343322754,9.010000228881836,9.109999656677246,8.202690124511719,1774400,0.0,0.0
2022-12-28 00:00:00-05:00,9.149999618530273,9.289999961853027,8.970000267028809,8.970000267028809,8.07663345336914,2837900,0.0,0.0
2022-12-29 00:00:00-05:00,9.039999961853027,9.229999542236328,9.029999732971191,9.210000038146973,8.292729377746582,1512900,0.0,0.0
2022-12-30 00:00:00-05:00,9.109999656677246,9.149999618530273,8.9399995803833,9.069999694824219,8.166672706604004,2551000,0.0,0.0
2023-01-03 00:00:00-05:00,9.15999984741211,9.204999923706055,8.859999656677246,8.949999809265137,8.058622360229492,1909300,0.0,0.0
2023-01-04 00:00:00-05:00,8.979999542236328,9.119999885559082,8.949999809265137,9.0,8.103644371032715,2419800,0.0,0.0
2023-01-05 00:00:00-05:00,8.930000305175781,9.119999885559082,8.875,9.079999923706055,8.175678253173828,2446600,0.0,0.0
2023-01-06 00:00:00-05:00,9.170000076293945,9.34000015258789,9.149999618530273,9.329999923706055,8.400778770446777,1873900,0.0,0.0
2023-01-09 00:00:00-05:00,9.350000381469727,9.510000228881836,9.350000381469727,9.40999984741211,8.472807884216309,1867800,0.0,0.0
2023-01-10 00:00:00-05:00,9.390000343322754,9.579999923706055,9.359999656677246,9.579999923706055,8.625877380371094,1458200,0.0,0.0
2023-01-11 00:00:00-05:00,9.550000190734863,9.720000267028809,9.510000228881836,9.720000267028809,8.751936912536621,1992700,0.0,0.0
2023-01-12 00:00:00-05:00,9.729999542236328,9.75,9.515000343322754,9.729999542236328,8.76093864440918,2471400,0.0,0.0
2023-01-13 00:00:00-05:00,9.640000343322754,9.84000015258789,9.600000381469727,9.789999961853027,8.81496524810791,2823100,0.0,0.0
2023-01-17 00:00:00-05:00,9.779999732971191,9.795000076293945,9.5,9.529999732971191,8.580859184265137,3360500,0.0,0.0
2023-01-18 00:00:00-05:00,9.600000381469727,9.645000457763672,9.274999618530273,9.319999694824219,8.391773223876953,2210300,0.0,0.0
2023-01-19 00:00:00-05:00,9.210000038146973,9.210000038146973,8.720000267028809,8.729999542236328,7.860535621643066,2824800,0.0,0.0
2023-01-20 00:00:00-05:00,8.720000267028809,8.819999694824219,8.5649995803833,8.779999732971191,7.905554294586182,3590000,0.0,0.0
2023-01-23 00:00:00-05:00,8.75,8.854999542236328,8.619999885559082,8.649999618530273,7.788503170013428,2422200,0.0,0.0
2023-01-24 00:00:00-05:00,8.649999618530273,8.859999656677246,8.520000457763672,8.680000305175781,7.815515995025635,2535900,0.0,0.0
2023-01-25 00:00:00-05:00,8.579999923706055,8.609999656677246,8.420000076293945,8.520000457763672,7.671450614929199,2863500,0.0,0.0
2023-01-26 00:00:00-05:00,8.510000228881836,8.6899995803833,8.475000381469727,8.579999923706055,7.725474834442139,2151900,0.0,0.0
2023-01-27 00:00:00-05:00,8.539999961853027,8.680000305175781,8.5,8.600000381469727,7.7434821128845215,1680600,0.0,0.0
2023-01-30 00:00:00-05:00,8.510000228881836,8.670000076293945,8.489999771118164,8.609999656677246,7.752485752105713,1590600,0.0,0.0
2023-01-31 00:00:00-05:00,8.609999656677246,8.800000190734863,8.59000015258789,8.789999961853027,7.914558410644531,2479600,0.0,0.0
2023-02-01 00:00:00-05:00,8.75,8.829999923706055,8.579999923706055,8.789999961853027,7.914558410644531,1938300,0.0,0.0
2023-02-02 00:00:00-05:00,8.880000114440918,8.920000076293945,8.779999732971191,8.859999656677246,7.977588176727295,2389200,0.0,0.0
2023-02-03 00:00:00-05:00,8.739999771118164,8.779999732971191,8.475000381469727,8.479999542236328,7.635434627532959,2594200,0.0,0.0
2023-02-06 00:00:00-05:00,8.40999984741211,8.479999542236328,8.300000190734863,8.420000076293945,7.581411361694336,4048800,0.0,0.0
2023-02-07 00:00:00-05:00,8.449999809265137,8.609999656677246,8.345000267028809,8.5600004196167,7.7074666023254395,2322400,0.0,0.0
2023-02-08 00:00:00-05:00,8.5,8.520000457763672,8.34000015258789,8.399999618530273,7.563401699066162,1446700,0.0,0.0
2023-02-09 00:00:00-05:00,8.470000267028809,8.510000228881836,8.260000228881836,8.270000457763672,7.446348667144775,1729700,0.0,0.0
2023-02-10 00:00:00-05:00,8.270000457763672,8.350000381469727,8.21500015258789,8.3100004196167,7.482365131378174,1734900,0.0,0.0
2023-02-13 00:00:00-05:00,8.319999694824219,8.399999618530273,8.300000190734863,8.34000015258789,7.5093770027160645,1733600,0.0,0.0
2023-02-14 00:00:00-05:00,8.350000381469727,8.40999984741211,8.244999885559082,8.300000190734863,7.473361968994141,1668900,0.0,0.0
2023-02-15 00:00:00-05:00,8.199999809265137,8.369999885559082,8.199999809265137,8.359999656677246,7.527384281158447,1553600,0.0,0.0
2023-02-16 00:00:00-05:00,8.300000190734863,8.366000175476074,8.239999771118164,8.25,7.428341388702393,1562200,0.0,0.0
2023-02-17 00:00:00-05:00,8.25,8.425000190734863,8.204999923706055,8.369999885559082,7.53639030456543,1891600,0.0,0.0
2023-02-21 00:00:00-05:00,8.279999732971191,8.300000190734863,8.003999710083008,8.029999732971191,7.230251312255859,3709200,0.0,0.0
2023-02-22 00:00:00-05:00,8.029999732971191,8.109999656677246,7.954999923706055,8.0,7.203239917755127,1789100,0.0,0.0
2023-02-23 00:00:00-05:00,8.050000190734863,8.109999656677246,7.900000095367432,8.0600004196167,7.257264137268066,2605800,0.0,0.0
2023-02-24 00:00:00-05:00,8.010000228881836,8.010000228881836,7.739999771118164,7.920000076293945,7.1312079429626465,3030900,0.0,0.0
2023-02-27 00:00:00-05:00,8.0,8.010000228881836,7.855000019073486,7.860000133514404,7.077183246612549,3113200,0.0,0.0
2023-02-28 00:00:00-05:00,7.75,7.78000020980835,7.114999771118164,7.539999961853027,6.789052486419678,6660700,0.0,0.0
2023-03-01 00:00:00-05:00,7.590000152587891,7.724999904632568,7.534999847412109,7.599999904632568,6.843077182769775,3723900,0.0,0.0
2023-03-02 00:00:00-05:00,7.510000228881836,7.65500020980835,7.409999847412109,7.579999923706055,6.825069427490234,2572200,0.0,0.0
2023-03-03 00:00:00-05:00,7.610000133514404,7.760000228881836,7.565000057220459,7.670000076293945,6.906105995178223,3071500,0.0,0.0
2023-03-06 00:00:00-05:00,7.679999828338623,7.880000114440918,7.675000190734863,7.71999979019165,6.951125621795654,3883800,0.0,0.0
2023-03-07 00:00:00-05:00,7.71999979019165,7.820000171661377,7.570000171661377,7.619999885559082,6.861085414886475,2691500,0.0,0.0
2023-03-08 00:00:00-05:00,7.619999885559082,7.800000190734863,7.59499979019165,7.78000020980835,7.005151271820068,2579200,0.0,0.0
2023-03-09 00:00:00-05:00,7.78000020980835,7.855000019073486,7.59499979019165,7.630000114440918,6.870090007781982,3229800,0.0,0.0
2023-03-10 00:00:00-05:00,7.590000152587891,7.619999885559082,7.289999961853027,7.340000152587891,6.608972072601318,2717300,0.0,0.0
2023-03-13 00:00:00-04:00,7.199999809265137,7.300000190734863,7.034999847412109,7.079999923706055,6.374866962432861,3681100,0.0,0.0
2023-03-14 00:00:00-04:00,7.21999979019165,7.260000228881836,7.039999961853027,7.119999885559082,6.410882949829102,3454800,0.0,0.0
2023-03-15 00:00:00-04:00,6.960000038146973,6.985000133514404,6.739999771118164,6.940000057220459,6.279679775238037,4945200,0.035,0.0
2023-03-16 00:00:00-04:00,6.869999885559082,7.070000171661377,6.840000152587891,7.0,6.333970069885254,3396300,0.0,0.0
2023-03-17 00:00:00-04:00,6.949999809265137,7.019999980926514,6.889999866485596,6.940000057220459,6.279679775238037,4356300,0.0,0.0
2023-03-20 00:00:00-04:00,6.980000019073486,7.130000114440918,6.965000152587891,7.039999961853027,6.370164394378662,2853200,0.0,0.0
2023-03-21 00:00:00-04:00,7.170000076293945,7.239999771118164,7.159999847412109,7.170000076293945,6.487795829772949,2447700,0.0,0.0
2023-03-22 00:00:00-04:00,7.190000057220459,7.224999904632568,7.019999980926514,7.03000020980835,6.361116886138916,2057400,0.0,0.0
2023-03-23 00:00:00-04:00,7.059999942779541,7.164999961853027,6.90500020980835,6.980000019073486,6.3158745765686035,2592500,0.0,0.0
2023-03-24 00:00:00-04:00,6.940000057220459,7.130000114440918,6.860000133514404,7.110000133514404,6.4335036277771,1952700,0.0,0.0
2023-03-27 00:00:00-04:00,7.190000057220459,7.230000019073486,7.039999961853027,7.079999923706055,6.4063591957092285,2180700,0.0,0.0
2023-03-28 00:00:00-04:00,7.090000152587891,7.105000019073486,6.929999828338623,7.03000020980835,6.361116886138916,5881200,0.0,0.0
2023-03-29 00:00:00-04:00,7.110000133514404,7.179999828338623,7.059999942779541,7.179999828338623,6.496844291687012,2203400,0.0,0.0
2023-03-30 00:00:00-04:00,7.25,7.289999961853027,7.139999866485596,7.159999847412109,6.478745937347412,1331200,0.0,0.0
2023-03-31 00:00:00-04:00,7.159999847412109,7.239999771118164,7.150000095367432,7.230000019073486,6.542086601257324,2798000,0.0,0.0
2023-04-03 00:00:00-04:00,7.25,7.309999942779541,7.099999904632568,7.159999847412109,6.478745937347412,2902600,0.0,0.0
2023-04-04 00:00:00-04:00,7.199999809265137,7.215000152587891,6.909999847412109,6.949999809265137,6.288727760314941,3056700,0.0,0.0
2023-04-05 00:00:00-04:00,6.929999828338623,6.954999923706055,6.800000190734863,6.909999847412109,6.252533435821533,5758500,0.0,0.0
2023-04-06 00:00:00-04:00,6.940000057220459,6.949999809265137,6.860000133514404,6.869999885559082,6.216340065002441,2004700,0.0,0.0
2023-04-10 00:00:00-04:00,6.809999942779541,7.010000228881836,6.789999961853027,6.980000019073486,6.3158745765686035,2606900,0.0,0.0
2023-04-11 00:00:00-04:00,6.989999771118164,7.085000038146973,6.880000114440918,6.920000076293945,6.261581897735596,1878300,0.0,0.0
2023-04-12 00:00:00-04:00,6.949999809265137,6.974999904632568,6.760000228881836,6.800000190734863,6.1529998779296875,2291400,0.0,0.0
2023-04-13 00:00:00-04:00,6.800000190734863,6.945000171661377,6.75,6.900000095367432,6.243484973907471,2521900,0.0,0.0
2023-04-14 00:00:00-04:00,6.900000095367432,7.005000114440918,6.860000133514404,6.929999828338623,6.2706298828125,2425600,0.0,0.0
2023-04-17 00:00:00-04:00,6.909999847412109,6.989999771118164,6.869999885559082,6.96999979019165,6.306825160980225,1521400,0.0,0.0
2023-04-18 00:00:00-04:00,7.019999980926514,7.085999965667725,6.960000038146973,7.010000228881836,6.343019008636475,1549600,0.0,0.0
2023-04-19 00:00:00-04:00,6.989999771118164,7.019999980926514,6.880000114440918,6.980000019073486,6.3158745765686035,2206900,0.0,0.0
2023-04-20 00:00:00-04:00,6.920000076293945,7.070000171661377,6.920000076293945,6.980000019073486,6.3158745765686035,1473900,0.0,0.0
2023-04-21 00:00:00-04:00,7.0,7.039999961853027,6.929999828338623,7.019999980926514,6.352067947387695,1942500,0.0,0.0
2023-04-24 00:00:00-04:00,7.0,7.03000020980835,6.784999847412109,6.820000171661377,6.171096324920654,2616300,0.0,0.0
2023-04-25 00:00:00-04:00,6.78000020980835,6.829999923706055,6.619999885559082,6.659999847412109,6.026320457458496,2593400,0.0,0.0
2023-04-26 00:00:00-04:00,6.650000095367432,6.679999828338623,6.539999961853027,6.559999942779541,5.9358344078063965,2523800,0.0,0.0
2023-04-27 00:00:00-04:00,6.599999904632568,6.860000133514404,6.599999904632568,6.800000190734863,6.1529998779296875,2225700,0.0,0.0
2023-04-28 00:00:00-04:00,6.75,6.840000152587891,6.630000114440918,6.699999809265137,6.062514305114746,3780000,0.0,0.0
2023-05-01 00:00:00-04:00,6.739999771118164,6.804999828338623,6.650000095367432,6.659999847412109,6.026320457458496,2190000,0.0,0.0
2023-05-02 00:00:00-04:00,6.570000171661377,6.639999866485596,5.519999980926514,5.710000038146973,5.166709899902344,7497300,0.0,0.0
2023-05-03 00:00:00-04:00,5.659999847412109,5.659999847412109,5.25,5.28000020980835,4.777623176574707,8241300,0.0,0.0
2023-05-04 00:00:00-04:00,5.25,5.260000228881836,4.889999866485596,5.130000114440918,4.641895294189453,10256500,0.0,0.0
2023-05-05 00:00:00-04:00,5.440000057220459,5.815000057220459,5.440000057220459,5.760000228881836,5.211954116821289,8220200,0.0,0.0
2023-05-08 00:00:00-04:00,5.789999961853027,5.989999771118164,5.75,5.940000057220459,5.374826908111572,6263700,0.0,0.0
2023-05-09 00:00:00-04:00,6.019999980926514,6.199999809265137,6.0,6.050000190734863,5.474361419677734,4468700,0.0,0.0
2023-05-10 00:00:00-04:00,6.090000152587891,6.210000038146973,6.03000020980835,6.110000133514404,5.528651714324951,3313200,0.0,0.0
2023-05-11 00:00:00-04:00,6.059999942779541,6.125,5.994999885559082,6.03000020980835,5.456263542175293,2754000,0.0,0.0
2023-05-12 00:00:00-04:00,6.079999923706055,6.110000133514404,5.900000095367432,6.0,5.429117679595947,2105300,0.0,0.0
2023-05-15 00:00:00-04:00,6.039999961853027,6.110000133514404,5.960000038146973,6.059999942779541,5.483409404754639,2829200,0.0,0.0
2023-05-16 00:00:00-04:00,6.0,6.050000190734863,5.880000114440918,5.929999828338623,5.365777492523193,2601700,0.0,0.0
2023-05-17 00:00:00-04:00,5.929999828338623,6.039999961853027,5.900000095367432,6.0,5.429117679595947,2870200,0.0,0.0
2023-05-18 00:00:00-04:00,5.949999809265137,6.050000190734863,5.90500020980835,6.050000190734863,5.474361419677734,2569500,0.0,0.0
2023-05-19 00:00:00-04:00,6.070000171661377,6.099999904632568,5.960000038146973,6.0,5.429117679595947,1896700,0.0,0.0
2023-05-22 00:00:00-04:00,5.989999771118164,6.139999866485596,5.980000019073486,6.119999885559082,5.537698745727539,1724700,0.0,0.0
2023-05-23 00:00:00-04:00,6.090000152587891,6.239999771118164,6.079999923706055,6.139999866485596,5.555797576904297,2536500,0.0,0.0
2023-05-24 00:00:00-04:00,6.099999904632568,6.119999885559082,6.0,6.039999961853027,5.465311527252197,3264600,0.0,0.0
2023-05-25 00:00:00-04:00,6.010000228881836,6.045000076293945,5.769999980926514,5.840000152587891,5.284341335296631,2462200,0.0,0.0
2023-05-26 00:00:00-04:00,5.880000114440918,5.909999847412109,5.820000171661377,5.829999923706055,5.27529239654541,1849100,0.0,0.0
2023-05-30 00:00:00-04:00,5.840000152587891,6.0,5.78000020980835,5.820000171661377,5.266243934631348,2565400,0.0,0.0
2023-05-31 00:00:00-04:00,5.760000228881836,5.829999923706055,5.650000095367432,5.690000057220459,5.148612976074219,3992200,0.0,0.0
2023-06-01 00:00:00-04:00,5.730000019073486,5.755000114440918,5.619999885559082,5.650000095367432,5.112420082092285,3378400,0.0,0.0
2023-06-02 00:00:00-04:00,5.769999980926514,6.079999923706055,5.739999771118164,6.03000020980835,5.456263542175293,3795800,0.0,0.0
2023-06-05 00:00:00-04:00,6.019999980926514,6.099999904632568,5.920000076293945,5.940000057220459,5.374826908111572,3274000,0.0,0.0
2023-06-06 00:00:00-04:00,5.889999866485596,6.190000057220459,5.860000133514404,6.179999828338623,5.5919904708862305,3250900,0.0,0.0
2023-06-07 00:00:00-04:00,6.210000038146973,6.369999885559082,6.139999866485596,6.269999980926514,5.673428535461426,5974300,0.0,0.0
2023-06-08 00:00:00-04:00,6.230000019073486,6.28000020980835,6.150000095367432,6.159999847412109,5.573894023895264,2080700,0.0,0.0
2023-06-09 00:00:00-04:00,6.170000076293945,6.179999828338623,6.005000114440918,6.090000152587891,5.510554313659668,2241100,0.0,0.0
2023-06-12 00:00:00-04:00,6.139999866485596,6.309999942779541,6.135000228881836,6.199999809265137,5.610087871551514,2629400,0.0,0.0
2023-06-13 00:00:00-04:00,6.239999771118164,6.380000114440918,6.21999979019165,6.289999961853027,5.691524028778076,2804200,0.0,0.0
2023-06-14 00:00:00-04:00,6.269999980926514,6.315000057220459,6.105000019073486,6.119999885559082,5.5686869621276855,2756700,0.035,0.0
2023-06-15 00:00:00-04:00,6.099999904632568,6.210000038146973,6.040999889373779,6.170000076293945,5.614181995391846,2637200,0.0,0.0
2023-06-16 00:00:00-04:00,6.230000019073486,6.445000171661377,6.119999885559082,6.420000076293945,5.841660976409912,20548800,0.0,0.0
2023-06-20 00:00:00-04:00,6.360000133514404,6.360000133514404,5.940000057220459,6.019999980926514,5.477694988250732,4633700,0.0,0.0
2023-06-21 00:00:00-04:00,6.050000190734863,6.159999847412109,5.980000019073486,6.110000133514404,5.559587478637695,2966800,0.0,0.0
2023-06-22 00:00:00-04:00,6.039999961853027,6.050000190734863,5.889999866485596,5.900000095367432,5.368504524230957,3236200,0.0,0.0
2023-06-23 00:00:00-04:00,5.809999942779541,5.889999866485596,5.789999961853027,5.860000133514404,5.332108497619629,4199800,0.0,0.0
2023-06-26 00:00:00-04:00,5.820000171661377,5.985000133514404,5.820000171661377,5.949999809265137,5.414000511169434,1672500,0.0,0.0
2023-06-27 00:00:00-04:00,5.960000038146973,5.980000019073486,5.864999771118164,5.889999866485596,5.359405517578125,1978300,0.0,0.0
2023-06-28 00:00:00-04:00,5.889999866485596,5.947999954223633,5.820000171661377,5.880000114440918,5.350306510925293,1676300,0.0,0.0
2023-06-29 00:00:00-04:00,5.960000038146973,6.099999904632568,5.942999839782715,5.980000019073486,5.441298007965088,2312900,0.0,0.0
2023-06-30 00:00:00-04:00,6.019999980926514,6.059999942779541,5.9730000495910645,6.03000020980835,5.486794471740723,1936000,0.0,0.0
2023-07-03 00:00:00-04:00,6.039999961853027,6.184999942779541,5.954999923706055,6.150000095367432,5.59598445892334,1640200,0.0,0.0
2023-07-05 00:00:00-04:00,6.099999904632568,6.15500020980835,6.03000020980835,6.130000114440918,5.577785968780518,2640200,0.0,0.0
2023-07-06 00:00:00-04:00,6.03000020980835,6.059999942779541,5.829999923706055,6.03000020980835,5.486794471740723,2471700,0.0,0.0
2023-07-07 00:00:00-04:00,6.070000171661377,6.295000076293945,6.054999828338623,6.199999809265137,5.641479015350342,2831800,0.0,0.0
2023-07-10 00:00:00-04:00,6.139999866485596,6.340000152587891,6.099999904632568,6.340000152587891,5.7688679695129395,2226100,0.0,0.0
2023-07-11 00:00:00-04:00,6.269999980926514,6.400000095367432,6.179999828338623,6.320000171661377,5.750669956207275,3213600,0.0,0.0
2023-07-12 00:00:00-04:00,6.440000057220459,6.460000038146973,6.320000171661377,6.369999885559082,5.796165943145752,2248700,0.0,0.0
2023-07-13 00:00:00-04:00,6.389999866485596,6.639999866485596,6.340000152587891,6.559999942779541,5.969048976898193,2589600,0.0,0.0
2023-07-14 00:00:00-04:00,6.53000020980835,6.590000152587891,6.260000228881836,6.420000076293945,5.841660976409912,3241400,0.0,0.0
2023-07-17 00:00:00-04:00,6.349999904632568,6.510000228881836,6.309999942779541,6.449999809265137,5.868958473205566,2609800,0.0,0.0
2023-07-18 00:00:00-04:00,6.460000038146973,6.460000038146973,6.079999923706055,6.210000038146973,5.65057897567749,3662400,0.0,0.0
2023-07-19 00:00:00-04:00,6.25,6.385000228881836,6.239999771118164,6.349999904632568,5.77796745300293,1802700,0.0,0.0
2023-07-20 00:00:00-04:00,6.340000152587891,6.349999904632568,6.199999809265137,6.28000020980835,5.714272975921631,1369000,0.0,0.0
2023-07-21 00:00:00-04:00,6.329999923706055,6.329999923706055,6.210000038146973,6.300000190734863,5.732470989227295,1219400,0.0,0.0
2023-07-24 00:00:00-04:00,6.309999942779541,6.380000114440918,6.255000114440918,6.300000190734863,5.732470989227295,1249100,0.0,0.0
2023-07-25 00:00:00-04:00,6.300000190734863,6.369999885559082,6.239999771118164,6.329999923706055,5.759768962860107,1120600,0.0,0.0
2023-07-26 00:00:00-04:00,6.329999923706055,6.559999942779541,6.309999942779541,6.5,5.914453029632568,1899600,0.0,0.0
2023-07-27 00:00:00-04:00,6.570000171661377,6.579999923706055,6.269999980926514,6.300000190734863,5.732470989227295,1882000,0.0,0.0
2023-07-28 00:00:00-04:00,6.380000114440918,6.420000076293945,6.329999923706055,6.360000133514404,5.7870659828186035,1058700,0.0,0.0
2023-07-31 00:00:00-04:00,6.389999866485596,6.420000076293945,6.309999942779541,6.380000114440918,5.805264949798584,1399200,0.0,0.0
2023-08-01 00:00:00-04:00,6.320000171661377,6.440000057220459,6.295000076293945,6.409999847412109,5.83256196975708,1542400,0.0,0.0
2023-08-02 00:00:00-04:00,6.389999866485596,6.389999866485596,6.230000019073486,6.300000190734863,5.732470989227295,1806100,0.0,0.0
2023-08-03 00:00:00-04:00,6.230000019073486,6.400000095367432,6.201000213623047,6.329999923706055,5.759768962860107,2553800,0.0,0.0
2023-08-04 00:00:00-04:00,6.369999885559082,6.400000095367432,6.275000095367432,6.340000152587891,5.7688679695129395,1848400,0.0,0.0
2023-08-07 00:00:00-04:00,6.349999904632568,6.40500020980835,6.139999866485596,6.159999847412109,5.6050825119018555,4034300,0.0,0.0
2023-08-08 00:00:00-04:00,6.269999980926514,6.400000095367432,5.913000106811523,6.309999942779541,5.741570472717285,4766300,0.0,0.0
2023-08-09 00:00:00-04:00,6.289999961853027,6.519999980926514,6.199999809265137,6.480000019073486,5.896255970001221,2955300,0.0,0.0
2023-08-10 00:00:00-04:00,6.550000190734863,6.800000190734863,6.510000228881836,6.710000038146973,6.105536937713623,2856400,0.0,0.0
2023-08-11 00:00:00-04:00,6.659999847412109,6.659999847412109,6.510000228881836,6.550000190734863,5.9599504470825195,2303000,0.0,0.0
2023-08-14 00:00:00-04:00,6.550000190734863,6.574999809265137,6.409999847412109,6.440000057220459,5.859859943389893,2174500,0.0,0.0
2023-08-15 00:00:00-04:00,6.369999885559082,6.420000076293945,6.199999809265137,6.400000095367432,5.82346248626709,3278200,0.0,0.0
2023-08-16 00:00:00-04:00,6.369999885559082,6.510000228881836,6.329999923706055,6.429999828338623,5.850759983062744,1922300,0.0,0.0
2023-08-17 00:00:00-04:00,6.480000019073486,6.489999771118164,6.190000057220459,6.269999980926514,5.705173492431641,1711100,0.0,0.0
2023-08-18 00:00:00-04:00,6.210000038146973,6.409999847412109,6.190000057220459,6.349999904632568,5.77796745300293,1966500,0.0,0.0
2023-08-21 00:00:00-04:00,6.340000152587891,6.409999847412109,6.235000133514404,6.28000020980835,5.714272975921631,1481800,0.0,0.0
2023-08-22 00:00:00-04:00,6.320000171661377,6.429999828338623,6.260000228881836,6.300000190734863,5.732470989227295,1504400,0.0,0.0
2023-08-23 00:00:00-04:00,6.320000171661377,6.485000133514404,6.309999942779541,6.449999809265137,5.868958473205566,1729900,0.0,0.0
2023-08-24 00:00:00-04:00,6.400000095367432,6.554999828338623,6.390999794006348,6.440000057220459,5.859859943389893,1467400,0.0,0.0
2023-08-25 00:00:00-04:00,6.449999809265137,6.510000228881836,6.28000020980835,6.289999961853027,5.723372459411621,1212000,0.0,0.0
2023-08-28 00:00:00-04:00,6.300000190734863,6.510000228881836,6.289999961853027,6.480000019073486,5.896255970001221,1970200,0.0,0.0
2023-08-29 00:00:00-04:00,6.420000076293945,6.570000171661377,6.349999904632568,6.460000038146973,5.87805700302124,2048100,0.0,0.0
2023-08-30 00:00:00-04:00,6.460000038146973,6.539999961853027,6.449999809265137,6.489999771118164,5.9053544998168945,1952400,0.0,0.0
2023-08-31 00:00:00-04:00,6.510000228881836,6.554999828338623,6.400000095367432,6.420000076293945,5.841660976409912,2107400,0.0,0.0
2023-09-01 00:00:00-04:00,6.480000019073486,6.525000095367432,6.409999847412109,6.429999828338623,5.850759983062744,1675500,0.0,0.0
2023-09-05 00:00:00-04:00,6.389999866485596,6.389999866485596,5.900000095367432,5.940000057220459,5.40490198135376,3300200,0.0,0.0
2023-09-06 00:00:00-04:00,5.949999809265137,6.139999866485596,5.940000057220459,6.019999980926514,5.477694988250732,2440000,0.0,0.0
2023-09-07 00:00:00-04:00,6.010000228881836,6.079999923706055,5.800000190734863,5.820000171661377,5.295711040496826,3656500,0.0,0.0
2023-09-08 00:00:00-04:00,5.840000152587891,5.925000190734863,5.78000020980835,5.840000152587891,5.313910007476807,2052100,0.0,0.0
2023-09-11 00:00:00-04:00,5.829999923706055,5.929999828338623,5.78000020980835,5.840000152587891,5.313910007476807,2511300,0.0,0.0
2023-09-12 00:00:00-04:00,5.849999904632568,5.900000095367432,5.760000228881836,5.880000114440918,5.350306510925293,1883200,0.0,0.0
2023-09-13 00:00:00-04:00,5.880000114440918,5.885000228881836,5.760000228881836,5.840000152587891,5.313910007476807,3073300,0.0,0.0
2023-09-14 00:00:00-04:00,5.849999904632568,5.886000156402588,5.802000045776367,5.880000114440918,5.382564544677734,1750200,0.035,0.0
2023-09-15 00:00:00-04:00,5.889999866485596,6.239999771118164,5.864999771118164,6.099999904632568,5.583953380584717,6992200,0.0,0.0
2023-09-18 00:00:00-04:00,6.070000171661377,6.099999904632568,6.010000228881836,6.079999923706055,5.565646171569824,1971900,0.0,0.0
2023-09-19 00:00:00-04:00,6.079999923706055,6.090000152587891,5.925000190734863,5.980000019073486,5.4741058349609375,1771500,0.0,0.0
2023-09-20 00:00:00-04:00,6.019999980926514,6.079999923706055,5.929999828338623,5.940000057220459,5.437489032745361,1497200,0.0,0.0
2023-09-21 00:00:00-04:00,5.880000114440918,5.929999828338623,5.769999980926514,5.860000133514404,5.364256381988525,1704900,0.0,0.0
2023-09-22 00:00:00-04:00,5.849999904632568,5.940000057220459,5.829999923706055,5.920000076293945,5.419180870056152,1361900,0.0,0.0
2023-09-25 00:00:00-04:00,5.849999904632568,5.949999809265137,5.75,5.909999847412109,5.410027027130127,1953700,0.0,0.0
2023-09-26 00:00:00-04:00,5.849999904632568,6.050000190734863,5.840000152587891,5.849999904632568,5.355102062225342,2405100,0.0,0.0
2023-09-27 00:00:00-04:00,5.869999885559082,6.03000020980835,5.829999923706055,5.980000019073486,5.4741058349609375,2880300,0.0,0.0
2023-09-28 00:00:00-04:00,5.989999771118164,6.170000076293945,5.960000038146973,6.119999885559082,5.602262020111084,1928600,0.0,0.0
2023-09-29 00:00:00-04:00,6.139999866485596,6.150000095367432,5.96999979019165,6.0,5.492412567138672,1515500,0.0,0.0
2023-10-02 00:00:00-04:00,5.989999771118164,6.070000171661377,5.929999828338623,6.019999980926514,5.510721206665039,2201900,0.0,0.0
2023-10-03 00:00:00-04:00,6.0,6.065000057220459,5.940000057220459,5.989999771118164,5.483259201049805,3087600,0.0,0.0
2023-10-04 00:00:00-04:00,6.0,6.239999771118164,5.989999771118164,6.21999979019165,5.693802356719971,2280600,0.0,0.0
2023-10-05 00:00:00-04:00,6.199999809265137,6.448999881744385,6.150000095367432,6.409999847412109,5.867728233337402,3104400,0.0,0.0
2023-10-06 00:00:00-04:00,6.369999885559082,6.510000228881836,6.320000171661377,6.449999809265137,5.904344081878662,3062500,0.0,0.0
2023-10-09 00:00:00-04:00,6.389999866485596,6.570000171661377,6.369999885559082,6.5,5.9501142501831055,2750500,0.0,0.0
2023-10-10 00:00:00-04:00,6.539999961853027,6.619999885559082,6.360000133514404,6.420000076293945,5.8768815994262695,2253600,0.0,0.0
2023-10-11 00:00:00-04:00,6.440000057220459,6.510000228881836,6.389999866485596,6.480000019073486,5.931806564331055,1603000,0.0,0.0
2023-10-12 00:00:00-04:00,6.46999979019165,6.46999979019165,6.25,6.340000152587891,5.80364990234375,1847600,0.0,0.0
2023-10-13 00:00:00-04:00,6.369999885559082,6.380000114440918,6.239999771118164,6.28000020980835,5.748725891113281,1396400,0.0,0.0
2023-10-16 00:00:00-04:00,6.349999904632568,6.519999980926514,6.329999923706055,6.5,5.9501142501831055,1661500,0.0,0.0
2023-10-17 00:00:00-04:00,6.449999809265137,6.650000095367432,6.449999809265137,6.510000228881836,5.959268093109131,1271600,0.0,0.0
2023-10-18 00:00:00-04:00,6.449999809265137,6.4670000076293945,6.289999961853027,6.300000190734863,5.767033576965332,1175200,0.0,0.0
2023-10-19 00:00:00-04:00,6.329999923706055,6.5,6.260000228881836,6.329999923706055,5.794496536254883,1484900,0.0,0.0
2023-10-20 00:00:00-04:00,6.320000171661377,6.409999847412109,6.239999771118164,6.25,5.721263885498047,1293700,0.0,0.0
2023-10-23 00:00:00-04:00,6.199999809265137,6.309999942779541,6.079999923706055,6.090000152587891,5.574799060821533,1522200,0.0,0.0
2023-10-24 00:00:00-04:00,6.130000114440918,6.210000038146973,6.110000133514404,6.190000057220459,5.66633939743042,1290700,0.0,0.0
2023-10-25 00:00:00-04:00,6.099999904632568,6.135000228881836,5.840000152587891,5.900000095367432,5.400872707366943,2141700,0.0,0.0
2023-10-26 00:00:00-04:00,5.949999809265137,6.025000095367432,5.800000190734863,5.840000152587891,5.345948219299316,2317900,0.0,0.0
2023-10-27 00:00:00-04:00,5.840000152587891,5.885000228881836,5.670000076293945,5.690000057220459,5.208638668060303,2077600,0.0,0.0
2023-10-30 00:00:00-04:00,5.739999771118164,5.829999923706055,5.619999885559082,5.690000057220459,5.208638668060303,1985400,0.0,0.0
2023-10-31 00:00:00-04:00,5.684999942779541,5.730000019073486,5.59499979019165,5.659999847412109,5.181177139282227,2059500,0.0,0.0
2023-11-01 00:00:00-04:00,5.690000057220459,5.71999979019165,5.53000020980835,5.579999923706055,5.107944011688232,2679800,0.0,0.0
2023-11-02 00:00:00-04:00,5.710000038146973,6.630000114440918,5.664999961853027,6.5,5.9501142501831055,6032500,0.0,0.0
2023-11-03 00:00:00-04:00,6.429999828338623,6.570000171661377,6.059999942779541,6.130000114440918,5.611415863037109,3494600,0.0,0.0
2023-11-06 00:00:00-05:00,6.179999828338623,6.260000228881836,6.139999866485596,6.230000019073486,5.702956676483154,2562600,0.0,0.0
2023-11-07 00:00:00-05:00,6.130000114440918,6.210000038146973,6.070000171661377,6.090000152587891,5.574799060821533,1838700,0.0,0.0
2023-11-08 00:00:00-05:00,6.170000076293945,6.170000076293945,5.820000171661377,5.889999866485596,5.391719341278076,4363800,0.0,0.0
2023-11-09 00:00:00-05:00,5.909999847412109,5.960000038146973,5.820000171661377,5.849999904632568,5.355102062225342,2212200,0.0,0.0
2023-11-10 00:00:00-05:00,5.860000133514404,5.889999866485596,5.715000152587891,5.880000114440918,5.382564544677734,2065600,0.0,0.0
2023-11-13 00:00:00-05:00,5.840000152587891,5.840000152587891,5.659999847412109,5.75,5.263562202453613,2356300,0.0,0.0
2023-11-14 00:00:00-05:00,6.010000228881836,6.25,6.0,6.139999866485596,5.620569229125977,2452100,0.0,0.0
2023-11-15 00:00:00-05:00,6.130000114440918,6.269999980926514,6.079999923706055,6.199999809265137,5.675493240356445,2468900,0.0,0.0
2023-11-16 00:00:00-05:00,6.139999866485596,6.190000057220459,5.940000057220459,5.940000057220459,5.437489032745361,1819100,0.0,0.0
2023-11-17 00:00:00-05:00,6.110000133514404,6.179999828338623,6.070000171661377,6.150000095367432,5.62972354888916,2506700,0.0,0.0
2023-11-20 00:00:00-05:00,6.130000114440918,6.179999828338623,6.059999942779541,6.090000152587891,5.574799060821533,1965600,0.0,0.0
2023-11-21 00:00:00-05:00,6.070000171661377,6.090000152587891,5.929999828338623,5.960000038146973,5.45579719543457,1449700,0.0,0.0
2023-11-22 00:00:00-05:00,5.96999979019165,6.039999961853027,5.869999885559082,5.940000057220459,5.437489032745361,1332300,0.0,0.0
2023-11-24 00:00:00-05:00,5.980000019073486,6.019999980926514,5.920000076293945,5.989999771118164,5.483259201049805,672800,0.0,0.0
2023-11-27 00:00:00-05:00,5.949999809265137,5.949999809265137,5.789999961853027,5.789999961853027,5.3001790046691895,1418300,0.0,0.0
2023-11-28 00:00:00-05:00,5.730000019073486,5.809999942779541,5.630000114440918,5.78000020980835,5.291025161743164,1779100,0.0,0.0
2023-11-29 00:00:00-05:00,5.820000171661377,5.929999828338623,5.710000038146973,5.829999923706055,5.336794376373291,2750800,0.0,0.0
2023-11-30 00:00:00-05:00,5.849999904632568,5.934999942779541,5.7870001792907715,5.869999885559082,5.373411178588867,3251000,0.0,0.0
2023-12-01 00:00:00-05:00,5.889999866485596,6.210000038146973,5.869999885559082,6.179999828338623,5.6571855545043945,2642000,0.0,0.0
2023-12-04 00:00:00-05:00,6.130000114440918,6.369999885559082,6.110000133514404,6.21999979019165,5.693802356719971,3462100,0.0,0.0
2023-12-05 00:00:00-05:00,6.210000038146973,6.284999847412109,6.119999885559082,6.190000057220459,5.66633939743042,2789700,0.0,0.0
2023-12-06 00:00:00-05:00,6.269999980926514,6.340000152587891,6.125,6.159999847412109,5.638876914978027,2425200,0.0,0.0
2023-12-07 00:00:00-05:00,6.150000095367432,6.300000190734863,6.045000076293945,6.269999980926514,5.739572048187256,2067600,0.0,0.0
2023-12-08 00:00:00-05:00,6.25,6.429999828338623,6.209000110626221,6.420000076293945,5.8768815994262695,2156400,0.0,0.0
2023-12-11 00:00:00-05:00,6.389999866485596,6.505000114440918,6.375,6.440000057220459,5.8951897621154785,1623400,0.0,0.0
2023-12-12 00:00:00-05:00,6.449999809265137,6.53000020980835,6.364999771118164,6.480000019073486,5.931806564331055,1815100,0.0,0.0
2023-12-13 00:00:00-05:00,6.369999885559082,6.704999923706055,6.235000133514404,6.670000076293945,6.138890266418457,4500100,0.035,0.0
2023-12-14 00:00:00-05:00,6.699999809265137,6.945000171661377,6.699999809265137,6.820000171661377,6.276946067810059,4203900,0.0,0.0
2023-12-15 00:00:00-05:00,6.869999885559082,6.889999866485596,6.71999979019165,6.880000114440918,6.332168102264404,6393000,0.0,0.0
2023-12-18 00:00:00-05:00,6.860000133514404,6.889999866485596,6.619999885559082,6.639999866485596,6.111278533935547,3003200,0.0,0.0
2023-12-19 00:00:00-05:00,6.699999809265137,6.855000019073486,6.664999961853027,6.760000228881836,6.221724033355713,1677200,0.0,0.0
2023-12-20 00:00:00-05:00,6.739999771118164,6.789999961853027,6.550000190734863,6.550000190734863,6.028446197509766,1484800,0.0,0.0
2023-12-21 00:00:00-05:00,6.579999923706055,6.659999847412109,6.460000038146973,6.550000190734863,6.028446197509766,2785600,0.0,0.0
2023-12-22 00:00:00-05:00,6.559999942779541,6.679999828338623,6.559999942779541,6.659999847412109,6.129685878753662,1668100,0.0,0.0
2023-12-26 00:00:00-05:00,6.679999828338623,6.760000228881836,6.619999885559082,6.71999979019165,6.184907913208008,1366400,0.0,0.0
2023-12-27 00:00:00-05:00,6.769999980926514,6.889999866485596,6.71999979019165,6.800000190734863,6.258539199829102,2138000,0.0,0.0
2023-12-28 00:00:00-05:00,6.739999771118164,6.869999885559082,6.715000152587891,6.840000152587891,6.295353889465332,1570500,0.0,0.0
2023-12-29 00:00:00-05:00,6.849999904632568,6.929999828338623,6.739999771118164,6.820000171661377,6.276946067810059,2493900,0.0,0.0
2024-01-02 00:00:00-05:00,6.75,7.039999961853027,6.659999847412109,7.010000228881836,6.451817512512207,5757600,0.0,0.0
2024-01-03 00:00:00-05:00,6.829999923706055,6.849999904632568,6.420000076293945,6.420000076293945,5.908796310424805,2988800,0.0,0.0
2024-01-04 00:00:00-05:00,6.409999847412109,6.510000228881836,6.355000019073486,6.400000095367432,5.890390396118164,2116800,0.0,0.0
2024-01-05 00:00:00-05:00,6.389999866485596,6.670000076293945,6.320000171661377,6.519999980926514,6.000833988189697,3526800,0.0,0.0
2024-01-08 00:00:00-05:00,6.5,6.735000133514404,6.494999885559082,6.659999847412109,6.129685878753662,1870400,0.0,0.0
2024-01-09 00:00:00-05:00,6.559999942779541,6.599999904632568,6.510000228881836,6.510000228881836,5.991631031036377,1287300,0.0,0.0
2024-01-10 00:00:00-05:00,6.480000019073486,6.559999942779541,6.369999885559082,6.519999980926514,6.000833988189697,1525300,0.0,0.0
2024-01-11 00:00:00-05:00,6.53000020980835,6.53000020980835,6.364999771118164,6.400000095367432,5.890390396118164,1338400,0.0,0.0
2024-01-12 00:00:00-05:00,6.449999809265137,6.480000019073486,6.284999847412109,6.309999942779541,5.807555198669434,1476600,0.0,0.0
2024-01-16 00:00:00-05:00,6.230000019073486,6.230000019073486,6.105000019073486,6.150000095367432,5.660296440124512,2030700,0.0,0.0
2024-01-17 00:00:00-05:00,6.059999942779541,6.159999847412109,6.019999980926514,6.119999885559082,5.632685661315918,1563700,0.0,0.0
2024-01-18 00:00:00-05:00,6.170000076293945,6.21999979019165,6.090000152587891,6.170000076293945,5.678703784942627,1302300,0.0,0.0
2024-01-19 00:00:00-05:00,6.179999828338623,6.289999961853027,6.099999904632568,6.269999980926514,5.770740985870361,1472000,0.0,0.0
2024-01-22 00:00:00-05:00,6.349999904632568,6.400000095367432,6.269999980926514,6.340000152587891,5.835166931152344,1961200,0.0,0.0
2024-01-23 00:00:00-05:00,6.429999828338623,6.485000133514404,6.260000228881836,6.369999885559082,5.862778663635254,1747300,0.0,0.0
2024-01-24 00:00:00-05:00,6.449999809265137,6.480000019073486,6.164999961853027,6.179999828338623,5.687907695770264,1209100,0.0,0.0
2024-01-25 00:00:00-05:00,6.449999809265137,7.019999980926514,6.440000057220459,6.760000228881836,6.221724033355713,6576300,0.0,0.0
2024-01-26 00:00:00-05:00,6.809999942779541,6.927999973297119,6.590000152587891,6.630000114440918,6.102075576782227,2871500,0.0,0.0
2024-01-29 00:00:00-05:00,6.610000133514404,6.630000114440918,6.360000133514404,6.590000152587891,6.065260887145996,3677800,0.0,0.0
2024-01-30 00:00:00-05:00,6.519999980926514,6.619999885559082,6.480000019073486,6.559999942779541,6.0376482009887695,2437200,0.0,0.0
2024-01-31 00:00:00-05:00,6.559999942779541,6.75,6.449999809265137,6.53000020980835,6.010038375854492,3166000,0.0,0.0
2024-02-01 00:00:00-05:00,6.53000020980835,6.610000133514404,6.449999809265137,6.570000171661377,6.046853065490723,1406300,0.0,0.0
2024-02-02 00:00:00-05:00,6.5,6.659999847412109,6.360000133514404,6.579999923706055,6.056056976318359,2480400,0.0,0.0
2024-02-05 00:00:00-05:00,6.480000019073486,6.590000152587891,6.380000114440918,6.550000190734863,6.028446197509766,1863000,0.0,0.0
2024-02-06 00:00:00-05:00,6.570000171661377,6.619999885559082,6.519999980926514,6.590000152587891,6.065260887145996,2199500,0.0,0.0
2024-02-07 00:00:00-05:00,6.619999885559082,6.630000114440918,6.380000114440918,6.619999885559082,6.092871189117432,4434600,0.0,0.0
2024-02-08 00:00:00-05:00,6.630000114440918,6.679999828338623,6.574999809265137,6.639999866485596,6.111278533935547,1556900,0.0,0.0
2024-02-09 00:00:00-05:00,6.659999847412109,6.860000133514404,6.619999885559082,6.78000020980835,6.24013090133667,2761900,0.0,0.0
2024-02-12 00:00:00-05:00,6.809999942779541,7.005000114440918,6.809999942779541,6.989999771118164,6.433409214019775,2647300,0.0,0.0
2024-02-13 00:00:00-05:00,6.769999980926514,6.769999980926514,6.525000095367432,6.630000114440918,6.102075576782227,2994400,0.0,0.0
2024-02-14 00:00:00-05:00,6.730000019073486,6.849999904632568,6.670000076293945,6.78000020980835,6.24013090133667,2525600,0.0,0.0
2024-02-15 00:00:00-05:00,6.800000190734863,7.0,6.784999847412109,6.869999885559082,6.322965145111084,1767800,0.0,0.0
2024-02-16 00:00:00-05:00,6.800000190734863,6.929999828338623,6.800000190734863,6.829999923706055,6.286150932312012,1869400,0.0,0.0
2024-02-20 00:00:00-05:00,6.809999942779541,6.880000114440918,6.71999979019165,6.739999771118164,6.203315734863281,2085400,0.0,0.0
2024-02-21 00:00:00-05:00,6.710000038146973,6.739999771118164,6.659999847412109,6.699999809265137,6.166501522064209,1967200,0.0,0.0
2024-02-22 00:00:00-05:00,6.670000076293945,6.760000228881836,6.599999904632568,6.619999885559082,6.092871189117432,2973500,0.0,0.0
2024-02-23 00:00:00-05:00,6.630000114440918,6.769999980926514,6.599999904632568,6.739999771118164,6.203315734863281,2136100,0.0,0.0
2024-02-26 00:00:00-05:00,6.710000038146973,6.800000190734863,6.610000133514404,6.630000114440918,6.102075576782227,2834100,0.0,0.0
2024-02-27 00:00:00-05:00,6.659999847412109,6.670000076293945,6.494999885559082,6.53000020980835,6.010038375854492,3613100,0.0,0.0
2024-02-28 00:00:00-05:00,6.820000171661377,7.21999979019165,6.664999961853027,7.190000057220459,6.6174845695495605,13397100,0.0,0.0
2024-02-29 00:00:00-05:00,7.300000190734863,7.599999904632568,7.139999866485596,7.260000228881836,6.681910991668701,9743400,0.0,0.0
2024-03-01 00:00:00-05:00,7.25,7.400000095367432,7.130000114440918,7.300000190734863,6.718725681304932,7589200,0.0,0.0
2024-03-04 00:00:00-05:00,7.309999942779541,7.429999828338623,7.150000095367432,7.329999923706055,6.746337413787842,5180800,0.0,0.0
2024-03-05 00:00:00-05:00,7.289999961853027,7.53000020980835,7.244999885559082,7.420000076293945,6.8291707038879395,6141800,0.0,0.0
2024-03-06 00:00:00-05:00,7.449999809265137,7.550000190734863,7.429999828338623,7.46999979019165,6.87518835067749,3648300,0.0,0.0
2024-03-07 00:00:00-05:00,7.159999847412109,7.159999847412109,6.550000190734863,6.710000038146973,6.175705432891846,38118000,0.0,0.0
2024-03-08 00:00:00-05:00,6.679999828338623,6.769999980926514,6.510000228881836,6.510000228881836,5.991631031036377,10176100,0.0,0.0
2024-03-11 00:00:00-04:00,6.53000020980835,6.5929999351501465,6.494999885559082,6.550000190734863,6.028446197509766,10042400,0.0,0.0
2024-03-12 00:00:00-04:00,6.559999942779541,6.619999885559082,6.510000228881836,6.599999904632568,6.074463844299316,9920200,0.0,0.0
2024-03-13 00:00:00-04:00,6.550000190734863,6.664999961853027,6.519999980926514,6.630000114440918,6.153353214263916,10815500,0.055,0.0
2024-03-14 00:00:00-04:00,6.590000152587891,6.78000020980835,6.550000190734863,6.769999980926514,6.28328800201416,7815400,0.0,0.0
2024-03-15 00:00:00-04:00,6.699999809265137,6.869999885559082,6.119999885559082,6.260000228881836,5.809953212738037,47731700,0.0,0.0
2024-03-18 00:00:00-04:00,6.360000133514404,6.559999942779541,6.329999923706055,6.510000228881836,6.041981220245361,8332300,0.0,0.0
2024-03-19 00:00:00-04:00,6.53000020980835,6.639999866485596,6.519999980926514,6.590000152587891,6.1162285804748535,8063900,0.0,0.0
2024-03-20 00:00:00-04:00,6.570000171661377,6.715000152587891,6.550000190734863,6.699999809265137,6.218320369720459,4504600,0.0,0.0
2024-03-21 00:00:00-04:00,6.75,6.760000228881836,6.619999885559082,6.639999866485596,6.162633419036865,4174200,0.0,0.0
2024-03-22 00:00:00-04:00,6.579999923706055,6.59499979019165,6.380000114440918,6.389999866485596,5.930607795715332,10990300,0.0,0.0
2024-03-25 00:00:00-04:00,6.440000057220459,6.579999923706055,6.409999847412109,6.519999980926514,6.051260948181152,4666800,0.0,0.0
2024-03-26 00:00:00-04:00,6.599999904632568,6.599999904632568,6.460000038146973,6.480000019073486,6.0141377449035645,5329700,0.0,0.0
2024-03-27 00:00:00-04:00,6.519999980926514,6.739999771118164,6.519999980926514,6.730000019073486,6.246164321899414,6224600,0.0,0.0
2024-03-28 00:00:00-04:00,6.760000228881836,6.78000020980835,6.679999828338623,6.71999979019165,6.236882209777832,5910300,0.0,0.0
2024-04-01 00:00:00-04:00,6.730000019073486,6.739999771118164,6.480000019073486,6.489999771118164,6.023418426513672,9449900,0.0,0.0
2024-04-02 00:00:00-04:00,6.429999828338623,6.429999828338623,6.300000190734863,6.380000114440918,5.921326637268066,6389300,0.0,0.0
2024-04-03 00:00:00-04:00,6.340000152587891,6.449999809265137,6.324999809265137,6.380000114440918,5.921326637268066,4994400,0.0,0.0
2024-04-04 00:00:00-04:00,6.420000076293945,6.480000019073486,6.269999980926514,6.28000020980835,5.828515529632568,3328500,0.0,0.0
2024-04-05 00:00:00-04:00,6.28000020980835,6.429999828338623,6.260000228881836,6.429999828338623,5.967731952667236,5477600,0.0,0.0
2024-04-08 00:00:00-04:00,6.409999847412109,6.570000171661377,6.409999847412109,6.550000190734863,6.079105377197266,3736100,0.0,0.0
2024-04-09 00:00:00-04:00,6.53000020980835,6.650000095367432,6.53000020980835,6.650000095367432,6.1719160079956055,3160800,0.0,0.0
2024-04-10 00:00:00-04:00,6.550000190734863,6.559999942779541,6.389999866485596,6.46999979019165,6.004855632781982,2759900,0.0,0.0
2024-04-11 00:00:00-04:00,6.46999979019165,6.514999866485596,6.349999904632568,6.460000038146973,5.995574951171875,2747800,0.0,0.0
2024-04-12 00:00:00-04:00,6.46999979019165,6.5,6.340000152587891,6.360000133514404,5.902764797210693,4127100,0.0,0.0
2024-04-15 00:00:00-04:00,6.360000133514404,6.460000038146973,6.199999809265137,6.230000019073486,5.782110691070557,2673500,0.0,0.0
2024-04-16 00:00:00-04:00,6.199999809265137,6.244999885559082,6.099999904632568,6.159999847412109,5.717142105102539,3137500,0.0,0.0
2024-04-17 00:00:00-04:00,6.190000057220459,6.28000020980835,6.170000076293945,6.179999828338623,5.73570442199707,3348500,0.0,0.0
2024-04-18 00:00:00-04:00,6.190000057220459,6.21999979019165,6.119999885559082,6.179999828338623,5.73570442199707,2513400,0.0,0.0
2024-04-19 00:00:00-04:00,6.170000076293945,6.235000133514404,6.15500020980835,6.190000057220459,5.744985580444336,3621200,0.0,0.0
2024-04-22 00:00:00-04:00,6.25,6.300000190734863,6.159999847412109,6.28000020980835,5.828515529632568,3145600,0.0,0.0
2024-04-23 00:00:00-04:00,6.300000190734863,6.380000114440918,6.224999904632568,6.360000133514404,5.902764797210693,2542600,0.0,0.0
2024-04-24 00:00:00-04:00,6.360000133514404,6.445000171661377,6.329999923706055,6.380000114440918,5.921326637268066,6167900,0.0,0.0
2024-04-25 00:00:00-04:00,6.440000057220459,6.659999847412109,6.25,6.329999923706055,5.8749213218688965,7017400,0.0,0.0
2024-04-26 00:00:00-04:00,6.349999904632568,6.480000019073486,6.349999904632568,6.429999828338623,5.967731952667236,4339300,0.0,0.0
2024-04-29 00:00:00-04:00,6.460000038146973,6.599999904632568,6.440000057220459,6.550000190734863,6.079105377197266,4826800,0.0,0.0
2024-04-30 00:00:00-04:00,6.510000228881836,6.565000057220459,6.460000038146973,6.5,6.032700061798096,5818100,0.0,0.0
2024-05-01 00:00:00-04:00,6.510000228881836,6.619999885559082,6.420000076293945,6.5,6.032700061798096,6332900,0.0,0.0
2024-05-02 00:00:00-04:00,6.599999904632568,6.690000057220459,6.53000020980835,6.650000095367432,6.1719160079956055,4165200,0.0,0.0
2024-05-03 00:00:00-04:00,6.75,6.829999923706055,6.570000171661377,6.679999828338623,6.199758529663086,4725000,0.0,0.0
2024-05-06 00:00:00-04:00,6.760000228881836,6.920000076293945,6.701000213623047,6.889999866485596,6.394660949707031,4852800,0.0,0.0
2024-05-07 00:00:00-04:00,6.900000095367432,7.010000228881836,6.885000228881836,6.909999847412109,6.413224220275879,4265200,0.0,0.0
2024-05-08 00:00:00-04:00,6.860000133514404,7.010000228881836,6.809999942779541,6.980000019073486,6.478190898895264,4690100,0.0,0.0
2024-05-09 00:00:00-04:00,6.960000038146973,7.03000020980835,6.954999923706055,7.0,6.496753215789795,3068800,0.0,0.0
2024-05-10 00:00:00-04:00,7.0,7.03000020980835,6.980000019073486,6.980000019073486,6.478190898895264,3003200,0.0,0.0
2024-05-13 00:00:00-04:00,7.0,7.099999904632568,7.0,7.059999942779541,6.552438259124756,5017600,0.0,0.0
2024-05-14 00:00:00-04:00,7.079999923706055,7.179999828338623,7.074999809265137,7.150000095367432,6.635969638824463,4789000,0.0,0.0
2024-05-15 00:00:00-04:00,7.230000019073486,7.260000228881836,7.184999942779541,7.210000038146973,6.691656112670898,4771500,0.0,0.0
2024-05-16 00:00:00-04:00,7.190000057220459,7.260000228881836,7.150000095367432,7.190000057220459,6.673093795776367,6172600,0.0,0.0
2024-05-17 00:00:00-04:00,7.210000038146973,7.215000152587891,7.130000114440918,7.179999828338623,6.663812637329102,2956800,0.0,0.0
2024-05-20 00:00:00-04:00,7.210000038146973,7.355000019073486,7.199999809265137,7.260000228881836,6.738061428070068,3301500,0.0,0.0
2024-05-21 00:00:00-04:00,7.269999980926514,7.400000095367432,7.260000228881836,7.340000152587891,6.812310218811035,2748700,0.0,0.0
2024-05-22 00:00:00-04:00,7.320000171661377,7.40500020980835,7.239999771118164,7.289999961853027,6.765904903411865,3700900,0.0,0.0
2024-05-23 00:00:00-04:00,7.309999942779541,7.340000152587891,7.159999847412109,7.199999809265137,6.682374000549316,4800200,0.0,0.0
2024-05-24 00:00:00-04:00,7.260000228881836,7.28000020980835,7.074999809265137,7.21999979019165,6.700936317443848,4310600,0.0,0.0
2024-05-28 00:00:00-04:00,7.230000019073486,7.28000020980835,7.110000133514404,7.139999866485596,6.626687526702881,3856000,0.0,0.0
2024-05-29 00:00:00-04:00,7.039999961853027,7.109000205993652,6.980000019073486,7.019999980926514,6.515315055847168,3086000,0.0,0.0
2024-05-30 00:00:00-04:00,7.070000171661377,7.119999885559082,6.989999771118164,7.070000171661377,6.561720371246338,3300900,0.0,0.0
2024-05-31 00:00:00-04:00,7.099999904632568,7.199999809265137,6.980000019073486,7.110000133514404,6.598844051361084,6669200,0.0,0.0
2024-06-03 00:00:00-04:00,7.150000095367432,7.28000020980835,7.070000171661377,7.230000019073486,6.7102179527282715,4246100,0.0,0.0
2024-06-04 00:00:00-04:00,7.159999847412109,7.260000228881836,7.159999847412109,7.25,6.7287797927856445,2975100,0.0,0.0
2024-06-05 00:00:00-04:00,7.289999961853027,7.389999866485596,7.224999904632568,7.349999904632568,6.821590900421143,2641400,0.0,0.0
2024-06-06 00:00:00-04:00,7.340000152587891,7.525000095367432,7.329999923706055,7.409999847412109,6.877276420593262,3295900,0.0,0.0
2024-06-07 00:00:00-04:00,7.349999904632568,7.440000057220459,7.289999961853027,7.349999904632568,6.821590900421143,3570600,0.0,0.0
2024-06-10 00:00:00-04:00,7.329999923706055,7.489999771118164,7.309999942779541,7.429999828338623,6.895839214324951,3866200,0.0,0.0
2024-06-11 00:00:00-04:00,7.389999866485596,7.420000076293945,7.340000152587891,7.380000114440918,6.849433898925781,3486100,0.0,0.0
2024-06-12 00:00:00-04:00,7.550000190734863,7.605000019073486,7.460000038146973,7.46999979019165,6.932963848114014,5385100,0.0,0.0
2024-06-13 00:00:00-04:00,7.429999828338623,7.480000019073486,7.320000171661377,7.360000133514404,6.881539344787598,3922800,0.055,0.0
2024-06-14 00:00:00-04:00,7.300000190734863,7.369999885559082,7.199999809265137,7.289999961853027,6.816089630126953,3463800,0.0,0.0
2024-06-17 00:00:00-04:00,7.289999961853027,7.364999771118164,7.119999885559082,7.170000076293945,6.703890323638916,5141300,0.0,0.0
2024-06-18 00:00:00-04:00,7.130000114440918,7.230000019073486,7.039999961853027,7.119999885559082,6.657141208648682,4867200,0.0,0.0
2024-06-20 00:00:00-04:00,7.110000133514404,7.230000019073486,7.105000019073486,7.179999828338623,6.713240146636963,3288800,0.0,0.0
2024-06-21 00:00:00-04:00,7.150000095367432,7.809999942779541,7.139999866485596,7.75,7.246185779571533,63254500,0.0,0.0
2024-06-24 00:00:00-04:00,7.610000133514404,7.840000152587891,7.460000038146973,7.78000020980835,7.274235725402832,10494400,0.0,0.0
2024-06-25 00:00:00-04:00,7.760000228881836,7.840000152587891,7.639999866485596,7.679999828338623,7.180737018585205,6783900,0.0,0.0
2024-06-26 00:00:00-04:00,7.659999847412109,7.775000095367432,7.599999904632568,7.670000076293945,7.17138671875,8135800,0.0,0.0
2024-06-27 00:00:00-04:00,7.699999809265137,7.715000152587891,7.570000171661377,7.630000114440918,7.133986949920654,5149200,0.0,0.0
2024-06-28 00:00:00-04:00,7.659999847412109,7.699999809265137,7.570000171661377,7.599999904632568,7.1059370040893555,5775800,0.0,0.0
2024-07-01 00:00:00-04:00,7.599999904632568,7.670000076293945,7.409999847412109,7.420000076293945,6.937638282775879,5301200,0.0,0.0
2024-07-02 00:00:00-04:00,7.389999866485596,7.449999809265137,7.340000152587891,7.380000114440918,6.900238990783691,4519300,0.0,0.0
2024-07-03 00:00:00-04:00,7.400000095367432,7.53000020980835,7.369999885559082,7.400000095367432,6.918939113616943,2670100,0.0,0.0
2024-07-05 00:00:00-04:00,7.380000114440918,7.400000095367432,7.260000228881836,7.360000133514404,6.881539344787598,4408600,0.0,0.0
2024-07-08 00:00:00-04:00,7.369999885559082,7.449999809265137,7.269999980926514,7.360000133514404,6.881539344787598,2415100,0.0,0.0
2024-07-09 00:00:00-04:00,7.360000133514404,7.360000133514404,7.15500020980835,7.159999847412109,6.694540500640869,4619800,0.0,0.0
2024-07-10 00:00:00-04:00,7.210000038146973,7.215000152587891,7.130000114440918,7.210000038146973,6.741291046142578,3573400,0.0,0.0
2024-07-11 00:00:00-04:00,7.28000020980835,7.409999847412109,7.28000020980835,7.320000171661377,6.844139575958252,3207000,0.0,0.0
2024-07-12 00:00:00-04:00,7.340000152587891,7.460000038146973,7.309999942779541,7.389999866485596,6.909587860107422,3208900,0.0,0.0
2024-07-15 00:00:00-04:00,7.409999847412109,7.489999771118164,7.340000152587891,7.449999809265137,6.9656877517700195,3066800,0.0,0.0
2024-07-16 00:00:00-04:00,7.5,7.695000171661377,7.460000038146973,7.690000057220459,7.190086841583252,4279700,0.0,0.0
2024-07-17 00:00:00-04:00,7.670000076293945,7.800000190734863,7.599999904632568,7.739999771118164,7.236835479736328,3615700,0.0,0.0
2024-07-18 00:00:00-04:00,7.710000038146973,7.840000152587891,7.650000095367432,7.699999809265137,7.199435710906982,2665100,0.0,0.0
2024-07-19 00:00:00-04:00,7.730000019073486,7.860000133514404,7.675000190734863,7.71999979019165,7.218135356903076,2459300,0.0,0.0
2024-07-22 00:00:00-04:00,7.710000038146973,7.920000076293945,7.659999847412109,7.900000095367432,7.386435031890869,2731200,0.0,0.0
2024-07-23 00:00:00-04:00,7.829999923706055,7.880000114440918,7.741000175476074,7.820000171661377,7.3116350173950195,3562000,0.0,0.0
2024-07-24 00:00:00-04:00,7.789999961853027,7.849999904632568,7.679999828338623,7.690000057220459,7.190086841583252,2751600,0.0,0.0
2024-07-25 00:00:00-04:00,7.690000057220459,7.789999961853027,7.670000076293945,7.710000038146973,7.208786487579346,4395200,0.0,0.0
2024-07-26 00:00:00-04:00,7.800000190734863,7.820000171661377,7.679999828338623,7.730000019073486,7.2274861335754395,3625800,0.0,0.0
2024-07-29 00:00:00-04:00,7.730000019073486,7.75,7.659999847412109,7.739999771118164,7.236835479736328,5141900,0.0,0.0
2024-07-30 00:00:00-04:00,7.78000020980835,7.789999961853027,7.619999885559082,7.730000019073486,7.2274861335754395,8236600,0.0,0.0
2024-07-31 00:00:00-04:00,7.760000228881836,7.880000114440918,7.690000057220459,7.78000020980835,7.274235725402832,8594500,0.0,0.0
2024-08-01 00:00:00-04:00,7.75,7.75,7.0,7.090000152587891,6.629091739654541,7635000,0.0,0.0
2024-08-02 00:00:00-04:00,6.869999885559082,6.949999809265137,6.699999809265137,6.929999828338623,6.479492664337158,5250100,0.0,0.0
2024-08-05 00:00:00-04:00,6.559999942779541,7.010000228881836,6.53000020980835,6.869999885559082,6.423393249511719,4454300,0.0,0.0
2024-08-06 00:00:00-04:00,6.889999866485596,7.175000190734863,6.869999885559082,7.070000171661377,6.610392093658447,4257000,0.0,0.0
2024-08-07 00:00:00-04:00,7.170000076293945,7.239999771118164,7.079999923706055,7.090000152587891,6.629091739654541,3594900,0.0,0.0
2024-08-08 00:00:00-04:00,7.150000095367432,7.269999980926514,7.130000114440918,7.260000228881836,6.788040637969971,3705400,0.0,0.0
2024-08-09 00:00:00-04:00,7.25,7.269999980926514,7.139999866485596,7.21999979019165,6.750639915466309,4177300,0.0,0.0
2024-08-12 00:00:00-04:00,7.210000038146973,7.309999942779541,7.139999866485596,7.170000076293945,6.703890323638916,3310800,0.0,0.0
2024-08-13 00:00:00-04:00,7.21999979019165,7.260000228881836,7.119999885559082,7.190000057220459,6.722590446472168,3522000,0.0,0.0
2024-08-14 00:00:00-04:00,7.190000057220459,7.239999771118164,7.099999904632568,7.179999828338623,6.713240146636963,3876400,0.0,0.0
2024-08-15 00:00:00-04:00,7.300000190734863,7.369999885559082,7.21999979019165,7.360000133514404,6.881539344787598,2948500,0.0,0.0
2024-08-16 00:00:00-04:00,7.369999885559082,7.519999980926514,7.34499979019165,7.480000019073486,6.993738651275635,3107900,0.0,0.0
2024-08-19 00:00:00-04:00,7.480000019073486,7.599999904632568,7.449999809265137,7.590000152587891,7.096587657928467,2806400,0.0,0.0
2024-08-20 00:00:00-04:00,7.579999923706055,7.619999885559082,7.349999904632568,7.369999885559082,6.890888690948486,3546900,0.0,0.0
2024-08-21 00:00:00-04:00,7.389999866485596,7.440000057220459,7.309999942779541,7.409999847412109,6.92828893661499,2787500,0.0,0.0
2024-08-22 00:00:00-04:00,7.409999847412109,7.440000057220459,7.324999809265137,7.360000133514404,6.881539344787598,2554100,0.0,0.0
2024-08-23 00:00:00-04:00,7.380000114440918,7.579999923706055,7.380000114440918,7.489999771118164,7.003087043762207,3590800,0.0,0.0
2024-08-26 00:00:00-04:00,7.539999961853027,7.539999961853027,7.364999771118164,7.409999847412109,6.92828893661499,2870400,0.0,0.0
2024-08-27 00:00:00-04:00,7.409999847412109,7.46999979019165,7.364999771118164,7.449999809265137,6.9656877517700195,2378600,0.0,0.0
2024-08-28 00:00:00-04:00,7.380000114440918,7.429999828338623,7.300000190734863,7.360000133514404,6.881539344787598,2299200,0.0,0.0
2024-08-29 00:00:00-04:00,7.420000076293945,7.440000057220459,7.320000171661377,7.360000133514404,6.881539344787598,2321800,0.0,0.0
2024-08-30 00:00:00-04:00,7.420000076293945,7.420000076293945,7.215000152587891,7.289999961853027,6.816089630126953,2605800,0.0,0.0
2024-09-03 00:00:00-04:00,7.230000019073486,7.320000171661377,7.110000133514404,7.139999866485596,6.675840854644775,2640100,0.0,0.0
2024-09-04 00:00:00-04:00,7.099999904632568,7.21999979019165,7.099999904632568,7.170000076293945,6.703890323638916,4218800,0.0,0.0
2024-09-05 00:00:00-04:00,7.21999979019165,7.260000228881836,7.15500020980835,7.25,6.778689861297607,3141900,0.0,0.0
2024-09-06 00:00:00-04:00,7.25,7.28000020980835,6.985000133514404,7.010000228881836,6.554291725158691,2965900,0.0,0.0
2024-09-09 00:00:00-04:00,7.010000228881836,7.110000133514404,7.0,7.059999942779541,6.601041316986084,3508700,0.0,0.0
2024-09-10 00:00:00-04:00,7.03000020980835,7.085000038146973,6.909999847412109,7.050000190734863,6.591691970825195,3332400,0.0,0.0
2024-09-11 00:00:00-04:00,7.019999980926514,7.03000020980835,6.869999885559082,6.900000095367432,6.451443195343018,3789900,0.0,0.0
2024-09-12 00:00:00-04:00,6.900000095367432,6.949999809265137,6.860000133514404,6.920000076293945,6.470142364501953,4713900,0.0,0.0
2024-09-13 00:00:00-04:00,6.949999809265137,7.034999847412109,6.929999828338623,7.0,6.597377300262451,4418200,0.055,0.0
2024-09-16 00:00:00-04:00,7.03000020980835,7.09499979019165,6.982999801635742,7.039999961853027,6.635076522827148,5453000,0.0,0.0
2024-09-17 00:00:00-04:00,7.119999885559082,7.269999980926514,7.090000152587891,7.170000076293945,6.757599830627441,4946400,0.0,0.0
2024-09-18 00:00:00-04:00,7.170000076293945,7.394999980926514,7.159999847412109,7.269999980926514,6.851848125457764,6413500,0.0,0.0
2024-09-19 00:00:00-04:00,7.429999828338623,7.460000038146973,7.355000019073486,7.369999885559082,6.946095943450928,4228500,0.0,0.0
2024-09-20 00:00:00-04:00,7.260000228881836,7.309999942779541,7.179999828338623,7.25,6.832998275756836,16066000,0.0,0.0
2024-09-23 00:00:00-04:00,7.289999961853027,7.420000076293945,7.190000057220459,7.300000190734863,6.880122661590576,6565600,0.0,0.0
2024-09-24 00:00:00-04:00,7.309999942779541,7.324999809265137,7.210000038146973,7.25,6.832998275756836,3543300,0.0,0.0
2024-09-25 00:00:00-04:00,7.230000019073486,7.230000019073486,7.059999942779541,7.139999866485596,6.729325294494629,3239200,0.0,0.0
2024-09-26 00:00:00-04:00,7.239999771118164,7.360000133514404,7.230000019073486,7.349999904632568,6.927246570587158,3423300,0.0,0.0
2024-09-27 00:00:00-04:00,7.389999866485596,7.429999828338623,7.300000190734863,7.300000190734863,6.880122661590576,3254100,0.0,0.0
2024-09-30 00:00:00-04:00,7.28000020980835,7.289999961853027,7.15500020980835,7.230000019073486,6.814149379730225,3587700,0.0,0.0
2024-10-01 00:00:00-04:00,7.25,7.251999855041504,7.039999961853027,7.050000190734863,6.64450216293335,4764600,0.0,0.0
2024-10-02 00:00:00-04:00,7.050000190734863,7.136000156402588,7.045000076293945,7.110000133514404,6.701050758361816,4247900,0.0,0.0
2024-10-03 00:00:00-04:00,7.079999923706055,7.110000133514404,7.0,7.079999923706055,6.672776222229004,4745200,0.0,0.0
2024-10-04 00:00:00-04:00,7.199999809265137,7.230000019073486,7.139999866485596,7.179999828338623,6.767024517059326,2900600,0.0,0.0
2024-10-07 00:00:00-04:00,7.170000076293945,7.210000038146973,7.110000133514404,7.139999866485596,6.729325294494629,3241900,0.0,0.0
2024-10-08 00:00:00-04:00,7.110000133514404,7.130000114440918,7.010000228881836,7.019999980926514,6.616226673126221,3885400,0.0,0.0
2024-10-09 00:00:00-04:00,7.03000020980835,7.065000057220459,6.940000057220459,7.03000020980835,6.625652313232422,3578500,0.0,0.0
2024-10-10 00:00:00-04:00,6.96999979019165,6.989999771118164,6.675000190734863,6.710000038146973,6.3240580558776855,5642600,0.0,0.0
2024-10-11 00:00:00-04:00,6.710000038146973,6.906000137329102,6.710000038146973,6.880000114440918,6.484280109405518,4798400,0.0,0.0
2024-10-14 00:00:00-04:00,6.840000152587891,6.900000095367432,6.804999828338623,6.869999885559082,6.474855422973633,3306500,0.0,0.0
2024-10-15 00:00:00-04:00,6.849999904632568,6.945000171661377,6.835000038146973,6.860000133514404,6.46543025970459,3575000,0.0,0.0
2024-10-16 00:00:00-04:00,6.920000076293945,7.050000190734863,6.909999847412109,7.0,6.597377300262451,3848400,0.0,0.0
2024-10-17 00:00:00-04:00,7.0,7.034999847412109,6.869999885559082,7.019999980926514,6.616226673126221,4968900,0.0,0.0
2024-10-18 00:00:00-04:00,7.050000190734863,7.110000133514404,6.989999771118164,7.090000152587891,6.682201862335205,3921600,0.0,0.0
2024-10-21 00:00:00-04:00,7.050000190734863,7.09499979019165,6.940000057220459,6.949999809265137,6.550253391265869,5762800,0.0,0.0
2024-10-22 00:00:00-04:00,6.920000076293945,7.050000190734863,6.880000114440918,6.960000038146973,6.559678077697754,7412000,0.0,0.0
2024-10-23 00:00:00-04:00,7.0,7.014999866485596,6.840000152587891,6.920000076293945,6.521978855133057,6384700,0.0,0.0
2024-10-24 00:00:00-04:00,7.380000114440918,8.25,7.269999980926514,8.140000343322754,7.671808242797852,29083500,0.0,0.0
2024-10-25 00:00:00-04:00,8.199999809265137,8.25,7.829999923706055,7.880000114440918,7.426762580871582,14797600,0.0,0.0
2024-10-28 00:00:00-04:00,7.420000076293945,7.460000038146973,7.289999961853027,7.369999885559082,6.946095943450928,39911400,0.0,0.0
2024-10-29 00:00:00-04:00,7.340000152587891,7.369999885559082,7.260000228881836,7.349999904632568,6.927246570587158,17905400,0.0,0.0
2024-10-30 00:00:00-04:00,7.340000152587891,7.449999809265137,7.320000171661377,7.369999885559082,6.946095943450928,5530700,0.0,0.0
2024-10-31 00:00:00-04:00,7.369999885559082,7.380000114440918,7.170000076293945,7.199999809265137,6.785873889923096,8805000,0.0,0.0
2024-11-01 00:00:00-04:00,7.230000019073486,7.300000190734863,7.179999828338623,7.25,6.832998275756836,8864200,0.0,0.0
2024-11-04 00:00:00-05:00,7.199999809265137,7.369999885559082,7.179999828338623,7.320000171661377,6.898972511291504,7876300,0.0,0.0
2024-11-05 00:00:00-05:00,7.269999980926514,7.379000186920166,7.269999980926514,7.360000133514404,6.936671733856201,6783000,0.0,0.0
2024-11-06 00:00:00-05:00,7.5,7.630000114440918,7.360000133514404,7.630000114440918,7.1911420822143555,9504500,0.0,0.0
2024-11-07 00:00:00-05:00,7.590000152587891,7.78000020980835,7.590000152587891,7.760000228881836,7.31366491317749,6736700,0.0,0.0
2024-11-08 00:00:00-05:00,7.699999809265137,7.849999904632568,7.690000057220459,7.809999942779541,7.360788345336914,5455800,0.0,0.0
2024-11-11 00:00:00-05:00,7.849999904632568,7.860000133514404,7.699999809265137,7.71999979019165,7.275964736938477,4387100,0.0,0.0
2024-11-12 00:00:00-05:00,7.679999828338623,7.784999847412109,7.570000171661377,7.599999904632568,7.162867546081543,4649800,0.0,0.0
2024-11-13 00:00:00-05:00,7.619999885559082,7.708000183105469,7.590000152587891,7.599999904632568,7.162867546081543,4733400,0.0,0.0
2024-11-14 00:00:00-05:00,7.625,7.670000076293945,7.480000019073486,7.489999771118164,7.0591936111450195,10702400,0.0,0.0
2024-11-15 00:00:00-05:00,7.449999809265137,7.539999961853027,7.400000095367432,7.489999771118164,7.0591936111450195,5137200,0.0,0.0
2024-11-18 00:00:00-05:00,7.489999771118164,7.599999904632568,7.460000038146973,7.559999942779541,7.125168323516846,4742700,0.0,0.0
2024-11-19 00:00:00-05:00,7.480000019073486,7.559999942779541,7.429999828338623,7.550000190734863,7.115744113922119,3958100,0.0,0.0
2024-11-20 00:00:00-05:00,7.559999942779541,7.59499979019165,7.489999771118164,7.550000190734863,7.115744113922119,3476900,0.0,0.0
2024-11-21 00:00:00-05:00,7.570000171661377,7.578999996185303,7.474999904632568,7.539999961853027,7.106318950653076,4503400,0.0,0.0
2024-11-22 00:00:00-05:00,7.570000171661377,7.614999771118164,7.5,7.539999961853027,7.106318950653076,5349800,0.0,0.0
2024-11-25 00:00:00-05:00,7.619999885559082,7.659999847412109,7.570000171661377,7.650000095367432,7.209991931915283,6596800,0.0,0.0
2024-11-26 00:00:00-05:00,7.639999866485596,7.699999809265137,7.559999942779541,7.690000057220459,7.2476911544799805,4588100,0.0,0.0
2024-11-27 00:00:00-05:00,7.699999809265137,7.730000019073486,7.635000228881836,7.659999847412109,7.219417572021484,4080100,0.0,0.0
2024-11-29 00:00:00-05:00,7.679999828338623,7.710000038146973,7.590000152587891,7.619999885559082,7.181717395782471,2341600,0.0,0.0
2024-12-02 00:00:00-05:00,7.659999847412109,7.690000057220459,7.579999923706055,7.630000114440918,7.1911420822143555,4746400,0.0,0.0
2024-12-03 00:00:00-05:00,7.639999866485596,7.639999866485596,7.425000190734863,7.519999980926514,7.087469100952148,4082300,0.0,0.0
2024-12-04 00:00:00-05:00,7.519999980926514,7.650000095367432,7.429999828338623,7.590000152587891,7.153442859649658,4135000,0.0,0.0
2024-12-05 00:00:00-05:00,7.590000152587891,7.65500020980835,7.570000171661377,7.599999904632568,7.162867546081543,3263400,0.0,0.0
2024-12-06 00:00:00-05:00,7.630000114440918,7.639999866485596,7.510000228881836,7.53000020980835,7.096893787384033,3356000,0.0,0.0
2024-12-09 00:00:00-05:00,7.53000020980835,7.570000171661377,7.385000228881836,7.400000095367432,6.974371433258057,3959200,0.0,0.0
2024-12-10 00:00:00-05:00,7.380000114440918,7.420000076293945,7.269999980926514,7.329999923706055,6.9083967208862305,3662100,0.0,0.0
2024-12-11 00:00:00-05:00,7.369999885559082,7.480000019073486,7.309999942779541,7.400000095367432,6.974371433258057,9047700,0.0,0.0
2024-12-12 00:00:00-05:00,7.380000114440918,7.420000076293945,7.230000019073486,7.260000228881836,6.893660545349121,4114600,0.055,0.0
2024-12-13 00:00:00-05:00,7.21999979019165,7.230000019073486,7.170000076293945,7.199999809265137,6.836687088012695,3202200,0.0,0.0
2024-12-16 00:00:00-05:00,7.170000076293945,7.210000038146973,7.119999885559082,7.159999847412109,6.798705577850342,6625500,0.0,0.0
2024-12-17 00:00:00-05:00,7.110000133514404,7.199999809265137,7.045000076293945,7.090000152587891,6.73223876953125,6343300,0.0,0.0
2024-12-18 00:00:00-05:00,7.150000095367432,7.159999847412109,6.809999942779541,6.829999923706055,6.485358715057373,6085500,0.0,0.0
2024-12-19 00:00:00-05:00,6.869999885559082,6.920000076293945,6.760000228881836,6.789999961853027,6.447376251220703,6997500,0.0,0.0
2024-12-20 00:00:00-05:00,6.800000190734863,6.929999828338623,6.760000228881836,6.829999923706055,6.485358715057373,14145100,0.0,0.0
2024-12-23 00:00:00-05:00,6.809999942779541,6.849999904632568,6.710000038146973,6.800000190734863,6.456872463226318,4013600,0.0,0.0
2024-12-24 00:00:00-05:00,6.789999961853027,6.900000095367432,6.760000228881836,6.869999885559082,6.52333927154541,4652800,0.0,0.0
2024-12-26 00:00:00-05:00,6.869999885559082,7.014999866485596,6.864999771118164,6.980000019073486,6.62778902053833,4636700,0.0,0.0
2024-12-27 00:00:00-05:00,6.949999809265137,7.03000020980835,6.889999866485596,6.96999979019165,6.618293285369873,5774900,0.0,0.0
2024-12-30 00:00:00-05:00,6.900000095367432,6.980000019073486,6.869999885559082,6.889999866485596,6.542330265045166,5870700,0.0,0.0
2024-12-31 00:00:00-05:00,6.900000095367432,7.070000171661377,6.900000095367432,6.909999847412109,6.561321258544922,7148600,0.0,0.0
2025-01-02 00:00:00-05:00,6.960000038146973,7.059999942779541,6.914999961853027,6.980000019073486,6.62778902053833,6633000,0.0,0.0
2025-01-03 00:00:00-05:00,7.0,7.099999904632568,6.949999809265137,7.079999923706055,6.722743034362793,4345700,0.0,0.0
2025-01-06 00:00:00-05:00,7.139999866485596,7.25,7.070000171661377,7.110000133514404,6.751229286193848,5220400,0.0,0.0
2025-01-07 00:00:00-05:00,7.139999866485596,7.144999980926514,6.980000019073486,7.0,6.646779537200928,5242100,0.0,0.0
2025-01-08 00:00:00-05:00,6.949999809265137,7.050000190734863,6.929999828338623,7.03000020980835,6.675266265869141,4957600,0.0,0.0
2025-01-10 00:00:00-05:00,6.940000057220459,7.0,6.860000133514404,6.869999885559082,6.52333927154541,3667900,0.0,0.0
2025-01-13 00:00:00-05:00,6.800000190734863,6.920000076293945,6.784999847412109,6.920000076293945,6.5708160400390625,5674200,0.0,0.0
2025-01-14 00:00:00-05:00,6.989999771118164,7.119999885559082,6.985000133514404,7.079999923706055,6.722743034362793,6819500,0.0,0.0
2025-01-15 00:00:00-05:00,7.25,7.28000020980835,7.164999961853027,7.21999979019165,6.855678081512451,4852300,0.0,0.0
2025-01-16 00:00:00-05:00,7.210000038146973,7.235000133514404,7.170000076293945,7.21999979019165,6.855678081512451,3802300,0.0,0.0
2025-01-17 00:00:00-05:00,7.28000020980835,7.289999961853027,7.190000057220459,7.269999980926514,6.9031548500061035,4943500,0.0,0.0
2025-01-21 00:00:00-05:00,7.300000190734863,7.340000152587891,7.25,7.28000020980835,6.912651062011719,3668300,0.0,0.0
2025-01-22 00:00:00-05:00,7.289999961853027,7.340000152587891,7.24399995803833,7.269999980926514,6.9031548500061035,3806200,0.0,0.0
2025-01-23 00:00:00-05:00,7.269999980926514,7.460000038146973,7.25,7.400000095367432,7.026596546173096,5416400,0.0,0.0
2025-01-24 00:00:00-05:00,7.420000076293945,7.53000020980835,7.40500020980835,7.480000019073486,7.1025590896606445,3837800,0.0,0.0
2025-01-27 00:00:00-05:00,7.420000076293945,7.679999828338623,7.420000076293945,7.619999885559082,7.235494613647461,6628900,0.0,0.0
2025-01-28 00:00:00-05:00,7.599999904632568,7.670000076293945,7.525000095367432,7.559999942779541,7.17852258682251,6379000,0.0,0.0
2025-01-29 00:00:00-05:00,7.579999923706055,7.650000095367432,7.554999828338623,7.599999904632568,7.216504096984863,5377700,0.0,0.0
2025-01-30 00:00:00-05:00,7.679999828338623,7.800000190734863,7.679999828338623,7.760000228881836,7.368430137634277,5480300,0.0,0.0
2025-01-31 00:00:00-05:00,7.75,7.804999828338623,7.664999961853027,7.679999828338623,7.29246711730957,6486900,0.0,0.0
2025-02-03 00:00:00-05:00,7.510000228881836,7.739999771118164,7.460000038146973,7.670000076293945,7.282971382141113,8151800,0.0,0.0
2025-02-04 00:00:00-05:00,7.599999904632568,7.800000190734863,7.599999904632568,7.769999980926514,7.377924919128418,9701200,0.0,0.0
2025-02-05 00:00:00-05:00,7.75,7.815000057220459,7.46999979019165,7.510000228881836,7.131046295166016,8303800,0.0,0.0
2025-02-06 00:00:00-05:00,7.489999771118164,7.599999904632568,7.474999904632568,7.539999961853027,7.159531593322754,5449600,0.0,0.0
2025-02-07 00:00:00-05:00,7.570000171661377,7.619999885559082,7.505000114440918,7.539999961853027,7.159531593322754,5520900,0.0,0.0
2025-02-10 00:00:00-05:00,7.539999961853027,7.559999942779541,7.380000114440918,7.380000114440918,7.007605075836182,4321400,0.0,0.0
2025-02-11 00:00:00-05:00,7.329999923706055,7.519999980926514,7.309999942779541,7.480000019073486,7.1025590896606445,6621700,0.0,0.0
2025-02-12 00:00:00-05:00,7.369999885559082,7.440000057220459,7.309999942779541,7.309999942779541,6.941137313842773,5014900,0.0,0.0
2025-02-13 00:00:00-05:00,7.369999885559082,7.514999866485596,7.320000171661377,7.5,7.1215500831604,8831100,0.0,0.0
2025-02-14 00:00:00-05:00,7.53000020980835,7.664999961853027,7.53000020980835,7.570000171661377,7.18801736831665,6332900,0.0,0.0
2025-02-18 00:00:00-05:00,7.599999904632568,7.610000133514404,7.449999809265137,7.480000019073486,7.1025590896606445,7215500,0.0,0.0
2025-02-19 00:00:00-05:00,7.380000114440918,7.5,7.360000133514404,7.440000057220459,7.064577579498291,5546700,0.0,0.0
2025-02-20 00:00:00-05:00,7.420000076293945,7.5,7.369999885559082,7.46999979019165,7.093063831329346,5772300,0.0,0.0
2025-02-21 00:00:00-05:00,7.510000228881836,7.53000020980835,7.300000190734863,7.349999904632568,6.979118347167969,7182700,0.0,0.0
2025-02-24 00:00:00-05:00,7.369999885559082,7.409999847412109,7.28000020980835,7.380000114440918,7.007605075836182,8520900,0.0,0.0
2025-02-25 00:00:00-05:00,7.300000190734863,7.610000133514404,7.300000190734863,7.579999923706055,7.197513103485107,12789500,0.0,0.0
2025-02-26 00:00:00-05:00,7.610000133514404,7.639999866485596,7.489999771118164,7.53000020980835,7.150036334991455,13410800,0.0,0.0
2025-02-27 00:00:00-05:00,7.925000190734863,8.329999923706055,7.670000076293945,8.119999885559082,7.710264205932617,28329100,0.0,0.0
2025-02-28 00:00:00-05:00,8.15999984741211,8.390000343322754,8.039999961853027,8.1899995803833,7.776731967926025,29954200,0.0,0.0
2025-03-03 00:00:00-05:00,7.739999771118164,7.800000190734863,7.5,7.690000057220459,7.301962375640869,66576400,0.0,0.0
2025-03-04 00:00:00-05:00,7.559999942779541,7.679999828338623,7.550000190734863,7.590000152587891,7.2070088386535645,15464800,0.0,0.0
2025-03-05 00:00:00-05:00,7.659999847412109,7.71999979019165,7.610000133514404,7.699999809265137,7.311457633972168,18785000,0.0,0.0
2025-03-06 00:00:00-05:00,7.639999866485596,7.760000228881836,7.59499979019165,7.699999809265137,7.311457633972168,17072900,0.0,0.0
2025-03-07 00:00:00-05:00,7.670000076293945,7.800000190734863,7.625,7.800000190734863,7.406412601470947,23615900,0.0,0.0
2025-03-10 00:00:00-04:00,7.730000019073486,7.889999866485596,7.630000114440918,7.690000057220459,7.301962375640869,21363200,0.0,0.0
2025-03-11 00:00:00-04:00,7.599999904632568,7.789999961853027,7.409999847412109,7.570000171661377,7.18801736831665,22180100,0.0,0.0
2025-03-12 00:00:00-04:00,7.570000171661377,7.619999885559082,7.369999885559082,7.519999980926514,7.140540599822998,19249100,0.0,0.0
2025-03-13 00:00:00-04:00,7.5,7.525000095367432,7.309999942779541,7.320000171661377,7.001842975616455,13478900,0.055,0.0
2025-03-14 00:00:00-04:00,7.380000114440918,7.5,7.380000114440918,7.480000019073486,7.154889106750488,12986100,0.0,0.0
2025-03-17 00:00:00-04:00,7.489999771118164,7.619999885559082,7.46999979019165,7.550000190734863,7.221846580505371,13586700,0.0,0.0
2025-03-18 00:00:00-04:00,7.539999961853027,7.599999904632568,7.480000019073486,7.579999923706055,7.250542640686035,13852000,0.0,0.0
2025-03-19 00:00:00-04:00,7.599999904632568,7.96999979019165,7.579999923706055,7.920000076293945,7.5757646560668945,19574300,0.0,0.0
2025-03-20 00:00:00-04:00,7.840000152587891,7.954999923706055,7.739999771118164,7.760000228881836,7.422719478607178,15446800,0.0,0.0
2025-03-21 00:00:00-04:00,7.739999771118164,7.889999866485596,7.679999828338623,7.78000020980835,7.441850185394287,61628900,0.0,0.0
2025-03-24 00:00:00-04:00,7.840000152587891,8.130000114440918,7.840000152587891,8.079999923706055,7.7288103103637695,12554400,0.0,0.0
2025-03-25 00:00:00-04:00,8.15999984741211,8.25,8.119999885559082,8.210000038146973,7.853158950805664,21340100,0.0,0.0
2025-03-26 00:00:00-04:00,8.25,8.270000457763672,8.149999618530273,8.170000076293945,7.814898490905762,11981300,0.0,0.0
2025-03-27 00:00:00-04:00,8.170000076293945,8.260000228881836,8.145000457763672,8.229999542236328,7.87229061126709,9674800,0.0,0.0
2025-03-28 00:00:00-04:00,8.1899995803833,8.210000038146973,7.998000144958496,8.100000381469727,7.747941970825195,15522000,0.0,0.0
2025-03-31 00:00:00-04:00,8.010000228881836,8.25,7.965000152587891,8.140000343322754,7.786202907562256,15284300,0.0,0.0
2025-04-01 00:00:00-04:00,8.15999984741211,8.204999923706055,8.015000343322754,8.15999984741211,7.805332660675049,16011100,0.0,0.0
2025-04-02 00:00:00-04:00,8.09000015258789,8.390000343322754,8.079999923706055,8.380000114440918,8.01577091217041,15759000,0.0,0.0
2025-04-03 00:00:00-04:00,8.100000381469727,8.1850004196167,8.0,8.079999923706055,7.7288103103637695,20209900,0.0,0.0
2025-04-04 00:00:00-04:00,8.069999694824219,8.130000114440918,7.800000190734863,7.980000019073486,7.633156776428223,26387000,0.0,0.0
2025-04-07 00:00:00-04:00,7.650000095367432,8.055000305175781,7.409999847412109,7.769999980926514,7.432283878326416,20146900,0.0,0.0
2025-04-08 00:00:00-04:00,8.020000457763672,8.050000190734863,7.440000057220459,7.539999961853027,7.212281227111816,17920200,0.0,0.0
2025-04-09 00:00:00-04:00,7.420000076293945,8.039999961853027,7.380000114440918,7.960000038146973,7.6140265464782715,22297700,0.0,0.0
2025-04-10 00:00:00-04:00,7.849999904632568,7.900000095367432,7.565000057220459,7.690000057220459,7.3557610511779785,12383600,0.0,0.0
2025-04-11 00:00:00-04:00,7.670000076293945,7.880000114440918,7.599999904632568,7.820000171661377,7.480111122131348,12721100,0.0,0.0
2025-04-14 00:00:00-04:00,7.980000019073486,8.119999885559082,7.90500020980835,8.0600004196167,7.709680080413818,11595400,0.0,0.0
2025-04-15 00:00:00-04:00,8.109999656677246,8.199999809265137,8.0,8.020000457763672,7.6714186668396,13269800,0.0,0.0
2025-04-16 00:00:00-04:00,7.96999979019165,8.029999732971191,7.789999961853027,7.880000114440918,7.537503242492676,16499300,0.0,0.0
2025-04-17 00:00:00-04:00,7.900000095367432,7.934999942779541,7.75,7.869999885559082,7.527937412261963,15637200,0.0,0.0
2025-04-21 00:00:00-04:00,7.78000020980835,7.84499979019165,7.570000171661377,7.679999828338623,7.34619665145874,17098700,0.0,0.0
2025-04-22 00:00:00-04:00,7.760000228881836,7.885000228881836,7.739999771118164,7.849999904632568,7.5088067054748535,9668200,0.0,0.0
2025-04-23 00:00:00-04:00,7.949999809265137,8.104999542236328,7.860000133514404,7.909999847412109,7.566199779510498,20327600,0.0,0.0
2025-04-24 00:00:00-04:00,7.78000020980835,7.949999809265137,7.554999828338623,7.75,7.413153648376465,22042600,0.0,0.0
2025-04-25 00:00:00-04:00,7.804999828338623,7.960000038146973,7.730000019073486,7.849999904632568,7.5088067054748535,21215800,0.0,0.0
2025-04-28 00:00:00-04:00,7.900000095367432,7.989999771118164,7.840000152587891,7.949999809265137,7.6044602394104,18515100,0.0,0.0
2025-04-29 00:00:00-04:00,7.929999828338623,8.069999694824219,7.929999828338623,7.980000019073486,7.633156776428223,21286500,0.0,0.0
2025-04-30 00:00:00-04:00,7.889999866485596,8.020000457763672,7.804999828338623,8.020000457763672,7.6714186668396,21982200,0.0,0.0
2025-05-01 00:00:00-04:00,8.020000457763672,8.079999923706055,7.945000171661377,8.010000228881836,7.661853313446045,20384700,0.0,0.0
2025-05-02 00:00:00-04:00,8.079999923706055,8.149999618530273,8.039999961853027,8.149999618530273,7.7957682609558105,14456400,0.0,0.0
2025-05-05 00:00:00-04:00,8.079999923706055,8.210000038146973,8.069999694824219,8.130000114440918,7.776637077331543,21964600,0.0,0.0
2025-05-06 00:00:00-04:00,8.050000190734863,8.260000228881836,8.050000190734863,8.210000038146973,7.853158950805664,24760600,0.0,0.0
2025-05-07 00:00:00-04:00,8.25,8.4399995803833,8.220000267028809,8.279999732971191,7.920116901397705,27650300,0.0,0.0
2025-05-08 00:00:00-04:00,8.319999694824219,8.420000076293945,8.229999542236328,8.300000190734863,7.939248561859131,25862900,0.0,0.0
2025-05-09 00:00:00-04:00,8.3100004196167,8.350000381469727,8.229999542236328,8.329999923706055,7.96794319152832,19442800,0.0,0.0
2025-05-12 00:00:00-04:00,8.529999732971191,8.585000038146973,8.350000381469727,8.40999984741211,8.044466018676758,19713300,0.0,0.0
2025-05-13 00:00:00-04:00,8.600000381469727,8.704999923706055,8.520000457763672,8.550000190734863,8.17838191986084,28819600,0.0,0.0
2025-05-14 00:00:00-04:00,8.5,8.529999732971191,8.350000381469727,8.380000114440918,8.01577091217041,22324100,0.0,0.0
2025-05-15 00:00:00-04:00,8.350000381469727,8.539999961853027,8.350000381469727,8.470000267028809,8.101859092712402,18870700,0.0,0.0
2025-05-16 00:00:00-04:00,8.460000038146973,8.600000381469727,8.449999809265137,8.59000015258789,8.216644287109375,16531200,0.0,0.0
2025-05-19 00:00:00-04:00,8.520000457763672,8.59000015258789,8.484999656677246,8.539999961853027,8.168816566467285,12103300,0.0,0.0
2025-05-20 00:00:00-04:00,8.510000228881836,8.649999618530273,8.470000267028809,8.510000228881836,8.140121459960938,30384300,0.0,0.0
2025-05-21 00:00:00-04:00,8.399999618530273,8.5600004196167,8.399999618530273,8.460000038146973,8.092294692993164,21663900,0.0,0.0
2025-05-22 00:00:00-04:00,8.40999984741211,8.4399995803833,8.140000343322754,8.149999618530273,7.7957682609558105,15253400,0.0,0.0
2025-05-23 00:00:00-04:00,8.079999923706055,8.239999771118164,8.039999961853027,8.220000267028809,7.862725734710693,20751000,0.0,0.0
2025-05-27 00:00:00-04:00,8.279999732971191,8.329999923706055,8.15999984741211,8.289999961853027,7.929683208465576,15718300,0.0,0.0
2025-05-28 00:00:00-04:00,8.25,8.3100004196167,8.210000038146973,8.210000038146973,7.853158950805664,15354400,0.0,0.0
2025-05-29 00:00:00-04:00,8.289999961853027,8.300000190734863,8.199999809265137,8.270000457763672,7.910552501678467,9880200,0.0,0.0
2025-05-30 00:00:00-04:00,8.220000267028809,8.34000015258789,8.210000038146973,8.319999694824219,7.958378791809082,14578800,0.0,0.0
2025-06-02 00:00:00-04:00,8.270000457763672,8.569999694824219,8.270000457763672,8.550000190734863,8.17838191986084,23526500,0.0,0.0
2025-06-03 00:00:00-04:00,8.529999732971191,8.600000381469727,8.34000015258789,8.59000015258789,8.216644287109375,33614200,0.0,0.0
2025-06-04 00:00:00-04:00,8.600000381469727,8.720000267028809,8.5649995803833,8.600000381469727,8.22620964050293,34006000,0.0,0.0
2025-06-05 00:00:00-04:00,8.59000015258789,8.59000015258789,8.244999885559082,8.25,7.891422748565674,20896000,0.0,0.0
2025-06-06 00:00:00-04:00,8.3100004196167,8.460000038146973,8.25,8.430000305175781,8.0635986328125,22555400,0.0,0.0
2025-06-09 00:00:00-04:00,8.380000114440918,8.430000305175781,8.130000114440918,8.239999771118164,7.8818559646606445,20137700,0.0,0.0
2025-06-10 00:00:00-04:00,8.279999732971191,8.375,8.265000343322754,8.34000015258789,7.977509498596191,23381700,0.0,0.0
2025-06-11 00:00:00-04:00,8.319999694824219,8.420000076293945,8.199999809265137,8.220000267028809,7.862725734710693,23204800,0.0,0.0
2025-06-12 00:00:00-04:00,8.140000343322754,8.279999732971191,8.100000381469727,8.229999542236328,7.925318717956543,10151200,0.055,0.0
2025-06-13 00:00:00-04:00,8.1899995803833,8.199999809265137,8.09000015258789,8.109999656677246,7.809760570526123,10060000,0.0,0.0
2025-06-16 00:00:00-04:00,8.210000038146973,8.430000305175781,8.180000305175781,8.270000457763672,7.963839054107666,24366200,0.0,0.0
2025-06-17 00:00:00-04:00,8.229999542236328,8.234999656677246,8.020000457763672,8.140000343322754,7.838651657104492,22167800,0.0,0.0
2025-06-18 00:00:00-04:00,8.199999809265137,8.25,8.109999656677246,8.140000343322754,7.838651657104492,17179500,0.0,0.0
2025-06-20 00:00:00-04:00,8.140000343322754,8.199999809265137,8.100000381469727,8.149999618530273,7.848280906677246,21767200,0.0,0.0
2025-06-23 00:00:00-04:00,8.15999984741211,8.289999961853027,8.15999984741211,8.289999961853027,7.983096599578857,16435900,0.0,0.0
2025-06-24 00:00:00-04:00,8.329999923706055,8.40999984741211,8.265000343322754,8.390000343322754,8.079397201538086,15052300,0.0,0.0
2025-06-25 00:00:00-04:00,8.359999656677246,8.40999984741211,8.329999923706055,8.359999656677246,8.050504684448242,11725000,0.0,0.0
2025-06-26 00:00:00-04:00,8.399999618530273,8.420000076293945,8.359999656677246,8.399999618530273,8.089025497436523,12638600,0.0,0.0
2025-06-27 00:00:00-04:00,8.449999809265137,8.520000457763672,8.390000343322754,8.430000305175781,8.117914199829102,17282700,0.0,0.0
2025-06-30 00:00:00-04:00,8.420000076293945,8.479999542236328,8.399999618530273,8.470000267028809,8.156434059143066,13816400,0.0,0.0
2025-07-01 00:00:00-04:00,8.4399995803833,8.550000190734863,8.430000305175781,8.520000457763672,8.204583168029785,18383800,0.0,0.0
2025-07-02 00:00:00-04:00,8.520000457763672,8.524999618530273,8.25,8.270000457763672,7.963839054107666,15771600,0.0,0.0
2025-07-03 00:00:00-04:00,8.335000038146973,8.520000457763672,8.329999923706055,8.470000267028809,8.156434059143066,15208600,0.0,0.0
2025-07-07 00:00:00-04:00,8.4399995803833,8.529999732971191,8.40999984741211,8.4399995803833,8.127543449401855,12417200,0.0,0.0
2025-07-08 00:00:00-04:00,8.449999809265137,8.460000038146973,8.350000381469727,8.399999618530273,8.089025497436523,13253100,0.0,0.0
2025-07-09 00:00:00-04:00,8.449999809265137,8.510000228881836,8.385000228881836,8.5,8.185323715209961,10221400,0.0,0.0
2025-07-10 00:00:00-04:00,8.470000267028809,8.569999694824219,8.4399995803833,8.550000190734863,8.23347282409668,13086400,0.0,0.0
2025-07-11 00:00:00-04:00,8.550000190734863,8.600000381469727,8.489999771118164,8.520000457763672,8.204583168029785,9265400,0.0,0.0
2025-07-14 00:00:00-04:00,8.479999542236328,8.550000190734863,8.414999961853027,8.550000190734863,8.23347282409668,9590500,0.0,0.0
2025-07-15 00:00:00-04:00,8.529999732971191,8.550000190734863,8.369999885559082,8.369999885559082,8.060135841369629,6780500,0.0,0.0
2025-07-16 00:00:00-04:00,8.380000114440918,8.430000305175781,8.350000381469727,8.399999618530273,8.089025497436523,7734000,0.0,0.0
2025-07-17 00:00:00-04:00,8.40999984741211,8.520000457763672,8.399999618530273,8.5,8.185323715209961,6615700,0.0,0.0
2025-07-18 00:00:00-04:00,8.510000228881836,8.510000228881836,8.420000076293945,8.449999809265137,8.137174606323242,7545400,0.0,0.0
2025-07-21 00:00:00-04:00,8.489999771118164,8.539999961853027,8.369999885559082,8.430000305175781,8.117914199829102,5511700,0.0,0.0
2025-07-22 00:00:00-04:00,8.470000267028809,8.484999656677246,8.390000343322754,8.4399995803833,8.127543449401855,7790600,0.0,0.0
2025-07-23 00:00:00-04:00,8.430000305175781,8.475000381469727,8.289999961853027,8.430000305175781,8.117914199829102,12848300,0.0,0.0
2025-07-24 00:00:00-04:00,8.369999885559082,8.800000190734863,8.289999961853027,8.670000076293945,8.349029541015625,25719300,0.0,0.0
2025-07-25 00:00:00-04:00,8.479999542236328,8.6850004196167,8.350000381469727,8.4399995803833,8.127543449401855,38555200,0.0,0.0
2025-07-28 00:00:00-04:00,8.470000267028809,8.470000267028809,8.34000015258789,8.359999656677246,8.050504684448242,17446800,0.0,0.0
2025-07-29 00:00:00-04:00,8.380000114440918,8.494999885559082,8.329999923706055,8.34000015258789,8.03124713897705,22943700,0.0,0.0
2025-07-30 00:00:00-04:00,8.329999923706055,8.390000343322754,8.329999923706055,8.359999656677246,8.050504684448242,13872900,0.0,0.0
2025-07-31 00:00:00-04:00,8.350000381469727,8.430000305175781,8.34000015258789,8.350000381469727,8.040877342224121,12377100,0.0,0.0
2025-08-01 00:00:00-04:00,8.34000015258789,8.380000114440918,8.149999618530273,8.300000190734863,7.992727756500244,17647100,0.0,0.0
2025-08-04 00:00:00-04:00,8.350000381469727,8.449999809265137,8.34000015258789,8.449999809265137,8.137174606323242,14912700,0.0,0.0
2025-08-05 00:00:00-04:00,8.470000267028809,8.489999771118164,8.329999923706055,8.399999618530273,8.089025497436523,12582100,0.0,0.0
2025-08-06 00:00:00-04:00,8.40999984741211,8.579999923706055,8.390000343322754,8.579999923706055,8.262361526489258,11810000,0.0,0.0
2025-08-07 00:00:00-04:00,8.630000114440918,8.649999618530273,8.395000457763672,8.449999809265137,8.137174606323242,8175700,0.0,0.0
2025-08-08 00:00:00-04:00,8.454999923706055,8.475000381469727,8.390000343322754,8.420000076293945,8.108284950256348,9323400,0.0,0.0
2025-08-11 00:00:00-04:00,8.430000305175781,8.479999542236328,8.34000015258789,8.369999885559082,8.060135841369629,7766200,0.0,0.0
2025-08-12 00:00:00-04:00,8.369999885559082,8.520000457763672,8.34000015258789,8.510000228881836,8.194952964782715,10188300,0.0,0.0
2025-08-13 00:00:00-04:00,8.5,8.8100004196167,8.489999771118164,8.779999732971191,8.454957008361816,18287400,0.0,0.0
2025-08-14 00:00:00-04:00,8.699999809265137,8.755000114440918,8.600000381469727,8.670000076293945,8.349029541015625,7516300,0.0,0.0
2025-08-15 00:00:00-04:00,8.6899995803833,8.729999542236328,8.574999809265137,8.680000305175781,8.358658790588379,9315700,0.0,0.0
2025-08-18 00:00:00-04:00,8.640000343322754,8.680000305175781,8.59000015258789,8.649999618530273,8.329769134521484,5698600,0.0,0.0
2025-08-19 00:00:00-04:00,8.680000305175781,8.850000381469727,8.65999984741211,8.829999923706055,8.503106117248535,9449600,0.0,0.0
2025-08-20 00:00:00-04:00,8.859999656677246,8.859999656677246,8.6899995803833,8.720000267028809,8.397178649902344,11755400,0.0,0.0
2025-08-21 00:00:00-04:00,8.670000076293945,8.760000228881836,8.600000381469727,8.640000343322754,8.320141792297363,8884200,0.0,0.0
2025-08-22 00:00:00-04:00,8.680000305175781,8.854999542236328,8.649999618530273,8.8100004196167,8.483846664428711,7939000,0.0,0.0
2025-08-25 00:00:00-04:00,8.819999694824219,8.84000015258789,8.75,8.760000228881836,8.435697555541992,6448100,0.0,0.0
2025-08-26 00:00:00-04:00,8.770000457763672,8.800000190734863,8.670000076293945,8.680000305175781,8.358658790588379,10801900,0.0,0.0
2025-08-27 00:00:00-04:00,8.670000076293945,8.789999961853027,8.65999984741211,8.760000228881836,8.435697555541992,9273400,0.0,0.0
2025-08-28 00:00:00-04:00,8.75,8.75,8.595000267028809,8.680000305175781,8.358658790588379,7976200,0.0,0.0
2025-08-29 00:00:00-04:00,8.680000305175781,8.770000457763672,8.670000076293945,8.710000038146973,8.38754940032959,7020000,0.0,0.0
2025-09-02 00:00:00-04:00,8.65999984741211,8.699999809265137,8.569999694824219,8.59000015258789,8.271991729736328,9622300,0.0,0.0
2025-09-03 00:00:00-04:00,8.569999694824219,8.6899995803833,8.5600004196167,8.670000076293945,8.349029541015625,10774300,0.0,0.0
2025-09-04 00:00:00-04:00,8.729999542236328,8.850000381469727,8.6899995803833,8.819999694824219,8.493475914001465,13204600,0.0,0.0
2025-09-05 00:00:00-04:00,8.819999694824219,8.885000228881836,8.675000190734863,8.699999809265137,8.37791919708252,19527100,0.0,0.0
2025-09-08 00:00:00-04:00,8.739999771118164,8.744999885559082,8.614999771118164,8.619999885559082,8.300880432128906,7562100,0.0,0.0
2025-09-09 00:00:00-04:00,8.600000381469727,8.638999938964844,8.569999694824219,8.600000381469727,8.281621932983398,7018000,0.0,0.0
2025-09-10 00:00:00-04:00,8.539999961853027,8.630000114440918,8.52400016784668,8.600000381469727,8.281621932983398,9021800,0.0,0.0
2025-09-11 00:00:00-04:00,8.5600004196167,8.859999656677246,8.550000190734863,8.850000381469727,8.57721996307373,12416300,0.055,0.0
2025-09-12 00:00:00-04:00,8.8100004196167,8.869999885559082,8.779999732971191,8.829999923706055,8.557836532592773,6673600,0.0,0.0
2025-09-15 00:00:00-04:00,8.880000114440918,8.9350004196167,8.748000144958496,8.770000457763672,8.499686241149902,9333000,0.0,0.0
2025-09-16 00:00:00-04:00,8.770000457763672,8.854999542236328,8.649999618530273,8.680000305175781,8.412460327148438,7453400,0.0,0.0
2025-09-17 00:00:00-04:00,8.710000038146973,8.805000305175781,8.600000381469727,8.609999656677246,8.344616889953613,8971800,0.0,0.0
2025-09-18 00:00:00-04:00,8.619999885559082,8.670000076293945,8.5600004196167,8.649999618530273,8.383384704589844,11566500,0.0,0.0
2025-09-19 00:00:00-04:00,8.6899995803833,8.71500015258789,8.550000190734863,8.569999694824219,8.3058500289917,22313900,0.0,0.0
2025-09-22 00:00:00-04:00,8.59000015258789,8.779999732971191,8.569999694824219,8.739999771118164,8.470611572265625,11472700,0.0,0.0
2025-09-23 00:00:00-04:00,8.760000228881836,8.8100004196167,8.579999923706055,8.579999923706055,8.315542221069336,7214500,0.0,0.0
2025-09-24 00:00:00-04:00,8.609999656677246,8.640000343322754,8.550000190734863,8.59000015258789,8.325234413146973,7826000,0.0,0.0
2025-09-25 00:00:00-04:00,8.550000190734863,8.625,8.489999771118164,8.600000381469727,8.334925651550293,8521200,0.0,0.0
2025-09-26 00:00:00-04:00,8.645000457763672,8.8100004196167,8.619999885559082,8.8100004196167,8.538453102111816,9363700,0.0,0.0
2025-09-29 00:00:00-04:00,8.819999694824219,8.854999542236328,8.755000114440918,8.789999961853027,8.51906967163086,5498900,0.0,0.0
2025-09-30 00:00:00-04:00,8.779999732971191,8.779999732971191,8.65999984741211,8.710000038146973,8.441534996032715,7289200,0.0,0.0
2025-10-01 00:00:00-04:00,8.6899995803833,8.859999656677246,8.640000343322754,8.680000305175781,8.412460327148438,8904600,0.0,0.0
2025-10-02 00:00:00-04:00,8.670000076293945,8.760000228881836,8.614999771118164,8.75,8.480303764343262,8313900,0.0,0.0
2025-10-03 00:00:00-04:00,8.760000228881836,8.850000381469727,8.75,8.800000190734863,8.528761863708496,5809000,0.0,0.0
2025-10-06 00:00:00-04:00,8.819999694824219,8.84000015258789,8.680000305175781,8.710000038146973,8.441534996032715,6293700,0.0,0.0
2025-10-07 00:00:00-04:00,8.699999809265137,8.744999885559082,8.529999732971191,8.579999923706055,8.315542221069336,8416200,0.0,0.0
2025-10-08 00:00:00-04:00,8.670000076293945,8.720000267028809,8.595000267028809,8.649999618530273,8.383384704589844,7489800,0.0,0.0
2025-10-09 00:00:00-04:00,8.619999885559082,8.670000076293945,8.59000015258789,8.630000114440918,8.364002227783203,6131300,0.0,0.0
2025-10-10 00:00:00-04:00,8.609999656677246,8.699999809265137,8.369999885559082,8.369999885559082,8.112014770507812,7765000,0.0,0.0
2025-10-13 00:00:00-04:00,8.5,8.529999732971191,8.425000190734863,8.510000228881836,8.247700691223145,6705000,0.0,0.0
2025-10-14 00:00:00-04:00,8.449999809265137,8.569999694824219,8.449999809265137,8.550000190734863,8.286467552185059,7458600,0.0,0.0
2025-10-15 00:00:00-04:00,8.569999694824219,8.6899995803833,8.550000190734863,8.600000381469727,8.334925651550293,6600000,0.0,0.0
2025-10-16 00:00:00-04:00,8.59000015258789,8.604999542236328,8.479999542236328,8.529999732971191,8.267083168029785,5969500,0.0,0.0
2025-10-17 00:00:00-04:00,8.510000228881836,8.625,8.479999542236328,8.619999885559082,8.35430908203125,6879600,0.0,0.0
2025-10-20 00:00:00-04:00,8.640000343322754,8.670000076293945,8.5600004196167,8.569999694824219,8.3058500289917,5438600,0.0,0.0
2025-10-21 00:00:00-04:00,8.569999694824219,8.720000267028809,8.569999694824219,8.699999809265137,8.431843757629395,5862600,0.0,0.0
2025-10-22 00:00:00-04:00,8.699999809265137,8.770000457763672,8.649999618530273,8.75,8.480303764343262,6866600,0.0,0.0
2025-10-23 00:00:00-04:00,8.75,8.8100004196167,8.670000076293945,8.710000038146973,8.441534996032715,5223100,0.0,0.0
2025-10-24 00:00:00-04:00,8.770000457763672,8.789999961853027,8.744000434875488,8.760000228881836,8.489994049072266,4275600,0.0,0.0
2025-10-27 00:00:00-04:00,8.789999961853027,8.845000267028809,8.729999542236328,8.739999771118164,8.470611572265625,5669800,0.0,0.0
2025-10-28 00:00:00-04:00,8.75,8.760000228881836,8.65999984741211,8.710000038146973,8.441534996032715,4803600,0.0,0.0
2025-10-29 00:00:00-04:00,8.640000343322754,8.649999618530273,8.539999961853027,8.59000015258789,8.325234413146973,5925000,0.0,0.0
2025-10-30 00:00:00-04:00,8.59000015258789,8.760000228881836,8.569999694824219,8.739999771118164,8.470611572265625,6813200,0.0,0.0
2025-10-31 00:00:00-04:00,8.75,8.859999656677246,8.699999809265137,8.84000015258789,8.56752872467041,5699100,0.0,0.0
2025-11-03 00:00:00-05:00,8.880000114440918,8.88599967956543,8.6850004196167,8.789999961853027,8.51906967163086,10062500,0.0,0.0
2025-11-04 00:00:00-05:00,8.479999542236328,8.550000190734863,7.760000228881836,8.079999923706055,7.830953598022461,16340400,0.0,0.0
2025-11-05 00:00:00-05:00,8.079999923706055,8.187000274658203,7.989999771118164,8.119999885559082,7.869719982147217,12931700,0.0,0.0
2025-11-06 00:00:00-05:00,8.119999885559082,8.199999809265137,8.055999755859375,8.15999984741211,7.908486843109131,9551500,0.0,0.0
2025-11-07 00:00:00-05:00,8.140000343322754,8.274999618530273,8.109999656677246,8.270000457763672,8.015097618103027,8975800,0.0,0.0
2025-11-10 00:00:00-05:00,8.279999732971191,8.345000267028809,8.114999771118164,8.130000114440918,7.879412651062012,9319600,0.0,0.0
2025-11-11 00:00:00-05:00,8.180000305175781,8.210000038146973,8.095000267028809,8.119999885559082,7.869719982147217,6784500,0.0,0.0
2025-11-12 00:00:00-05:00,8.119999885559082,8.319999694824219,8.119999885559082,8.3100004196167,8.053864479064941,10579700,0.0,0.0
2025-11-13 00:00:00-05:00,8.3100004196167,8.494999885559082,8.305000305175781,8.380000114440918,8.12170696258545,9891600,0.0,0.0
2025-11-14 00:00:00-05:00,8.369999885559082,8.399999618530273,8.244999885559082,8.260000228881836,8.00540542602539,6733000,0.0,0.0
2025-11-17 00:00:00-05:00,8.25,8.260000228881836,8.020000457763672,8.029999732971191,7.782494068145752,6319100,0.0,0.0
2025-11-18 00:00:00-05:00,8.0,8.055000305175781,7.947999954223633,7.96999979019165,7.724343299865723,5207700,0.0,0.0
2025-11-19 00:00:00-05:00,8.0,8.050000190734863,7.849999904632568,7.860000133514404,7.617734909057617,5713600,0.0,0.0
2025-11-20 00:00:00-05:00,7.900000095367432,7.949999809265137,7.789999961853027,7.800000190734863,7.559584140777588,6136300,0.0,0.0
2025-11-21 00:00:00-05:00,7.820000171661377,7.96999979019165,7.794000148773193,7.900000095367432,7.656501770019531,6209300,0.0,0.0
2025-11-24 00:00:00-05:00,7.909999847412109,7.929999828338623,7.8520002365112305,7.889999866485596,7.646809101104736,8492900,0.0,0.0
2025-11-25 00:00:00-05:00,7.889999866485596,8.069999694824219,7.889999866485596,8.069999694824219,7.821261405944824,5872700,0.0,0.0
2025-11-26 00:00:00-05:00,8.069999694824219,8.199999809265137,8.050000190734863,8.15999984741211,7.908486843109131,7093900,0.0,0.0
2025-11-28 00:00:00-05:00,8.180000305175781,8.270000457763672,8.149999618530273,8.25,7.99571418762207,3965900,0.0,0.0
2025-12-01 00:00:00-05:00,8.15999984741211,8.260000228881836,8.085000038146973,8.100000381469727,7.850337982177734,9512500,0.0,0.0
2025-12-02 00:00:00-05:00,8.15999984741211,8.199999809265137,8.109999656677246,8.119999885559082,7.869719982147217,8235000,0.0,0.0
2025-12-03 00:00:00-05:00,8.149999618530273,8.265000343322754,8.114999771118164,8.140000343322754,7.889104843139648,4818100,0.0,0.0
2025-12-04 00:00:00-05:00,8.170000076293945,8.204999923706055,8.100000381469727,8.109999656677246,7.860028266906738,4297400,0.0,0.0
2025-12-05 00:00:00-05:00,8.119999885559082,8.180000305175781,8.09000015258789,8.180000305175781,7.927872180938721,6429400,0.0,0.0
2025-12-08 00:00:00-05:00,8.149999618530273,8.149999618530273,8.010000228881836,8.029999732971191,7.782494068145752,5494000,0.0,0.0
2025-12-09 00:00:00-05:00,8.039999961853027,8.100000381469727,7.965000152587891,8.0,7.753419399261475,5156600,0.0,0.0
2025-12-10 00:00:00-05:00,8.0,8.149999618530273,7.980000019073486,8.100000381469727,7.850337982177734,9908700,0.0,0.0
2025-12-11 00:00:00-05:00,8.0600004196167,8.15999984741211,8.055000305175781,8.130000114440918,7.9332804679870605,4815800,0.055,0.0
2025-12-12 00:00:00-05:00,8.15999984741211,8.175000190734863,8.0600004196167,8.15999984741211,7.962553977966309,6585500,0.0,0.0
2025-12-15 00:00:00-05:00,8.210000038146973,8.229999542236328,8.095000267028809,8.1899995803833,7.991828441619873,7531700,0.0,0.0
2025-12-16 00:00:00-05:00,8.25,8.279999732971191,8.130000114440918,8.140000343322754,7.9430389404296875,5344600,0.0,0.0
2025-12-17 00:00:00-05:00,8.050000190734863,8.229999542236328,7.96999979019165,8.149999618530273,7.952796459197998,7100700,0.0,0.0
2025-12-18 00:00:00-05:00,8.180000305175781,8.234999656677246,8.109999656677246,8.140000343322754,7.9430389404296875,5544900,0.0,0.0
2025-12-19 00:00:00-05:00,8.119999885559082,8.140000343322754,8.050000190734863,8.130000114440918,7.9332804679870605,9981700,0.0,0.0
2025-12-22 00:00:00-05:00,8.119999885559082,8.194999694824219,8.109999656677246,8.130000114440918,7.9332804679870605,3404200,0.0,0.0
2025-12-23 00:00:00-05:00,8.149999618530273,8.15999984741211,8.050000190734863,8.0600004196167,7.864974498748779,3401300,0.0,0.0
2025-12-24 00:00:00-05:00,8.0600004196167,8.09000015258789,8.020000457763672,8.079999923706055,7.884490489959717,2070100,0.0,0.0
2025-12-26 00:00:00-05:00,8.09000015258789,8.154999732971191,8.0600004196167,8.140000343322754,7.9430389404296875,2351300,0.0,0.0
2025-12-29 00:00:00-05:00,8.140000343322754,8.149999618530273,8.050000190734863,8.079999923706055,7.884490489959717,3198300,0.0,0.0
2025-12-30 00:00:00-05:00,8.050000190734863,8.085000038146973,8.029999732971191,8.050000190734863,7.855216026306152,2774900,0.0,0.0
2025-12-31 00:00:00-05:00,8.029999732971191,8.079999923706055,8.010000228881836,8.069999694824219,7.874731540679932,3600700,0.0,0.0
2026-01-02 00:00:00-05:00,8.0600004196167,8.076000213623047,7.974999904632568,8.010000228881836,7.816184043884277,4773100,0.0,0.0
2026-01-05 00:00:00-05:00,7.96999979019165,8.1899995803833,7.96999979019165,8.140000343322754,7.9430389404296875,4960800,0.0,0.0
2026-01-06 00:00:00-05:00,8.119999885559082,8.229999542236328,8.079999923706055,8.199999809265137,8.0015869140625,4044000,0.0,0.0
2026-01-07 00:00:00-05:00,8.1899995803833,8.215999603271484,8.100000381469727,8.199999809265137,8.0015869140625,5037700,0.0,0.0
2026-01-08 00:00:00-05:00,8.119999885559082,8.335000038146973,8.119999885559082,8.25,8.050376892089844,6702200,0.0,0.0
2026-01-09 00:00:00-05:00,8.229999542236328,8.354999542236328,8.170000076293945,8.25,8.050376892089844,5130100,0.0,0.0
2026-01-12 00:00:00-05:00,8.210000038146973,8.265000343322754,8.164999961853027,8.199999809265137,8.0015869140625,3882200,0.0,0.0
2026-01-13 00:00:00-05:00,8.199999809265137,8.220000267028809,8.104999542236328,8.140000343322754,7.9430389404296875,4147000,0.0,0.0
2026-01-14 00:00:00-05:00,8.149999618530273,8.270000457763672,8.149999618530273,8.25,8.050376892089844,4946300,0.0,0.0
2026-01-15 00:00:00-05:00,8.25,8.319999694824219,8.21500015258789,8.279999732971191,8.079649925231934,6286200,0.0,0.0
2026-01-16 00:00:00-05:00,8.260000228881836,8.279999732971191,8.1850004196167,8.25,8.050376892089844,5089100,0.0,0.0
2026-01-20 00:00:00-05:00,8.1899995803833,8.20300006866455,7.960000038146973,7.980000019073486,7.786909580230713,5750500,0.0,0.0
2026-01-21 00:00:00-05:00,8.020000457763672,8.125,8.0,8.079999923706055,7.884490489959717,4888900,0.0,0.0
2026-01-22 00:00:00-05:00,8.130000114440918,8.239999771118164,8.100000381469727,8.220000267028809,8.021102905273438,6454600,0.0,0.0
2026-01-23 00:00:00-05:00,8.199999809265137,8.210000038146973,7.989999771118164,8.029999732971191,7.835699558258057,6014600,0.0,0.0
2026-01-26 00:00:00-05:00,8.050000190734863,8.104999542236328,8.015000343322754,8.069999694824219,7.874731540679932,4601100,0.0,0.0
2026-01-27 00:00:00-05:00,8.100000381469727,8.164999961853027,7.960000038146973,7.96999979019165,7.777151584625244,6675500,0.0,0.0
2026-01-28 00:00:00-05:00,7.980000019073486,8.050000190734863,7.940000057220459,7.949999809265137,7.757635116577148,5759200,0.0,0.0
2026-01-29 00:00:00-05:00,8.010000228881836,8.09000015258789,7.920000076293945,8.079999923706055,7.884490489959717,8169900,0.0,0.0
2026-01-30 00:00:00-05:00,8.010000228881836,8.09000015258789,7.960000038146973,8.0,7.80642557144165,7379600,0.0,0.0
2026-02-02 00:00:00-05:00,7.989999771118164,8.300000190734863,7.889999866485596,8.0,7.80642557144165,18658700,0.0,0.0
2026-02-03 00:00:00-05:00,7.940000057220459,7.954999923706055,7.744999885559082,7.769999980926514,7.581991195678711,13087000,0.0,0.0
2026-02-04 00:00:00-05:00,7.789999961853027,7.8470001220703125,7.695000171661377,7.75,7.562475204467773,9196900,0.0,0.0
2026-02-05 00:00:00-05:00,7.940000057220459,8.039999961853027,7.730000019073486,7.849999904632568,7.660055160522461,31360000,0.0,0.0
2026-02-06 00:00:00-05:00,7.880000114440918,8.149999618530273,7.880000114440918,8.069999694824219,7.874731540679932,101942400,0.0,0.0
2026-02-09 00:00:00-05:00,8.010000228881836,8.125,7.949999809265137,8.109999656677246,7.913763999938965,17054400,0.0,0.0
2026-02-10 00:00:00-05:00,8.100000381469727,8.25,8.100000381469727,8.220000267028809,8.021102905273438,14327100,0.0,0.0
2026-02-11 00:00:00-05:00,8.270000457763672,8.270000457763672,7.789999961853027,7.809999942779541,7.621023654937744,10310200,0.0,0.0
2026-02-12 00:00:00-05:00,7.800000190734863,7.914999961853027,7.491000175476074,7.639999866485596,7.455136775970459,14781400,0.0,0.0
2026-02-13 00:00:00-05:00,7.679999828338623,7.809999942779541,7.585000038146973,7.739999771118164,7.552717208862305,11675900,0.0,0.0
2026-02-17 00:00:00-05:00,7.769999980926514,7.800000190734863,7.539999961853027,7.75,7.562475204467773,10599500,0.0,0.0
2026-02-18 00:00:00-05:00,7.739999771118164,7.869999885559082,7.730000019073486,7.860000133514404,7.669813632965088,7129400,0.0,0.0
2026-02-19 00:00:00-05:00,7.820000171661377,7.889999866485596,7.78000020980835,7.889999866485596,7.699087142944336,6177200,0.0,0.0
2026-02-20 00:00:00-05:00,7.860000133514404,7.960000038146973,7.809999942779541,7.909999847412109,7.718603134155273,8102200,0.0,0.0
2026-02-23 00:00:00-05:00,7.880000114440918,7.909999847412109,7.699999809265137,7.75,7.562475204467773,5728800,0.0,0.0
2026-02-24 00:00:00-05:00,7.800000190734863,7.965000152587891,7.78000020980835,7.880000114440918,7.689329147338867,8154200,0.0,0.0
2026-02-25 00:00:00-05:00,7.900000095367432,7.949999809265137,7.824999809265137,7.949999809265137,7.757635116577148,5954600,0.0,0.0
2026-02-26 00:00:00-05:00,7.960000038146973,8.140000343322754,7.960000038146973,8.109999656677246,7.913763999938965,7286600,0.0,0.0
2026-02-27 00:00:00-05:00,8.020000457763672,8.079999923706055,7.96999979019165,8.020000457763672,7.825942516326904,8170400,0.0,0.0
2026-03-02 00:00:00-05:00,6.940000057220459,7.389999866485596,6.650000095367432,7.119999885559082,6.947718620300293,20693900,0.0,0.0
2026-03-03 00:00:00-05:00,7.019999980926514,7.019999980926514,6.670000076293945,6.849999904632568,6.6842522621154785,12577200,0.0,0.0
2026-03-04 00:00:00-05:00,6.909999847412109,7.019999980926514,6.829999923706055,6.840000152587891,6.674493789672852,10368400,0.0,0.0
2026-03-05 00:00:00-05:00,6.78000020980835,6.824999809265137,6.695000171661377,6.739999771118164,6.576913833618164,13511500,0.0,0.0
2026-03-06 00:00:00-05:00,6.639999866485596,6.659999847412109,6.409999847412109,6.550000190734863,6.3915114402771,12944300,0.0,0.0
2026-03-09 00:00:00-04:00,6.389999866485596,6.534999847412109,6.25,6.53000020980835,6.371995449066162,12698300,0.0,0.0
2026-03-10 00:00:00-04:00,6.550000190734863,6.739999771118164,6.539999961853027,6.650000095367432,6.489091396331787,15621300,0.0,0.0
2026-03-11 00:00:00-04:00,6.630000114440918,6.684999942779541,6.434999942779541,6.559999942779541,6.40126895904541,12020800,0.0,0.0
2026-03-12 00:00:00-04:00,6.420000076293945,6.554999828338623,6.349999904632568,6.380000114440918,6.278262615203857,13790300,0.055,0.0
2026-03-13 00:00:00-04:00,6.449999809265137,6.510000228881836,6.380000114440918,6.409999847412109,6.307784080505371,9898300,0.0,0.0
2026-03-16 00:00:00-04:00,6.489999771118164,6.625,6.454999923706055,6.550000190734863,6.445551872253418,9082900,0.0,0.0
2026-03-17 00:00:00-04:00,6.559999942779541,6.775000095367432,6.559999942779541,6.699999809265137,6.5931596755981445,9941300,0.0,0.0
2026-03-18 00:00:00-04:00,6.630000114440918,6.679999828338623,6.519999980926514,6.539999961853027,6.43571138381958,12341800,0.0,0.0
2026-03-19 00:00:00-04:00,6.449999809265137,6.650000095367432,6.449999809265137,6.590000152587891,6.484914302825928,9209700,0.0,0.0
2026-03-20 00:00:00-04:00,6.590000152587891,6.619999885559082,6.474999904632568,6.510000228881836,6.406189918518066,16436000,0.0,0.0
2026-03-23 00:00:00-04:00,6.679999828338623,6.684999942779541,6.554999828338623,6.570000171661377,6.465232849121094,8863200,0.0,0.0
2026-03-24 00:00:00-04:00,6.5,6.579999923706055,6.5,6.539999961853027,6.43571138381958,8136100,0.0,0.0
2026-03-25 00:00:00-04:00,6.659999847412109,6.704999923706055,6.480000019073486,6.610000133514404,6.504594802856445,9158400,0.0,0.0
2026-03-26 00:00:00-04:00,6.53000020980835,6.679999828338623,6.53000020980835,6.619999885559082,6.514435291290283,7985100,0.0,0.0
2026-03-27 00:00:00-04:00,6.559999942779541,6.599999904632568,6.429999828338623,6.460000038146973,6.356986999511719,7600400,0.0,0.0
2026-03-30 00:00:00-04:00,6.510000228881836,6.599999904632568,6.429999828338623,6.46999979019165,6.366827011108398,9744700,0.0,0.0
2026-03-31 00:00:00-04:00,6.570000171661377,6.684999942779541,6.460000038146973,6.570000171661377,6.465232849121094,9738200,0.0,0.0
2026-04-01 00:00:00-04:00,6.590000152587891,6.670000076293945,6.519999980926514,6.550000190734863,6.445551872253418,10702400,0.0,0.0
2026-04-02 00:00:00-04:00,6.460000038146973,6.630000114440918,6.429999828338623,6.619999885559082,6.514435291290283,9720700,0.0,0.0
2026-04-06 00:00:00-04:00,6.590000152587891,6.699999809265137,6.590000152587891,6.659999847412109,6.553797245025635,8026500,0.0,0.0
2026-04-07 00:00:00-04:00,6.619999885559082,6.650000095367432,6.510000228881836,6.599999904632568,6.494754314422607,8487000,0.0,0.0
2026-04-08 00:00:00-04:00,6.75,6.90500020980835,6.75,6.840000152587891,6.730926990509033,8929300,0.0,0.0
2026-04-09 00:00:00-04:00,6.78000020980835,6.880000114440918,6.71999979019165,6.829999923706055,6.721086502075195,8384900,0.0,0.0
2026-04-10 00:00:00-04:00,6.829999923706055,6.869999885559082,6.710000038146973,6.730000019073486,6.622681140899658,7732600,0.0,0.0
2026-04-13 00:00:00-04:00,6.699999809265137,6.880000114440918,6.671999931335449,6.869999885559082,6.760448932647705,8968900,0.0,0.0
2026-04-14 00:00:00-04:00,6.889999866485596,7.005000114440918,6.885000228881836,6.980000019073486,6.86869478225708,7748300,0.0,0.0
2026-04-15 00:00:00-04:00,6.980000019073486,7.070000171661377,6.954999923706055,6.980000019073486,6.86869478225708,5634500,0.0,0.0
2026-04-16 00:00:00-04:00,7.010000228881836,7.119999885559082,6.989999771118164,7.090000152587891,6.976940631866455,6714000,0.0,0.0
2026-04-17 00:00:00-04:00,7.190000057220459,7.340000152587891,7.159999847412109,7.269999980926514,7.1540703773498535,6314000,0.0,0.0
2026-04-20 00:00:00-04:00,7.199999809265137,7.360000133514404,7.195000171661377,7.28000020980835,7.16391134262085,7452300,0.0,0.0
2026-04-21 00:00:00-04:00,7.28000020980835,7.324999809265137,7.142000198364258,7.179999828338623,7.065505504608154,7551800,0.0,0.0
2026-04-22 00:00:00-04:00,7.230000019073486,7.340000152587891,7.210000038146973,7.289999961853027,7.173751354217529,5736400,0.0,0.0
2026-04-23 00:00:00-04:00,7.25,7.320000171661377,7.159999847412109,7.239999771118164,7.124548435211182,5120500,0.0,0.0
2026-04-24 00:00:00-04:00,7.21999979019165,7.295000076293945,7.170000076293945,7.260000228881836,7.144229888916016,5086800,0.0,0.0
2026-04-27 00:00:00-04:00,7.21999979019165,7.309999942779541,7.184999942779541,7.21999979019165,7.104867458343506,5769800,0.0,0.0
2026-04-28 00:00:00-04:00,7.239999771118164,7.28000020980835,7.139999866485596,7.190000057220459,7.075345993041992,7520700,0.0,0.0
2026-04-29 00:00:00-04:00,7.170000076293945,7.204999923706055,7.119999885559082,7.170000076293945,7.055665016174316,8318500,0.0,0.0
2026-04-30 00:00:00-04:00,7.599999904632568,7.739999771118164,7.40500020980835,7.53000020980835,7.4099249839782715,13549500,0.0,0.0
2026-05-01 00:00:00-04:00,7.599999904632568,7.639999866485596,7.505000114440918,7.550000190734863,7.429605484008789,8607400,0.0,0.0
2026-05-04 00:00:00-04:00,7.193999767303467,7.25,6.980000019073486,7.059999942779541,6.947419166564941,54489000,0.0,0.0
2026-05-05 00:00:00-04:00,7.150000095367432,7.179999828338623,6.985000133514404,7.010000228881836,6.898216724395752,18537100,0.0,0.0
2026-05-06 00:00:00-04:00,7.119999885559082,7.150000095367432,6.960000038146973,6.980000019073486,6.86869478225708,40014900,0.0,0.0
2026-05-07 00:00:00-04:00,6.960000038146973,7.045000076293945,6.849999904632568,6.900000095367432,6.789970874786377,20141800,0.0,0.0
2026-05-08 00:00:00-04:00,6.940000057220459,6.940000057220459,6.829999923706055,6.869999885559082,6.760448932647705,17693000,0.0,0.0
2026-05-11 00:00:00-04:00,6.849999904632568,6.889999866485596,6.755000114440918,6.789999961853027,6.681725025177002,14177500,0.0,0.0
2026-05-12 00:00:00-04:00,6.820000171661377,6.840000152587891,6.699999809265137,6.820000171661377,6.711246490478516,12550400,0.0,0.0
2026-05-13 00:00:00-04:00,6.889999866485596,6.985000133514404,6.739999771118164,6.840000152587891,6.730926990509033,13237300,0.0,0.0
2026-05-14 00:00:00-04:00,6.920000076293945,6.960000038146973,6.824999809265137,6.909999847412109,6.799810886383057,8186800,0.0,0.0
2026-05-15 00:00:00-04:00,6.929999828338623,6.965000152587891,6.820000171661377,6.829999923706055,6.721086502075195,11342900,0.0,0.0
2026-05-18 00:00:00-04:00,6.849999904632568,6.980000019073486,6.815000057220459,6.980000019073486,6.86869478225708,10553800,0.0,0.0
2026-05-19 00:00:00-04:00,6.940000057220459,6.980000019073486,6.860000133514404,6.869999885559082,6.760448932647705,13882700,0.0,0.0
2026-05-20 00:00:00-04:00,6.889999866485596,7.0,6.804999828338623,6.980000019073486,6.86869478225708,10888500,0.0,0.0
2026-05-21 00:00:00-04:00,6.900000095367432,7.039999961853027,6.840000152587891,7.0,6.888376235961914,9109400,0.0,0.0
2026-05-22 00:00:00-04:00,7.0,7.085000038146973,6.960000038146973,6.96999979019165,6.858854293823242,5882600,0.0,0.0
2026-05-26 00:00:00-04:00,6.949999809265137,7.005000114440918,6.889999866485596,6.929999828338623,6.819491863250732,9012800,0.0,0.0
2026-05-27 00:00:00-04:00,6.980000019073486,7.03000020980835,6.829999923706055,6.829999923706055,6.721086502075195,9925100,0.0,0.0
2026-05-28 00:00:00-04:00,6.840000152587891,6.909999847412109,6.800000190734863,6.809999942779541,6.7014055252075195,8110300,0.0,0.0
2026-05-29 00:00:00-04:00,6.800000190734863,6.820000171661377,6.710000038146973,6.710000038146973,6.603000164031982,8619600,0.0,0.0
2026-06-01 00:00:00-04:00,6.760000228881836,6.764999866485596,6.599999904632568,6.739999771118164,6.632522106170654,11911800,0.0,0.0
2026-06-02 00:00:00-04:00,6.75,6.800000190734863,6.71999979019165,6.789999961853027,6.681725025177002,12506300,0.0,0.0
2026-06-03 00:00:00-04:00,6.820000171661377,6.820000171661377,6.639999866485596,6.659999847412109,6.553797245025635,9011600,0.0,0.0
2026-06-04 00:00:00-04:00,6.739999771118164,6.815000057220459,6.670000076293945,6.739999771118164,6.632522106170654,9020700,0.0,0.0
2026-06-05 00:00:00-04:00,6.769999980926514,6.824999809265137,6.710000038146973,6.789999961853027,6.681725025177002,8668000,0.0,0.0
2026-06-08 00:00:00-04:00,6.769999980926514,6.809999942779541,6.650000095367432,6.670000076293945,6.563638210296631,10474700,0.0,0.0
2026-06-09 00:00:00-04:00,6.71999979019165,6.789999961853027,6.65500020980835,6.760000228881836,6.65220308303833,9396800,0.0,0.0
2026-06-10 00:00:00-04:00,6.71999979019165,6.820000171661377,6.659999847412109,6.699999809265137,6.5931596755981445,8670000,0.0,0.0
2026-06-11 00:00:00-04:00,6.650000095367432,6.769999980926514,6.619999885559082,6.71999979019165,6.667574405670166,8146900,0.055,0.0
2026-06-12 00:00:00-04:00,6.769999980926514,6.824999809265137,6.724999904632568,6.800000190734863,6.746950626373291,7420400,0.0,0.0
2026-06-15 00:00:00-04:00,6.860000133514404,6.900000095367432,6.650000095367432,6.699999809265137,6.647730350494385,9453200,0.0,0.0
2026-06-16 00:00:00-04:00,6.71999979019165,6.800000190734863,6.699999809265137,6.71999979019165,6.667574405670166,7278000,0.0,0.0
2026-06-17 00:00:00-04:00,6.690000057220459,6.730000019073486,6.449999809265137,6.480000019073486,6.429446697235107,8214700,0.0,0.0
2026-06-18 00:00:00-04:00,6.460000038146973,6.630000114440918,6.449999809265137,6.579999923706055,6.5286664962768555,17846400,0.0,0.0
2026-06-22 00:00:00-04:00,6.550000190734863,6.630000114440918,6.531000137329102,6.590000152587891,6.538589000701904,9907400,0.0,0.0
2026-06-23 00:00:00-04:00,6.5,6.610000133514404,6.5,6.559999942779541,6.508822441101074,8311000,0.0,0.0
2026-06-24 00:00:00-04:00,6.590000152587891,6.625,6.534999847412109,6.550000190734863,6.498900890350342,8403400,0.0,0.0
2026-06-25 00:00:00-04:00,6.570000171661377,6.585000038146973,6.239999771118164,6.300000190734863,6.250851154327393,7765600,0.0,0.0
2026-06-26 00:00:00-04:00,6.28000020980835,6.445000171661377,6.28000020980835,6.389999866485596,6.34014892578125,12233900,0.0,0.0
2026-06-29 00:00:00-04:00,6.5,6.505000114440918,6.385000228881836,6.5,6.449290752410889,9931800,0.0,0.0
2026-06-30 00:00:00-04:00,6.460000038146973,6.550000190734863,6.400000095367432,6.5,6.449290752410889,7805100,0.0,0.0
2026-07-01 00:00:00-04:00,6.473999977111816,6.849999904632568,6.473999977111816,6.71999979019165,6.667574405670166,11411100,0.0,0.0
2026-07-02 00:00:00-04:00,6.829999923706055,6.869999885559082,6.724999904632568,6.829999923706055,6.776716232299805,7061800,0.0,0.0
2026-07-06 00:00:00-04:00,6.800000190734863,6.849999904632568,6.679999828338623,6.75,6.697340488433838,10497000,0.0,0.0
2026-07-07 00:00:00-04:00,6.829999923706055,6.940000057220459,6.760000228881836,6.909999847412109,6.8560919761657715,11224000,0.0,0.0
2026-07-08 00:00:00-04:00,6.829999923706055,6.894999980926514,6.690000057220459,6.730000019073486,6.677496433258057,7944800,0.0,0.0
2026-07-09 00:00:00-04:00,6.670000076293945,6.679999828338623,6.579999923706055,6.650000095367432,6.59812068939209,6979800,0.0,0.0
2026-07-10 00:00:00-04:00,6.690000057220459,6.760000228881836,6.664999961853027,6.710000038146973,6.657652378082275,6133100,0.0,0.0
2026-07-13 00:00:00-04:00,6.769999980926514,6.84499979019165,6.730000019073486,6.78000020980835,6.72710657119751,5960800,0.0,0.0
2026-07-14 00:00:00-04:00,6.650000095367432,6.760000228881836,6.650000095367432,6.730000019073486,6.677496433258057,4925300,0.0,0.0
2026-07-15 00:00:00-04:00,6.769999980926514,6.925000190734863,6.739999771118164,6.769999980926514,6.717184543609619,9671500,0.0,0.0
2026-07-16 00:00:00-04:00,6.869999885559082,7.079999923706055,6.789999961853027,7.059999942779541,7.004921913146973,10791100,0.0,0.0
2026-07-17 00:00:00-04:00,7.059999942779541,7.235000133514404,6.929999828338623,7.0,6.945390224456787,7749600,0.0,0.0
2026-07-20 00:00:00-04:00,6.960000038146973,7.005000114440918,6.909999847412109,7.0,6.945390224456787,6513700,0.0,0.0
2026-07-21 00:00:00-04:00,6.980000019073486,7.0,6.889999866485596,6.889999866485596,6.83624792098999,5375200,0.0,0.0
2026-07-22 00:00:00-04:00,6.925000190734863,6.989999771118164,6.840000152587891,6.900000095367432,6.846170425415039,5141800,0.0,0.0
2026-07-23 00:00:00-04:00,6.809999942779541,6.860000133514404,6.760000228881836,6.820000171661377,6.766794681549072,5964700,0.0,0.0
2026-07-24 00:00:00-04:00,6.900000095367432,7.059999942779541,6.869999885559082,7.039999961853027,6.985077857971191,5592600,0.0,0.0
2026-07-27 00:00:00-04:00,7.110000133514404,7.210000038146973,7.099999904632568,7.150000095367432,7.094220161437988,7433200,0.0,0.0
2026-07-28 00:00:00-04:00,7.21999979019165,7.34499979019165,7.199999809265137,7.340000152587891,7.282737731933594,9930200,0.0,0.0
2026-07-29 00:00:00-04:00,7.28000020980835,7.449999809265137,7.28000020980835,7.409999847412109,7.35219144821167,9529500,0.0,0.0
2026-07-30 00:00:00-04:00,7.300000190734863,7.675000190734863,7.25,7.510000228881836,7.451411724090576,10900000,0.0,0.0
2026-07-31 00:00:00-04:00,7.440000057220459,7.690000057220459,7.420000076293945,7.639999866485596,7.580397129058838,9168700,0.0,0.0
2026-08-03 00:00:00-04:00,7.699999809265137,7.965000152587891,7.693999767303467,7.880000114440918,7.8185248374938965,8821200,0.0,0.0
2026-08-04 00:00:00-04:00,7.769999980926514,7.869999885559082,7.690000057220459,7.840000152587891,7.778837203979492,13943600,0.0,0.0
2026-08-05 00:00:00-04:00,7.889999866485596,7.90500020980835,7.605000019073486,7.699999809265137,7.639928817749023,11596900,0.0,0.0
2026-08-06 00:00:00-04:00,7.710000038146973,7.800000190734863,7.625,7.650000095367432,7.5903191566467285,6661400,0.0,0.0
2026-08-07 00:00:00-04:00,7.659999847412109,7.735000133514404,7.59499979019165,7.639999866485596,7.580397129058838,6193600,0.0,0.0
2026-08-10 00:00:00-04:00,7.570000171661377,7.599999904632568,7.480000019073486,7.510000228881836,7.451411724090576,6966400,0.0,0.0
2026-08-11 00:00:00-04:00,7.510000228881836,7.570000171661377,7.449999809265137,7.449999809265137,7.391879081726074,6326800,0.0,0.0
2026-08-12 00:00:00-04:00,7.440000057220459,7.489999771118164,7.28000020980835,7.309999942779541,7.252971649169922,9360700,0.0,0.0
2026-08-13 00:00:00-04:00,7.400000095367432,7.5,7.260000228881836,7.46999979019165,7.4117231369018555,7756200,0.0,0.0
2026-08-14 00:00:00-04:00,7.5,7.53000020980835,7.420000076293945,7.489999771118164,7.431567192077637,4041600,0.0,0.0
2026-08-17 00:00:00-04:00,7.420000076293945,7.460000038146973,7.179999828338623,7.179999828338623,7.123985767364502,7809400,0.0,0.0
2026-08-18 00:00:00-04:00,7.25,7.28000020980835,7.210000038146973,7.21999979019165,7.163673400878906,7487300,0.0,0.0
2026-08-19 00:00:00-04:00,7.309999942779541,7.474999904632568,7.25,7.389999866485596,7.332347393035889,7392200,0.0,0.0
2026-08-20 00:00:00-04:00,7.349999904632568,7.40500020980835,7.320000171661377,7.369999885559082,7.312503337860107,4819600,0.0,0.0
2026-08-21 00:00:00-04:00,7.429999828338623,7.480000019073486,7.364999771118164,7.380000114440918,7.322425842285156,3789200,0.0,0.0
2026-08-24 00:00:00-04:00,7.389999866485596,7.465000152587891,7.355000019073486,7.420000076293945,7.3621134757995605,5634900,0.0,0.0
2026-08-25 00:00:00-04:00,7.389999866485596,7.494999885559082,7.329999923706055,7.429999828338623,7.372035503387451,5977500,0.0,0.0
2026-08-26 00:00:00-04:00,7.400000095367432,7.460000038146973,7.369999885559082,7.440000057220459,7.381957530975342,5967300,0.0,0.0
2026-08-27 00:00:00-04:00,7.400000095367432,7.590000152587891,7.400000095367432,7.460000038146973,7.401801586151123,8154800,0.0,0.0
2026-08-28 00:00:00-04:00,7.510000228881836,7.559999942779541,7.480000019073486,7.539999961853027,7.48117733001709,4667900,0.0,0.0
2026-08-31 00:00:00-04:00,7.539999961853027,7.539999961853027,7.380000114440918,7.389999866485596,7.332347393035889,8089100,0.0,0.0
2026-09-01 00:00:00-04:00,7.349999904632568,7.449999809265137,7.25,7.369999885559082,7.312503337860107,5825400,0.0,0.0
2026-09-02 00:00:00-04:00,7.409999847412109,7.539999961853027,7.34499979019165,7.489999771118164,7.431567192077637,6168300,0.0,0.0
2026-09-03 00:00:00-04:00,7.579999923706055,7.614999771118164,7.5,7.510000228881836,7.451411724090576,7510600,0.0,0.0
2026-09-04 00:00:00-04:00,7.489999771118164,7.510000228881836,7.420000076293945,7.460000038146973,7.401801586151123,5909800,0.0,0.0
2026-09-08 00:00:00-04:00,7.389999866485596,7.429999828338623,7.21999979019165,7.21999979019165,7.163673400878906,7664000,0.0,0.0
2026-09-09 00:00:00-04:00,7.21999979019165,7.25,7.039999961853027,7.050000190734863,6.99500036239624,6402100,0.0,0.0
2026-09-10 00:00:00-04:00,7.019999980926514,7.059999942779541,6.96999979019165,7.010000228881836,7.010000228881836,6000600,0.055,0.0
2026-09-11 00:00:00-04:00,7.079999923706055,7.099999904632568,6.96999979019165,7.050000190734863,7.050000190734863,6845900,0.0,0.0
2026-09-14 00:00:00-04:00,7.110000133514404,7.224999904632568,7.079999923706055,7.079999923706055,7.079999923706055,6177100,0.0,0.0
2026-09-15 00:00:00-04:00,7.03000020980835,7.170000076293945,7.010000228881836,7.099999904632568,7.099999904632568,5988200,0.0,0.0
2026-09-16 00:00:00-04:00,7.090000152587891,7.130000114440918,6.96999979019165,7.03000020980835,7.03000020980835,6559900,0.0,0.0
2026-09-17 00:00:00-04:00,7.059999942779541,7.059999942779541,6.980000019073486,6.989999771118164,6.989999771118164,7000600,0.0,0.0
2026-09-18 00:00:00-04:00,6.96999979019165,6.980000019073486,6.869999885559082,6.900000095367432,6.900000095367432,18475400,0.0,0.0
2026-09-21 00:00:00-04:00,6.900000095367432,6.940000057220459,6.574999809265137,6.619999885559082,6.619999885559082,14436300,0.0,0.0
