Date,Open,High,Low,Close,Adj Close,Volume,Dividends,Stock Splits
2015-01-02 00:00:00-05:00,16.53499984741211,16.53499984741211,16.155000686645508,16.280000686645508,14.562629699707031,836400,0.0,0.0
2015-01-05 00:00:00-05:00,16.174999237060547,16.174999237060547,15.970000267028809,16.06999969482422,14.374776840209961,1343600,0.0,0.0
2015-01-06 00:00:00-05:00,16.059999465942383,16.190000534057617,15.845000267028809,15.989999771118164,14.303215980529785,1146400,0.0,0.0
2015-01-07 00:00:00-05:00,16.079999923706055,16.145000457763672,15.90999984741211,16.135000228881836,14.43292236328125,887000,0.0,0.0
2015-01-08 00:00:00-05:00,16.229999542236328,16.510000228881836,16.170000076293945,16.44499969482422,14.710217475891113,1248400,0.0,0.0
2015-01-09 00:00:00-05:00,16.440000534057617,16.46500015258789,16.225000381469727,16.235000610351562,14.52237319946289,871000,0.0,0.0
2015-01-12 00:00:00-05:00,16.165000915527344,16.295000076293945,16.0,16.065000534057617,14.370306968688965,875800,0.0,0.0
2015-01-13 00:00:00-05:00,16.15999984741211,16.350000381469727,15.899999618530273,16.014999389648438,14.325578689575195,1380600,0.0,0.0
2015-01-14 00:00:00-05:00,15.845000267028809,15.984999656677246,15.729999542236328,15.90999984741211,14.231660842895508,1218600,0.0,0.0
2015-01-15 00:00:00-05:00,15.914999961853027,16.014999389648438,15.78499984741211,15.850000381469727,14.177986145019531,1042000,0.0,0.0
2015-01-16 00:00:00-05:00,15.8100004196167,16.010000228881836,15.805000305175781,15.914999961853027,14.236130714416504,1579400,0.0,0.0
2015-01-20 00:00:00-05:00,15.9350004196167,16.125,15.704999923706055,15.8149995803833,14.146678924560547,1524000,0.0,0.0
2015-01-21 00:00:00-05:00,15.779999732971191,15.914999961853027,15.625,15.8100004196167,14.142207145690918,978200,0.0,0.0
2015-01-22 00:00:00-05:00,15.920000076293945,16.110000610351562,15.78499984741211,16.09000015258789,14.392668724060059,1304600,0.0,0.0
2015-01-23 00:00:00-05:00,16.125,16.135000228881836,15.869999885559082,15.875,14.200350761413574,1069800,0.0,0.0
2015-01-26 00:00:00-05:00,15.895000457763672,15.979999542236328,15.850000381469727,15.914999961853027,14.236130714416504,1634400,0.0,0.0
2015-01-27 00:00:00-05:00,15.954999923706055,16.264999389648438,15.604999542236328,15.744999885559082,14.084064483642578,3350200,0.0,0.0
2015-01-28 00:00:00-05:00,15.890000343322754,15.954999923706055,15.470000267028809,15.53499984741211,13.89621353149414,2321400,0.0,0.0
2015-01-29 00:00:00-05:00,15.53499984741211,15.595000267028809,15.390000343322754,15.470000267028809,13.838074684143066,1528800,0.0,0.0
2015-01-30 00:00:00-05:00,15.335000038146973,15.505000114440918,15.234999656677246,15.425000190734863,13.797819137573242,3665400,0.0,0.0
2015-02-02 00:00:00-05:00,15.399999618530273,15.744999885559082,15.305000305175781,15.734999656677246,14.12548542022705,2468600,0.055,0.0
2015-02-03 00:00:00-05:00,15.78499984741211,16.0,15.760000228881836,15.979999542236328,14.345423698425293,1443800,0.0,0.0
2015-02-04 00:00:00-05:00,15.944999694824219,16.145000457763672,15.944999694824219,16.040000915527344,14.399290084838867,1016600,0.0,0.0
2015-02-05 00:00:00-05:00,16.05500030517578,16.25,16.024999618530273,16.209999084472656,14.551898002624512,821800,0.0,0.0
2015-02-06 00:00:00-05:00,16.2549991607666,16.290000915527344,16.014999389648438,16.05500030517578,14.41275405883789,1469400,0.0,0.0
2015-02-09 00:00:00-05:00,15.989999771118164,16.024999618530273,15.850000381469727,15.979999542236328,14.345423698425293,1596000,0.0,0.0
2015-02-10 00:00:00-05:00,16.045000076293945,16.139999389648438,15.970000267028809,16.110000610351562,14.462127685546875,831400,0.0,0.0
2015-02-11 00:00:00-05:00,16.104999542236328,16.270000457763672,16.059999465942383,16.235000610351562,14.5743408203125,933200,0.0,0.0
2015-02-12 00:00:00-05:00,16.299999237060547,16.40999984741211,16.2549991607666,16.405000686645508,14.72695541381836,906000,0.0,0.0
2015-02-13 00:00:00-05:00,16.395000457763672,16.5049991607666,16.334999084472656,16.5049991607666,14.816718101501465,813000,0.0,0.0
2015-02-17 00:00:00-05:00,16.510000228881836,16.59000015258789,16.2549991607666,16.540000915527344,14.84814453125,1305600,0.0,0.0
2015-02-18 00:00:00-05:00,16.489999771118164,16.565000534057617,16.469999313354492,16.540000915527344,14.84814453125,780200,0.0,0.0
2015-02-19 00:00:00-05:00,16.469999313354492,16.575000762939453,16.454999923706055,16.549999237060547,14.8571138381958,587800,0.0,0.0
2015-02-20 00:00:00-05:00,16.479999542236328,16.565000534057617,16.239999771118164,16.545000076293945,14.85263442993164,1025600,0.0,0.0
2015-02-23 00:00:00-05:00,16.510000228881836,16.530000686645508,16.25,16.325000762939453,14.655135154724121,1050000,0.0,0.0
2015-02-24 00:00:00-05:00,16.309999465942383,16.395000457763672,16.260000228881836,16.290000915527344,14.623717308044434,774600,0.0,0.0
2015-02-25 00:00:00-05:00,16.295000076293945,16.295000076293945,16.1299991607666,16.209999084472656,14.551898002624512,989200,0.0,0.0
2015-02-26 00:00:00-05:00,16.190000534057617,16.21500015258789,15.975000381469727,16.18000030517578,14.524967193603516,927400,0.0,0.0
2015-02-27 00:00:00-05:00,16.149999618530273,16.170000076293945,16.024999618530273,16.06999969482422,14.426218032836914,925200,0.0,0.0
2015-03-02 00:00:00-05:00,15.989999771118164,16.05500030517578,15.920000076293945,16.0049991607666,14.367863655090332,1503200,0.0,0.0
2015-03-03 00:00:00-05:00,15.970000267028809,16.05500030517578,15.895000457763672,15.960000038146973,14.327472686767578,770200,0.0,0.0
2015-03-04 00:00:00-05:00,15.944999694824219,15.944999694824219,15.78499984741211,15.875,14.251163482666016,807200,0.0,0.0
2015-03-05 00:00:00-05:00,15.895000457763672,15.960000038146973,15.770000457763672,15.930000305175781,14.300542831420898,1067800,0.0,0.0
2015-03-06 00:00:00-05:00,15.96500015258789,16.125,15.864999771118164,15.920000076293945,14.291560173034668,2450600,0.0,0.0
2015-03-09 00:00:00-04:00,15.975000381469727,16.040000915527344,15.914999961853027,15.954999923706055,14.322982788085938,976000,0.0,0.0
2015-03-10 00:00:00-04:00,15.819999694824219,15.975000381469727,15.75,15.890000343322754,14.264628410339355,1669200,0.0,0.0
2015-03-11 00:00:00-04:00,15.895000457763672,16.09000015258789,15.850000381469727,16.075000762939453,14.430706977844238,1161600,0.0,0.0
2015-03-12 00:00:00-04:00,16.149999618530273,16.329999923706055,16.104999542236328,16.30500030517578,14.637179374694824,1248800,0.0,0.0
2015-03-13 00:00:00-04:00,16.30500030517578,16.30500030517578,16.06999969482422,16.190000534057617,14.533942222595215,1158800,0.0,0.0
2015-03-16 00:00:00-04:00,16.204999923706055,16.549999237060547,16.204999923706055,16.479999542236328,14.794279098510742,907400,0.0,0.0
2015-03-17 00:00:00-04:00,16.40999984741211,16.545000076293945,16.399999618530273,16.520000457763672,14.830190658569336,1013000,0.0,0.0
2015-03-18 00:00:00-04:00,16.475000381469727,16.524999618530273,16.334999084472656,16.389999389648438,14.713485717773438,1721400,0.0,0.0
2015-03-19 00:00:00-04:00,16.389999389648438,16.424999237060547,16.299999237060547,16.415000915527344,14.735930442810059,1022800,0.0,0.0
2015-03-20 00:00:00-04:00,16.454999923706055,16.584999084472656,16.325000762939453,16.565000534057617,14.870591163635254,2761600,0.0,0.0
2015-03-23 00:00:00-04:00,16.575000762939453,16.665000915527344,16.5,16.5049991607666,14.816718101501465,956200,0.0,0.0
2015-03-24 00:00:00-04:00,16.524999618530273,16.635000228881836,16.459999084472656,16.5,14.812237739562988,1005600,0.0,0.0
2015-03-25 00:00:00-04:00,16.4950008392334,16.524999618530273,16.25,16.30500030517578,14.637179374694824,1435200,0.0,0.0
2015-03-26 00:00:00-04:00,16.270000457763672,16.334999084472656,16.149999618530273,16.274999618530273,14.610246658325195,925400,0.0,0.0
2015-03-27 00:00:00-04:00,16.280000686645508,16.40999984741211,16.235000610351562,16.3799991607666,14.70450496673584,752800,0.0,0.0
2015-03-30 00:00:00-04:00,16.454999923706055,16.670000076293945,16.420000076293945,16.625,14.924448013305664,1139200,0.0,0.0
2015-03-31 00:00:00-04:00,16.549999237060547,16.579999923706055,16.46500015258789,16.55500030517578,14.861610412597656,1268400,0.0,0.0
2015-04-01 00:00:00-04:00,16.55500030517578,16.594999313354492,16.395000457763672,16.5049991607666,14.816718101501465,853000,0.0,0.0
2015-04-02 00:00:00-04:00,16.510000228881836,16.584999084472656,16.450000762939453,16.565000534057617,14.870591163635254,1075400,0.0,0.0
2015-04-06 00:00:00-04:00,16.440000534057617,16.65999984741211,16.420000076293945,16.614999771118164,14.915472030639648,1430400,0.0,0.0
2015-04-07 00:00:00-04:00,16.6299991607666,16.690000534057617,16.530000686645508,16.549999237060547,14.8571138381958,749800,0.0,0.0
2015-04-08 00:00:00-04:00,16.55500030517578,16.674999237060547,16.530000686645508,16.565000534057617,14.870591163635254,949000,0.0,0.0
2015-04-09 00:00:00-04:00,16.545000076293945,16.68000030517578,16.524999618530273,16.625,14.924448013305664,1393200,0.0,0.0
2015-04-10 00:00:00-04:00,16.625,16.7450008392334,16.575000762939453,16.604999542236328,14.906494140625,702800,0.0,0.0
2015-04-13 00:00:00-04:00,16.584999084472656,16.725000381469727,16.584999084472656,16.639999389648438,14.93791675567627,1107400,0.0,0.0
2015-04-14 00:00:00-04:00,16.645000457763672,16.69499969482422,16.524999618530273,16.65999984741211,14.955870628356934,891800,0.0,0.0
2015-04-15 00:00:00-04:00,16.704999923706055,16.725000381469727,16.614999771118164,16.625,14.924448013305664,966800,0.0,0.0
2015-04-16 00:00:00-04:00,16.635000228881836,16.655000686645508,16.5049991607666,16.584999084472656,14.888532638549805,1295800,0.0,0.0
2015-04-17 00:00:00-04:00,16.434999465942383,16.46500015258789,16.229999542236328,16.28499984741211,14.619229316711426,2001400,0.0,0.0
2015-04-20 00:00:00-04:00,16.344999313354492,16.540000915527344,16.325000762939453,16.4950008392334,14.807744979858398,3842600,0.0,0.0
2015-04-21 00:00:00-04:00,16.329999923706055,16.524999618530273,15.96500015258789,16.229999542236328,14.569855690002441,3814400,0.0,0.0
2015-04-22 00:00:00-04:00,16.114999771118164,16.229999542236328,15.9350004196167,16.110000610351562,14.462127685546875,2904600,0.0,0.0
2015-04-23 00:00:00-04:00,16.049999237060547,16.209999084472656,16.049999237060547,16.135000228881836,14.48456859588623,1338000,0.0,0.0
2015-04-24 00:00:00-04:00,16.125,16.270000457763672,16.014999389648438,16.21500015258789,14.556386947631836,1757600,0.0,0.0
2015-04-27 00:00:00-04:00,16.260000228881836,16.270000457763672,16.0049991607666,16.045000076293945,14.40377426147461,2308600,0.0,0.0
2015-04-28 00:00:00-04:00,16.065000534057617,16.184999465942383,16.0,16.1299991607666,14.480080604553223,1127400,0.0,0.0
2015-04-29 00:00:00-04:00,16.045000076293945,16.184999465942383,16.030000686645508,16.139999389648438,14.489057540893555,1032600,0.0,0.0
2015-04-30 00:00:00-04:00,16.079999923706055,16.1299991607666,15.925000190734863,15.975000381469727,14.389972686767578,2344600,0.055,0.0
2015-05-01 00:00:00-04:00,16.049999237060547,16.114999771118164,15.890000343322754,15.925000190734863,14.344930648803711,1930600,0.0,0.0
2015-05-04 00:00:00-04:00,15.979999542236328,16.049999237060547,15.90999984741211,15.960000038146973,14.376462936401367,5026200,0.0,0.0
2015-05-05 00:00:00-04:00,15.930000305175781,15.994999885559082,15.789999961853027,15.835000038146973,14.26386547088623,1718800,0.0,0.0
2015-05-06 00:00:00-04:00,15.869999885559082,15.925000190734863,15.75,15.869999885559082,14.295388221740723,985000,0.0,0.0
2015-05-07 00:00:00-04:00,15.880000114440918,15.975000381469727,15.854999542236328,15.914999961853027,14.335925102233887,901000,0.0,0.0
2015-05-08 00:00:00-04:00,16.010000228881836,16.030000686645508,15.90999984741211,15.954999923706055,14.371957778930664,857600,0.0,0.0
2015-05-11 00:00:00-04:00,15.9350004196167,16.125,15.9350004196167,16.059999465942383,14.46653938293457,1529000,0.0,0.0
2015-05-12 00:00:00-04:00,16.0049991607666,16.040000915527344,15.869999885559082,15.9350004196167,14.3539400100708,1285600,0.0,0.0
2015-05-13 00:00:00-04:00,15.989999771118164,16.020000457763672,15.880000114440918,15.914999961853027,14.335925102233887,991400,0.0,0.0
2015-05-14 00:00:00-04:00,15.989999771118164,16.03499984741211,15.895000457763672,16.030000686645508,14.439513206481934,1388400,0.0,0.0
2015-05-15 00:00:00-04:00,16.05500030517578,16.065000534057617,15.944999694824219,16.024999618530273,14.435014724731445,910000,0.0,0.0
2015-05-18 00:00:00-04:00,16.040000915527344,16.229999542236328,15.979999542236328,16.18000030517578,14.574633598327637,1184800,0.0,0.0
2015-05-19 00:00:00-04:00,16.209999084472656,16.239999771118164,16.110000610351562,16.18000030517578,14.574633598327637,812600,0.0,0.0
2015-05-20 00:00:00-04:00,16.18000030517578,16.264999389648438,16.084999084472656,16.235000610351562,14.624174118041992,748800,0.0,0.0
2015-05-21 00:00:00-04:00,16.21500015258789,16.28499984741211,16.145000457763672,16.204999923706055,14.597150802612305,786800,0.0,0.0
2015-05-22 00:00:00-04:00,16.209999084472656,16.270000457763672,16.145000457763672,16.149999618530273,14.547609329223633,1072800,0.0,0.0
2015-05-26 00:00:00-04:00,16.09000015258789,16.190000534057617,16.010000228881836,16.125,14.5250883102417,1425200,0.0,0.0
2015-05-27 00:00:00-04:00,16.139999389648438,16.209999084472656,16.104999542236328,16.170000076293945,14.565625190734863,1073800,0.0,0.0
2015-05-28 00:00:00-04:00,16.174999237060547,16.34000015258789,16.125,16.31999969482422,14.700739860534668,2366000,0.0,0.0
2015-05-29 00:00:00-04:00,16.30500030517578,16.405000686645508,16.15999984741211,16.19499969482422,14.588144302368164,1341000,0.0,0.0
2015-06-01 00:00:00-04:00,16.204999923706055,16.290000915527344,16.114999771118164,16.219999313354492,14.610661506652832,1769800,0.0,0.0
2015-06-02 00:00:00-04:00,16.184999465942383,16.399999618530273,16.125,16.295000076293945,14.678221702575684,1374600,0.0,0.0
2015-06-03 00:00:00-04:00,16.360000610351562,16.565000534057617,16.295000076293945,16.440000534057617,14.808836936950684,1451000,0.0,0.0
2015-06-04 00:00:00-04:00,16.424999237060547,16.549999237060547,16.28499984741211,16.43000030517578,14.799825668334961,1958200,0.0,0.0
2015-06-05 00:00:00-04:00,16.475000381469727,16.5,16.364999771118164,16.46500015258789,14.831355094909668,1041200,0.0,0.0
2015-06-08 00:00:00-04:00,16.440000534057617,16.549999237060547,16.405000686645508,16.44499969482422,14.813336372375488,1099400,0.0,0.0
2015-06-09 00:00:00-04:00,16.420000076293945,16.479999542236328,16.334999084472656,16.475000381469727,14.840362548828125,1325800,0.0,0.0
2015-06-10 00:00:00-04:00,16.5049991607666,16.604999542236328,16.459999084472656,16.530000686645508,14.889908790588379,1154800,0.0,0.0
2015-06-11 00:00:00-04:00,16.549999237060547,16.719999313354492,16.540000915527344,16.71500015258789,15.05655288696289,1077800,0.0,0.0
2015-06-12 00:00:00-04:00,16.6299991607666,16.725000381469727,16.584999084472656,16.690000534057617,15.034026145935059,2419000,0.0,0.0
2015-06-15 00:00:00-04:00,16.545000076293945,16.684999465942383,16.399999618530273,16.610000610351562,14.961968421936035,1376000,0.0,0.0
2015-06-16 00:00:00-04:00,16.565000534057617,16.684999465942383,16.5,16.645000457763672,14.993494987487793,1365200,0.0,0.0
2015-06-17 00:00:00-04:00,16.700000762939453,16.834999084472656,16.625,16.729999542236328,15.070059776306152,1253400,0.0,0.0
2015-06-18 00:00:00-04:00,16.770000457763672,16.829999923706055,16.69499969482422,16.770000457763672,15.106093406677246,1384800,0.0,0.0
2015-06-19 00:00:00-04:00,16.799999237060547,16.834999084472656,16.725000381469727,16.770000457763672,15.106093406677246,1818400,0.0,0.0
2015-06-22 00:00:00-04:00,16.854999542236328,16.8799991607666,16.795000076293945,16.834999084472656,15.164637565612793,955800,0.0,0.0
2015-06-23 00:00:00-04:00,16.799999237060547,16.905000686645508,16.670000076293945,16.825000762939453,15.15563678741455,758400,0.0,0.0
2015-06-24 00:00:00-04:00,16.780000686645508,16.899999618530273,16.719999313354492,16.719999313354492,15.061052322387695,901200,0.0,0.0
2015-06-25 00:00:00-04:00,16.44499969482422,16.780000686645508,16.44499969482422,16.559999465942383,14.916925430297852,971200,0.0,0.0
2015-06-26 00:00:00-04:00,16.604999542236328,16.639999389648438,16.549999237060547,16.565000534057617,14.921438217163086,1536800,0.0,0.0
2015-06-29 00:00:00-04:00,16.44499969482422,16.540000915527344,16.3799991607666,16.385000228881836,14.759296417236328,1292000,0.0,0.0
2015-06-30 00:00:00-04:00,16.545000076293945,16.6200008392334,16.399999618530273,16.43000030517578,14.799825668334961,1189800,0.0,0.0
2015-07-01 00:00:00-04:00,16.610000610351562,16.774999618530273,16.520000457763672,16.610000610351562,14.961968421936035,1362600,0.0,0.0
2015-07-02 00:00:00-04:00,16.610000610351562,16.690000534057617,16.540000915527344,16.565000534057617,14.921438217163086,923000,0.0,0.0
2015-07-06 00:00:00-04:00,16.479999542236328,16.645000457763672,16.440000534057617,16.645000457763672,14.993494987487793,1598200,0.0,0.0
2015-07-07 00:00:00-04:00,16.645000457763672,16.704999923706055,16.46500015258789,16.684999465942383,15.029525756835938,906400,0.0,0.0
2015-07-08 00:00:00-04:00,16.594999313354492,16.6299991607666,16.434999465942383,16.565000534057617,14.921438217163086,1557000,0.0,0.0
2015-07-09 00:00:00-04:00,16.799999237060547,16.81999969482422,16.540000915527344,16.639999389648438,14.988993644714355,764400,0.0,0.0
2015-07-10 00:00:00-04:00,16.735000610351562,16.850000381469727,16.735000610351562,16.825000762939453,15.15563678741455,929600,0.0,0.0
2015-07-13 00:00:00-04:00,16.940000534057617,17.03499984741211,16.885000228881836,17.0,15.313278198242188,1453400,0.0,0.0
2015-07-14 00:00:00-04:00,16.985000610351562,17.19499969482422,16.950000762939453,17.079999923706055,15.385335922241211,1246800,0.0,0.0
2015-07-15 00:00:00-04:00,17.06999969482422,17.06999969482422,16.864999771118164,17.040000915527344,15.349305152893066,732000,0.0,0.0
2015-07-16 00:00:00-04:00,17.145000457763672,17.229999542236328,17.059999465942383,17.219999313354492,15.511446952819824,976000,0.0,0.0
2015-07-17 00:00:00-04:00,17.219999313354492,17.25,17.06999969482422,17.145000457763672,15.443886756896973,917000,0.0,0.0
2015-07-20 00:00:00-04:00,17.149999618530273,17.290000915527344,17.104999542236328,17.235000610351562,15.524954795837402,1623600,0.0,0.0
2015-07-21 00:00:00-04:00,16.889999389648438,17.024999618530273,16.315000534057617,16.5,14.862884521484375,5204200,0.0,0.0
2015-07-22 00:00:00-04:00,16.5049991607666,16.690000534057617,16.5049991607666,16.604999542236328,14.957465171813965,2021000,0.0,0.0
2015-07-23 00:00:00-04:00,16.600000381469727,16.885000228881836,16.600000381469727,16.825000762939453,15.15563678741455,1703800,0.0,0.0
2015-07-24 00:00:00-04:00,16.815000534057617,16.860000610351562,16.670000076293945,16.690000534057617,15.034026145935059,1561600,0.0,0.0
2015-07-27 00:00:00-04:00,16.600000381469727,16.75,16.55500030517578,16.6200008392334,14.970978736877441,1121600,0.0,0.0
2015-07-28 00:00:00-04:00,16.684999465942383,16.684999465942383,16.424999237060547,16.530000686645508,14.889908790588379,1324000,0.0,0.0
2015-07-29 00:00:00-04:00,16.5049991607666,16.764999389648438,16.385000228881836,16.764999389648438,15.101588249206543,1025600,0.0,0.0
2015-07-30 00:00:00-04:00,16.71500015258789,16.80500030517578,16.65999984741211,16.770000457763672,15.106093406677246,734800,0.0,0.0
2015-07-31 00:00:00-04:00,16.809999465942383,16.875,16.709999084472656,16.725000381469727,15.06555461883545,1598800,0.0,0.0
2015-08-03 00:00:00-04:00,16.760000228881836,16.799999237060547,16.6200008392334,16.78499984741211,15.11960506439209,917600,0.0,0.0
2015-08-04 00:00:00-04:00,16.760000228881836,16.934999465942383,16.760000228881836,16.809999465942383,15.142128944396973,887600,0.0,0.0
2015-08-05 00:00:00-04:00,16.834999084472656,16.915000915527344,16.75,16.809999465942383,15.191835403442383,663600,0.055,0.0
2015-08-06 00:00:00-04:00,16.815000534057617,16.924999237060547,16.649999618530273,16.815000534057617,15.196351051330566,1766600,0.0,0.0
2015-08-07 00:00:00-04:00,16.790000915527344,16.809999465942383,16.665000915527344,16.790000915527344,15.173752784729004,1115000,0.0,0.0
2015-08-10 00:00:00-04:00,16.915000915527344,17.125,16.665000915527344,17.059999465942383,15.417762756347656,1352200,0.0,0.0
2015-08-11 00:00:00-04:00,16.93000030517578,17.110000610351562,16.829999923706055,17.024999618530273,15.38613224029541,1213200,0.0,0.0
2015-08-12 00:00:00-04:00,16.920000076293945,17.125,16.700000762939453,16.93000030517578,15.300280570983887,1228600,0.0,0.0
2015-08-13 00:00:00-04:00,16.889999389648438,17.040000915527344,16.684999465942383,17.03499984741211,15.395172119140625,1209000,0.0,0.0
2015-08-14 00:00:00-04:00,17.0049991607666,17.204999923706055,16.889999389648438,17.19499969482422,15.539769172668457,1105600,0.0,0.0
2015-08-17 00:00:00-04:00,17.125,17.235000610351562,17.010000228881836,17.170000076293945,15.517175674438477,1218800,0.0,0.0
2015-08-18 00:00:00-04:00,17.190000534057617,17.295000076293945,16.899999618530273,17.225000381469727,15.566879272460938,904800,0.0,0.0
2015-08-19 00:00:00-04:00,17.184999465942383,17.184999465942383,16.985000610351562,16.985000610351562,15.349981307983398,890600,0.0,0.0
2015-08-20 00:00:00-04:00,16.885000228881836,17.010000228881836,16.645000457763672,16.655000686645508,15.051752090454102,1180400,0.0,0.0
2015-08-21 00:00:00-04:00,16.520000457763672,16.614999771118164,16.334999084472656,16.334999084472656,14.762552261352539,1690400,0.0,0.0
2015-08-24 00:00:00-04:00,15.550000190734863,15.800000190734863,14.835000038146973,15.720000267028809,14.206758499145508,2368800,0.0,0.0
2015-08-25 00:00:00-04:00,15.880000114440918,15.954999923706055,15.449999809265137,15.460000038146973,13.971782684326172,2092000,0.0,0.0
2015-08-26 00:00:00-04:00,15.845000267028809,16.110000610351562,15.600000381469727,16.094999313354492,14.545658111572266,2751000,0.0,0.0
2015-08-27 00:00:00-04:00,16.219999313354492,16.454999923706055,16.075000762939453,16.450000762939453,14.866483688354492,1989400,0.0,0.0
2015-08-28 00:00:00-04:00,16.399999618530273,16.424999237060547,16.100000381469727,16.19499969482422,14.636031150817871,1586000,0.0,0.0
2015-08-31 00:00:00-04:00,16.165000915527344,16.170000076293945,16.010000228881836,16.030000686645508,14.48691177368164,1350400,0.0,0.0
2015-09-01 00:00:00-04:00,15.795000076293945,15.84000015258789,15.545000076293945,15.579999923706055,14.08023452758789,2035800,0.0,0.0
2015-09-02 00:00:00-04:00,15.829999923706055,15.96500015258789,15.550000190734863,15.779999732971191,14.260979652404785,1084800,0.0,0.0
2015-09-03 00:00:00-04:00,15.824999809265137,15.899999618530273,15.765000343322754,15.795000076293945,14.274537086486816,767800,0.0,0.0
2015-09-04 00:00:00-04:00,15.630000114440918,15.670000076293945,15.489999771118164,15.569999694824219,14.07119369506836,689600,0.0,0.0
2015-09-08 00:00:00-04:00,15.869999885559082,15.9350004196167,15.75,15.90999984741211,14.378469467163086,1056200,0.0,0.0
2015-09-09 00:00:00-04:00,16.024999618530273,16.125,15.835000038146973,15.850000381469727,14.324240684509277,1022400,0.0,0.0
2015-09-10 00:00:00-04:00,15.835000038146973,15.979999542236328,15.795000076293945,15.84000015258789,14.315202713012695,827400,0.0,0.0
2015-09-11 00:00:00-04:00,15.78499984741211,16.045000076293945,15.725000381469727,15.895000457763672,14.364910125732422,772200,0.0,0.0
2015-09-14 00:00:00-04:00,15.904999732971191,15.949999809265137,15.829999923706055,15.880000114440918,14.351353645324707,767200,0.0,0.0
2015-09-15 00:00:00-04:00,15.869999885559082,16.084999084472656,15.75,16.024999618530273,14.482399940490723,1494200,0.0,0.0
2015-09-16 00:00:00-04:00,16.010000228881836,16.239999771118164,15.920000076293945,16.21500015258789,14.654105186462402,962400,0.0,0.0
2015-09-17 00:00:00-04:00,16.229999542236328,16.3700008392334,16.135000228881836,16.149999618530273,14.59536361694336,1273800,0.0,0.0
2015-09-18 00:00:00-04:00,15.989999771118164,15.989999771118164,15.59000015258789,15.694999694824219,14.184163093566895,2759400,0.0,0.0
2015-09-21 00:00:00-04:00,15.770000457763672,15.960000038146973,15.760000228881836,15.875,14.346834182739258,1129000,0.0,0.0
2015-09-22 00:00:00-04:00,15.670000076293945,15.789999961853027,15.625,15.699999809265137,14.188678741455078,1454800,0.0,0.0
2015-09-23 00:00:00-04:00,15.734999656677246,15.734999656677246,15.5649995803833,15.609999656677246,14.107341766357422,1241800,0.0,0.0
2015-09-24 00:00:00-04:00,15.484999656677246,15.824999809265137,15.4350004196167,15.59000015258789,14.089272499084473,1959200,0.0,0.0
2015-09-25 00:00:00-04:00,15.744999885559082,15.779999732971191,15.5600004196167,15.640000343322754,14.1344575881958,1013000,0.0,0.0
2015-09-28 00:00:00-04:00,15.545000076293945,15.625,15.3149995803833,15.369999885559082,13.89044189453125,1288400,0.0,0.0
2015-09-29 00:00:00-04:00,15.375,15.425000190734863,15.239999771118164,15.369999885559082,13.89044189453125,1569600,0.0,0.0
2015-09-30 00:00:00-04:00,15.510000228881836,15.510000228881836,15.289999961853027,15.484999656677246,13.994379043579102,1994400,0.0,0.0
2015-10-01 00:00:00-04:00,15.454999923706055,15.8149995803833,15.34000015258789,15.454999923706055,13.967263221740723,1879000,0.0,0.0
2015-10-02 00:00:00-04:00,15.274999618530273,15.604999542236328,15.194999694824219,15.545000076293945,14.048602104187012,1486200,0.0,0.0
2015-10-05 00:00:00-04:00,15.625,15.8100004196167,15.579999923706055,15.774999618530273,14.256461143493652,2016000,0.0,0.0
2015-10-06 00:00:00-04:00,15.755000114440918,15.845000267028809,15.444999694824219,15.75,14.233868598937988,1326400,0.0,0.0
2015-10-07 00:00:00-04:00,15.78499984741211,15.994999885559082,15.699999809265137,15.920000076293945,14.38750171661377,1337200,0.0,0.0
2015-10-08 00:00:00-04:00,15.895000457763672,16.020000457763672,15.800000190734863,15.960000038146973,14.42365550994873,899000,0.0,0.0
2015-10-09 00:00:00-04:00,15.984999656677246,16.05500030517578,15.895000457763672,15.984999656677246,14.446247100830078,1175400,0.0,0.0
2015-10-12 00:00:00-04:00,15.989999771118164,16.010000228881836,15.864999771118164,15.869999885559082,14.342314720153809,1151000,0.0,0.0
2015-10-13 00:00:00-04:00,15.789999961853027,15.880000114440918,15.725000381469727,15.734999656677246,14.22031307220459,1204600,0.0,0.0
2015-10-14 00:00:00-04:00,15.585000038146973,15.654999732971191,15.194999694824219,15.454999923706055,13.967263221740723,1878600,0.0,0.0
2015-10-15 00:00:00-04:00,15.53499984741211,15.625,15.4399995803833,15.604999542236328,14.102824211120605,1274600,0.0,0.0
2015-10-16 00:00:00-04:00,15.65999984741211,15.699999809265137,15.550000190734863,15.65999984741211,14.152527809143066,1094600,0.0,0.0
2015-10-19 00:00:00-04:00,15.635000228881836,15.850000381469727,15.585000038146973,15.630000114440918,14.125415802001953,1620200,0.0,0.0
2015-10-20 00:00:00-04:00,15.574999809265137,15.944999694824219,15.220000267028809,15.5649995803833,14.06667709350586,3288200,0.0,0.0
2015-10-21 00:00:00-04:00,15.619999885559082,15.774999618530273,15.475000381469727,15.515000343322754,14.021489143371582,2330200,0.0,0.0
2015-10-22 00:00:00-04:00,15.59000015258789,15.880000114440918,15.59000015258789,15.805000305175781,14.283573150634766,1165400,0.0,0.0
2015-10-23 00:00:00-04:00,15.904999732971191,16.045000076293945,15.805000305175781,16.024999618530273,14.482399940490723,1058800,0.0,0.0
2015-10-26 00:00:00-04:00,16.05500030517578,16.104999542236328,15.949999809265137,16.0049991607666,14.46431827545166,836000,0.0,0.0
2015-10-27 00:00:00-04:00,15.920000076293945,16.0,15.734999656677246,15.819999694824219,14.297124862670898,1539000,0.0,0.0
2015-10-28 00:00:00-04:00,15.895000457763672,16.290000915527344,15.84000015258789,16.28499984741211,14.71737003326416,2082400,0.0,0.0
2015-10-29 00:00:00-04:00,16.229999542236328,16.354999542236328,16.174999237060547,16.315000534057617,14.744479179382324,1255800,0.0,0.0
2015-10-30 00:00:00-04:00,16.309999465942383,16.31999969482422,16.104999542236328,16.135000228881836,14.581806182861328,1160400,0.0,0.0
2015-11-02 00:00:00-05:00,16.075000762939453,16.209999084472656,16.0049991607666,16.200000762939453,14.696566581726074,1162400,0.0615,0.0
2015-11-03 00:00:00-05:00,16.165000915527344,16.235000610351562,16.094999313354492,16.1299991607666,14.633066177368164,1433200,0.0,0.0
2015-11-04 00:00:00-05:00,16.145000457763672,16.280000686645508,16.05500030517578,16.079999923706055,14.587701797485352,818600,0.0,0.0
2015-11-05 00:00:00-05:00,16.100000381469727,16.135000228881836,16.024999618530273,16.065000534057617,14.574094772338867,734400,0.0,0.0
2015-11-06 00:00:00-05:00,16.15999984741211,16.5,15.954999923706055,16.05500030517578,14.565023422241211,1632400,0.0,0.0
2015-11-09 00:00:00-05:00,16.030000686645508,16.209999084472656,15.824999809265137,15.90999984741211,14.43348217010498,952400,0.0,0.0
2015-11-10 00:00:00-05:00,15.899999618530273,15.989999771118164,15.850000381469727,15.989999771118164,14.50605583190918,1053400,0.0,0.0
2015-11-11 00:00:00-05:00,16.03499984741211,16.125,15.975000381469727,16.049999237060547,14.560484886169434,867400,0.0,0.0
2015-11-12 00:00:00-05:00,15.970000267028809,16.100000381469727,15.90999984741211,15.914999961853027,14.43801498413086,1423800,0.0,0.0
2015-11-13 00:00:00-05:00,15.875,15.925000190734863,15.635000228881836,15.670000076293945,14.215751647949219,1281800,0.0,0.0
2015-11-16 00:00:00-05:00,15.630000114440918,15.845000267028809,15.625,15.845000267028809,14.374513626098633,888400,0.0,0.0
2015-11-17 00:00:00-05:00,15.845000267028809,15.954999923706055,15.774999618530273,15.779999732971191,14.315545082092285,876200,0.0,0.0
2015-11-18 00:00:00-05:00,15.805000305175781,16.1200008392334,15.789999961853027,16.084999084472656,14.592239379882812,1509200,0.0,0.0
2015-11-19 00:00:00-05:00,16.059999465942383,16.155000686645508,15.984999656677246,16.1200008392334,14.623991012573242,963200,0.0,0.0
2015-11-20 00:00:00-05:00,16.18000030517578,16.344999313354492,16.18000030517578,16.290000915527344,14.778215408325195,688400,0.0,0.0
2015-11-23 00:00:00-05:00,16.280000686645508,16.424999237060547,16.18000030517578,16.21500015258789,14.710175514221191,892400,0.0,0.0
2015-11-24 00:00:00-05:00,16.139999389648438,16.325000762939453,16.114999771118164,16.25,14.741926193237305,1072400,0.0,0.0
2015-11-25 00:00:00-05:00,16.264999389648438,16.329999923706055,16.155000686645508,16.19499969482422,14.692034721374512,552000,0.0,0.0
2015-11-27 00:00:00-05:00,16.204999923706055,16.2450008392334,16.100000381469727,16.200000762939453,14.696566581726074,297400,0.0,0.0
2015-11-30 00:00:00-05:00,16.235000610351562,16.295000076293945,16.1299991607666,16.229999542236328,14.723784446716309,1167600,0.0,0.0
2015-12-01 00:00:00-05:00,16.274999618530273,16.399999618530273,16.239999771118164,16.399999618530273,14.878007888793945,816800,0.0,0.0
2015-12-02 00:00:00-05:00,16.399999618530273,16.454999923706055,16.334999084472656,16.360000610351562,14.841718673706055,775400,0.0,0.0
2015-12-03 00:00:00-05:00,16.395000457763672,16.424999237060547,16.114999771118164,16.18000030517578,14.678425788879395,981800,0.0,0.0
2015-12-04 00:00:00-05:00,16.200000762939453,16.530000686645508,16.184999465942383,16.510000228881836,14.97779655456543,580400,0.0,0.0
2015-12-07 00:00:00-05:00,16.459999084472656,16.545000076293945,16.424999237060547,16.53499984741211,15.000479698181152,790400,0.0,0.0
2015-12-08 00:00:00-05:00,16.405000686645508,16.475000381469727,16.114999771118164,16.30500030517578,14.791820526123047,1088600,0.0,0.0
2015-12-09 00:00:00-05:00,16.21500015258789,16.399999618530273,16.049999237060547,16.1299991607666,14.633066177368164,1143800,0.0,0.0
2015-12-10 00:00:00-05:00,16.155000686645508,16.170000076293945,16.05500030517578,16.084999084472656,14.592239379882812,983600,0.0,0.0
2015-12-11 00:00:00-05:00,15.9350004196167,16.165000915527344,15.895000457763672,16.010000228881836,14.524201393127441,1225200,0.0,0.0
2015-12-14 00:00:00-05:00,16.014999389648438,16.15999984741211,15.880000114440918,15.954999923706055,14.474305152893066,1317600,0.0,0.0
2015-12-15 00:00:00-05:00,16.079999923706055,16.274999618530273,16.079999923706055,16.204999923706055,14.701099395751953,819600,0.0,0.0
2015-12-16 00:00:00-05:00,16.270000457763672,16.270000457763672,15.885000228881836,16.079999923706055,14.587701797485352,1428000,0.0,0.0
2015-12-17 00:00:00-05:00,16.114999771118164,16.125,15.765000343322754,15.829999923706055,14.360906600952148,1071000,0.0,0.0
2015-12-18 00:00:00-05:00,15.739999771118164,15.78499984741211,15.5649995803833,15.625,14.17492961883545,2713400,0.0,0.0
2015-12-21 00:00:00-05:00,15.694999694824219,15.824999809265137,15.59000015258789,15.8149995803833,14.347296714782715,1632400,0.0,0.0
2015-12-22 00:00:00-05:00,15.869999885559082,15.869999885559082,15.510000228881836,15.84000015258789,14.369976997375488,1046000,0.0,0.0
2015-12-23 00:00:00-05:00,15.899999618530273,16.045000076293945,15.8100004196167,16.03499984741211,14.546876907348633,1022000,0.0,0.0
2015-12-24 00:00:00-05:00,16.014999389648438,16.100000381469727,15.925000190734863,16.040000915527344,14.551416397094727,358200,0.0,0.0
2015-12-28 00:00:00-05:00,15.994999885559082,16.06999969482422,15.914999961853027,16.059999465942383,14.569561958312988,775800,0.0,0.0
2015-12-29 00:00:00-05:00,16.125,16.290000915527344,16.079999923706055,16.225000381469727,14.719244956970215,760600,0.0,0.0
2015-12-30 00:00:00-05:00,16.21500015258789,16.274999618530273,16.135000228881836,16.170000076293945,14.669349670410156,596600,0.0,0.0
2015-12-31 00:00:00-05:00,16.125,16.334999084472656,16.049999237060547,16.049999237060547,14.560484886169434,930800,0.0,0.0
2016-01-04 00:00:00-05:00,15.835000038146973,15.835000038146973,15.65999984741211,15.8149995803833,14.347296714782715,1395400,0.0,0.0
2016-01-05 00:00:00-05:00,15.8149995803833,16.0,15.774999618530273,15.96500015258789,14.483377456665039,1508600,0.0,0.0
2016-01-06 00:00:00-05:00,15.739999771118164,15.835000038146973,15.604999542236328,15.6899995803833,14.23390007019043,964200,0.0,0.0
2016-01-07 00:00:00-05:00,14.864999771118164,15.289999961853027,14.864999771118164,15.220000267028809,13.807515144348145,3214200,0.0,0.0
2016-01-08 00:00:00-05:00,15.21500015258789,15.345000267028809,15.074999809265137,15.100000381469727,13.698652267456055,1297600,0.0,0.0
2016-01-11 00:00:00-05:00,15.154999732971191,15.210000038146973,14.994999885559082,15.154999732971191,13.748550415039062,1071000,0.0,0.0
2016-01-12 00:00:00-05:00,15.260000228881836,15.274999618530273,15.010000228881836,15.194999694824219,13.784834861755371,920400,0.0,0.0
2016-01-13 00:00:00-05:00,15.274999618530273,15.324999809265137,14.880000114440918,14.949999809265137,13.56257152557373,1277000,0.0,0.0
2016-01-14 00:00:00-05:00,14.989999771118164,15.319999694824219,14.9350004196167,15.239999771118164,13.825658798217773,1089600,0.0,0.0
2016-01-15 00:00:00-05:00,14.925000190734863,15.015000343322754,14.795000076293945,14.9350004196167,13.548961639404297,1438600,0.0,0.0
2016-01-19 00:00:00-05:00,15.074999809265137,15.25,14.8149995803833,14.819999694824219,13.4446382522583,1615400,0.0,0.0
2016-01-20 00:00:00-05:00,14.600000381469727,14.6850004196167,14.204999923706055,14.550000190734863,13.19969654083252,2339200,0.0,0.0
2016-01-21 00:00:00-05:00,14.579999923706055,14.725000381469727,14.479999542236328,14.5600004196167,13.208769798278809,1310400,0.0,0.0
2016-01-22 00:00:00-05:00,14.729999542236328,14.789999961853027,14.579999923706055,14.699999809265137,13.335775375366211,2108600,0.0,0.0
2016-01-25 00:00:00-05:00,14.640000343322754,14.729999542236328,14.390000343322754,14.4350004196167,13.095370292663574,2611400,0.0,0.0
2016-01-26 00:00:00-05:00,14.649999618530273,15.0600004196167,14.539999961853027,14.854999542236328,13.476385116577148,3423000,0.0,0.0
2016-01-27 00:00:00-05:00,14.505000114440918,14.774999618530273,14.28499984741211,14.53499984741211,13.186086654663086,2546600,0.0,0.0
2016-01-28 00:00:00-05:00,14.640000343322754,14.65999984741211,14.505000114440918,14.609999656677246,13.25412654876709,1001200,0.0,0.0
2016-01-29 00:00:00-05:00,14.680000305175781,15.135000228881836,14.630000114440918,15.125,13.721331596374512,2254200,0.0,0.0
2016-02-01 00:00:00-05:00,15.024999618530273,15.270000457763672,14.90999984741211,15.234999656677246,13.877553939819336,1996800,0.0615,0.0
2016-02-02 00:00:00-05:00,15.0649995803833,15.1899995803833,14.954999923706055,15.130000114440918,13.781907081604004,2467400,0.0,0.0
2016-02-03 00:00:00-05:00,15.204999923706055,15.395000457763672,15.024999618530273,15.380000114440918,14.00963020324707,3327400,0.0,0.0
2016-02-04 00:00:00-05:00,15.329999923706055,15.75,15.329999923706055,15.71500015258789,14.31478214263916,4169000,0.0,0.0
2016-02-05 00:00:00-05:00,15.704999923706055,15.850000381469727,15.6850004196167,15.75,14.346663475036621,2046000,0.0,0.0
2016-02-08 00:00:00-05:00,15.550000190734863,15.920000076293945,15.175000190734863,15.869999885559082,14.455970764160156,2449400,0.0,0.0
2016-02-09 00:00:00-05:00,15.720000267028809,15.994999885559082,15.720000267028809,15.779999732971191,14.373991966247559,1456400,0.0,0.0
2016-02-10 00:00:00-05:00,15.84000015258789,16.030000686645508,15.614999771118164,15.614999771118164,14.22369384765625,1393000,0.0,0.0
2016-02-11 00:00:00-05:00,15.319999694824219,15.654999732971191,15.319999694824219,15.524999618530273,14.141715049743652,1879600,0.0,0.0
2016-02-12 00:00:00-05:00,15.6899995803833,15.720000267028809,15.579999923706055,15.6850004196167,14.287457466125488,1071000,0.0,0.0
2016-02-16 00:00:00-05:00,15.84000015258789,15.84000015258789,15.6850004196167,15.694999694824219,14.296566009521484,1427000,0.0,0.0
2016-02-17 00:00:00-05:00,15.819999694824219,15.819999694824219,15.704999923706055,15.739999771118164,14.337554931640625,1231200,0.0,0.0
2016-02-18 00:00:00-05:00,15.734999656677246,15.859999656677246,15.699999809265137,15.789999961853027,14.383097648620605,1274600,0.0,0.0
2016-02-19 00:00:00-05:00,15.6899995803833,15.770000457763672,15.664999961853027,15.739999771118164,14.337554931640625,835800,0.0,0.0
2016-02-22 00:00:00-05:00,15.890000343322754,15.979999542236328,15.8149995803833,15.930000305175781,14.510625839233398,1117400,0.0,0.0
2016-02-23 00:00:00-05:00,15.880000114440918,16.045000076293945,15.854999542236328,15.904999732971191,14.48785400390625,1454200,0.0,0.0
2016-02-24 00:00:00-05:00,15.755000114440918,15.9399995803833,15.6899995803833,15.885000228881836,14.46963882446289,919200,0.0,0.0
2016-02-25 00:00:00-05:00,15.914999961853027,16.040000915527344,15.859999656677246,16.040000915527344,14.610824584960938,923600,0.0,0.0
2016-02-26 00:00:00-05:00,16.100000381469727,16.295000076293945,16.049999237060547,16.225000381469727,14.779341697692871,1318600,0.0,0.0
2016-02-29 00:00:00-05:00,16.209999084472656,16.40999984741211,16.155000686645508,16.155000686645508,14.715577125549316,1105400,0.0,0.0
2016-03-01 00:00:00-05:00,16.260000228881836,16.4950008392334,16.184999465942383,16.440000534057617,14.97518539428711,908200,0.0,0.0
2016-03-02 00:00:00-05:00,16.40999984741211,16.489999771118164,16.329999923706055,16.489999771118164,15.020731925964355,787800,0.0,0.0
2016-03-03 00:00:00-05:00,16.450000762939453,16.53499984741211,16.40999984741211,16.530000686645508,15.057168006896973,817400,0.0,0.0
2016-03-04 00:00:00-05:00,16.5,16.825000762939453,16.434999465942383,16.815000534057617,15.31677532196045,1852600,0.0,0.0
2016-03-07 00:00:00-05:00,16.71500015258789,16.895000457763672,16.635000228881836,16.895000457763672,15.389639854431152,1039000,0.0,0.0
2016-03-08 00:00:00-05:00,16.799999237060547,16.809999465942383,16.610000610351562,16.69499969482422,15.207459449768066,845400,0.0,0.0
2016-03-09 00:00:00-05:00,16.735000610351562,16.899999618530273,16.69499969482422,16.889999389648438,15.385089874267578,1400800,0.0,0.0
2016-03-10 00:00:00-05:00,16.950000762939453,16.989999771118164,16.704999923706055,16.90999984741211,15.403308868408203,1144600,0.0,0.0
2016-03-11 00:00:00-05:00,17.0,17.190000534057617,16.915000915527344,17.18000030517578,15.649253845214844,1598000,0.0,0.0
2016-03-14 00:00:00-04:00,17.149999618530273,17.264999389648438,16.8799991607666,17.139999389648438,15.612811088562012,1536800,0.0,0.0
2016-03-15 00:00:00-04:00,17.03499984741211,17.235000610351562,17.020000457763672,17.209999084472656,15.6765775680542,832400,0.0,0.0
2016-03-16 00:00:00-04:00,17.1200008392334,17.239999771118164,17.1200008392334,17.174999237060547,15.644694328308105,1289000,0.0,0.0
2016-03-17 00:00:00-04:00,17.200000762939453,17.600000381469727,17.135000228881836,17.514999389648438,15.954399108886719,1269600,0.0,0.0
2016-03-18 00:00:00-04:00,17.604999542236328,17.719999313354492,17.485000610351562,17.600000381469727,16.03183364868164,3540800,0.0,0.0
2016-03-21 00:00:00-04:00,17.68000030517578,17.799999237060547,17.655000686645508,17.68000030517578,16.10469627380371,1431000,0.0,0.0
2016-03-22 00:00:00-04:00,17.6299991607666,17.799999237060547,17.56999969482422,17.735000610351562,16.154804229736328,1102600,0.0,0.0
2016-03-23 00:00:00-04:00,17.725000381469727,17.725000381469727,17.524999618530273,17.524999618530273,15.963504791259766,985600,0.0,0.0
2016-03-24 00:00:00-04:00,17.450000762939453,17.6200008392334,17.395000457763672,17.610000610351562,16.040939331054688,1247400,0.0,0.0
2016-03-28 00:00:00-04:00,17.65999984741211,17.735000610351562,17.604999542236328,17.674999237060547,16.10015106201172,809000,0.0,0.0
2016-03-29 00:00:00-04:00,17.65999984741211,17.834999084472656,17.575000762939453,17.829999923706055,16.241342544555664,1378800,0.0,0.0
2016-03-30 00:00:00-04:00,17.875,17.90999984741211,17.78499984741211,17.815000534057617,16.227670669555664,745000,0.0,0.0
2016-03-31 00:00:00-04:00,17.815000534057617,17.954999923706055,17.770000457763672,17.899999618530273,16.305089950561523,1010800,0.0,0.0
2016-04-01 00:00:00-04:00,17.7450008392334,17.834999084472656,17.7450008392334,17.80500030517578,16.218563079833984,1707800,0.0,0.0
2016-04-04 00:00:00-04:00,17.815000534057617,17.885000228881836,17.690000534057617,17.71500015258789,16.136581420898438,1114600,0.0,0.0
2016-04-05 00:00:00-04:00,17.545000076293945,17.700000762939453,17.4950008392334,17.514999389648438,15.954399108886719,1248200,0.0,0.0
2016-04-06 00:00:00-04:00,17.489999771118164,17.594999313354492,17.44499969482422,17.530000686645508,15.968073844909668,1247600,0.0,0.0
2016-04-07 00:00:00-04:00,17.450000762939453,17.485000610351562,17.21500015258789,17.325000762939453,15.781327247619629,1306000,0.0,0.0
2016-04-08 00:00:00-04:00,17.469999313354492,17.5049991607666,17.295000076293945,17.31999969482422,15.776778221130371,607800,0.0,0.0
2016-04-11 00:00:00-04:00,17.415000915527344,17.584999084472656,17.360000610351562,17.3700008392334,15.822325706481934,1125800,0.0,0.0
2016-04-12 00:00:00-04:00,17.40999984741211,17.545000076293945,17.329999923706055,17.530000686645508,15.968073844909668,993400,0.0,0.0
2016-04-13 00:00:00-04:00,17.635000228881836,17.7549991607666,17.549999237060547,17.75,16.168466567993164,1095600,0.0,0.0
2016-04-14 00:00:00-04:00,17.799999237060547,17.860000610351562,17.700000762939453,17.760000228881836,16.177562713623047,1548000,0.0,0.0
2016-04-15 00:00:00-04:00,17.764999389648438,17.809999465942383,17.65999984741211,17.760000228881836,16.177562713623047,1704200,0.0,0.0
2016-04-18 00:00:00-04:00,17.75,18.014999389648438,17.704999923706055,18.0,16.396188735961914,2277400,0.0,0.0
2016-04-19 00:00:00-04:00,17.315000534057617,17.5,17.114999771118164,17.25,15.713010787963867,4375600,0.0,0.0
2016-04-20 00:00:00-04:00,17.25,17.364999771118164,17.149999618530273,17.31999969482422,15.776778221130371,1973800,0.0,0.0
2016-04-21 00:00:00-04:00,17.280000686645508,17.424999237060547,17.139999389648438,17.149999618530273,15.621920585632324,1222600,0.0,0.0
2016-04-22 00:00:00-04:00,17.145000457763672,17.350000381469727,17.145000457763672,17.344999313354492,15.799551963806152,1506800,0.0,0.0
2016-04-25 00:00:00-04:00,17.325000762939453,17.5,17.260000228881836,17.5,15.940743446350098,1580400,0.0,0.0
2016-04-26 00:00:00-04:00,17.454999923706055,17.65999984741211,17.440000534057617,17.655000686645508,16.081926345825195,1442800,0.0,0.0
2016-04-27 00:00:00-04:00,17.635000228881836,17.7450008392334,17.510000228881836,17.6200008392334,16.050048828125,1067000,0.0,0.0
2016-04-28 00:00:00-04:00,17.510000228881836,17.579999923706055,17.424999237060547,17.469999313354492,15.913409233093262,1300000,0.0,0.0
2016-04-29 00:00:00-04:00,17.360000610351562,17.59000015258789,17.31999969482422,17.55500030517578,15.990833282470703,2345200,0.0,0.0
2016-05-02 00:00:00-04:00,17.614999771118164,17.7549991607666,17.579999923706055,17.75,16.168466567993164,1215200,0.0,0.0
2016-05-03 00:00:00-04:00,17.6200008392334,17.690000534057617,17.475000381469727,17.670000076293945,16.0955867767334,1101400,0.0,0.0
2016-05-04 00:00:00-04:00,17.510000228881836,17.6299991607666,17.44499969482422,17.594999313354492,16.02727699279785,1438000,0.0,0.0
2016-05-05 00:00:00-04:00,17.549999237060547,17.684999465942383,17.510000228881836,17.565000534057617,16.056074142456055,1174600,0.0615,0.0
2016-05-06 00:00:00-04:00,17.5,17.55500030517578,17.389999389648438,17.44499969482422,15.946379661560059,1750200,0.0,0.0
2016-05-09 00:00:00-04:00,17.395000457763672,17.575000762939453,17.395000457763672,17.575000762939453,16.06521224975586,1165400,0.0,0.0
2016-05-10 00:00:00-04:00,17.649999618530273,17.770000457763672,17.600000381469727,17.770000457763672,16.24346160888672,1106800,0.0,0.0
2016-05-11 00:00:00-04:00,17.69499969482422,17.825000762939453,17.575000762939453,17.594999313354492,16.083498001098633,1231600,0.0,0.0
2016-05-12 00:00:00-04:00,17.65999984741211,17.7450008392334,17.56999969482422,17.645000457763672,16.12919807434082,1617400,0.0,0.0
2016-05-13 00:00:00-04:00,17.625,17.645000457763672,17.479999542236328,17.565000534057617,16.056074142456055,1957200,0.0,0.0
2016-05-16 00:00:00-04:00,17.549999237060547,17.790000915527344,17.549999237060547,17.709999084472656,16.18861198425293,1043400,0.0,0.0
2016-05-17 00:00:00-04:00,17.690000534057617,17.764999389648438,17.420000076293945,17.530000686645508,16.024085998535156,1220800,0.0,0.0
2016-05-18 00:00:00-04:00,17.510000228881836,17.764999389648438,17.450000762939453,17.68000030517578,16.16118621826172,1227000,0.0,0.0
2016-05-19 00:00:00-04:00,17.584999084472656,17.635000228881836,17.440000534057617,17.575000762939453,16.06521224975586,920200,0.0,0.0
2016-05-20 00:00:00-04:00,17.610000610351562,17.690000534057617,17.524999618530273,17.600000381469727,16.08806800842285,1483200,0.0,0.0
2016-05-23 00:00:00-04:00,17.604999542236328,17.610000610351562,17.489999771118164,17.530000686645508,16.024085998535156,872400,0.0,0.0
2016-05-24 00:00:00-04:00,17.594999313354492,17.799999237060547,17.584999084472656,17.799999237060547,16.2708797454834,1683400,0.0,0.0
2016-05-25 00:00:00-04:00,17.84000015258789,17.975000381469727,17.78499984741211,17.875,16.339433670043945,1145800,0.0,0.0
2016-05-26 00:00:00-04:00,17.875,17.9950008392334,17.825000762939453,17.93000030517578,16.389707565307617,1485400,0.0,0.0
2016-05-27 00:00:00-04:00,17.915000915527344,17.989999771118164,17.860000610351562,17.985000610351562,16.439992904663086,1248800,0.0,0.0
2016-05-31 00:00:00-04:00,18.0,18.165000915527344,17.975000381469727,18.030000686645508,16.481121063232422,1171600,0.0,0.0
2016-06-01 00:00:00-04:00,17.920000076293945,18.010000228881836,17.864999771118164,18.010000228881836,16.462841033935547,1089400,0.0,0.0
2016-06-02 00:00:00-04:00,17.989999771118164,18.079999923706055,17.924999237060547,18.079999923706055,16.526824951171875,768400,0.0,0.0
2016-06-03 00:00:00-04:00,18.020000457763672,18.059999465942383,17.8700008392334,17.989999771118164,16.44455909729004,852200,0.0,0.0
2016-06-06 00:00:00-04:00,17.989999771118164,18.114999771118164,17.989999771118164,18.079999923706055,16.526824951171875,706400,0.0,0.0
2016-06-07 00:00:00-04:00,18.104999542236328,18.200000762939453,18.104999542236328,18.15999984741211,16.599956512451172,877200,0.0,0.0
2016-06-08 00:00:00-04:00,18.139999389648438,18.239999771118164,18.1200008392334,18.204999923706055,16.641090393066406,1348600,0.0,0.0
2016-06-09 00:00:00-04:00,18.165000915527344,18.30500030517578,18.125,18.28499984741211,16.714216232299805,598400,0.0,0.0
2016-06-10 00:00:00-04:00,18.15999984741211,18.274999618530273,18.145000457763672,18.204999923706055,16.641090393066406,855400,0.0,0.0
2016-06-13 00:00:00-04:00,18.174999237060547,18.209999084472656,17.975000381469727,17.9950008392334,16.449129104614258,699400,0.0,0.0
2016-06-14 00:00:00-04:00,17.940000534057617,18.0049991607666,17.844999313354492,17.875,16.339433670043945,721200,0.0,0.0
2016-06-15 00:00:00-04:00,17.885000228881836,17.920000076293945,17.739999771118164,17.774999618530273,16.248027801513672,981200,0.0,0.0
2016-06-16 00:00:00-04:00,17.65999984741211,17.84000015258789,17.6299991607666,17.834999084472656,16.302871704101562,905200,0.0,0.0
2016-06-17 00:00:00-04:00,17.790000915527344,17.864999771118164,17.674999237060547,17.80500030517578,16.275453567504883,1765600,0.0,0.0
2016-06-20 00:00:00-04:00,17.989999771118164,18.100000381469727,17.950000762939453,17.975000381469727,16.43084716796875,900000,0.0,0.0
2016-06-21 00:00:00-04:00,17.975000381469727,18.19499969482422,17.975000381469727,18.15999984741211,16.599956512451172,1284400,0.0,0.0
2016-06-22 00:00:00-04:00,18.18000030517578,18.264999389648438,18.114999771118164,18.174999237060547,16.613666534423828,761600,0.0,0.0
2016-06-23 00:00:00-04:00,18.344999313354492,18.4950008392334,18.329999923706055,18.489999771118164,16.9016056060791,1060200,0.0,0.0
2016-06-24 00:00:00-04:00,17.834999084472656,18.05500030517578,17.770000457763672,17.80500030517578,16.275453567504883,2187800,0.0,0.0
2016-06-27 00:00:00-04:00,17.639999389648438,17.655000686645508,17.350000381469727,17.40999984741211,15.91438102722168,1793600,0.0,0.0
2016-06-28 00:00:00-04:00,17.135000228881836,17.915000915527344,17.135000228881836,17.895000457763672,16.357717514038086,1816800,0.0,0.0
2016-06-29 00:00:00-04:00,18.024999618530273,18.280000686645508,18.020000457763672,18.2450008392334,16.677658081054688,1207800,0.0,0.0
2016-06-30 00:00:00-04:00,18.31999969482422,18.7450008392334,18.270000457763672,18.735000610351562,17.125560760498047,1968200,0.0,0.0
2016-07-01 00:00:00-04:00,18.729999542236328,18.75,18.459999084472656,18.549999237060547,16.95644760131836,1633600,0.0,0.0
2016-07-05 00:00:00-04:00,18.420000076293945,18.5,18.295000076293945,18.354999542236328,16.7782039642334,1687000,0.0,0.0
2016-07-06 00:00:00-04:00,18.235000610351562,18.479999542236328,18.235000610351562,18.459999084472656,16.87418556213379,1079400,0.0,0.0
2016-07-07 00:00:00-04:00,18.5,18.549999237060547,18.354999542236328,18.395000457763672,16.814762115478516,789600,0.0,0.0
2016-07-08 00:00:00-04:00,18.520000457763672,18.690000534057617,18.475000381469727,18.670000076293945,17.06614112854004,1569800,0.0,0.0
2016-07-11 00:00:00-04:00,18.7549991607666,18.760000228881836,18.489999771118164,18.489999771118164,16.9016056060791,2426400,0.0,0.0
2016-07-12 00:00:00-04:00,18.549999237060547,18.625,18.420000076293945,18.450000762939453,16.865047454833984,1718600,0.0,0.0
2016-07-13 00:00:00-04:00,18.514999389648438,18.514999389648438,18.25,18.260000228881836,16.691364288330078,3159000,0.0,0.0
2016-07-14 00:00:00-04:00,18.395000457763672,18.395000457763672,17.989999771118164,18.049999237060547,16.499401092529297,3441200,0.0,0.0
2016-07-15 00:00:00-04:00,18.125,18.125,17.94499969482422,18.020000457763672,16.47197723388672,2147400,0.0,0.0
2016-07-18 00:00:00-04:00,18.040000915527344,18.059999465942383,17.905000686645508,17.950000762939453,16.40799903869629,2061600,0.0,0.0
2016-07-19 00:00:00-04:00,18.709999084472656,18.940000534057617,18.350000381469727,18.704999923706055,17.098134994506836,5752600,0.0,0.0
2016-07-20 00:00:00-04:00,18.829999923706055,18.829999923706055,18.625,18.625,17.025005340576172,2151000,0.0,0.0
2016-07-21 00:00:00-04:00,18.639999389648438,18.68000030517578,18.43000030517578,18.44499969482422,16.860471725463867,1609400,0.0,0.0
2016-07-22 00:00:00-04:00,18.524999618530273,18.575000762939453,18.3700008392334,18.53499984741211,16.9427490234375,1535800,0.0,0.0
2016-07-25 00:00:00-04:00,18.59000015258789,18.635000228881836,18.479999542236328,18.55500030517578,16.961023330688477,884800,0.0,0.0
2016-07-26 00:00:00-04:00,18.540000915527344,18.645000457763672,18.450000762939453,18.485000610351562,16.897031784057617,1156600,0.0,0.0
2016-07-27 00:00:00-04:00,18.475000381469727,18.520000457763672,18.399999618530273,18.415000915527344,16.833044052124023,1112600,0.0,0.0
2016-07-28 00:00:00-04:00,18.399999618530273,18.475000381469727,18.334999084472656,18.420000076293945,16.837617874145508,1234200,0.0,0.0
2016-07-29 00:00:00-04:00,18.389999389648438,18.40999984741211,18.225000381469727,18.329999923706055,16.755352020263672,1069600,0.0,0.0
2016-08-01 00:00:00-04:00,18.309999465942383,18.40999984741211,18.270000457763672,18.309999465942383,16.73706817626953,942600,0.0,0.0
2016-08-02 00:00:00-04:00,18.299999237060547,18.344999313354492,18.229999542236328,18.2450008392334,16.677658081054688,1178000,0.0,0.0
2016-08-03 00:00:00-04:00,18.270000457763672,18.334999084472656,18.190000534057617,18.299999237060547,16.72792625427246,1242600,0.0,0.0
2016-08-04 00:00:00-04:00,18.30500030517578,18.354999542236328,18.25,18.25,16.682222366333008,618600,0.0,0.0
2016-08-05 00:00:00-04:00,18.334999084472656,18.44499969482422,18.274999618530273,18.424999237060547,16.899133682250977,1318200,0.0615,0.0
2016-08-08 00:00:00-04:00,18.415000915527344,18.520000457763672,18.405000686645508,18.479999542236328,16.9495792388916,916400,0.0,0.0
2016-08-09 00:00:00-04:00,18.479999542236328,18.5,18.3799991607666,18.424999237060547,16.899133682250977,830800,0.0,0.0
2016-08-10 00:00:00-04:00,18.3799991607666,18.440000534057617,18.360000610351562,18.375,16.85327911376953,695400,0.0,0.0
2016-08-11 00:00:00-04:00,18.43000030517578,18.440000534057617,18.334999084472656,18.389999389648438,16.867034912109375,852600,0.0,0.0
2016-08-12 00:00:00-04:00,18.350000381469727,18.385000228881836,18.21500015258789,18.2549991607666,16.743215560913086,726200,0.0,0.0
2016-08-15 00:00:00-04:00,18.25,18.299999237060547,18.219999313354492,18.28499984741211,16.77072525024414,749800,0.0,0.0
2016-08-16 00:00:00-04:00,18.219999313354492,18.2450008392334,18.104999542236328,18.114999771118164,16.614805221557617,871400,0.0,0.0
2016-08-17 00:00:00-04:00,18.114999771118164,18.209999084472656,18.059999465942383,18.18000030517578,16.674427032470703,1211800,0.0,0.0
2016-08-18 00:00:00-04:00,18.184999465942383,18.264999389648438,18.149999618530273,18.264999389648438,16.75238800048828,936600,0.0,0.0
2016-08-19 00:00:00-04:00,18.18000030517578,18.295000076293945,18.1200008392334,18.28499984741211,16.77072525024414,1027400,0.0,0.0
2016-08-22 00:00:00-04:00,18.239999771118164,18.405000686645508,18.239999771118164,18.385000228881836,16.862451553344727,821600,0.0,0.0
2016-08-23 00:00:00-04:00,18.450000762939453,18.5049991607666,18.354999542236328,18.375,16.85327911376953,786400,0.0,0.0
2016-08-24 00:00:00-04:00,18.344999313354492,18.43000030517578,18.344999313354492,18.424999237060547,16.899133682250977,798200,0.0,0.0
2016-08-25 00:00:00-04:00,18.415000915527344,18.56999969482422,18.415000915527344,18.475000381469727,16.944995880126953,887200,0.0,0.0
2016-08-26 00:00:00-04:00,18.520000457763672,18.6200008392334,18.309999465942383,18.440000534057617,16.912893295288086,955200,0.0,0.0
2016-08-29 00:00:00-04:00,18.454999923706055,18.719999313354492,18.454999923706055,18.684999465942383,17.137611389160156,608600,0.0,0.0
2016-08-30 00:00:00-04:00,18.69499969482422,18.760000228881836,18.594999313354492,18.690000534057617,17.142194747924805,597800,0.0,0.0
2016-08-31 00:00:00-04:00,18.700000762939453,18.770000457763672,18.614999771118164,18.735000610351562,17.1834659576416,1268400,0.0,0.0
2016-09-01 00:00:00-04:00,18.739999771118164,18.834999084472656,18.704999923706055,18.790000915527344,17.23391342163086,1242400,0.0,0.0
2016-09-02 00:00:00-04:00,18.8799991607666,19.0,18.844999313354492,19.0,17.42652130126953,857800,0.0,0.0
2016-09-06 00:00:00-04:00,19.0049991607666,19.05500030517578,18.885000228881836,18.934999465942383,17.366901397705078,1078600,0.0,0.0
2016-09-07 00:00:00-04:00,18.889999389648438,19.0,18.8700008392334,18.895000457763672,17.330209732055664,1572600,0.0,0.0
2016-09-08 00:00:00-04:00,18.889999389648438,18.950000762939453,18.854999542236328,18.8799991607666,17.31645393371582,1162400,0.0,0.0
2016-09-09 00:00:00-04:00,18.764999389648438,18.780000686645508,18.405000686645508,18.415000915527344,16.88995933532715,1239000,0.0,0.0
2016-09-12 00:00:00-04:00,18.30500030517578,18.764999389648438,18.28499984741211,18.735000610351562,17.1834659576416,1101400,0.0,0.0
2016-09-13 00:00:00-04:00,18.545000076293945,18.635000228881836,18.489999771118164,18.584999084472656,17.045888900756836,1510200,0.0,0.0
2016-09-14 00:00:00-04:00,18.584999084472656,18.614999771118164,18.334999084472656,18.3799991607666,16.85785675048828,1485000,0.0,0.0
2016-09-15 00:00:00-04:00,18.3700008392334,18.674999237060547,18.360000610351562,18.635000228881836,17.09174346923828,1055600,0.0,0.0
2016-09-16 00:00:00-04:00,18.46500015258789,18.594999313354492,18.389999389648438,18.469999313354492,16.94040870666504,1615600,0.0,0.0
2016-09-19 00:00:00-04:00,18.565000534057617,18.645000457763672,18.424999237060547,18.575000762939453,17.036712646484375,1260200,0.0,0.0
2016-09-20 00:00:00-04:00,18.674999237060547,18.709999084472656,18.604999542236328,18.610000610351562,17.068817138671875,1081800,0.0,0.0
2016-09-21 00:00:00-04:00,18.69499969482422,18.815000534057617,18.56999969482422,18.80500030517578,17.247661590576172,961000,0.0,0.0
2016-09-22 00:00:00-04:00,18.940000534057617,18.959999084472656,18.850000381469727,18.934999465942383,17.366901397705078,939600,0.0,0.0
2016-09-23 00:00:00-04:00,18.860000610351562,18.885000228881836,18.739999771118164,18.7450008392334,17.1926326751709,628800,0.0,0.0
2016-09-26 00:00:00-04:00,18.674999237060547,18.739999771118164,18.594999313354492,18.594999313354492,17.055057525634766,1344200,0.0,0.0
2016-09-27 00:00:00-04:00,18.59000015258789,18.790000915527344,18.56999969482422,18.75,17.197223663330078,809400,0.0,0.0
2016-09-28 00:00:00-04:00,18.78499984741211,18.854999542236328,18.649999618530273,18.84000015258789,17.279769897460938,709000,0.0,0.0
2016-09-29 00:00:00-04:00,18.809999465942383,18.825000762939453,18.545000076293945,18.639999389648438,17.09633445739746,944200,0.0,0.0
2016-09-30 00:00:00-04:00,18.690000534057617,18.924999237060547,18.684999465942383,18.854999542236328,17.29352569580078,1352000,0.0,0.0
2016-10-03 00:00:00-04:00,18.774999618530273,18.774999618530273,18.475000381469727,18.565000534057617,17.027544021606445,1976800,0.0,0.0
2016-10-04 00:00:00-04:00,18.575000762939453,18.795000076293945,18.565000534057617,18.780000686645508,17.22473907470703,2421800,0.0,0.0
2016-10-05 00:00:00-04:00,18.875,18.989999771118164,18.875,18.969999313354492,17.39900779724121,1599000,0.0,0.0
2016-10-06 00:00:00-04:00,18.985000610351562,19.344999313354492,18.8700008392334,19.315000534057617,17.715429306030273,3511400,0.0,0.0
2016-10-07 00:00:00-04:00,19.274999618530273,19.295000076293945,18.950000762939453,19.104999542236328,17.5228214263916,2161000,0.0,0.0
2016-10-10 00:00:00-04:00,19.104999542236328,19.274999618530273,18.934999465942383,18.94499969482422,17.376070022583008,1036000,0.0,0.0
2016-10-11 00:00:00-04:00,18.895000457763672,18.899999618530273,18.584999084472656,18.6299991607666,17.087162017822266,1021600,0.0,0.0
2016-10-12 00:00:00-04:00,18.670000076293945,18.885000228881836,18.649999618530273,18.80500030517578,17.247661590576172,831400,0.0,0.0
2016-10-13 00:00:00-04:00,18.639999389648438,18.81999969482422,18.639999389648438,18.7549991607666,17.201812744140625,623200,0.0,0.0
2016-10-14 00:00:00-04:00,18.905000686645508,18.905000686645508,18.719999313354492,18.719999313354492,17.16970443725586,1460200,0.0,0.0
2016-10-17 00:00:00-04:00,18.735000610351562,18.780000686645508,18.639999389648438,18.639999389648438,17.09633445739746,673800,0.0,0.0
2016-10-18 00:00:00-04:00,18.829999923706055,18.829999923706055,18.649999618530273,18.670000076293945,17.123851776123047,800800,0.0,0.0
2016-10-19 00:00:00-04:00,18.65999984741211,19.559999465942383,18.594999313354492,18.735000610351562,17.1834659576416,755800,0.0,0.0
2016-10-20 00:00:00-04:00,18.665000915527344,18.665000915527344,18.4950008392334,18.55500030517578,17.01836585998535,1399000,0.0,0.0
2016-10-21 00:00:00-04:00,19.295000076293945,19.295000076293945,18.604999542236328,18.809999465942383,17.25225067138672,2468400,0.0,0.0
2016-10-24 00:00:00-04:00,18.80500030517578,18.80500030517578,18.280000686645508,18.290000915527344,16.775320053100586,2458600,0.0,0.0
2016-10-25 00:00:00-04:00,18.260000228881836,18.360000610351562,18.149999618530273,18.290000915527344,16.775320053100586,2155800,0.0,0.0
2016-10-26 00:00:00-04:00,18.19499969482422,18.469999313354492,18.19499969482422,18.354999542236328,16.897289276123047,1887200,0.0675,0.0
2016-10-27 00:00:00-04:00,18.434999465942383,18.434999465942383,18.290000915527344,18.315000534057617,16.860469818115234,867600,0.0,0.0
2016-10-28 00:00:00-04:00,18.34000015258789,18.540000915527344,18.295000076293945,18.3799991607666,16.920303344726562,1035600,0.0,0.0
2016-10-31 00:00:00-04:00,18.450000762939453,18.5049991607666,18.329999923706055,18.43000030517578,16.966341018676758,1796400,0.0,0.0
2016-11-01 00:00:00-04:00,18.424999237060547,18.440000534057617,18.15999984741211,18.235000610351562,16.786821365356445,851200,0.0,0.0
2016-11-02 00:00:00-04:00,18.21500015258789,18.295000076293945,18.104999542236328,18.104999542236328,16.66714859008789,942200,0.0,0.0
2016-11-03 00:00:00-04:00,18.149999618530273,18.3700008392334,18.149999618530273,18.270000457763672,16.819046020507812,1023600,0.0,0.0
2016-11-04 00:00:00-04:00,18.139999389648438,18.280000686645508,18.024999618530273,18.139999389648438,16.699365615844727,1994600,0.0,0.0
2016-11-07 00:00:00-05:00,18.31999969482422,18.450000762939453,18.28499984741211,18.415000915527344,16.95252227783203,1363800,0.0,0.0
2016-11-08 00:00:00-05:00,18.395000457763672,18.56999969482422,18.364999771118164,18.5,17.03078269958496,1079200,0.0,0.0
2016-11-09 00:00:00-05:00,18.485000610351562,18.825000762939453,18.290000915527344,18.799999237060547,17.30695152282715,1902400,0.0,0.0
2016-11-10 00:00:00-05:00,18.915000915527344,19.139999389648438,18.829999923706055,19.084999084472656,17.569318771362305,1319800,0.0,0.0
2016-11-11 00:00:00-05:00,19.06999969482422,19.6200008392334,19.049999237060547,19.575000762939453,18.020397186279297,3243000,0.0,0.0
2016-11-14 00:00:00-05:00,19.719999313354492,20.135000228881836,19.655000686645508,20.100000381469727,18.503707885742188,2163800,0.0,0.0
2016-11-15 00:00:00-05:00,20.010000228881836,20.344999313354492,19.924999237060547,20.325000762939453,18.710844039916992,1755200,0.0,0.0
2016-11-16 00:00:00-05:00,20.290000915527344,20.584999084472656,20.25,20.5049991607666,18.876550674438477,2123600,0.0,0.0
2016-11-17 00:00:00-05:00,20.485000610351562,21.334999084472656,20.485000610351562,21.1299991607666,19.4519100189209,6891600,0.0,0.0
2016-11-18 00:00:00-05:00,21.075000762939453,21.200000762939453,20.940000534057617,21.170000076293945,19.48873519897461,2810600,0.0,0.0
2016-11-21 00:00:00-05:00,21.21500015258789,21.25,21.084999084472656,21.139999389648438,19.46111488342285,1837200,0.0,0.0
2016-11-22 00:00:00-05:00,21.229999542236328,21.350000381469727,21.135000228881836,21.31999969482422,19.626819610595703,1035800,0.0,0.0
2016-11-23 00:00:00-05:00,21.329999923706055,21.68000030517578,21.2549991607666,21.639999389648438,19.921401977539062,1668200,0.0,0.0
2016-11-25 00:00:00-05:00,21.594999313354492,21.635000228881836,21.489999771118164,21.59000015258789,19.875381469726562,810200,0.0,0.0
2016-11-28 00:00:00-05:00,21.469999313354492,21.565000534057617,21.375,21.434999465942383,19.732688903808594,1434200,0.0,0.0
2016-11-29 00:00:00-05:00,21.5,21.514999389648438,21.350000381469727,21.475000381469727,19.76951026916504,1043200,0.0,0.0
2016-11-30 00:00:00-05:00,21.594999313354492,21.764999389648438,21.530000686645508,21.674999237060547,19.953624725341797,1279000,0.0,0.0
2016-12-01 00:00:00-05:00,21.69499969482422,21.850000381469727,21.69499969482422,21.809999465942383,20.07790184020996,1412800,0.0,0.0
2016-12-02 00:00:00-05:00,21.760000228881836,21.825000762939453,21.469999313354492,21.610000610351562,19.893779754638672,1536800,0.0,0.0
2016-12-05 00:00:00-05:00,21.780000686645508,22.094999313354492,21.7549991607666,21.80500030517578,20.073307037353516,1313200,0.0,0.0
2016-12-06 00:00:00-05:00,21.844999313354492,22.15999984741211,21.809999465942383,22.149999618530273,20.390907287597656,1559200,0.0,0.0
2016-12-07 00:00:00-05:00,22.135000228881836,22.264999389648438,22.094999313354492,22.18000030517578,20.41852378845215,1965400,0.0,0.0
2016-12-08 00:00:00-05:00,22.2450008392334,22.309999465942383,22.065000534057617,22.09000015258789,20.335674285888672,1793200,0.0,0.0
2016-12-09 00:00:00-05:00,22.149999618530273,22.229999542236328,22.059999465942383,22.209999084472656,20.446138381958008,1586600,0.0,0.0
2016-12-12 00:00:00-05:00,22.295000076293945,22.44499969482422,22.264999389648438,22.350000381469727,20.57501983642578,1021000,0.0,0.0
2016-12-13 00:00:00-05:00,22.454999923706055,22.625,22.389999389648438,22.55500030517578,20.76374053955078,818800,0.0,0.0
2016-12-14 00:00:00-05:00,22.524999618530273,22.684999465942383,22.364999771118164,22.3700008392334,20.593435287475586,1483000,0.0,0.0
2016-12-15 00:00:00-05:00,22.364999771118164,22.604999542236328,22.364999771118164,22.450000762939453,20.667081832885742,1210600,0.0,0.0
2016-12-16 00:00:00-05:00,22.655000686645508,22.809999465942383,22.3799991607666,22.440000534057617,20.657875061035156,3103000,0.0,0.0
2016-12-19 00:00:00-05:00,22.454999923706055,22.584999084472656,22.315000534057617,22.459999084472656,20.676288604736328,953200,0.0,0.0
2016-12-20 00:00:00-05:00,22.4950008392334,22.565000534057617,22.375,22.454999923706055,20.67168426513672,1199600,0.0,0.0
2016-12-21 00:00:00-05:00,22.43000030517578,22.46500015258789,22.325000762939453,22.385000228881836,20.607248306274414,1249600,0.0,0.0
2016-12-22 00:00:00-05:00,22.3799991607666,22.395000457763672,22.270000457763672,22.3799991607666,20.60264015197754,821000,0.0,0.0
2016-12-23 00:00:00-05:00,22.354999542236328,22.450000762939453,22.329999923706055,22.44499969482422,20.662479400634766,584400,0.0,0.0
2016-12-27 00:00:00-05:00,22.43000030517578,22.5,22.399999618530273,22.450000762939453,20.667081832885742,571200,0.0,0.0
2016-12-28 00:00:00-05:00,22.510000228881836,22.524999618530273,22.280000686645508,22.295000076293945,20.524389266967773,466200,0.0,0.0
2016-12-29 00:00:00-05:00,22.299999237060547,22.489999771118164,22.299999237060547,22.395000457763672,20.616453170776367,511400,0.0,0.0
2016-12-30 00:00:00-05:00,22.485000610351562,22.520000457763672,22.334999084472656,22.43000030517578,20.648666381835938,832600,0.0,0.0
2017-01-03 00:00:00-05:00,22.520000457763672,22.655000686645508,22.2549991607666,22.40999984741211,20.630260467529297,1223600,0.0,0.0
2017-01-04 00:00:00-05:00,22.5,22.885000228881836,22.5,22.780000686645508,20.970869064331055,1936200,0.0,0.0
2017-01-05 00:00:00-05:00,22.71500015258789,22.795000076293945,22.530000686645508,22.530000686645508,20.74073028564453,1358600,0.0,0.0
2017-01-06 00:00:00-05:00,22.514999389648438,22.610000610351562,22.434999465942383,22.454999923706055,20.67168426513672,1606400,0.0,0.0
2017-01-09 00:00:00-05:00,22.454999923706055,22.5,22.290000915527344,22.329999923706055,20.556604385375977,1191200,0.0,0.0
2017-01-10 00:00:00-05:00,22.329999923706055,22.489999771118164,22.21500015258789,22.30500030517578,20.533597946166992,1110200,0.0,0.0
2017-01-11 00:00:00-05:00,22.334999084472656,22.354999542236328,22.059999465942383,22.139999389648438,20.381696701049805,1800000,0.0,0.0
2017-01-12 00:00:00-05:00,22.030000686645508,22.170000076293945,21.80500030517578,21.975000381469727,20.22980308532715,1519400,0.0,0.0
2017-01-13 00:00:00-05:00,22.049999237060547,22.264999389648438,22.049999237060547,22.1299991607666,20.37249183654785,1139000,0.0,0.0
2017-01-17 00:00:00-05:00,22.06999969482422,22.190000534057617,21.864999771118164,21.989999771118164,20.243606567382812,1178000,0.0,0.0
2017-01-18 00:00:00-05:00,22.065000534057617,22.06999969482422,21.84000015258789,22.020000457763672,20.271224975585938,1436200,0.0,0.0
2017-01-19 00:00:00-05:00,22.075000762939453,22.239999771118164,21.81999969482422,21.940000534057617,20.19758415222168,1022000,0.0,0.0
2017-01-20 00:00:00-05:00,22.0049991607666,22.09000015258789,21.885000228881836,21.915000915527344,20.17456817626953,1337000,0.0,0.0
2017-01-23 00:00:00-05:00,21.899999618530273,21.9950008392334,21.670000076293945,21.71500015258789,19.990447998046875,2020800,0.0,0.0
2017-01-24 00:00:00-05:00,21.625,21.854999542236328,21.079999923706055,21.6299991607666,19.912202835083008,2966000,0.0,0.0
2017-01-25 00:00:00-05:00,21.69499969482422,21.825000762939453,21.485000610351562,21.600000381469727,19.88458251953125,1831400,0.0,0.0
2017-01-26 00:00:00-05:00,21.594999313354492,21.799999237060547,21.579999923706055,21.739999771118164,20.01346778869629,1033200,0.0,0.0
2017-01-27 00:00:00-05:00,21.780000686645508,21.81999969482422,21.575000762939453,21.6299991607666,19.912202835083008,1827400,0.0,0.0
2017-01-30 00:00:00-05:00,21.56999969482422,21.579999923706055,21.094999313354492,21.19499969482422,19.511749267578125,2592200,0.0,0.0
2017-01-31 00:00:00-05:00,21.200000762939453,21.329999923706055,21.0,21.065000534057617,19.392072677612305,3461800,0.0,0.0
2017-02-01 00:00:00-05:00,21.049999237060547,21.170000076293945,20.8700008392334,20.975000381469727,19.371292114257812,1565800,0.0675,0.0
2017-02-02 00:00:00-05:00,20.950000762939453,21.170000076293945,20.90999984741211,21.1299991607666,19.514442443847656,1884800,0.0,0.0
2017-02-03 00:00:00-05:00,21.280000686645508,21.280000686645508,21.1200008392334,21.264999389648438,19.639116287231445,1000400,0.0,0.0
2017-02-06 00:00:00-05:00,21.18000030517578,21.25,21.040000915527344,21.104999542236328,19.49135398864746,1043800,0.0,0.0
2017-02-07 00:00:00-05:00,21.1299991607666,21.219999313354492,21.0,21.0049991607666,19.398998260498047,1237200,0.0,0.0
2017-02-08 00:00:00-05:00,20.985000610351562,20.9950008392334,20.84000015258789,20.94499969482422,19.34358787536621,1183200,0.0,0.0
2017-02-09 00:00:00-05:00,20.94499969482422,21.190000534057617,20.8799991607666,21.06999969482422,19.459028244018555,1846000,0.0,0.0
2017-02-10 00:00:00-05:00,21.155000686645508,21.524999618530273,21.079999923706055,21.489999771118164,19.8469181060791,1769000,0.0,0.0
2017-02-13 00:00:00-05:00,21.5049991607666,21.59000015258789,21.364999771118164,21.56999969482422,19.920799255371094,1292000,0.0,0.0
2017-02-14 00:00:00-05:00,21.475000381469727,21.639999389648438,21.364999771118164,21.549999237060547,19.90233612060547,1237400,0.0,0.0
2017-02-15 00:00:00-05:00,21.510000228881836,21.739999771118164,21.5,21.739999771118164,20.077800750732422,1364400,0.0,0.0
2017-02-16 00:00:00-05:00,21.735000610351562,21.889999389648438,21.684999465942383,21.8799991607666,20.207096099853516,787200,0.0,0.0
2017-02-17 00:00:00-05:00,21.704999923706055,21.940000534057617,21.614999771118164,21.934999465942383,20.25789451599121,1015800,0.0,0.0
2017-02-21 00:00:00-05:00,21.889999389648438,21.920000076293945,21.645000457763672,21.665000915527344,20.008535385131836,911400,0.0,0.0
2017-02-22 00:00:00-05:00,21.579999923706055,21.729999542236328,21.489999771118164,21.579999923706055,19.930034637451172,1180800,0.0,0.0
2017-02-23 00:00:00-05:00,21.55500030517578,21.655000686645508,21.485000610351562,21.575000762939453,19.9254207611084,1003200,0.0,0.0
2017-02-24 00:00:00-05:00,21.475000381469727,21.71500015258789,21.424999237060547,21.709999084472656,20.050092697143555,1116400,0.0,0.0
2017-02-27 00:00:00-05:00,21.674999237060547,21.80500030517578,21.649999618530273,21.760000228881836,20.096275329589844,1036400,0.0,0.0
2017-02-28 00:00:00-05:00,21.594999313354492,21.780000686645508,21.545000076293945,21.549999237060547,19.90233612060547,1483600,0.0,0.0
2017-03-01 00:00:00-05:00,21.764999389648438,21.979999542236328,21.665000915527344,21.934999465942383,20.25789451599121,1969000,0.0,0.0
2017-03-02 00:00:00-05:00,21.920000076293945,21.920000076293945,21.565000534057617,21.575000762939453,19.9254207611084,945400,0.0,0.0
2017-03-03 00:00:00-05:00,21.540000915527344,21.80500030517578,21.540000915527344,21.799999237060547,20.133214950561523,1134200,0.0,0.0
2017-03-06 00:00:00-05:00,21.655000686645508,21.739999771118164,21.579999923706055,21.6200008392334,19.96697998046875,820400,0.0,0.0
2017-03-07 00:00:00-05:00,21.610000610351562,21.65999984741211,21.469999313354492,21.56999969482422,19.920799255371094,1130400,0.0,0.0
2017-03-08 00:00:00-05:00,21.635000228881836,21.69499969482422,21.434999465942383,21.450000762939453,19.80997085571289,890600,0.0,0.0
2017-03-09 00:00:00-05:00,21.450000762939453,21.540000915527344,21.420000076293945,21.5049991607666,19.86077117919922,868000,0.0,0.0
2017-03-10 00:00:00-05:00,21.604999542236328,21.665000915527344,21.4950008392334,21.604999542236328,19.9531192779541,817000,0.0,0.0
2017-03-13 00:00:00-04:00,21.55500030517578,21.700000762939453,21.55500030517578,21.635000228881836,19.98082733154297,617400,0.0,0.0
2017-03-14 00:00:00-04:00,21.559999465942383,21.639999389648438,21.540000915527344,21.600000381469727,19.948505401611328,719000,0.0,0.0
2017-03-15 00:00:00-04:00,21.610000610351562,21.795000076293945,21.575000762939453,21.760000228881836,20.096275329589844,1027800,0.0,0.0
2017-03-16 00:00:00-04:00,21.780000686645508,21.864999771118164,21.704999923706055,21.7450008392334,20.082422256469727,411000,0.0,0.0
2017-03-17 00:00:00-04:00,21.760000228881836,21.934999465942383,21.625,21.8799991607666,20.207096099853516,2169800,0.0,0.0
2017-03-20 00:00:00-04:00,21.844999313354492,21.875,21.6200008392334,21.635000228881836,19.98082733154297,741200,0.0,0.0
2017-03-21 00:00:00-04:00,21.725000381469727,21.725000381469727,21.2549991607666,21.270000457763672,19.64374351501465,1105200,0.0,0.0
2017-03-22 00:00:00-04:00,21.25,21.344999313354492,21.079999923706055,21.274999618530273,19.648353576660156,1095400,0.0,0.0
2017-03-23 00:00:00-04:00,21.260000228881836,21.434999465942383,21.229999542236328,21.2450008392334,19.620643615722656,729600,0.0,0.0
2017-03-24 00:00:00-04:00,21.299999237060547,21.375,21.18000030517578,21.30500030517578,19.676063537597656,705200,0.0,0.0
2017-03-27 00:00:00-04:00,21.045000076293945,21.28499984741211,20.979999542236328,21.25,19.625263214111328,842800,0.0,0.0
2017-03-28 00:00:00-04:00,21.190000534057617,21.325000762939453,21.1299991607666,21.28499984741211,19.657588958740234,1157800,0.0,0.0
2017-03-29 00:00:00-04:00,21.280000686645508,21.295000076293945,21.155000686645508,21.174999237060547,19.55599594116211,940800,0.0,0.0
2017-03-30 00:00:00-04:00,21.1299991607666,21.149999618530273,21.0049991607666,21.024999618530273,19.417470932006836,1131600,0.0,0.0
2017-03-31 00:00:00-04:00,21.040000915527344,21.040000915527344,20.84000015258789,20.860000610351562,19.265085220336914,1637800,0.0,0.0
2017-04-03 00:00:00-04:00,20.899999618530273,20.975000381469727,20.684999465942383,20.690000534057617,19.108083724975586,1484800,0.0,0.0
2017-04-04 00:00:00-04:00,20.645000457763672,20.8700008392334,20.549999237060547,20.809999465942383,19.218908309936523,1373800,0.0,0.0
2017-04-05 00:00:00-04:00,20.924999237060547,21.030000686645508,20.7549991607666,20.770000457763672,19.181964874267578,1672200,0.0,0.0
2017-04-06 00:00:00-04:00,20.774999618530273,20.979999542236328,20.639999389648438,20.915000915527344,19.315881729125977,961800,0.0,0.0
2017-04-07 00:00:00-04:00,20.809999465942383,20.954999923706055,20.774999618530273,20.905000686645508,19.306644439697266,1818600,0.0,0.0
2017-04-10 00:00:00-04:00,20.899999618530273,21.05500030517578,20.889999389648438,20.975000381469727,19.371292114257812,1286800,0.0,0.0
2017-04-11 00:00:00-04:00,20.920000076293945,21.079999923706055,20.790000915527344,21.075000762939453,19.46364974975586,1412800,0.0,0.0
2017-04-12 00:00:00-04:00,21.020000457763672,21.135000228881836,20.770000457763672,20.81999969482422,19.228147506713867,1124200,0.0,0.0
2017-04-13 00:00:00-04:00,20.799999237060547,20.8700008392334,20.655000686645508,20.65999984741211,19.080379486083984,1058600,0.0,0.0
2017-04-17 00:00:00-04:00,20.65999984741211,20.96500015258789,20.65999984741211,20.96500015258789,19.3620548248291,1001000,0.0,0.0
2017-04-18 00:00:00-04:00,21.424999237060547,21.735000610351562,21.059999465942383,21.165000915527344,19.54676628112793,2139000,0.0,0.0
2017-04-19 00:00:00-04:00,21.19499969482422,21.25,20.90999984741211,20.969999313354492,19.366674423217773,1685400,0.0,0.0
2017-04-20 00:00:00-04:00,21.065000534057617,21.479999542236328,20.985000610351562,21.395000457763672,19.759178161621094,1178000,0.0,0.0
2017-04-21 00:00:00-04:00,21.334999084472656,21.334999084472656,21.104999542236328,21.25,19.625263214111328,1236200,0.0,0.0
2017-04-24 00:00:00-04:00,21.55500030517578,21.639999389648438,21.40999984741211,21.549999237060547,19.90233612060547,1061600,0.0,0.0
2017-04-25 00:00:00-04:00,21.65999984741211,21.725000381469727,21.524999618530273,21.540000915527344,19.89310073852539,880200,0.0,0.0
2017-04-26 00:00:00-04:00,21.545000076293945,21.774999618530273,21.520000457763672,21.665000915527344,20.008535385131836,885400,0.0,0.0
2017-04-27 00:00:00-04:00,21.709999084472656,21.829999923706055,21.649999618530273,21.735000610351562,20.073184967041016,666800,0.0,0.0
2017-04-28 00:00:00-04:00,21.670000076293945,21.670000076293945,21.40999984741211,21.450000762939453,19.80997085571289,1279400,0.0,0.0
2017-05-01 00:00:00-04:00,21.53499984741211,21.56999969482422,21.309999465942383,21.514999389648438,19.870012283325195,830600,0.0,0.0
2017-05-02 00:00:00-04:00,21.454999923706055,21.559999465942383,21.354999542236328,21.415000915527344,19.777652740478516,834600,0.0,0.0
2017-05-03 00:00:00-04:00,21.360000610351562,21.454999923706055,21.329999923706055,21.40999984741211,19.773033142089844,731400,0.0,0.0
2017-05-04 00:00:00-04:00,21.3700008392334,21.530000686645508,21.360000610351562,21.5049991607666,19.923583984375,1041200,0.0675,0.0
2017-05-05 00:00:00-04:00,21.575000762939453,21.625,21.46500015258789,21.540000915527344,19.956016540527344,874000,0.0,0.0
2017-05-08 00:00:00-04:00,21.540000915527344,21.649999618530273,21.475000381469727,21.524999618530273,19.942113876342773,795200,0.0,0.0
2017-05-09 00:00:00-04:00,21.53499984741211,21.584999084472656,21.260000228881836,21.315000534057617,19.74755859375,807200,0.0,0.0
2017-05-10 00:00:00-04:00,21.295000076293945,21.389999389648438,21.219999313354492,21.3799991607666,19.807775497436523,1064000,0.0,0.0
2017-05-11 00:00:00-04:00,21.28499984741211,21.34000015258789,21.079999923706055,21.290000915527344,19.724395751953125,1032800,0.0,0.0
2017-05-12 00:00:00-04:00,21.19499969482422,21.329999923706055,21.135000228881836,21.145000457763672,19.590055465698242,1389200,0.0,0.0
2017-05-15 00:00:00-04:00,21.15999984741211,21.360000610351562,21.15999984741211,21.209999084472656,19.65027618408203,1406000,0.0,0.0
2017-05-16 00:00:00-04:00,21.30500030517578,21.350000381469727,21.174999237060547,21.2450008392334,19.682703018188477,778800,0.0,0.0
2017-05-17 00:00:00-04:00,21.2450008392334,21.2450008392334,20.854999542236328,20.924999237060547,19.386234283447266,1173200,0.0,0.0
2017-05-18 00:00:00-04:00,20.885000228881836,21.19499969482422,20.844999313354492,21.049999237060547,19.502038955688477,2208600,0.0,0.0
2017-05-19 00:00:00-04:00,21.084999084472656,21.190000534057617,21.0,21.03499984741211,19.48814582824707,1072800,0.0,0.0
2017-05-22 00:00:00-04:00,21.084999084472656,21.295000076293945,21.084999084472656,21.225000381469727,19.6641788482666,814600,0.0,0.0
2017-05-23 00:00:00-04:00,21.239999771118164,21.334999084472656,21.135000228881836,21.235000610351562,19.673439025878906,652400,0.0,0.0
2017-05-24 00:00:00-04:00,21.25,21.334999084472656,21.19499969482422,21.229999542236328,19.668804168701172,825800,0.0,0.0
2017-05-25 00:00:00-04:00,21.264999389648438,21.514999389648438,21.225000381469727,21.479999542236328,19.900428771972656,1269000,0.0,0.0
2017-05-26 00:00:00-04:00,21.434999465942383,21.5,21.360000610351562,21.434999465942383,19.858732223510742,664200,0.0,0.0
2017-05-30 00:00:00-04:00,21.34000015258789,21.514999389648438,21.15999984741211,21.5,19.9189510345459,1655200,0.0,0.0
2017-05-31 00:00:00-04:00,21.520000457763672,21.719999313354492,21.420000076293945,21.71500015258789,20.118139266967773,1877200,0.0,0.0
2017-06-01 00:00:00-04:00,21.729999542236328,22.079999923706055,21.71500015258789,22.05500030517578,20.433137893676758,1804200,0.0,0.0
2017-06-02 00:00:00-04:00,22.040000915527344,22.1299991607666,21.905000686645508,21.905000686645508,20.294166564941406,915600,0.0,0.0
2017-06-05 00:00:00-04:00,21.905000686645508,21.934999465942383,21.684999465942383,21.739999771118164,20.141298294067383,1197600,0.0,0.0
2017-06-06 00:00:00-04:00,21.625,21.670000076293945,21.479999542236328,21.53499984741211,19.951385498046875,859800,0.0,0.0
2017-06-07 00:00:00-04:00,21.55500030517578,21.604999542236328,21.479999542236328,21.520000457763672,19.937480926513672,853600,0.0,0.0
2017-06-08 00:00:00-04:00,21.5049991607666,21.735000610351562,21.4950008392334,21.709999084472656,20.113502502441406,791600,0.0,0.0
2017-06-09 00:00:00-04:00,21.75,21.940000534057617,21.690000534057617,21.924999237060547,20.31270408630371,1027200,0.0,0.0
2017-06-12 00:00:00-04:00,21.920000076293945,22.049999237060547,21.899999618530273,22.0049991607666,20.386812210083008,966000,0.0,0.0
2017-06-13 00:00:00-04:00,22.03499984741211,22.135000228881836,21.985000610351562,22.049999237060547,20.428504943847656,790200,0.0,0.0
2017-06-14 00:00:00-04:00,22.045000076293945,22.135000228881836,21.924999237060547,22.024999618530273,20.405338287353516,1097800,0.0,0.0
2017-06-15 00:00:00-04:00,21.920000076293945,22.149999618530273,21.860000610351562,22.149999618530273,20.521150588989258,995800,0.0,0.0
2017-06-16 00:00:00-04:00,22.045000076293945,22.28499984741211,22.030000686645508,22.165000915527344,20.535051345825195,2094000,0.0,0.0
2017-06-19 00:00:00-04:00,22.25,22.25,21.90999984741211,22.0,20.382183074951172,1573000,0.0,0.0
2017-06-20 00:00:00-04:00,21.989999771118164,22.040000915527344,21.834999084472656,21.875,20.266372680664062,1169000,0.0,0.0
2017-06-21 00:00:00-04:00,21.924999237060547,21.950000762939453,21.709999084472656,21.760000228881836,20.159835815429688,510400,0.0,0.0
2017-06-22 00:00:00-04:00,21.739999771118164,21.739999771118164,21.55500030517578,21.584999084472656,19.997699737548828,548400,0.0,0.0
2017-06-23 00:00:00-04:00,21.59000015258789,21.684999465942383,21.450000762939453,21.46500015258789,19.886526107788086,1424600,0.0,0.0
2017-06-26 00:00:00-04:00,21.46500015258789,21.6299991607666,21.309999465942383,21.575000762939453,19.98843765258789,558000,0.0,0.0
2017-06-27 00:00:00-04:00,21.575000762939453,21.600000381469727,21.5,21.524999618530273,19.942113876342773,617800,0.0,0.0
2017-06-28 00:00:00-04:00,21.665000915527344,21.8799991607666,21.665000915527344,21.770000457763672,20.169099807739258,626400,0.0,0.0
2017-06-29 00:00:00-04:00,21.93000030517578,21.950000762939453,21.549999237060547,21.78499984741211,20.1829891204834,1040600,0.0,0.0
2017-06-30 00:00:00-04:00,21.895000457763672,21.934999465942383,21.53499984741211,21.53499984741211,19.951385498046875,924000,0.0,0.0
2017-07-03 00:00:00-04:00,21.700000762939453,21.924999237060547,21.649999618530273,21.760000228881836,20.159835815429688,452200,0.0,0.0
2017-07-05 00:00:00-04:00,21.774999618530273,21.860000610351562,21.450000762939453,21.584999084472656,19.997699737548828,994800,0.0,0.0
2017-07-06 00:00:00-04:00,21.489999771118164,21.594999313354492,21.405000686645508,21.43000030517578,19.854097366333008,1160800,0.0,0.0
2017-07-07 00:00:00-04:00,21.454999923706055,21.6299991607666,21.434999465942383,21.579999923706055,19.993072509765625,851000,0.0,0.0
2017-07-10 00:00:00-04:00,21.524999618530273,21.614999771118164,21.420000076293945,21.43000030517578,19.854097366333008,1011400,0.0,0.0
2017-07-11 00:00:00-04:00,21.434999465942383,21.514999389648438,21.31999969482422,21.354999542236328,19.78461456298828,808800,0.0,0.0
2017-07-12 00:00:00-04:00,21.385000228881836,21.579999923706055,21.25,21.540000915527344,19.956016540527344,926800,0.0,0.0
2017-07-13 00:00:00-04:00,21.559999465942383,21.635000228881836,21.405000686645508,21.540000915527344,19.956016540527344,529200,0.0,0.0
2017-07-14 00:00:00-04:00,21.44499969482422,21.75,21.360000610351562,21.649999618530273,20.057920455932617,821600,0.0,0.0
2017-07-17 00:00:00-04:00,21.655000686645508,21.725000381469727,21.5049991607666,21.5049991607666,19.923583984375,1335800,0.0,0.0
2017-07-18 00:00:00-04:00,21.350000381469727,21.75,21.149999618530273,21.514999389648438,19.93285369873047,2324000,0.0,0.0
2017-07-19 00:00:00-04:00,21.600000381469727,21.885000228881836,21.549999237060547,21.885000228881836,20.2756404876709,1085400,0.0,0.0
2017-07-20 00:00:00-04:00,21.895000457763672,22.03499984741211,21.81999969482422,21.940000534057617,20.326597213745117,900200,0.0,0.0
2017-07-21 00:00:00-04:00,21.94499969482422,22.059999465942383,21.920000076293945,22.03499984741211,20.414609909057617,713400,0.0,0.0
2017-07-24 00:00:00-04:00,22.024999618530273,22.170000076293945,22.0,22.125,20.49799156188965,651200,0.0,0.0
2017-07-25 00:00:00-04:00,22.290000915527344,22.420000076293945,22.219999313354492,22.325000762939453,20.68328285217285,1416400,0.0,0.0
2017-07-26 00:00:00-04:00,22.309999465942383,22.31999969482422,22.184999465942383,22.235000610351562,20.599899291992188,1236200,0.0,0.0
2017-07-27 00:00:00-04:00,22.225000381469727,22.239999771118164,21.899999618530273,22.0049991607666,20.386812210083008,743800,0.0,0.0
2017-07-28 00:00:00-04:00,22.0,22.30500030517578,21.954999923706055,22.290000915527344,20.650854110717773,644600,0.0,0.0
2017-07-31 00:00:00-04:00,22.315000534057617,22.43000030517578,22.25,22.299999237060547,20.66012191772461,1574800,0.0,0.0
2017-08-01 00:00:00-04:00,22.385000228881836,22.424999237060547,22.25,22.295000076293945,20.65549087524414,1197000,0.0,0.0
2017-08-02 00:00:00-04:00,22.270000457763672,22.344999313354492,22.075000762939453,22.204999923706055,20.572107315063477,1333200,0.0,0.0
2017-08-03 00:00:00-04:00,22.225000381469727,22.225000381469727,21.959999084472656,21.975000381469727,20.359027862548828,789800,0.0,0.0
2017-08-04 00:00:00-04:00,22.03499984741211,22.139999389648438,21.934999465942383,22.030000686645508,20.409976959228516,823400,0.0,0.0
2017-08-07 00:00:00-04:00,21.94499969482422,22.030000686645508,21.889999389648438,21.94499969482422,20.39371109008789,796200,0.0675,0.0
2017-08-08 00:00:00-04:00,21.899999618530273,22.020000457763672,21.815000534057617,21.860000610351562,20.31472396850586,900000,0.0,0.0
2017-08-09 00:00:00-04:00,21.78499984741211,21.934999465942383,21.760000228881836,21.905000686645508,20.356538772583008,695200,0.0,0.0
2017-08-10 00:00:00-04:00,21.815000534057617,21.920000076293945,21.729999542236328,21.739999771118164,20.203203201293945,1008400,0.0,0.0
2017-08-11 00:00:00-04:00,21.635000228881836,21.829999923706055,21.579999923706055,21.770000457763672,20.2310848236084,1024400,0.0,0.0
2017-08-14 00:00:00-04:00,21.8700008392334,21.9950008392334,21.809999465942383,21.954999923706055,20.402999877929688,493800,0.0,0.0
2017-08-15 00:00:00-04:00,22.045000076293945,22.280000686645508,22.03499984741211,22.075000762939453,20.5145263671875,998600,0.0,0.0
2017-08-16 00:00:00-04:00,22.114999771118164,22.18000030517578,21.9950008392334,22.020000457763672,20.463411331176758,908000,0.0,0.0
2017-08-17 00:00:00-04:00,21.969999313354492,22.03499984741211,21.68000030517578,21.684999465942383,20.152090072631836,652400,0.0,0.0
2017-08-18 00:00:00-04:00,21.65999984741211,21.895000457763672,21.6200008392334,21.815000534057617,20.27290153503418,1283800,0.0,0.0
2017-08-21 00:00:00-04:00,21.790000915527344,21.94499969482422,21.704999923706055,21.90999984741211,20.36118507385254,434800,0.0,0.0
2017-08-22 00:00:00-04:00,21.950000762939453,22.05500030517578,21.93000030517578,22.049999237060547,20.491294860839844,473400,0.0,0.0
2017-08-23 00:00:00-04:00,21.915000915527344,21.985000610351562,21.799999237060547,21.850000381469727,20.305435180664062,773800,0.0,0.0
2017-08-24 00:00:00-04:00,21.90999984741211,21.93000030517578,21.764999389648438,21.905000686645508,20.356538772583008,1040200,0.0,0.0
2017-08-25 00:00:00-04:00,22.010000228881836,22.264999389648438,21.985000610351562,22.145000457763672,20.579574584960938,1539600,0.0,0.0
2017-08-28 00:00:00-04:00,22.225000381469727,22.674999237060547,22.225000381469727,22.579999923706055,20.983827590942383,2283400,0.0,0.0
2017-08-29 00:00:00-04:00,22.440000534057617,22.510000228881836,22.25,22.3799991607666,20.797958374023438,1404200,0.0,0.0
2017-08-30 00:00:00-04:00,22.360000610351562,22.514999389648438,22.350000381469727,22.454999923706055,20.867658615112305,666000,0.0,0.0
2017-08-31 00:00:00-04:00,22.520000457763672,22.584999084472656,22.40999984741211,22.479999542236328,20.890897750854492,703400,0.0,0.0
2017-09-01 00:00:00-04:00,22.530000686645508,22.614999771118164,22.440000534057617,22.524999618530273,20.932708740234375,773400,0.0,0.0
2017-09-05 00:00:00-04:00,22.5,22.875,22.454999923706055,22.739999771118164,21.132516860961914,2043000,0.0,0.0
2017-09-06 00:00:00-04:00,22.764999389648438,22.985000610351562,22.670000076293945,22.940000534057617,21.318374633789062,1037200,0.0,0.0
2017-09-07 00:00:00-04:00,22.924999237060547,23.059999465942383,22.860000610351562,23.014999389648438,21.38807487487793,1707400,0.0,0.0
2017-09-08 00:00:00-04:00,22.985000610351562,24.155000686645508,22.959999084472656,24.065000534057617,22.363849639892578,4144400,0.0,0.0
2017-09-11 00:00:00-04:00,24.0,24.15999984741211,23.174999237060547,23.450000762939453,21.792327880859375,4034600,0.0,0.0
2017-09-12 00:00:00-04:00,23.584999084472656,23.594999313354492,23.290000915527344,23.415000915527344,21.759798049926758,1856000,0.0,0.0
2017-09-13 00:00:00-04:00,23.415000915527344,23.415000915527344,23.19499969482422,23.295000076293945,21.648279190063477,1554600,0.0,0.0
2017-09-14 00:00:00-04:00,23.364999771118164,23.375,23.09000015258789,23.170000076293945,21.532119750976562,927600,0.0,0.0
2017-09-15 00:00:00-04:00,23.15999984741211,23.354999542236328,23.104999542236328,23.209999084472656,21.569290161132812,2176800,0.0,0.0
2017-09-18 00:00:00-04:00,23.2450008392334,23.459999084472656,23.235000610351562,23.454999923706055,21.796974182128906,1095800,0.0,0.0
2017-09-19 00:00:00-04:00,23.485000610351562,23.709999084472656,22.655000686645508,23.479999542236328,21.820205688476562,1035200,0.0,0.0
2017-09-20 00:00:00-04:00,23.469999313354492,23.709999084472656,23.469999313354492,23.665000915527344,21.99212646484375,1318000,0.0,0.0
2017-09-21 00:00:00-04:00,23.639999389648438,23.725000381469727,23.485000610351562,23.53499984741211,21.87132453918457,589600,0.0,0.0
2017-09-22 00:00:00-04:00,23.5049991607666,23.725000381469727,23.5,23.709999084472656,22.03394889831543,883000,0.0,0.0
2017-09-25 00:00:00-04:00,23.68000030517578,23.8799991607666,23.649999618530273,23.84000015258789,22.15475845336914,781600,0.0,0.0
2017-09-26 00:00:00-04:00,23.834999084472656,24.184999465942383,23.790000915527344,24.114999771118164,22.410314559936523,1147000,0.0,0.0
2017-09-27 00:00:00-04:00,24.25,24.485000610351562,24.104999542236328,24.434999465942383,22.707698822021484,1212200,0.0,0.0
2017-09-28 00:00:00-04:00,24.354999542236328,24.459999084472656,24.1299991607666,24.149999618530273,22.44284439086914,885400,0.0,0.0
2017-09-29 00:00:00-04:00,24.125,24.18000030517578,24.059999465942383,24.094999313354492,22.3917293548584,1064600,0.0,0.0
2017-10-02 00:00:00-04:00,24.149999618530273,24.19499969482422,24.03499984741211,24.190000534057617,22.480016708374023,1028600,0.0,0.0
2017-10-03 00:00:00-04:00,24.15999984741211,24.375,24.100000381469727,24.375,22.651941299438477,1054600,0.0,0.0
2017-10-04 00:00:00-04:00,24.344999313354492,24.479999542236328,24.204999923706055,24.3799991607666,22.656578063964844,843000,0.0,0.0
2017-10-05 00:00:00-04:00,24.43000030517578,24.485000610351562,24.264999389648438,24.434999465942383,22.707698822021484,791800,0.0,0.0
2017-10-06 00:00:00-04:00,24.46500015258789,24.559999465942383,24.334999084472656,24.364999771118164,22.64264488220215,1154000,0.0,0.0
2017-10-09 00:00:00-04:00,24.375,24.520000457763672,24.3700008392334,24.424999237060547,22.69839859008789,660000,0.0,0.0
2017-10-10 00:00:00-04:00,24.43000030517578,24.565000534057617,24.3799991607666,24.469999313354492,22.740224838256836,632400,0.0,0.0
2017-10-11 00:00:00-04:00,24.530000686645508,24.559999465942383,24.28499984741211,24.44499969482422,22.716991424560547,837200,0.0,0.0
2017-10-12 00:00:00-04:00,24.469999313354492,24.719999313354492,24.469999313354492,24.59000015258789,22.851736068725586,753400,0.0,0.0
2017-10-13 00:00:00-04:00,24.75,24.809999465942383,24.639999389648438,24.69499969482422,22.949308395385742,964800,0.0,0.0
2017-10-16 00:00:00-04:00,24.760000228881836,24.764999389648438,24.399999618530273,24.485000610351562,22.754161834716797,1480200,0.0,0.0
2017-10-17 00:00:00-04:00,24.69499969482422,25.1200008392334,24.34000015258789,24.5049991607666,22.772748947143555,1891000,0.0,0.0
2017-10-18 00:00:00-04:00,24.5049991607666,24.610000610351562,24.415000915527344,24.469999313354492,22.740224838256836,1047600,0.0,0.0
2017-10-19 00:00:00-04:00,24.405000686645508,24.510000228881836,24.34000015258789,24.5,22.76810073852539,710600,0.0,0.0
2017-10-20 00:00:00-04:00,24.614999771118164,24.875,24.59000015258789,24.65999984741211,22.916784286499023,1516600,0.0,0.0
2017-10-23 00:00:00-04:00,24.729999542236328,24.84000015258789,24.6200008392334,24.825000762939453,23.070125579833984,815400,0.0,0.0
2017-10-24 00:00:00-04:00,24.81999969482422,24.885000228881836,24.674999237060547,24.725000381469727,22.977191925048828,1137000,0.0,0.0
2017-10-25 00:00:00-04:00,24.729999542236328,24.809999465942383,24.4950008392334,24.604999542236328,22.86567497253418,878600,0.0,0.0
2017-10-26 00:00:00-04:00,24.600000381469727,24.770000457763672,24.43000030517578,24.690000534057617,23.014820098876953,1142800,0.075,0.0
2017-10-27 00:00:00-04:00,24.684999465942383,24.889999389648438,24.530000686645508,24.84000015258789,23.154645919799805,1351400,0.0,0.0
2017-10-30 00:00:00-04:00,24.84000015258789,24.920000076293945,24.690000534057617,24.7450008392334,23.066089630126953,868400,0.0,0.0
2017-10-31 00:00:00-04:00,24.690000534057617,24.959999084472656,24.690000534057617,24.920000076293945,23.229217529296875,1706600,0.0,0.0
2017-11-01 00:00:00-04:00,25.030000686645508,25.219999313354492,24.94499969482422,25.045000076293945,23.34573745727539,1639400,0.0,0.0
2017-11-02 00:00:00-04:00,25.1299991607666,25.405000686645508,24.959999084472656,25.200000762939453,23.490224838256836,1443000,0.0,0.0
2017-11-03 00:00:00-04:00,25.200000762939453,25.2450008392334,25.084999084472656,25.19499969482422,23.485557556152344,888000,0.0,0.0
2017-11-06 00:00:00-05:00,25.149999618530273,25.3799991607666,25.104999542236328,25.270000457763672,23.55547332763672,603400,0.0,0.0
2017-11-07 00:00:00-05:00,25.235000610351562,25.354999542236328,24.989999771118164,25.114999771118164,23.410985946655273,930400,0.0,0.0
2017-11-08 00:00:00-05:00,24.655000686645508,25.059999465942383,24.280000686645508,24.850000381469727,23.163969039916992,1357200,0.0,0.0
2017-11-09 00:00:00-05:00,24.670000076293945,24.844999313354492,24.565000534057617,24.684999465942383,23.010168075561523,903400,0.0,0.0
2017-11-10 00:00:00-05:00,24.604999542236328,24.790000915527344,24.469999313354492,24.739999771118164,23.061433792114258,1451800,0.0,0.0
2017-11-13 00:00:00-05:00,24.584999084472656,24.7450008392334,24.43000030517578,24.700000762939453,23.024145126342773,1171800,0.0,0.0
2017-11-14 00:00:00-05:00,24.825000762939453,25.059999465942383,24.735000610351562,25.0,23.303791046142578,1565000,0.0,0.0
2017-11-15 00:00:00-05:00,24.885000228881836,25.075000762939453,24.78499984741211,24.975000381469727,23.28049087524414,941800,0.0,0.0
2017-11-16 00:00:00-05:00,25.040000915527344,25.110000610351562,24.924999237060547,24.96500015258789,23.271162033081055,715800,0.0,0.0
2017-11-17 00:00:00-05:00,24.889999389648438,24.989999771118164,24.80500030517578,24.940000534057617,23.24786376953125,976800,0.0,0.0
2017-11-20 00:00:00-05:00,24.950000762939453,25.18000030517578,24.950000762939453,25.135000228881836,23.429636001586914,739600,0.0,0.0
2017-11-21 00:00:00-05:00,25.19499969482422,25.295000076293945,25.155000686645508,25.2549991607666,23.54149055480957,1402200,0.0,0.0
2017-11-22 00:00:00-05:00,25.295000076293945,25.389999389648438,25.139999389648438,25.18000030517578,23.471580505371094,681200,0.0,0.0
2017-11-24 00:00:00-05:00,25.174999237060547,25.21500015258789,24.950000762939453,25.024999618530273,23.327089309692383,288000,0.0,0.0
2017-11-27 00:00:00-05:00,25.059999465942383,25.299999237060547,25.0,25.149999618530273,23.44361686706543,891400,0.0,0.0
2017-11-28 00:00:00-05:00,25.204999923706055,25.40999984741211,25.1200008392334,25.389999389648438,23.667327880859375,1489400,0.0,0.0
2017-11-29 00:00:00-05:00,25.440000534057617,25.684999465942383,25.405000686645508,25.44499969482422,23.71859359741211,1309600,0.0,0.0
2017-11-30 00:00:00-05:00,25.565000534057617,25.69499969482422,25.385000228881836,25.625,23.886390686035156,1387600,0.0,0.0
2017-12-01 00:00:00-05:00,25.670000076293945,25.895000457763672,25.280000686645508,25.875,24.11942481994629,1090000,0.0,0.0
2017-12-04 00:00:00-05:00,26.094999313354492,26.209999084472656,25.719999313354492,25.764999389648438,24.016889572143555,1228800,0.0,0.0
2017-12-05 00:00:00-05:00,25.815000534057617,25.875,25.44499969482422,25.475000381469727,23.746566772460938,1145000,0.0,0.0
2017-12-06 00:00:00-05:00,25.799999237060547,26.15999984741211,25.799999237060547,25.834999084472656,24.08213233947754,1268200,0.0,0.0
2017-12-07 00:00:00-05:00,25.75,25.875,25.604999542236328,25.81999969482422,24.068151473999023,948600,0.0,0.0
2017-12-08 00:00:00-05:00,25.93000030517578,26.049999237060547,25.78499984741211,25.96500015258789,24.203323364257812,820600,0.0,0.0
2017-12-11 00:00:00-05:00,25.8799991607666,25.920000076293945,25.700000762939453,25.799999237060547,24.04951286315918,830600,0.0,0.0
2017-12-12 00:00:00-05:00,25.850000381469727,25.93000030517578,25.700000762939453,25.829999923706055,24.07747459411621,851000,0.0,0.0
2017-12-13 00:00:00-05:00,25.825000762939453,25.860000610351562,25.600000381469727,25.625,23.886390686035156,847800,0.0,0.0
2017-12-14 00:00:00-05:00,25.639999389648438,25.975000381469727,25.44499969482422,25.524999618530273,23.793170928955078,989000,0.0,0.0
2017-12-15 00:00:00-05:00,25.524999618530273,25.899999618530273,25.524999618530273,25.59000015258789,23.853759765625,3006000,0.0,0.0
2017-12-18 00:00:00-05:00,25.625,25.895000457763672,25.614999771118164,25.735000610351562,23.988920211791992,847600,0.0,0.0
2017-12-19 00:00:00-05:00,25.825000762939453,25.920000076293945,25.729999542236328,25.75,24.00289535522461,894600,0.0,0.0
2017-12-20 00:00:00-05:00,25.815000534057617,25.979999542236328,25.684999465942383,25.69499969482422,23.95163345336914,790600,0.0,0.0
2017-12-21 00:00:00-05:00,25.739999771118164,25.809999465942383,25.565000534057617,25.674999237060547,23.93299102783203,840600,0.0,0.0
2017-12-22 00:00:00-05:00,25.75,25.75,25.479999542236328,25.55500030517578,23.821138381958008,512800,0.0,0.0
2017-12-26 00:00:00-05:00,25.635000228881836,25.829999923706055,25.584999084472656,25.719999313354492,23.974937438964844,425200,0.0,0.0
2017-12-27 00:00:00-05:00,25.739999771118164,25.934999465942383,25.68000030517578,25.780000686645508,24.03087043762207,642000,0.0,0.0
2017-12-28 00:00:00-05:00,25.78499984741211,25.90999984741211,25.71500015258789,25.889999389648438,24.133405685424805,766200,0.0,0.0
2017-12-29 00:00:00-05:00,25.8799991607666,25.9950008392334,25.725000381469727,25.729999542236328,23.9842586517334,579200,0.0,0.0
2018-01-02 00:00:00-05:00,25.825000762939453,25.889999389648438,25.454999923706055,25.540000915527344,23.80715560913086,1385200,0.0,0.0
2018-01-03 00:00:00-05:00,25.690000534057617,25.90999984741211,25.594999313354492,25.829999923706055,24.07747459411621,637000,0.0,0.0
2018-01-04 00:00:00-05:00,25.959999084472656,26.149999618530273,25.895000457763672,25.899999618530273,24.14272689819336,1043800,0.0,0.0
2018-01-05 00:00:00-05:00,26.010000228881836,26.209999084472656,25.920000076293945,26.145000457763672,24.371105194091797,725000,0.0,0.0
2018-01-08 00:00:00-05:00,26.184999465942383,26.209999084472656,26.049999237060547,26.065000534057617,24.296531677246094,692200,0.0,0.0
2018-01-09 00:00:00-05:00,26.110000610351562,26.43000030517578,26.110000610351562,26.274999618530273,24.492279052734375,1013400,0.0,0.0
2018-01-10 00:00:00-05:00,26.299999237060547,26.34000015258789,26.075000762939453,26.110000610351562,24.338481903076172,814200,0.0,0.0
2018-01-11 00:00:00-05:00,26.104999542236328,26.229999542236328,26.024999618530273,26.100000381469727,24.32915496826172,749800,0.0,0.0
2018-01-12 00:00:00-05:00,26.204999923706055,26.2549991607666,26.05500030517578,26.209999084472656,24.431690216064453,542800,0.0,0.0
2018-01-16 00:00:00-05:00,26.28499984741211,26.40999984741211,26.139999389648438,26.184999465942383,24.408388137817383,595200,0.0,0.0
2018-01-17 00:00:00-05:00,26.2450008392334,26.405000686645508,26.209999084472656,26.290000915527344,24.506263732910156,903800,0.0,0.0
2018-01-18 00:00:00-05:00,26.290000915527344,26.354999542236328,26.059999465942383,26.18000030517578,24.403730392456055,1613200,0.0,0.0
2018-01-19 00:00:00-05:00,26.28499984741211,26.395000457763672,26.075000762939453,26.25,24.468978881835938,1450600,0.0,0.0
2018-01-22 00:00:00-05:00,26.2549991607666,26.40999984741211,26.0049991607666,26.125,24.352458953857422,3395400,0.0,0.0
2018-01-23 00:00:00-05:00,26.770000457763672,26.860000610351562,25.875,26.024999618530273,24.259246826171875,5738200,0.0,0.0
2018-01-24 00:00:00-05:00,26.114999771118164,26.69499969482422,26.049999237060547,26.44499969482422,24.650754928588867,3297000,0.0,0.0
2018-01-25 00:00:00-05:00,26.424999237060547,26.6200008392334,26.299999237060547,26.485000610351562,24.68803596496582,2152000,0.0,0.0
2018-01-26 00:00:00-05:00,26.514999389648438,26.885000228881836,26.459999084472656,26.885000228881836,25.06089973449707,927200,0.0,0.0
2018-01-29 00:00:00-05:00,26.809999465942383,26.875,26.55500030517578,26.575000762939453,24.771928787231445,928600,0.0,0.0
2018-01-30 00:00:00-05:00,26.489999771118164,26.764999389648438,26.385000228881836,26.434999465942383,24.641427993774414,1021000,0.0,0.0
2018-01-31 00:00:00-05:00,26.385000228881836,26.415000915527344,26.165000915527344,26.239999771118164,24.459653854370117,1765800,0.0,0.0
2018-02-01 00:00:00-05:00,26.15999984741211,26.645000457763672,26.1200008392334,26.594999313354492,24.861631393432617,1235000,0.075,0.0
2018-02-02 00:00:00-05:00,26.5049991607666,26.735000610351562,26.424999237060547,26.489999771118164,24.763473510742188,1072800,0.0,0.0
2018-02-05 00:00:00-05:00,26.274999618530273,26.565000534057617,25.729999542236328,25.739999771118164,24.06235694885254,1757600,0.0,0.0
2018-02-06 00:00:00-05:00,25.385000228881836,25.889999389648438,25.155000686645508,25.829999923706055,24.1464900970459,2187400,0.0,0.0
2018-02-07 00:00:00-05:00,25.799999237060547,26.079999923706055,25.575000762939453,25.885000228881836,24.197914123535156,1426200,0.0,0.0
2018-02-08 00:00:00-05:00,25.8799991607666,26.065000534057617,25.049999237060547,25.05500030517578,23.4220027923584,1504000,0.0,0.0
2018-02-09 00:00:00-05:00,25.280000686645508,25.3700008392334,24.709999084472656,25.2450008392334,23.599620819091797,1880200,0.0,0.0
2018-02-12 00:00:00-05:00,25.385000228881836,25.790000915527344,25.28499984741211,25.559999465942383,23.89409065246582,2374600,0.0,0.0
2018-02-13 00:00:00-05:00,25.44499969482422,25.885000228881836,25.389999389648438,25.780000686645508,24.09975242614746,1611200,0.0,0.0
2018-02-14 00:00:00-05:00,25.65999984741211,26.225000381469727,25.600000381469727,26.219999313354492,24.51107406616211,1042400,0.0,0.0
2018-02-15 00:00:00-05:00,26.360000610351562,26.530000686645508,26.21500015258789,26.31999969482422,24.60455894470215,1179200,0.0,0.0
2018-02-16 00:00:00-05:00,26.219999313354492,26.46500015258789,26.219999313354492,26.350000381469727,24.632598876953125,897600,0.0,0.0
2018-02-20 00:00:00-05:00,26.309999465942383,26.540000915527344,26.190000534057617,26.30500030517578,24.590532302856445,779600,0.0,0.0
2018-02-21 00:00:00-05:00,26.299999237060547,26.674999237060547,26.2450008392334,26.25,24.53911590576172,790200,0.0,0.0
2018-02-22 00:00:00-05:00,26.325000762939453,26.43000030517578,26.045000076293945,26.125,24.422266006469727,896000,0.0,0.0
2018-02-23 00:00:00-05:00,26.170000076293945,26.46500015258789,26.100000381469727,26.440000534057617,24.71673583984375,459200,0.0,0.0
2018-02-26 00:00:00-05:00,26.53499984741211,26.69499969482422,26.360000610351562,26.690000534057617,24.950441360473633,570400,0.0,0.0
2018-02-27 00:00:00-05:00,26.670000076293945,26.905000686645508,26.53499984741211,26.614999771118164,24.880325317382812,1236200,0.0,0.0
2018-02-28 00:00:00-05:00,26.68000030517578,26.934999465942383,26.30500030517578,26.31999969482422,24.60455894470215,1224000,0.0,0.0
2018-03-01 00:00:00-05:00,26.375,26.434999465942383,25.809999465942383,25.969999313354492,24.277368545532227,1036400,0.0,0.0
2018-03-02 00:00:00-05:00,25.854999542236328,26.19499969482422,25.670000076293945,26.135000228881836,24.43161392211914,728800,0.0,0.0
2018-03-05 00:00:00-05:00,26.020000457763672,26.510000228881836,25.829999923706055,26.420000076293945,24.698034286499023,1128800,0.0,0.0
2018-03-06 00:00:00-05:00,26.475000381469727,26.53499984741211,26.165000915527344,26.5049991607666,24.777490615844727,1893000,0.0,0.0
2018-03-07 00:00:00-05:00,26.334999084472656,26.450000762939453,26.204999923706055,26.274999618530273,24.56248664855957,2333800,0.0,0.0
2018-03-08 00:00:00-05:00,26.364999771118164,26.389999389648438,26.09000015258789,26.28499984741211,24.571836471557617,1773600,0.0,0.0
2018-03-09 00:00:00-05:00,26.360000610351562,26.850000381469727,26.360000610351562,26.815000534057617,25.067289352416992,1480000,0.0,0.0
2018-03-12 00:00:00-04:00,26.774999618530273,26.90999984741211,26.55500030517578,26.665000915527344,24.92707061767578,854800,0.0,0.0
2018-03-13 00:00:00-04:00,26.729999542236328,26.729999542236328,26.31999969482422,26.399999618530273,24.679346084594727,1038600,0.0,0.0
2018-03-14 00:00:00-04:00,26.454999923706055,26.4950008392334,26.15999984741211,26.270000457763672,24.557811737060547,988400,0.0,0.0
2018-03-15 00:00:00-04:00,26.290000915527344,26.415000915527344,26.184999465942383,26.270000457763672,24.557811737060547,1243600,0.0,0.0
2018-03-16 00:00:00-04:00,26.31999969482422,26.469999313354492,26.15999984741211,26.375,24.655969619750977,2349400,0.0,0.0
2018-03-19 00:00:00-04:00,26.344999313354492,26.4950008392334,26.170000076293945,26.309999465942383,24.595205307006836,859200,0.0,0.0
2018-03-20 00:00:00-04:00,26.344999313354492,26.579999923706055,26.344999313354492,26.43000030517578,24.707386016845703,1490400,0.0,0.0
2018-03-21 00:00:00-04:00,26.3700008392334,26.440000534057617,26.1299991607666,26.28499984741211,24.571836471557617,1306600,0.0,0.0
2018-03-22 00:00:00-04:00,26.125,26.274999618530273,25.454999923706055,25.46500015258789,23.805286407470703,1169200,0.0,0.0
2018-03-23 00:00:00-04:00,25.469999313354492,25.625,24.950000762939453,24.969999313354492,23.342544555664062,1511200,0.0,0.0
2018-03-26 00:00:00-04:00,25.264999389648438,25.579999923706055,25.040000915527344,25.520000457763672,23.856693267822266,849200,0.0,0.0
2018-03-27 00:00:00-04:00,25.65999984741211,25.71500015258789,25.18000030517578,25.280000686645508,23.632341384887695,982600,0.0,0.0
2018-03-28 00:00:00-04:00,25.219999313354492,25.7450008392334,25.05500030517578,25.510000228881836,23.847349166870117,1426600,0.0,0.0
2018-03-29 00:00:00-04:00,25.389999389648438,25.649999618530273,25.15999984741211,25.440000534057617,23.781911849975586,1504000,0.0,2.0
2018-04-02 00:00:00-04:00,25.440000534057617,25.440000534057617,24.34000015258789,24.84000015258789,23.22101593017578,1775800,0.0,0.0
2018-04-03 00:00:00-04:00,24.8700008392334,25.34000015258789,24.81999969482422,25.139999389648438,23.501468658447266,1621300,0.0,0.0
2018-04-04 00:00:00-04:00,24.950000762939453,25.350000381469727,24.8799991607666,25.309999465942383,23.660388946533203,1213800,0.0,0.0
2018-04-05 00:00:00-04:00,25.450000762939453,25.610000610351562,25.34000015258789,25.459999084472656,23.80060577392578,1136700,0.0,0.0
2018-04-06 00:00:00-04:00,25.209999084472656,25.329999923706055,24.8799991607666,25.09000015258789,23.454730987548828,1261700,0.0,0.0
2018-04-09 00:00:00-04:00,25.149999618530273,25.530000686645508,25.020000457763672,25.260000228881836,23.613645553588867,1696800,0.0,0.0
2018-04-10 00:00:00-04:00,25.59000015258789,25.639999389648438,25.420000076293945,25.489999771118164,23.828649520874023,996900,0.0,0.0
2018-04-11 00:00:00-04:00,25.329999923706055,25.56999969482422,25.239999771118164,25.5,23.837997436523438,796900,0.0,0.0
2018-04-12 00:00:00-04:00,25.600000381469727,25.850000381469727,25.459999084472656,25.75,24.071701049804688,1499600,0.0,0.0
2018-04-13 00:00:00-04:00,25.8799991607666,25.950000762939453,25.6200008392334,25.719999313354492,24.04366111755371,939100,0.0,0.0
2018-04-16 00:00:00-04:00,25.8799991607666,26.18000030517578,25.75,26.059999465942383,24.361499786376953,1044400,0.0,0.0
2018-04-17 00:00:00-04:00,26.170000076293945,26.360000610351562,26.149999618530273,26.309999465942383,24.595205307006836,1031300,0.0,0.0
2018-04-18 00:00:00-04:00,26.389999389648438,26.459999084472656,26.219999313354492,26.25,24.53911590576172,528900,0.0,0.0
2018-04-19 00:00:00-04:00,26.229999542236328,26.3799991607666,26.049999237060547,26.149999618530273,24.445632934570312,782100,0.0,0.0
2018-04-20 00:00:00-04:00,26.030000686645508,26.25,25.889999389648438,25.950000762939453,24.2586669921875,1142300,0.0,0.0
2018-04-23 00:00:00-04:00,25.989999771118164,26.56999969482422,25.950000762939453,26.559999465942383,24.82891273498535,1905400,0.0,0.0
2018-04-24 00:00:00-04:00,26.68000030517578,26.68000030517578,25.84000015258789,26.389999389648438,24.66999053955078,2686600,0.0,0.0
2018-04-25 00:00:00-04:00,26.479999542236328,26.93000030517578,26.25,26.829999923706055,25.08131217956543,1989800,0.0,0.0
2018-04-26 00:00:00-04:00,26.920000076293945,27.469999313354492,26.6200008392334,27.420000076293945,25.632858276367188,1297000,0.0,0.0
2018-04-27 00:00:00-04:00,27.420000076293945,27.790000915527344,27.350000381469727,27.729999542236328,25.922657012939453,1034400,0.0,0.0
2018-04-30 00:00:00-04:00,27.780000686645508,27.899999618530273,27.209999084472656,27.229999542236328,25.45524787902832,1848000,0.0,0.0
2018-05-01 00:00:00-04:00,27.170000076293945,27.260000228881836,26.709999084472656,27.219999313354492,25.445898056030273,1485500,0.0,0.0
2018-05-02 00:00:00-04:00,27.260000228881836,27.260000228881836,26.739999771118164,26.90999984741211,25.156103134155273,1373300,0.0,0.0
2018-05-03 00:00:00-04:00,26.780000686645508,27.1299991607666,26.639999389648438,27.079999923706055,25.31501579284668,981800,0.0,0.0
2018-05-04 00:00:00-04:00,26.959999084472656,27.719999313354492,26.950000762939453,27.510000228881836,25.716999053955078,898600,0.0,0.0
2018-05-07 00:00:00-04:00,27.540000915527344,27.639999389648438,27.3799991607666,27.530000686645508,25.73569107055664,856300,0.0,0.0
2018-05-08 00:00:00-04:00,27.469999313354492,27.559999465942383,27.229999542236328,27.399999618530273,25.684133529663086,857600,0.075,0.0
2018-05-09 00:00:00-04:00,27.469999313354492,27.540000915527344,27.209999084472656,27.420000076293945,25.702884674072266,692300,0.0,0.0
2018-05-10 00:00:00-04:00,27.459999084472656,27.579999923706055,27.350000381469727,27.489999771118164,25.76849937438965,645700,0.0,0.0
2018-05-11 00:00:00-04:00,27.530000686645508,27.649999618530273,27.360000610351562,27.450000762939453,25.731002807617188,656000,0.0,0.0
2018-05-14 00:00:00-04:00,27.520000457763672,27.56999969482422,27.209999084472656,27.239999771118164,25.534151077270508,1522900,0.0,0.0
2018-05-15 00:00:00-04:00,27.1299991607666,27.3700008392334,27.110000610351562,27.229999542236328,25.524784088134766,763900,0.0,0.0
2018-05-16 00:00:00-04:00,27.260000228881836,27.40999984741211,27.25,27.299999237060547,25.590402603149414,524600,0.0,0.0
2018-05-17 00:00:00-04:00,27.31999969482422,27.600000381469727,27.219999313354492,27.520000457763672,25.796627044677734,490100,0.0,0.0
2018-05-18 00:00:00-04:00,27.530000686645508,27.760000228881836,27.420000076293945,27.610000610351562,25.88098907470703,1195300,0.0,0.0
2018-05-21 00:00:00-04:00,27.709999084472656,28.0,27.709999084472656,27.860000610351562,26.115331649780273,720300,0.0,0.0
2018-05-22 00:00:00-04:00,27.860000610351562,28.020000457763672,27.719999313354492,27.780000686645508,26.040342330932617,591800,0.0,0.0
2018-05-23 00:00:00-04:00,27.739999771118164,27.90999984741211,27.68000030517578,27.889999389648438,26.143451690673828,462900,0.0,0.0
2018-05-24 00:00:00-04:00,27.81999969482422,27.989999771118164,27.75,27.969999313354492,26.218442916870117,398100,0.0,0.0
2018-05-25 00:00:00-04:00,27.899999618530273,28.030000686645508,27.690000534057617,27.809999465942383,26.068466186523438,573700,0.0,0.0
2018-05-29 00:00:00-04:00,27.56999969482422,27.639999389648438,27.190000534057617,27.329999923706055,25.618518829345703,940700,0.0,0.0
2018-05-30 00:00:00-04:00,27.540000915527344,27.969999313354492,27.540000915527344,27.829999923706055,26.087207794189453,992600,0.0,0.0
2018-05-31 00:00:00-04:00,27.84000015258789,27.920000076293945,27.59000015258789,27.780000686645508,26.040342330932617,997700,0.0,0.0
2018-06-01 00:00:00-04:00,28.030000686645508,28.1200008392334,27.940000534057617,28.040000915527344,26.2840633392334,955700,0.0,0.0
2018-06-04 00:00:00-04:00,28.18000030517578,28.260000228881836,28.010000228881836,28.100000381469727,26.340301513671875,587300,0.0,0.0
2018-06-05 00:00:00-04:00,28.010000228881836,28.170000076293945,27.90999984741211,28.149999618530273,26.387168884277344,438400,0.0,0.0
2018-06-06 00:00:00-04:00,28.25,28.3700008392334,28.010000228881836,28.100000381469727,26.340301513671875,611200,0.0,0.0
2018-06-07 00:00:00-04:00,28.110000610351562,28.239999771118164,28.020000457763672,28.1200008392334,26.35904312133789,520900,0.0,0.0
2018-06-08 00:00:00-04:00,28.1200008392334,28.520000457763672,28.1200008392334,28.479999542236328,26.696500778198242,661700,0.0,0.0
2018-06-11 00:00:00-04:00,28.520000457763672,28.6299991607666,28.450000762939453,28.59000015258789,26.799617767333984,943500,0.0,0.0
2018-06-12 00:00:00-04:00,28.59000015258789,28.639999389648438,28.309999465942383,28.440000534057617,26.65900421142578,876400,0.0,0.0
2018-06-13 00:00:00-04:00,28.459999084472656,28.520000457763672,28.25,28.290000915527344,26.51840591430664,451300,0.0,0.0
2018-06-14 00:00:00-04:00,28.43000030517578,28.43000030517578,28.15999984741211,28.329999923706055,26.555898666381836,656500,0.0,0.0
2018-06-15 00:00:00-04:00,28.290000915527344,28.34000015258789,28.06999969482422,28.260000228881836,26.490285873413086,1689500,0.0,0.0
2018-06-18 00:00:00-04:00,28.040000915527344,28.489999771118164,27.8700008392334,28.420000076293945,26.640256881713867,756200,0.0,0.0
2018-06-19 00:00:00-04:00,28.290000915527344,28.540000915527344,28.139999389648438,28.510000228881836,26.724626541137695,940300,0.0,0.0
2018-06-20 00:00:00-04:00,28.6299991607666,28.6299991607666,28.139999389648438,28.15999984741211,26.396543502807617,1268200,0.0,0.0
2018-06-21 00:00:00-04:00,28.149999618530273,28.190000534057617,28.0,28.06999969482422,26.312177658081055,550200,0.0,0.0
2018-06-22 00:00:00-04:00,28.229999542236328,28.329999923706055,27.889999389648438,28.219999313354492,26.452783584594727,1322700,0.0,0.0
2018-06-25 00:00:00-04:00,28.139999389648438,28.270000457763672,27.84000015258789,28.010000228881836,26.255935668945312,799400,0.0,0.0
2018-06-26 00:00:00-04:00,27.979999542236328,28.030000686645508,27.84000015258789,27.899999618530273,26.15282440185547,598900,0.0,0.0
2018-06-27 00:00:00-04:00,27.860000610351562,28.1200008392334,27.489999771118164,27.489999771118164,25.76849937438965,991400,0.0,0.0
2018-06-28 00:00:00-04:00,27.469999313354492,27.700000762939453,27.450000762939453,27.56999969482422,25.843488693237305,645500,0.0,0.0
2018-06-29 00:00:00-04:00,27.649999618530273,27.920000076293945,27.559999465942383,27.729999542236328,25.993467330932617,674000,0.0,0.0
2018-07-02 00:00:00-04:00,27.559999465942383,27.770000457763672,27.530000686645508,27.709999084472656,25.97472381591797,546300,0.0,0.0
2018-07-03 00:00:00-04:00,27.790000915527344,28.139999389648438,27.670000076293945,27.899999618530273,26.15282440185547,444400,0.0,0.0
2018-07-05 00:00:00-04:00,28.079999923706055,28.1200008392334,27.790000915527344,28.1200008392334,26.35904312133789,769100,0.0,0.0
2018-07-06 00:00:00-04:00,28.049999237060547,28.510000228881836,28.010000228881836,28.299999237060547,26.527772903442383,722200,0.0,0.0
2018-07-09 00:00:00-04:00,28.40999984741211,28.799999237060547,28.3700008392334,28.770000457763672,26.968339920043945,870500,0.0,0.0
2018-07-10 00:00:00-04:00,28.770000457763672,28.829999923706055,28.489999771118164,28.65999984741211,26.865232467651367,812100,0.0,0.0
2018-07-11 00:00:00-04:00,28.559999465942383,28.65999984741211,28.43000030517578,28.559999465942383,26.77149200439453,592600,0.0,0.0
2018-07-12 00:00:00-04:00,28.68000030517578,28.75,28.5,28.729999542236328,26.930843353271484,880400,0.0,0.0
2018-07-13 00:00:00-04:00,28.729999542236328,28.84000015258789,28.639999389648438,28.75,26.9495906829834,487900,0.0,0.0
2018-07-16 00:00:00-04:00,28.75,29.020000457763672,28.670000076293945,29.010000228881836,27.19331169128418,524300,0.0,0.0
2018-07-17 00:00:00-04:00,29.010000228881836,29.260000228881836,28.950000762939453,29.149999618530273,27.324546813964844,823200,0.0,0.0
2018-07-18 00:00:00-04:00,29.170000076293945,29.6200008392334,29.170000076293945,29.59000015258789,27.73699378967285,875700,0.0,0.0
2018-07-19 00:00:00-04:00,29.5,29.6200008392334,29.34000015258789,29.459999084472656,27.61513328552246,1079600,0.0,0.0
2018-07-20 00:00:00-04:00,29.469999313354492,29.780000686645508,29.420000076293945,29.670000076293945,27.811983108520508,1257500,0.0,0.0
2018-07-23 00:00:00-04:00,29.6200008392334,29.75,29.280000686645508,29.600000381469727,27.74636459350586,1390900,0.0,0.0
2018-07-24 00:00:00-04:00,28.459999084472656,29.06999969482422,28.010000228881836,28.959999084472656,27.146438598632812,2717100,0.0,0.0
2018-07-25 00:00:00-04:00,28.889999389648438,29.260000228881836,28.850000381469727,29.1299991607666,27.305797576904297,1486200,0.0,0.0
2018-07-26 00:00:00-04:00,29.229999542236328,29.459999084472656,29.049999237060547,29.43000030517578,27.58701515197754,1063100,0.0,0.0
2018-07-27 00:00:00-04:00,29.360000610351562,29.489999771118164,29.06999969482422,29.280000686645508,27.446401596069336,1251200,0.0,0.0
2018-07-30 00:00:00-04:00,29.350000381469727,29.540000915527344,29.290000915527344,29.40999984741211,27.568262100219727,884000,0.0,0.0
2018-07-31 00:00:00-04:00,29.420000076293945,29.520000457763672,29.139999389648438,29.260000228881836,27.427661895751953,1544400,0.0,0.0
2018-08-01 00:00:00-04:00,29.260000228881836,29.399999618530273,28.969999313354492,28.979999542236328,27.165191650390625,1204100,0.0,0.0
2018-08-02 00:00:00-04:00,28.81999969482422,29.260000228881836,28.65999984741211,29.190000534057617,27.36203956604004,1012800,0.0,0.0
2018-08-03 00:00:00-04:00,28.81999969482422,29.309999465942383,28.81999969482422,29.290000915527344,27.45578384399414,398400,0.0,0.0
2018-08-06 00:00:00-04:00,29.34000015258789,29.450000762939453,29.280000686645508,29.440000534057617,27.59638786315918,799100,0.0,0.0
2018-08-07 00:00:00-04:00,29.420000076293945,29.649999618530273,29.31999969482422,29.56999969482422,27.78903579711914,677800,0.075,0.0
2018-08-08 00:00:00-04:00,29.540000915527344,29.84000015258789,29.3799991607666,29.780000686645508,27.98638916015625,843000,0.0,0.0
2018-08-09 00:00:00-04:00,29.829999923706055,29.989999771118164,29.709999084472656,29.719999313354492,27.93000030517578,778000,0.0,0.0
2018-08-10 00:00:00-04:00,29.579999923706055,29.790000915527344,29.579999923706055,29.649999618530273,27.864219665527344,509700,0.0,0.0
2018-08-13 00:00:00-04:00,29.700000762939453,29.850000381469727,29.5,29.59000015258789,27.807836532592773,1693400,0.0,0.0
2018-08-14 00:00:00-04:00,29.700000762939453,29.809999465942383,29.540000915527344,29.739999771118164,27.948801040649414,787100,0.0,0.0
2018-08-15 00:00:00-04:00,29.6299991607666,29.760000228881836,29.520000457763672,29.729999542236328,27.93940544128418,692600,0.0,0.0
2018-08-16 00:00:00-04:00,29.8700008392334,30.040000915527344,29.770000457763672,29.829999923706055,28.033374786376953,657700,0.0,0.0
2018-08-17 00:00:00-04:00,29.770000457763672,29.8799991607666,29.739999771118164,29.81999969482422,28.023984909057617,660900,0.0,0.0
2018-08-20 00:00:00-04:00,29.829999923706055,30.030000686645508,29.790000915527344,29.889999389648438,28.08976936340332,752100,0.0,0.0
2018-08-21 00:00:00-04:00,29.899999618530273,30.360000610351562,29.860000610351562,30.299999237060547,28.475069046020508,987400,0.0,0.0
2018-08-22 00:00:00-04:00,30.239999771118164,30.389999389648438,30.139999389648438,30.219999313354492,28.399885177612305,541900,0.0,0.0
2018-08-23 00:00:00-04:00,30.25,30.299999237060547,30.139999389648438,30.280000686645508,28.456274032592773,566600,0.0,0.0
2018-08-24 00:00:00-04:00,30.3799991607666,30.450000762939453,30.229999542236328,30.3799991607666,28.550249099731445,908800,0.0,0.0
2018-08-27 00:00:00-04:00,30.520000457763672,30.639999389648438,30.25,30.280000686645508,28.456274032592773,876000,0.0,0.0
2018-08-28 00:00:00-04:00,30.299999237060547,30.360000610351562,29.989999771118164,30.1200008392334,28.3059139251709,748500,0.0,0.0
2018-08-29 00:00:00-04:00,30.15999984741211,30.260000228881836,30.030000686645508,30.219999313354492,28.399885177612305,515700,0.0,0.0
2018-08-30 00:00:00-04:00,30.190000534057617,30.229999542236328,30.030000686645508,30.139999389648438,28.3247013092041,508200,0.0,0.0
2018-08-31 00:00:00-04:00,30.059999465942383,30.510000228881836,30.059999465942383,30.479999542236328,28.64423370361328,666600,0.0,0.0
2018-09-04 00:00:00-04:00,30.479999542236328,30.639999389648438,30.34000015258789,30.459999084472656,28.625436782836914,1209400,0.0,0.0
2018-09-05 00:00:00-04:00,30.5,30.770000457763672,30.479999542236328,30.670000076293945,28.822784423828125,867900,0.0,0.0
2018-09-06 00:00:00-04:00,30.68000030517578,31.059999465942383,30.68000030517578,30.770000457763672,28.916767120361328,1528400,0.0,0.0
2018-09-07 00:00:00-04:00,30.729999542236328,30.860000610351562,30.549999237060547,30.81999969482422,28.963762283325195,916800,0.0,0.0
2018-09-10 00:00:00-04:00,30.93000030517578,31.06999969482422,30.760000228881836,31.0,29.13291358947754,1027100,0.0,0.0
2018-09-11 00:00:00-04:00,30.920000076293945,31.290000915527344,30.920000076293945,31.170000076293945,29.29267692565918,922000,0.0,0.0
2018-09-12 00:00:00-04:00,31.139999389648438,31.260000228881836,31.010000228881836,31.190000534057617,29.311466217041016,796300,0.0,0.0
2018-09-13 00:00:00-04:00,31.280000686645508,31.489999771118164,31.229999542236328,31.34000015258789,29.452430725097656,910800,0.0,0.0
2018-09-14 00:00:00-04:00,31.389999389648438,31.549999237060547,30.920000076293945,31.06999969482422,29.198698043823242,1636300,0.0,0.0
2018-09-17 00:00:00-04:00,31.15999984741211,31.200000762939453,30.610000610351562,30.6299991607666,28.78519630432129,1201600,0.0,0.0
2018-09-18 00:00:00-04:00,30.600000381469727,30.729999542236328,30.06999969482422,30.079999923706055,28.268325805664062,1831600,0.0,0.0
2018-09-19 00:00:00-04:00,30.079999923706055,30.540000915527344,30.020000457763672,30.399999618530273,28.569047927856445,1296800,0.0,0.0
2018-09-20 00:00:00-04:00,30.489999771118164,30.540000915527344,30.219999313354492,30.399999618530273,28.569047927856445,1008800,0.0,0.0
2018-09-21 00:00:00-04:00,30.40999984741211,30.510000228881836,30.209999084472656,30.270000457763672,28.446884155273438,2020200,0.0,0.0
2018-09-24 00:00:00-04:00,30.209999084472656,30.219999313354492,29.8799991607666,30.010000228881836,28.202533721923828,740900,0.0,0.0
2018-09-25 00:00:00-04:00,29.959999084472656,30.06999969482422,29.670000076293945,29.690000534057617,27.901809692382812,688200,0.0,0.0
2018-09-26 00:00:00-04:00,29.700000762939453,29.770000457763672,29.5,29.530000686645508,27.751445770263672,1039800,0.0,0.0
2018-09-27 00:00:00-04:00,29.600000381469727,29.8700008392334,29.530000686645508,29.579999923706055,27.79843521118164,1068500,0.0,0.0
2018-09-28 00:00:00-04:00,29.520000457763672,29.719999313354492,29.479999542236328,29.56999969482422,27.78903579711914,921700,0.0,0.0
2018-10-01 00:00:00-04:00,29.709999084472656,29.829999923706055,29.440000534057617,29.5,27.72325897216797,768000,0.0,0.0
2018-10-02 00:00:00-04:00,29.5,29.56999969482422,29.360000610351562,29.420000076293945,27.64807891845703,797100,0.0,0.0
2018-10-03 00:00:00-04:00,29.510000228881836,29.579999923706055,29.389999389648438,29.479999542236328,27.704458236694336,810700,0.0,0.0
2018-10-04 00:00:00-04:00,29.440000534057617,29.690000534057617,29.440000534057617,29.6299991607666,27.845426559448242,728600,0.0,0.0
2018-10-05 00:00:00-04:00,29.6200008392334,29.790000915527344,29.299999237060547,29.31999969482422,27.554096221923828,706000,0.0,0.0
2018-10-08 00:00:00-04:00,29.25,29.56999969482422,29.190000534057617,29.489999771118164,27.713857650756836,1383200,0.0,0.0
2018-10-09 00:00:00-04:00,29.520000457763672,29.540000915527344,29.270000457763672,29.309999465942383,27.544700622558594,815600,0.0,0.0
2018-10-10 00:00:00-04:00,29.229999542236328,29.290000915527344,28.6200008392334,28.649999618530273,26.924449920654297,1393800,0.0,0.0
2018-10-11 00:00:00-04:00,28.6200008392334,28.709999084472656,28.020000457763672,28.110000610351562,26.41697120666504,1305400,0.0,0.0
2018-10-12 00:00:00-04:00,28.350000381469727,28.350000381469727,27.479999542236328,27.90999984741211,26.22902488708496,1128900,0.0,0.0
2018-10-15 00:00:00-04:00,27.84000015258789,28.0,27.729999542236328,27.81999969482422,26.144437789916992,938100,0.0,0.0
2018-10-16 00:00:00-04:00,27.920000076293945,28.399999618530273,27.790000915527344,28.389999389648438,26.68010711669922,886000,0.0,0.0
2018-10-17 00:00:00-04:00,28.3799991607666,28.579999923706055,28.059999465942383,28.479999542236328,26.764684677124023,1366400,0.0,0.0
2018-10-18 00:00:00-04:00,28.440000534057617,28.68000030517578,28.15999984741211,28.200000762939453,26.501554489135742,1543200,0.0,0.0
2018-10-19 00:00:00-04:00,28.209999084472656,28.920000076293945,28.149999618530273,28.850000381469727,27.11240577697754,1314700,0.0,0.0
2018-10-22 00:00:00-04:00,28.90999984741211,29.5,28.829999923706055,29.1299991607666,27.375537872314453,2725400,0.0,0.0
2018-10-23 00:00:00-04:00,28.690000534057617,28.690000534057617,27.6299991607666,28.0,26.313600540161133,2243200,0.0,0.0
2018-10-24 00:00:00-04:00,28.030000686645508,28.31999969482422,27.59000015258789,27.610000610351562,25.94709014892578,2451400,0.0,0.0
2018-10-25 00:00:00-04:00,27.729999542236328,28.290000915527344,27.56999969482422,28.079999923706055,26.46546173095703,2153700,0.08,0.0
2018-10-26 00:00:00-04:00,27.899999618530273,28.190000534057617,27.610000610351562,27.940000534057617,26.333515167236328,1358400,0.0,0.0
2018-10-29 00:00:00-04:00,28.239999771118164,28.520000457763672,27.6299991607666,27.920000076293945,26.31466293334961,1530200,0.0,0.0
2018-10-30 00:00:00-04:00,28.030000686645508,28.09000015258789,27.68000030517578,28.059999465942383,26.446605682373047,962600,0.0,0.0
2018-10-31 00:00:00-04:00,28.25,28.579999923706055,28.110000610351562,28.18000030517578,26.55971336364746,1939500,0.0,0.0
2018-11-01 00:00:00-04:00,28.219999313354492,28.350000381469727,27.8700008392334,28.229999542236328,26.60683250427246,918500,0.0,0.0
2018-11-02 00:00:00-04:00,28.40999984741211,28.540000915527344,27.899999618530273,28.18000030517578,26.55971336364746,1168700,0.0,0.0
2018-11-05 00:00:00-05:00,28.25,28.549999237060547,28.09000015258789,28.420000076293945,26.785911560058594,821500,0.0,0.0
2018-11-06 00:00:00-05:00,28.350000381469727,28.850000381469727,28.329999923706055,28.829999923706055,27.172334671020508,938500,0.0,0.0
2018-11-07 00:00:00-05:00,28.920000076293945,29.040000915527344,28.649999618530273,29.030000686645508,27.360837936401367,884900,0.0,0.0
2018-11-08 00:00:00-05:00,28.969999313354492,29.25,28.889999389648438,29.239999771118164,27.55876350402832,869500,0.0,0.0
2018-11-09 00:00:00-05:00,29.139999389648438,29.3700008392334,29.079999923706055,29.290000915527344,27.60589599609375,913900,0.0,0.0
2018-11-12 00:00:00-05:00,29.329999923706055,29.420000076293945,28.739999771118164,28.790000915527344,27.1346435546875,829700,0.0,0.0
2018-11-13 00:00:00-05:00,28.84000015258789,29.200000762939453,28.790000915527344,28.889999389648438,27.22889518737793,681900,0.0,0.0
2018-11-14 00:00:00-05:00,29.059999465942383,29.059999465942383,28.280000686645508,28.540000915527344,26.899009704589844,973500,0.0,0.0
2018-11-15 00:00:00-05:00,28.34000015258789,28.829999923706055,28.299999237060547,28.81999969482422,27.162912368774414,1016200,0.0,0.0
2018-11-16 00:00:00-05:00,28.690000534057617,29.020000457763672,28.579999923706055,28.8700008392334,27.210039138793945,635200,0.0,0.0
2018-11-19 00:00:00-05:00,28.8700008392334,29.06999969482422,28.729999542236328,28.920000076293945,27.257165908813477,649500,0.0,0.0
2018-11-20 00:00:00-05:00,28.75,28.8799991607666,28.3799991607666,28.43000030517578,26.795339584350586,757200,0.0,0.0
2018-11-21 00:00:00-05:00,28.450000762939453,28.690000534057617,28.219999313354492,28.280000686645508,26.653963088989258,617600,0.0,0.0
2018-11-23 00:00:00-05:00,28.1200008392334,28.6299991607666,28.020000457763672,28.459999084472656,26.823610305786133,284200,0.0,0.0
2018-11-26 00:00:00-05:00,28.719999313354492,28.829999923706055,28.450000762939453,28.59000015258789,26.946138381958008,896800,0.0,0.0
2018-11-27 00:00:00-05:00,28.540000915527344,28.690000534057617,28.229999542236328,28.280000686645508,26.653963088989258,701800,0.0,0.0
2018-11-28 00:00:00-05:00,28.25,28.850000381469727,28.25,28.850000381469727,27.191194534301758,942300,0.0,0.0
2018-11-29 00:00:00-05:00,28.68000030517578,29.06999969482422,28.649999618530273,29.040000915527344,27.37026596069336,1030100,0.0,0.0
2018-11-30 00:00:00-05:00,29.040000915527344,29.229999542236328,28.84000015258789,29.020000457763672,27.351421356201172,1184400,0.0,0.0
2018-12-03 00:00:00-05:00,29.139999389648438,29.290000915527344,28.520000457763672,29.079999923706055,27.40796661376953,1103900,0.0,0.0
2018-12-04 00:00:00-05:00,28.969999313354492,29.18000030517578,28.459999084472656,28.59000015258789,26.946138381958008,1029700,0.0,0.0
2018-12-06 00:00:00-05:00,28.190000534057617,28.31999969482422,27.43000030517578,27.920000076293945,26.31466293334961,1364200,0.0,0.0
2018-12-07 00:00:00-05:00,27.809999465942383,28.139999389648438,27.459999084472656,27.59000015258789,26.003637313842773,1390200,0.0,0.0
2018-12-10 00:00:00-05:00,27.700000762939453,27.700000762939453,26.979999542236328,27.530000686645508,25.947086334228516,930400,0.0,0.0
2018-12-11 00:00:00-05:00,27.809999465942383,27.889999389648438,27.25,27.350000381469727,25.777437210083008,910600,0.0,0.0
2018-12-12 00:00:00-05:00,27.709999084472656,27.770000457763672,27.3700008392334,27.489999771118164,25.90938377380371,773400,0.0,0.0
2018-12-13 00:00:00-05:00,27.600000381469727,27.739999771118164,27.299999237060547,27.700000762939453,26.107315063476562,1624100,0.0,0.0
2018-12-14 00:00:00-05:00,27.520000457763672,27.90999984741211,27.469999313354492,27.6200008392334,26.03191375732422,1626100,0.0,0.0
2018-12-17 00:00:00-05:00,27.639999389648438,27.719999313354492,27.110000610351562,27.200000762939453,25.63606071472168,1376200,0.0,0.0
2018-12-18 00:00:00-05:00,27.40999984741211,27.559999465942383,27.18000030517578,27.31999969482422,25.749160766601562,1172600,0.0,0.0
2018-12-19 00:00:00-05:00,27.350000381469727,27.739999771118164,26.969999313354492,27.059999465942383,25.504117965698242,1650300,0.0,0.0
2018-12-20 00:00:00-05:00,26.989999771118164,27.209999084472656,26.739999771118164,27.020000457763672,25.466415405273438,1523300,0.0,0.0
2018-12-21 00:00:00-05:00,26.969999313354492,27.520000457763672,26.530000686645508,26.530000686645508,25.004587173461914,3769100,0.0,0.0
2018-12-24 00:00:00-05:00,26.479999542236328,26.549999237060547,26.040000915527344,26.06999969482422,24.571029663085938,801200,0.0,0.0
2018-12-26 00:00:00-05:00,26.079999923706055,26.860000610351562,25.719999313354492,26.860000610351562,25.31561279296875,1093500,0.0,0.0
2018-12-27 00:00:00-05:00,26.459999084472656,26.989999771118164,26.1299991607666,26.979999542236328,25.428709030151367,1603400,0.0,0.0
2018-12-28 00:00:00-05:00,27.059999465942383,27.389999389648438,26.920000076293945,27.18000030517578,25.617210388183594,1156600,0.0,0.0
2018-12-31 00:00:00-05:00,27.190000534057617,27.559999465942383,27.190000534057617,27.559999465942383,25.97536277770996,1078600,0.0,0.0
2019-01-02 00:00:00-05:00,27.190000534057617,27.399999618530273,26.940000534057617,27.06999969482422,25.513538360595703,1181300,0.0,0.0
2019-01-03 00:00:00-05:00,27.049999237060547,27.329999923706055,26.690000534057617,26.729999542236328,25.193086624145508,1132800,0.0,0.0
2019-01-04 00:00:00-05:00,27.020000457763672,27.440000534057617,26.950000762939453,27.389999389648438,25.815134048461914,832100,0.0,0.0
2019-01-07 00:00:00-05:00,27.34000015258789,27.639999389648438,27.200000762939453,27.3700008392334,25.79629135131836,1057900,0.0,0.0
2019-01-08 00:00:00-05:00,27.65999984741211,27.729999542236328,27.209999084472656,27.729999542236328,26.135583877563477,940300,0.0,0.0
2019-01-09 00:00:00-05:00,27.729999542236328,27.950000762939453,27.469999313354492,27.790000915527344,26.192136764526367,1074200,0.0,0.0
2019-01-10 00:00:00-05:00,27.709999084472656,27.989999771118164,27.579999923706055,27.989999771118164,26.380638122558594,725100,0.0,0.0
2019-01-11 00:00:00-05:00,27.829999923706055,27.8700008392334,27.59000015258789,27.780000686645508,26.18271255493164,703000,0.0,0.0
2019-01-14 00:00:00-05:00,27.610000610351562,27.889999389648438,27.520000457763672,27.860000610351562,26.258113861083984,824700,0.0,0.0
2019-01-15 00:00:00-05:00,27.770000457763672,28.0,27.6299991607666,27.920000076293945,26.31466293334961,674300,0.0,0.0
2019-01-16 00:00:00-05:00,28.110000610351562,28.350000381469727,27.979999542236328,28.31999969482422,26.69166374206543,653100,0.0,0.0
2019-01-17 00:00:00-05:00,28.200000762939453,28.420000076293945,28.030000686645508,28.18000030517578,26.55971336364746,1222500,0.0,0.0
2019-01-18 00:00:00-05:00,28.350000381469727,28.68000030517578,28.260000228881836,28.639999389648438,26.993257522583008,785300,0.0,0.0
2019-01-22 00:00:00-05:00,28.489999771118164,28.709999084472656,28.170000076293945,28.31999969482422,26.69166374206543,950500,0.0,0.0
2019-01-23 00:00:00-05:00,28.34000015258789,28.440000534057617,28.1299991607666,28.43000030517578,26.795339584350586,822600,0.0,0.0
2019-01-24 00:00:00-05:00,28.34000015258789,28.459999084472656,28.1299991607666,28.309999465942383,26.682247161865234,1494400,0.0,0.0
2019-01-25 00:00:00-05:00,28.530000686645508,28.600000381469727,28.139999389648438,28.200000762939453,26.578561782836914,1246700,0.0,0.0
2019-01-28 00:00:00-05:00,28.100000381469727,28.200000762939453,27.780000686645508,27.959999084472656,26.352365493774414,1332600,0.0,0.0
2019-01-29 00:00:00-05:00,27.239999771118164,27.25,26.229999542236328,26.75,25.21194076538086,4456100,0.0,0.0
2019-01-30 00:00:00-05:00,26.729999542236328,26.8799991607666,26.469999313354492,26.760000228881836,25.221363067626953,2822700,0.0,0.0
2019-01-31 00:00:00-05:00,26.600000381469727,27.200000762939453,26.579999923706055,27.15999984741211,25.598363876342773,2035100,0.0,0.0
2019-02-01 00:00:00-05:00,27.309999465942383,27.8700008392334,27.219999313354492,27.8700008392334,26.267539978027344,1753600,0.0,0.0
2019-02-04 00:00:00-05:00,27.829999923706055,27.920000076293945,27.690000534057617,27.8799991607666,26.276958465576172,1082200,0.0,0.0
2019-02-05 00:00:00-05:00,27.899999618530273,28.079999923706055,27.760000228881836,28.049999237060547,26.513267517089844,1325200,0.08,0.0
2019-02-06 00:00:00-05:00,27.969999313354492,28.030000686645508,27.809999465942383,27.940000534057617,26.40928840637207,937900,0.0,0.0
2019-02-07 00:00:00-05:00,27.8799991607666,27.8799991607666,27.43000030517578,27.809999465942383,26.286418914794922,1408700,0.0,0.0
2019-02-08 00:00:00-05:00,27.709999084472656,27.969999313354492,27.65999984741211,27.829999923706055,26.30531883239746,1256500,0.0,0.0
2019-02-11 00:00:00-05:00,27.90999984741211,28.15999984741211,27.799999237060547,28.1299991607666,26.588884353637695,1114400,0.0,0.0
2019-02-12 00:00:00-05:00,28.260000228881836,28.549999237060547,28.209999084472656,28.469999313354492,26.910253524780273,1432300,0.0,0.0
2019-02-13 00:00:00-05:00,28.530000686645508,28.68000030517578,28.3700008392334,28.450000762939453,26.891355514526367,1095400,0.0,0.0
2019-02-14 00:00:00-05:00,28.299999237060547,28.6299991607666,28.190000534057617,28.479999542236328,26.91970443725586,1135700,0.0,0.0
2019-02-15 00:00:00-05:00,28.68000030517578,29.059999465942383,28.6200008392334,29.059999465942383,27.467927932739258,1236900,0.0,0.0
2019-02-19 00:00:00-05:00,28.979999542236328,29.270000457763672,28.90999984741211,29.1200008392334,27.524646759033203,1381900,0.0,0.0
2019-02-20 00:00:00-05:00,29.15999984741211,29.459999084472656,29.079999923706055,29.440000534057617,27.827112197875977,956900,0.0,0.0
2019-02-21 00:00:00-05:00,29.440000534057617,29.610000610351562,29.360000610351562,29.440000534057617,27.827112197875977,561600,0.0,0.0
2019-02-22 00:00:00-05:00,29.459999084472656,29.6200008392334,29.399999618530273,29.510000228881836,27.893281936645508,525800,0.0,0.0
2019-02-25 00:00:00-05:00,29.579999923706055,29.770000457763672,29.43000030517578,29.510000228881836,27.893281936645508,592900,0.0,0.0
2019-02-26 00:00:00-05:00,29.43000030517578,29.510000228881836,29.18000030517578,29.200000762939453,27.600265502929688,756500,0.0,0.0
2019-02-27 00:00:00-05:00,29.010000228881836,29.450000762939453,29.010000228881836,29.34000015258789,27.732593536376953,718000,0.0,0.0
2019-02-28 00:00:00-05:00,29.3799991607666,29.700000762939453,29.200000762939453,29.6200008392334,27.99725341796875,1142600,0.0,0.0
2019-03-01 00:00:00-05:00,29.760000228881836,29.959999084472656,29.600000381469727,29.8700008392334,28.233556747436523,937900,0.0,0.0
2019-03-04 00:00:00-05:00,29.81999969482422,29.940000534057617,29.59000015258789,29.8700008392334,28.233556747436523,1068300,0.0,0.0
2019-03-05 00:00:00-05:00,29.940000534057617,30.1299991607666,29.40999984741211,29.440000534057617,27.827112197875977,1322300,0.0,0.0
2019-03-06 00:00:00-05:00,29.40999984741211,29.530000686645508,29.25,29.290000915527344,27.685331344604492,965000,0.0,0.0
2019-03-07 00:00:00-05:00,29.200000762939453,29.329999923706055,28.950000762939453,29.06999969482422,27.477384567260742,802800,0.0,0.0
2019-03-08 00:00:00-05:00,28.889999389648438,28.989999771118164,28.690000534057617,28.8700008392334,27.288341522216797,636600,0.0,0.0
2019-03-11 00:00:00-04:00,28.989999771118164,29.209999084472656,28.950000762939453,29.170000076293945,27.57190704345703,767300,0.0,0.0
2019-03-12 00:00:00-04:00,29.239999771118164,29.329999923706055,29.06999969482422,29.1299991607666,27.53409767150879,735500,0.0,0.0
2019-03-13 00:00:00-04:00,29.190000534057617,29.290000915527344,29.06999969482422,29.170000076293945,27.57190704345703,1039200,0.0,0.0
2019-03-14 00:00:00-04:00,29.200000762939453,29.3700008392334,29.100000381469727,29.15999984741211,27.562454223632812,718500,0.0,0.0
2019-03-15 00:00:00-04:00,29.15999984741211,29.549999237060547,29.149999618530273,29.459999084472656,27.84601402282715,1402400,0.0,0.0
2019-03-18 00:00:00-04:00,29.520000457763672,29.649999618530273,29.3799991607666,29.469999313354492,27.855464935302734,532000,0.0,0.0
2019-03-19 00:00:00-04:00,29.579999923706055,29.649999618530273,29.030000686645508,29.079999923706055,27.48683738708496,838400,0.0,0.0
2019-03-20 00:00:00-04:00,29.010000228881836,29.100000381469727,28.700000762939453,28.709999084472656,27.13711166381836,797300,0.0,0.0
2019-03-21 00:00:00-04:00,28.639999389648438,29.1299991607666,28.610000610351562,29.110000610351562,27.515193939208984,713300,0.0,0.0
2019-03-22 00:00:00-04:00,28.90999984741211,29.079999923706055,28.84000015258789,28.8799991607666,27.29779052734375,711700,0.0,0.0
2019-03-25 00:00:00-04:00,28.90999984741211,29.110000610351562,28.809999465942383,29.010000228881836,27.420665740966797,813100,0.0,0.0
2019-03-26 00:00:00-04:00,29.239999771118164,29.3799991607666,29.079999923706055,29.209999084472656,27.60971450805664,835700,0.0,0.0
2019-03-27 00:00:00-04:00,29.200000762939453,29.389999389648438,29.149999618530273,29.290000915527344,27.685331344604492,757500,0.0,0.0
2019-03-28 00:00:00-04:00,29.309999465942383,29.450000762939453,29.059999465942383,29.40999984741211,27.798757553100586,805300,0.0,0.0
2019-03-29 00:00:00-04:00,29.610000610351562,29.65999984741211,29.360000610351562,29.510000228881836,27.893281936645508,825200,0.0,0.0
2019-04-01 00:00:00-04:00,29.690000534057617,29.850000381469727,29.579999923706055,29.799999237060547,28.16738510131836,634300,0.0,0.0
2019-04-02 00:00:00-04:00,29.780000686645508,29.829999923706055,29.610000610351562,29.65999984741211,28.035062789916992,715300,0.0,0.0
2019-04-03 00:00:00-04:00,29.809999465942383,29.809999465942383,29.559999465942383,29.75,28.120128631591797,807600,0.0,0.0
2019-04-04 00:00:00-04:00,29.809999465942383,29.950000762939453,29.690000534057617,29.940000534057617,28.299720764160156,784800,0.0,0.0
2019-04-05 00:00:00-04:00,29.989999771118164,30.030000686645508,29.829999923706055,29.93000030517578,28.290273666381836,608900,0.0,0.0
2019-04-08 00:00:00-04:00,29.889999389648438,29.969999313354492,29.770000457763672,29.899999618530273,28.261913299560547,709600,0.0,0.0
2019-04-09 00:00:00-04:00,29.889999389648438,29.889999389648438,29.6200008392334,29.700000762939453,28.0728702545166,872900,0.0,0.0
2019-04-10 00:00:00-04:00,29.760000228881836,30.09000015258789,29.729999542236328,29.969999313354492,28.32807731628418,755100,0.0,0.0
2019-04-11 00:00:00-04:00,30.06999969482422,30.309999465942383,29.979999542236328,30.270000457763672,28.611644744873047,937900,0.0,0.0
2019-04-12 00:00:00-04:00,30.450000762939453,30.56999969482422,30.329999923706055,30.510000228881836,28.83849334716797,728000,0.0,0.0
2019-04-15 00:00:00-04:00,30.520000457763672,30.799999237060547,30.520000457763672,30.68000030517578,28.999181747436523,886200,0.0,0.0
2019-04-16 00:00:00-04:00,30.829999923706055,30.889999389648438,30.600000381469727,30.729999542236328,29.046443939208984,879900,0.0,0.0
2019-04-17 00:00:00-04:00,30.829999923706055,30.84000015258789,30.239999771118164,30.40999984741211,28.74397087097168,964600,0.0,0.0
2019-04-18 00:00:00-04:00,30.389999389648438,30.610000610351562,30.3799991607666,30.56999969482422,28.89520263671875,905200,0.0,0.0
2019-04-22 00:00:00-04:00,30.440000534057617,30.579999923706055,30.209999084472656,30.510000228881836,28.83849334716797,1058600,0.0,0.0
2019-04-23 00:00:00-04:00,31.809999465942383,32.16999816894531,31.010000228881836,31.56999969482422,29.840417861938477,2925900,0.0,0.0
2019-04-24 00:00:00-04:00,31.59000015258789,31.81999969482422,31.440000534057617,31.459999084472656,29.7364501953125,1090900,0.0,0.0
2019-04-25 00:00:00-04:00,31.290000915527344,31.56999969482422,31.079999923706055,31.5,29.774259567260742,931500,0.0,0.0
2019-04-26 00:00:00-04:00,31.459999084472656,31.700000762939453,31.18000030517578,31.68000030517578,29.944398880004883,794800,0.0,0.0
2019-04-29 00:00:00-04:00,31.700000762939453,31.809999465942383,31.489999771118164,31.549999237060547,29.821517944335938,987700,0.0,0.0
2019-04-30 00:00:00-04:00,31.510000228881836,31.790000915527344,31.399999618530273,31.75,30.01055908203125,920400,0.0,0.0
2019-05-01 00:00:00-04:00,31.860000610351562,31.940000534057617,31.280000686645508,31.329999923706055,29.613571166992188,1113100,0.0,0.0
2019-05-02 00:00:00-04:00,31.43000030517578,31.809999465942383,31.100000381469727,31.809999465942383,30.067276000976562,920500,0.0,0.0
2019-05-03 00:00:00-04:00,31.860000610351562,32.380001068115234,31.81999969482422,32.34000015258789,30.568241119384766,766700,0.0,0.0
2019-05-06 00:00:00-04:00,32.0099983215332,32.540000915527344,31.979999542236328,32.459999084472656,30.681659698486328,1034800,0.0,0.0
2019-05-07 00:00:00-04:00,32.209999084472656,32.38999938964844,31.850000381469727,32.040000915527344,30.359495162963867,785700,0.08,0.0
2019-05-08 00:00:00-04:00,31.959999084472656,32.290000915527344,31.90999984741211,31.950000762939453,30.274211883544922,913500,0.0,0.0
2019-05-09 00:00:00-04:00,31.690000534057617,31.959999084472656,31.520000457763672,31.670000076293945,30.00890350341797,2026000,0.0,0.0
2019-05-10 00:00:00-04:00,31.6200008392334,32.2599983215332,31.479999542236328,32.189998626708984,30.501623153686523,1161200,0.0,0.0
2019-05-13 00:00:00-04:00,31.75,31.809999465942383,31.360000610351562,31.399999618530273,29.753063201904297,957500,0.0,0.0
2019-05-14 00:00:00-04:00,31.469999313354492,31.6299991607666,31.260000228881836,31.360000610351562,29.71516227722168,2335400,0.0,0.0
2019-05-15 00:00:00-04:00,31.200000762939453,31.799999237060547,31.1200008392334,31.719999313354492,30.056276321411133,904100,0.0,0.0
2019-05-16 00:00:00-04:00,31.829999923706055,32.16999816894531,31.760000228881836,32.0,30.321596145629883,644600,0.0,0.0
2019-05-17 00:00:00-04:00,31.799999237060547,31.969999313354492,31.68000030517578,31.690000534057617,30.02785301208496,779500,0.0,0.0
2019-05-20 00:00:00-04:00,31.5,31.770000457763672,31.399999618530273,31.489999771118164,29.838342666625977,733000,0.0,0.0
2019-05-21 00:00:00-04:00,31.579999923706055,31.90999984741211,31.579999923706055,31.90999984741211,30.236312866210938,813300,0.0,0.0
2019-05-22 00:00:00-04:00,31.8799991607666,32.06999969482422,31.670000076293945,32.029998779296875,30.350019454956055,528000,0.0,0.0
2019-05-23 00:00:00-04:00,31.75,31.829999923706055,31.540000915527344,31.809999465942383,30.14156150817871,799100,0.0,0.0
2019-05-24 00:00:00-04:00,31.920000076293945,31.969999313354492,31.649999618530273,31.850000381469727,30.179460525512695,1041800,0.0,0.0
2019-05-28 00:00:00-04:00,31.81999969482422,32.029998779296875,31.59000015258789,31.59000015258789,29.93309783935547,689100,0.0,0.0
2019-05-29 00:00:00-04:00,31.450000762939453,31.690000534057617,31.3700008392334,31.649999618530273,29.98995018005371,620900,0.0,0.0
2019-05-30 00:00:00-04:00,31.709999084472656,31.889999389648438,31.559999465942383,31.65999984741211,29.999427795410156,658600,0.0,0.0
2019-05-31 00:00:00-04:00,31.399999618530273,31.6200008392334,31.190000534057617,31.56999969482422,29.914148330688477,1227900,0.0,0.0
2019-06-03 00:00:00-04:00,31.479999542236328,31.959999084472656,31.34000015258789,31.940000534057617,30.264745712280273,1349700,0.0,0.0
2019-06-04 00:00:00-04:00,32.08000183105469,32.189998626708984,31.5,32.060001373291016,30.37844467163086,967600,0.0,0.0
2019-06-05 00:00:00-04:00,32.040000915527344,32.61000061035156,32.040000915527344,32.58000183105469,30.87117576599121,1071900,0.0,0.0
2019-06-06 00:00:00-04:00,32.65999984741211,32.65999984741211,32.369998931884766,32.52000045776367,30.81431770324707,658400,0.0,0.0
2019-06-07 00:00:00-04:00,32.599998474121094,32.95000076293945,32.52000045776367,32.869998931884766,31.145957946777344,699500,0.0,0.0
2019-06-10 00:00:00-04:00,32.939998626708984,33.13999938964844,32.58000183105469,32.689998626708984,30.975399017333984,1010100,0.0,0.0
2019-06-11 00:00:00-04:00,32.81999969482422,32.97999954223633,32.56999969482422,32.59000015258789,30.88064956665039,996400,0.0,0.0
2019-06-12 00:00:00-04:00,32.599998474121094,32.869998931884766,32.439998626708984,32.849998474121094,31.12701416015625,916900,0.0,0.0
2019-06-13 00:00:00-04:00,32.970001220703125,32.97999954223633,32.470001220703125,32.689998626708984,30.975399017333984,604500,0.0,0.0
2019-06-14 00:00:00-04:00,32.70000076293945,32.90999984741211,32.63999938964844,32.81999969482422,31.098588943481445,654400,0.0,0.0
2019-06-17 00:00:00-04:00,32.900001525878906,32.95000076293945,32.63999938964844,32.68000030517578,30.965930938720703,803900,0.0,0.0
2019-06-18 00:00:00-04:00,32.689998626708984,33.0,32.61000061035156,32.7400016784668,31.022783279418945,930500,0.0,0.0
2019-06-19 00:00:00-04:00,32.72999954223633,33.22999954223633,32.72999954223633,33.15999984741211,31.42074966430664,854900,0.0,0.0
2019-06-20 00:00:00-04:00,33.34000015258789,33.459999084472656,32.9900016784668,33.400001525878906,31.648162841796875,771700,0.0,0.0
2019-06-21 00:00:00-04:00,33.27000045776367,33.34000015258789,32.900001525878906,32.900001525878906,31.17439079284668,1323200,0.0,0.0
2019-06-24 00:00:00-04:00,32.95000076293945,33.31999969482422,32.91999816894531,33.220001220703125,31.477602005004883,1083700,0.0,0.0
2019-06-25 00:00:00-04:00,33.27000045776367,33.369998931884766,33.150001525878906,33.16999816894531,31.430213928222656,713300,0.0,0.0
2019-06-26 00:00:00-04:00,33.15999984741211,33.220001220703125,32.540000915527344,32.540000915527344,30.83326530456543,558700,0.0,0.0
2019-06-27 00:00:00-04:00,32.59000015258789,33.189998626708984,32.59000015258789,33.150001525878906,31.411279678344727,588700,0.0,0.0
2019-06-28 00:00:00-04:00,33.25,33.52000045776367,33.150001525878906,33.5,31.742918014526367,1505400,0.0,0.0
2019-07-01 00:00:00-04:00,33.68000030517578,34.040000915527344,33.5099983215332,34.02000045776367,32.23563766479492,785500,0.0,0.0
2019-07-02 00:00:00-04:00,34.099998474121094,34.34000015258789,33.959999084472656,34.33000183105469,32.52938461303711,1104900,0.0,0.0
2019-07-03 00:00:00-04:00,34.41999816894531,34.7599983215332,34.369998931884766,34.72999954223633,32.90840530395508,812900,0.0,0.0
2019-07-05 00:00:00-04:00,34.650001525878906,34.77000045776367,34.36000061035156,34.7599983215332,32.936832427978516,578200,0.0,0.0
2019-07-08 00:00:00-04:00,34.689998626708984,34.79999923706055,34.5099983215332,34.529998779296875,32.71888732910156,995300,0.0,0.0
2019-07-09 00:00:00-04:00,34.400001525878906,34.779998779296875,34.38999938964844,34.7599983215332,32.936832427978516,796800,0.0,0.0
2019-07-10 00:00:00-04:00,34.880001068115234,35.06999969482422,34.720001220703125,34.779998779296875,32.95577621459961,828300,0.0,0.0
2019-07-11 00:00:00-04:00,34.7599983215332,34.86000061035156,34.56999969482422,34.86000061035156,33.03158187866211,547100,0.0,0.0
2019-07-12 00:00:00-04:00,34.97999954223633,35.060001373291016,34.7400016784668,34.9900016784668,33.15476608276367,799800,0.0,0.0
2019-07-15 00:00:00-04:00,35.0,35.22999954223633,34.83000183105469,34.91999816894531,33.08843994140625,584800,0.0,0.0
2019-07-16 00:00:00-04:00,35.02000045776367,35.27000045776367,34.939998626708984,35.02000045776367,33.183197021484375,844700,0.0,0.0
2019-07-17 00:00:00-04:00,34.88999938964844,35.13999938964844,34.849998474121094,34.91999816894531,33.08843994140625,793100,0.0,0.0
2019-07-18 00:00:00-04:00,34.93000030517578,35.130001068115234,34.869998931884766,35.130001068115234,33.28742980957031,960300,0.0,0.0
2019-07-19 00:00:00-04:00,35.20000076293945,35.220001220703125,34.70000076293945,34.70000076293945,32.87998580932617,943000,0.0,0.0
2019-07-22 00:00:00-04:00,34.68000030517578,34.849998474121094,34.4900016784668,34.650001525878906,32.83259963989258,1296900,0.0,0.0
2019-07-23 00:00:00-04:00,35.0,35.779998779296875,34.86000061035156,35.56999969482422,33.704345703125,1662900,0.0,0.0
2019-07-24 00:00:00-04:00,35.689998626708984,36.15999984741211,35.459999084472656,36.150001525878906,34.25392532348633,1313600,0.0,0.0
2019-07-25 00:00:00-04:00,36.20000076293945,36.33000183105469,35.84000015258789,36.0,34.11179733276367,1566100,0.0,0.0
2019-07-26 00:00:00-04:00,35.9900016784668,36.47999954223633,35.86000061035156,36.38999938964844,34.48133850097656,962600,0.0,0.0
2019-07-29 00:00:00-04:00,36.599998474121094,36.709999084472656,36.189998626708984,36.31999969482422,34.41500473022461,1103200,0.0,0.0
2019-07-30 00:00:00-04:00,36.18000030517578,36.5,36.04999923706055,36.40999984741211,34.50028991699219,973000,0.0,0.0
2019-07-31 00:00:00-04:00,36.41999816894531,36.529998779296875,35.7400016784668,35.93000030517578,34.04546356201172,2155200,0.0,0.0
2019-08-01 00:00:00-04:00,36.0,36.470001220703125,35.77000045776367,35.88999938964844,34.007564544677734,1119900,0.0,0.0
2019-08-02 00:00:00-04:00,35.91999816894531,36.06999969482422,35.59000015258789,35.849998474121094,33.969661712646484,926700,0.0,0.0
2019-08-05 00:00:00-04:00,35.41999816894531,35.58000183105469,34.709999084472656,35.279998779296875,33.4295539855957,2058600,0.0,0.0
2019-08-06 00:00:00-04:00,35.310001373291016,36.029998779296875,35.16999816894531,35.9900016784668,34.17982482910156,954300,0.08,0.0
2019-08-07 00:00:00-04:00,35.5099983215332,36.290000915527344,35.310001373291016,36.13999938964844,34.3222770690918,1059600,0.0,0.0
2019-08-08 00:00:00-04:00,36.43000030517578,36.90999984741211,36.31999969482422,36.810001373291016,34.95858383178711,2145500,0.0,0.0
2019-08-09 00:00:00-04:00,36.81999969482422,36.880001068115234,36.38999938964844,36.7400016784668,34.89209747314453,836900,0.0,0.0
2019-08-12 00:00:00-04:00,36.560001373291016,36.790000915527344,36.119998931884766,36.20000076293945,34.3792610168457,678800,0.0,0.0
2019-08-13 00:00:00-04:00,36.20000076293945,36.65999984741211,36.060001373291016,36.5,34.6641731262207,849500,0.0,0.0
2019-08-14 00:00:00-04:00,35.97999954223633,36.369998931884766,35.349998474121094,35.41999816894531,33.638492584228516,1116600,0.0,0.0
2019-08-15 00:00:00-04:00,35.720001220703125,35.86000061035156,35.47999954223633,35.65999984741211,33.866424560546875,995500,0.0,0.0
2019-08-16 00:00:00-04:00,35.84000015258789,36.16999816894531,35.47999954223633,36.08000183105469,34.26530075073242,1453000,0.0,0.0
2019-08-19 00:00:00-04:00,36.41999816894531,36.54999923706055,36.290000915527344,36.38999938964844,34.55971145629883,621600,0.0,0.0
2019-08-20 00:00:00-04:00,36.279998779296875,36.349998474121094,35.79999923706055,35.83000183105469,34.02786636352539,780300,0.0,0.0
2019-08-21 00:00:00-04:00,36.08000183105469,36.18000030517578,35.95000076293945,36.040000915527344,34.22731399536133,782900,0.0,0.0
2019-08-22 00:00:00-04:00,36.13999938964844,36.369998931884766,35.880001068115234,36.220001220703125,34.39826202392578,780800,0.0,0.0
2019-08-23 00:00:00-04:00,36.09000015258789,36.369998931884766,35.290000915527344,35.41999816894531,33.638492584228516,952700,0.0,0.0
2019-08-26 00:00:00-04:00,35.720001220703125,35.7599983215332,35.27000045776367,35.70000076293945,33.9044075012207,941800,0.0,0.0
2019-08-27 00:00:00-04:00,35.84000015258789,35.95000076293945,35.36000061035156,35.459999084472656,33.67647171020508,769100,0.0,0.0
2019-08-28 00:00:00-04:00,35.380001068115234,35.68000030517578,35.209999084472656,35.63999938964844,33.8474235534668,901300,0.0,0.0
2019-08-29 00:00:00-04:00,36.0,36.38999938964844,35.900001525878906,36.220001220703125,34.39826202392578,704700,0.0,0.0
2019-08-30 00:00:00-04:00,36.45000076293945,37.02000045776367,36.20000076293945,36.88999938964844,35.03456115722656,1975800,0.0,0.0
2019-09-03 00:00:00-04:00,36.5099983215332,36.7599983215332,36.33000183105469,36.529998779296875,34.69267272949219,1122600,0.0,0.0
2019-09-04 00:00:00-04:00,36.86000061035156,36.86000061035156,36.45000076293945,36.70000076293945,34.854103088378906,937600,0.0,0.0
2019-09-05 00:00:00-04:00,37.02000045776367,37.20000076293945,36.720001220703125,36.84000015258789,34.987083435058594,735200,0.0,0.0
2019-09-06 00:00:00-04:00,36.84000015258789,37.119998931884766,36.72999954223633,36.810001373291016,34.95858383178711,959000,0.0,0.0
2019-09-09 00:00:00-04:00,36.9900016784668,37.0,36.15999984741211,36.5,34.6641731262207,991300,0.0,0.0
2019-09-10 00:00:00-04:00,36.54999923706055,36.54999923706055,34.810001373291016,34.869998931884766,33.11614227294922,2632400,0.0,0.0
2019-09-11 00:00:00-04:00,34.95000076293945,35.58000183105469,34.83000183105469,35.58000183105469,33.79045104980469,2176000,0.0,0.0
2019-09-12 00:00:00-04:00,35.79999923706055,36.08000183105469,35.5,35.959999084472656,34.15132522583008,1007700,0.0,0.0
2019-09-13 00:00:00-04:00,36.02000045776367,36.15999984741211,35.599998474121094,35.97999954223633,34.17033386230469,936100,0.0,0.0
2019-09-16 00:00:00-04:00,35.72999954223633,36.099998474121094,35.58000183105469,35.83000183105469,34.02786636352539,824200,0.0,0.0
2019-09-17 00:00:00-04:00,35.849998474121094,36.63999938964844,35.849998474121094,36.400001525878906,34.56919860839844,1127500,0.0,0.0
2019-09-18 00:00:00-04:00,36.38999938964844,36.4900016784668,36.060001373291016,36.36000061035156,34.53120422363281,604800,0.0,0.0
2019-09-19 00:00:00-04:00,36.38999938964844,36.7400016784668,36.38999938964844,36.5099983215332,34.673675537109375,874200,0.0,0.0
2019-09-20 00:00:00-04:00,36.65999984741211,36.709999084472656,35.970001220703125,36.22999954223633,34.407752990722656,3124500,0.0,0.0
2019-09-23 00:00:00-04:00,36.04999923706055,36.459999084472656,36.029998779296875,36.279998779296875,34.455230712890625,1303300,0.0,0.0
2019-09-24 00:00:00-04:00,36.31999969482422,36.59000015258789,35.79999923706055,35.959999084472656,34.15132522583008,1928500,0.0,0.0
2019-09-25 00:00:00-04:00,35.81999969482422,36.34000015258789,35.81999969482422,36.130001068115234,34.31278991699219,1811900,0.0,0.0
2019-09-26 00:00:00-04:00,36.15999984741211,36.27000045776367,35.81999969482422,36.09000015258789,34.2747917175293,796500,0.0,0.0
2019-09-27 00:00:00-04:00,36.369998931884766,36.380001068115234,35.59000015258789,35.790000915527344,33.98988342285156,1039200,0.0,0.0
2019-09-30 00:00:00-04:00,35.779998779296875,36.099998474121094,35.7400016784668,36.060001373291016,34.246307373046875,769900,0.0,0.0
2019-10-01 00:00:00-04:00,36.22999954223633,36.43000030517578,35.400001525878906,35.41999816894531,33.638492584228516,1074700,0.0,0.0
2019-10-02 00:00:00-04:00,35.29999923706055,35.52000045776367,34.97999954223633,35.119998931884766,33.35357666015625,1502400,0.0,0.0
2019-10-03 00:00:00-04:00,35.06999969482422,35.66999816894531,35.04999923706055,35.619998931884766,33.828426361083984,1602600,0.0,0.0
2019-10-04 00:00:00-04:00,35.79999923706055,36.41999816894531,35.790000915527344,36.40999984741211,34.57870101928711,1116300,0.0,0.0
2019-10-07 00:00:00-04:00,36.31999969482422,36.38999938964844,35.9900016784668,36.18000030517578,34.360267639160156,1202200,0.0,0.0
2019-10-08 00:00:00-04:00,35.95000076293945,36.0,35.29999923706055,35.310001373291016,33.534034729003906,1723100,0.0,0.0
2019-10-09 00:00:00-04:00,35.77000045776367,35.77000045776367,35.34000015258789,35.59000015258789,33.79994583129883,1484500,0.0,0.0
2019-10-10 00:00:00-04:00,35.54999923706055,36.119998931884766,35.4900016784668,35.939998626708984,34.13233184814453,1265000,0.0,0.0
2019-10-11 00:00:00-04:00,36.34000015258789,36.459999084472656,36.040000915527344,36.040000915527344,34.22731399536133,918200,0.0,0.0
2019-10-14 00:00:00-04:00,36.0099983215332,36.36000061035156,35.959999084472656,36.099998474121094,34.28428649902344,703600,0.0,0.0
2019-10-15 00:00:00-04:00,36.189998626708984,36.34000015258789,35.9900016784668,36.029998779296875,34.21780776977539,789600,0.0,0.0
2019-10-16 00:00:00-04:00,35.93000030517578,36.16999816894531,35.709999084472656,36.08000183105469,34.26530075073242,1389300,0.0,0.0
2019-10-17 00:00:00-04:00,36.15999984741211,36.41999816894531,36.060001373291016,36.29999923706055,34.47422790527344,1030700,0.0,0.0
2019-10-18 00:00:00-04:00,36.18000030517578,36.470001220703125,36.119998931884766,36.31999969482422,34.49321746826172,985100,0.0,0.0
2019-10-21 00:00:00-04:00,36.540000915527344,36.709999084472656,36.380001068115234,36.619998931884766,34.77813720703125,892400,0.0,0.0
2019-10-22 00:00:00-04:00,36.54999923706055,36.790000915527344,36.29999923706055,36.380001068115234,34.55020523071289,1202000,0.0,0.0
2019-10-23 00:00:00-04:00,36.31999969482422,36.5,35.9900016784668,36.31999969482422,34.49321746826172,1344100,0.0,0.0
2019-10-24 00:00:00-04:00,36.400001525878906,36.90999984741211,36.34000015258789,36.84000015258789,34.987083435058594,1349000,0.0,0.0
2019-10-25 00:00:00-04:00,36.88999938964844,36.88999938964844,35.7599983215332,35.959999084472656,34.15132522583008,1451400,0.0,0.0
2019-10-28 00:00:00-04:00,36.099998474121094,36.459999084472656,35.810001373291016,35.86000061035156,34.05635452270508,1958500,0.0,0.0
2019-10-29 00:00:00-04:00,35.75,37.630001068115234,35.75,37.310001373291016,35.433433532714844,2742500,0.0,0.0
2019-10-30 00:00:00-04:00,37.29999923706055,37.779998779296875,36.90999984741211,37.689998626708984,35.794315338134766,1930300,0.0,0.0
2019-10-31 00:00:00-04:00,37.47999954223633,37.91999816894531,37.34000015258789,37.68000030517578,35.784828186035156,2081200,0.0,0.0
2019-11-01 00:00:00-04:00,37.880001068115234,37.970001220703125,37.529998779296875,37.630001068115234,35.73733139038086,1740900,0.0,0.0
2019-11-04 00:00:00-05:00,37.81999969482422,37.90999984741211,37.0099983215332,37.16999816894531,35.30046463012695,1396700,0.0,0.0
2019-11-05 00:00:00-05:00,37.2599983215332,37.349998474121094,36.7599983215332,37.09000015258789,35.22449493408203,1524600,0.0,0.0
2019-11-06 00:00:00-05:00,37.119998931884766,37.81999969482422,37.119998931884766,37.75,35.8513069152832,1694000,0.0,0.0
2019-11-07 00:00:00-05:00,37.81999969482422,37.9900016784668,37.52000045776367,37.63999938964844,35.8275032043457,1158400,0.085,0.0
2019-11-08 00:00:00-05:00,37.599998474121094,37.84000015258789,37.5,37.75,35.93221664428711,1549000,0.0,0.0
2019-11-11 00:00:00-05:00,37.630001068115234,38.029998779296875,37.5099983215332,37.880001068115234,36.055946350097656,988700,0.0,0.0
2019-11-12 00:00:00-05:00,38.0,38.130001068115234,37.810001373291016,37.84000015258789,36.01786804199219,1230400,0.0,0.0
2019-11-13 00:00:00-05:00,37.709999084472656,38.18000030517578,37.560001373291016,38.060001373291016,36.22728729248047,1599000,0.0,0.0
2019-11-14 00:00:00-05:00,38.02000045776367,38.04999923706055,37.779998779296875,37.88999938964844,36.06546401977539,1922400,0.0,0.0
2019-11-15 00:00:00-05:00,38.04999923706055,38.08000183105469,37.709999084472656,37.869998931884766,36.04642868041992,1947100,0.0,0.0
2019-11-18 00:00:00-05:00,37.72999954223633,37.970001220703125,37.61000061035156,37.810001373291016,35.98933029174805,1452800,0.0,0.0
2019-11-19 00:00:00-05:00,37.959999084472656,38.18000030517578,37.88999938964844,37.970001220703125,36.14162063598633,1676800,0.0,0.0
2019-11-20 00:00:00-05:00,37.91999816894531,38.34000015258789,37.77000045776367,38.09000015258789,36.25582504272461,1833300,0.0,0.0
2019-11-21 00:00:00-05:00,38.08000183105469,38.15999984741211,37.65999984741211,37.72999954223633,35.91317367553711,1242000,0.0,0.0
2019-11-22 00:00:00-05:00,37.75,37.95000076293945,37.599998474121094,37.849998474121094,36.02738952636719,1339100,0.0,0.0
2019-11-25 00:00:00-05:00,37.939998626708984,38.29999923706055,37.79999923706055,37.959999084472656,36.13209915161133,1981400,0.0,0.0
2019-11-26 00:00:00-05:00,38.029998779296875,38.369998931884766,37.77000045776367,37.88999938964844,36.06546401977539,18629300,0.0,0.0
2019-11-27 00:00:00-05:00,37.93000030517578,38.040000915527344,37.29999923706055,37.959999084472656,36.13209915161133,1974700,0.0,0.0
2019-11-29 00:00:00-05:00,37.90999984741211,38.22999954223633,37.709999084472656,37.7400016784668,35.922691345214844,789500,0.0,0.0
2019-12-02 00:00:00-05:00,37.91999816894531,38.13999938964844,37.58000183105469,37.630001068115234,35.81798553466797,2484100,0.0,0.0
2019-12-03 00:00:00-05:00,37.369998931884766,37.650001525878906,37.279998779296875,37.599998474121094,35.789424896240234,2052500,0.0,0.0
2019-12-04 00:00:00-05:00,37.599998474121094,37.90999984741211,37.529998779296875,37.63999938964844,35.8275032043457,1417300,0.0,0.0
2019-12-05 00:00:00-05:00,38.08000183105469,38.20000076293945,37.81999969482422,38.13999938964844,36.303436279296875,1277100,0.0,0.0
2019-12-06 00:00:00-05:00,38.34000015258789,38.470001220703125,38.099998474121094,38.369998931884766,36.52236557006836,1957100,0.0,0.0
2019-12-09 00:00:00-05:00,38.33000183105469,38.36000061035156,38.130001068115234,38.220001220703125,36.37958908081055,970100,0.0,0.0
2019-12-10 00:00:00-05:00,38.290000915527344,38.290000915527344,37.869998931884766,37.959999084472656,36.13209915161133,1349000,0.0,0.0
2019-12-11 00:00:00-05:00,37.97999954223633,38.27000045776367,37.81999969482422,38.25,36.40813064575195,2300800,0.0,0.0
2019-12-12 00:00:00-05:00,38.27000045776367,38.630001068115234,38.150001525878906,38.630001068115234,36.76984405517578,2303100,0.0,0.0
2019-12-13 00:00:00-05:00,38.470001220703125,38.86000061035156,38.36000061035156,38.86000061035156,36.988765716552734,1357600,0.0,0.0
2019-12-16 00:00:00-05:00,39.02000045776367,39.31999969482422,38.86000061035156,38.97999954223633,37.10297775268555,1091100,0.0,0.0
2019-12-17 00:00:00-05:00,38.88999938964844,39.54999923706055,38.84000015258789,39.540000915527344,37.63602066040039,1315800,0.0,0.0
2019-12-18 00:00:00-05:00,39.689998626708984,39.689998626708984,39.150001525878906,39.380001068115234,37.48371505737305,2535100,0.0,0.0
2019-12-19 00:00:00-05:00,39.380001068115234,39.54999923706055,39.13999938964844,39.52000045776367,37.616973876953125,1672600,0.0,0.0
2019-12-20 00:00:00-05:00,39.83000183105469,40.349998474121094,39.66999816894531,40.25,38.311832427978516,3104600,0.0,0.0
2019-12-23 00:00:00-05:00,40.349998474121094,40.400001525878906,39.27000045776367,39.33000183105469,37.43612289428711,1349300,0.0,0.0
2019-12-24 00:00:00-05:00,39.31999969482422,39.400001525878906,39.16999816894531,39.16999816894531,37.28383255004883,372300,0.0,0.0
2019-12-26 00:00:00-05:00,39.2400016784668,39.40999984741211,39.15999984741211,39.369998931884766,37.47420120239258,714300,0.0,0.0
2019-12-27 00:00:00-05:00,39.38999938964844,39.560001373291016,39.220001220703125,39.29999923706055,37.40757369995117,587600,0.0,0.0
2019-12-30 00:00:00-05:00,39.279998779296875,39.47999954223633,39.11000061035156,39.36000061035156,37.46468734741211,727000,0.0,0.0
2019-12-31 00:00:00-05:00,39.349998474121094,39.56999969482422,39.33000183105469,39.47999954223633,37.57889175415039,967900,0.0,0.0
2020-01-02 00:00:00-05:00,39.619998931884766,39.66999816894531,39.20000076293945,39.61000061035156,37.70265197753906,1354300,0.0,0.0
2020-01-03 00:00:00-05:00,39.20000076293945,39.720001220703125,39.16999816894531,39.650001525878906,37.74073028564453,910800,0.0,0.0
2020-01-06 00:00:00-05:00,39.43000030517578,39.70000076293945,39.2599983215332,39.619998931884766,37.7121696472168,1476300,0.0,0.0
2020-01-07 00:00:00-05:00,39.65999984741211,39.81999969482422,39.5,39.5,37.597938537597656,782400,0.0,0.0
2020-01-08 00:00:00-05:00,39.58000183105469,40.04999923706055,39.529998779296875,39.790000915527344,37.87397003173828,1767500,0.0,0.0
2020-01-09 00:00:00-05:00,40.0,40.439998626708984,39.84000015258789,40.33000183105469,38.387969970703125,1731300,0.0,0.0
2020-01-10 00:00:00-05:00,40.349998474121094,40.66999816894531,40.18000030517578,40.400001525878906,38.45460510253906,3513800,0.0,0.0
2020-01-13 00:00:00-05:00,40.43000030517578,40.689998626708984,40.22999954223633,40.380001068115234,38.43556594848633,1559100,0.0,0.0
2020-01-14 00:00:00-05:00,40.279998779296875,40.369998931884766,40.11000061035156,40.209999084472656,38.27375411987305,872700,0.0,0.0
2020-01-15 00:00:00-05:00,40.22999954223633,40.66999816894531,40.220001220703125,40.59000015258789,38.63544464111328,1283000,0.0,0.0
2020-01-16 00:00:00-05:00,40.72999954223633,41.130001068115234,40.63999938964844,41.119998931884766,39.139930725097656,878800,0.0,0.0
2020-01-17 00:00:00-05:00,41.27000045776367,41.43000030517578,41.13999938964844,41.40999984741211,39.41596984863281,1320200,0.0,0.0
2020-01-21 00:00:00-05:00,41.29999923706055,41.5,41.189998626708984,41.20000076293945,39.21607971191406,1166200,0.0,0.0
2020-01-22 00:00:00-05:00,41.279998779296875,41.540000915527344,41.25,41.5,39.50163269042969,896000,0.0,0.0
2020-01-23 00:00:00-05:00,41.279998779296875,41.880001068115234,41.16999816894531,41.790000915527344,39.77767562866211,1303700,0.0,0.0
2020-01-24 00:00:00-05:00,41.900001525878906,42.029998779296875,41.619998931884766,41.83000183105469,39.81575393676758,1179300,0.0,0.0
2020-01-27 00:00:00-05:00,41.34000015258789,41.959999084472656,41.27000045776367,41.65999984741211,39.65392303466797,2111800,0.0,0.0
2020-01-28 00:00:00-05:00,42.880001068115234,44.939998626708984,42.279998779296875,44.650001525878906,42.49994659423828,3825200,0.0,0.0
2020-01-29 00:00:00-05:00,44.91999816894531,45.31999969482422,44.470001220703125,45.0099983215332,42.842613220214844,2089300,0.0,0.0
2020-01-30 00:00:00-05:00,44.720001220703125,45.439998626708984,44.650001525878906,45.36000061035156,43.17576599121094,1807800,0.0,0.0
2020-01-31 00:00:00-05:00,45.16999816894531,45.439998626708984,44.7400016784668,44.900001525878906,42.737911224365234,2763000,0.0,0.0
2020-02-03 00:00:00-05:00,45.209999084472656,45.86000061035156,45.15999984741211,45.61000061035156,43.41371536254883,2709800,0.0,0.0
2020-02-04 00:00:00-05:00,45.91999816894531,46.40999984741211,45.869998931884766,46.16999816894531,44.02880859375,1487100,0.085,0.0
2020-02-05 00:00:00-05:00,46.5,46.61000061035156,46.18000030517578,46.45000076293945,44.29582595825195,1443800,0.0,0.0
2020-02-06 00:00:00-05:00,46.31999969482422,46.77000045776367,46.310001373291016,46.7400016784668,44.572383880615234,1288800,0.0,0.0
2020-02-07 00:00:00-05:00,46.68000030517578,46.95000076293945,46.540000915527344,46.75,44.5819091796875,1798700,0.0,0.0
2020-02-10 00:00:00-05:00,46.720001220703125,47.45000076293945,46.68000030517578,47.380001068115234,45.18268966674805,1126400,0.0,0.0
2020-02-11 00:00:00-05:00,47.54999923706055,47.70000076293945,47.2400016784668,47.29999923706055,45.10639572143555,1663700,0.0,0.0
2020-02-12 00:00:00-05:00,47.20000076293945,47.22999954223633,46.45000076293945,46.81999969482422,44.64866638183594,2005500,0.0,0.0
2020-02-13 00:00:00-05:00,46.77000045776367,47.560001373291016,46.720001220703125,47.4900016784668,45.28759002685547,1132300,0.0,0.0
2020-02-14 00:00:00-05:00,47.5,47.97999954223633,47.38999938964844,47.849998474121094,45.63089370727539,1325900,0.0,0.0
2020-02-18 00:00:00-05:00,47.86000061035156,48.29999923706055,47.68000030517578,48.11000061035156,45.87883758544922,984600,0.0,0.0
2020-02-19 00:00:00-05:00,48.33000183105469,48.63999938964844,48.16999816894531,48.459999084472656,46.212615966796875,1251100,0.0,0.0
2020-02-20 00:00:00-05:00,48.27000045776367,48.61000061035156,47.75,48.5099983215332,46.26028823852539,1330900,0.0,0.0
2020-02-21 00:00:00-05:00,48.400001525878906,48.689998626708984,48.02000045776367,48.36000061035156,46.11725616455078,1402100,0.0,0.0
2020-02-24 00:00:00-05:00,47.47999954223633,48.22999954223633,47.11000061035156,47.310001373291016,45.11594009399414,1121800,0.0,0.0
2020-02-25 00:00:00-05:00,47.540000915527344,47.779998779296875,46.0099983215332,46.15999984741211,44.01926803588867,2139900,0.0,0.0
2020-02-26 00:00:00-05:00,46.41999816894531,47.02000045776367,46.09000015258789,46.22999954223633,44.086029052734375,1595700,0.0,0.0
2020-02-27 00:00:00-05:00,45.61000061035156,45.880001068115234,44.0,44.0099983215332,41.968990325927734,1599900,0.0,0.0
2020-02-28 00:00:00-05:00,42.83000183105469,43.36000061035156,41.59000015258789,43.0099983215332,41.01536178588867,2983900,0.0,0.0
2020-03-02 00:00:00-05:00,43.59000015258789,45.56999969482422,43.349998474121094,45.439998626708984,43.33266067504883,3366800,0.0,0.0
2020-03-03 00:00:00-05:00,45.380001068115234,45.7599983215332,43.900001525878906,44.52000045776367,42.45534133911133,2329600,0.0,0.0
2020-03-04 00:00:00-05:00,45.27000045776367,47.099998474121094,45.029998779296875,47.04999923706055,44.86800765991211,1558200,0.0,0.0
2020-03-05 00:00:00-05:00,45.970001220703125,46.66999816894531,45.15999984741211,45.90999984741211,43.7808723449707,1854100,0.0,0.0
2020-03-06 00:00:00-05:00,44.439998626708984,45.27000045776367,43.5,45.15999984741211,43.065650939941406,1928700,0.0,0.0
2020-03-09 00:00:00-04:00,44.0,44.0,40.97999954223633,42.189998626708984,40.233394622802734,2946400,0.0,0.0
2020-03-10 00:00:00-04:00,43.189998626708984,43.90999984741211,41.619998931884766,43.650001525878906,41.62567901611328,2622000,0.0,0.0
2020-03-11 00:00:00-04:00,42.52000045776367,42.86000061035156,40.869998931884766,41.599998474121094,39.670745849609375,2219600,0.0,0.0
2020-03-12 00:00:00-04:00,38.59000015258789,39.84000015258789,37.0099983215332,37.59000015258789,35.84672164916992,2800200,0.0,0.0
2020-03-13 00:00:00-04:00,39.279998779296875,39.869998931884766,36.41999816894531,39.84000015258789,37.992366790771484,2855000,0.0,0.0
2020-03-16 00:00:00-04:00,35.86000061035156,38.70000076293945,35.0,37.0099983215332,35.293609619140625,2717400,0.0,0.0
2020-03-17 00:00:00-04:00,37.91999816894531,40.15999984741211,37.0,39.91999816894531,38.068660736083984,3223000,0.0,0.0
2020-03-18 00:00:00-04:00,37.66999816894531,38.54999923706055,34.91999816894531,36.790000915527344,35.08382797241211,3060600,0.0,0.0
2020-03-19 00:00:00-04:00,36.54999923706055,36.599998474121094,33.0099983215332,34.720001220703125,33.10981369018555,2787000,0.0,0.0
2020-03-20 00:00:00-04:00,34.630001068115234,35.279998779296875,33.18000030517578,33.619998931884766,32.06083297729492,2711100,0.0,0.0
2020-03-23 00:00:00-04:00,33.310001373291016,33.310001373291016,30.700000762939453,31.65999984741211,30.191730499267578,1871400,0.0,0.0
2020-03-24 00:00:00-04:00,33.310001373291016,35.689998626708984,32.93000030517578,35.540000915527344,33.891788482666016,2863300,0.0,0.0
2020-03-25 00:00:00-04:00,35.45000076293945,36.189998626708984,34.02000045776367,34.130001068115234,32.547183990478516,2292800,0.0,0.0
2020-03-26 00:00:00-04:00,34.630001068115234,35.97999954223633,33.959999084472656,35.900001525878906,34.23508834838867,1747500,0.0,0.0
2020-03-27 00:00:00-04:00,34.40999984741211,37.0,34.27000045776367,35.93000030517578,34.26369857788086,1163600,0.0,0.0
2020-03-30 00:00:00-04:00,36.209999084472656,37.380001068115234,35.4900016784668,37.29999923706055,35.570159912109375,1389400,0.0,0.0
2020-03-31 00:00:00-04:00,36.83000183105469,37.29999923706055,35.65999984741211,36.220001220703125,34.540260314941406,2008500,0.0,0.0
2020-04-01 00:00:00-04:00,34.84000015258789,35.459999084472656,33.939998626708984,34.439998626708984,32.84280776977539,2277500,0.0,0.0
2020-04-02 00:00:00-04:00,34.0,35.61000061035156,33.70000076293945,34.86000061035156,33.24331283569336,1656200,0.0,0.0
2020-04-03 00:00:00-04:00,34.380001068115234,35.31999969482422,33.2400016784668,33.40999984741211,31.860578536987305,1154900,0.0,0.0
2020-04-06 00:00:00-04:00,34.959999084472656,36.13999938964844,34.34000015258789,35.970001220703125,34.30184555053711,1465000,0.0,0.0
2020-04-07 00:00:00-04:00,37.560001373291016,37.75,35.93000030517578,35.959999084472656,34.29230499267578,1240000,0.0,0.0
2020-04-08 00:00:00-04:00,36.380001068115234,37.40999984741211,35.58000183105469,37.20000076293945,35.47481155395508,1540700,0.0,0.0
2020-04-09 00:00:00-04:00,37.689998626708984,39.189998626708984,37.560001373291016,39.029998779296875,37.21993637084961,1430800,0.0,0.0
2020-04-13 00:00:00-04:00,38.709999084472656,38.7400016784668,37.58000183105469,38.16999816894531,36.39981460571289,1470000,0.0,0.0
2020-04-14 00:00:00-04:00,38.939998626708984,39.779998779296875,38.869998931884766,39.630001068115234,37.79212188720703,1590500,0.0,0.0
2020-04-15 00:00:00-04:00,38.81999969482422,39.22999954223633,37.83000183105469,37.91999816894531,36.16141128540039,1424400,0.0,0.0
2020-04-16 00:00:00-04:00,38.29999923706055,38.380001068115234,37.09000015258789,37.45000076293945,35.71321105957031,1260200,0.0,0.0
2020-04-17 00:00:00-04:00,38.54999923706055,38.7400016784668,37.900001525878906,38.099998474121094,36.33306884765625,1439700,0.0,0.0
2020-04-20 00:00:00-04:00,37.779998779296875,38.02000045776367,36.869998931884766,37.31999969482422,35.5892333984375,1938700,0.0,0.0
2020-04-21 00:00:00-04:00,36.33000183105469,36.54999923706055,35.43000030517578,35.5,33.853641510009766,1460800,0.0,0.0
2020-04-22 00:00:00-04:00,36.20000076293945,36.2400016784668,35.54999923706055,35.70000076293945,34.04437255859375,1314800,0.0,0.0
2020-04-23 00:00:00-04:00,35.77000045776367,35.900001525878906,34.529998779296875,34.59000015258789,32.985843658447266,1256700,0.0,0.0
2020-04-24 00:00:00-04:00,34.7400016784668,34.970001220703125,34.060001373291016,34.7599983215332,33.14796447753906,1709600,0.0,0.0
2020-04-27 00:00:00-04:00,34.900001525878906,36.0,34.900001525878906,35.7400016784668,34.0825080871582,1867900,0.0,0.0
2020-04-28 00:00:00-04:00,36.0099983215332,36.959999084472656,34.86000061035156,35.599998474121094,33.949012756347656,2773800,0.0,0.0
2020-04-29 00:00:00-04:00,36.52000045776367,36.9900016784668,35.650001525878906,36.63999938964844,34.94078063964844,1343600,0.0,0.0
2020-04-30 00:00:00-04:00,35.869998931884766,36.310001373291016,35.58000183105469,35.90999984741211,34.244632720947266,3004500,0.0,0.0
2020-05-01 00:00:00-04:00,35.2400016784668,35.59000015258789,34.66999816894531,35.060001373291016,33.434059143066406,1402700,0.0,0.0
2020-05-04 00:00:00-04:00,34.83000183105469,35.7400016784668,34.709999084472656,35.56999969482422,33.92039108276367,1166500,0.0,0.0
2020-05-05 00:00:00-04:00,35.77000045776367,36.88999938964844,35.75,36.560001373291016,34.86448669433594,1705400,0.0,0.0
2020-05-06 00:00:00-04:00,37.0,37.099998474121094,35.619998931884766,35.63999938964844,33.98714065551758,1467000,0.0,0.0
2020-05-07 00:00:00-04:00,36.06999969482422,37.220001220703125,36.06999969482422,37.130001068115234,35.408058166503906,1182400,0.0,0.0
2020-05-08 00:00:00-04:00,37.630001068115234,37.84000015258789,37.31999969482422,37.599998474121094,35.938514709472656,1226500,0.085,0.0
2020-05-11 00:00:00-04:00,37.20000076293945,38.279998779296875,37.20000076293945,37.95000076293945,36.2730598449707,1847000,0.0,0.0
2020-05-12 00:00:00-04:00,37.97999954223633,38.150001525878906,37.5,37.5099983215332,35.852508544921875,1165900,0.0,0.0
2020-05-13 00:00:00-04:00,37.150001525878906,37.369998931884766,36.220001220703125,36.72999954223633,35.106971740722656,1575500,0.0,0.0
2020-05-14 00:00:00-04:00,36.2400016784668,36.959999084472656,35.790000915527344,36.90999984741211,35.27901077270508,1446000,0.0,0.0
2020-05-15 00:00:00-04:00,36.61000061035156,37.15999984741211,36.220001220703125,37.0,35.36503601074219,1984800,0.0,0.0
2020-05-18 00:00:00-04:00,38.0,38.83000183105469,37.900001525878906,38.560001373291016,36.85611343383789,1108600,0.0,0.0
2020-05-19 00:00:00-04:00,38.33000183105469,38.959999084472656,38.20000076293945,38.38999938964844,36.69361114501953,1187800,0.0,0.0
2020-05-20 00:00:00-04:00,38.709999084472656,39.13999938964844,38.33000183105469,38.349998474121094,36.65538024902344,1345000,0.0,0.0
2020-05-21 00:00:00-04:00,38.209999084472656,38.91999816894531,38.130001068115234,38.72999954223633,37.01858901977539,1111300,0.0,0.0
2020-05-22 00:00:00-04:00,38.709999084472656,38.7400016784668,38.06999969482422,38.41999816894531,36.722293853759766,917800,0.0,0.0
2020-05-26 00:00:00-04:00,39.310001373291016,39.439998626708984,38.88999938964844,39.040000915527344,37.31489944458008,1055200,0.0,0.0
2020-05-27 00:00:00-04:00,39.75,40.060001373291016,39.38999938964844,39.959999084472656,38.19424057006836,1334900,0.0,0.0
2020-05-28 00:00:00-04:00,40.29999923706055,40.560001373291016,39.97999954223633,40.25,38.471431732177734,880000,0.0,0.0
2020-05-29 00:00:00-04:00,40.06999969482422,40.439998626708984,39.7400016784668,40.20000076293945,38.42363739013672,1753000,0.0,0.0
2020-06-01 00:00:00-04:00,40.349998474121094,40.41999816894531,39.650001525878906,40.2400016784668,38.461875915527344,1129400,0.0,0.0
2020-06-02 00:00:00-04:00,40.310001373291016,40.939998626708984,40.0099983215332,40.900001525878906,39.09270477294922,1019100,0.0,0.0
2020-06-03 00:00:00-04:00,41.2400016784668,42.470001220703125,41.11000061035156,42.29999923706055,40.430843353271484,1228300,0.0,0.0
2020-06-04 00:00:00-04:00,42.04999923706055,42.33000183105469,41.68000030517578,42.040000915527344,40.182334899902344,1006200,0.0,0.0
2020-06-05 00:00:00-04:00,43.290000915527344,43.72999954223633,42.56999969482422,42.72999954223633,40.84184265136719,1189200,0.0,0.0
2020-06-08 00:00:00-04:00,42.52000045776367,43.04999923706055,42.400001525878906,43.040000915527344,41.138145446777344,1500800,0.0,0.0
2020-06-09 00:00:00-04:00,42.65999984741211,43.439998626708984,42.529998779296875,43.04999923706055,41.147701263427734,1126900,0.0,0.0
2020-06-10 00:00:00-04:00,42.869998931884766,43.459999084472656,42.70000076293945,42.849998474121094,40.95654296875,1496200,0.0,0.0
2020-06-11 00:00:00-04:00,41.93000030517578,41.9900016784668,40.630001068115234,40.63999938964844,38.844200134277344,1636000,0.0,0.0
2020-06-12 00:00:00-04:00,41.84000015258789,41.91999816894531,39.93000030517578,40.66999816894531,38.87286376953125,1974700,0.0,0.0
2020-06-15 00:00:00-04:00,39.65999984741211,41.59000015258789,39.4900016784668,41.34000015258789,39.51326370239258,1394100,0.0,0.0
2020-06-16 00:00:00-04:00,42.54999923706055,42.599998474121094,41.38999938964844,41.54999923706055,39.713993072509766,1412700,0.0,0.0
2020-06-17 00:00:00-04:00,41.619998931884766,42.41999816894531,41.56999969482422,41.97999954223633,40.12498474121094,1336600,0.0,0.0
2020-06-18 00:00:00-04:00,41.83000183105469,42.5,41.650001525878906,41.86000061035156,40.01028060913086,1052900,0.0,0.0
2020-06-19 00:00:00-04:00,42.2599983215332,42.380001068115234,41.11000061035156,41.130001068115234,39.312538146972656,2047600,0.0,0.0
2020-06-22 00:00:00-04:00,41.09000015258789,41.86000061035156,40.689998626708984,41.43000030517578,39.59927749633789,1319900,0.0,0.0
2020-06-23 00:00:00-04:00,42.029998779296875,42.04999923706055,41.209999084472656,41.220001220703125,39.39857482910156,983900,0.0,0.0
2020-06-24 00:00:00-04:00,41.0,41.0,39.97999954223633,40.04999923706055,38.2802734375,1620000,0.0,0.0
2020-06-25 00:00:00-04:00,40.13999938964844,41.040000915527344,39.4900016784668,41.0,39.18828201293945,1051400,0.0,0.0
2020-06-26 00:00:00-04:00,40.66999816894531,40.93000030517578,39.95000076293945,40.08000183105469,38.30894470214844,1648100,0.0,0.0
2020-06-29 00:00:00-04:00,40.47999954223633,40.47999954223633,39.720001220703125,39.970001220703125,38.203800201416016,1011600,0.0,0.0
2020-06-30 00:00:00-04:00,39.95000076293945,40.880001068115234,39.93000030517578,40.7599983215332,38.95888900756836,1215100,0.0,0.0
2020-07-01 00:00:00-04:00,40.709999084472656,41.279998779296875,40.59000015258789,41.09000015258789,39.27430725097656,1266200,0.0,0.0
2020-07-02 00:00:00-04:00,41.349998474121094,41.54999923706055,40.790000915527344,40.849998474121094,39.044918060302734,1544400,0.0,0.0
2020-07-06 00:00:00-04:00,41.560001373291016,41.59000015258789,40.5,40.63999938964844,38.844200134277344,1548100,0.0,0.0
2020-07-07 00:00:00-04:00,40.470001220703125,41.22999954223633,40.33000183105469,40.75,38.9493408203125,1055800,0.0,0.0
2020-07-08 00:00:00-04:00,40.86000061035156,41.40999984741211,40.709999084472656,41.06999969482422,39.255184173583984,1054000,0.0,0.0
2020-07-09 00:00:00-04:00,41.060001373291016,41.209999084472656,40.27000045776367,40.900001525878906,39.09270477294922,830900,0.0,0.0
2020-07-10 00:00:00-04:00,41.040000915527344,41.43000030517578,40.7400016784668,41.41999816894531,39.589725494384766,628900,0.0,0.0
2020-07-13 00:00:00-04:00,41.77000045776367,41.869998931884766,40.869998931884766,40.95000076293945,39.140499114990234,889200,0.0,0.0
2020-07-14 00:00:00-04:00,40.959999084472656,41.95000076293945,40.959999084472656,41.95000076293945,40.096317291259766,1202900,0.0,0.0
2020-07-15 00:00:00-04:00,42.41999816894531,42.650001525878906,42.189998626708984,42.310001373291016,40.44039535522461,962000,0.0,0.0
2020-07-16 00:00:00-04:00,42.31999969482422,43.470001220703125,42.220001220703125,43.43000030517578,41.510902404785156,1553200,0.0,0.0
2020-07-17 00:00:00-04:00,43.5,43.970001220703125,43.08000183105469,43.70000076293945,41.76898193359375,868300,0.0,0.0
2020-07-20 00:00:00-04:00,43.5099983215332,43.93000030517578,43.459999084472656,43.7599983215332,41.82632064819336,730900,0.0,0.0
2020-07-21 00:00:00-04:00,43.91999816894531,44.66999816894531,43.86000061035156,44.290000915527344,42.332908630371094,1259900,0.0,0.0
2020-07-22 00:00:00-04:00,44.0099983215332,44.9900016784668,44.0099983215332,44.959999084472656,42.973304748535156,1275100,0.0,0.0
2020-07-23 00:00:00-04:00,45.0,45.84000015258789,44.97999954223633,45.11000061035156,43.11666488647461,1555000,0.0,0.0
2020-07-24 00:00:00-04:00,45.150001525878906,45.63999938964844,44.939998626708984,45.400001525878906,43.39385986328125,1323700,0.0,0.0
2020-07-27 00:00:00-04:00,45.45000076293945,45.880001068115234,45.29999923706055,45.4900016784668,43.47987747192383,929900,0.0,0.0
2020-07-28 00:00:00-04:00,46.209999084472656,46.47999954223633,43.5,44.47999954223633,42.51450729370117,1554700,0.0,0.0
2020-07-29 00:00:00-04:00,44.56999969482422,45.189998626708984,44.47999954223633,44.959999084472656,42.973304748535156,995800,0.0,0.0
2020-07-30 00:00:00-04:00,44.459999084472656,44.88999938964844,44.15999984741211,44.7599983215332,42.782142639160156,1004200,0.0,0.0
2020-07-31 00:00:00-04:00,44.900001525878906,45.47999954223633,44.40999984741211,45.470001220703125,43.46076583862305,1761400,0.0,0.0
2020-08-03 00:00:00-04:00,45.5,46.09000015258789,45.34000015258789,45.529998779296875,43.51811981201172,930500,0.0,0.0
2020-08-04 00:00:00-04:00,45.13999938964844,45.459999084472656,44.90999984741211,45.459999084472656,43.532470703125,875400,0.085,0.0
2020-08-05 00:00:00-04:00,45.61000061035156,45.790000915527344,45.470001220703125,45.630001068115234,43.69526672363281,707100,0.0,0.0
2020-08-06 00:00:00-04:00,45.56999969482422,45.86000061035156,45.38999938964844,45.619998931884766,43.685691833496094,714000,0.0,0.0
2020-08-07 00:00:00-04:00,45.54999923706055,46.08000183105469,45.45000076293945,46.060001373291016,44.107032775878906,628900,0.0,0.0
2020-08-10 00:00:00-04:00,46.099998474121094,46.34000015258789,45.779998779296875,45.93000030517578,43.98255157470703,727600,0.0,0.0
2020-08-11 00:00:00-04:00,46.25,46.43000030517578,45.61000061035156,45.65999984741211,43.72399139404297,971700,0.0,0.0
2020-08-12 00:00:00-04:00,46.15999984741211,46.310001373291016,45.7400016784668,45.79999923706055,43.858062744140625,732400,0.0,0.0
2020-08-13 00:00:00-04:00,45.529998779296875,46.0099983215332,45.52000045776367,45.81999969482422,43.87720489501953,516900,0.0,0.0
2020-08-14 00:00:00-04:00,45.720001220703125,46.220001220703125,45.650001525878906,45.81999969482422,43.87720489501953,433300,0.0,0.0
2020-08-17 00:00:00-04:00,45.90999984741211,46.130001068115234,45.70000076293945,46.0,44.04957580566406,650400,0.0,0.0
2020-08-18 00:00:00-04:00,45.84000015258789,46.290000915527344,45.7599983215332,46.09000015258789,44.135765075683594,628500,0.0,0.0
2020-08-19 00:00:00-04:00,46.09000015258789,46.34000015258789,45.95000076293945,45.959999084472656,44.01127243041992,391100,0.0,0.0
2020-08-20 00:00:00-04:00,45.75,46.15999984741211,45.65999984741211,45.790000915527344,43.848480224609375,544200,0.0,0.0
2020-08-21 00:00:00-04:00,45.68000030517578,45.68000030517578,45.209999084472656,45.52000045776367,43.589942932128906,1019700,0.0,0.0
2020-08-24 00:00:00-04:00,45.880001068115234,45.880001068115234,45.41999816894531,45.720001220703125,43.78145980834961,604400,0.0,0.0
2020-08-25 00:00:00-04:00,45.9900016784668,46.279998779296875,45.7599983215332,46.0099983215332,44.05915832519531,723300,0.0,0.0
2020-08-26 00:00:00-04:00,46.0,46.0,45.470001220703125,45.65999984741211,43.72399139404297,1105600,0.0,0.0
2020-08-27 00:00:00-04:00,45.86000061035156,46.36000061035156,45.810001373291016,46.060001373291016,44.107032775878906,739900,0.0,0.0
2020-08-28 00:00:00-04:00,46.36000061035156,46.380001068115234,45.79999923706055,46.209999084472656,44.25068283081055,710900,0.0,0.0
2020-08-31 00:00:00-04:00,46.06999969482422,46.689998626708984,45.95000076293945,46.400001525878906,44.4326171875,882200,0.0,0.0
2020-09-01 00:00:00-04:00,46.400001525878906,46.790000915527344,46.130001068115234,46.689998626708984,44.710330963134766,725600,0.0,0.0
2020-09-02 00:00:00-04:00,46.650001525878906,47.290000915527344,46.5,47.18000030517578,45.179542541503906,826300,0.0,0.0
2020-09-03 00:00:00-04:00,47.38999938964844,47.40999984741211,45.63999938964844,45.880001068115234,43.934669494628906,771300,0.0,0.0
2020-09-04 00:00:00-04:00,46.189998626708984,46.38999938964844,44.470001220703125,45.25,43.331382751464844,959800,0.0,0.0
2020-09-08 00:00:00-04:00,44.95000076293945,45.0,43.470001220703125,44.189998626708984,42.316322326660156,1754300,0.0,0.0
2020-09-09 00:00:00-04:00,44.61000061035156,45.970001220703125,44.439998626708984,45.400001525878906,43.47502899169922,1451400,0.0,0.0
2020-09-10 00:00:00-04:00,45.36000061035156,45.65999984741211,44.84000015258789,44.86000061035156,42.95791244506836,763900,0.0,0.0
2020-09-11 00:00:00-04:00,45.0099983215332,45.220001220703125,44.47999954223633,44.63999938964844,42.74724197387695,1022000,0.0,0.0
2020-09-14 00:00:00-04:00,45.11000061035156,45.5099983215332,44.970001220703125,45.16999816894531,43.2547721862793,947200,0.0,0.0
2020-09-15 00:00:00-04:00,45.36000061035156,45.79999923706055,45.09000015258789,45.15999984741211,43.24519729614258,674900,0.0,0.0
2020-09-16 00:00:00-04:00,45.439998626708984,45.900001525878906,45.130001068115234,45.18000030517578,43.264339447021484,1081500,0.0,0.0
2020-09-17 00:00:00-04:00,44.70000076293945,45.06999969482422,44.29999923706055,44.7599983215332,42.862152099609375,979000,0.0,0.0
2020-09-18 00:00:00-04:00,45.099998474121094,45.52000045776367,44.709999084472656,44.79999923706055,42.90045928955078,2466500,0.0,0.0
2020-09-21 00:00:00-04:00,44.02000045776367,44.41999816894531,43.45000076293945,44.02000045776367,42.15353012084961,1663600,0.0,0.0
2020-09-22 00:00:00-04:00,43.939998626708984,44.630001068115234,43.90999984741211,44.5099983215332,42.62275314331055,864700,0.0,0.0
2020-09-23 00:00:00-04:00,44.47999954223633,44.75,43.310001373291016,43.34000015258789,41.50236511230469,919900,0.0,0.0
2020-09-24 00:00:00-04:00,43.369998931884766,44.31999969482422,43.15999984741211,43.560001373291016,41.71303939819336,1016100,0.0,0.0
2020-09-25 00:00:00-04:00,43.400001525878906,44.0,43.060001373291016,43.939998626708984,42.07692337036133,675800,0.0,0.0
2020-09-28 00:00:00-04:00,44.279998779296875,44.9900016784668,44.04999923706055,44.869998931884766,42.967491149902344,783300,0.0,0.0
2020-09-29 00:00:00-04:00,44.83000183105469,45.41999816894531,44.72999954223633,45.16999816894531,43.2547721862793,1067100,0.0,0.0
2020-09-30 00:00:00-04:00,45.33000183105469,45.650001525878906,44.939998626708984,45.27000045776367,43.35053634643555,922700,0.0,0.0
2020-10-01 00:00:00-04:00,45.5099983215332,45.709999084472656,44.75,44.939998626708984,43.03451156616211,995200,0.0,0.0
2020-10-02 00:00:00-04:00,44.540000915527344,45.900001525878906,44.45000076293945,45.36000061035156,43.43671798706055,1003600,0.0,0.0
2020-10-05 00:00:00-04:00,45.810001373291016,46.0,45.369998931884766,45.72999954223633,43.79103088378906,1004600,0.0,0.0
2020-10-06 00:00:00-04:00,45.93000030517578,46.470001220703125,45.599998474121094,45.72999954223633,43.79103088378906,1044900,0.0,0.0
2020-10-07 00:00:00-04:00,45.959999084472656,46.40999984741211,45.86000061035156,46.27000045776367,44.308128356933594,764300,0.0,0.0
2020-10-08 00:00:00-04:00,46.56999969482422,46.849998474121094,46.31999969482422,46.709999084472656,44.72947311401367,612300,0.0,0.0
2020-10-09 00:00:00-04:00,47.0,47.5,46.84000015258789,47.220001220703125,45.21784591674805,727900,0.0,0.0
2020-10-12 00:00:00-04:00,47.5099983215332,48.369998931884766,47.310001373291016,48.310001373291016,46.26163101196289,590800,0.0,0.0
2020-10-13 00:00:00-04:00,48.099998474121094,48.45000076293945,47.27000045776367,47.369998931884766,45.36149215698242,682900,0.0,0.0
2020-10-14 00:00:00-04:00,47.47999954223633,47.95000076293945,46.959999084472656,46.97999954223633,44.98802185058594,661500,0.0,0.0
2020-10-15 00:00:00-04:00,46.59000015258789,47.650001525878906,46.349998474121094,47.31999969482422,45.3136100769043,696900,0.0,0.0
2020-10-16 00:00:00-04:00,47.5,47.900001525878906,47.29999923706055,47.45000076293945,45.43810272216797,430700,0.0,0.0
2020-10-19 00:00:00-04:00,47.459999084472656,47.709999084472656,46.38999938964844,46.459999084472656,44.49007034301758,534300,0.0,0.0
2020-10-20 00:00:00-04:00,46.560001373291016,47.0099983215332,46.290000915527344,46.40999984741211,44.44219207763672,577100,0.0,0.0
2020-10-21 00:00:00-04:00,46.61000061035156,47.0,46.41999816894531,46.54999923706055,44.576255798339844,576500,0.0,0.0
2020-10-22 00:00:00-04:00,46.599998474121094,46.95000076293945,46.34000015258789,46.63999938964844,44.66244125366211,737400,0.0,0.0
2020-10-23 00:00:00-04:00,46.79999923706055,46.810001373291016,46.22999954223633,46.720001220703125,44.739051818847656,791700,0.0,0.0
2020-10-26 00:00:00-04:00,46.36000061035156,46.72999954223633,45.849998474121094,46.59000015258789,44.614566802978516,1240900,0.0,0.0
2020-10-27 00:00:00-04:00,47.25,47.33000183105469,44.7599983215332,45.220001220703125,43.30265808105469,1199400,0.0,0.0
2020-10-28 00:00:00-04:00,44.540000915527344,44.75,43.939998626708984,44.16999816894531,42.29716873168945,1168400,0.0,0.0
2020-10-29 00:00:00-04:00,43.939998626708984,44.22999954223633,43.06999969482422,43.459999084472656,41.61728286743164,1091800,0.0,0.0
2020-10-30 00:00:00-04:00,43.380001068115234,44.31999969482422,43.040000915527344,43.5099983215332,41.66515350341797,1457300,0.0,0.0
2020-11-02 00:00:00-05:00,44.060001373291016,44.810001373291016,43.88999938964844,44.5,42.61317443847656,943600,0.0,0.0
2020-11-03 00:00:00-05:00,44.939998626708984,44.939998626708984,44.18000030517578,44.31999969482422,42.52970886230469,1211100,0.093,0.0
2020-11-04 00:00:00-05:00,44.130001068115234,46.459999084472656,44.08000183105469,45.88999938964844,44.03627395629883,871000,0.0,0.0
2020-11-05 00:00:00-05:00,46.130001068115234,46.400001525878906,45.45000076293945,45.5,43.66202163696289,746400,0.0,0.0
2020-11-06 00:00:00-05:00,45.75,45.93000030517578,45.5,45.72999954223633,43.88274002075195,576500,0.0,0.0
2020-11-09 00:00:00-05:00,48.0,48.61000061035156,45.77000045776367,45.91999816894531,44.065067291259766,1854000,0.0,0.0
2020-11-10 00:00:00-05:00,46.099998474121094,47.25,45.90999984741211,47.189998626708984,45.28376770019531,795500,0.0,0.0
2020-11-11 00:00:00-05:00,47.560001373291016,47.56999969482422,46.63999938964844,46.970001220703125,45.072654724121094,640800,0.0,0.0
2020-11-12 00:00:00-05:00,46.65999984741211,47.0,46.060001373291016,46.349998474121094,44.47768020629883,630900,0.0,0.0
2020-11-13 00:00:00-05:00,46.630001068115234,47.189998626708984,46.599998474121094,47.15999984741211,45.254981994628906,428800,0.0,0.0
2020-11-16 00:00:00-05:00,47.52000045776367,47.70000076293945,47.15999984741211,47.65999984741211,45.734771728515625,643100,0.0,0.0
2020-11-17 00:00:00-05:00,47.279998779296875,47.52000045776367,46.93000030517578,47.38999938964844,45.47568893432617,611300,0.0,0.0
2020-11-18 00:00:00-05:00,47.369998931884766,47.529998779296875,46.970001220703125,46.9900016784668,45.09183883666992,702400,0.0,0.0
2020-11-19 00:00:00-05:00,47.04999923706055,47.720001220703125,46.5,47.439998626708984,45.52366256713867,839000,0.0,0.0
2020-11-20 00:00:00-05:00,47.4900016784668,47.84000015258789,46.970001220703125,47.18000030517578,45.27416229248047,1508700,0.0,0.0
2020-11-23 00:00:00-05:00,47.369998931884766,47.45000076293945,46.349998474121094,46.5099983215332,44.63123321533203,1079900,0.0,0.0
2020-11-24 00:00:00-05:00,46.7599983215332,47.40999984741211,46.290000915527344,46.45000076293945,44.57365417480469,1090400,0.0,0.0
2020-11-25 00:00:00-05:00,46.31999969482422,46.529998779296875,45.529998779296875,45.86000061035156,44.00749206542969,1069700,0.0,0.0
2020-11-27 00:00:00-05:00,45.65999984741211,45.959999084472656,45.36000061035156,45.619998931884766,43.77717590332031,711100,0.0,0.0
2020-11-30 00:00:00-05:00,45.34000015258789,45.45000076293945,44.869998931884766,45.029998779296875,43.21101379394531,1712600,0.0,0.0
2020-12-01 00:00:00-05:00,45.47999954223633,45.619998931884766,44.900001525878906,45.61000061035156,43.76758575439453,1690700,0.0,0.0
2020-12-02 00:00:00-05:00,45.709999084472656,45.88999938964844,44.619998931884766,45.06999969482422,43.24939727783203,1040000,0.0,0.0
2020-12-03 00:00:00-05:00,44.9900016784668,45.349998474121094,44.5099983215332,44.61000061035156,42.807987213134766,1273200,0.0,0.0
2020-12-04 00:00:00-05:00,44.599998474121094,45.130001068115234,44.5,44.810001373291016,42.999900817871094,1091300,0.0,0.0
2020-12-07 00:00:00-05:00,44.72999954223633,45.2599983215332,44.45000076293945,44.61000061035156,42.807987213134766,1359700,0.0,0.0
2020-12-08 00:00:00-05:00,44.34000015258789,45.5099983215332,44.310001373291016,45.33000183105469,43.49889373779297,963500,0.0,0.0
2020-12-09 00:00:00-05:00,45.43000030517578,45.619998931884766,45.16999816894531,45.22999954223633,43.40293884277344,1025400,0.0,0.0
2020-12-10 00:00:00-05:00,45.02000045776367,45.38999938964844,44.869998931884766,44.880001068115234,43.067073822021484,869400,0.0,0.0
2020-12-11 00:00:00-05:00,44.59000015258789,45.599998474121094,44.59000015258789,45.0099983215332,43.19182205200195,1125500,0.0,0.0
2020-12-14 00:00:00-05:00,45.369998931884766,46.13999938964844,45.2599983215332,45.45000076293945,43.61405563354492,1069200,0.0,0.0
2020-12-15 00:00:00-05:00,45.7400016784668,46.709999084472656,45.52000045776367,46.630001068115234,44.74638366699219,936500,0.0,0.0
2020-12-16 00:00:00-05:00,46.90999984741211,46.939998626708984,45.880001068115234,45.970001220703125,44.11304473876953,853300,0.0,0.0
2020-12-17 00:00:00-05:00,46.040000915527344,46.709999084472656,46.0099983215332,46.689998626708984,44.8039665222168,763400,0.0,0.0
2020-12-18 00:00:00-05:00,47.130001068115234,47.15999984741211,45.810001373291016,45.970001220703125,44.11304473876953,2601400,0.0,0.0
2020-12-21 00:00:00-05:00,45.68000030517578,46.029998779296875,45.0099983215332,46.0,44.1418342590332,788100,0.0,0.0
2020-12-22 00:00:00-05:00,45.779998779296875,45.970001220703125,45.540000915527344,45.689998626708984,43.844356536865234,891900,0.0,0.0
2020-12-23 00:00:00-05:00,46.0,46.25,45.540000915527344,45.689998626708984,43.844356536865234,852900,0.0,0.0
2020-12-24 00:00:00-05:00,45.84000015258789,46.33000183105469,45.7400016784668,46.310001373291016,44.439327239990234,262600,0.0,0.0
2020-12-28 00:00:00-05:00,46.560001373291016,46.779998779296875,45.849998474121094,45.880001068115234,44.026676177978516,367300,0.0,0.0
2020-12-29 00:00:00-05:00,46.08000183105469,46.25,45.7400016784668,46.029998779296875,44.17061233520508,648000,0.0,0.0
2020-12-30 00:00:00-05:00,46.279998779296875,46.709999084472656,46.0,46.25,44.38173294067383,712000,0.0,0.0
2020-12-31 00:00:00-05:00,46.529998779296875,47.540000915527344,46.16999816894531,47.40999984741211,45.494876861572266,900000,0.0,0.0
2021-01-04 00:00:00-05:00,47.5,47.5,45.61000061035156,46.349998474121094,44.47768020629883,1370000,0.0,0.0
2021-01-05 00:00:00-05:00,46.47999954223633,46.709999084472656,46.060001373291016,46.31999969482422,44.448909759521484,932100,0.0,0.0
2021-01-06 00:00:00-05:00,46.58000183105469,47.41999816894531,45.88999938964844,47.22999954223633,45.322147369384766,1534500,0.0,0.0
2021-01-07 00:00:00-05:00,47.45000076293945,48.209999084472656,47.16999816894531,47.880001068115234,45.94588851928711,1076900,0.0,0.0
2021-01-08 00:00:00-05:00,48.16999816894531,48.7599983215332,47.45000076293945,48.02000045776367,46.080230712890625,961700,0.0,0.0
2021-01-11 00:00:00-05:00,47.77000045776367,47.849998474121094,46.869998931884766,46.97999954223633,45.08224105834961,807900,0.0,0.0
2021-01-12 00:00:00-05:00,46.88999938964844,47.220001220703125,46.709999084472656,46.849998474121094,44.957496643066406,574900,0.0,0.0
2021-01-13 00:00:00-05:00,46.619998931884766,46.939998626708984,46.189998626708984,46.279998779296875,44.4105224609375,767200,0.0,0.0
2021-01-14 00:00:00-05:00,46.5099983215332,46.65999984741211,45.709999084472656,45.75,43.90193176269531,561100,0.0,0.0
2021-01-15 00:00:00-05:00,45.70000076293945,46.75,45.65999984741211,46.29999923706055,44.429718017578125,1000400,0.0,0.0
2021-01-19 00:00:00-05:00,46.7599983215332,47.2400016784668,46.56999969482422,46.72999954223633,44.84233856201172,794400,0.0,0.0
2021-01-20 00:00:00-05:00,46.63999938964844,47.66999816894531,46.54999923706055,47.61000061035156,45.686790466308594,823100,0.0,0.0
2021-01-21 00:00:00-05:00,47.52000045776367,47.97999954223633,47.34000015258789,47.459999084472656,45.542850494384766,937300,0.0,0.0
2021-01-22 00:00:00-05:00,47.43000030517578,47.650001525878906,47.150001525878906,47.4900016784668,45.57164001464844,726800,0.0,0.0
2021-01-25 00:00:00-05:00,47.41999816894531,48.130001068115234,47.27000045776367,47.72999954223633,45.80194854736328,1129500,0.0,0.0
2021-01-26 00:00:00-05:00,47.279998779296875,47.970001220703125,45.630001068115234,45.66999816894531,43.825164794921875,1949500,0.0,0.0
2021-01-27 00:00:00-05:00,45.189998626708984,45.38999938964844,44.029998779296875,44.08000183105469,42.29938888549805,1650200,0.0,0.0
2021-01-28 00:00:00-05:00,44.189998626708984,44.689998626708984,43.86000061035156,43.900001525878906,42.12666320800781,1498000,0.0,0.0
2021-01-29 00:00:00-05:00,43.560001373291016,44.5,43.06999969482422,43.09000015258789,41.34938430786133,1916400,0.0,0.0
2021-02-01 00:00:00-05:00,43.349998474121094,43.70000076293945,42.720001220703125,42.959999084472656,41.22463607788086,1540700,0.0,0.0
2021-02-02 00:00:00-05:00,43.400001525878906,44.689998626708984,43.310001373291016,44.689998626708984,42.88474655151367,1228100,0.0,0.0
2021-02-03 00:00:00-05:00,44.400001525878906,44.560001373291016,43.529998779296875,43.72999954223633,41.963523864746094,926300,0.0,0.0
2021-02-04 00:00:00-05:00,43.72999954223633,44.41999816894531,43.36000061035156,43.90999984741211,42.22606658935547,1092800,0.093,0.0
2021-02-05 00:00:00-05:00,44.33000183105469,44.939998626708984,44.25,44.77000045776367,43.05307388305664,784600,0.0,0.0
2021-02-08 00:00:00-05:00,44.81999969482422,45.5099983215332,44.66999816894531,45.5,43.75507354736328,1610300,0.0,0.0
2021-02-09 00:00:00-05:00,45.5099983215332,45.79999923706055,45.25,45.33000183105469,43.59159851074219,726400,0.0,0.0
2021-02-10 00:00:00-05:00,45.5,45.709999084472656,44.95000076293945,45.08000183105469,43.351192474365234,560900,0.0,0.0
2021-02-11 00:00:00-05:00,45.08000183105469,45.4900016784668,44.95000076293945,45.29999923706055,43.5627555847168,815400,0.0,0.0
2021-02-12 00:00:00-05:00,45.220001220703125,45.29999923706055,44.599998474121094,44.79999923706055,43.08192443847656,830900,0.0,0.0
2021-02-16 00:00:00-05:00,44.709999084472656,44.880001068115234,44.060001373291016,44.470001220703125,42.76458740234375,1867900,0.0,0.0
2021-02-17 00:00:00-05:00,44.13999938964844,44.380001068115234,43.90999984741211,44.25,42.55302047729492,1200400,0.0,0.0
2021-02-18 00:00:00-05:00,44.150001525878906,44.45000076293945,43.90999984741211,44.31999969482422,42.62034606933594,985200,0.0,0.0
2021-02-19 00:00:00-05:00,44.56999969482422,45.599998474121094,44.27000045776367,45.59000015258789,43.84164047241211,1512800,0.0,0.0
2021-02-22 00:00:00-05:00,45.31999969482422,46.36000061035156,45.09000015258789,46.18000030517578,44.40899658203125,1600000,0.0,0.0
2021-02-23 00:00:00-05:00,46.290000915527344,47.099998474121094,45.83000183105469,46.93000030517578,45.1302375793457,1335800,0.0,0.0
2021-02-24 00:00:00-05:00,46.93000030517578,47.9900016784668,46.720001220703125,47.790000915527344,45.9572639465332,1305000,0.0,0.0
2021-02-25 00:00:00-05:00,47.779998779296875,47.900001525878906,46.709999084472656,46.7400016784668,44.94753646850586,1121200,0.0,0.0
2021-02-26 00:00:00-05:00,46.79999923706055,47.09000015258789,45.900001525878906,45.900001525878906,44.13974380493164,1117200,0.0,0.0
2021-03-01 00:00:00-05:00,46.400001525878906,47.349998474121094,46.20000076293945,46.84000015258789,45.04368591308594,987700,0.0,0.0
2021-03-02 00:00:00-05:00,46.63999938964844,46.79999923706055,45.869998931884766,46.380001068115234,44.60133361816406,1266500,0.0,0.0
2021-03-03 00:00:00-05:00,46.040000915527344,46.7400016784668,45.54999923706055,45.54999923706055,43.80316162109375,941100,0.0,0.0
2021-03-04 00:00:00-05:00,45.54999923706055,45.77000045776367,44.79999923706055,44.93000030517578,43.206947326660156,1095400,0.0,0.0
2021-03-05 00:00:00-05:00,45.33000183105469,46.13999938964844,45.0099983215332,46.040000915527344,44.27437210083008,950000,0.0,0.0
2021-03-08 00:00:00-05:00,46.119998931884766,47.029998779296875,45.95000076293945,46.349998474121094,44.57247543334961,716600,0.0,0.0
2021-03-09 00:00:00-05:00,46.5099983215332,46.880001068115234,46.04999923706055,46.06999969482422,44.30322265625,1321000,0.0,0.0
2021-03-10 00:00:00-05:00,46.09000015258789,46.7400016784668,45.970001220703125,46.5099983215332,44.72635269165039,925900,0.0,0.0
2021-03-11 00:00:00-05:00,46.529998779296875,46.529998779296875,46.040000915527344,46.40999984741211,44.63018035888672,871600,0.0,0.0
2021-03-12 00:00:00-05:00,46.560001373291016,46.91999816894531,46.38999938964844,46.81999969482422,45.02445983886719,863100,0.0,0.0
2021-03-15 00:00:00-04:00,46.88999938964844,47.209999084472656,46.599998474121094,47.150001525878906,45.3418083190918,802500,0.0,0.0
2021-03-16 00:00:00-04:00,46.9900016784668,47.150001525878906,46.58000183105469,46.95000076293945,45.14947509765625,643400,0.0,0.0
2021-03-17 00:00:00-04:00,46.959999084472656,46.959999084472656,46.279998779296875,46.369998931884766,44.59170913696289,1202100,0.0,0.0
2021-03-18 00:00:00-04:00,46.380001068115234,46.380001068115234,45.619998931884766,45.709999084472656,43.95702362060547,1448500,0.0,0.0
2021-03-19 00:00:00-04:00,45.75,45.88999938964844,44.61000061035156,44.7599983215332,43.043460845947266,3497800,0.0,0.0
2021-03-22 00:00:00-04:00,44.540000915527344,45.599998474121094,44.540000915527344,45.34000015258789,43.601219177246094,1244200,0.0,0.0
2021-03-23 00:00:00-04:00,45.279998779296875,45.959999084472656,45.22999954223633,45.619998931884766,43.87047576904297,977700,0.0,0.0
2021-03-24 00:00:00-04:00,45.68000030517578,46.290000915527344,45.68000030517578,45.880001068115234,44.12051010131836,1001100,0.0,0.0
2021-03-25 00:00:00-04:00,45.709999084472656,46.040000915527344,45.560001373291016,45.900001525878906,44.13974380493164,1050600,0.0,0.0
2021-03-26 00:00:00-04:00,46.0099983215332,46.25,45.709999084472656,46.189998626708984,44.418617248535156,1153700,0.0,0.0
2021-03-29 00:00:00-04:00,45.91999816894531,46.459999084472656,45.86000061035156,46.25,44.476318359375,1016400,0.0,0.0
2021-03-30 00:00:00-04:00,46.209999084472656,46.439998626708984,45.86000061035156,46.0099983215332,44.24552536010742,743900,0.0,0.0
2021-03-31 00:00:00-04:00,46.060001373291016,46.15999984741211,45.529998779296875,45.709999084472656,43.95702362060547,1206300,0.0,0.0
2021-04-01 00:00:00-04:00,45.810001373291016,46.560001373291016,45.720001220703125,46.52000045776367,44.7359619140625,1089000,0.0,0.0
2021-04-05 00:00:00-04:00,46.7599983215332,47.09000015258789,46.459999084472656,46.68000030517578,44.889835357666016,794500,0.0,0.0
2021-04-06 00:00:00-04:00,46.59000015258789,46.970001220703125,46.52000045776367,46.95000076293945,45.14947509765625,528300,0.0,0.0
2021-04-07 00:00:00-04:00,47.11000061035156,47.150001525878906,46.65999984741211,47.119998931884766,45.312965393066406,664000,0.0,0.0
2021-04-08 00:00:00-04:00,47.209999084472656,47.45000076293945,46.900001525878906,47.34000015258789,45.5245246887207,754500,0.0,0.0
2021-04-09 00:00:00-04:00,47.52000045776367,47.86000061035156,47.18000030517578,47.83000183105469,45.99573516845703,788000,0.0,0.0
2021-04-12 00:00:00-04:00,47.880001068115234,48.04999923706055,47.650001525878906,47.86000061035156,46.02457809448242,716500,0.0,0.0
2021-04-13 00:00:00-04:00,47.619998931884766,48.52000045776367,47.619998931884766,48.470001220703125,46.61118698120117,933500,0.0,0.0
2021-04-14 00:00:00-04:00,48.5099983215332,48.83000183105469,48.13999938964844,48.22999954223633,46.38039016723633,848700,0.0,0.0
2021-04-15 00:00:00-04:00,48.459999084472656,49.029998779296875,48.45000076293945,48.970001220703125,47.092002868652344,742600,0.0,0.0
2021-04-16 00:00:00-04:00,49.43000030517578,49.75,49.09000015258789,49.54999923706055,47.64977264404297,863900,0.0,0.0
2021-04-19 00:00:00-04:00,49.66999816894531,49.68000030517578,49.29999923706055,49.47999954223633,47.58245086669922,942800,0.0,0.0
2021-04-20 00:00:00-04:00,49.5099983215332,49.880001068115234,49.31999969482422,49.369998931884766,47.47666931152344,663200,0.0,0.0
2021-04-21 00:00:00-04:00,49.41999816894531,49.86000061035156,49.150001525878906,49.79999923706055,47.89018249511719,888000,0.0,0.0
2021-04-22 00:00:00-04:00,49.689998626708984,50.2400016784668,49.45000076293945,49.970001220703125,48.053653717041016,1090400,0.0,0.0
2021-04-23 00:00:00-04:00,50.08000183105469,50.619998931884766,50.02000045776367,50.47999954223633,48.54410171508789,1207200,0.0,0.0
2021-04-26 00:00:00-04:00,50.58000183105469,50.900001525878906,49.779998779296875,49.79999923706055,47.89018249511719,844000,0.0,0.0
2021-04-27 00:00:00-04:00,52.27000045776367,53.0,51.650001525878906,51.869998931884766,49.88079071044922,1499600,0.0,0.0
2021-04-28 00:00:00-04:00,51.86000061035156,52.650001525878906,51.86000061035156,52.43000030517578,50.41931915283203,1091400,0.0,0.0
2021-04-29 00:00:00-04:00,52.650001525878906,53.0099983215332,51.650001525878906,52.810001373291016,50.78474426269531,2502000,0.0,0.0
2021-04-30 00:00:00-04:00,52.91999816894531,53.79999923706055,52.90999984741211,53.18000030517578,51.14056396484375,1781600,0.0,0.0
2021-05-03 00:00:00-04:00,53.27000045776367,53.5099983215332,52.779998779296875,53.099998474121094,51.063621520996094,1201600,0.0,0.0
2021-05-04 00:00:00-04:00,53.0,53.47999954223633,52.970001220703125,53.380001068115234,51.332889556884766,639700,0.0,0.0
2021-05-05 00:00:00-04:00,53.41999816894531,53.41999816894531,52.58000183105469,53.15999984741211,51.12132263183594,1399400,0.0,0.0
2021-05-06 00:00:00-04:00,53.400001525878906,53.7400016784668,53.2599983215332,53.54999923706055,51.49636459350586,1465900,0.0,0.0
2021-05-07 00:00:00-04:00,53.290000915527344,54.04999923706055,53.22999954223633,53.689998626708984,51.7208137512207,1222500,0.093,0.0
2021-05-10 00:00:00-04:00,53.790000915527344,54.369998931884766,53.36000061035156,53.369998931884766,51.41256332397461,1070300,0.0,0.0
2021-05-11 00:00:00-04:00,53.119998931884766,53.130001068115234,51.880001068115234,51.97999954223633,50.07353591918945,1116800,0.0,0.0
2021-05-12 00:00:00-04:00,51.84000015258789,52.150001525878906,50.880001068115234,50.900001525878906,49.03315734863281,844100,0.0,0.0
2021-05-13 00:00:00-04:00,50.79999923706055,52.31999969482422,50.779998779296875,52.150001525878906,50.237300872802734,1042700,0.0,0.0
2021-05-14 00:00:00-04:00,52.36000061035156,52.72999954223633,52.119998931884766,52.5099983215332,50.584102630615234,827200,0.0,0.0
2021-05-17 00:00:00-04:00,52.380001068115234,52.47999954223633,51.900001525878906,52.22999954223633,50.31436538696289,531300,0.0,0.0
2021-05-18 00:00:00-04:00,52.29999923706055,52.54999923706055,51.97999954223633,52.060001373291016,50.150604248046875,768700,0.0,0.0
2021-05-19 00:00:00-04:00,51.709999084472656,52.060001373291016,51.40999984741211,52.02000045776367,50.112064361572266,784900,0.0,0.0
2021-05-20 00:00:00-04:00,52.060001373291016,52.56999969482422,51.7599983215332,52.2599983215332,50.343265533447266,776200,0.0,0.0
2021-05-21 00:00:00-04:00,52.38999938964844,52.63999938964844,51.7599983215332,52.09000015258789,50.179508209228516,671400,0.0,0.0
2021-05-24 00:00:00-04:00,52.279998779296875,52.349998474121094,52.0099983215332,52.15999984741211,50.24693298339844,767100,0.0,0.0
2021-05-25 00:00:00-04:00,52.279998779296875,52.380001068115234,51.7599983215332,51.81999969482422,49.919403076171875,872200,0.0,0.0
2021-05-26 00:00:00-04:00,51.70000076293945,51.90999984741211,51.470001220703125,51.65999984741211,49.76527786254883,1364900,0.0,0.0
2021-05-27 00:00:00-04:00,51.84000015258789,52.47999954223633,51.66999816894531,52.40999984741211,50.48776626586914,1681500,0.0,0.0
2021-05-28 00:00:00-04:00,52.56999969482422,52.72999954223633,52.29999923706055,52.52000045776367,50.59373474121094,579500,0.0,0.0
2021-06-01 00:00:00-04:00,52.7599983215332,52.9900016784668,52.279998779296875,52.54999923706055,50.62263107299805,1035500,0.0,0.0
2021-06-02 00:00:00-04:00,52.75,52.75,52.279998779296875,52.369998931884766,50.44922637939453,655400,0.0,0.0
2021-06-03 00:00:00-04:00,52.18000030517578,52.720001220703125,51.91999816894531,52.27000045776367,50.35289764404297,1105600,0.0,0.0
2021-06-04 00:00:00-04:00,52.400001525878906,52.45000076293945,52.060001373291016,52.369998931884766,50.44922637939453,478500,0.0,0.0
2021-06-07 00:00:00-04:00,52.369998931884766,52.369998931884766,51.689998626708984,51.709999084472656,49.813438415527344,524500,0.0,0.0
2021-06-08 00:00:00-04:00,51.619998931884766,52.060001373291016,51.470001220703125,52.060001373291016,50.150604248046875,550600,0.0,0.0
2021-06-09 00:00:00-04:00,52.0,52.11000061035156,51.65999984741211,51.720001220703125,49.82307434082031,508500,0.0,0.0
2021-06-10 00:00:00-04:00,51.849998474121094,52.099998474121094,51.75,51.810001373291016,49.90977478027344,552300,0.0,0.0
2021-06-11 00:00:00-04:00,51.79999923706055,52.18000030517578,51.709999084472656,52.16999816894531,50.256568908691406,593000,0.0,0.0
2021-06-14 00:00:00-04:00,52.15999984741211,52.18000030517578,51.90999984741211,52.119998931884766,50.208404541015625,721900,0.0,0.0
2021-06-15 00:00:00-04:00,52.119998931884766,53.130001068115234,51.970001220703125,52.939998626708984,50.99833297729492,899000,0.0,0.0
2021-06-16 00:00:00-04:00,53.0099983215332,53.209999084472656,52.529998779296875,52.709999084472656,50.776771545410156,1240000,0.0,0.0
2021-06-17 00:00:00-04:00,52.619998931884766,53.189998626708984,52.33000183105469,52.630001068115234,50.6996955871582,1239300,0.0,0.0
2021-06-18 00:00:00-04:00,52.27000045776367,52.43000030517578,51.72999954223633,51.810001373291016,49.90977478027344,1721400,0.0,0.0
2021-06-21 00:00:00-04:00,52.08000183105469,52.54999923706055,51.58000183105469,52.459999084472656,50.53593444824219,914900,0.0,0.0
2021-06-22 00:00:00-04:00,52.5099983215332,53.119998931884766,52.279998779296875,52.849998474121094,50.911624908447266,758800,0.0,0.0
2021-06-23 00:00:00-04:00,52.849998474121094,53.18000030517578,52.779998779296875,52.91999816894531,50.97905349731445,791400,0.0,0.0
2021-06-24 00:00:00-04:00,53.060001373291016,53.380001068115234,52.81999969482422,53.220001220703125,51.2680549621582,1128000,0.0,0.0
2021-06-25 00:00:00-04:00,53.2400016784668,53.68000030517578,53.130001068115234,53.4900016784668,51.52815246582031,1291400,0.0,0.0
2021-06-28 00:00:00-04:00,53.560001373291016,53.65999984741211,52.790000915527344,52.970001220703125,51.02722930908203,972600,0.0,0.0
2021-06-29 00:00:00-04:00,53.150001525878906,53.7400016784668,53.0,53.52000045776367,51.55706024169922,909300,0.0,0.0
2021-06-30 00:00:00-04:00,53.529998779296875,53.630001068115234,53.040000915527344,53.13999938964844,51.19099426269531,914100,0.0,0.0
2021-07-01 00:00:00-04:00,53.099998474121094,53.77000045776367,53.099998474121094,53.52000045776367,51.55706024169922,922400,0.0,0.0
2021-07-02 00:00:00-04:00,53.560001373291016,53.880001068115234,53.439998626708984,53.66999816894531,51.7015495300293,788300,0.0,0.0
2021-07-06 00:00:00-04:00,53.66999816894531,53.79999923706055,53.13999938964844,53.560001373291016,51.5955924987793,942000,0.0,0.0
2021-07-07 00:00:00-04:00,53.52000045776367,53.709999084472656,53.349998474121094,53.599998474121094,51.63411331176758,927900,0.0,0.0
2021-07-08 00:00:00-04:00,53.11000061035156,53.189998626708984,52.18000030517578,52.310001373291016,50.39143371582031,1171900,0.0,0.0
2021-07-09 00:00:00-04:00,52.56999969482422,53.130001068115234,52.56999969482422,52.95000076293945,51.007972717285156,764400,0.0,0.0
2021-07-12 00:00:00-04:00,52.83000183105469,53.29999923706055,52.75,53.279998779296875,51.32585906982422,721000,0.0,0.0
2021-07-13 00:00:00-04:00,53.33000183105469,53.33000183105469,52.599998474121094,52.61000061035156,50.68042755126953,691600,0.0,0.0
2021-07-14 00:00:00-04:00,52.720001220703125,52.959999084472656,52.5099983215332,52.779998779296875,50.84419631958008,721400,0.0,0.0
2021-07-15 00:00:00-04:00,52.4900016784668,53.75,52.36000061035156,53.529998779296875,51.56669235229492,910500,0.0,0.0
2021-07-16 00:00:00-04:00,53.68000030517578,53.9900016784668,53.400001525878906,53.7400016784668,51.76899719238281,912800,0.0,0.0
2021-07-19 00:00:00-04:00,53.29999923706055,53.400001525878906,52.220001220703125,52.66999816894531,50.73822784423828,778300,0.0,0.0
2021-07-20 00:00:00-04:00,52.779998779296875,54.0,52.65999984741211,53.38999938964844,51.431819915771484,1402200,0.0,0.0
2021-07-21 00:00:00-04:00,53.63999938964844,53.939998626708984,53.15999984741211,53.27000045776367,51.31622314453125,1280200,0.0,0.0
2021-07-22 00:00:00-04:00,53.220001220703125,53.65999984741211,53.16999816894531,53.56999969482422,51.605224609375,994000,0.0,0.0
2021-07-23 00:00:00-04:00,53.790000915527344,54.41999816894531,53.619998931884766,54.349998474121094,52.35660934448242,921600,0.0,0.0
2021-07-26 00:00:00-04:00,54.40999984741211,54.939998626708984,54.0,54.400001525878906,52.40478515625,1682900,0.0,0.0
2021-07-27 00:00:00-04:00,54.08000183105469,56.220001220703125,53.36000061035156,54.779998779296875,52.77083969116211,1845500,0.0,0.0
2021-07-28 00:00:00-04:00,54.779998779296875,54.970001220703125,53.810001373291016,54.099998474121094,52.11577606201172,1498800,0.0,0.0
2021-07-29 00:00:00-04:00,54.349998474121094,55.04999923706055,54.25,54.84000015258789,52.828643798828125,925500,0.0,0.0
2021-07-30 00:00:00-04:00,55.09000015258789,55.369998931884766,54.33000183105469,54.400001525878906,52.40478515625,1756500,0.0,0.0
2021-08-02 00:00:00-04:00,54.65999984741211,54.790000915527344,54.02000045776367,54.2400016784668,52.25065231323242,1778300,0.0,0.0
2021-08-03 00:00:00-04:00,54.31999969482422,54.75,53.970001220703125,54.119998931884766,52.135047912597656,1284600,0.0,0.0
2021-08-04 00:00:00-04:00,53.86000061035156,54.279998779296875,53.52000045776367,53.70000076293945,51.7304573059082,1006200,0.0,0.0
2021-08-05 00:00:00-04:00,53.93000030517578,54.209999084472656,53.689998626708984,54.20000076293945,52.21211624145508,1053400,0.0,0.0
2021-08-06 00:00:00-04:00,54.4900016784668,54.650001525878906,54.13999938964844,54.47999954223633,52.481842041015625,812400,0.0,0.0
2021-08-09 00:00:00-04:00,54.41999816894531,54.83000183105469,54.2400016784668,54.790000915527344,52.78048324584961,718200,0.0,0.0
2021-08-10 00:00:00-04:00,54.849998474121094,55.189998626708984,54.65999984741211,54.869998931884766,52.94740676879883,985300,0.093,0.0
2021-08-11 00:00:00-04:00,55.09000015258789,55.439998626708984,54.97999954223633,55.380001068115234,53.43954849243164,817100,0.0,0.0
2021-08-12 00:00:00-04:00,55.41999816894531,55.54999923706055,55.13999938964844,55.380001068115234,53.43954849243164,578400,0.0,0.0
2021-08-13 00:00:00-04:00,55.560001373291016,55.880001068115234,55.400001525878906,55.75,53.79657745361328,967300,0.0,0.0
2021-08-16 00:00:00-04:00,55.779998779296875,56.43000030517578,55.599998474121094,56.380001068115234,54.404502868652344,763100,0.0,0.0
2021-08-17 00:00:00-04:00,56.2400016784668,56.619998931884766,56.09000015258789,56.56999969482422,54.58784103393555,816000,0.0,0.0
2021-08-18 00:00:00-04:00,56.5099983215332,57.15999984741211,56.209999084472656,56.720001220703125,54.73258590698242,1525800,0.0,0.0
2021-08-19 00:00:00-04:00,56.4900016784668,57.06999969482422,56.29999923706055,56.86000061035156,54.867679595947266,745300,0.0,0.0
2021-08-20 00:00:00-04:00,56.869998931884766,57.880001068115234,56.86000061035156,57.7599983215332,55.736148834228516,889500,0.0,0.0
2021-08-23 00:00:00-04:00,57.900001525878906,58.5,57.709999084472656,57.720001220703125,55.69755554199219,970000,0.0,0.0
2021-08-24 00:00:00-04:00,57.689998626708984,57.90999984741211,57.56999969482422,57.68000030517578,55.658958435058594,892600,0.0,0.0
2021-08-25 00:00:00-04:00,57.77000045776367,58.130001068115234,57.5,57.86000061035156,55.83264923095703,663500,0.0,0.0
2021-08-26 00:00:00-04:00,57.720001220703125,58.040000915527344,57.54999923706055,57.61000061035156,55.591400146484375,624300,0.0,0.0
2021-08-27 00:00:00-04:00,57.709999084472656,58.25,57.630001068115234,58.150001525878906,56.11247634887695,1095900,0.0,0.0
2021-08-30 00:00:00-04:00,58.25,58.470001220703125,58.0099983215332,58.029998779296875,55.9966926574707,586500,0.0,0.0
2021-08-31 00:00:00-04:00,58.0,58.47999954223633,57.939998626708984,58.04999923706055,56.015987396240234,1079700,0.0,0.0
2021-09-01 00:00:00-04:00,58.0,58.689998626708984,57.650001525878906,58.459999084472656,56.41162872314453,814400,0.0,0.0
2021-09-02 00:00:00-04:00,58.70000076293945,58.959999084472656,58.34000015258789,58.72999954223633,56.67216491699219,789900,0.0,0.0
2021-09-03 00:00:00-04:00,58.4900016784668,59.040000915527344,58.349998474121094,58.939998626708984,56.87480163574219,777400,0.0,0.0
2021-09-07 00:00:00-04:00,59.20000076293945,59.459999084472656,57.90999984741211,58.130001068115234,56.09318542480469,2508600,0.0,0.0
2021-09-08 00:00:00-04:00,58.029998779296875,58.599998474121094,57.84000015258789,58.56999969482422,56.51776123046875,1204900,0.0,0.0
2021-09-09 00:00:00-04:00,58.630001068115234,59.11000061035156,58.40999984741211,58.43000030517578,56.38267135620117,1264100,0.0,0.0
2021-09-10 00:00:00-04:00,58.439998626708984,58.65999984741211,57.709999084472656,57.77000045776367,55.74580001831055,1147500,0.0,0.0
2021-09-13 00:00:00-04:00,58.310001373291016,58.310001373291016,57.060001373291016,57.45000076293945,55.43701934814453,1079000,0.0,0.0
2021-09-14 00:00:00-04:00,57.439998626708984,57.66999816894531,55.77000045776367,56.099998474121094,54.13431167602539,2333200,0.0,0.0
2021-09-15 00:00:00-04:00,56.119998931884766,57.79999923706055,56.029998779296875,57.47999954223633,55.46596145629883,1390700,0.0,0.0
2021-09-16 00:00:00-04:00,57.439998626708984,57.56999969482422,56.63999938964844,57.459999084472656,55.44666290283203,1217300,0.0,0.0
2021-09-17 00:00:00-04:00,57.65999984741211,57.709999084472656,56.16999816894531,57.0099983215332,55.01243209838867,48381800,0.0,0.0
2021-09-20 00:00:00-04:00,55.880001068115234,56.689998626708984,55.619998931884766,56.34000015258789,54.36589813232422,2672600,0.0,0.0
2021-09-21 00:00:00-04:00,56.650001525878906,56.97999954223633,56.209999084472656,56.630001068115234,54.6457405090332,1626800,0.0,0.0
2021-09-22 00:00:00-04:00,57.060001373291016,57.56999969482422,56.40999984741211,57.400001525878906,55.38876724243164,1474900,0.0,0.0
2021-09-23 00:00:00-04:00,57.75,58.0099983215332,57.150001525878906,57.47999954223633,55.46596145629883,1162400,0.0,0.0
2021-09-24 00:00:00-04:00,57.5099983215332,58.13999938964844,57.459999084472656,58.099998474121094,56.06422424316406,812300,0.0,0.0
2021-09-27 00:00:00-04:00,58.220001220703125,58.220001220703125,57.27000045776367,57.31999969482422,55.31156539916992,1044600,0.0,0.0
2021-09-28 00:00:00-04:00,57.25,57.25,55.560001373291016,55.790000915527344,53.835182189941406,1450100,0.0,0.0
2021-09-29 00:00:00-04:00,55.900001525878906,56.599998474121094,55.900001525878906,56.22999954223633,54.259765625,1093500,0.0,0.0
2021-09-30 00:00:00-04:00,56.470001220703125,56.58000183105469,55.439998626708984,55.45000076293945,53.50709915161133,1631700,0.0,0.0
2021-10-01 00:00:00-04:00,55.70000076293945,57.970001220703125,55.470001220703125,57.599998474121094,55.581748962402344,2024100,0.0,0.0
2021-10-04 00:00:00-04:00,57.630001068115234,58.06999969482422,56.790000915527344,57.18000030517578,55.17646408081055,1398000,0.0,0.0
2021-10-05 00:00:00-04:00,57.47999954223633,58.470001220703125,57.18000030517578,58.130001068115234,56.09318542480469,1602400,0.0,0.0
2021-10-06 00:00:00-04:00,57.650001525878906,58.83000183105469,57.529998779296875,58.79999923706055,56.739707946777344,933500,0.0,0.0
2021-10-07 00:00:00-04:00,59.18000030517578,59.869998931884766,59.04999923706055,59.45000076293945,57.3669319152832,946600,0.0,0.0
2021-10-08 00:00:00-04:00,59.5,60.06999969482422,59.33000183105469,59.9900016784668,57.88800811767578,757700,0.0,0.0
2021-10-11 00:00:00-04:00,60.09000015258789,60.869998931884766,59.939998626708984,60.25,58.1389045715332,939200,0.0,0.0
2021-10-12 00:00:00-04:00,60.52000045776367,61.349998474121094,60.22999954223633,60.75,58.62138748168945,967800,0.0,0.0
2021-10-13 00:00:00-04:00,60.689998626708984,61.709999084472656,60.40999984741211,61.630001068115234,59.470550537109375,1026900,0.0,0.0
2021-10-14 00:00:00-04:00,62.11000061035156,63.16999816894531,62.02000045776367,63.130001068115234,60.917999267578125,1208200,0.0,0.0
2021-10-15 00:00:00-04:00,63.5,64.72000122070312,63.349998474121094,64.31999969482422,62.06629943847656,1530700,0.0,0.0
2021-10-18 00:00:00-04:00,64.05000305175781,64.58999633789062,63.90999984741211,64.01000213623047,61.76716613769531,1308900,0.0,0.0
2021-10-19 00:00:00-04:00,64.41000366210938,64.41000366210938,63.650001525878906,64.08999633789062,61.8443489074707,1388800,0.0,0.0
2021-10-20 00:00:00-04:00,64.33000183105469,64.7699966430664,64.33000183105469,64.56999969482422,62.30754089355469,1619600,0.0,0.0
2021-10-21 00:00:00-04:00,64.87999725341797,65.66000366210938,64.73999786376953,65.62999725341797,63.33038330078125,1504000,0.0,0.0
2021-10-22 00:00:00-04:00,65.80999755859375,66.61000061035156,65.63999938964844,66.48999786376953,64.1602554321289,1188400,0.0,0.0
2021-10-25 00:00:00-04:00,66.44999694824219,67.23999786376953,66.2300033569336,66.45999908447266,64.13130187988281,1645900,0.0,0.0
2021-10-26 00:00:00-04:00,66.3499984741211,66.94000244140625,63.45000076293945,63.900001525878906,61.661006927490234,2303200,0.0,0.0
2021-10-27 00:00:00-04:00,64.26000213623047,64.5199966430664,62.290000915527344,62.650001525878906,60.454811096191406,1807600,0.0,0.0
2021-10-28 00:00:00-04:00,62.779998779296875,63.43000030517578,62.65999984741211,62.95000076293945,60.744293212890625,1055400,0.0,0.0
2021-10-29 00:00:00-04:00,62.97999954223633,63.52000045776367,62.66999816894531,63.11000061035156,60.8986930847168,1798000,0.0,0.0
2021-11-01 00:00:00-04:00,63.279998779296875,63.29999923706055,61.400001525878906,61.869998931884766,59.70213317871094,1523000,0.0,0.0
2021-11-02 00:00:00-04:00,61.869998931884766,63.119998931884766,61.79999923706055,62.72999954223633,60.632938385009766,1622300,0.103,0.0
2021-11-03 00:00:00-04:00,62.779998779296875,63.52000045776367,61.0099983215332,61.81999969482422,59.75336456298828,1679800,0.0,0.0
2021-11-04 00:00:00-04:00,61.900001525878906,62.099998474121094,61.25,61.529998779296875,59.47305679321289,1437600,0.0,0.0
2021-11-05 00:00:00-04:00,61.93000030517578,62.27000045776367,61.61000061035156,61.970001220703125,59.89836120605469,1438300,0.0,0.0
2021-11-08 00:00:00-05:00,62.36000061035156,62.83000183105469,61.779998779296875,62.709999084472656,60.61361312866211,1344500,0.0,0.0
2021-11-09 00:00:00-05:00,62.58000183105469,63.33000183105469,62.5099983215332,63.0099983215332,60.90358352661133,1391200,0.0,0.0
2021-11-10 00:00:00-05:00,62.9900016784668,63.47999954223633,62.869998931884766,63.189998626708984,61.077571868896484,1002600,0.0,0.0
2021-11-11 00:00:00-05:00,63.099998474121094,63.900001525878906,62.849998474121094,63.689998626708984,61.56084442138672,1003800,0.0,0.0
2021-11-12 00:00:00-05:00,64.16000366210938,64.72000122070312,63.88999938964844,64.5199966430664,62.363101959228516,1236300,0.0,0.0
2021-11-15 00:00:00-05:00,64.61000061035156,65.02999877929688,64.02999877929688,64.30000305175781,62.15046310424805,1020400,0.0,0.0
2021-11-16 00:00:00-05:00,64.41999816894531,65.55999755859375,64.41999816894531,64.93000030517578,62.759395599365234,1240800,0.0,0.0
2021-11-17 00:00:00-05:00,64.87000274658203,65.19999694824219,64.19999694824219,64.72000122070312,62.556419372558594,939500,0.0,0.0
2021-11-18 00:00:00-05:00,64.83999633789062,65.31999969482422,64.0999984741211,64.13999938964844,61.99581527709961,888500,0.0,0.0
2021-11-19 00:00:00-05:00,64.25,65.0,63.650001525878906,64.54000091552734,62.38243103027344,3440000,0.0,0.0
2021-11-22 00:00:00-05:00,64.91000366210938,65.97000122070312,64.58000183105469,65.27999877929688,63.097694396972656,1674500,0.0,0.0
2021-11-23 00:00:00-05:00,65.2699966430664,65.86000061035156,64.97000122070312,65.80999755859375,63.60997772216797,1016100,0.0,0.0
2021-11-24 00:00:00-05:00,65.5199966430664,66.43000030517578,65.4800033569336,66.33999633789062,64.12225341796875,949300,0.0,0.0
2021-11-26 00:00:00-05:00,65.33000183105469,65.68000030517578,64.36000061035156,64.76000213623047,62.5950813293457,810400,0.0,0.0
2021-11-29 00:00:00-05:00,65.47000122070312,65.7300033569336,64.77999877929688,65.41000366210938,63.22336959838867,797600,0.0,0.0
2021-11-30 00:00:00-05:00,65.01000213623047,65.79000091552734,64.22000122070312,64.41000366210938,62.25678253173828,2310700,0.0,0.0
2021-12-01 00:00:00-05:00,65.23999786376953,66.06999969482422,63.68000030517578,63.689998626708984,61.56084442138672,1804200,0.0,0.0
2021-12-02 00:00:00-05:00,64.05000305175781,66.31999969482422,63.79999923706055,65.87000274658203,63.66798782348633,1379000,0.0,0.0
2021-12-03 00:00:00-05:00,66.08000183105469,66.19999694824219,64.56999969482422,65.20999908447266,63.03003692626953,1446700,0.0,0.0
2021-12-06 00:00:00-05:00,65.79000091552734,66.38999938964844,65.4800033569336,65.88999938964844,63.687294006347656,1101800,0.0,0.0
2021-12-07 00:00:00-05:00,66.41999816894531,67.18000030517578,66.30000305175781,67.05000305175781,64.80853271484375,1715600,0.0,0.0
2021-12-08 00:00:00-05:00,67.30000305175781,67.91000366210938,66.66999816894531,67.68000030517578,65.41748046875,1561100,0.0,0.0
2021-12-09 00:00:00-05:00,67.31999969482422,67.61000061035156,66.9800033569336,67.05999755859375,64.81818389892578,680000,0.0,0.0
2021-12-10 00:00:00-05:00,67.70999908447266,67.7699966430664,66.43000030517578,67.20999908447266,64.96318054199219,1136100,0.0,0.0
2021-12-13 00:00:00-05:00,67.12000274658203,67.44999694824219,66.06999969482422,66.94999694824219,64.71186065673828,880300,0.0,0.0
2021-12-14 00:00:00-05:00,66.86000061035156,67.23999786376953,65.86000061035156,66.95999908447266,64.72154235839844,1155900,0.0,0.0
2021-12-15 00:00:00-05:00,67.2699966430664,68.16999816894531,66.61000061035156,68.05999755859375,65.78478240966797,1586600,0.0,0.0
2021-12-16 00:00:00-05:00,68.04000091552734,68.52999877929688,66.80999755859375,67.23999786376953,64.99219512939453,1158200,0.0,0.0
2021-12-17 00:00:00-05:00,67.05999755859375,67.1500015258789,65.62000274658203,65.87000274658203,63.66798782348633,3166100,0.0,0.0
2021-12-20 00:00:00-05:00,65.19999694824219,66.08000183105469,64.41000366210938,65.94999694824219,63.74528884887695,1669500,0.0,0.0
2021-12-21 00:00:00-05:00,66.44000244140625,67.12000274658203,66.04000091552734,66.48999786376953,64.26724243164062,1090800,0.0,0.0
2021-12-22 00:00:00-05:00,66.5,67.62000274658203,66.4800033569336,67.56999969482422,65.31114196777344,749300,0.0,0.0
2021-12-23 00:00:00-05:00,68.0199966430664,68.37999725341797,67.62999725341797,68.02999877929688,65.75576782226562,661500,0.0,0.0
2021-12-27 00:00:00-05:00,68.41000366210938,69.4800033569336,68.2300033569336,69.45999908447266,67.1379623413086,514400,0.0,0.0
2021-12-28 00:00:00-05:00,69.56999969482422,70.06999969482422,69.08000183105469,69.33999633789062,67.02196502685547,590600,0.0,0.0
2021-12-29 00:00:00-05:00,69.5,70.12000274658203,69.5,69.83000183105469,67.49559783935547,523400,0.0,0.0
2021-12-30 00:00:00-05:00,70.0,70.18000030517578,69.6500015258789,69.80999755859375,67.47626495361328,701200,0.0,0.0
2021-12-31 00:00:00-05:00,69.70999908447266,70.75,69.4800033569336,70.27999877929688,67.9305419921875,938300,0.0,0.0
2022-01-03 00:00:00-05:00,70.4000015258789,70.5999984741211,68.31999969482422,68.79000091552734,66.49036407470703,1543500,0.0,0.0
2022-01-04 00:00:00-05:00,68.91000366210938,69.43000030517578,68.25,69.12000274658203,66.80931854248047,1600700,0.0,0.0
2022-01-05 00:00:00-05:00,69.27999877929688,69.37000274658203,67.44000244140625,67.44999694824219,65.19515991210938,1669300,0.0,0.0
2022-01-06 00:00:00-05:00,67.58000183105469,68.86000061035156,67.1500015258789,68.54000091552734,66.24873352050781,1207200,0.0,0.0
2022-01-07 00:00:00-05:00,68.44999694824219,68.7699966430664,67.58000183105469,68.5999984741211,66.30672454833984,2321400,0.0,0.0
2022-01-10 00:00:00-05:00,68.20999908447266,68.5199966430664,66.91000366210938,68.08000183105469,65.8041000366211,1263900,0.0,0.0
2022-01-11 00:00:00-05:00,68.26000213623047,68.45999908447266,67.05000305175781,68.3499984741211,66.06507110595703,1247000,0.0,0.0
2022-01-12 00:00:00-05:00,68.58999633789062,69.69000244140625,68.2300033569336,69.43000030517578,67.10897827148438,1430200,0.0,0.0
2022-01-13 00:00:00-05:00,69.54000091552734,69.54000091552734,68.33999633789062,68.58000183105469,66.28738403320312,1103000,0.0,0.0
2022-01-14 00:00:00-05:00,68.30000305175781,68.5199966430664,66.29000091552734,67.05000305175781,64.80853271484375,1949000,0.0,0.0
2022-01-18 00:00:00-05:00,66.31999969482422,66.80999755859375,65.5199966430664,65.95999908447266,63.75495910644531,1724200,0.0,0.0
2022-01-19 00:00:00-05:00,66.5999984741211,66.5999984741211,64.55999755859375,64.62999725341797,62.469425201416016,1633300,0.0,0.0
2022-01-20 00:00:00-05:00,65.25,65.88999938964844,64.05999755859375,64.23999786376953,62.09246063232422,1428700,0.0,0.0
2022-01-21 00:00:00-05:00,64.29000091552734,64.69000244140625,63.11000061035156,63.130001068115234,61.01958084106445,1798900,0.0,0.0
2022-01-24 00:00:00-05:00,62.720001220703125,64.94000244140625,61.939998626708984,64.61000061035156,62.45009231567383,2440600,0.0,0.0
2022-01-25 00:00:00-05:00,66.0999984741211,67.36000061035156,63.02000045776367,64.41999816894531,62.266441345214844,3269000,0.0,0.0
2022-01-26 00:00:00-05:00,64.98999786376953,65.62000274658203,62.54999923706055,63.25,61.135562896728516,2021000,0.0,0.0
2022-01-27 00:00:00-05:00,63.81999969482422,64.1500015258789,61.29999923706055,61.970001220703125,59.89836120605469,2698700,0.0,0.0
2022-01-28 00:00:00-05:00,62.06999969482422,64.41999816894531,61.4900016784668,64.37999725341797,62.227779388427734,2101300,0.0,0.0
2022-01-31 00:00:00-05:00,64.36000061035156,66.58000183105469,64.05000305175781,66.27999877929688,64.06429290771484,6616600,0.0,0.0
2022-02-01 00:00:00-05:00,66.27999877929688,66.79000091552734,65.13999938964844,66.66999816894531,64.44122314453125,2182400,0.0,0.0
2022-02-02 00:00:00-05:00,66.66000366210938,68.5199966430664,66.58000183105469,68.08000183105469,65.8041000366211,2066300,0.0,0.0
2022-02-03 00:00:00-05:00,67.44999694824219,67.98999786376953,66.44000244140625,66.63999938964844,64.50983428955078,1524800,0.103,0.0
2022-02-04 00:00:00-05:00,66.38999938964844,68.16999816894531,66.16999816894531,67.52999877929688,65.37139129638672,1216700,0.0,0.0
2022-02-07 00:00:00-05:00,67.58999633789062,68.26000213623047,67.5,67.5999984741211,65.43914794921875,1935100,0.0,0.0
2022-02-08 00:00:00-05:00,67.68000030517578,68.23999786376953,66.19999694824219,68.02999877929688,65.85541534423828,1464800,0.0,0.0
2022-02-09 00:00:00-05:00,68.6500015258789,70.04000091552734,68.6500015258789,70.0199966430664,67.78178405761719,1358600,0.0,0.0
2022-02-10 00:00:00-05:00,68.9800033569336,70.5,68.68000030517578,69.0999984741211,66.89120483398438,2943300,0.0,0.0
2022-02-11 00:00:00-05:00,69.08000183105469,69.2699966430664,66.62999725341797,66.91000366210938,64.77120971679688,1919900,0.0,0.0
2022-02-14 00:00:00-05:00,66.7300033569336,67.4000015258789,65.47000122070312,65.9800033569336,63.87092208862305,1619000,0.0,0.0
2022-02-15 00:00:00-05:00,66.80000305175781,67.25,66.19000244140625,66.58000183105469,64.45175170898438,1031600,0.0,0.0
2022-02-16 00:00:00-05:00,66.13999938964844,66.80999755859375,65.70999908447266,66.61000061035156,64.48078918457031,974900,0.0,0.0
2022-02-17 00:00:00-05:00,66.23999786376953,66.55000305175781,65.33000183105469,65.62999725341797,63.5320930480957,1597000,0.0,0.0
2022-02-18 00:00:00-05:00,65.62000274658203,66.55999755859375,65.37000274658203,66.13999938964844,64.02580261230469,1806700,0.0,0.0
2022-02-22 00:00:00-05:00,66.08999633789062,66.58000183105469,65.08999633789062,65.68000030517578,63.580528259277344,1689700,0.0,0.0
2022-02-23 00:00:00-05:00,65.98999786376953,66.30000305175781,64.1500015258789,64.2300033569336,62.1768684387207,1341300,0.0,0.0
2022-02-24 00:00:00-05:00,62.869998931884766,66.4000015258789,62.40999984741211,66.1500015258789,64.03549194335938,2108100,0.0,0.0
2022-02-25 00:00:00-05:00,66.26000213623047,67.75,66.0999984741211,67.58999633789062,65.42945861816406,2262700,0.0,0.0
2022-02-28 00:00:00-05:00,66.45999908447266,67.86000061035156,66.4000015258789,67.61000061035156,65.4488296508789,2465700,0.0,0.0
2022-03-01 00:00:00-05:00,67.43000030517578,68.0,66.41999816894531,66.87000274658203,64.73248291015625,2225000,0.0,0.0
2022-03-02 00:00:00-05:00,67.48999786376953,68.16000366210938,66.80999755859375,67.70999908447266,65.54562377929688,1426600,0.0,0.0
2022-03-03 00:00:00-05:00,68.16000366210938,68.87000274658203,67.41000366210938,68.11000061035156,65.93285369873047,1349600,0.0,0.0
2022-03-04 00:00:00-05:00,67.58999633789062,68.51000213623047,66.9800033569336,68.41000366210938,66.22325897216797,1073100,0.0,0.0
2022-03-07 00:00:00-05:00,67.81999969482422,68.01000213623047,66.0999984741211,66.2300033569336,64.11296081542969,1548800,0.0,0.0
2022-03-08 00:00:00-05:00,66.1500015258789,66.33000183105469,61.119998931884766,61.130001068115234,59.17597198486328,4909300,0.0,0.0
2022-03-09 00:00:00-05:00,62.400001525878906,64.2300033569336,61.619998931884766,63.540000915527344,61.5089225769043,2700400,0.0,0.0
2022-03-10 00:00:00-05:00,62.61000061035156,63.90999984741211,62.61000061035156,63.18000030517578,61.16042709350586,2235400,0.0,0.0
2022-03-11 00:00:00-05:00,63.599998474121094,64.19000244140625,62.630001068115234,62.709999084472656,60.70545959472656,1404000,0.0,0.0
2022-03-14 00:00:00-04:00,63.33000183105469,64.16000366210938,62.7400016784668,63.560001373291016,61.528289794921875,1117600,0.0,0.0
2022-03-15 00:00:00-04:00,64.66999816894531,66.05999755859375,64.2699966430664,65.9800033569336,63.87092208862305,2258100,0.0,0.0
2022-03-16 00:00:00-04:00,66.2300033569336,67.54000091552734,65.26000213623047,66.87999725341797,64.74214935302734,1883700,0.0,0.0
2022-03-17 00:00:00-04:00,66.7300033569336,68.16999816894531,66.69999694824219,68.02999877929688,65.85541534423828,1815300,0.0,0.0
2022-03-18 00:00:00-04:00,68.33999633789062,69.80999755859375,68.05999755859375,69.58999633789062,67.36554718017578,2982700,0.0,0.0
2022-03-21 00:00:00-04:00,69.61000061035156,70.2300033569336,68.55000305175781,69.51000213623047,67.28809356689453,1937900,0.0,0.0
2022-03-22 00:00:00-04:00,69.83999633789062,69.87999725341797,68.56999969482422,69.20999908447266,66.9976806640625,2653700,0.0,0.0
2022-03-23 00:00:00-04:00,68.79000091552734,69.73999786376953,68.5999984741211,68.68000030517578,66.48462677001953,1832800,0.0,0.0
2022-03-24 00:00:00-04:00,68.68000030517578,69.41000366210938,68.61000061035156,68.98999786376953,66.78472137451172,1576000,0.0,0.0
2022-03-25 00:00:00-04:00,69.25,70.4000015258789,69.04000091552734,70.37000274658203,68.12059783935547,1558100,0.0,0.0
2022-03-28 00:00:00-04:00,70.75,72.25,70.69999694824219,72.11000061035156,69.80499267578125,1687300,0.0,0.0
2022-03-29 00:00:00-04:00,72.77999877929688,73.16999816894531,71.8499984741211,72.4800033569336,70.16316223144531,1178700,0.0,0.0
2022-03-30 00:00:00-04:00,72.43000030517578,72.7300033569336,72.01000213623047,72.70999908447266,70.38580322265625,1109000,0.0,0.0
2022-03-31 00:00:00-04:00,72.87999725341797,74.0,72.2699966430664,72.2699966430664,69.95986938476562,2290000,0.0,0.0
2022-04-01 00:00:00-04:00,72.55000305175781,73.51000213623047,72.02999877929688,72.55999755859375,70.24060821533203,1785900,0.0,0.0
2022-04-04 00:00:00-04:00,72.41000366210938,73.33000183105469,72.01000213623047,72.19999694824219,69.8921127319336,1266300,0.0,0.0
2022-04-05 00:00:00-04:00,72.04000091552734,73.5999984741211,72.01000213623047,72.36000061035156,70.04698181152344,1057200,0.0,0.0
2022-04-06 00:00:00-04:00,71.88999938964844,72.98999786376953,71.5999984741211,72.87999725341797,70.55036926269531,1220600,0.0,0.0
2022-04-07 00:00:00-04:00,72.91999816894531,73.86000061035156,72.3499984741211,73.4000015258789,71.05375671386719,1489800,0.0,0.0
2022-04-08 00:00:00-04:00,73.41000366210938,73.83000183105469,72.86000061035156,72.95999908447266,70.62781524658203,930500,0.0,0.0
2022-04-11 00:00:00-04:00,72.8499984741211,73.23999786376953,71.88999938964844,72.51000213623047,70.19217681884766,1067800,0.0,0.0
2022-04-12 00:00:00-04:00,72.66999816894531,73.44999694824219,71.69000244140625,71.94000244140625,69.64041900634766,945400,0.0,0.0
2022-04-13 00:00:00-04:00,71.8499984741211,72.19000244140625,70.93000030517578,71.8499984741211,69.55329132080078,1163700,0.0,0.0
2022-04-14 00:00:00-04:00,71.9800033569336,72.37999725341797,71.19999694824219,71.26000213623047,68.982177734375,951700,0.0,0.0
2022-04-18 00:00:00-04:00,70.54000091552734,71.08000183105469,69.58999633789062,69.91999816894531,67.68498992919922,1767200,0.0,0.0
2022-04-19 00:00:00-04:00,70.05000305175781,70.45999908447266,69.55000305175781,70.16000366210938,67.9173355102539,1553700,0.0,0.0
2022-04-20 00:00:00-04:00,70.38999938964844,71.2699966430664,70.19999694824219,71.05999755859375,68.78854370117188,1708000,0.0,0.0
2022-04-21 00:00:00-04:00,71.58999633789062,72.04000091552734,70.52999877929688,70.68000030517578,68.42069244384766,1645900,0.0,0.0
2022-04-22 00:00:00-04:00,70.44000244140625,70.55999755859375,67.62999725341797,67.7300033569336,65.56497955322266,1370600,0.0,0.0
2022-04-25 00:00:00-04:00,67.45999908447266,68.62999725341797,66.61000061035156,68.44999694824219,66.26197052001953,1734000,0.0,0.0
2022-04-26 00:00:00-04:00,68.72000122070312,68.8499984741211,65.66000366210938,65.68000030517578,63.580528259277344,2471500,0.0,0.0
2022-04-27 00:00:00-04:00,65.69999694824219,66.18000030517578,64.5199966430664,64.70999908447266,62.64152526855469,2062700,0.0,0.0
2022-04-28 00:00:00-04:00,65.30000305175781,66.19999694824219,64.30000305175781,65.7699966430664,63.66765594482422,1901300,0.0,0.0
2022-04-29 00:00:00-04:00,64.95999908447266,65.08000183105469,61.7599983215332,61.97999954223633,59.9987907409668,3801100,0.0,0.0
2022-05-02 00:00:00-04:00,62.5,62.70000076293945,58.54999923706055,60.08000183105469,58.159523010253906,3251900,0.0,0.0
2022-05-03 00:00:00-04:00,60.27000045776367,61.290000915527344,59.689998626708984,59.959999084472656,58.04336166381836,2099000,0.0,0.0
2022-05-04 00:00:00-04:00,59.91999816894531,61.63999938964844,58.81999969482422,61.5099983215332,59.54380416870117,2328800,0.0,0.0
2022-05-05 00:00:00-04:00,60.91999816894531,61.310001373291016,58.25,58.959999084472656,57.07532501220703,1538200,0.0,0.0
2022-05-06 00:00:00-04:00,58.470001220703125,58.790000915527344,57.5099983215332,58.2400016784668,56.47700881958008,1880400,0.103,0.0
2022-05-09 00:00:00-04:00,57.86000061035156,57.939998626708984,56.349998474121094,56.58000183105469,54.867252349853516,2037700,0.0,0.0
2022-05-10 00:00:00-04:00,57.13999938964844,57.9900016784668,56.2400016784668,57.54999923706055,55.807891845703125,2949300,0.0,0.0
2022-05-11 00:00:00-04:00,57.279998779296875,57.970001220703125,55.97999954223633,56.09000015258789,54.39208984375,2079300,0.0,0.0
2022-05-12 00:00:00-04:00,55.880001068115234,56.90999984741211,55.25,56.060001373291016,54.36299514770508,2142800,0.0,0.0
2022-05-13 00:00:00-04:00,56.599998474121094,58.22999954223633,56.40999984741211,57.900001525878906,56.14729690551758,1822600,0.0,0.0
2022-05-16 00:00:00-04:00,57.779998779296875,57.97999954223633,57.0,57.459999084472656,55.72062301635742,1521400,0.0,0.0
2022-05-17 00:00:00-04:00,58.04999923706055,58.36000061035156,57.2400016784668,58.279998779296875,56.51579284667969,1836500,0.0,0.0
2022-05-18 00:00:00-04:00,57.630001068115234,57.779998779296875,55.11000061035156,55.2599983215332,53.58720779418945,1612800,0.0,0.0
2022-05-19 00:00:00-04:00,55.029998779296875,55.36000061035156,53.90999984741211,54.709999084472656,53.05385971069336,3081400,0.0,0.0
2022-05-20 00:00:00-04:00,55.22999954223633,55.369998931884766,53.400001525878906,55.0,53.335079193115234,5480500,0.0,0.0
2022-05-23 00:00:00-04:00,55.630001068115234,56.16999816894531,54.650001525878906,55.970001220703125,54.27573013305664,2291100,0.0,0.0
2022-05-24 00:00:00-04:00,55.66999816894531,56.15999984741211,54.619998931884766,55.959999084472656,54.26602554321289,1830200,0.0,0.0
2022-05-25 00:00:00-04:00,55.779998779296875,56.47999954223633,55.31999969482422,56.18000030517578,54.47935485839844,2386200,0.0,0.0
2022-05-26 00:00:00-04:00,56.79999923706055,58.369998931884766,56.31999969482422,58.099998474121094,56.341243743896484,2128300,0.0,0.0
2022-05-27 00:00:00-04:00,58.400001525878906,59.959999084472656,58.290000915527344,59.95000076293945,58.13524627685547,2452300,0.0,0.0
2022-05-31 00:00:00-04:00,59.470001220703125,59.90999984741211,58.43000030517578,59.369998931884766,57.57280349731445,8115600,0.0,0.0
2022-06-01 00:00:00-04:00,59.52000045776367,59.849998474121094,57.5,58.0099983215332,56.25395965576172,1359000,0.0,0.0
2022-06-02 00:00:00-04:00,58.04999923706055,59.65999984741211,57.61000061035156,59.61000061035156,57.80553436279297,1310600,0.0,0.0
2022-06-03 00:00:00-04:00,58.75,59.380001068115234,58.56999969482422,58.7400016784668,56.96187210083008,1041400,0.0,0.0
2022-06-06 00:00:00-04:00,59.349998474121094,59.84000015258789,58.7599983215332,58.91999816894531,57.13642120361328,1654400,0.0,0.0
2022-06-07 00:00:00-04:00,58.36000061035156,59.27000045776367,58.02000045776367,59.25,57.4564323425293,978200,0.0,0.0
2022-06-08 00:00:00-04:00,58.72999954223633,59.40999984741211,58.38999938964844,58.439998626708984,56.670955657958984,924400,0.0,0.0
2022-06-09 00:00:00-04:00,58.470001220703125,58.84000015258789,56.810001373291016,56.84000015258789,55.119384765625,1058200,0.0,0.0
2022-06-10 00:00:00-04:00,55.630001068115234,56.47999954223633,55.22999954223633,55.75,54.06238555908203,1236900,0.0,0.0
2022-06-13 00:00:00-04:00,54.599998474121094,55.380001068115234,53.91999816894531,54.4900016784668,52.84052276611328,1227200,0.0,0.0
2022-06-14 00:00:00-04:00,54.45000076293945,55.209999084472656,54.09000015258789,54.65999984741211,53.005374908447266,1372200,0.0,0.0
2022-06-15 00:00:00-04:00,55.34000015258789,55.880001068115234,54.02000045776367,54.939998626708984,53.27690505981445,1086100,0.0,0.0
2022-06-16 00:00:00-04:00,53.79999923706055,53.880001068115234,52.90999984741211,53.279998779296875,51.66714859008789,1796300,0.0,0.0
2022-06-17 00:00:00-04:00,53.5,54.119998931884766,53.099998474121094,53.5,51.8804931640625,2002600,0.0,0.0
2022-06-21 00:00:00-04:00,54.08000183105469,55.099998474121094,54.040000915527344,54.869998931884766,53.209007263183594,1358700,0.0,0.0
2022-06-22 00:00:00-04:00,54.2400016784668,56.369998931884766,54.2400016784668,55.4900016784668,53.81025314331055,1342400,0.0,0.0
2022-06-23 00:00:00-04:00,55.869998931884766,57.63999938964844,55.65999984741211,57.290000915527344,55.55576705932617,1578900,0.0,0.0
2022-06-24 00:00:00-04:00,57.720001220703125,59.11000061035156,57.599998474121094,59.060001373291016,57.272186279296875,1377700,0.0,0.0
2022-06-27 00:00:00-04:00,59.09000015258789,59.2599983215332,58.349998474121094,59.02000045776367,57.23339080810547,1253500,0.0,0.0
2022-06-28 00:00:00-04:00,59.099998474121094,59.91999816894531,57.68000030517578,57.709999084472656,55.963043212890625,1061100,0.0,0.0
2022-06-29 00:00:00-04:00,57.75,58.15999984741211,57.349998474121094,58.0,56.2442626953125,1660000,0.0,0.0
2022-06-30 00:00:00-04:00,57.65999984741211,58.540000915527344,57.279998779296875,58.34000015258789,56.57398223876953,1606600,0.0,0.0
2022-07-01 00:00:00-04:00,58.33000183105469,59.34000015258789,58.099998474121094,59.33000183105469,57.53401184082031,1434800,0.0,0.0
2022-07-05 00:00:00-04:00,58.65999984741211,59.970001220703125,58.5099983215332,59.900001525878906,58.086753845214844,2447300,0.0,0.0
2022-07-06 00:00:00-04:00,60.06999969482422,60.81999969482422,59.52000045776367,60.41999816894531,58.59101867675781,1209400,0.0,0.0
2022-07-07 00:00:00-04:00,60.43000030517578,60.790000915527344,60.15999984741211,60.45000076293945,58.6201057434082,1238500,0.0,0.0
2022-07-08 00:00:00-04:00,60.5,60.619998931884766,59.880001068115234,60.08000183105469,58.26130676269531,992400,0.0,0.0
2022-07-11 00:00:00-04:00,59.880001068115234,60.099998474121094,59.47999954223633,59.650001525878906,57.844322204589844,606300,0.0,0.0
2022-07-12 00:00:00-04:00,59.34000015258789,60.189998626708984,58.619998931884766,59.040000915527344,57.25278091430664,1000200,0.0,0.0
2022-07-13 00:00:00-04:00,58.2599983215332,59.43000030517578,58.099998474121094,58.88999938964844,57.107330322265625,853500,0.0,0.0
2022-07-14 00:00:00-04:00,57.900001525878906,58.52000045776367,57.47999954223633,58.29999923706055,56.535186767578125,792200,0.0,0.0
2022-07-15 00:00:00-04:00,59.2599983215332,59.650001525878906,58.9900016784668,59.310001373291016,57.51461410522461,1065300,0.0,0.0
2022-07-18 00:00:00-04:00,59.380001068115234,60.18000030517578,58.61000061035156,58.7599983215332,56.981266021728516,1228000,0.0,0.0
2022-07-19 00:00:00-04:00,59.41999816894531,60.91999816894531,59.25,60.849998474121094,59.00799560546875,1463900,0.0,0.0
2022-07-20 00:00:00-04:00,60.88999938964844,61.2599983215332,60.45000076293945,60.68000030517578,58.843143463134766,1447200,0.0,0.0
2022-07-21 00:00:00-04:00,60.86000061035156,62.400001525878906,60.72999954223633,62.36000061035156,60.4722900390625,1010600,0.0,0.0
2022-07-22 00:00:00-04:00,62.61000061035156,62.79999923706055,61.40999984741211,61.970001220703125,60.09409713745117,938100,0.0,0.0
2022-07-25 00:00:00-04:00,62.099998474121094,62.59000015258789,61.72999954223633,62.38999938964844,60.501380920410156,1036900,0.0,0.0
2022-07-26 00:00:00-04:00,61.5,62.59000015258789,61.22999954223633,61.689998626708984,59.82255935668945,1347400,0.0,0.0
2022-07-27 00:00:00-04:00,62.0,63.369998931884766,62.0,63.08000183105469,61.17048645019531,1036200,0.0,0.0
2022-07-28 00:00:00-04:00,63.220001220703125,64.44000244140625,62.529998779296875,64.37999725341797,62.431129455566406,1275000,0.0,0.0
2022-07-29 00:00:00-04:00,64.56999969482422,65.69999694824219,64.48999786376953,65.0999984741211,63.129337310791016,1308700,0.0,0.0
2022-08-01 00:00:00-04:00,64.11000061035156,64.44999694824219,63.060001373291016,63.18000030517578,61.2674560546875,1040500,0.0,0.0
2022-08-02 00:00:00-04:00,62.9900016784668,63.599998474121094,62.689998626708984,62.880001068115234,60.97654724121094,915000,0.0,0.0
2022-08-03 00:00:00-04:00,63.16999816894531,64.5,63.150001525878906,64.29000091552734,62.343868255615234,672600,0.0,0.0
2022-08-04 00:00:00-04:00,64.1500015258789,64.56999969482422,63.9900016784668,64.30999755859375,62.36326599121094,1143500,0.0,0.0
2022-08-05 00:00:00-04:00,63.79999923706055,64.94000244140625,63.630001068115234,64.9000015258789,62.935394287109375,563800,0.0,0.0
2022-08-08 00:00:00-04:00,65.16000366210938,65.69000244140625,64.91999816894531,65.27999877929688,63.30390548706055,692300,0.0,0.0
2022-08-09 00:00:00-04:00,65.06999969482422,66.01000213623047,64.97000122070312,65.5199966430664,63.63703536987305,800500,0.103,0.0
2022-08-10 00:00:00-04:00,66.0,66.52999877929688,65.94000244140625,66.37000274658203,64.4626235961914,1240000,0.0,0.0
2022-08-11 00:00:00-04:00,66.70999908447266,67.3499984741211,66.26000213623047,66.54000091552734,64.62771606445312,737500,0.0,0.0
2022-08-12 00:00:00-04:00,67.02999877929688,67.58999633789062,66.83999633789062,67.55000305175781,65.60869598388672,1393100,0.0,0.0
2022-08-15 00:00:00-04:00,67.27999877929688,68.12999725341797,66.98999786376953,67.98999786376953,66.03604125976562,784800,0.0,0.0
2022-08-16 00:00:00-04:00,67.68000030517578,68.43000030517578,67.61000061035156,68.13999938964844,66.18175506591797,714000,0.0,0.0
2022-08-17 00:00:00-04:00,67.52999877929688,68.2699966430664,67.37000274658203,67.94000244140625,65.98749542236328,614300,0.0,0.0
2022-08-18 00:00:00-04:00,67.93000030517578,68.08000183105469,67.20999908447266,67.80999755859375,65.8612289428711,1668700,0.0,0.0
2022-08-19 00:00:00-04:00,67.55999755859375,67.62000274658203,66.94999694824219,67.2699966430664,65.33676147460938,916000,0.0,0.0
2022-08-22 00:00:00-04:00,66.58000183105469,66.91000366210938,65.83000183105469,65.93000030517578,64.0352554321289,864100,0.0,0.0
2022-08-23 00:00:00-04:00,65.72000122070312,65.91000366210938,64.95999908447266,65.05000305175781,63.180538177490234,633300,0.0,0.0
2022-08-24 00:00:00-04:00,65.23999786376953,65.5999984741211,64.98999786376953,65.3499984741211,63.471923828125,816900,0.0,0.0
2022-08-25 00:00:00-04:00,65.62000274658203,66.62000274658203,65.30999755859375,66.56999969482422,64.65685272216797,712800,0.0,0.0
2022-08-26 00:00:00-04:00,66.70999908447266,66.70999908447266,65.05999755859375,65.08999633789062,63.219383239746094,625000,0.0,0.0
2022-08-29 00:00:00-04:00,64.44000244140625,65.01000213623047,63.900001525878906,64.37000274658203,62.52008056640625,990100,0.0,0.0
2022-08-30 00:00:00-04:00,64.73999786376953,64.73999786376953,63.63999938964844,63.79999923706055,61.966468811035156,636100,0.0,0.0
2022-08-31 00:00:00-04:00,64.26000213623047,64.5,63.02000045776367,63.040000915527344,61.22831344604492,1084500,0.0,0.0
2022-09-01 00:00:00-04:00,63.0,63.689998626708984,62.43000030517578,63.65999984741211,61.83049392700195,984700,0.0,0.0
2022-09-02 00:00:00-04:00,64.20999908447266,64.47000122070312,62.560001373291016,62.88999938964844,61.08262634277344,758500,0.0,0.0
2022-09-06 00:00:00-04:00,62.97999954223633,63.900001525878906,62.939998626708984,63.36000061035156,61.53911209106445,817600,0.0,0.0
2022-09-07 00:00:00-04:00,63.599998474121094,65.37999725341797,63.5,65.26000213623047,63.38451385498047,890200,0.0,0.0
2022-09-08 00:00:00-04:00,64.87999725341797,65.61000061035156,64.68000030517578,65.55000305175781,63.666168212890625,620500,0.0,0.0
2022-09-09 00:00:00-04:00,65.58000183105469,66.19000244140625,65.3499984741211,65.41000366210938,63.530216217041016,941300,0.0,0.0
2022-09-12 00:00:00-04:00,65.5,65.62000274658203,64.95999908447266,65.30000305175781,63.423362731933594,941400,0.0,0.0
2022-09-13 00:00:00-04:00,64.12000274658203,64.27999877929688,62.619998931884766,62.7599983215332,60.95634460449219,1078500,0.0,0.0
2022-09-14 00:00:00-04:00,62.97999954223633,62.9900016784668,62.0,62.52000045776367,60.7232551574707,2609000,0.0,0.0
2022-09-15 00:00:00-04:00,62.58000183105469,62.689998626708984,61.279998779296875,61.4900016784668,59.72285461425781,2336000,0.0,0.0
2022-09-16 00:00:00-04:00,61.08000183105469,61.68000030517578,60.650001525878906,61.540000915527344,59.771427154541016,3976800,0.0,0.0
2022-09-19 00:00:00-04:00,61.27000045776367,61.88999938964844,61.08000183105469,61.75,59.975379943847656,2024600,0.0,0.0
2022-09-20 00:00:00-04:00,61.22999954223633,61.81999969482422,60.61000061035156,61.439998626708984,59.67428970336914,1845600,0.0,0.0
2022-09-21 00:00:00-04:00,61.84000015258789,62.66999816894531,60.36000061035156,60.400001525878906,58.664180755615234,1039700,0.0,0.0
2022-09-22 00:00:00-04:00,60.20000076293945,60.209999084472656,58.7599983215332,59.2400016784668,57.53752899169922,1490900,0.0,0.0
2022-09-23 00:00:00-04:00,58.84000015258789,59.58000183105469,58.15999984741211,58.91999816894531,57.22671127319336,1469700,0.0,0.0
2022-09-26 00:00:00-04:00,58.689998626708984,59.2400016784668,58.09000015258789,58.619998931884766,56.93533706665039,1549000,0.0,0.0
2022-09-27 00:00:00-04:00,59.34000015258789,60.5,58.880001068115234,59.45000076293945,57.741485595703125,2008600,0.0,0.0
2022-09-28 00:00:00-04:00,60.08000183105469,60.66999816894531,59.470001220703125,60.2400016784668,58.5087776184082,1393100,0.0,0.0
2022-09-29 00:00:00-04:00,60.040000915527344,61.0099983215332,59.41999816894531,60.88999938964844,59.140098571777344,2034500,0.0,0.0
2022-09-30 00:00:00-04:00,60.810001373291016,61.70000076293945,60.290000915527344,60.47999954223633,58.74188232421875,1825100,0.0,0.0
2022-10-03 00:00:00-04:00,60.54999923706055,62.400001525878906,60.54999923706055,62.040000915527344,60.257041931152344,1644000,0.0,0.0
2022-10-04 00:00:00-04:00,62.58000183105469,64.0199966430664,62.58000183105469,63.29999923706055,61.480838775634766,1090300,0.0,0.0
2022-10-05 00:00:00-04:00,62.77000045776367,64.02999877929688,62.630001068115234,63.709999084472656,61.87904739379883,914900,0.0,0.0
2022-10-06 00:00:00-04:00,63.58000183105469,63.70000076293945,62.41999816894531,62.650001525878906,60.849517822265625,1049400,0.0,0.0
2022-10-07 00:00:00-04:00,62.15999984741211,62.290000915527344,60.79999923706055,61.220001220703125,59.46061706542969,1114600,0.0,0.0
2022-10-10 00:00:00-04:00,61.529998779296875,62.29999923706055,61.36000061035156,62.06999969482422,60.286190032958984,807400,0.0,0.0
2022-10-11 00:00:00-04:00,62.0,62.709999084472656,61.439998626708984,61.959999084472656,60.179344177246094,1286100,0.0,0.0
2022-10-12 00:00:00-04:00,61.79999923706055,61.79999923706055,60.54999923706055,60.68000030517578,58.936134338378906,1287000,0.0,0.0
2022-10-13 00:00:00-04:00,59.619998931884766,62.95000076293945,59.20000076293945,62.560001373291016,60.76210403442383,1723600,0.0,0.0
2022-10-14 00:00:00-04:00,63.06999969482422,63.2599983215332,59.369998931884766,59.47999954223633,57.77062225341797,1645700,0.0,0.0
2022-10-17 00:00:00-04:00,60.599998474121094,62.040000915527344,60.58000183105469,61.290000915527344,59.52860641479492,1787400,0.0,0.0
2022-10-18 00:00:00-04:00,62.72999954223633,62.75,61.56999969482422,62.15999984741211,60.373600006103516,1243600,0.0,0.0
2022-10-19 00:00:00-04:00,61.97999954223633,62.9900016784668,61.540000915527344,62.900001525878906,61.09233474731445,1598400,0.0,0.0
2022-10-20 00:00:00-04:00,62.720001220703125,62.720001220703125,60.65999984741211,60.88999938964844,59.140098571777344,1120400,0.0,0.0
2022-10-21 00:00:00-04:00,60.90999984741211,61.75,59.81999969482422,61.529998779296875,59.7617073059082,2300400,0.0,0.0
2022-10-24 00:00:00-04:00,62.099998474121094,63.290000915527344,62.099998474121094,63.08000183105469,61.267154693603516,1482400,0.0,0.0
2022-10-25 00:00:00-04:00,56.97999954223633,60.45000076293945,54.970001220703125,55.099998474121094,53.51649856567383,6772900,0.0,0.0
2022-10-26 00:00:00-04:00,55.09000015258789,56.349998474121094,53.84000015258789,55.95000076293945,54.34207534790039,3454700,0.0,0.0
2022-10-27 00:00:00-04:00,56.310001373291016,57.15999984741211,56.27000045776367,56.70000076293945,55.07051467895508,1613800,0.0,0.0
2022-10-28 00:00:00-04:00,56.90999984741211,58.709999084472656,56.70000076293945,58.63999938964844,56.95476150512695,1301800,0.0,0.0
2022-10-31 00:00:00-04:00,58.43000030517578,59.220001220703125,58.06999969482422,58.790000915527344,57.1004524230957,1933400,0.0,0.0
2022-11-01 00:00:00-04:00,59.040000915527344,59.18000030517578,58.349998474121094,58.650001525878906,57.07612609863281,1001200,0.115,0.0
2022-11-02 00:00:00-04:00,58.68000030517578,58.869998931884766,57.029998779296875,57.13999938964844,55.60663986206055,1415800,0.0,0.0
2022-11-03 00:00:00-04:00,56.70000076293945,57.58000183105469,56.47999954223633,56.540000915527344,55.02275085449219,1046600,0.0,0.0
2022-11-04 00:00:00-04:00,57.15999984741211,57.15999984741211,54.61000061035156,55.77000045776367,54.27341079711914,2228200,0.0,0.0
2022-11-07 00:00:00-05:00,55.959999084472656,56.209999084472656,55.27000045776367,56.02000045776367,54.51669692993164,1103900,0.0,0.0
2022-11-08 00:00:00-05:00,56.209999084472656,57.08000183105469,55.79999923706055,56.45000076293945,54.935157775878906,955300,0.0,0.0
2022-11-09 00:00:00-05:00,56.290000915527344,56.86000061035156,55.709999084472656,55.72999954223633,54.23448181152344,577500,0.0,0.0
2022-11-10 00:00:00-05:00,57.459999084472656,58.790000915527344,56.70000076293945,58.689998626708984,57.11504364013672,1353800,0.0,0.0
2022-11-11 00:00:00-05:00,59.16999816894531,59.16999816894531,55.91999816894531,56.66999816894531,55.14924621582031,1281200,0.0,0.0
2022-11-14 00:00:00-05:00,56.849998474121094,57.349998474121094,55.630001068115234,55.63999938964844,54.146888732910156,1429800,0.0,0.0
2022-11-15 00:00:00-05:00,56.470001220703125,56.77000045776367,55.290000915527344,55.79999923706055,54.3026008605957,1109700,0.0,0.0
2022-11-16 00:00:00-05:00,55.79999923706055,56.97999954223633,55.79999923706055,56.849998474121094,55.32441711425781,1106400,0.0,0.0
2022-11-17 00:00:00-05:00,56.380001068115234,57.0,55.95000076293945,56.38999938964844,54.87676239013672,953900,0.0,0.0
2022-11-18 00:00:00-05:00,57.27000045776367,57.630001068115234,56.79999923706055,56.939998626708984,55.41200637817383,1464800,0.0,0.0
2022-11-21 00:00:00-05:00,57.119998931884766,58.220001220703125,57.04999923706055,58.0,56.44355773925781,904300,0.0,0.0
2022-11-22 00:00:00-05:00,58.5,58.61000061035156,57.4900016784668,57.93000030517578,56.37543869018555,1173600,0.0,0.0
2022-11-23 00:00:00-05:00,57.95000076293945,58.79999923706055,57.66999816894531,58.630001068115234,57.05665588378906,811200,0.0,0.0
2022-11-25 00:00:00-05:00,58.95000076293945,59.52000045776367,58.790000915527344,59.2599983215332,57.66975784301758,472500,0.0,0.0
2022-11-28 00:00:00-05:00,58.79999923706055,59.34000015258789,57.849998474121094,57.88999938964844,56.33651351928711,848600,0.0,0.0
2022-11-29 00:00:00-05:00,57.4900016784668,58.119998931884766,57.310001373291016,57.36000061035156,55.820735931396484,693800,0.0,0.0
2022-11-30 00:00:00-05:00,56.970001220703125,59.689998626708984,56.81999969482422,59.59000015258789,57.99089813232422,2010700,0.0,0.0
2022-12-01 00:00:00-05:00,59.84000015258789,59.970001220703125,58.43000030517578,58.91999816894531,57.3388786315918,1160500,0.0,0.0
2022-12-02 00:00:00-05:00,58.25,59.650001525878906,58.06999969482422,59.52000045776367,57.92277526855469,959900,0.0,0.0
2022-12-05 00:00:00-05:00,59.04999923706055,59.310001373291016,58.689998626708984,59.04999923706055,57.46538543701172,1196500,0.0,0.0
2022-12-06 00:00:00-05:00,59.029998779296875,59.06999969482422,57.47999954223633,57.970001220703125,56.41436767578125,1027300,0.0,0.0
2022-12-07 00:00:00-05:00,58.040000915527344,58.54999923706055,57.15999984741211,57.31999969482422,55.781822204589844,1001400,0.0,0.0
2022-12-08 00:00:00-05:00,57.369998931884766,58.25,57.0099983215332,57.77000045776367,56.2197265625,1211300,0.0,0.0
2022-12-09 00:00:00-05:00,57.75,58.11000061035156,57.47999954223633,57.5,55.95698165893555,907600,0.0,0.0
2022-12-12 00:00:00-05:00,57.599998474121094,58.060001373291016,57.2599983215332,58.0099983215332,56.45328140258789,965500,0.0,0.0
2022-12-13 00:00:00-05:00,59.45000076293945,59.720001220703125,58.31999969482422,58.90999984741211,57.329139709472656,1416000,0.0,0.0
2022-12-14 00:00:00-05:00,58.90999984741211,59.779998779296875,57.81999969482422,58.16999816894531,56.609004974365234,1022400,0.0,0.0
2022-12-15 00:00:00-05:00,57.36000061035156,57.5099983215332,56.29999923706055,56.58000183105469,55.061668395996094,890600,0.0,0.0
2022-12-16 00:00:00-05:00,55.84000015258789,56.41999816894531,55.0099983215332,55.5,54.01064682006836,2253000,0.0,0.0
2022-12-19 00:00:00-05:00,55.29999923706055,56.11000061035156,55.040000915527344,55.40999984741211,53.923057556152344,1012000,0.0,0.0
2022-12-20 00:00:00-05:00,55.41999816894531,56.040000915527344,55.279998779296875,55.529998779296875,54.03984451293945,822300,0.0,0.0
2022-12-21 00:00:00-05:00,56.09000015258789,57.0,55.7599983215332,56.97999954223633,55.450931549072266,828100,0.0,0.0
2022-12-22 00:00:00-05:00,56.7400016784668,56.939998626708984,55.779998779296875,56.650001525878906,55.129791259765625,1202400,0.0,0.0
2022-12-23 00:00:00-05:00,56.650001525878906,57.0,56.13999938964844,56.939998626708984,55.41200637817383,766900,0.0,0.0
2022-12-27 00:00:00-05:00,57.040000915527344,57.380001068115234,56.599998474121094,57.36000061035156,55.820735931396484,784900,0.0,0.0
2022-12-28 00:00:00-05:00,57.540000915527344,57.66999816894531,56.54999923706055,56.56999969482422,55.05193328857422,677000,0.0,0.0
2022-12-29 00:00:00-05:00,56.970001220703125,58.040000915527344,56.65999984741211,57.650001525878906,56.10295486450195,728300,0.0,0.0
2022-12-30 00:00:00-05:00,57.130001068115234,57.209999084472656,56.34000015258789,56.970001220703125,55.44119644165039,665600,0.0,0.0
2023-01-03 00:00:00-05:00,57.060001373291016,57.470001220703125,56.11000061035156,56.650001525878906,55.129791259765625,1162300,0.0,0.0
2023-01-04 00:00:00-05:00,57.130001068115234,58.02000045776367,56.91999816894531,57.599998474121094,56.054290771484375,1305800,0.0,0.0
2023-01-05 00:00:00-05:00,57.400001525878906,57.77000045776367,56.27000045776367,57.08000183105469,55.54824447631836,1299400,0.0,0.0
2023-01-06 00:00:00-05:00,57.619998931884766,59.130001068115234,57.2599983215332,58.83000183105469,57.251285552978516,727900,0.0,0.0
2023-01-09 00:00:00-05:00,59.0,59.7599983215332,58.779998779296875,58.84000015258789,57.261016845703125,957700,0.0,0.0
2023-01-10 00:00:00-05:00,58.79999923706055,59.880001068115234,58.77000045776367,59.869998931884766,58.26338195800781,798200,0.0,0.0
2023-01-11 00:00:00-05:00,60.119998931884766,61.72999954223633,60.0099983215332,61.689998626708984,60.0345344543457,1398600,0.0,0.0
2023-01-12 00:00:00-05:00,61.95000076293945,62.22999954223633,61.029998779296875,61.65999984741211,60.005348205566406,1197700,0.0,0.0
2023-01-13 00:00:00-05:00,61.150001525878906,61.470001220703125,60.849998474121094,61.27000045776367,59.625816345214844,669900,0.0,0.0
2023-01-17 00:00:00-05:00,61.27000045776367,61.7400016784668,61.08000183105469,61.18000030517578,59.538230895996094,988000,0.0,0.0
2023-01-18 00:00:00-05:00,61.2599983215332,61.47999954223633,60.47999954223633,60.630001068115234,59.002986907958984,986200,0.0,0.0
2023-01-19 00:00:00-05:00,60.25,60.59000015258789,59.95000076293945,60.25,58.633182525634766,897100,0.0,0.0
2023-01-20 00:00:00-05:00,60.5099983215332,61.79999923706055,60.18000030517578,61.720001220703125,60.0637321472168,1280700,0.0,0.0
2023-01-23 00:00:00-05:00,61.849998474121094,62.220001220703125,61.130001068115234,61.959999084472656,60.29729080200195,1589100,0.0,0.0
2023-01-24 00:00:00-05:00,61.77000045776367,61.77000045776367,57.5099983215332,58.709999084472656,57.13450241088867,2645000,0.0,0.0
2023-01-25 00:00:00-05:00,58.869998931884766,59.619998931884766,57.56999969482422,58.959999084472656,57.37778854370117,2003300,0.0,0.0
2023-01-26 00:00:00-05:00,58.84000015258789,58.93000030517578,57.65999984741211,58.36000061035156,56.793907165527344,1520200,0.0,0.0
2023-01-27 00:00:00-05:00,58.27000045776367,58.369998931884766,57.06999969482422,57.599998474121094,56.054290771484375,1495200,0.0,0.0
2023-01-30 00:00:00-05:00,57.5,57.97999954223633,57.380001068115234,57.459999084472656,55.918052673339844,1244400,0.0,0.0
2023-01-31 00:00:00-05:00,57.43000030517578,58.560001373291016,57.2599983215332,58.560001373291016,56.9885368347168,2631700,0.0,0.0
2023-02-01 00:00:00-05:00,58.040000915527344,58.970001220703125,57.47999954223633,58.400001525878906,56.83282470703125,1468000,0.0,0.0
2023-02-02 00:00:00-05:00,58.38999938964844,58.70000076293945,57.66999816894531,58.65999984741211,57.198490142822266,1472300,0.115,0.0
2023-02-03 00:00:00-05:00,58.31999969482422,58.47999954223633,57.65999984741211,58.38999938964844,56.935211181640625,1256000,0.0,0.0
2023-02-06 00:00:00-05:00,58.150001525878906,59.13999938964844,58.060001373291016,59.0099983215332,57.53976821899414,949500,0.0,0.0
2023-02-07 00:00:00-05:00,58.68000030517578,60.18000030517578,58.65999984741211,59.970001220703125,58.47584915161133,1247900,0.0,0.0
2023-02-08 00:00:00-05:00,59.560001373291016,59.9900016784668,58.88999938964844,58.959999084472656,57.49101257324219,873300,0.0,0.0
2023-02-09 00:00:00-05:00,59.220001220703125,59.599998474121094,58.189998626708984,58.310001373291016,56.857200622558594,1064100,0.0,0.0
2023-02-10 00:00:00-05:00,58.16999816894531,58.290000915527344,57.61000061035156,58.25,56.79869842529297,756900,0.0,0.0
2023-02-13 00:00:00-05:00,58.349998474121094,58.66999816894531,58.150001525878906,58.470001220703125,57.013221740722656,691500,0.0,0.0
2023-02-14 00:00:00-05:00,58.9900016784668,59.06999969482422,57.22999954223633,57.2599983215332,55.83335876464844,1070400,0.0,0.0
2023-02-15 00:00:00-05:00,56.93000030517578,57.970001220703125,56.75,57.91999816894531,56.47692108154297,655500,0.0,0.0
2023-02-16 00:00:00-05:00,57.15999984741211,57.75,57.06999969482422,57.369998931884766,55.94062423706055,591100,0.0,0.0
2023-02-17 00:00:00-05:00,57.27000045776367,57.779998779296875,57.119998931884766,57.66999816894531,56.233150482177734,884900,0.0,0.0
2023-02-21 00:00:00-05:00,57.349998474121094,57.400001525878906,56.11000061035156,56.25,54.84852981567383,773100,0.0,0.0
2023-02-22 00:00:00-05:00,56.29999923706055,56.849998474121094,56.18000030517578,56.47999954223633,55.07279968261719,851400,0.0,0.0
2023-02-23 00:00:00-05:00,56.540000915527344,56.970001220703125,55.93000030517578,56.459999084472656,55.05329132080078,518300,0.0,0.0
2023-02-24 00:00:00-05:00,56.08000183105469,56.540000915527344,55.83000183105469,56.470001220703125,55.06304931640625,618100,0.0,0.0
2023-02-27 00:00:00-05:00,57.040000915527344,57.09000015258789,55.86000061035156,55.959999084472656,54.56575012207031,712300,0.0,0.0
2023-02-28 00:00:00-05:00,55.88999938964844,56.5,55.84000015258789,56.06999969482422,54.67301940917969,1615800,0.0,0.0
2023-03-01 00:00:00-05:00,55.720001220703125,56.34000015258789,55.540000915527344,56.0099983215332,54.61450958251953,1279500,0.0,0.0
2023-03-02 00:00:00-05:00,55.68000030517578,56.209999084472656,55.369998931884766,56.150001525878906,54.75102615356445,806000,0.0,0.0
2023-03-03 00:00:00-05:00,56.36000061035156,56.79999923706055,55.849998474121094,56.7599983215332,55.345821380615234,669900,0.0,0.0
2023-03-06 00:00:00-05:00,56.9900016784668,57.439998626708984,56.849998474121094,57.0,55.57984161376953,914500,0.0,0.0
2023-03-07 00:00:00-05:00,57.08000183105469,57.209999084472656,55.900001525878906,56.02000045776367,54.62425994873047,825700,0.0,0.0
2023-03-08 00:00:00-05:00,56.119998931884766,56.939998626708984,56.0,56.880001068115234,55.462825775146484,1336600,0.0,0.0
2023-03-09 00:00:00-05:00,57.029998779296875,57.29999923706055,55.130001068115234,55.43000030517578,54.0489616394043,1323900,0.0,0.0
2023-03-10 00:00:00-05:00,55.38999938964844,55.959999084472656,54.459999084472656,54.91999816894531,53.551658630371094,1363100,0.0,0.0
2023-03-13 00:00:00-04:00,54.16999816894531,55.11000061035156,53.790000915527344,54.06999969482422,52.72283935546875,1346900,0.0,0.0
2023-03-14 00:00:00-04:00,54.91999816894531,55.25,54.11000061035156,55.040000915527344,53.66868209838867,1478100,0.0,0.0
2023-03-15 00:00:00-04:00,53.88999938964844,54.34000015258789,52.81999969482422,53.43000030517578,52.098793029785156,1502500,0.0,0.0
2023-03-16 00:00:00-04:00,53.36000061035156,55.59000015258789,53.13999938964844,55.11000061035156,53.736934661865234,1378000,0.0,0.0
2023-03-17 00:00:00-04:00,55.0099983215332,55.04999923706055,53.4900016784668,53.79999923706055,52.459571838378906,2966100,0.0,0.0
2023-03-20 00:00:00-04:00,54.0099983215332,54.63999938964844,53.630001068115234,54.349998474121094,52.99586868286133,1630800,0.0,0.0
2023-03-21 00:00:00-04:00,55.2400016784668,56.0099983215332,55.16999816894531,55.790000915527344,54.39999008178711,1277500,0.0,0.0
2023-03-22 00:00:00-04:00,55.90999984741211,56.34000015258789,54.869998931884766,54.880001068115234,53.51266098022461,1246500,0.0,0.0
2023-03-23 00:00:00-04:00,54.63999938964844,55.560001373291016,54.5099983215332,55.060001373291016,53.68818283081055,948100,0.0,0.0
2023-03-24 00:00:00-04:00,54.619998931884766,55.459999084472656,54.2400016784668,55.36000061035156,53.980709075927734,929000,0.0,0.0
2023-03-27 00:00:00-04:00,55.79999923706055,56.15999984741211,55.599998474121094,55.790000915527344,54.39999008178711,862700,0.0,0.0
2023-03-28 00:00:00-04:00,55.779998779296875,56.029998779296875,55.41999816894531,55.779998779296875,54.39023208618164,789000,0.0,0.0
2023-03-29 00:00:00-04:00,56.369998931884766,56.58000183105469,55.9900016784668,56.41999816894531,55.01429748535156,819700,0.0,0.0
2023-03-30 00:00:00-04:00,56.7400016784668,57.02000045776367,56.09000015258789,56.619998931884766,55.209312438964844,878000,0.0,0.0
2023-03-31 00:00:00-04:00,57.220001220703125,57.47999954223633,56.83000183105469,57.41999816894531,55.989383697509766,852600,0.0,0.0
2023-04-03 00:00:00-04:00,57.25,57.849998474121094,57.209999084472656,57.650001525878906,56.213653564453125,1115600,0.0,0.0
2023-04-04 00:00:00-04:00,57.970001220703125,58.2599983215332,57.06999969482422,57.790000915527344,56.350154876708984,1020000,0.0,0.0
2023-04-05 00:00:00-04:00,57.599998474121094,58.849998474121094,57.599998474121094,58.84000015258789,57.374000549316406,1071000,0.0,0.0
2023-04-06 00:00:00-04:00,58.810001373291016,59.16999816894531,58.5,59.13999938964844,57.66651916503906,799100,0.0,0.0
2023-04-10 00:00:00-04:00,58.72999954223633,58.849998474121094,58.02000045776367,58.41999816894531,56.964454650878906,801900,0.0,0.0
2023-04-11 00:00:00-04:00,58.58000183105469,59.04999923706055,58.33000183105469,58.90999984741211,57.442256927490234,756000,0.0,0.0
2023-04-12 00:00:00-04:00,59.099998474121094,59.380001068115234,58.16999816894531,58.47999954223633,57.02296829223633,1529600,0.0,0.0
2023-04-13 00:00:00-04:00,58.34000015258789,59.040000915527344,58.04999923706055,58.959999084472656,57.49101257324219,925600,0.0,0.0
2023-04-14 00:00:00-04:00,59.02000045776367,59.25,58.47999954223633,58.77000045776367,57.30574035644531,721200,0.0,0.0
2023-04-17 00:00:00-04:00,58.83000183105469,59.810001373291016,58.709999084472656,59.810001373291016,58.31983184814453,1954200,0.0,0.0
2023-04-18 00:00:00-04:00,60.599998474121094,60.849998474121094,59.939998626708984,60.349998474121094,58.84637451171875,1873700,0.0,0.0
2023-04-19 00:00:00-04:00,60.61000061035156,60.93000030517578,60.18000030517578,60.38999938964844,58.8853759765625,1198300,0.0,0.0
2023-04-20 00:00:00-04:00,60.209999084472656,61.0,59.90999984741211,60.849998474121094,59.33391189575195,1302900,0.0,0.0
2023-04-21 00:00:00-04:00,60.880001068115234,61.439998626708984,60.43000030517578,61.400001525878906,59.87022018432617,8431400,0.0,0.0
2023-04-24 00:00:00-04:00,61.439998626708984,61.70000076293945,60.880001068115234,61.060001373291016,59.53868865966797,1447600,0.0,0.0
2023-04-25 00:00:00-04:00,60.0,64.18000030517578,60.0,63.0099983215332,61.440101623535156,2645700,0.0,0.0
2023-04-26 00:00:00-04:00,63.0,63.529998779296875,62.65999984741211,62.81999969482422,61.25482940673828,1738600,0.0,0.0
2023-04-27 00:00:00-04:00,62.959999084472656,64.08000183105469,62.77000045776367,64.04000091552734,62.44443893432617,1549700,0.0,0.0
2023-04-28 00:00:00-04:00,63.81999969482422,64.69999694824219,63.7599983215332,64.38999938964844,62.78571701049805,1729800,0.0,0.0
2023-05-01 00:00:00-04:00,64.22000122070312,66.38999938964844,64.22000122070312,65.83000183105469,64.1898422241211,2168300,0.0,0.0
2023-05-02 00:00:00-04:00,65.70999908447266,65.8499984741211,64.36000061035156,64.91999816894531,63.30250930786133,1640800,0.0,0.0
2023-05-03 00:00:00-04:00,65.29000091552734,65.62000274658203,64.69000244140625,64.69999694824219,63.08799362182617,1094000,0.0,0.0
2023-05-04 00:00:00-04:00,64.69000244140625,64.91000366210938,63.959999084472656,64.11000061035156,62.5126953125,1017900,0.0,0.0
2023-05-05 00:00:00-04:00,64.33000183105469,65.36000061035156,64.31999969482422,65.30999755859375,63.79723358154297,985400,0.115,0.0
2023-05-08 00:00:00-04:00,65.16999816894531,65.87999725341797,65.0199966430664,65.75,64.22705078125,823400,0.0,0.0
2023-05-09 00:00:00-04:00,65.69999694824219,66.0999984741211,65.37999725341797,65.56999969482422,64.05122375488281,697500,0.0,0.0
2023-05-10 00:00:00-04:00,65.73999786376953,66.05999755859375,65.06999969482422,65.58999633789062,64.07073974609375,795300,0.0,0.0
2023-05-11 00:00:00-04:00,65.48999786376953,65.70999908447266,65.05999755859375,65.66000366210938,64.13912963867188,718400,0.0,0.0
2023-05-12 00:00:00-04:00,66.0,66.16000366210938,65.0199966430664,65.68000030517578,64.1586685180664,589600,0.0,0.0
2023-05-15 00:00:00-04:00,65.80000305175781,65.87999725341797,65.4000015258789,65.87000274658203,64.34424591064453,619600,0.0,0.0
2023-05-16 00:00:00-04:00,65.61000061035156,66.1500015258789,65.27999877929688,65.70999908447266,64.18798828125,1044000,0.0,0.0
2023-05-17 00:00:00-04:00,66.05000305175781,66.05000305175781,65.19999694824219,65.36000061035156,63.84607696533203,794500,0.0,0.0
2023-05-18 00:00:00-04:00,65.47000122070312,66.30999755859375,65.06999969482422,66.2699966430664,64.73500061035156,922000,0.0,0.0
2023-05-19 00:00:00-04:00,66.62000274658203,66.91999816894531,66.02999877929688,66.36000061035156,64.82292175292969,1052400,0.0,0.0
2023-05-22 00:00:00-04:00,66.08999633789062,66.5199966430664,65.58000183105469,65.70999908447266,64.18798828125,1007900,0.0,0.0
2023-05-23 00:00:00-04:00,65.37999725341797,65.61000061035156,63.09000015258789,63.20000076293945,61.73611068725586,1232100,0.0,0.0
2023-05-24 00:00:00-04:00,62.779998779296875,63.369998931884766,62.439998626708984,63.09000015258789,61.62865447998047,1143000,0.0,0.0
2023-05-25 00:00:00-04:00,63.209999084472656,63.220001220703125,62.41999816894531,63.09000015258789,61.62865447998047,782100,0.0,0.0
2023-05-26 00:00:00-04:00,63.029998779296875,63.599998474121094,62.75,62.869998931884766,61.413753509521484,986300,0.0,0.0
2023-05-30 00:00:00-04:00,63.11000061035156,63.4900016784668,62.7599983215332,62.97999954223633,61.521209716796875,1128900,0.0,0.0
2023-05-31 00:00:00-04:00,62.70000076293945,62.86000061035156,61.84000015258789,62.33000183105469,60.886268615722656,1709100,0.0,0.0
2023-06-01 00:00:00-04:00,62.540000915527344,62.77000045776367,61.709999084472656,62.75,61.296539306640625,738800,0.0,0.0
2023-06-02 00:00:00-04:00,62.91999816894531,63.95000076293945,62.84000015258789,63.790000915527344,62.312442779541016,900900,0.0,0.0
2023-06-05 00:00:00-04:00,63.77000045776367,64.0,63.31999969482422,63.68000030517578,62.20500564575195,759300,0.0,0.0
2023-06-06 00:00:00-04:00,63.869998931884766,63.90999984741211,63.279998779296875,63.790000915527344,62.312442779541016,663800,0.0,0.0
2023-06-07 00:00:00-04:00,63.72999954223633,63.849998474121094,62.91999816894531,63.439998626708984,61.970550537109375,1078800,0.0,0.0
2023-06-08 00:00:00-04:00,63.2400016784668,63.869998931884766,63.02000045776367,63.86000061035156,62.38082504272461,1163500,0.0,0.0
2023-06-09 00:00:00-04:00,63.66999816894531,64.29000091552734,63.4900016784668,64.02999877929688,62.54689025878906,882800,0.0,0.0
2023-06-12 00:00:00-04:00,64.0,64.41999816894531,63.369998931884766,64.30999755859375,62.820396423339844,827500,0.0,0.0
2023-06-13 00:00:00-04:00,64.19999694824219,64.73999786376953,63.93000030517578,64.5,63.006004333496094,1215400,0.0,0.0
2023-06-14 00:00:00-04:00,64.5,64.95999908447266,64.06999969482422,64.5999984741211,63.10367965698242,910800,0.0,0.0
2023-06-15 00:00:00-04:00,64.62000274658203,66.23999786376953,64.5,66.05000305175781,64.52009582519531,1196200,0.0,0.0
2023-06-16 00:00:00-04:00,66.08999633789062,66.69999694824219,66.0,66.25,64.71546936035156,1947900,0.0,0.0
2023-06-20 00:00:00-04:00,66.0,66.7699966430664,65.75,66.05000305175781,64.52009582519531,1180100,0.0,0.0
2023-06-21 00:00:00-04:00,66.11000061035156,66.4800033569336,65.5199966430664,66.4000015258789,64.86199188232422,1253900,0.0,0.0
2023-06-22 00:00:00-04:00,66.62999725341797,66.62999725341797,65.68000030517578,66.01000213623047,64.48102569580078,933000,0.0,0.0
2023-06-23 00:00:00-04:00,66.22000122070312,67.2699966430664,66.12999725341797,66.43000030517578,64.89131927490234,3541600,0.0,0.0
2023-06-26 00:00:00-04:00,66.38999938964844,66.80000305175781,65.9800033569336,66.41000366210938,64.87176513671875,1003100,0.0,0.0
2023-06-27 00:00:00-04:00,66.41000366210938,67.30999755859375,66.30999755859375,66.81999969482422,65.27226257324219,1254000,0.0,0.0
2023-06-28 00:00:00-04:00,66.76000213623047,67.05000305175781,66.2300033569336,66.80000305175781,65.25272369384766,996100,0.0,0.0
2023-06-29 00:00:00-04:00,66.80999755859375,67.77999877929688,66.61000061035156,67.69000244140625,66.12210845947266,1205000,0.0,0.0
2023-06-30 00:00:00-04:00,68.05000305175781,69.25,68.05000305175781,68.83999633789062,67.24546813964844,1373500,0.0,0.0
2023-07-03 00:00:00-04:00,68.4000015258789,68.5999984741211,66.52999877929688,67.41999816894531,65.85835266113281,924000,0.0,0.0
2023-07-05 00:00:00-04:00,66.88999938964844,67.56999969482422,66.83999633789062,67.41999816894531,65.85835266113281,1168000,0.0,0.0
2023-07-06 00:00:00-04:00,67.23999786376953,67.55999755859375,66.80000305175781,67.3499984741211,65.78999328613281,1794600,0.0,0.0
2023-07-07 00:00:00-04:00,67.31999969482422,68.58999633789062,67.23999786376953,67.80000305175781,66.22955322265625,1375100,0.0,0.0
2023-07-10 00:00:00-04:00,68.0199966430664,69.18000030517578,67.80999755859375,68.66999816894531,67.07939910888672,870000,0.0,0.0
2023-07-11 00:00:00-04:00,68.7699966430664,69.54000091552734,68.7300033569336,69.44000244140625,67.83158874511719,1371700,0.0,0.0
2023-07-12 00:00:00-04:00,69.79000091552734,69.93000030517578,68.51000213623047,68.66000366210938,67.06964874267578,1151500,0.0,0.0
2023-07-13 00:00:00-04:00,68.52999877929688,68.77999877929688,68.05999755859375,68.52999877929688,66.9426498413086,939900,0.0,0.0
2023-07-14 00:00:00-04:00,68.69000244140625,68.80999755859375,68.12999725341797,68.72000122070312,67.12825012207031,824000,0.0,0.0
2023-07-17 00:00:00-04:00,69.0,70.27999877929688,68.97000122070312,69.88999938964844,68.27114868164062,1117300,0.0,0.0
2023-07-18 00:00:00-04:00,69.63999938964844,70.08000183105469,69.48999786376953,69.7300033569336,68.1148681640625,982100,0.0,0.0
2023-07-19 00:00:00-04:00,69.54000091552734,69.91999816894531,69.33000183105469,69.62999725341797,68.01717376708984,900300,0.0,0.0
2023-07-20 00:00:00-04:00,69.69999694824219,71.02999877929688,69.6500015258789,71.02999877929688,69.38475036621094,914900,0.0,0.0
2023-07-21 00:00:00-04:00,71.33999633789062,71.56999969482422,71.05000305175781,71.19999694824219,69.5508041381836,1661300,0.0,0.0
2023-07-24 00:00:00-04:00,71.08000183105469,71.2699966430664,70.54000091552734,70.62999725341797,68.99401092529297,1624300,0.0,0.0
2023-07-25 00:00:00-04:00,72.27999877929688,72.98999786376953,71.94000244140625,72.47000122070312,70.79139709472656,1557500,0.0,0.0
2023-07-26 00:00:00-04:00,72.75,72.75,71.2699966430664,71.6500015258789,69.99039459228516,1255300,0.0,0.0
2023-07-27 00:00:00-04:00,71.77999877929688,71.77999877929688,70.47000122070312,70.55999755859375,68.92562103271484,1010600,0.0,0.0
2023-07-28 00:00:00-04:00,71.33999633789062,71.58000183105469,70.05000305175781,70.58999633789062,68.95494079589844,1011500,0.0,0.0
2023-07-31 00:00:00-04:00,70.4000015258789,70.75,70.13999938964844,70.44999694824219,68.81818389892578,1177500,0.0,0.0
2023-08-01 00:00:00-04:00,70.08000183105469,70.61000061035156,69.83000183105469,70.0,68.37860107421875,1661600,0.0,0.0
2023-08-02 00:00:00-04:00,69.7300033569336,70.81999969482422,69.7300033569336,70.72000122070312,69.08191680908203,1301200,0.0,0.0
2023-08-03 00:00:00-04:00,70.38999938964844,70.97000122070312,70.3499984741211,70.62000274658203,68.98423767089844,871100,0.0,0.0
2023-08-04 00:00:00-04:00,70.70999908447266,71.12999725341797,69.91000366210938,70.0,68.37860107421875,847400,0.0,0.0
2023-08-07 00:00:00-04:00,70.52999877929688,71.19999694824219,70.0199966430664,71.13999938964844,69.4921875,728600,0.0,0.0
2023-08-08 00:00:00-04:00,71.13999938964844,71.45999908447266,70.16999816894531,70.23999786376953,68.72413635253906,1078500,0.115,0.0
2023-08-09 00:00:00-04:00,70.55000305175781,71.12000274658203,70.23999786376953,70.63999938964844,69.11550903320312,753700,0.0,0.0
2023-08-10 00:00:00-04:00,70.97000122070312,71.27999877929688,70.16999816894531,70.44000244140625,68.91983032226562,717700,0.0,0.0
2023-08-11 00:00:00-04:00,70.31999969482422,70.87999725341797,70.1500015258789,70.77999877929688,69.25249481201172,757300,0.0,0.0
2023-08-14 00:00:00-04:00,70.94000244140625,71.5199966430664,70.79000091552734,71.25,69.71234893798828,707600,0.0,0.0
2023-08-15 00:00:00-04:00,71.0199966430664,71.12000274658203,70.52999877929688,70.58999633789062,69.06657409667969,794400,0.0,0.0
2023-08-16 00:00:00-04:00,70.43000030517578,72.48999786376953,70.43000030517578,72.33000183105469,70.76904296875,1366400,0.0,0.0
2023-08-17 00:00:00-04:00,72.55999755859375,72.56999969482422,71.06999969482422,71.26000213623047,69.72213745117188,1468100,0.0,0.0
2023-08-18 00:00:00-04:00,71.19000244140625,71.87000274658203,71.12999725341797,71.38999938964844,69.84933471679688,1178300,0.0,0.0
2023-08-21 00:00:00-04:00,71.48999786376953,71.8499984741211,70.94000244140625,71.63999938964844,70.09394073486328,766800,0.0,0.0
2023-08-22 00:00:00-04:00,71.69999694824219,71.88999938964844,71.19000244140625,71.70999908447266,70.16242218017578,607200,0.0,0.0
2023-08-23 00:00:00-04:00,72.0,72.94000244140625,71.9800033569336,72.91000366210938,71.3365249633789,632400,0.0,0.0
2023-08-24 00:00:00-04:00,73.0199966430664,73.43000030517578,72.30000305175781,72.30000305175781,70.73969268798828,911900,0.0,0.0
2023-08-25 00:00:00-04:00,72.69999694824219,73.5199966430664,72.16000366210938,73.06999969482422,71.4930648803711,1024100,0.0,0.0
2023-08-28 00:00:00-04:00,72.94000244140625,73.44000244140625,72.8499984741211,73.2300033569336,71.64961242675781,809200,0.0,0.0
2023-08-29 00:00:00-04:00,73.23999786376953,73.75,72.81999969482422,73.72000122070312,72.12903594970703,784700,0.0,0.0
2023-08-30 00:00:00-04:00,73.75,74.41000366210938,73.72000122070312,74.12000274658203,72.5204086303711,981400,0.0,0.0
2023-08-31 00:00:00-04:00,74.30000305175781,74.56999969482422,74.02999877929688,74.0999984741211,72.50083923339844,1085100,0.0,0.0
2023-09-01 00:00:00-04:00,74.31999969482422,74.5,74.04000091552734,74.19999694824219,72.59868621826172,595900,0.0,0.0
2023-09-05 00:00:00-04:00,74.08000183105469,74.12000274658203,72.47000122070312,72.5,70.93537139892578,1117600,0.0,0.0
2023-09-06 00:00:00-04:00,72.5,72.81999969482422,72.16999816894531,72.7300033569336,71.16040802001953,1325100,0.0,0.0
2023-09-07 00:00:00-04:00,72.94999694824219,74.05000305175781,72.41999816894531,73.98999786376953,72.39321899414062,1319800,0.0,0.0
2023-09-08 00:00:00-04:00,74.22000122070312,74.22000122070312,72.86000061035156,73.12000274658203,71.5419921875,810100,0.0,0.0
2023-09-11 00:00:00-04:00,73.23999786376953,73.48999786376953,72.95999908447266,73.4000015258789,71.8159408569336,836100,0.0,0.0
2023-09-12 00:00:00-04:00,73.38999938964844,74.12000274658203,73.18000030517578,73.55000305175781,71.96271514892578,816900,0.0,0.0
2023-09-13 00:00:00-04:00,73.5199966430664,73.69999694824219,72.98999786376953,73.13999938964844,71.56155395507812,940200,0.0,0.0
2023-09-14 00:00:00-04:00,73.62999725341797,73.62999725341797,72.62999725341797,73.27999877929688,71.69853973388672,1559100,0.0,0.0
2023-09-15 00:00:00-04:00,72.94999694824219,73.18000030517578,72.36000061035156,72.62999725341797,71.06256866455078,2727300,0.0,0.0
2023-09-18 00:00:00-04:00,72.77999877929688,73.80000305175781,72.56999969482422,73.33000183105469,71.7474594116211,907600,0.0,0.0
2023-09-19 00:00:00-04:00,74.0,74.0,73.41000366210938,73.83000183105469,72.23668670654297,718000,0.0,0.0
2023-09-20 00:00:00-04:00,74.16000366210938,74.5,73.7699966430664,73.83999633789062,72.24645233154297,677700,0.0,0.0
2023-09-21 00:00:00-04:00,73.56999969482422,73.70999908447266,72.30999755859375,72.37000274658203,70.80818176269531,1194700,0.0,0.0
2023-09-22 00:00:00-04:00,72.37999725341797,72.97000122070312,72.22000122070312,72.2699966430664,70.7103271484375,826000,0.0,0.0
2023-09-25 00:00:00-04:00,71.98999786376953,72.33000183105469,71.86000061035156,72.0999984741211,70.54400634765625,698100,0.0,0.0
2023-09-26 00:00:00-04:00,71.87999725341797,71.94000244140625,70.93000030517578,71.08000183105469,69.54601287841797,800800,0.0,0.0
2023-09-27 00:00:00-04:00,70.95999908447266,71.22000122070312,70.54000091552734,70.95999908447266,69.42859649658203,940800,0.0,0.0
2023-09-28 00:00:00-04:00,71.25,71.61000061035156,70.77999877929688,70.87000274658203,69.34053802490234,1227200,0.0,0.0
2023-09-29 00:00:00-04:00,71.0,71.0,69.68000030517578,69.83999633789062,68.332763671875,1018500,0.0,0.0
2023-10-02 00:00:00-04:00,69.68000030517578,69.93000030517578,69.18000030517578,69.5199966430664,68.0196762084961,1318200,0.0,0.0
2023-10-03 00:00:00-04:00,69.52999877929688,69.9000015258789,68.94000244140625,69.27999877929688,67.78485870361328,856100,0.0,0.0
2023-10-04 00:00:00-04:00,69.61000061035156,70.5199966430664,69.38999938964844,70.37999725341797,68.86111450195312,919100,0.0,0.0
2023-10-05 00:00:00-04:00,70.33000183105469,70.9800033569336,70.33000183105469,70.76000213623047,69.23290252685547,1008800,0.0,0.0
2023-10-06 00:00:00-04:00,70.7699966430664,71.41000366210938,70.37999725341797,71.0199966430664,69.4873046875,855700,0.0,0.0
2023-10-09 00:00:00-04:00,70.72000122070312,71.68000030517578,70.72000122070312,71.63999938964844,70.09394073486328,727300,0.0,0.0
2023-10-10 00:00:00-04:00,71.87000274658203,72.0,70.44999694824219,70.94000244140625,69.40904235839844,1286300,0.0,0.0
2023-10-11 00:00:00-04:00,71.2300033569336,71.91999816894531,70.87999725341797,71.45999908447266,69.91781616210938,1103100,0.0,0.0
2023-10-12 00:00:00-04:00,71.44999694824219,71.62000274658203,69.9000015258789,70.19999694824219,68.68500518798828,1061400,0.0,0.0
2023-10-13 00:00:00-04:00,70.44000244140625,71.04000091552734,69.30000305175781,69.70999908447266,68.20557403564453,1474500,0.0,0.0
2023-10-16 00:00:00-04:00,70.0,70.27999877929688,69.36000061035156,69.80999755859375,68.30342102050781,1659000,0.0,0.0
2023-10-17 00:00:00-04:00,69.2699966430664,69.79000091552734,68.69000244140625,69.01000213623047,67.52068328857422,2125500,0.0,0.0
2023-10-18 00:00:00-04:00,68.94999694824219,69.29000091552734,68.55000305175781,68.8499984741211,67.36414337158203,1932500,0.0,0.0
2023-10-19 00:00:00-04:00,69.69000244140625,69.69000244140625,68.12000274658203,68.2699966430664,66.7966537475586,1736100,0.0,0.0
2023-10-20 00:00:00-04:00,68.44000244140625,68.86000061035156,66.9800033569336,67.16999816894531,65.72038269042969,5591300,0.0,0.0
2023-10-23 00:00:00-04:00,67.55000305175781,68.61000061035156,66.7300033569336,66.77999877929688,65.33881378173828,1934100,0.0,0.0
2023-10-24 00:00:00-04:00,67.1500015258789,69.93000030517578,67.05999755859375,69.69999694824219,68.19579315185547,2594700,0.0,0.0
2023-10-25 00:00:00-04:00,70.0,70.33000183105469,68.91000366210938,69.0199966430664,67.53046417236328,2136800,0.0,0.0
2023-10-26 00:00:00-04:00,69.48999786376953,70.19000244140625,68.22000122070312,68.44999694824219,66.97276306152344,1875800,0.0,0.0
2023-10-27 00:00:00-04:00,68.33000183105469,68.5,67.30000305175781,67.62999725341797,66.17046356201172,1081600,0.0,0.0
2023-10-30 00:00:00-04:00,68.08999633789062,69.12000274658203,67.6500015258789,68.87000274658203,67.38370513916016,1197700,0.0,0.0
2023-10-31 00:00:00-04:00,68.91999816894531,69.81999969482422,68.63999938964844,69.41999816894531,68.05029296875,2585100,0.13,0.0
2023-11-01 00:00:00-04:00,69.69999694824219,69.86000061035156,68.41999816894531,69.30000305175781,67.93266296386719,1747300,0.0,0.0
2023-11-02 00:00:00-04:00,69.48999786376953,70.95999908447266,69.37999725341797,70.91000366210938,69.5108871459961,1093800,0.0,0.0
2023-11-03 00:00:00-04:00,71.25,71.25,70.0199966430664,70.52999877929688,69.13839721679688,2353100,0.0,0.0
2023-11-06 00:00:00-05:00,70.81999969482422,71.08999633789062,70.29000091552734,70.91000366210938,69.5108871459961,1170000,0.0,0.0
2023-11-07 00:00:00-05:00,70.83000183105469,71.19000244140625,70.19000244140625,71.13999938964844,69.73636627197266,1056600,0.0,0.0
2023-11-08 00:00:00-05:00,71.31999969482422,71.81999969482422,70.75,71.61000061035156,70.19708251953125,1041600,0.0,0.0
2023-11-09 00:00:00-05:00,71.97000122070312,72.23999786376953,71.66999816894531,71.83000183105469,70.41273498535156,766500,0.0,0.0
2023-11-10 00:00:00-05:00,72.05000305175781,72.88999938964844,71.95999908447266,72.8499984741211,71.41261291503906,914000,0.0,0.0
2023-11-13 00:00:00-05:00,72.94000244140625,73.58999633789062,72.83000183105469,73.5199966430664,72.06938934326172,1194700,0.0,0.0
2023-11-14 00:00:00-05:00,73.70999908447266,73.98999786376953,73.08999633789062,73.19999694824219,71.75569915771484,1412400,0.0,0.0
2023-11-15 00:00:00-05:00,72.94999694824219,73.45999908447266,72.25,72.30999755859375,70.88326263427734,1369800,0.0,0.0
2023-11-16 00:00:00-05:00,72.5999984741211,73.66000366210938,72.5999984741211,73.19999694824219,71.75569915771484,950800,0.0,0.0
2023-11-17 00:00:00-05:00,73.20999908447266,73.58000183105469,72.69999694824219,73.01000213623047,71.5694580078125,819200,0.0,0.0
2023-11-20 00:00:00-05:00,72.83999633789062,73.62000274658203,72.69999694824219,73.44000244140625,71.99097442626953,1089200,0.0,0.0
2023-11-21 00:00:00-05:00,73.66000366210938,74.45999908447266,73.66000366210938,74.11000061035156,72.64776611328125,953700,0.0,0.0
2023-11-22 00:00:00-05:00,74.30000305175781,74.70999908447266,74.04000091552734,74.54000091552734,73.06926727294922,624200,0.0,0.0
2023-11-24 00:00:00-05:00,74.61000061035156,74.93000030517578,74.2699966430664,74.52999877929688,73.0594482421875,295800,0.0,0.0
2023-11-27 00:00:00-05:00,74.5,75.13999938964844,74.44000244140625,74.97000122070312,73.49078369140625,851100,0.0,0.0
2023-11-28 00:00:00-05:00,74.88999938964844,75.11000061035156,73.38999938964844,73.41999816894531,71.97136688232422,850700,0.0,0.0
2023-11-29 00:00:00-05:00,73.61000061035156,73.91999816894531,72.63999938964844,72.97000122070312,71.53025817871094,908200,0.0,0.0
2023-11-30 00:00:00-05:00,73.08999633789062,74.83000183105469,72.91999816894531,74.73999786376953,73.26532745361328,1385300,0.0,0.0
2023-12-01 00:00:00-05:00,74.5199966430664,74.75,73.83000183105469,74.13999938964844,72.67716217041016,986900,0.0,0.0
2023-12-04 00:00:00-05:00,74.1500015258789,75.08999633789062,74.0,74.5,73.0300521850586,1123200,0.0,0.0
2023-12-05 00:00:00-05:00,74.30000305175781,74.62999725341797,73.8499984741211,74.05000305175781,72.58895111083984,787900,0.0,0.0
2023-12-06 00:00:00-05:00,74.08999633789062,74.4800033569336,73.2699966430664,73.91999816894531,72.46149444580078,851500,0.0,0.0
2023-12-07 00:00:00-05:00,74.08000183105469,74.29000091552734,73.4800033569336,73.77999877929688,72.32425689697266,759900,0.0,0.0
2023-12-08 00:00:00-05:00,74.0,74.30000305175781,73.5999984741211,74.1500015258789,72.68696594238281,821400,0.0,0.0
2023-12-11 00:00:00-05:00,74.44000244140625,75.36000061035156,74.19999694824219,74.98999786376953,73.5103759765625,1259000,0.0,0.0
2023-12-12 00:00:00-05:00,74.94999694824219,75.7699966430664,74.62000274658203,75.75,74.25538635253906,1176100,0.0,0.0
2023-12-13 00:00:00-05:00,75.95999908447266,76.25,75.55999755859375,75.7699966430664,74.27499389648438,972200,0.0,0.0
2023-12-14 00:00:00-05:00,75.30999755859375,75.30999755859375,71.19000244140625,71.95999908447266,70.54016876220703,2904500,0.0,0.0
2023-12-15 00:00:00-05:00,70.12000274658203,70.51000213623047,69.12999725341797,69.47000122070312,68.09930419921875,3319600,0.0,0.0
2023-12-18 00:00:00-05:00,70.06999969482422,71.38999938964844,69.80000305175781,71.02999877929688,69.62853240966797,1906600,0.0,0.0
2023-12-19 00:00:00-05:00,71.05000305175781,71.75,70.68000030517578,70.93000030517578,69.53050231933594,1627000,0.0,0.0
2023-12-20 00:00:00-05:00,70.7300033569336,71.2699966430664,69.63999938964844,69.66999816894531,68.29534912109375,1168700,0.0,0.0
2023-12-21 00:00:00-05:00,69.44000244140625,70.55000305175781,69.19000244140625,70.41000366210938,69.02075958251953,1235000,0.0,0.0
2023-12-22 00:00:00-05:00,70.62000274658203,70.91000366210938,69.91000366210938,70.4800033569336,69.0893783569336,824100,0.0,0.0
2023-12-26 00:00:00-05:00,70.19999694824219,70.4000015258789,69.88999938964844,70.36000061035156,68.97173309326172,876600,0.0,0.0
2023-12-27 00:00:00-05:00,70.16000366210938,70.7300033569336,69.83000183105469,70.5999984741211,69.20699310302734,854400,0.0,0.0
2023-12-28 00:00:00-05:00,70.91999816894531,71.22000122070312,70.68000030517578,70.91999816894531,69.52068328857422,712600,0.0,0.0
2023-12-29 00:00:00-05:00,70.88999938964844,71.19000244140625,70.51000213623047,71.11000061035156,69.70693969726562,1043100,0.0,0.0
2024-01-02 00:00:00-05:00,71.0199966430664,71.52999877929688,70.58000183105469,70.75,69.35404205322266,1231500,0.0,0.0
2024-01-03 00:00:00-05:00,70.66000366210938,70.94000244140625,69.25,69.44999694824219,68.07970428466797,2041600,0.0,0.0
2024-01-04 00:00:00-05:00,69.73999786376953,70.66999816894531,69.72000122070312,70.4800033569336,69.0893783569336,1401700,0.0,0.0
2024-01-05 00:00:00-05:00,70.55999755859375,70.66000366210938,69.23999786376953,69.5999984741211,68.22674560546875,1737200,0.0,0.0
2024-01-08 00:00:00-05:00,71.08999633789062,72.22000122070312,70.88999938964844,72.19000244140625,70.76564025878906,1493700,0.0,0.0
2024-01-09 00:00:00-05:00,71.79000091552734,71.91000366210938,70.98999786376953,71.87000274658203,70.45195007324219,1200600,0.0,0.0
2024-01-10 00:00:00-05:00,71.75,73.0,71.69999694824219,72.94000244140625,71.50083923339844,1026800,0.0,0.0
2024-01-11 00:00:00-05:00,72.83999633789062,73.26000213623047,72.19000244140625,72.8499984741211,71.41261291503906,1050500,0.0,0.0
2024-01-12 00:00:00-05:00,73.44999694824219,74.93000030517578,73.20999908447266,74.4800033569336,73.01045989990234,2389600,0.0,0.0
2024-01-16 00:00:00-05:00,74.58999633789062,75.04000091552734,74.31999969482422,74.55000305175781,73.07907104492188,2453800,0.0,0.0
2024-01-17 00:00:00-05:00,74.56999969482422,75.4000015258789,74.23999786376953,74.47000122070312,73.00064086914062,1749800,0.0,0.0
2024-01-18 00:00:00-05:00,73.5,74.30999755859375,73.2300033569336,74.1500015258789,72.68696594238281,2450600,0.0,0.0
2024-01-19 00:00:00-05:00,74.7300033569336,75.26000213623047,74.43000030517578,74.83000183105469,73.35354614257812,1996500,0.0,0.0
2024-01-22 00:00:00-05:00,75.0,75.44999694824219,74.69000244140625,75.29000091552734,73.80447387695312,2035400,0.0,0.0
2024-01-23 00:00:00-05:00,79.5,79.98999786376953,78.08999633789062,78.91000366210938,77.3530502319336,2822500,0.0,0.0
2024-01-24 00:00:00-05:00,79.45999908447266,79.5,77.33000183105469,77.5999984741211,76.06890106201172,1745100,0.0,0.0
2024-01-25 00:00:00-05:00,77.58999633789062,77.80000305175781,76.05000305175781,77.19000244140625,75.6669921875,1834600,0.0,0.0
2024-01-26 00:00:00-05:00,77.06999969482422,77.19000244140625,76.13999938964844,76.87999725341797,75.36309051513672,1197300,0.0,0.0
2024-01-29 00:00:00-05:00,76.94000244140625,77.20999908447266,76.16999816894531,77.08000183105469,75.55913543701172,1614000,0.0,0.0
2024-01-30 00:00:00-05:00,77.19999694824219,78.33000183105469,77.16000366210938,78.30000305175781,76.75507354736328,1369200,0.0,0.0
2024-01-31 00:00:00-05:00,78.54000091552734,78.7699966430664,77.4800033569336,77.55999755859375,76.02967834472656,1667100,0.0,0.0
2024-02-01 00:00:00-05:00,77.11000061035156,77.87999725341797,75.79000091552734,77.79000091552734,76.38317108154297,1346000,0.13,0.0
2024-02-02 00:00:00-05:00,77.86000061035156,78.41000366210938,77.6500015258789,77.69000244140625,76.28497314453125,1090500,0.0,0.0
2024-02-05 00:00:00-05:00,77.5999984741211,77.8499984741211,77.12000274658203,77.58999633789062,76.1867904663086,1041900,0.0,0.0
2024-02-06 00:00:00-05:00,77.48999786376953,78.63999938964844,77.47000122070312,78.41000366210938,76.99195861816406,1378800,0.0,0.0
2024-02-07 00:00:00-05:00,78.66000366210938,79.41999816894531,78.4000015258789,78.93000030517578,77.50255584716797,1007100,0.0,0.0
2024-02-08 00:00:00-05:00,78.88999938964844,80.16999816894531,78.69999694824219,79.94999694824219,78.50410461425781,1506700,0.0,0.0
2024-02-09 00:00:00-05:00,79.83999633789062,81.01000213623047,79.75,81.0,79.53511810302734,1243300,0.0,0.0
2024-02-12 00:00:00-05:00,81.0,81.12000274658203,80.47000122070312,80.94000244140625,79.4762191772461,1359100,0.0,0.0
2024-02-13 00:00:00-05:00,81.04000091552734,81.5199966430664,80.38999938964844,80.94999694824219,79.48601531982422,1143000,0.0,0.0
2024-02-14 00:00:00-05:00,81.05000305175781,82.27999877929688,80.94999694824219,82.19999694824219,80.71341705322266,1190400,0.0,0.0
2024-02-15 00:00:00-05:00,82.4000015258789,82.9000015258789,82.02999877929688,82.7300033569336,81.23381805419922,1462500,0.0,0.0
2024-02-16 00:00:00-05:00,82.95999908447266,83.30999755859375,82.3499984741211,82.69000244140625,81.19456481933594,2442100,0.0,0.0
2024-02-20 00:00:00-05:00,82.37000274658203,83.16999816894531,81.88999938964844,82.69999694824219,81.20437622070312,1515900,0.0,0.0
2024-02-21 00:00:00-05:00,82.9800033569336,83.04000091552734,82.16999816894531,82.83999633789062,81.34183502197266,964100,0.0,0.0
2024-02-22 00:00:00-05:00,83.5,84.2300033569336,83.05000305175781,84.12000274658203,82.59871673583984,888600,0.0,0.0
2024-02-23 00:00:00-05:00,84.5999984741211,84.5999984741211,83.91000366210938,84.23999786376953,82.7165298461914,860100,0.0,0.0
2024-02-26 00:00:00-05:00,84.27999877929688,84.7300033569336,84.0199966430664,84.05000305175781,82.52996826171875,808400,0.0,0.0
2024-02-27 00:00:00-05:00,83.56999969482422,84.22000122070312,83.13999938964844,84.11000061035156,82.58889770507812,944200,0.0,0.0
2024-02-28 00:00:00-05:00,84.36000061035156,84.87000274658203,84.18000030517578,84.77999877929688,83.24676513671875,815300,0.0,0.0
2024-02-29 00:00:00-05:00,84.83999633789062,84.83999633789062,83.77999877929688,84.20999908447266,82.68705749511719,1674200,0.0,0.0
2024-03-01 00:00:00-05:00,83.9800033569336,84.01000213623047,83.1500015258789,83.73999786376953,82.22557067871094,883400,0.0,0.0
2024-03-04 00:00:00-05:00,83.30000305175781,84.13999938964844,83.19999694824219,83.94999694824219,82.43177032470703,750700,0.0,0.0
2024-03-05 00:00:00-05:00,83.5,84.20999908447266,83.26000213623047,84.0999984741211,82.57904815673828,978900,0.0,0.0
2024-03-06 00:00:00-05:00,84.16999816894531,85.20999908447266,84.05999755859375,85.11000061035156,83.57079315185547,1056800,0.0,0.0
2024-03-07 00:00:00-05:00,85.36000061035156,86.52999877929688,85.08999633789062,85.8499984741211,84.29741668701172,1369700,0.0,0.0
2024-03-08 00:00:00-05:00,85.79000091552734,86.02999877929688,84.83000183105469,85.19000244140625,83.64933776855469,1150100,0.0,0.0
2024-03-11 00:00:00-04:00,85.51000213623047,85.58999633789062,84.68000030517578,84.87999725341797,83.34495544433594,1066400,0.0,0.0
2024-03-12 00:00:00-04:00,84.8499984741211,86.22000122070312,84.80000305175781,85.9000015258789,84.34650421142578,925700,0.0,0.0
2024-03-13 00:00:00-04:00,85.0,85.7699966430664,84.8499984741211,85.51000213623047,83.96355438232422,1102400,0.0,0.0
2024-03-14 00:00:00-04:00,85.5,85.83000183105469,84.51000213623047,84.98999786376953,83.45296478271484,1163300,0.0,0.0
2024-03-15 00:00:00-04:00,83.58999633789062,85.1500015258789,83.19000244140625,84.94000244140625,83.40386962890625,1872300,0.0,0.0
2024-03-18 00:00:00-04:00,84.91000366210938,85.48999786376953,84.91000366210938,85.01000213623047,83.47259521484375,849500,0.0,0.0
2024-03-19 00:00:00-04:00,85.2699966430664,85.63999938964844,84.83999633789062,85.4800033569336,83.9341049194336,801600,0.0,0.0
2024-03-20 00:00:00-04:00,85.9000015258789,87.0,85.54000091552734,86.69999694824219,85.13203430175781,1005700,0.0,0.0
2024-03-21 00:00:00-04:00,86.56999969482422,86.94999694824219,85.94999694824219,86.04000091552734,84.48397827148438,1174600,0.0,0.0
2024-03-22 00:00:00-04:00,86.5199966430664,86.66000366210938,85.93000030517578,86.0,84.44470977783203,909800,0.0,0.0
2024-03-25 00:00:00-04:00,85.91999816894531,86.19000244140625,85.7300033569336,85.9000015258789,84.34650421142578,580200,0.0,0.0
2024-03-26 00:00:00-04:00,85.69999694824219,86.54000091552734,85.58000183105469,86.41999816894531,84.85710144042969,1032400,0.0,0.0
2024-03-27 00:00:00-04:00,86.94000244140625,87.41999816894531,86.5,87.26000213623047,85.68191528320312,1113500,0.0,0.0
2024-03-28 00:00:00-04:00,87.5199966430664,87.98999786376953,87.19000244140625,87.54000091552734,85.95686340332031,1072300,0.0,0.0
2024-04-01 00:00:00-04:00,87.30999755859375,87.30999755859375,86.30000305175781,86.31999969482422,84.75890350341797,952000,0.0,0.0
2024-04-02 00:00:00-04:00,86.44000244140625,86.9800033569336,85.33999633789062,85.51000213623047,83.96355438232422,1212100,0.0,0.0
2024-04-03 00:00:00-04:00,85.3499984741211,86.0999984741211,85.3499984741211,85.48999786376953,83.94392395019531,1256800,0.0,0.0
2024-04-04 00:00:00-04:00,85.91000366210938,86.06999969482422,83.7699966430664,83.94000244140625,82.42195892333984,1456100,0.0,0.0
2024-04-05 00:00:00-04:00,84.13999938964844,85.56999969482422,83.97000122070312,85.1500015258789,83.61006927490234,1216600,0.0,0.0
2024-04-08 00:00:00-04:00,85.30999755859375,86.04000091552734,84.91999816894531,85.51000213623047,83.96355438232422,1512900,0.0,0.0
2024-04-09 00:00:00-04:00,85.52999877929688,85.76000213623047,83.70999908447266,84.55999755859375,83.03073120117188,1191400,0.0,0.0
2024-04-10 00:00:00-04:00,83.98999786376953,84.30000305175781,83.43000030517578,83.5999984741211,82.08810424804688,1228100,0.0,0.0
2024-04-11 00:00:00-04:00,83.04000091552734,83.30000305175781,82.27999877929688,82.6500015258789,81.1552734375,1138700,0.0,0.0
2024-04-12 00:00:00-04:00,81.93000030517578,83.05000305175781,81.58999633789062,81.9000015258789,80.4188461303711,1327700,0.0,0.0
2024-04-15 00:00:00-04:00,83.08999633789062,83.12999725341797,81.01000213623047,81.02999877929688,79.56458282470703,1661800,0.0,0.0
2024-04-16 00:00:00-04:00,81.43000030517578,81.69999694824219,80.9000015258789,80.91999816894531,79.45655822753906,1111100,0.0,0.0
2024-04-17 00:00:00-04:00,81.1500015258789,81.3499984741211,80.33000183105469,80.62000274658203,79.16199493408203,1016300,0.0,0.0
2024-04-18 00:00:00-04:00,81.4800033569336,81.86000061035156,80.88999938964844,81.12999725341797,79.66277313232422,1338800,0.0,0.0
2024-04-19 00:00:00-04:00,81.33000183105469,82.19000244140625,81.1500015258789,82.16999816894531,80.68395233154297,1405900,0.0,0.0
2024-04-22 00:00:00-04:00,83.0,83.20999908447266,82.33999633789062,82.5,81.00800323486328,1546400,0.0,0.0
2024-04-23 00:00:00-04:00,82.61000061035156,83.5,81.48999786376953,82.93000030517578,81.43021392822266,1902800,0.0,0.0
2024-04-24 00:00:00-04:00,82.75,82.87999725341797,81.69000244140625,82.12999725341797,80.64468383789062,1520900,0.0,0.0
2024-04-25 00:00:00-04:00,82.16999816894531,82.6500015258789,81.5,82.27999877929688,80.7919692993164,1608800,0.0,0.0
2024-04-26 00:00:00-04:00,81.76000213623047,82.1500015258789,80.87000274658203,81.45999908447266,79.9867935180664,1710300,0.0,0.0
2024-04-29 00:00:00-04:00,81.45999908447266,81.7699966430664,80.91000366210938,81.54000091552734,80.06535339355469,1167500,0.0,0.0
2024-04-30 00:00:00-04:00,81.62000274658203,82.12999725341797,81.06999969482422,81.54000091552734,80.06535339355469,1918700,0.0,0.0
2024-05-01 00:00:00-04:00,81.58999633789062,83.61000061035156,81.56999969482422,82.69999694824219,81.20437622070312,1332400,0.0,0.0
2024-05-02 00:00:00-04:00,82.83000183105469,83.20999908447266,82.27999877929688,82.8499984741211,81.35166931152344,1137900,0.0,0.0
2024-05-03 00:00:00-04:00,83.4800033569336,83.63999938964844,81.79000091552734,83.5,82.1187515258789,1013000,0.13,0.0
2024-05-06 00:00:00-04:00,84.05000305175781,84.47000122070312,83.5999984741211,84.20999908447266,82.8170166015625,1056800,0.0,0.0
2024-05-07 00:00:00-04:00,84.5999984741211,85.33000183105469,84.47000122070312,85.23999786376953,83.82996368408203,967000,0.0,0.0
2024-05-08 00:00:00-04:00,85.6500015258789,85.81999969482422,84.76000213623047,84.80999755859375,83.40709686279297,949600,0.0,0.0
2024-05-09 00:00:00-04:00,84.61000061035156,85.7300033569336,84.52999877929688,85.61000061035156,84.19385528564453,851200,0.0,0.0
2024-05-10 00:00:00-04:00,85.94000244140625,87.43000030517578,85.88999938964844,87.06999969482422,85.62970733642578,1100400,0.0,0.0
2024-05-13 00:00:00-04:00,87.0199966430664,87.7699966430664,87.0199966430664,87.47000122070312,86.0230941772461,1561100,0.0,0.0
2024-05-14 00:00:00-04:00,87.41000366210938,88.51000213623047,87.06999969482422,88.44999694824219,86.98687744140625,1540000,0.0,0.0
2024-05-15 00:00:00-04:00,88.4000015258789,88.97000122070312,88.1500015258789,88.69999694824219,87.23274230957031,1141200,0.0,0.0
2024-05-16 00:00:00-04:00,89.45999908447266,89.9800033569336,88.98999786376953,89.4000015258789,87.92115783691406,1149400,0.0,0.0
2024-05-17 00:00:00-04:00,89.8499984741211,89.87000274658203,89.25,89.83000183105469,88.34405517578125,1080000,0.0,0.0
2024-05-20 00:00:00-04:00,89.80000305175781,89.91000366210938,89.33999633789062,89.86000061035156,88.37355041503906,1034800,0.0,0.0
2024-05-21 00:00:00-04:00,90.06999969482422,90.5,89.83999633789062,89.8499984741211,88.36372375488281,1495100,0.0,0.0
2024-05-22 00:00:00-04:00,90.52999877929688,91.69999694824219,89.9000015258789,91.16000366210938,89.65205383300781,1375500,0.0,0.0
2024-05-23 00:00:00-04:00,91.02999877929688,91.18000030517578,88.98999786376953,89.11000061035156,87.63594818115234,942700,0.0,0.0
2024-05-24 00:00:00-04:00,89.18000030517578,89.51000213623047,89.04000091552734,89.36000061035156,87.88182830810547,791800,0.0,0.0
2024-05-28 00:00:00-04:00,89.05999755859375,89.18000030517578,87.47000122070312,87.58000183105469,86.13127136230469,1568800,0.0,0.0
2024-05-29 00:00:00-04:00,87.11000061035156,87.19000244140625,86.2699966430664,86.31999969482422,84.89210510253906,1484000,0.0,0.0
2024-05-30 00:00:00-04:00,86.22000122070312,88.01000213623047,85.97000122070312,87.75,86.29845428466797,1159100,0.0,0.0
2024-05-31 00:00:00-04:00,88.30000305175781,89.6500015258789,87.87999725341797,89.51000213623047,88.02934265136719,1859400,0.0,0.0
2024-06-03 00:00:00-04:00,89.2300033569336,89.83999633789062,88.08999633789062,88.88999938964844,87.41960144042969,796600,0.0,0.0
2024-06-04 00:00:00-04:00,88.66000366210938,89.98999786376953,88.66000366210938,89.9000015258789,88.41290283203125,1286300,0.0,0.0
2024-06-05 00:00:00-04:00,90.0,90.1500015258789,88.8499984741211,90.0,88.51124572753906,864600,0.0,0.0
2024-06-06 00:00:00-04:00,90.30999755859375,90.47000122070312,88.87999725341797,89.52999877929688,88.04901123046875,1081900,0.0,0.0
2024-06-07 00:00:00-04:00,89.93000030517578,90.68000030517578,89.66000366210938,90.27999877929688,88.78661346435547,993400,0.0,0.0
2024-06-10 00:00:00-04:00,90.02999877929688,90.41999816894531,89.18000030517578,89.63999938964844,88.15718841552734,841800,0.0,0.0
2024-06-11 00:00:00-04:00,89.52999877929688,89.69000244140625,88.68000030517578,89.62000274658203,88.13751983642578,966000,0.0,0.0
2024-06-12 00:00:00-04:00,89.81999969482422,90.69000244140625,89.0999984741211,90.47000122070312,88.97346496582031,803800,0.0,0.0
2024-06-13 00:00:00-04:00,90.27999877929688,90.80000305175781,89.62000274658203,90.5199966430664,89.02264404296875,636800,0.0,0.0
2024-06-14 00:00:00-04:00,90.0999984741211,90.5,89.73999786376953,90.08000183105469,88.58992767333984,648600,0.0,0.0
2024-06-17 00:00:00-04:00,89.83000183105469,92.12000274658203,89.72000122070312,92.0,90.4781494140625,1144200,0.0,0.0
2024-06-18 00:00:00-04:00,92.1500015258789,93.05000305175781,91.87000274658203,92.41000366210938,90.88136291503906,966800,0.0,0.0
2024-06-20 00:00:00-04:00,92.41000366210938,93.02999877929688,92.13999938964844,92.88999938964844,91.35343170166016,898700,0.0,0.0
2024-06-21 00:00:00-04:00,92.88999938964844,93.11000061035156,92.06999969482422,93.0199966430664,91.48127746582031,1921700,0.0,0.0
2024-06-24 00:00:00-04:00,93.02999877929688,93.75,92.29000091552734,93.33999633789062,91.79598236083984,1119000,0.0,0.0
2024-06-25 00:00:00-04:00,93.33999633789062,93.44999694824219,91.12000274658203,91.13999938964844,89.63239288330078,1074800,0.0,0.0
2024-06-26 00:00:00-04:00,90.43000030517578,90.76000213623047,89.13999938964844,90.58000183105469,89.08164978027344,1288800,0.0,0.0
2024-06-27 00:00:00-04:00,90.76000213623047,90.95999908447266,90.0999984741211,90.16000366210938,88.6686019897461,1316200,0.0,0.0
2024-06-28 00:00:00-04:00,89.83000183105469,90.44999694824219,89.12000274658203,89.41000366210938,87.93098449707031,2024300,0.0,0.0
2024-07-01 00:00:00-04:00,89.81999969482422,90.0999984741211,88.61000061035156,89.11000061035156,87.63594818115234,1099800,0.0,0.0
2024-07-02 00:00:00-04:00,88.55000305175781,89.68000030517578,88.30999755859375,89.6500015258789,88.16702270507812,842300,0.0,0.0
2024-07-03 00:00:00-04:00,89.5999984741211,90.30999755859375,88.94000244140625,90.04000091552734,88.55058288574219,708400,0.0,0.0
2024-07-05 00:00:00-04:00,90.12999725341797,90.61000061035156,89.25,90.5199966430664,89.02264404296875,823100,0.0,0.0
2024-07-08 00:00:00-04:00,91.0,91.36000061035156,90.52999877929688,90.56999969482422,89.07180786132812,623300,0.0,0.0
2024-07-09 00:00:00-04:00,90.58999633789062,90.7300033569336,89.91999816894531,90.08000183105469,88.58992767333984,726500,0.0,0.0
2024-07-10 00:00:00-04:00,90.31999969482422,91.06999969482422,90.04000091552734,90.93000030517578,89.42586517333984,958000,0.0,0.0
2024-07-11 00:00:00-04:00,91.19000244140625,92.22000122070312,90.94000244140625,91.97000122070312,90.44865417480469,708000,0.0,0.0
2024-07-12 00:00:00-04:00,92.37999725341797,94.12000274658203,92.11000061035156,93.73999786376953,92.18939208984375,1331900,0.0,0.0
2024-07-15 00:00:00-04:00,93.94000244140625,94.27999877929688,93.05000305175781,93.2300033569336,91.68782043457031,886700,0.0,0.0
2024-07-16 00:00:00-04:00,93.62000274658203,94.04000091552734,93.05000305175781,93.30999755859375,91.7664794921875,843500,0.0,0.0
2024-07-17 00:00:00-04:00,93.30999755859375,94.12999725341797,93.05000305175781,93.54000091552734,91.99268341064453,1255200,0.0,0.0
2024-07-18 00:00:00-04:00,93.16999816894531,94.02999877929688,92.94999694824219,93.2300033569336,91.68782043457031,1124200,0.0,0.0
2024-07-19 00:00:00-04:00,93.66000366210938,93.66000366210938,92.29000091552734,92.45999908447266,90.93053436279297,962500,0.0,0.0
2024-07-22 00:00:00-04:00,92.80000305175781,93.70999908447266,92.37999725341797,93.16000366210938,91.61896514892578,1209100,0.0,0.0
2024-07-23 00:00:00-04:00,97.0,99.08000183105469,95.44000244140625,98.05000305175781,96.42807006835938,2871500,0.0,0.0
2024-07-24 00:00:00-04:00,98.05000305175781,98.36000061035156,96.7699966430664,97.55999755859375,95.94617462158203,1733700,0.0,0.0
2024-07-25 00:00:00-04:00,97.93000030517578,98.73999786376953,97.20999908447266,97.43000030517578,95.81832885742188,1458100,0.0,0.0
2024-07-26 00:00:00-04:00,98.0,99.26000213623047,97.61000061035156,99.16999816894531,97.52955627441406,960200,0.0,0.0
2024-07-29 00:00:00-04:00,99.44000244140625,99.91999816894531,98.23999786376953,98.66000366210938,97.0279769897461,1489000,0.0,0.0
2024-07-30 00:00:00-04:00,99.25,100.23999786376953,99.0199966430664,99.83999633789062,98.18846893310547,967800,0.0,0.0
2024-07-31 00:00:00-04:00,99.58000183105469,100.3499984741211,98.69000244140625,99.43000030517578,97.7852554321289,2294100,0.0,0.0
2024-08-01 00:00:00-04:00,100.04000091552734,100.86000061035156,99.66000366210938,100.80000305175781,99.1325912475586,1097000,0.0,0.0
2024-08-02 00:00:00-04:00,100.66000366210938,103.16000366210938,99.2699966430664,101.22000122070312,99.54564666748047,1420800,0.0,0.0
2024-08-05 00:00:00-04:00,100.52999877929688,100.56999969482422,97.8499984741211,98.37999725341797,96.75261688232422,1382200,0.0,0.0
2024-08-06 00:00:00-04:00,98.66999816894531,100.76000213623047,98.44999694824219,99.37000274658203,97.72624969482422,1514900,0.0,0.0
2024-08-07 00:00:00-04:00,99.37000274658203,101.2300033569336,98.66000366210938,98.79000091552734,97.28311920166016,1504300,0.13,0.0
2024-08-08 00:00:00-04:00,98.76000213623047,100.5999984741211,98.76000213623047,100.30999755859375,98.77992248535156,991600,0.0,0.0
2024-08-09 00:00:00-04:00,100.30999755859375,100.76000213623047,99.77999877929688,100.31999969482422,98.7897720336914,604400,0.0,0.0
2024-08-12 00:00:00-04:00,100.43000030517578,101.25,99.37000274658203,99.55999755859375,98.0413589477539,919000,0.0,0.0
2024-08-13 00:00:00-04:00,99.91999816894531,100.22000122070312,99.16000366210938,99.94000244140625,98.41557312011719,826100,0.0,0.0
2024-08-14 00:00:00-04:00,100.12000274658203,101.37000274658203,100.01000213623047,101.30000305175781,99.75482177734375,1113700,0.0,0.0
2024-08-15 00:00:00-04:00,101.66000366210938,101.80000305175781,100.47000122070312,101.19000244140625,99.64649963378906,1211800,0.0,0.0
2024-08-16 00:00:00-04:00,101.38999938964844,101.94000244140625,100.88999938964844,101.87000274658203,100.3161392211914,1458300,0.0,0.0
2024-08-19 00:00:00-04:00,101.87000274658203,102.58999633789062,101.41999816894531,102.5199966430664,100.95622253417969,769000,0.0,0.0
2024-08-20 00:00:00-04:00,102.91000366210938,103.18000030517578,102.33999633789062,102.88999938964844,101.3205795288086,1159100,0.0,0.0
2024-08-21 00:00:00-04:00,103.81999969482422,103.83000183105469,102.61000061035156,103.45999908447266,101.88186645507812,643300,0.0,0.0
2024-08-22 00:00:00-04:00,103.62000274658203,103.87000274658203,103.12000274658203,103.66999816894531,102.08866119384766,643100,0.0,0.0
2024-08-23 00:00:00-04:00,103.70999908447266,103.75,101.8499984741211,102.0,100.44415283203125,935100,0.0,0.0
2024-08-26 00:00:00-04:00,102.11000061035156,102.63999938964844,101.7300033569336,102.2300033569336,100.6706314086914,896700,0.0,0.0
2024-08-27 00:00:00-04:00,102.38999938964844,103.0999984741211,102.19999694824219,103.0,101.42889404296875,591300,0.0,0.0
2024-08-28 00:00:00-04:00,103.27999877929688,104.1500015258789,102.68000030517578,103.87999725341797,102.29547119140625,686300,0.0,0.0
2024-08-29 00:00:00-04:00,103.87999725341797,105.0199966430664,103.37000274658203,104.6500015258789,103.05372619628906,924800,0.0,0.0
2024-08-30 00:00:00-04:00,104.86000061035156,105.44999694824219,104.30000305175781,105.12999725341797,103.52639770507812,1437900,0.0,0.0
2024-09-03 00:00:00-04:00,105.12999725341797,105.70999908447266,104.44999694824219,104.95999908447266,103.35899353027344,1174700,0.0,0.0
2024-09-04 00:00:00-04:00,105.13999938964844,106.0199966430664,104.98999786376953,105.81999969482422,104.20587921142578,748900,0.0,0.0
2024-09-05 00:00:00-04:00,105.9000015258789,105.9000015258789,103.62999725341797,104.62999725341797,103.03402709960938,994800,0.0,0.0
2024-09-06 00:00:00-04:00,104.62999725341797,105.20999908447266,103.75,103.94000244140625,102.35456085205078,1035700,0.0,0.0
2024-09-09 00:00:00-04:00,104.62999725341797,105.0999984741211,103.33999633789062,103.72000122070312,102.13790130615234,1406500,0.0,0.0
2024-09-10 00:00:00-04:00,103.91999816894531,104.9000015258789,103.06999969482422,103.12999725341797,101.55690002441406,1439800,0.0,0.0
2024-09-11 00:00:00-04:00,102.77999877929688,102.77999877929688,99.4000015258789,100.69999694824219,99.1639633178711,1741500,0.0,0.0
2024-09-12 00:00:00-04:00,100.5999984741211,102.36000061035156,100.0,102.16999816894531,100.6115493774414,1194500,0.0,0.0
2024-09-13 00:00:00-04:00,102.02999877929688,103.2699966430664,101.38999938964844,103.12999725341797,101.55690002441406,1578100,0.0,0.0
2024-09-16 00:00:00-04:00,103.81999969482422,104.68000030517578,103.56999969482422,104.11000061035156,102.52196502685547,1600000,0.0,0.0
2024-09-17 00:00:00-04:00,104.05999755859375,104.12999725341797,102.87000274658203,103.19999694824219,101.62583923339844,1007800,0.0,0.0
2024-09-18 00:00:00-04:00,103.33000183105469,103.86000061035156,102.19000244140625,102.51000213623047,100.94637298583984,2614100,0.0,0.0
2024-09-19 00:00:00-04:00,102.66999816894531,102.66999816894531,101.16999816894531,101.44999694824219,99.90253448486328,3374400,0.0,0.0
2024-09-20 00:00:00-04:00,101.30000305175781,101.44999694824219,99.69000244140625,101.01000213623047,99.46924591064453,3805200,0.0,0.0
2024-09-23 00:00:00-04:00,101.2699966430664,102.23999786376953,100.80000305175781,102.20999908447266,100.65094757080078,2341600,0.0,0.0
2024-09-24 00:00:00-04:00,101.86000061035156,103.37999725341797,101.0199966430664,103.36000061035156,101.78340148925781,3376500,0.0,0.0
2024-09-25 00:00:00-04:00,104.0,104.58000183105469,102.9000015258789,103.3499984741211,101.77355194091797,1523800,0.0,0.0
2024-09-26 00:00:00-04:00,103.12000274658203,103.7300033569336,102.5199966430664,103.01000213623047,101.43872833251953,1704400,0.0,0.0
2024-09-27 00:00:00-04:00,102.68000030517578,103.18000030517578,102.4000015258789,102.6500015258789,101.08423614501953,1460900,0.0,0.0
2024-09-30 00:00:00-04:00,102.98999786376953,103.68000030517578,102.18000030517578,103.5999984741211,102.01973724365234,1872500,0.0,0.0
2024-10-01 00:00:00-04:00,104.0,105.66999816894531,103.52999877929688,105.01000213623047,103.40823364257812,1876000,0.0,0.0
2024-10-02 00:00:00-04:00,104.98999786376953,105.27999877929688,104.54000091552734,105.04000091552734,103.43777465820312,1563400,0.0,0.0
2024-10-03 00:00:00-04:00,105.0,105.4000015258789,104.26000213623047,104.62999725341797,103.03402709960938,1431500,0.0,0.0
2024-10-04 00:00:00-04:00,104.88999938964844,105.76000213623047,104.47000122070312,105.6500015258789,104.0384750366211,1080900,0.0,0.0
2024-10-07 00:00:00-04:00,105.23999786376953,105.5999984741211,101.55000305175781,102.12999725341797,100.57215881347656,1857200,0.0,0.0
2024-10-08 00:00:00-04:00,103.37999725341797,105.93000030517578,103.37999725341797,105.25,103.64457702636719,1538300,0.0,0.0
2024-10-09 00:00:00-04:00,105.22000122070312,106.37000274658203,104.81999969482422,105.86000061035156,104.2452621459961,1170900,0.0,0.0
2024-10-10 00:00:00-04:00,106.4800033569336,106.66999816894531,102.83999633789062,103.66999816894531,102.08866119384766,1175200,0.0,0.0
2024-10-11 00:00:00-04:00,104.25,105.0999984741211,104.05000305175781,104.75,103.1521987915039,739000,0.0,0.0
2024-10-14 00:00:00-04:00,105.2300033569336,106.25,104.91999816894531,105.94000244140625,104.32405853271484,1077700,0.0,0.0
2024-10-15 00:00:00-04:00,106.62000274658203,107.66999816894531,105.69000244140625,105.86000061035156,104.2452621459961,1271000,0.0,0.0
2024-10-16 00:00:00-04:00,105.58000183105469,106.58000183105469,105.4000015258789,106.33000183105469,104.70809173583984,1184100,0.0,0.0
2024-10-17 00:00:00-04:00,107.30000305175781,107.66999816894531,106.5,106.93000030517578,105.29894256591797,1378200,0.0,0.0
2024-10-18 00:00:00-04:00,107.37999725341797,107.37999725341797,105.44999694824219,106.38999938964844,104.76718139648438,4537600,0.0,0.0
2024-10-21 00:00:00-04:00,106.3499984741211,106.48999786376953,105.38999938964844,106.05000305175781,104.43236541748047,1551800,0.0,0.0
2024-10-22 00:00:00-04:00,105.37000274658203,105.83999633789062,104.12000274658203,105.44999694824219,103.84152221679688,1769400,0.0,0.0
2024-10-23 00:00:00-04:00,105.12999725341797,106.30999755859375,104.95999908447266,106.0199966430664,104.40282440185547,1198000,0.0,0.0
2024-10-24 00:00:00-04:00,106.20999908447266,106.55000305175781,105.25,105.27999877929688,103.67411804199219,1110000,0.0,0.0
2024-10-25 00:00:00-04:00,105.45999908447266,105.68000030517578,103.88999938964844,103.9800033569336,102.3939437866211,1157000,0.0,0.0
2024-10-28 00:00:00-04:00,104.94999694824219,105.22000122070312,103.0,103.3499984741211,101.77355194091797,1909500,0.0,0.0
2024-10-29 00:00:00-04:00,103.69000244140625,106.91000366210938,103.36000061035156,105.04000091552734,103.43777465820312,2454500,0.0,0.0
2024-10-30 00:00:00-04:00,105.33000183105469,106.12999725341797,105.05000305175781,105.83000183105469,104.2157211303711,1611800,0.0,0.0
2024-10-31 00:00:00-04:00,105.26000213623047,106.0999984741211,104.62000274658203,104.63999938964844,103.04388427734375,1218700,0.0,0.0
2024-11-01 00:00:00-04:00,105.0,105.44999694824219,104.12999725341797,104.16999816894531,102.58103942871094,923700,0.0,0.0
2024-11-04 00:00:00-05:00,104.56999969482422,105.4800033569336,104.0999984741211,105.44999694824219,103.84152221679688,797300,0.0,0.0
2024-11-05 00:00:00-05:00,105.27999877929688,107.61000061035156,105.18000030517578,107.5999984741211,105.95873260498047,1030600,0.0,0.0
2024-11-06 00:00:00-05:00,114.08000183105469,114.08000183105469,107.52999877929688,110.80999755859375,109.2720947265625,1725300,0.15,0.0
2024-11-07 00:00:00-05:00,110.91999816894531,111.05999755859375,109.66999816894531,110.3499984741211,108.81847381591797,1266000,0.0,0.0
2024-11-08 00:00:00-05:00,111.51000213623047,113.26000213623047,111.04000091552734,112.43000030517578,110.8696060180664,1210900,0.0,0.0
2024-11-11 00:00:00-05:00,112.94999694824219,113.47000122070312,111.68000030517578,111.8499984741211,110.29765319824219,1132200,0.0,0.0
2024-11-12 00:00:00-05:00,111.94000244140625,112.97000122070312,111.81999969482422,112.41999816894531,110.85974884033203,749300,0.0,0.0
2024-11-13 00:00:00-05:00,112.44999694824219,112.9800033569336,111.80999755859375,111.91000366210938,110.35682678222656,1255000,0.0,0.0
2024-11-14 00:00:00-05:00,111.4800033569336,111.95999908447266,109.44999694824219,109.52999877929688,108.00984954833984,1210300,0.0,0.0
2024-11-15 00:00:00-05:00,109.12000274658203,110.27999877929688,108.33999633789062,110.05000305175781,108.52263641357422,1501900,0.0,0.0
2024-11-18 00:00:00-05:00,109.05999755859375,110.27999877929688,109.05999755859375,109.77999877929688,108.25638580322266,1231400,0.0,0.0
2024-11-19 00:00:00-05:00,108.93000030517578,109.75,108.18000030517578,109.3499984741211,107.83235168457031,827300,0.0,0.0
2024-11-20 00:00:00-05:00,109.47000122070312,109.94999694824219,108.47000122070312,109.61000061035156,108.08875274658203,1031200,0.0,0.0
2024-11-21 00:00:00-05:00,109.88999938964844,111.37999725341797,109.4800033569336,110.75,109.21292877197266,1085000,0.0,0.0
2024-11-22 00:00:00-05:00,110.76000213623047,112.41999816894531,110.76000213623047,112.05000305175781,110.49488830566406,998300,0.0,0.0
2024-11-25 00:00:00-05:00,111.58999633789062,112.97000122070312,111.30999755859375,111.73999786376953,110.18917846679688,1844500,0.0,0.0
2024-11-26 00:00:00-05:00,112.08000183105469,113.95999908447266,111.70999908447266,113.41999816894531,111.84586334228516,1371900,0.0,0.0
2024-11-27 00:00:00-05:00,113.73999786376953,114.1500015258789,112.93000030517578,113.19999694824219,111.62891387939453,777600,0.0,0.0
2024-11-29 00:00:00-05:00,113.2300033569336,113.75,112.51000213623047,113.0999984741211,111.53030395507812,803900,0.0,0.0
2024-12-02 00:00:00-05:00,113.22000122070312,113.22000122070312,110.8499984741211,111.62999725341797,110.08071899414062,991100,0.0,0.0
2024-12-03 00:00:00-05:00,112.0,112.25,110.69999694824219,111.37999725341797,109.83417510986328,990500,0.0,0.0
2024-12-04 00:00:00-05:00,111.16999816894531,111.80000305175781,110.77999877929688,111.13999938964844,109.59750366210938,782300,0.0,0.0
2024-12-05 00:00:00-05:00,111.5,111.66000366210938,110.37000274658203,110.55000305175781,109.01570129394531,1254400,0.0,0.0
2024-12-06 00:00:00-05:00,110.23999786376953,110.69000244140625,108.55000305175781,109.18000030517578,107.66471862792969,1242800,0.0,0.0
2024-12-09 00:00:00-05:00,108.2300033569336,108.73999786376953,104.98999786376953,105.68000030517578,104.21328735351562,2024700,0.0,0.0
2024-12-10 00:00:00-05:00,104.91000366210938,105.22000122070312,102.12999725341797,102.93000030517578,101.50144958496094,1744000,0.0,0.0
2024-12-11 00:00:00-05:00,103.52999877929688,104.19000244140625,103.2300033569336,104.11000061035156,102.66508483886719,1449500,0.0,0.0
2024-12-12 00:00:00-05:00,104.69999694824219,105.05000305175781,103.45999908447266,103.66000366210938,102.22132873535156,952200,0.0,0.0
2024-12-13 00:00:00-05:00,103.83000183105469,104.33000183105469,103.41000366210938,104.19000244140625,102.74396514892578,1208200,0.0,0.0
2024-12-16 00:00:00-05:00,104.29000091552734,105.02999877929688,103.98999786376953,104.38999938964844,102.9411849975586,1357100,0.0,0.0
2024-12-17 00:00:00-05:00,103.6500015258789,103.87000274658203,102.41999816894531,103.18000030517578,101.74798583984375,1464600,0.0,0.0
2024-12-18 00:00:00-05:00,103.25,103.77999877929688,100.86000061035156,100.93000030517578,99.52920532226562,1456000,0.0,0.0
2024-12-19 00:00:00-05:00,101.38999938964844,102.87999725341797,101.23999786376953,102.30000305175781,100.88020324707031,1762800,0.0,0.0
2024-12-20 00:00:00-05:00,102.30000305175781,103.86000061035156,101.91000366210938,102.93000030517578,101.50144958496094,2726000,0.0,0.0
2024-12-23 00:00:00-05:00,102.37999725341797,102.94000244140625,101.62999725341797,102.80000305175781,101.37326049804688,773000,0.0,0.0
2024-12-24 00:00:00-05:00,102.52999877929688,103.94000244140625,102.19000244140625,103.8499984741211,102.40867614746094,338300,0.0,0.0
2024-12-26 00:00:00-05:00,102.95999908447266,103.87999725341797,102.95999908447266,103.73999786376953,102.30020141601562,588000,0.0,0.0
2024-12-27 00:00:00-05:00,103.19999694824219,103.88999938964844,102.37999725341797,102.88999938964844,101.46202087402344,676500,0.0,0.0
2024-12-30 00:00:00-05:00,102.0,102.41999816894531,101.04000091552734,101.98999786376953,100.57450866699219,1080600,0.0,0.0
2024-12-31 00:00:00-05:00,102.1500015258789,102.55999755859375,101.55000305175781,102.0199966430664,100.60408020019531,716000,0.0,0.0
2025-01-02 00:00:00-05:00,102.88999938964844,102.88999938964844,100.18000030517578,100.54000091552734,99.14461517333984,1502200,0.0,0.0
2025-01-03 00:00:00-05:00,101.12000274658203,101.87000274658203,100.4000015258789,101.58999633789062,100.18003845214844,1066600,0.0,0.0
2025-01-06 00:00:00-05:00,101.62999725341797,101.9000015258789,100.58999633789062,100.91999816894531,99.51934814453125,1376800,0.0,0.0
2025-01-07 00:00:00-05:00,101.30999755859375,102.18000030517578,100.43000030517578,101.06999969482422,99.6672592163086,1543000,0.0,0.0
2025-01-08 00:00:00-05:00,101.62000274658203,103.1500015258789,101.30000305175781,102.52999877929688,101.10700988769531,1387300,0.0,0.0
2025-01-10 00:00:00-05:00,101.1500015258789,102.5199966430664,101.12999725341797,101.94999694824219,100.5350570678711,1902000,0.0,0.0
2025-01-13 00:00:00-05:00,101.04000091552734,102.98999786376953,100.7699966430664,102.55000305175781,101.12672424316406,1425200,0.0,0.0
2025-01-14 00:00:00-05:00,102.94000244140625,103.66999816894531,102.05999755859375,103.62999725341797,102.19174194335938,1263400,0.0,0.0
2025-01-15 00:00:00-05:00,104.33000183105469,104.62999725341797,102.91000366210938,103.68000030517578,102.24104309082031,1082100,0.0,0.0
2025-01-16 00:00:00-05:00,104.0999984741211,106.01000213623047,103.73999786376953,105.94999694824219,104.47954559326172,1176400,0.0,0.0
2025-01-17 00:00:00-05:00,106.16999816894531,106.31999969482422,105.23999786376953,105.55000305175781,104.08509826660156,4131000,0.0,0.0
2025-01-21 00:00:00-05:00,106.0,106.73999786376953,105.62000274658203,105.69000244140625,104.22315216064453,1841200,0.0,0.0
2025-01-22 00:00:00-05:00,106.05000305175781,106.05000305175781,105.02999877929688,105.19000244140625,103.73008728027344,1262500,0.0,0.0
2025-01-23 00:00:00-05:00,104.9000015258789,105.68000030517578,103.55999755859375,105.2300033569336,103.76953887939453,1595500,0.0,0.0
2025-01-24 00:00:00-05:00,104.69000244140625,106.22000122070312,104.44999694824219,106.0,104.52884674072266,1480200,0.0,0.0
2025-01-27 00:00:00-05:00,106.75,108.1500015258789,105.7300033569336,107.83999633789062,106.34331512451172,2277600,0.0,0.0
2025-01-28 00:00:00-05:00,109.05999755859375,109.05999755859375,104.2300033569336,105.0199966430664,103.56244659423828,2664700,0.0,0.0
2025-01-29 00:00:00-05:00,104.29000091552734,104.93000030517578,103.0,103.16999816894531,101.73812103271484,1632500,0.0,0.0
2025-01-30 00:00:00-05:00,104.29000091552734,105.5999984741211,103.31999969482422,105.45999908447266,103.99634552001953,1325700,0.0,0.0
2025-01-31 00:00:00-05:00,105.08999633789062,106.02999877929688,104.51000213623047,104.66000366210938,103.20745086669922,1782600,0.0,0.0
2025-02-03 00:00:00-05:00,103.94000244140625,105.88999938964844,103.54000091552734,105.54000091552734,104.07524108886719,1497700,0.0,0.0
2025-02-04 00:00:00-05:00,105.63999938964844,106.52999877929688,104.94999694824219,105.91000366210938,104.44010925292969,1506600,0.0,0.0
2025-02-05 00:00:00-05:00,106.5199966430664,106.97000122070312,105.6500015258789,106.79000091552734,105.45724487304688,1372400,0.15,0.0
2025-02-06 00:00:00-05:00,107.33000183105469,107.8499984741211,106.4000015258789,107.7699966430664,106.42501068115234,797700,0.0,0.0
2025-02-07 00:00:00-05:00,107.76000213623047,108.63999938964844,107.43000030517578,108.58000183105469,107.22490692138672,1934900,0.0,0.0
2025-02-10 00:00:00-05:00,108.3499984741211,109.1500015258789,107.63999938964844,108.91000366210938,107.55078887939453,2077200,0.0,0.0
2025-02-11 00:00:00-05:00,108.9000015258789,109.05000305175781,107.94999694824219,108.75,107.39277648925781,1226100,0.0,0.0
2025-02-12 00:00:00-05:00,107.72000122070312,109.47000122070312,107.62999725341797,109.29000091552734,107.92604064941406,1037000,0.0,0.0
2025-02-13 00:00:00-05:00,109.80000305175781,111.0199966430664,109.25,110.93000030517578,109.54557800292969,1466300,0.0,0.0
2025-02-14 00:00:00-05:00,110.7699966430664,111.18000030517578,110.0199966430664,110.5999984741211,109.21969604492188,1454000,0.0,0.0
2025-02-18 00:00:00-05:00,110.70999908447266,111.95999908447266,110.41000366210938,111.47000122070312,110.07884216308594,1447500,0.0,0.0
2025-02-19 00:00:00-05:00,111.33999633789062,112.3499984741211,111.05999755859375,112.30999755859375,110.9083480834961,1187500,0.0,0.0
2025-02-20 00:00:00-05:00,111.81999969482422,112.0999984741211,110.47000122070312,111.6500015258789,110.256591796875,1483100,0.0,0.0
2025-02-21 00:00:00-05:00,111.87999725341797,112.30999755859375,110.80000305175781,111.70999908447266,110.31584167480469,1714700,0.0,0.0
2025-02-24 00:00:00-05:00,111.95999908447266,113.19000244140625,111.56999969482422,112.5999984741211,111.19473266601562,1577900,0.0,0.0
2025-02-25 00:00:00-05:00,113.19999694824219,114.9000015258789,112.81999969482422,114.7699966430664,113.33765411376953,1271100,0.0,0.0
2025-02-26 00:00:00-05:00,114.80000305175781,115.33999633789062,114.20999908447266,114.79000091552734,113.35741424560547,1547200,0.0,0.0
2025-02-27 00:00:00-05:00,115.0,117.1500015258789,114.70999908447266,116.5,115.04606628417969,1324900,0.0,0.0
2025-02-28 00:00:00-05:00,117.16000366210938,118.80000305175781,116.68000030517578,118.54000091552734,117.06060028076172,2261900,0.0,0.0
2025-03-03 00:00:00-05:00,118.43000030517578,120.38999938964844,118.0,119.87000274658203,118.37400817871094,2204400,0.0,0.0
2025-03-04 00:00:00-05:00,119.68000030517578,120.61000061035156,118.83000183105469,119.16999816894531,117.68273162841797,2726100,0.0,0.0
2025-03-05 00:00:00-05:00,118.38999938964844,120.16000366210938,117.79000091552734,119.58999633789062,118.09749603271484,2257000,0.0,0.0
2025-03-06 00:00:00-05:00,118.5999984741211,119.0199966430664,117.05999755859375,118.70999908447266,117.22846984863281,1939100,0.0,0.0
2025-03-07 00:00:00-05:00,118.12000274658203,118.8499984741211,116.05999755859375,118.6500015258789,117.16923522949219,2405700,0.0,0.0
2025-03-10 00:00:00-04:00,117.98999786376953,121.25,117.8499984741211,119.62999725341797,118.13699340820312,2445800,0.0,0.0
2025-03-11 00:00:00-04:00,119.31999969482422,119.37000274658203,117.33999633789062,117.95999908447266,116.48783111572266,2337700,0.0,0.0
2025-03-12 00:00:00-04:00,117.93000030517578,118.05999755859375,115.51000213623047,117.27999877929688,115.81632232666016,2037200,0.0,0.0
2025-03-13 00:00:00-04:00,117.56999969482422,118.44000244140625,117.19000244140625,117.86000061035156,116.38909149169922,1900000,0.0,0.0
2025-03-14 00:00:00-04:00,118.3499984741211,119.11000061035156,117.66999816894531,118.19999694824219,116.72484588623047,2039500,0.0,0.0
2025-03-17 00:00:00-04:00,117.41000366210938,120.1500015258789,117.23999786376953,120.08000183105469,118.58138275146484,2053300,0.0,0.0
2025-03-18 00:00:00-04:00,119.87000274658203,120.77999877929688,119.04000091552734,119.19000244140625,117.7024917602539,1646200,0.0,0.0
2025-03-19 00:00:00-04:00,119.0199966430664,120.04000091552734,118.87999725341797,119.87999725341797,118.38387298583984,1446100,0.0,0.0
2025-03-20 00:00:00-04:00,119.69000244140625,120.97000122070312,119.12000274658203,119.80000305175781,118.30488586425781,1384500,0.0,0.0
2025-03-21 00:00:00-04:00,119.91000366210938,120.41999816894531,117.88999938964844,118.5199966430664,117.04084014892578,3022000,0.0,0.0
2025-03-24 00:00:00-04:00,119.38999938964844,121.30000305175781,119.02999877929688,120.9800033569336,119.47014617919922,1325300,0.0,0.0
2025-03-25 00:00:00-04:00,120.9800033569336,121.8499984741211,120.0199966430664,121.38999938964844,119.8750228881836,1138300,0.0,0.0
2025-03-26 00:00:00-04:00,121.94000244140625,122.61000061035156,121.43000030517578,121.7699966430664,120.25028228759766,903500,0.0,0.0
2025-03-27 00:00:00-04:00,122.26000213623047,123.23999786376953,121.41999816894531,122.9000015258789,121.36619567871094,1232700,0.0,0.0
2025-03-28 00:00:00-04:00,122.9000015258789,123.1500015258789,121.83000183105469,122.93000030517578,121.39582061767578,1650500,0.0,0.0
2025-03-31 00:00:00-04:00,123.58999633789062,124.97000122070312,123.02999877929688,124.4000015258789,122.84747314453125,1872900,0.0,0.0
2025-04-01 00:00:00-04:00,123.9800033569336,125.68000030517578,123.27999877929688,124.11000061035156,122.56108856201172,2289600,0.0,0.0
2025-04-02 00:00:00-04:00,123.25,124.51000213623047,122.1500015258789,124.2300033569336,122.67959594726562,2024400,0.0,0.0
2025-04-03 00:00:00-04:00,123.43000030517578,125.68000030517578,123.0999984741211,124.43000030517578,122.8770980834961,1994600,0.0,0.0
2025-04-04 00:00:00-04:00,122.38999938964844,124.13999938964844,114.72000122070312,115.01000213623047,113.57466888427734,2809400,0.0,0.0
2025-04-07 00:00:00-04:00,113.83000183105469,114.95999908447266,109.41999816894531,112.66999816894531,111.26385498046875,3560500,0.0,0.0
2025-04-08 00:00:00-04:00,116.05999755859375,117.05000305175781,110.83000183105469,112.41000366210938,111.00711059570312,1892200,0.0,0.0
2025-04-09 00:00:00-04:00,111.22000122070312,117.16999816894531,109.97000122070312,116.63999938964844,115.18431854248047,2489500,0.0,0.0
2025-04-10 00:00:00-04:00,116.7300033569336,118.87999725341797,114.69000244140625,117.26000213623047,115.79658508300781,2482700,0.0,0.0
2025-04-11 00:00:00-04:00,117.27999877929688,118.91000366210938,115.73999786376953,118.86000061035156,117.3766098022461,2036000,0.0,0.0
2025-04-14 00:00:00-04:00,120.19999694824219,121.69999694824219,119.27999877929688,120.9000015258789,119.39115142822266,1559800,0.0,0.0
2025-04-15 00:00:00-04:00,121.12000274658203,121.58999633789062,119.37999725341797,119.52999877929688,118.03824615478516,1866000,0.0,0.0
2025-04-16 00:00:00-04:00,120.4000015258789,120.86000061035156,118.18000030517578,118.80000305175781,117.3173599243164,1207700,0.0,0.0
2025-04-17 00:00:00-04:00,118.55000305175781,118.73999786376953,117.08000183105469,117.22000122070312,115.757080078125,1795500,0.0,0.0
2025-04-21 00:00:00-04:00,116.83999633789062,117.30000305175781,111.94999694824219,113.41999816894531,112.0044937133789,1722300,0.0,0.0
2025-04-22 00:00:00-04:00,115.51000213623047,117.72000122070312,114.3499984741211,117.55999755859375,116.09282684326172,1525000,0.0,0.0
2025-04-23 00:00:00-04:00,117.72000122070312,119.05999755859375,117.19000244140625,118.19999694824219,116.72484588623047,1933100,0.0,0.0
2025-04-24 00:00:00-04:00,117.44999694824219,118.0199966430664,116.06999969482422,117.76000213623047,116.29033660888672,1150200,0.0,0.0
2025-04-25 00:00:00-04:00,116.0199966430664,116.41000366210938,111.0199966430664,114.44000244140625,113.01177978515625,3085500,0.0,0.0
2025-04-28 00:00:00-04:00,115.0,115.44999694824219,113.93000030517578,114.87999725341797,113.44627380371094,2106700,0.0,0.0
2025-04-29 00:00:00-04:00,107.68000030517578,109.56999969482422,105.29000091552734,107.98999786376953,106.64226531982422,3284800,0.0,0.0
2025-04-30 00:00:00-04:00,107.9800033569336,110.69999694824219,106.37000274658203,110.5999984741211,109.21969604492188,3337000,0.0,0.0
2025-05-01 00:00:00-04:00,111.04000091552734,111.04000091552734,108.87999725341797,109.0199966430664,107.65940856933594,2201600,0.0,0.0
2025-05-02 00:00:00-04:00,110.3499984741211,110.93000030517578,109.44000244140625,110.56999969482422,109.19007110595703,1616000,0.0,0.0
2025-05-05 00:00:00-04:00,109.75,110.69999694824219,108.88999938964844,110.4000015258789,109.0221939086914,1584900,0.0,0.0
2025-05-06 00:00:00-04:00,110.08999633789062,111.06999969482422,109.51000213623047,110.37999725341797,109.00244140625,1175400,0.0,0.0
2025-05-07 00:00:00-04:00,110.45999908447266,111.81999969482422,110.45999908447266,111.20999908447266,109.82208251953125,1372900,0.0,0.0
2025-05-08 00:00:00-04:00,111.93000030517578,112.94999694824219,111.37999725341797,111.52999877929688,110.1380844116211,1347200,0.0,0.0
2025-05-09 00:00:00-04:00,111.4800033569336,111.72000122070312,110.66999816894531,111.31999969482422,109.93070220947266,922400,0.0,0.0
2025-05-12 00:00:00-04:00,112.55000305175781,112.55000305175781,108.91000366210938,110.76000213623047,109.52528381347656,1574800,0.15,0.0
2025-05-13 00:00:00-04:00,110.37999725341797,111.04000091552734,108.94999694824219,109.0199966430664,107.80467987060547,1645500,0.0,0.0
2025-05-14 00:00:00-04:00,109.26000213623047,109.61000061035156,107.0999984741211,108.2699966430664,107.06304168701172,1550000,0.0,0.0
2025-05-15 00:00:00-04:00,108.77999877929688,110.69999694824219,108.29000091552734,110.55999755859375,109.3275146484375,1692200,0.0,0.0
2025-05-16 00:00:00-04:00,110.58000183105469,111.83000183105469,110.47000122070312,111.7699966430664,110.5240249633789,1320700,0.0,0.0
2025-05-19 00:00:00-04:00,111.94000244140625,112.56999969482422,111.26000213623047,112.0,110.75145721435547,1539700,0.0,0.0
2025-05-20 00:00:00-04:00,111.68000030517578,112.61000061035156,111.47000122070312,112.44999694824219,111.1964340209961,1928300,0.0,0.0
2025-05-21 00:00:00-04:00,112.2699966430664,113.66999816894531,110.62999725341797,110.98999786376953,109.75271606445312,2345100,0.0,0.0
2025-05-22 00:00:00-04:00,111.12999725341797,111.37999725341797,109.69000244140625,110.43000030517578,109.19895935058594,1288900,0.0,0.0
2025-05-23 00:00:00-04:00,110.37000274658203,111.36000061035156,109.76000213623047,110.81999969482422,109.5846176147461,1210500,0.0,0.0
2025-05-27 00:00:00-04:00,111.3499984741211,112.20999908447266,110.2699966430664,112.08000183105469,110.83057403564453,1503500,0.0,0.0
2025-05-28 00:00:00-04:00,111.44000244140625,112.30000305175781,110.7699966430664,110.87000274658203,109.6340560913086,1268600,0.0,0.0
2025-05-29 00:00:00-04:00,110.63999938964844,111.83000183105469,110.41999816894531,111.69999694824219,110.45480346679688,1329800,0.0,0.0
2025-05-30 00:00:00-04:00,111.0199966430664,113.2300033569336,111.0199966430664,112.9000015258789,111.64141845703125,2048800,0.0,0.0
2025-06-02 00:00:00-04:00,111.56999969482422,113.44000244140625,111.30999755859375,113.4000015258789,112.13585662841797,1028600,0.0,0.0
2025-06-03 00:00:00-04:00,113.5999984741211,113.83999633789062,110.80000305175781,112.5999984741211,111.34476470947266,805600,0.0,0.0
2025-06-04 00:00:00-04:00,112.77999877929688,112.83999633789062,111.05999755859375,111.18000030517578,109.94060516357422,960400,0.0,0.0
2025-06-05 00:00:00-04:00,111.62999725341797,111.62999725341797,109.20999908447266,110.02999877929688,108.80342102050781,1302900,0.0,0.0
2025-06-06 00:00:00-04:00,110.95999908447266,111.51000213623047,110.25,110.56999969482422,109.33740234375,829000,0.0,0.0
2025-06-09 00:00:00-04:00,110.13999938964844,110.13999938964844,105.79000091552734,107.86000061035156,106.6576156616211,1751800,0.0,0.0
2025-06-10 00:00:00-04:00,108.01000213623047,108.19999694824219,104.05999755859375,105.48999786376953,104.31402587890625,4275100,0.0,0.0
2025-06-11 00:00:00-04:00,103.30000305175781,104.9800033569336,101.98999786376953,104.4800033569336,103.31529998779297,21303300,0.0,0.0
2025-06-12 00:00:00-04:00,105.02999877929688,107.0999984741211,104.36000061035156,106.80000305175781,105.60942840576172,8472100,0.0,0.0
2025-06-13 00:00:00-04:00,107.3499984741211,108.12999725341797,106.1500015258789,106.62000274658203,105.43143463134766,7837700,0.0,0.0
2025-06-16 00:00:00-04:00,106.80000305175781,107.52999877929688,106.08999633789062,107.12999725341797,105.93574523925781,3467900,0.0,0.0
2025-06-17 00:00:00-04:00,106.54000091552734,108.81999969482422,106.30999755859375,108.12000274658203,106.91471862792969,4505600,0.0,0.0
2025-06-18 00:00:00-04:00,108.3499984741211,109.0,107.80999755859375,108.29000091552734,107.08282470703125,3705500,0.0,0.0
2025-06-20 00:00:00-04:00,108.79000091552734,109.79000091552734,108.13999938964844,108.63999938964844,107.42891693115234,4338300,0.0,0.0
2025-06-23 00:00:00-04:00,108.88999938964844,110.95999908447266,108.30000305175781,110.91999816894531,109.68350219726562,4046600,0.0,0.0
2025-06-24 00:00:00-04:00,111.05999755859375,111.0999984741211,108.8499984741211,110.94999694824219,109.7131576538086,3772200,0.0,0.0
2025-06-25 00:00:00-04:00,110.56999969482422,110.9000015258789,107.95999908447266,108.37999725341797,107.17181396484375,3104100,0.0,0.0
2025-06-26 00:00:00-04:00,108.62999725341797,109.58000183105469,107.87999725341797,109.2699966430664,108.05188751220703,4156700,0.0,0.0
2025-06-27 00:00:00-04:00,109.3499984741211,110.80000305175781,109.1500015258789,109.58000183105469,108.35843658447266,12691500,0.0,0.0
2025-06-30 00:00:00-04:00,109.37999725341797,111.08999633789062,109.16000366210938,110.87000274658203,109.6340560913086,3814000,0.0,0.0
2025-07-01 00:00:00-04:00,110.9800033569336,111.01000213623047,107.66999816894531,108.93000030517578,107.71568298339844,5379800,0.0,0.0
2025-07-02 00:00:00-04:00,108.30999755859375,108.79000091552734,105.97000122070312,107.80999755859375,106.60816955566406,10207700,0.0,0.0
2025-07-03 00:00:00-04:00,108.69999694824219,108.75,107.69000244140625,108.69999694824219,107.48823547363281,2979800,0.0,0.0
2025-07-07 00:00:00-04:00,108.38999938964844,108.66000366210938,107.31999969482422,107.80999755859375,106.60816955566406,3500800,0.0,0.0
2025-07-08 00:00:00-04:00,106.98999786376953,108.02999877929688,106.80000305175781,107.25,106.05440521240234,3346700,0.0,0.0
2025-07-09 00:00:00-04:00,107.41000366210938,108.2300033569336,106.62999725341797,108.12999725341797,106.92459869384766,2739300,0.0,0.0
2025-07-10 00:00:00-04:00,107.9800033569336,108.36000061035156,107.05000305175781,107.80999755859375,106.60816955566406,3007500,0.0,0.0
2025-07-11 00:00:00-04:00,107.72000122070312,107.94000244140625,106.56999969482422,106.75,105.55997467041016,2415800,0.0,0.0
2025-07-14 00:00:00-04:00,106.94000244140625,108.2300033569336,106.33000183105469,107.9800033569336,106.77627563476562,2146100,0.0,0.0
2025-07-15 00:00:00-04:00,107.58999633789062,108.08000183105469,106.20999908447266,106.25,105.06555938720703,2251400,0.0,0.0
2025-07-16 00:00:00-04:00,106.72000122070312,106.7300033569336,104.4000015258789,104.97000122070312,103.7998275756836,3438100,0.0,0.0
2025-07-17 00:00:00-04:00,104.73999786376953,105.05999755859375,103.79000091552734,104.12999725341797,102.96918487548828,3340000,0.0,0.0
2025-07-18 00:00:00-04:00,104.2300033569336,104.97000122070312,103.58000183105469,103.83999633789062,102.68241882324219,1973200,0.0,0.0
2025-07-21 00:00:00-04:00,103.55000305175781,104.06999969482422,102.44000244140625,102.48999786376953,101.34747314453125,2133900,0.0,0.0
2025-07-22 00:00:00-04:00,102.55000305175781,103.58000183105469,102.36000061035156,103.23999786376953,102.08910369873047,1938800,0.0,0.0
2025-07-23 00:00:00-04:00,103.56999969482422,103.62999725341797,102.4000015258789,103.18000030517578,102.02978515625,2730600,0.0,0.0
2025-07-24 00:00:00-04:00,102.69000244140625,103.5999984741211,102.69000244140625,102.77999877929688,101.63423919677734,3160900,0.0,0.0
2025-07-25 00:00:00-04:00,103.19999694824219,104.25,103.13999938964844,103.37999725341797,102.22754669189453,3136300,0.0,0.0
2025-07-28 00:00:00-04:00,104.0999984741211,104.0999984741211,102.47000122070312,102.58000183105469,101.43647766113281,4150100,0.0,0.0
2025-07-29 00:00:00-04:00,97.27999877929688,98.0999984741211,91.55000305175781,91.91000366210938,90.88542175292969,10471500,0.0,0.0
2025-07-30 00:00:00-04:00,94.0,94.5,91.61000061035156,92.94000244140625,91.90394592285156,7490300,0.0,0.0
2025-07-31 00:00:00-04:00,91.9800033569336,92.98999786376953,91.0,91.37000274658203,90.35143280029297,5835200,0.0,0.0
2025-08-01 00:00:00-04:00,92.0,92.54000091552734,90.55000305175781,92.23999786376953,91.21173095703125,3540400,0.0,0.0
2025-08-04 00:00:00-04:00,92.25,93.12999725341797,91.9000015258789,92.69999694824219,91.6666030883789,3981600,0.0,0.0
2025-08-05 00:00:00-04:00,92.6500015258789,93.08999633789062,91.5999984741211,91.66999816894531,90.64808654785156,3319200,0.0,0.0
2025-08-06 00:00:00-04:00,91.55000305175781,91.86000061035156,90.37999725341797,91.80000305175781,90.77664184570312,3344200,0.0,0.0
2025-08-07 00:00:00-04:00,92.05999755859375,93.13999938964844,91.51000213623047,92.51000213623047,91.47872924804688,4129300,0.0,0.0
2025-08-08 00:00:00-04:00,92.86000061035156,93.77999877929688,92.41000366210938,93.6500015258789,92.60601806640625,3643500,0.0,0.0
2025-08-11 00:00:00-04:00,93.94999694824219,94.66999816894531,93.70999908447266,94.5999984741211,93.54542541503906,2980000,0.0,0.0
2025-08-12 00:00:00-04:00,94.75,94.94999694824219,93.87000274658203,94.76000213623047,93.70365142822266,2642900,0.0,0.0
2025-08-13 00:00:00-04:00,94.62999725341797,96.12000274658203,94.44000244140625,95.91000366210938,94.99119567871094,2550500,0.15,0.0
2025-08-14 00:00:00-04:00,96.16000366210938,96.16000366210938,94.56999969482422,95.12999725341797,94.2186508178711,2597800,0.0,0.0
2025-08-15 00:00:00-04:00,95.62000274658203,96.19999694824219,95.22000122070312,95.33999633789062,94.42664337158203,3943600,0.0,0.0
2025-08-18 00:00:00-04:00,95.37000274658203,95.5999984741211,94.58999633789062,94.94999694824219,94.0403823852539,2878600,0.0,0.0
2025-08-19 00:00:00-04:00,95.44999694824219,96.91000366210938,95.33999633789062,96.87999725341797,95.95189666748047,1518700,0.0,0.0
2025-08-20 00:00:00-04:00,96.86000061035156,98.30000305175781,96.5999984741211,96.79000091552734,95.86276245117188,2573700,0.0,0.0
2025-08-21 00:00:00-04:00,96.5199966430664,96.9800033569336,95.77999877929688,96.4000015258789,95.47650146484375,2248200,0.0,0.0
2025-08-22 00:00:00-04:00,97.02999877929688,97.38999938964844,96.52999877929688,96.66000366210938,95.7340087890625,1593800,0.0,0.0
2025-08-25 00:00:00-04:00,96.18000030517578,97.7300033569336,95.69999694824219,96.72000122070312,95.7934341430664,2732000,0.0,0.0
2025-08-26 00:00:00-04:00,96.55000305175781,96.8499984741211,95.30999755859375,96.05000305175781,95.1298599243164,3824500,0.0,0.0
2025-08-27 00:00:00-04:00,96.0,96.98999786376953,95.93000030517578,96.0999984741211,95.17936706542969,2120000,0.0,0.0
2025-08-28 00:00:00-04:00,96.02999877929688,96.2699966430664,95.1500015258789,96.22000122070312,95.2982177734375,1548800,0.0,0.0
2025-08-29 00:00:00-04:00,96.4000015258789,97.48999786376953,96.29000091552734,96.94999694824219,96.02122497558594,1755300,0.0,0.0
2025-09-02 00:00:00-04:00,96.79000091552734,97.1500015258789,94.47000122070312,95.43000030517578,94.51577758789062,2455900,0.0,0.0
2025-09-03 00:00:00-04:00,95.2699966430664,95.44000244140625,94.58999633789062,95.29000091552734,94.37712860107422,1768500,0.0,0.0
2025-09-04 00:00:00-04:00,95.43000030517578,95.5999984741211,94.37000274658203,95.48999786376953,94.57520294189453,2188700,0.0,0.0
2025-09-05 00:00:00-04:00,95.45999908447266,96.12999725341797,94.1500015258789,94.79000091552734,93.88191986083984,1378800,0.0,0.0
2025-09-08 00:00:00-04:00,94.66999816894531,95.45999908447266,94.02999877929688,95.3499984741211,94.4365463256836,2518200,0.0,0.0
2025-09-09 00:00:00-04:00,95.13999938964844,95.2699966430664,93.44000244140625,93.47000122070312,92.5745620727539,1767900,0.0,0.0
2025-09-10 00:00:00-04:00,92.83999633789062,93.48999786376953,92.04000091552734,92.5,91.61385345458984,2710600,0.0,0.0
2025-09-11 00:00:00-04:00,92.48999786376953,94.30999755859375,92.48999786376953,94.23999786376953,93.33718872070312,3147200,0.0,0.0
2025-09-12 00:00:00-04:00,93.83000183105469,94.45999908447266,93.45999908447266,93.54000091552734,92.64389038085938,1463600,0.0,0.0
2025-09-15 00:00:00-04:00,93.43000030517578,93.93000030517578,90.79000091552734,90.87999725341797,90.0093765258789,1910300,0.0,0.0
2025-09-16 00:00:00-04:00,90.62999725341797,91.47000122070312,89.98999786376953,90.91999816894531,90.04899597167969,2231000,0.0,0.0
2025-09-17 00:00:00-04:00,91.56999969482422,93.30000305175781,91.56999969482422,92.20999908447266,91.32662963867188,3282800,0.0,0.0
2025-09-18 00:00:00-04:00,91.69000244140625,92.9000015258789,91.69000244140625,91.87000274658203,90.9898910522461,3189400,0.0,0.0
2025-09-19 00:00:00-04:00,92.31999969482422,92.45999908447266,91.30000305175781,91.7300033569336,90.85123443603516,6468400,0.0,0.0
2025-09-22 00:00:00-04:00,91.61000061035156,92.63999938964844,91.30999755859375,92.5999984741211,91.712890625,3422300,0.0,0.0
2025-09-23 00:00:00-04:00,92.38999938964844,93.04000091552734,91.55000305175781,92.19000244140625,91.30682373046875,2210400,0.0,0.0
2025-09-24 00:00:00-04:00,91.55000305175781,93.51000213623047,91.47000122070312,93.22000122070312,92.32695770263672,2557700,0.0,0.0
2025-09-25 00:00:00-04:00,93.55000305175781,94.0,91.80000305175781,92.6500015258789,91.76242065429688,2001300,0.0,0.0
2025-09-26 00:00:00-04:00,93.1500015258789,94.12000274658203,92.79000091552734,93.77999877929688,92.881591796875,2042700,0.0,0.0
2025-09-29 00:00:00-04:00,93.77999877929688,93.77999877929688,92.7300033569336,93.0199966430664,92.12887573242188,2358400,0.0,0.0
2025-09-30 00:00:00-04:00,92.73999786376953,94.29000091552734,92.22000122070312,93.79000091552734,92.89149475097656,2744900,0.0,0.0
2025-10-01 00:00:00-04:00,94.12000274658203,94.16000366210938,92.52999877929688,92.76000213623047,91.87136840820312,2592500,0.0,0.0
2025-10-02 00:00:00-04:00,92.5999984741211,93.87000274658203,91.61000061035156,93.44999694824219,92.55475616455078,2107800,0.0,0.0
2025-10-03 00:00:00-04:00,93.22000122070312,95.26000213623047,92.88999938964844,94.94999694824219,94.0403823852539,1571400,0.0,0.0
2025-10-06 00:00:00-04:00,94.41999816894531,94.83000183105469,93.9000015258789,94.44000244140625,93.53527069091797,2155700,0.0,0.0
2025-10-07 00:00:00-04:00,94.61000061035156,95.5999984741211,94.61000061035156,95.55000305175781,94.63463592529297,2526700,0.0,0.0
2025-10-08 00:00:00-04:00,95.63999938964844,96.55000305175781,95.0199966430664,95.95999908447266,95.04071044921875,2734700,0.0,0.0
2025-10-09 00:00:00-04:00,95.80999755859375,96.02999877929688,94.88999938964844,95.5,94.5851058959961,2977700,0.0,0.0
2025-10-10 00:00:00-04:00,96.0,96.12999725341797,95.0199966430664,95.94000244140625,95.02091217041016,3240900,0.0,0.0
2025-10-13 00:00:00-04:00,94.97000122070312,95.69000244140625,94.45999908447266,94.4800033569336,93.57489013671875,3021400,0.0,0.0
2025-10-14 00:00:00-04:00,94.55999755859375,94.95999908447266,93.80000305175781,94.7699966430664,93.86210632324219,1902400,0.0,0.0
2025-10-15 00:00:00-04:00,93.88999938964844,95.25,93.16999816894531,93.97000122070312,93.06977081298828,1831200,0.0,0.0
2025-10-16 00:00:00-04:00,92.44999694824219,92.91000366210938,87.38999938964844,87.41999816894531,86.58251953125,4699200,0.0,0.0
2025-10-17 00:00:00-04:00,87.45999908447266,88.3499984741211,87.26000213623047,87.91000366210938,87.06783294677734,3279400,0.0,0.0
2025-10-20 00:00:00-04:00,87.91000366210938,87.94000244140625,86.79000091552734,87.5199966430664,86.68156433105469,2264500,0.0,0.0
2025-10-21 00:00:00-04:00,87.87000274658203,89.25,87.27999877929688,88.27999877929688,87.43428039550781,3970700,0.0,0.0
2025-10-22 00:00:00-04:00,87.54000091552734,89.3499984741211,87.30000305175781,89.19999694824219,88.34546661376953,2820000,0.0,0.0
2025-10-23 00:00:00-04:00,90.11000061035156,90.45999908447266,88.31999969482422,88.7699966430664,87.91958618164062,2572800,0.0,0.0
2025-10-24 00:00:00-04:00,88.93000030517578,89.26000213623047,87.97000122070312,88.0,87.15696716308594,2063900,0.0,0.0
2025-10-27 00:00:00-04:00,88.4800033569336,89.05000305175781,87.25,87.76000213623047,86.91926574707031,3667600,0.0,0.0
2025-10-28 00:00:00-04:00,86.75,86.75,81.38999938964844,82.37999725341797,81.59080505371094,7393600,0.0,0.0
2025-10-29 00:00:00-04:00,82.4000015258789,82.4000015258789,79.68000030517578,80.30000305175781,79.53073120117188,5728900,0.0,0.0
2025-10-30 00:00:00-04:00,80.27999877929688,81.55999755859375,80.26000213623047,80.44999694824219,79.67928314208984,4075300,0.0,0.0
2025-10-31 00:00:00-04:00,79.41999816894531,80.33999633789062,79.30000305175781,79.73999786376953,78.97608947753906,4256900,0.0,0.0
2025-11-03 00:00:00-05:00,78.77999877929688,78.94999694824219,76.95999908447266,77.81999969482422,77.0744857788086,4180900,0.0,0.0
2025-11-04 00:00:00-05:00,77.58000183105469,79.0999984741211,77.58000183105469,78.98999786376953,78.23328399658203,4574800,0.0,0.0
2025-11-05 00:00:00-05:00,78.80000305175781,79.19999694824219,77.83000183105469,77.83999633789062,77.25566864013672,2866700,0.165,0.0
2025-11-06 00:00:00-05:00,76.9800033569336,77.7699966430664,76.16999816894531,76.41999816894531,75.84632873535156,2429000,0.0,0.0
2025-11-07 00:00:00-05:00,76.83999633789062,79.0,76.58000183105469,78.54000091552734,77.95042419433594,2560800,0.0,0.0
2025-11-10 00:00:00-05:00,77.88999938964844,79.08000183105469,76.95999908447266,78.51000213623047,77.92064666748047,2908600,0.0,0.0
2025-11-11 00:00:00-05:00,78.81999969482422,80.18000030517578,78.25,80.04000091552734,79.43915557861328,2221400,0.0,0.0
2025-11-12 00:00:00-05:00,79.88999938964844,80.66999816894531,79.54000091552734,80.19999694824219,79.59795379638672,2495900,0.0,0.0
2025-11-13 00:00:00-05:00,80.19999694824219,81.37999725341797,79.9000015258789,80.05999755859375,79.4590072631836,2505600,0.0,0.0
2025-11-14 00:00:00-05:00,80.4000015258789,81.4800033569336,79.66999816894531,80.69999694824219,80.09419250488281,2521400,0.0,0.0
2025-11-17 00:00:00-05:00,80.70999908447266,81.1500015258789,80.0199966430664,80.70999908447266,80.1041259765625,2446200,0.0,0.0
2025-11-18 00:00:00-05:00,81.13999938964844,82.02999877929688,79.61000061035156,79.93000030517578,79.3299789428711,2602200,0.0,0.0
2025-11-19 00:00:00-05:00,80.08999633789062,80.91000366210938,78.08999633789062,78.80999755859375,78.21839141845703,2291200,0.0,0.0
2025-11-20 00:00:00-05:00,78.56999969482422,79.98999786376953,78.36000061035156,79.62000274658203,79.02230834960938,2741500,0.0,0.0
2025-11-21 00:00:00-05:00,80.0,81.18000030517578,79.2300033569336,80.31999969482422,79.71705627441406,2297400,0.0,0.0
2025-11-24 00:00:00-05:00,80.31999969482422,80.4000015258789,79.0,79.25,78.65509033203125,2783800,0.0,0.0
2025-11-25 00:00:00-05:00,79.70999908447266,80.55000305175781,79.38999938964844,80.51000213623047,79.90562438964844,1744400,0.0,0.0
2025-11-26 00:00:00-05:00,80.58000183105469,81.31999969482422,80.05000305175781,80.44999694824219,79.84607696533203,1365300,0.0,0.0
2025-11-28 00:00:00-05:00,80.44999694824219,81.12000274658203,80.0999984741211,80.43000030517578,79.82623291015625,1051100,0.0,0.0
2025-12-01 00:00:00-05:00,80.4000015258789,82.25,80.4000015258789,81.18000030517578,80.57061004638672,3065900,0.0,0.0
2025-12-02 00:00:00-05:00,81.33000183105469,81.72000122070312,79.73999786376953,79.83999633789062,79.24065399169922,2030100,0.0,0.0
2025-12-03 00:00:00-05:00,79.95999908447266,80.63999938964844,79.30000305175781,79.6500015258789,79.05208587646484,1681700,0.0,0.0
2025-12-04 00:00:00-05:00,79.87999725341797,80.51000213623047,79.06999969482422,79.63999938964844,79.04216003417969,2249500,0.0,0.0
2025-12-05 00:00:00-05:00,79.8499984741211,79.86000061035156,77.62999725341797,78.37000274658203,77.78170013427734,2123900,0.0,0.0
2025-12-08 00:00:00-05:00,77.94999694824219,78.44000244140625,77.0999984741211,77.63999938964844,77.05717468261719,2813900,0.0,0.0
2025-12-09 00:00:00-05:00,78.41999816894531,79.05000305175781,77.66999816894531,78.41000366210938,77.82140350341797,2395100,0.0,0.0
2025-12-10 00:00:00-05:00,78.20999908447266,78.55000305175781,76.80999755859375,77.51000213623047,76.92815399169922,2144400,0.0,0.0
2025-12-11 00:00:00-05:00,78.05000305175781,79.79000091552734,78.05000305175781,79.55000305175781,78.95284271240234,2603400,0.0,0.0
2025-12-12 00:00:00-05:00,79.80999755859375,81.69000244140625,79.55999755859375,81.62000274658203,81.0073013305664,2675600,0.0,0.0
2025-12-15 00:00:00-05:00,81.73999786376953,82.37999725341797,81.51000213623047,82.33000183105469,81.71196746826172,2715500,0.0,0.0
2025-12-16 00:00:00-05:00,82.45999908447266,82.58000183105469,80.4000015258789,80.97000122070312,80.36217498779297,2824900,0.0,0.0
2025-12-17 00:00:00-05:00,80.5999984741211,81.73999786376953,80.23999786376953,80.62000274658203,80.01480102539062,1842000,0.0,0.0
2025-12-18 00:00:00-05:00,80.44999694824219,81.5199966430664,80.04000091552734,81.06999969482422,80.46143341064453,2192700,0.0,0.0
2025-12-19 00:00:00-05:00,80.86000061035156,81.56999969482422,80.13999938964844,80.18000030517578,79.57810974121094,7216300,0.0,0.0
2025-12-22 00:00:00-05:00,79.8499984741211,81.16999816894531,79.7699966430664,80.37000274658203,79.76668548583984,2790200,0.0,0.0
2025-12-23 00:00:00-05:00,80.5,80.52999877929688,79.16999816894531,79.95999908447266,79.35975646972656,2948700,0.0,0.0
2025-12-24 00:00:00-05:00,79.8499984741211,80.94000244140625,79.6500015258789,80.81999969482422,80.21329498291016,1109200,0.0,0.0
2025-12-26 00:00:00-05:00,80.51000213623047,81.0,80.33999633789062,80.77999877929688,80.17359924316406,1105900,0.0,0.0
2025-12-29 00:00:00-05:00,80.95999908447266,81.47000122070312,80.62000274658203,80.86000061035156,80.25299835205078,1651800,0.0,0.0
2025-12-30 00:00:00-05:00,80.62999725341797,81.04000091552734,80.01000213623047,80.22000122070312,79.61780548095703,2185600,0.0,0.0
2025-12-31 00:00:00-05:00,79.97000122070312,80.44000244140625,79.5199966430664,79.69999694824219,79.1017074584961,1760100,0.0,0.0
2026-01-02 00:00:00-05:00,79.7699966430664,79.7699966430664,77.3499984741211,77.62000274658203,77.03732299804688,2651600,0.0,0.0
2026-01-05 00:00:00-05:00,77.30000305175781,80.47000122070312,77.1500015258789,79.91999816894531,79.32005310058594,3968900,0.0,0.0
2026-01-06 00:00:00-05:00,79.5999984741211,80.76000213623047,79.33000183105469,80.2699966430664,79.66742706298828,2909100,0.0,0.0
2026-01-07 00:00:00-05:00,80.1500015258789,80.9000015258789,77.86000061035156,78.80999755859375,78.21839141845703,2401700,0.0,0.0
2026-01-08 00:00:00-05:00,79.4800033569336,81.25,78.58999633789062,80.58999633789062,79.98502349853516,3004800,0.0,0.0
2026-01-09 00:00:00-05:00,80.66999816894531,80.9000015258789,79.6500015258789,80.63999938964844,80.0346450805664,2231900,0.0,0.0
2026-01-12 00:00:00-05:00,80.63999938964844,80.76000213623047,79.05999755859375,79.61000061035156,79.01238250732422,2923100,0.0,0.0
2026-01-13 00:00:00-05:00,79.54000091552734,79.9800033569336,77.94999694824219,79.05999755859375,78.46651458740234,2879900,0.0,0.0
2026-01-14 00:00:00-05:00,79.22000122070312,80.41999816894531,78.81999969482422,79.43000030517578,78.833740234375,2838500,0.0,0.0
2026-01-15 00:00:00-05:00,79.37999725341797,79.88999938964844,78.54000091552734,79.75,79.15132904052734,2101500,0.0,0.0
2026-01-16 00:00:00-05:00,79.4000015258789,80.20999908447266,79.0,80.01000213623047,79.40938568115234,1978900,0.0,0.0
2026-01-20 00:00:00-05:00,79.52999877929688,79.95999908447266,78.58999633789062,79.11000061035156,78.51614379882812,2951100,0.0,0.0
2026-01-21 00:00:00-05:00,79.22000122070312,79.9800033569336,76.30999755859375,78.06999969482422,77.48394012451172,2914400,0.0,0.0
2026-01-22 00:00:00-05:00,77.62000274658203,78.69999694824219,77.5199966430664,78.62000274658203,78.02982330322266,2747400,0.0,0.0
2026-01-23 00:00:00-05:00,77.98999786376953,79.33999633789062,77.98999786376953,79.18000030517578,78.58561706542969,2734400,0.0,0.0
2026-01-26 00:00:00-05:00,79.3499984741211,80.20999908447266,78.77999877929688,79.62000274658203,79.02230834960938,2836000,0.0,0.0
2026-01-27 00:00:00-05:00,74.30000305175781,76.18000030517578,73.0999984741211,74.12000274658203,73.5635986328125,6471300,0.0,0.0
2026-01-28 00:00:00-05:00,73.36000061035156,74.62999725341797,71.80999755859375,72.0999984741211,71.55875396728516,3600000,0.0,0.0
2026-01-29 00:00:00-05:00,72.70999908447266,74.05000305175781,71.4800033569336,72.0999984741211,71.55875396728516,3512500,0.0,0.0
2026-01-30 00:00:00-05:00,72.2699966430664,72.58999633789062,71.31999969482422,72.0999984741211,71.55875396728516,4472300,0.0,0.0
2026-02-02 00:00:00-05:00,72.26000213623047,73.11000061035156,70.91999816894531,71.30000305175781,70.7647705078125,3096800,0.0,0.0
2026-02-03 00:00:00-05:00,71.0,72.25,70.44999694824219,71.95999908447266,71.41980743408203,3553900,0.0,0.0
2026-02-04 00:00:00-05:00,71.76000213623047,74.76000213623047,71.33000183105469,74.02999877929688,73.64313507080078,3065900,0.165,0.0
2026-02-05 00:00:00-05:00,74.87000274658203,75.27999877929688,72.41999816894531,72.66999816894531,72.29023742675781,3121900,0.0,0.0
2026-02-06 00:00:00-05:00,73.02999877929688,74.12000274658203,72.91000366210938,73.77999877929688,73.39443969726562,2275000,0.0,0.0
2026-02-09 00:00:00-05:00,73.51000213623047,73.98999786376953,68.45999908447266,68.66999816894531,68.31114196777344,5035400,0.0,0.0
2026-02-10 00:00:00-05:00,69.11000061035156,70.05999755859375,67.43000030517578,67.61000061035156,67.25667572021484,5264500,0.0,0.0
2026-02-11 00:00:00-05:00,67.16999816894531,67.51000213623047,65.68000030517578,67.0199966430664,66.66976165771484,7337700,0.0,0.0
2026-02-12 00:00:00-05:00,68.88999938964844,69.66999816894531,67.04000091552734,69.52999877929688,69.1666488647461,6743500,0.0,0.0
2026-02-13 00:00:00-05:00,69.68000030517578,70.62000274658203,68.02999877929688,68.47000122070312,68.11219024658203,5035400,0.0,0.0
2026-02-17 00:00:00-05:00,68.94000244140625,70.0999984741211,68.45999908447266,68.83000183105469,68.47030639648438,5252600,0.0,0.0
2026-02-18 00:00:00-05:00,68.8499984741211,69.86000061035156,68.37999725341797,69.69000244140625,69.32582092285156,4371400,0.0,0.0
2026-02-19 00:00:00-05:00,69.48999786376953,70.23999786376953,68.9000015258789,69.41999816894531,69.05722045898438,3077900,0.0,0.0
2026-02-20 00:00:00-05:00,70.0199966430664,70.23999786376953,69.0999984741211,69.58999633789062,69.22633361816406,2414700,0.0,0.0
2026-02-23 00:00:00-05:00,69.19000244140625,70.16000366210938,68.80999755859375,69.16000366210938,68.79859161376953,3833800,0.0,0.0
2026-02-24 00:00:00-05:00,69.0199966430664,70.48999786376953,68.62000274658203,69.83999633789062,69.47502136230469,3141600,0.0,0.0
2026-02-25 00:00:00-05:00,70.02999877929688,70.6500015258789,69.19999694824219,70.05000305175781,69.6839370727539,2402700,0.0,0.0
2026-02-26 00:00:00-05:00,70.62000274658203,71.83999633789062,70.4000015258789,71.22000122070312,70.84781646728516,3226000,0.0,0.0
2026-02-27 00:00:00-05:00,71.87000274658203,72.2300033569336,71.1500015258789,71.81999969482422,71.44468688964844,4191900,0.0,0.0
2026-03-02 00:00:00-05:00,71.5999984741211,72.91000366210938,70.77999877929688,72.36000061035156,71.98186492919922,2570100,0.0,0.0
2026-03-03 00:00:00-05:00,71.4800033569336,72.66000366210938,70.5199966430664,72.16000366210938,71.78290557861328,2486500,0.0,0.0
2026-03-04 00:00:00-05:00,71.83000183105469,72.1500015258789,70.7699966430664,71.8499984741211,71.47452545166016,2851200,0.0,0.0
2026-03-05 00:00:00-05:00,72.2699966430664,73.80000305175781,71.93000030517578,73.12000274658203,72.73788452148438,3177200,0.0,0.0
2026-03-06 00:00:00-05:00,72.9800033569336,73.7300033569336,72.16000366210938,73.5,73.11590576171875,2426100,0.0,0.0
2026-03-09 00:00:00-04:00,72.77999877929688,73.4000015258789,70.56999969482422,71.04000091552734,70.66875457763672,3227100,0.0,0.0
2026-03-10 00:00:00-04:00,71.31999969482422,71.44000244140625,68.06999969482422,68.58000183105469,68.22161865234375,2905000,0.0,0.0
2026-03-11 00:00:00-04:00,68.70999908447266,69.0,67.69000244140625,68.37999725341797,68.02265167236328,2306200,0.0,0.0
2026-03-12 00:00:00-04:00,68.29000091552734,69.16000366210938,67.52999877929688,67.6500015258789,67.29647064208984,2845900,0.0,0.0
2026-03-13 00:00:00-04:00,68.48999786376953,68.93000030517578,67.5,68.26000213623047,67.90328216552734,1923100,0.0,0.0
2026-03-16 00:00:00-04:00,68.37999725341797,69.41999816894531,67.95999908447266,69.19000244140625,68.82843017578125,2667600,0.0,0.0
2026-03-17 00:00:00-04:00,69.94000244140625,70.56999969482422,68.29000091552734,68.33000183105469,67.9729232788086,2158000,0.0,0.0
2026-03-18 00:00:00-04:00,68.01000213623047,68.02999877929688,66.5,67.08000183105469,66.72944641113281,3363200,0.0,0.0
2026-03-19 00:00:00-04:00,67.56999969482422,67.70999908447266,66.13999938964844,66.55999755859375,66.21216583251953,3026000,0.0,0.0
2026-03-20 00:00:00-04:00,66.81999969482422,68.33000183105469,66.55000305175781,67.05000305175781,66.69961547851562,6025200,0.0,0.0
2026-03-23 00:00:00-04:00,68.31999969482422,68.31999969482422,66.72000122070312,66.72000122070312,66.37133026123047,3470800,0.0,0.0
2026-03-24 00:00:00-04:00,66.86000061035156,67.23999786376953,66.4000015258789,66.5,66.1524887084961,4930200,0.0,0.0
2026-03-25 00:00:00-04:00,66.91999816894531,67.0999984741211,63.290000915527344,64.29000091552734,63.95402908325195,5118700,0.0,0.0
2026-03-26 00:00:00-04:00,64.29000091552734,68.91000366210938,64.12999725341797,65.13999938964844,64.79959106445312,7018100,0.0,0.0
2026-03-27 00:00:00-04:00,65.12000274658203,65.58000183105469,63.33000183105469,63.43000030517578,63.09852600097656,3222000,0.0,0.0
2026-03-30 00:00:00-04:00,63.939998626708984,65.95999908447266,63.43000030517578,65.26000213623047,64.9189682006836,4774300,0.0,0.0
2026-03-31 00:00:00-04:00,65.58000183105469,66.05999755859375,64.44000244140625,65.20999908447266,64.86922454833984,3288200,0.0,0.0
2026-04-01 00:00:00-04:00,64.80000305175781,65.41999816894531,63.72999954223633,64.4000015258789,64.0634536743164,4012900,0.0,0.0
2026-04-02 00:00:00-04:00,64.26000213623047,66.19000244140625,64.11000061035156,65.94999694824219,65.60535430908203,2473400,0.0,0.0
2026-04-06 00:00:00-04:00,65.26000213623047,66.86000061035156,65.26000213623047,66.5199966430664,66.17237091064453,1955700,0.0,0.0
2026-04-07 00:00:00-04:00,66.4800033569336,66.87999725341797,65.7300033569336,66.37000274658203,66.0231704711914,2546700,0.0,0.0
2026-04-08 00:00:00-04:00,65.91999816894531,67.87000274658203,65.91999816894531,67.76000213623047,67.40589904785156,3086000,0.0,0.0
2026-04-09 00:00:00-04:00,66.66999816894531,67.93000030517578,66.4800033569336,67.12999725341797,66.77918243408203,1916700,0.0,0.0
2026-04-10 00:00:00-04:00,66.58999633789062,66.73999786376953,64.44000244140625,65.08000183105469,64.73990631103516,2336300,0.0,0.0
2026-04-13 00:00:00-04:00,65.08000183105469,67.48999786376953,64.93000030517578,67.45999908447266,67.10746765136719,2409700,0.0,0.0
2026-04-14 00:00:00-04:00,66.6500015258789,67.73999786376953,66.33999633789062,66.54000091552734,66.19226837158203,1978600,0.0,0.0
2026-04-15 00:00:00-04:00,66.70999908447266,67.94999694824219,66.41999816894531,67.4000015258789,67.04778289794922,2213000,0.0,0.0
2026-04-16 00:00:00-04:00,67.62999725341797,69.0199966430664,67.52999877929688,68.81999969482422,68.46035766601562,3065600,0.0,0.0
2026-04-17 00:00:00-04:00,68.45999908447266,68.86000061035156,67.66999816894531,67.72000122070312,67.36610412597656,2317500,0.0,0.0
2026-04-20 00:00:00-04:00,67.61000061035156,68.43000030517578,67.51000213623047,67.77999877929688,67.42578887939453,1735600,0.0,0.0
2026-04-21 00:00:00-04:00,68.0199966430664,69.25,67.70999908447266,68.94999694824219,68.58967590332031,2095500,0.0,0.0
2026-04-22 00:00:00-04:00,68.79000091552734,68.94000244140625,67.38999938964844,67.87999725341797,67.5252685546875,2051800,0.0,0.0
2026-04-23 00:00:00-04:00,67.80000305175781,68.05000305175781,66.95999908447266,67.55000305175781,67.1969985961914,2281800,0.0,0.0
2026-04-24 00:00:00-04:00,67.01000213623047,67.05999755859375,65.68000030517578,65.9000015258789,65.55562591552734,2158600,0.0,0.0
2026-04-27 00:00:00-04:00,65.69999694824219,67.0999984741211,65.27999877929688,66.12000274658203,65.77446746826172,2934100,0.0,0.0
2026-04-28 00:00:00-04:00,63.0,64.47000122070312,61.65999984741211,63.13999938964844,62.81003952026367,3973700,0.0,0.0
2026-04-29 00:00:00-04:00,63.189998626708984,63.91999816894531,61.560001373291016,61.63999938964844,61.31787872314453,3816100,0.0,0.0
2026-04-30 00:00:00-04:00,60.88999938964844,60.900001525878906,58.650001525878906,60.150001525878906,59.83566665649414,5841200,0.0,0.0
2026-05-01 00:00:00-04:00,60.95000076293945,61.22999954223633,57.459999084472656,57.630001068115234,57.32883834838867,4793200,0.0,0.0
2026-05-04 00:00:00-04:00,57.41999816894531,58.88999938964844,57.189998626708984,57.63999938964844,57.338783264160156,4295300,0.0,0.0
2026-05-05 00:00:00-04:00,57.5,58.06999969482422,56.959999084472656,57.5099983215332,57.2094612121582,3253600,0.0,0.0
2026-05-06 00:00:00-04:00,58.150001525878906,58.31999969482422,56.540000915527344,56.560001373291016,56.26443099975586,3257200,0.0,0.0
2026-05-07 00:00:00-04:00,56.7599983215332,58.70000076293945,56.459999084472656,58.04999923706055,57.746639251708984,3431100,0.0,0.0
2026-05-08 00:00:00-04:00,57.959999084472656,58.41999816894531,56.099998474121094,56.45000076293945,56.15500259399414,3616500,0.0,0.0
2026-05-11 00:00:00-04:00,56.0099983215332,56.7400016784668,55.20000076293945,55.349998474121094,55.22216033935547,5414900,0.165,0.0
2026-05-12 00:00:00-04:00,55.58000183105469,56.75,55.33000183105469,55.77000045776367,55.64119338989258,5460100,0.0,0.0
2026-05-13 00:00:00-04:00,55.119998931884766,55.33000183105469,53.810001373291016,54.380001068115234,54.25440216064453,4192300,0.0,0.0
2026-05-14 00:00:00-04:00,54.560001373291016,56.18000030517578,54.40999984741211,55.779998779296875,55.65116882324219,4549000,0.0,0.0
2026-05-15 00:00:00-04:00,56.25,57.25,55.84000015258789,56.279998779296875,56.1500129699707,2784900,0.0,0.0
2026-05-18 00:00:00-04:00,56.15999984741211,59.25,56.15999984741211,58.689998626708984,58.554447174072266,2855000,0.0,0.0
2026-05-19 00:00:00-04:00,59.099998474121094,59.709999084472656,57.650001525878906,58.09000015258789,57.955833435058594,2526300,0.0,0.0
2026-05-20 00:00:00-04:00,58.2599983215332,58.2599983215332,56.470001220703125,57.43000030517578,57.297359466552734,2231500,0.0,0.0
2026-05-21 00:00:00-04:00,57.02000045776367,58.68000030517578,56.119998931884766,58.52000045776367,58.38484191894531,2356900,0.0,0.0
2026-05-22 00:00:00-04:00,58.4900016784668,58.880001068115234,57.310001373291016,57.81999969482422,57.686458587646484,2550000,0.0,0.0
2026-05-26 00:00:00-04:00,57.34000015258789,58.0,56.9900016784668,56.9900016784668,56.858375549316406,2627100,0.0,0.0
2026-05-27 00:00:00-04:00,56.900001525878906,58.70000076293945,56.66999816894531,56.810001373291016,56.67879104614258,2861500,0.0,0.0
2026-05-28 00:00:00-04:00,56.84000015258789,57.459999084472656,56.08000183105469,56.84000015258789,56.70872116088867,3442300,0.0,0.0
2026-05-29 00:00:00-04:00,56.599998474121094,57.2400016784668,55.9900016784668,56.25,56.12008285522461,3709100,0.0,0.0
2026-06-01 00:00:00-04:00,56.130001068115234,58.29999923706055,56.11000061035156,56.97999954223633,56.84839630126953,4506400,0.0,0.0
2026-06-02 00:00:00-04:00,56.52000045776367,57.119998931884766,55.400001525878906,56.59000015258789,56.45929718017578,3833200,0.0,0.0
2026-06-03 00:00:00-04:00,56.099998474121094,56.560001373291016,55.0099983215332,55.13999938964844,55.01264572143555,2875900,0.0,0.0
2026-06-04 00:00:00-04:00,56.5,58.029998779296875,56.25,57.380001068115234,57.247474670410156,3069600,0.0,0.0
2026-06-05 00:00:00-04:00,58.2599983215332,59.2599983215332,58.04999923706055,58.86000061035156,58.724056243896484,2278100,0.0,0.0
2026-06-08 00:00:00-04:00,57.88999938964844,58.52000045776367,57.36000061035156,58.0,57.86604309082031,3015100,0.0,0.0
2026-06-09 00:00:00-04:00,57.70000076293945,59.58000183105469,57.439998626708984,59.11000061035156,58.973480224609375,3110400,0.0,0.0
2026-06-10 00:00:00-04:00,60.119998931884766,61.58000183105469,59.209999084472656,60.18000030517578,60.04100799560547,3272400,0.0,0.0
2026-06-11 00:00:00-04:00,61.130001068115234,61.130001068115234,59.83000183105469,59.95000076293945,59.81153869628906,2935800,0.0,0.0
2026-06-12 00:00:00-04:00,59.97999954223633,60.599998474121094,59.040000915527344,59.9900016784668,59.85144805908203,2029400,0.0,0.0
2026-06-15 00:00:00-04:00,59.34000015258789,60.22999954223633,58.900001525878906,59.279998779296875,59.14308547973633,2821000,0.0,0.0
2026-06-16 00:00:00-04:00,59.560001373291016,60.099998474121094,59.290000915527344,59.70000076293945,59.56211471557617,2399200,0.0,0.0
2026-06-17 00:00:00-04:00,59.41999816894531,61.0,58.52000045776367,59.040000915527344,58.90364074707031,3043000,0.0,0.0
2026-06-18 00:00:00-04:00,59.04999923706055,59.11000061035156,58.04999923706055,59.099998474121094,58.9635009765625,5744500,0.0,0.0
2026-06-22 00:00:00-04:00,58.5099983215332,59.84000015258789,58.13999938964844,58.2400016784668,58.10548782348633,3250000,0.0,0.0
2026-06-23 00:00:00-04:00,59.18000030517578,60.650001525878906,59.130001068115234,60.400001525878906,60.260501861572266,3662700,0.0,0.0
2026-06-24 00:00:00-04:00,61.0,62.34000015258789,60.529998779296875,61.79999923706055,61.657264709472656,4583600,0.0,0.0
2026-06-25 00:00:00-04:00,60.93000030517578,62.150001525878906,60.790000915527344,60.83000183105469,60.68950653076172,2911100,0.0,0.0
2026-06-26 00:00:00-04:00,62.349998474121094,64.30999755859375,61.560001373291016,64.22000122070312,64.0716781616211,4410300,0.0,0.0
2026-06-29 00:00:00-04:00,64.05999755859375,64.37999725341797,63.33000183105469,63.959999084472656,63.81227493286133,2943100,0.0,0.0
2026-06-30 00:00:00-04:00,64.33000183105469,64.91999816894531,62.58000183105469,64.1500015258789,64.00183868408203,2501800,0.0,0.0
2026-07-01 00:00:00-04:00,64.80000305175781,68.16000366210938,64.5199966430664,67.36000061035156,67.20442199707031,2734500,0.0,0.0
2026-07-02 00:00:00-04:00,68.36000061035156,70.08000183105469,67.0999984741211,70.0,69.83832550048828,2383200,0.0,0.0
2026-07-06 00:00:00-04:00,68.86000061035156,69.16999816894531,67.62000274658203,68.43000030517578,68.2719497680664,2509800,0.0,0.0
2026-07-07 00:00:00-04:00,69.38999938964844,70.5,69.04000091552734,69.2699966430664,69.1100082397461,2434600,0.0,0.0
2026-07-08 00:00:00-04:00,69.0,69.38999938964844,68.0999984741211,68.41000366210938,68.25199890136719,1794400,0.0,0.0
2026-07-09 00:00:00-04:00,67.77999877929688,67.98999786376953,67.22000122070312,67.83999633789062,67.68331146240234,1776800,0.0,0.0
2026-07-10 00:00:00-04:00,68.55999755859375,68.76000213623047,67.3499984741211,67.66000366210938,67.50373840332031,1244100,0.0,0.0
2026-07-13 00:00:00-04:00,68.5,69.33999633789062,68.41999816894531,69.20999908447266,69.0501480102539,1858700,0.0,0.0
2026-07-14 00:00:00-04:00,68.0999984741211,68.8499984741211,67.56999969482422,68.5,68.34178924560547,2657300,0.0,0.0
2026-07-15 00:00:00-04:00,67.77999877929688,68.7699966430664,66.61000061035156,66.86000061035156,66.70558166503906,2720700,0.0,0.0
2026-07-16 00:00:00-04:00,67.68000030517578,70.0,67.54000091552734,69.44000244140625,69.27962493896484,4692100,0.0,0.0
2026-07-17 00:00:00-04:00,70.56999969482422,71.37000274658203,68.70999908447266,69.3499984741211,69.18982696533203,2812500,0.0,0.0
2026-07-20 00:00:00-04:00,69.11000061035156,69.58999633789062,68.25,68.94000244140625,68.78077697753906,2955600,0.0,0.0
2026-07-21 00:00:00-04:00,68.01000213623047,69.06999969482422,66.22000122070312,66.63999938964844,66.486083984375,3577500,0.0,0.0
2026-07-22 00:00:00-04:00,66.98999786376953,67.20999908447266,64.81999969482422,65.38999938964844,65.23897552490234,3920200,0.0,0.0
2026-07-23 00:00:00-04:00,65.43000030517578,65.80999755859375,64.98999786376953,65.73999786376953,65.58816528320312,2169500,0.0,0.0
2026-07-24 00:00:00-04:00,65.44999694824219,67.7699966430664,65.26000213623047,67.66000366210938,67.50373840332031,2664400,0.0,0.0
2026-07-27 00:00:00-04:00,68.27999877929688,70.2699966430664,67.87999725341797,69.69999694824219,69.53901672363281,2789400,0.0,0.0
2026-07-28 00:00:00-04:00,68.97000122070312,74.13999938964844,67.66999816894531,73.6500015258789,73.47989654541016,4927200,0.0,0.0
2026-07-29 00:00:00-04:00,72.48999786376953,75.62999725341797,71.87000274658203,74.87000274658203,74.69708251953125,3552200,0.0,0.0
2026-07-30 00:00:00-04:00,73.68000030517578,74.44000244140625,69.79000091552734,70.87000274658203,70.7063217163086,4142300,0.0,0.0
2026-07-31 00:00:00-04:00,69.94000244140625,70.9000015258789,69.27999877929688,70.4000015258789,70.2374038696289,2742200,0.0,0.0
2026-08-03 00:00:00-04:00,71.4000015258789,73.62999725341797,71.12000274658203,71.77999877929688,71.61421203613281,2551900,0.0,0.0
2026-08-04 00:00:00-04:00,70.52999877929688,71.70999908447266,70.12999725341797,71.16999816894531,71.00562286376953,2190200,0.0,0.0
2026-08-05 00:00:00-04:00,71.37999725341797,71.62999725341797,70.3499984741211,70.94999694824219,70.7861328125,2168500,0.0,0.0
2026-08-06 00:00:00-04:00,71.55999755859375,71.83000183105469,70.45999908447266,71.18000030517578,71.0156021118164,1781500,0.0,0.0
2026-08-07 00:00:00-04:00,70.3499984741211,72.19000244140625,69.95999908447266,71.43000030517578,71.26502227783203,1665200,0.0,0.0
2026-08-10 00:00:00-04:00,70.68000030517578,71.63999938964844,70.05999755859375,71.5999984741211,71.43463134765625,1789100,0.0,0.0
2026-08-11 00:00:00-04:00,70.80999755859375,71.91999816894531,70.12000274658203,71.44000244140625,71.2750015258789,2037200,0.0,0.0
2026-08-12 00:00:00-04:00,70.19000244140625,71.0999984741211,69.70999908447266,71.05999755859375,71.05999755859375,1836300,0.165,0.0
2026-08-13 00:00:00-04:00,71.63999938964844,71.79000091552734,69.98999786376953,71.61000061035156,71.61000061035156,2242800,0.0,0.0
2026-08-14 00:00:00-04:00,71.36000061035156,71.45999908447266,70.5,70.54000091552734,70.54000091552734,1647800,0.0,0.0
2026-08-17 00:00:00-04:00,69.91999816894531,70.6500015258789,68.70999908447266,68.86000061035156,68.86000061035156,1689500,0.0,0.0
2026-08-18 00:00:00-04:00,69.61000061035156,70.87000274658203,69.31999969482422,69.37000274658203,69.37000274658203,2110700,0.0,0.0
2026-08-19 00:00:00-04:00,69.6500015258789,72.2300033569336,69.43000030517578,71.48999786376953,71.48999786376953,1551000,0.0,0.0
2026-08-20 00:00:00-04:00,71.56999969482422,72.73999786376953,70.83999633789062,72.08000183105469,72.08000183105469,1459600,0.0,0.0
2026-08-21 00:00:00-04:00,71.9800033569336,73.41999816894531,71.33000183105469,72.91999816894531,72.91999816894531,1311300,0.0,0.0
2026-08-24 00:00:00-04:00,73.38999938964844,74.7699966430664,73.33999633789062,74.62000274658203,74.62000274658203,1318400,0.0,0.0
2026-08-25 00:00:00-04:00,73.86000061035156,74.48999786376953,73.19000244140625,73.33999633789062,73.33999633789062,1290200,0.0,0.0
2026-08-26 00:00:00-04:00,72.83999633789062,73.76000213623047,72.5999984741211,72.77999877929688,72.77999877929688,1720400,0.0,0.0
2026-08-27 00:00:00-04:00,71.79000091552734,72.55999755859375,71.22000122070312,71.38999938964844,71.38999938964844,1508200,0.0,0.0
2026-08-28 00:00:00-04:00,71.81999969482422,73.66000366210938,71.69999694824219,73.30999755859375,73.30999755859375,1397400,0.0,0.0
2026-08-31 00:00:00-04:00,72.36000061035156,72.5,71.70999908447266,72.16999816894531,72.16999816894531,2113700,0.0,0.0
2026-09-01 00:00:00-04:00,72.73999786376953,73.08999633789062,71.51000213623047,72.05000305175781,72.05000305175781,1460200,0.0,0.0
2026-09-02 00:00:00-04:00,72.63999938964844,73.55000305175781,71.91000366210938,72.04000091552734,72.04000091552734,1715200,0.0,0.0
2026-09-03 00:00:00-04:00,72.69999694824219,74.0,72.12999725341797,72.55999755859375,72.55999755859375,1351500,0.0,0.0
2026-09-04 00:00:00-04:00,71.58999633789062,72.08000183105469,71.22000122070312,71.41999816894531,71.41999816894531,1361700,0.0,0.0
2026-09-08 00:00:00-04:00,70.02999877929688,70.02999877929688,68.0199966430664,68.18000030517578,68.18000030517578,2569000,0.0,0.0
2026-09-09 00:00:00-04:00,67.8499984741211,67.87999725341797,66.36000061035156,66.52999877929688,66.52999877929688,1741600,0.0,0.0
2026-09-10 00:00:00-04:00,67.63999938964844,67.63999938964844,66.16000366210938,66.33000183105469,66.33000183105469,1714800,0.0,0.0
2026-09-11 00:00:00-04:00,67.05999755859375,67.2699966430664,65.41000366210938,66.19000244140625,66.19000244140625,1198200,0.0,0.0
2026-09-14 00:00:00-04:00,67.47000122070312,68.69999694824219,67.02999877929688,68.33000183105469,68.33000183105469,2677900,0.0,0.0
2026-09-15 00:00:00-04:00,67.7699966430664,68.48999786376953,67.1500015258789,67.2300033569336,67.2300033569336,2131200,0.0,0.0
2026-09-16 00:00:00-04:00,66.37999725341797,67.1500015258789,65.51000213623047,65.87999725341797,65.87999725341797,1872400,0.0,0.0
2026-09-17 00:00:00-04:00,67.16000366210938,67.16000366210938,64.87000274658203,65.12000274658203,65.12000274658203,2188800,0.0,0.0
2026-09-18 00:00:00-04:00,64.66000366210938,65.83000183105469,64.4000015258789,65.0199966430664,65.0199966430664,5677900,0.0,0.0
2026-09-21 00:00:00-04:00,65.11000061035156,65.7300033569336,64.13999938964844,64.30000305175781,64.30000305175781,2328300,0.0,0.0
