Date,Open,High,Low,Close,Adj Close,Volume,Dividends,Stock Splits
2015-01-02 00:00:00-05:00,28.219999313354492,28.229999542236328,27.329999923706055,27.780000686645508,24.127416610717773,1125000,0.0,0.0
2015-01-05 00:00:00-05:00,27.559999465942383,27.799999237060547,27.200000762939453,27.440000534057617,23.832124710083008,1029100,0.0,0.0
2015-01-06 00:00:00-05:00,27.459999084472656,27.649999618530273,26.719999313354492,26.950000762939453,23.40654754638672,1092600,0.0,0.0
2015-01-07 00:00:00-05:00,27.260000228881836,27.350000381469727,26.90999984741211,27.329999923706055,23.73657989501953,958300,0.0,0.0
2015-01-08 00:00:00-05:00,27.510000228881836,27.850000381469727,27.450000762939453,27.6200008392334,23.988452911376953,1546600,0.0,0.0
2015-01-09 00:00:00-05:00,27.68000030517578,27.790000915527344,27.170000076293945,27.389999389648438,23.788700103759766,1033200,0.0,0.0
2015-01-12 00:00:00-05:00,27.420000076293945,27.6200008392334,26.780000686645508,26.899999618530273,23.363122940063477,1135300,0.0,0.0
2015-01-13 00:00:00-05:00,27.059999465942383,27.31999969482422,26.31999969482422,26.6299991607666,23.128625869750977,835100,0.0,0.0
2015-01-14 00:00:00-05:00,26.25,26.479999542236328,25.959999084472656,26.209999084472656,22.763845443725586,1060500,0.0,0.0
2015-01-15 00:00:00-05:00,26.219999313354492,26.469999313354492,25.239999771118164,25.280000686645508,21.95612335205078,1595900,0.0,0.0
2015-01-16 00:00:00-05:00,25.309999465942383,25.649999618530273,25.1200008392334,25.6299991607666,22.26010513305664,1446900,0.0,0.0
2015-01-20 00:00:00-05:00,25.700000762939453,25.989999771118164,25.479999542236328,25.649999618530273,22.27747917175293,1832500,0.0,0.0
2015-01-21 00:00:00-05:00,25.690000534057617,26.3700008392334,25.489999771118164,26.290000915527344,22.833328247070312,1626600,0.0,0.0
2015-01-22 00:00:00-05:00,26.450000762939453,27.0,26.270000457763672,26.889999389648438,23.35443878173828,1453900,0.0,0.0
2015-01-23 00:00:00-05:00,26.790000915527344,27.040000915527344,26.670000076293945,26.979999542236328,23.432601928710938,1045100,0.0,0.0
2015-01-26 00:00:00-05:00,27.040000915527344,27.290000915527344,26.8700008392334,27.280000686645508,23.69316291809082,1090600,0.0,0.0
2015-01-27 00:00:00-05:00,26.81999969482422,27.18000030517578,26.700000762939453,26.84000015258789,23.311010360717773,818500,0.0,0.0
2015-01-28 00:00:00-05:00,26.969999313354492,26.989999771118164,25.84000015258789,25.93000030517578,22.520660400390625,1367300,0.0,0.0
2015-01-29 00:00:00-05:00,26.09000015258789,26.25,25.739999771118164,26.209999084472656,22.763845443725586,1277500,0.0,0.0
2015-01-30 00:00:00-05:00,26.149999618530273,26.270000457763672,25.739999771118164,25.809999465942383,22.416440963745117,1674100,0.0,0.0
2015-02-02 00:00:00-05:00,25.860000610351562,26.31999969482422,25.68000030517578,26.290000915527344,22.833328247070312,1755400,0.0,0.0
2015-02-03 00:00:00-05:00,26.399999618530273,26.889999389648438,26.389999389648438,26.850000381469727,23.319698333740234,1139800,0.0,0.0
2015-02-04 00:00:00-05:00,26.0,26.860000610351562,25.510000228881836,26.579999923706055,23.08519744873047,1520700,0.0,0.0
2015-02-05 00:00:00-05:00,26.770000457763672,27.020000457763672,26.420000076293945,26.670000076293945,23.163360595703125,2333800,0.0,0.0
2015-02-06 00:00:00-05:00,26.899999618530273,27.34000015258789,26.700000762939453,27.020000457763672,23.467350006103516,1635300,0.0,0.0
2015-02-09 00:00:00-05:00,27.020000457763672,27.25,26.799999237060547,27.049999237060547,23.49340057373047,2617800,0.0,0.0
2015-02-10 00:00:00-05:00,27.31999969482422,27.3700008392334,26.989999771118164,27.350000381469727,23.753955841064453,851200,0.0,0.0
2015-02-11 00:00:00-05:00,27.3700008392334,27.5,26.979999542236328,27.149999618530273,23.580251693725586,1358300,0.0,0.0
2015-02-12 00:00:00-05:00,27.190000534057617,27.329999923706055,27.020000457763672,27.1200008392334,23.554201126098633,1204600,0.0,0.0
2015-02-13 00:00:00-05:00,27.079999923706055,27.229999542236328,26.950000762939453,27.219999313354492,23.641050338745117,1087500,0.0,0.0
2015-02-17 00:00:00-05:00,27.290000915527344,27.520000457763672,27.18000030517578,27.43000030517578,23.823436737060547,1223700,0.0,0.0
2015-02-18 00:00:00-05:00,27.34000015258789,27.459999084472656,27.06999969482422,27.25,23.667102813720703,1672800,0.0,0.0
2015-02-19 00:00:00-05:00,27.260000228881836,27.389999389648438,27.059999465942383,27.309999465942383,23.719209671020508,1652200,0.0,0.0
2015-02-20 00:00:00-05:00,27.350000381469727,27.43000030517578,27.0,27.3799991607666,23.780014038085938,1715100,0.0,0.0
2015-02-23 00:00:00-05:00,27.290000915527344,27.489999771118164,27.170000076293945,27.239999771118164,23.658418655395508,1857000,0.0,0.0
2015-02-24 00:00:00-05:00,27.280000686645508,27.399999618530273,26.969999313354492,27.360000610351562,23.76263999938965,1764200,0.0,0.0
2015-02-25 00:00:00-05:00,27.40999984741211,27.90999984741211,27.280000686645508,27.850000381469727,24.188215255737305,1482000,0.0,0.0
2015-02-26 00:00:00-05:00,24.100000381469727,24.969999313354492,22.899999618530273,24.780000686645508,21.521869659423828,15292600,0.0,0.0
2015-02-27 00:00:00-05:00,24.700000762939453,24.81999969482422,24.329999923706055,24.579999923706055,21.348163604736328,5420500,0.0,0.0
2015-03-02 00:00:00-05:00,24.600000381469727,24.829999923706055,24.510000228881836,24.81999969482422,21.556608200073242,2940700,0.0,0.0
2015-03-03 00:00:00-05:00,24.829999923706055,24.989999771118164,24.6200008392334,24.93000030517578,21.652145385742188,2912800,0.0,0.0
2015-03-04 00:00:00-05:00,24.420000076293945,24.579999923706055,24.030000686645508,24.030000686645508,20.870481491088867,3140700,0.0,0.0
2015-03-05 00:00:00-05:00,24.190000534057617,24.219999313354492,23.780000686645508,24.149999618530273,20.974700927734375,2469500,0.0,0.0
2015-03-06 00:00:00-05:00,24.020000457763672,24.219999313354492,23.700000762939453,23.829999923706055,20.696775436401367,3167700,0.0,0.0
2015-03-09 00:00:00-04:00,23.809999465942383,24.0,23.459999084472656,23.979999542236328,20.827054977416992,2899400,0.0,0.0
2015-03-10 00:00:00-04:00,23.75,24.079999923706055,23.639999389648438,23.81999969482422,20.68808937072754,3758900,0.0,0.0
2015-03-11 00:00:00-04:00,23.940000534057617,24.229999542236328,23.760000228881836,24.149999618530273,20.974700927734375,4721100,0.0,0.0
2015-03-12 00:00:00-04:00,24.290000915527344,24.639999389648438,24.15999984741211,24.469999313354492,21.252628326416016,2852700,0.0,0.0
2015-03-13 00:00:00-04:00,24.399999618530273,24.559999465942383,24.170000076293945,24.420000076293945,21.209197998046875,1759800,0.0,0.0
2015-03-16 00:00:00-04:00,24.520000457763672,25.059999465942383,24.479999542236328,24.700000762939453,21.45238494873047,3479900,0.0,0.0
2015-03-17 00:00:00-04:00,24.649999618530273,24.700000762939453,24.420000076293945,24.6200008392334,21.382902145385742,1919200,0.0,0.0
2015-03-18 00:00:00-04:00,24.520000457763672,24.600000381469727,24.260000228881836,24.309999465942383,21.11366081237793,3697200,0.0,0.0
2015-03-19 00:00:00-04:00,24.190000534057617,24.59000015258789,24.030000686645508,24.229999542236328,21.0441837310791,3031700,0.0,0.0
2015-03-20 00:00:00-04:00,24.34000015258789,24.489999771118164,24.219999313354492,24.43000030517578,21.21788787841797,4397000,0.0,0.0
2015-03-23 00:00:00-04:00,24.399999618530273,24.600000381469727,24.309999465942383,24.31999969482422,21.12234878540039,2942100,0.0,0.0
2015-03-24 00:00:00-04:00,24.290000915527344,24.420000076293945,24.170000076293945,24.190000534057617,21.009437561035156,4393100,0.0,0.0
2015-03-25 00:00:00-04:00,24.260000228881836,24.299999237060547,23.6299991607666,23.639999389648438,20.531757354736328,2623600,0.0,0.0
2015-03-26 00:00:00-04:00,23.59000015258789,24.209999084472656,23.389999389648438,24.1299991607666,20.95732879638672,6108300,0.0,0.0
2015-03-27 00:00:00-04:00,24.010000228881836,24.90999984741211,24.010000228881836,24.770000457763672,21.51318359375,2932000,0.0,0.0
2015-03-30 00:00:00-04:00,24.809999465942383,25.139999389648438,24.809999465942383,24.989999771118164,21.704254150390625,2818900,0.0,0.0
2015-03-31 00:00:00-04:00,25.0,25.760000228881836,25.0,25.559999465942383,22.19930648803711,4175400,0.0,0.0
2015-04-01 00:00:00-04:00,25.549999237060547,25.600000381469727,25.260000228881836,25.399999618530273,22.06035041809082,2915200,0.0,0.0
2015-04-02 00:00:00-04:00,25.440000534057617,25.6200008392334,25.260000228881836,25.579999923706055,22.21668243408203,1809500,0.0,0.0
2015-04-06 00:00:00-04:00,25.489999771118164,26.100000381469727,25.360000610351562,25.850000381469727,22.451181411743164,1993700,0.0,0.0
2015-04-07 00:00:00-04:00,25.959999084472656,25.959999084472656,25.639999389648438,25.670000076293945,22.294845581054688,1634700,0.0,0.0
2015-04-08 00:00:00-04:00,25.639999389648438,26.0,25.520000457763672,25.950000762939453,22.538034439086914,1156800,0.0,0.0
2015-04-09 00:00:00-04:00,25.899999618530273,26.200000762939453,25.719999313354492,25.829999923706055,22.43381118774414,1113300,0.0,0.0
2015-04-10 00:00:00-04:00,25.84000015258789,25.959999084472656,25.670000076293945,25.850000381469727,22.451181411743164,1138600,0.0,0.0
2015-04-13 00:00:00-04:00,25.780000686645508,25.780000686645508,25.530000686645508,25.56999969482422,22.207996368408203,1097600,0.0,0.0
2015-04-14 00:00:00-04:00,25.510000228881836,25.639999389648438,25.3799991607666,25.5,22.147197723388672,1084600,0.0,0.0
2015-04-15 00:00:00-04:00,25.639999389648438,25.790000915527344,25.510000228881836,25.59000015258789,22.225364685058594,1149300,0.0,0.0
2015-04-16 00:00:00-04:00,25.6200008392334,25.719999313354492,25.469999313354492,25.6200008392334,22.251420974731445,829100,0.0,0.0
2015-04-17 00:00:00-04:00,25.450000762939453,25.739999771118164,25.059999465942383,25.219999313354492,21.904014587402344,2938400,0.0,0.0
2015-04-20 00:00:00-04:00,25.40999984741211,25.739999771118164,25.31999969482422,25.489999771118164,22.138513565063477,1571100,0.0,0.0
2015-04-21 00:00:00-04:00,25.549999237060547,25.59000015258789,25.3799991607666,25.459999084472656,22.112459182739258,1955800,0.0,0.0
2015-04-22 00:00:00-04:00,25.469999313354492,25.6299991607666,25.270000457763672,25.520000457763672,22.16457176208496,2992600,0.0,0.0
2015-04-23 00:00:00-04:00,25.520000457763672,25.65999984741211,25.469999313354492,25.579999923706055,22.21668243408203,1204200,0.0,0.0
2015-04-24 00:00:00-04:00,25.729999542236328,25.75,25.479999542236328,25.579999923706055,22.21668243408203,1661100,0.0,0.0
2015-04-27 00:00:00-04:00,25.649999618530273,25.75,25.200000762939453,25.25,21.93006706237793,2032200,0.0,0.0
2015-04-28 00:00:00-04:00,25.18000030517578,25.350000381469727,24.969999313354492,25.010000228881836,21.72162437438965,1963500,0.0,0.0
2015-04-29 00:00:00-04:00,24.969999313354492,25.299999237060547,24.920000076293945,25.260000228881836,21.938756942749023,2699000,0.0,0.0
2015-04-30 00:00:00-04:00,26.989999771118164,27.8799991607666,26.290000915527344,27.06999969482422,23.510772705078125,6481900,0.0,0.0
2015-05-01 00:00:00-04:00,27.309999465942383,27.93000030517578,27.309999465942383,27.809999465942383,24.153474807739258,2535400,0.0,0.0
2015-05-04 00:00:00-04:00,27.829999923706055,28.100000381469727,27.739999771118164,27.84000015258789,24.179529190063477,2131600,0.0,0.0
2015-05-05 00:00:00-04:00,27.690000534057617,27.940000534057617,27.59000015258789,27.65999984741211,24.023197174072266,2305200,0.0,0.0
2015-05-06 00:00:00-04:00,27.780000686645508,27.84000015258789,27.389999389648438,27.540000915527344,23.918975830078125,1199500,0.0,0.0
2015-05-07 00:00:00-04:00,26.969999313354492,27.770000457763672,26.530000686645508,27.6299991607666,23.997142791748047,1364400,0.0,0.0
2015-05-08 00:00:00-04:00,27.920000076293945,27.93000030517578,27.3700008392334,27.510000228881836,23.892915725708008,1372100,0.0,0.0
2015-05-11 00:00:00-04:00,27.5,27.790000915527344,27.389999389648438,27.56999969482422,23.945030212402344,1469500,0.0,0.0
2015-05-12 00:00:00-04:00,27.510000228881836,27.8799991607666,27.329999923706055,27.760000228881836,24.11005210876465,1363400,0.0,0.0
2015-05-13 00:00:00-04:00,27.799999237060547,28.1200008392334,27.700000762939453,27.850000381469727,24.188215255737305,1682100,0.0,0.0
2015-05-14 00:00:00-04:00,28.0,28.040000915527344,27.729999542236328,27.81999969482422,24.162158966064453,1378900,0.0,0.0
2015-05-15 00:00:00-04:00,27.81999969482422,28.059999465942383,27.600000381469727,28.059999465942383,24.370603561401367,1367700,0.0,0.0
2015-05-18 00:00:00-04:00,28.059999465942383,28.489999771118164,27.979999542236328,28.420000076293945,24.683269500732422,1133200,0.0,0.0
2015-05-19 00:00:00-04:00,28.520000457763672,28.649999618530273,28.420000076293945,28.520000457763672,24.770122528076172,994700,0.0,0.0
2015-05-20 00:00:00-04:00,28.6299991607666,28.719999313354492,28.299999237060547,28.690000534057617,24.917774200439453,1140600,0.0,0.0
2015-05-21 00:00:00-04:00,28.549999237060547,28.770000457763672,28.440000534057617,28.719999313354492,24.943824768066406,942400,0.0,0.0
2015-05-22 00:00:00-04:00,28.770000457763672,28.889999389648438,28.68000030517578,28.75,24.96988296508789,946600,0.0,0.0
2015-05-26 00:00:00-04:00,28.739999771118164,28.739999771118164,28.190000534057617,28.34000015258789,24.613792419433594,1467100,0.0,0.0
2015-05-27 00:00:00-04:00,28.5,28.90999984741211,28.260000228881836,28.860000610351562,25.065418243408203,1311500,0.0,0.0
2015-05-28 00:00:00-04:00,28.860000610351562,29.0,28.639999389648438,28.809999465942383,25.021991729736328,1427900,0.0,0.0
2015-05-29 00:00:00-04:00,28.709999084472656,28.889999389648438,28.5,28.56999969482422,24.81354331970215,1567100,0.0,0.0
2015-06-01 00:00:00-04:00,28.6200008392334,28.850000381469727,28.43000030517578,28.809999465942383,25.021991729736328,1008000,0.0,0.0
2015-06-02 00:00:00-04:00,28.6299991607666,28.959999084472656,28.56999969482422,28.850000381469727,25.05673599243164,725000,0.0,0.0
2015-06-03 00:00:00-04:00,28.989999771118164,29.31999969482422,28.729999542236328,29.239999771118164,25.395458221435547,1291300,0.0,0.0
2015-06-04 00:00:00-04:00,28.979999542236328,29.15999984741211,28.850000381469727,29.020000457763672,25.20438003540039,1376900,0.0,0.0
2015-06-05 00:00:00-04:00,29.020000457763672,29.579999923706055,29.0,29.510000228881836,25.629953384399414,1251700,0.0,0.0
2015-06-08 00:00:00-04:00,29.489999771118164,29.510000228881836,29.030000686645508,29.040000915527344,25.221750259399414,907600,0.0,0.0
2015-06-09 00:00:00-04:00,29.139999389648438,29.350000381469727,28.93000030517578,29.1200008392334,25.29123306274414,687700,0.0,0.0
2015-06-10 00:00:00-04:00,29.18000030517578,29.469999313354492,29.100000381469727,29.290000915527344,25.438880920410156,1446300,0.0,0.0
2015-06-11 00:00:00-04:00,29.350000381469727,29.469999313354492,29.200000762939453,29.420000076293945,25.551788330078125,1391100,0.0,0.0
2015-06-12 00:00:00-04:00,29.389999389648438,29.510000228881836,29.25,29.399999618530273,25.534420013427734,632700,0.0,0.0
2015-06-15 00:00:00-04:00,29.190000534057617,29.309999465942383,28.829999923706055,29.290000915527344,25.438880920410156,1089700,0.0,0.0
2015-06-16 00:00:00-04:00,29.350000381469727,29.5,29.149999618530273,29.290000915527344,25.438880920410156,1150500,0.0,0.0
2015-06-17 00:00:00-04:00,29.389999389648438,29.559999465942383,29.260000228881836,29.350000381469727,25.490995407104492,1145000,0.0,0.0
2015-06-18 00:00:00-04:00,29.3700008392334,29.84000015258789,29.3700008392334,29.579999923706055,25.690752029418945,1077000,0.0,0.0
2015-06-19 00:00:00-04:00,29.65999984741211,29.899999618530273,29.540000915527344,29.690000534057617,25.786293029785156,1547800,0.0,0.0
2015-06-22 00:00:00-04:00,29.8700008392334,29.8700008392334,29.469999313354492,29.780000686645508,25.864452362060547,1129900,0.0,0.0
2015-06-23 00:00:00-04:00,29.799999237060547,30.110000610351562,29.709999084472656,30.030000686645508,26.08158302307129,911000,0.0,0.0
2015-06-24 00:00:00-04:00,30.040000915527344,30.239999771118164,29.860000610351562,30.030000686645508,26.08158302307129,1329900,0.0,0.0
2015-06-25 00:00:00-04:00,30.25,30.5,30.079999923706055,30.329999923706055,26.342144012451172,1747200,0.0,0.0
2015-06-26 00:00:00-04:00,30.399999618530273,30.81999969482422,30.25,30.790000915527344,26.74165916442871,2662800,0.0,0.0
2015-06-29 00:00:00-04:00,30.540000915527344,30.709999084472656,30.190000534057617,30.209999084472656,26.237918853759766,1427900,0.0,0.0
2015-06-30 00:00:00-04:00,30.420000076293945,30.489999771118164,30.030000686645508,30.25,26.272655487060547,1658600,0.0,0.0
2015-07-01 00:00:00-04:00,30.469999313354492,30.799999237060547,30.350000381469727,30.600000381469727,26.576642990112305,2176000,0.0,0.0
2015-07-02 00:00:00-04:00,30.809999465942383,30.950000762939453,30.209999084472656,30.40999984741211,26.41162109375,1567800,0.0,0.0
2015-07-06 00:00:00-04:00,30.149999618530273,30.65999984741211,30.1200008392334,30.25,26.272655487060547,2975700,0.0,0.0
2015-07-07 00:00:00-04:00,30.3799991607666,30.649999618530273,29.93000030517578,30.600000381469727,26.576642990112305,1986000,0.0,0.0
2015-07-08 00:00:00-04:00,30.309999465942383,30.5,30.110000610351562,30.360000610351562,26.368194580078125,3210400,0.0,0.0
2015-07-09 00:00:00-04:00,30.739999771118164,30.739999771118164,30.010000228881836,30.079999923706055,26.125009536743164,2488900,0.0,0.0
2015-07-10 00:00:00-04:00,30.270000457763672,30.43000030517578,30.0,30.329999923706055,26.342144012451172,1388400,0.0,0.0
2015-07-13 00:00:00-04:00,30.579999923706055,30.780000686645508,30.389999389648438,30.760000228881836,26.715606689453125,1936600,0.0,0.0
2015-07-14 00:00:00-04:00,30.690000534057617,31.049999237060547,30.510000228881836,30.920000076293945,26.854564666748047,1729800,0.0,0.0
2015-07-15 00:00:00-04:00,30.979999542236328,31.18000030517578,30.770000457763672,31.049999237060547,26.967472076416016,1274700,0.0,0.0
2015-07-16 00:00:00-04:00,31.260000228881836,31.329999923706055,31.06999969482422,31.170000076293945,27.071691513061523,849600,0.0,0.0
2015-07-17 00:00:00-04:00,31.25,31.360000610351562,30.989999771118164,31.1200008392334,27.028268814086914,947500,0.0,0.0
2015-07-20 00:00:00-04:00,31.25,31.360000610351562,31.100000381469727,31.260000228881836,27.14986228942871,792200,0.0,0.0
2015-07-21 00:00:00-04:00,31.299999237060547,31.420000076293945,31.139999389648438,31.209999084472656,27.10643196105957,1101700,0.0,0.0
2015-07-22 00:00:00-04:00,31.18000030517578,31.389999389648438,31.079999923706055,31.190000534057617,27.08906364440918,2534400,0.0,0.0
2015-07-23 00:00:00-04:00,31.299999237060547,31.520000457763672,31.25,31.399999618530273,27.27145004272461,1312500,0.0,0.0
2015-07-24 00:00:00-04:00,31.459999084472656,31.459999084472656,30.780000686645508,30.899999618530273,26.83719253540039,1351500,0.0,0.0
2015-07-27 00:00:00-04:00,30.700000762939453,30.920000076293945,30.469999313354492,30.729999542236328,26.68954086303711,1691000,0.0,0.0
2015-07-28 00:00:00-04:00,30.860000610351562,30.969999313354492,30.610000610351562,30.8700008392334,26.811138153076172,2243100,0.0,0.0
2015-07-29 00:00:00-04:00,30.920000076293945,31.43000030517578,30.920000076293945,31.3700008392334,27.24539566040039,2062600,0.0,0.0
2015-07-30 00:00:00-04:00,31.1299991607666,32.25,30.899999618530273,31.34000015258789,27.219343185424805,3114300,0.0,0.0
2015-07-31 00:00:00-04:00,31.5,31.940000534057617,31.010000228881836,31.459999084472656,27.323564529418945,1893000,0.0,0.0
2015-08-03 00:00:00-04:00,31.520000457763672,31.690000534057617,31.079999923706055,31.360000610351562,27.236711502075195,1789900,0.0,0.0
2015-08-04 00:00:00-04:00,31.479999542236328,31.959999084472656,31.40999984741211,31.719999313354492,27.549379348754883,1626600,0.0,0.0
2015-08-05 00:00:00-04:00,31.770000457763672,31.950000762939453,31.610000610351562,31.75,27.57543182373047,1495900,0.0,0.0
2015-08-06 00:00:00-04:00,31.639999389648438,31.989999771118164,31.229999542236328,31.489999771118164,27.34962272644043,1012600,0.0,0.0
2015-08-07 00:00:00-04:00,31.440000534057617,31.6299991607666,31.239999771118164,31.40999984741211,27.280136108398438,990800,0.0,0.0
2015-08-10 00:00:00-04:00,31.65999984741211,31.84000015258789,31.350000381469727,31.639999389648438,27.47989845275879,1177300,0.0,0.0
2015-08-11 00:00:00-04:00,31.459999084472656,31.479999542236328,31.059999465942383,31.450000762939453,27.314878463745117,1027400,0.0,0.0
2015-08-12 00:00:00-04:00,31.18000030517578,31.450000762939453,30.899999618530273,31.110000610351562,27.01958465576172,1850100,0.0,0.0
2015-08-13 00:00:00-04:00,31.049999237060547,31.56999969482422,30.959999084472656,31.360000610351562,27.236711502075195,916100,0.0,0.0
2015-08-14 00:00:00-04:00,31.440000534057617,31.719999313354492,31.239999771118164,31.530000686645508,27.384361267089844,1103100,0.0,0.0
2015-08-17 00:00:00-04:00,31.3700008392334,31.540000915527344,31.15999984741211,31.440000534057617,27.306194305419922,1182400,0.0,0.0
2015-08-18 00:00:00-04:00,31.40999984741211,31.549999237060547,31.200000762939453,31.200000762939453,27.097749710083008,782200,0.0,0.0
2015-08-19 00:00:00-04:00,31.139999389648438,31.139999389648438,30.719999313354492,30.84000015258789,26.785078048706055,905600,0.0,0.0
2015-08-20 00:00:00-04:00,30.510000228881836,30.770000457763672,30.170000076293945,30.420000076293945,26.420305252075195,1242600,0.0,0.0
2015-08-21 00:00:00-04:00,30.059999465942383,30.190000534057617,29.459999084472656,29.469999313354492,25.595211029052734,1857700,0.0,0.0
2015-08-24 00:00:00-04:00,27.899999618530273,29.469999313354492,26.670000076293945,28.690000534057617,24.917774200439453,2552400,0.0,0.0
2015-08-25 00:00:00-04:00,29.510000228881836,29.950000762939453,28.459999084472656,28.479999542236328,24.735382080078125,2228400,0.0,0.0
2015-08-26 00:00:00-04:00,29.06999969482422,29.25,28.649999618530273,29.06999969482422,25.2478084564209,2168400,0.0,0.0
2015-08-27 00:00:00-04:00,29.329999923706055,29.90999984741211,29.299999237060547,29.850000381469727,25.925249099731445,1805500,0.0,0.0
2015-08-28 00:00:00-04:00,29.719999313354492,30.15999984741211,29.719999313354492,29.93000030517578,25.994731903076172,1060500,0.0,0.0
2015-08-31 00:00:00-04:00,29.899999618530273,30.270000457763672,29.75,29.989999771118164,26.046842575073242,1034600,0.0,0.0
2015-09-01 00:00:00-04:00,29.450000762939453,29.75,29.309999465942383,29.450000762939453,25.577844619750977,1429700,0.0,0.0
2015-09-02 00:00:00-04:00,29.81999969482422,30.1200008392334,29.469999313354492,30.1200008392334,26.15974998474121,1363200,0.0,0.0
2015-09-03 00:00:00-04:00,30.229999542236328,30.760000228881836,30.219999313354492,30.3700008392334,26.376880645751953,1868700,0.0,0.0
2015-09-04 00:00:00-04:00,30.040000915527344,30.729999542236328,29.670000076293945,29.809999465942383,25.890506744384766,1644200,0.0,0.0
2015-09-08 00:00:00-04:00,30.420000076293945,30.579999923706055,29.959999084472656,30.489999771118164,26.481101989746094,1261400,0.0,0.0
2015-09-09 00:00:00-04:00,30.6200008392334,30.81999969482422,30.1299991607666,30.25,26.272655487060547,1398300,0.0,0.0
2015-09-10 00:00:00-04:00,30.260000228881836,30.579999923706055,30.139999389648438,30.350000381469727,26.35951042175293,1032800,0.0,0.0
2015-09-11 00:00:00-04:00,30.219999313354492,30.360000610351562,29.860000610351562,30.309999465942383,26.32476806640625,1158200,0.0,0.0
2015-09-14 00:00:00-04:00,30.350000381469727,30.510000228881836,30.1299991607666,30.360000610351562,26.368194580078125,978400,0.0,0.0
2015-09-15 00:00:00-04:00,30.600000381469727,30.600000381469727,30.25,30.5,26.489784240722656,1134000,0.0,0.0
2015-09-16 00:00:00-04:00,30.549999237060547,30.760000228881836,30.149999618530273,30.670000076293945,26.637435913085938,1304100,0.0,0.0
2015-09-17 00:00:00-04:00,30.600000381469727,31.040000915527344,30.559999465942383,30.65999984741211,26.628753662109375,1107600,0.0,0.0
2015-09-18 00:00:00-04:00,30.170000076293945,30.350000381469727,29.889999389648438,29.940000534057617,26.00341796875,1858000,0.0,0.0
2015-09-21 00:00:00-04:00,30.229999542236328,30.719999313354492,30.139999389648438,30.59000015258789,26.567956924438477,1957500,0.0,0.0
2015-09-22 00:00:00-04:00,30.18000030517578,30.350000381469727,29.459999084472656,29.84000015258789,25.916563034057617,1577200,0.0,0.0
2015-09-23 00:00:00-04:00,29.739999771118164,29.860000610351562,29.420000076293945,29.489999771118164,25.61258316040039,1132100,0.0,0.0
2015-09-24 00:00:00-04:00,29.209999084472656,29.290000915527344,28.739999771118164,29.170000076293945,25.334657669067383,1704100,0.0,0.0
2015-09-25 00:00:00-04:00,29.3799991607666,29.440000534057617,29.06999969482422,29.1299991607666,25.29991340637207,1328800,0.0,0.0
2015-09-28 00:00:00-04:00,28.899999618530273,28.940000534057617,28.18000030517578,28.260000228881836,24.5443058013916,1262500,0.0,0.0
2015-09-29 00:00:00-04:00,28.350000381469727,28.3799991607666,27.809999465942383,27.940000534057617,24.266382217407227,1856300,0.0,0.0
2015-09-30 00:00:00-04:00,28.239999771118164,28.40999984741211,27.889999389648438,28.360000610351562,24.63115882873535,2766400,0.0,0.0
2015-10-01 00:00:00-04:00,28.3700008392334,28.700000762939453,28.1299991607666,28.440000534057617,24.700639724731445,1498600,0.0,0.0
2015-10-02 00:00:00-04:00,28.100000381469727,28.6299991607666,28.030000686645508,28.6200008392334,24.85697364807129,1692600,0.0,0.0
2015-10-05 00:00:00-04:00,28.829999923706055,29.969999313354492,28.780000686645508,29.079999923706055,25.256492614746094,1440600,0.0,0.0
2015-10-06 00:00:00-04:00,29.100000381469727,29.25,28.75,28.950000762939453,25.143585205078125,6120500,0.0,0.0
2015-10-07 00:00:00-04:00,29.06999969482422,29.209999084472656,28.709999084472656,28.829999923706055,25.039363861083984,1860900,0.0,0.0
2015-10-08 00:00:00-04:00,28.81999969482422,29.059999465942383,28.649999618530273,28.889999389648438,25.091474533081055,1580200,0.0,0.0
2015-10-09 00:00:00-04:00,28.8799991607666,29.280000686645508,28.450000762939453,28.559999465942383,24.80486488342285,1247500,0.0,0.0
2015-10-12 00:00:00-04:00,28.56999969482422,28.700000762939453,28.399999618530273,28.459999084472656,24.718008041381836,714200,0.0,0.0
2015-10-13 00:00:00-04:00,28.43000030517578,28.6299991607666,28.190000534057617,28.219999313354492,24.509567260742188,1060000,0.0,0.0
2015-10-14 00:00:00-04:00,28.190000534057617,28.280000686645508,27.739999771118164,27.790000915527344,24.136104583740234,1533900,0.0,0.0
2015-10-15 00:00:00-04:00,27.8700008392334,28.110000610351562,27.68000030517578,28.06999969482422,24.379289627075195,1161300,0.0,0.0
2015-10-16 00:00:00-04:00,28.149999618530273,28.149999618530273,27.739999771118164,27.799999237060547,24.144786834716797,1468000,0.0,0.0
2015-10-19 00:00:00-04:00,27.719999313354492,28.020000457763672,27.600000381469727,27.959999084472656,24.28375244140625,1512700,0.0,0.0
2015-10-20 00:00:00-04:00,28.0,28.059999465942383,27.729999542236328,27.850000381469727,24.188215255737305,1047300,0.0,0.0
2015-10-21 00:00:00-04:00,28.030000686645508,28.09000015258789,27.559999465942383,27.6299991607666,23.997142791748047,860400,0.0,0.0
2015-10-22 00:00:00-04:00,27.81999969482422,28.18000030517578,27.709999084472656,28.100000381469727,24.405349731445312,1249400,0.0,0.0
2015-10-23 00:00:00-04:00,27.93000030517578,28.34000015258789,27.81999969482422,28.280000686645508,24.561677932739258,1471100,0.0,0.0
2015-10-26 00:00:00-04:00,28.229999542236328,28.56999969482422,28.219999313354492,28.549999237060547,24.796175003051758,1733000,0.0,0.0
2015-10-27 00:00:00-04:00,28.530000686645508,28.59000015258789,28.09000015258789,28.190000534057617,24.48350715637207,1604400,0.0,0.0
2015-10-28 00:00:00-04:00,28.290000915527344,29.5,28.139999389648438,29.469999313354492,25.595211029052734,2647000,0.0,0.0
2015-10-29 00:00:00-04:00,29.329999923706055,30.31999969482422,29.059999465942383,29.940000534057617,26.00341796875,1859000,0.0,0.0
2015-10-30 00:00:00-04:00,29.889999389648438,29.950000762939453,27.709999084472656,29.610000610351562,25.71680450439453,1878000,0.0,0.0
2015-11-02 00:00:00-05:00,29.690000534057617,29.899999618530273,29.399999618530273,29.860000610351562,25.933937072753906,1360200,0.0,0.0
2015-11-03 00:00:00-05:00,29.899999618530273,29.989999771118164,29.809999465942383,29.940000534057617,26.00341796875,1302700,0.0,0.0
2015-11-04 00:00:00-05:00,29.950000762939453,30.09000015258789,29.700000762939453,30.040000915527344,26.09027099609375,1665500,0.0,0.0
2015-11-05 00:00:00-05:00,30.06999969482422,30.1299991607666,29.719999313354492,30.09000015258789,26.133691787719727,1347300,0.0,0.0
2015-11-06 00:00:00-05:00,30.040000915527344,30.139999389648438,29.8799991607666,30.079999923706055,26.125009536743164,1056600,0.0,0.0
2015-11-09 00:00:00-05:00,29.979999542236328,30.170000076293945,29.520000457763672,30.110000610351562,26.15106964111328,1405100,0.0,0.0
2015-11-10 00:00:00-05:00,30.010000228881836,30.399999618530273,29.920000076293945,30.399999618530273,26.402936935424805,1430000,0.0,0.0
2015-11-11 00:00:00-05:00,30.3799991607666,30.5,30.18000030517578,30.200000762939453,26.229228973388672,1021300,0.0,0.0
2015-11-12 00:00:00-05:00,29.889999389648438,30.06999969482422,29.610000610351562,29.6200008392334,25.725492477416992,1156200,0.0,0.0
2015-11-13 00:00:00-05:00,29.559999465942383,29.84000015258789,28.760000228881836,28.799999237060547,25.013309478759766,1799900,0.0,0.0
2015-11-16 00:00:00-05:00,28.799999237060547,29.420000076293945,28.690000534057617,29.399999618530273,25.534420013427734,1429200,0.0,0.0
2015-11-17 00:00:00-05:00,29.520000457763672,29.649999618530273,29.260000228881836,29.510000228881836,25.629953384399414,1282200,0.0,0.0
2015-11-18 00:00:00-05:00,29.690000534057617,29.690000534057617,29.1200008392334,29.450000762939453,25.577844619750977,1474800,0.0,0.0
2015-11-19 00:00:00-05:00,29.469999313354492,29.6299991607666,29.229999542236328,29.479999542236328,25.603900909423828,1005600,0.0,0.0
2015-11-20 00:00:00-05:00,29.670000076293945,29.860000610351562,29.389999389648438,29.56999969482422,25.682064056396484,909300,0.0,0.0
2015-11-23 00:00:00-05:00,29.530000686645508,29.969999313354492,29.239999771118164,29.790000915527344,25.873138427734375,903900,0.0,0.0
2015-11-24 00:00:00-05:00,29.5,29.829999923706055,29.399999618530273,29.790000915527344,25.873138427734375,1187000,0.0,0.0
2015-11-25 00:00:00-05:00,29.719999313354492,29.93000030517578,29.690000534057617,29.760000228881836,25.847084045410156,769000,0.0,0.0
2015-11-27 00:00:00-05:00,29.75,30.1299991607666,29.68000030517578,30.06999969482422,26.11632537841797,476000,0.0,0.0
2015-11-30 00:00:00-05:00,30.200000762939453,30.200000762939453,29.389999389648438,29.489999771118164,25.61258316040039,1979200,0.0,0.0
2015-12-01 00:00:00-05:00,29.549999237060547,29.8799991607666,29.479999542236328,29.700000762939453,25.794973373413086,1435500,0.0,0.0
2015-12-02 00:00:00-05:00,29.719999313354492,29.850000381469727,29.020000457763672,29.079999923706055,25.256492614746094,761500,0.0,0.0
2015-12-03 00:00:00-05:00,29.280000686645508,29.280000686645508,28.3799991607666,28.559999465942383,24.80486488342285,1721100,0.0,0.0
2015-12-04 00:00:00-05:00,28.549999237060547,29.09000015258789,28.549999237060547,29.030000686645508,25.21306610107422,1230400,0.0,0.0
2015-12-07 00:00:00-05:00,28.959999084472656,29.170000076293945,28.75,29.1299991607666,25.29991340637207,1196900,0.0,0.0
2015-12-08 00:00:00-05:00,29.010000228881836,29.420000076293945,28.829999923706055,29.360000610351562,25.499675750732422,1311100,0.0,0.0
2015-12-09 00:00:00-05:00,29.219999313354492,29.489999771118164,28.6299991607666,28.670000076293945,24.900400161743164,1209900,0.0,0.0
2015-12-10 00:00:00-05:00,28.739999771118164,28.780000686645508,28.299999237060547,28.649999618530273,24.883028030395508,1184000,0.0,0.0
2015-12-11 00:00:00-05:00,28.280000686645508,28.40999984741211,28.020000457763672,28.139999389648438,24.440086364746094,906200,0.0,0.0
2015-12-14 00:00:00-05:00,28.110000610351562,28.530000686645508,28.079999923706055,28.450000762939453,24.709325790405273,1194600,0.0,0.0
2015-12-15 00:00:00-05:00,28.690000534057617,28.950000762939453,28.510000228881836,28.540000915527344,24.787494659423828,1366200,0.0,0.0
2015-12-16 00:00:00-05:00,28.709999084472656,28.889999389648438,28.200000762939453,28.729999542236328,24.952510833740234,1255400,0.0,0.0
2015-12-17 00:00:00-05:00,28.739999771118164,28.790000915527344,27.969999313354492,27.989999771118164,24.3098087310791,1054500,0.0,0.0
2015-12-18 00:00:00-05:00,27.850000381469727,27.979999542236328,27.100000381469727,27.309999465942383,23.719209671020508,3357800,0.0,0.0
2015-12-21 00:00:00-05:00,27.3700008392334,27.90999984741211,27.079999923706055,27.350000381469727,23.753955841064453,1691300,0.0,0.0
2015-12-22 00:00:00-05:00,27.440000534057617,28.959999084472656,27.389999389648438,28.84000015258789,25.048044204711914,2217100,0.0,0.0
2015-12-23 00:00:00-05:00,29.030000686645508,29.6299991607666,28.959999084472656,29.459999084472656,25.586528778076172,1578200,0.0,0.0
2015-12-24 00:00:00-05:00,29.3700008392334,29.75,29.299999237060547,29.489999771118164,25.61258316040039,552900,0.0,0.0
2015-12-28 00:00:00-05:00,29.34000015258789,29.690000534057617,29.229999542236328,29.690000534057617,25.786293029785156,1141800,0.0,0.0
2015-12-29 00:00:00-05:00,29.829999923706055,30.110000610351562,29.709999084472656,30.030000686645508,26.08158302307129,1070800,0.0,0.0
2015-12-30 00:00:00-05:00,30.0,30.260000228881836,29.709999084472656,29.760000228881836,25.847084045410156,931500,0.0,0.0
2015-12-31 00:00:00-05:00,29.760000228881836,30.170000076293945,29.549999237060547,29.6299991607666,25.734174728393555,1182500,0.0,0.0
2016-01-04 00:00:00-05:00,29.270000457763672,29.489999771118164,28.610000610351562,28.84000015258789,25.048044204711914,2449200,0.0,0.0
2016-01-05 00:00:00-05:00,28.81999969482422,29.239999771118164,28.389999389648438,28.6200008392334,24.85697364807129,1171100,0.0,0.0
2016-01-06 00:00:00-05:00,28.049999237060547,28.549999237060547,28.030000686645508,28.40999984741211,24.67458724975586,1691500,0.0,0.0
2016-01-07 00:00:00-05:00,27.790000915527344,28.280000686645508,27.549999237060547,28.190000534057617,24.48350715637207,2904000,0.0,0.0
2016-01-08 00:00:00-05:00,28.459999084472656,28.700000762939453,27.059999465942383,27.110000610351562,23.545509338378906,1951000,0.0,0.0
2016-01-11 00:00:00-05:00,27.209999084472656,27.360000610351562,26.459999084472656,26.729999542236328,23.215476989746094,1889400,0.0,0.0
2016-01-12 00:00:00-05:00,27.020000457763672,27.3799991607666,26.540000915527344,27.020000457763672,23.467350006103516,1825400,0.0,0.0
2016-01-13 00:00:00-05:00,27.06999969482422,27.09000015258789,25.309999465942383,25.3799991607666,22.04297637939453,2225600,0.0,0.0
2016-01-14 00:00:00-05:00,25.3799991607666,26.06999969482422,25.280000686645508,25.81999969482422,22.425125122070312,2534800,0.0,0.0
2016-01-15 00:00:00-05:00,25.389999389648438,25.979999542236328,25.010000228881836,25.959999084472656,22.546716690063477,2706200,0.0,0.0
2016-01-19 00:00:00-05:00,26.200000762939453,26.360000610351562,25.40999984741211,25.739999771118164,22.355640411376953,1997900,0.0,0.0
2016-01-20 00:00:00-05:00,25.479999542236328,26.309999465942383,25.010000228881836,26.059999465942383,22.63357162475586,1951800,0.0,0.0
2016-01-21 00:00:00-05:00,26.100000381469727,26.65999984741211,25.899999618530273,26.34000015258789,22.876752853393555,2611700,0.0,0.0
2016-01-22 00:00:00-05:00,26.690000534057617,26.969999313354492,26.190000534057617,26.770000457763672,23.250215530395508,1649800,0.0,0.0
2016-01-25 00:00:00-05:00,26.719999313354492,26.899999618530273,25.520000457763672,26.059999465942383,22.63357162475586,1543500,0.0,0.0
2016-01-26 00:00:00-05:00,26.25,26.809999465942383,26.1200008392334,26.790000915527344,23.26758575439453,1358600,0.0,0.0
2016-01-27 00:00:00-05:00,26.65999984741211,26.719999313354492,25.959999084472656,26.149999618530273,22.711734771728516,1242900,0.0,0.0
2016-01-28 00:00:00-05:00,26.440000534057617,26.5,25.969999313354492,26.459999084472656,22.980972290039062,1301400,0.0,0.0
2016-01-29 00:00:00-05:00,26.5,27.40999984741211,26.5,27.399999618530273,23.797378540039062,1870400,0.0,0.0
2016-02-01 00:00:00-05:00,27.229999542236328,27.479999542236328,26.8700008392334,27.34000015258789,23.745271682739258,1520500,0.0,0.0
2016-02-02 00:00:00-05:00,27.110000610351562,27.510000228881836,26.75,26.780000686645508,23.258901596069336,1149700,0.0,0.0
2016-02-03 00:00:00-05:00,26.940000534057617,27.420000076293945,25.989999771118164,26.559999465942383,23.06782341003418,1500000,0.0,0.0
2016-02-04 00:00:00-05:00,26.40999984741211,26.549999237060547,25.84000015258789,26.399999618530273,22.928863525390625,1695000,0.0,0.0
2016-02-05 00:00:00-05:00,26.350000381469727,26.350000381469727,25.15999984741211,25.219999313354492,21.904014587402344,1511400,0.0,0.0
2016-02-08 00:00:00-05:00,24.81999969482422,25.0,24.440000534057617,24.920000076293945,21.64345932006836,1490200,0.0,0.0
2016-02-09 00:00:00-05:00,24.6299991607666,24.889999389648438,24.18000030517578,24.190000534057617,21.009437561035156,1981700,0.0,0.0
2016-02-10 00:00:00-05:00,24.40999984741211,25.010000228881836,24.110000610351562,24.540000915527344,21.31342124938965,1566800,0.0,0.0
2016-02-11 00:00:00-05:00,24.190000534057617,24.969999313354492,23.950000762939453,24.40999984741211,21.200515747070312,2057000,0.0,0.0
2016-02-12 00:00:00-05:00,24.719999313354492,26.299999237060547,24.43000030517578,25.030000686645508,21.73899269104004,1182200,0.0,0.0
2016-02-16 00:00:00-05:00,25.510000228881836,25.81999969482422,25.139999389648438,25.670000076293945,22.294845581054688,981600,0.0,0.0
2016-02-17 00:00:00-05:00,25.90999984741211,26.1299991607666,25.600000381469727,26.020000457763672,22.59882926940918,1146600,0.0,0.0
2016-02-18 00:00:00-05:00,25.979999542236328,26.459999084472656,25.770000457763672,25.940000534057617,22.529348373413086,991600,0.0,0.0
2016-02-19 00:00:00-05:00,25.850000381469727,26.329999923706055,25.68000030517578,26.309999465942383,22.850698471069336,845800,0.0,0.0
2016-02-22 00:00:00-05:00,26.520000457763672,26.780000686645508,25.770000457763672,26.0,22.581457138061523,2348200,0.0,0.0
2016-02-23 00:00:00-05:00,25.940000534057617,26.540000915527344,25.760000228881836,26.170000076293945,22.72910499572754,2170900,0.0,0.0
2016-02-24 00:00:00-05:00,25.780000686645508,26.040000915527344,24.829999923706055,25.940000534057617,22.529348373413086,3256400,0.0,0.0
2016-02-25 00:00:00-05:00,27.450000762939453,27.860000610351562,26.540000915527344,27.75,24.101364135742188,3684000,0.0,0.0
2016-02-26 00:00:00-05:00,28.020000457763672,28.200000762939453,27.360000610351562,28.15999984741211,24.457454681396484,1680100,0.0,0.0
2016-02-29 00:00:00-05:00,28.8799991607666,29.0,27.469999313354492,27.600000381469727,23.971086502075195,2891900,0.0,0.0
2016-03-01 00:00:00-05:00,27.790000915527344,28.549999237060547,27.65999984741211,28.540000915527344,24.787494659423828,2108700,0.0,0.0
2016-03-02 00:00:00-05:00,28.760000228881836,28.969999313354492,28.31999969482422,28.959999084472656,25.152273178100586,3231600,0.0,0.0
2016-03-03 00:00:00-05:00,28.850000381469727,29.420000076293945,28.579999923706055,29.40999984741211,25.543100357055664,1627900,0.0,0.0
2016-03-04 00:00:00-05:00,29.579999923706055,30.149999618530273,29.40999984741211,30.030000686645508,26.08158302307129,2550500,0.0,0.0
2016-03-07 00:00:00-05:00,29.959999084472656,30.469999313354492,29.600000381469727,30.440000534057617,26.43767738342285,1615100,0.0,0.0
2016-03-08 00:00:00-05:00,30.3700008392334,30.6200008392334,30.149999618530273,30.40999984741211,26.41162109375,2496400,0.0,0.0
2016-03-09 00:00:00-05:00,30.700000762939453,30.760000228881836,30.270000457763672,30.420000076293945,26.420305252075195,1403200,0.0,0.0
2016-03-10 00:00:00-05:00,30.479999542236328,30.68000030517578,29.959999084472656,30.5,26.489784240722656,1247700,0.0,0.0
2016-03-11 00:00:00-05:00,30.75,31.18000030517578,30.559999465942383,31.149999618530273,27.054325103759766,1724400,0.0,0.0
2016-03-14 00:00:00-04:00,31.200000762939453,31.299999237060547,30.799999237060547,30.829999923706055,26.776397705078125,2221500,0.0,0.0
2016-03-15 00:00:00-04:00,29.780000686645508,30.850000381469727,29.780000686645508,30.489999771118164,26.481101989746094,1936200,0.0,0.0
2016-03-16 00:00:00-04:00,30.530000686645508,30.84000015258789,30.270000457763672,30.809999465942383,26.759029388427734,1509400,0.0,0.0
2016-03-17 00:00:00-04:00,30.729999542236328,31.0,30.540000915527344,30.950000762939453,26.88062286376953,1365800,0.0,0.0
2016-03-18 00:00:00-04:00,30.799999237060547,31.239999771118164,30.280000686645508,30.829999923706055,26.776397705078125,2537500,0.0,0.0
2016-03-21 00:00:00-04:00,30.739999771118164,30.959999084472656,30.270000457763672,30.8700008392334,26.811138153076172,1722200,0.0,0.0
2016-03-22 00:00:00-04:00,30.639999389648438,31.110000610351562,30.5,30.809999465942383,26.759029388427734,1653200,0.0,0.0
2016-03-23 00:00:00-04:00,30.729999542236328,30.809999465942383,30.18000030517578,30.209999084472656,26.237918853759766,3080300,0.0,0.0
2016-03-24 00:00:00-04:00,29.989999771118164,30.170000076293945,29.81999969482422,30.1200008392334,26.15974998474121,2074900,0.0,0.0
2016-03-28 00:00:00-04:00,30.3700008392334,30.84000015258789,30.209999084472656,30.610000610351562,26.585325241088867,1659800,0.0,0.0
2016-03-29 00:00:00-04:00,30.6200008392334,30.93000030517578,30.399999618530273,30.899999618530273,26.83719253540039,2404100,0.0,0.0
2016-03-30 00:00:00-04:00,31.0,31.209999084472656,30.790000915527344,31.1200008392334,27.028268814086914,2040600,0.0,0.0
2016-03-31 00:00:00-04:00,31.1200008392334,32.119998931884766,31.079999923706055,31.93000030517578,27.731767654418945,2791200,0.0,0.0
2016-04-01 00:00:00-04:00,31.75,32.16999816894531,31.649999618530273,32.15999984741211,27.9315242767334,3572800,0.0,0.0
2016-04-04 00:00:00-04:00,32.13999938964844,32.349998474121094,31.739999771118164,32.290000915527344,28.04444122314453,2347300,0.0,0.0
2016-04-05 00:00:00-04:00,32.54999923706055,32.54999923706055,31.489999771118164,31.5,27.35830307006836,2410600,0.0,0.0
2016-04-06 00:00:00-04:00,31.479999542236328,31.670000076293945,31.079999923706055,31.639999389648438,27.47989845275879,1964900,0.0,0.0
2016-04-07 00:00:00-04:00,31.56999969482422,31.59000015258789,31.020000457763672,31.3700008392334,27.24539566040039,2154200,0.0,0.0
2016-04-08 00:00:00-04:00,31.540000915527344,31.760000228881836,31.260000228881836,31.639999389648438,27.47989845275879,1846400,0.0,0.0
2016-04-11 00:00:00-04:00,31.920000076293945,32.0,31.360000610351562,31.360000610351562,27.236711502075195,1950700,0.0,0.0
2016-04-12 00:00:00-04:00,31.56999969482422,32.400001525878906,31.360000610351562,32.290000915527344,28.04444122314453,2044200,0.0,0.0
2016-04-13 00:00:00-04:00,32.5,33.22999954223633,32.290000915527344,33.20000076293945,28.83478355407715,1702100,0.0,0.0
2016-04-14 00:00:00-04:00,33.29999923706055,33.400001525878906,32.9900016784668,33.06999969482422,28.721872329711914,1323500,0.0,0.0
2016-04-15 00:00:00-04:00,33.099998474121094,33.349998474121094,33.04999923706055,33.20000076293945,28.83478355407715,1242100,0.0,0.0
2016-04-18 00:00:00-04:00,33.040000915527344,33.45000076293945,32.97999954223633,33.209999084472656,28.843469619750977,1128100,0.0,0.0
2016-04-19 00:00:00-04:00,33.5,33.619998931884766,33.189998626708984,33.349998474121094,28.965063095092773,1256000,0.0,0.0
2016-04-20 00:00:00-04:00,33.310001373291016,33.63999938964844,32.970001220703125,33.54999923706055,29.138769149780273,1032700,0.0,0.0
2016-04-21 00:00:00-04:00,33.63999938964844,33.84000015258789,33.459999084472656,33.5099983215332,29.10402488708496,1381100,0.0,0.0
2016-04-22 00:00:00-04:00,33.5099983215332,33.70000076293945,33.2400016784668,33.2599983215332,28.88689613342285,2465100,0.0,0.0
2016-04-25 00:00:00-04:00,33.34000015258789,33.41999816894531,32.9900016784668,33.08000183105469,28.730567932128906,2209400,0.0,0.0
2016-04-26 00:00:00-04:00,33.310001373291016,34.060001373291016,33.189998626708984,33.95000076293945,29.486173629760742,1957800,0.0,0.0
2016-04-27 00:00:00-04:00,33.939998626708984,34.2599983215332,33.81999969482422,34.15999984741211,29.66856575012207,2169400,0.0,0.0
2016-04-28 00:00:00-04:00,33.91999816894531,34.209999084472656,32.7400016784668,32.88999938964844,28.565547943115234,2962100,0.0,0.0
2016-04-29 00:00:00-04:00,32.91999816894531,33.09000015258789,31.469999313354492,32.04999923706055,27.835987091064453,3832500,0.0,0.0
2016-05-02 00:00:00-04:00,32.04999923706055,32.470001220703125,31.719999313354492,32.459999084472656,28.192079544067383,3468500,0.0,0.0
2016-05-03 00:00:00-04:00,32.16999816894531,32.58000183105469,31.979999542236328,32.5,28.226818084716797,2149100,0.0,0.0
2016-05-04 00:00:00-04:00,32.2400016784668,32.709999084472656,32.2400016784668,32.439998626708984,28.174707412719727,1788100,0.0,0.0
2016-05-05 00:00:00-04:00,32.52000045776367,32.7400016784668,32.290000915527344,32.34000015258789,28.08785629272461,1903500,0.0,0.0
2016-05-06 00:00:00-04:00,32.15999984741211,32.58000183105469,32.0,32.5099983215332,28.235502243041992,917900,0.0,0.0
2016-05-09 00:00:00-04:00,32.400001525878906,32.869998931884766,32.349998474121094,32.61000061035156,28.322357177734375,1778500,0.0,0.0
2016-05-10 00:00:00-04:00,32.790000915527344,33.13999938964844,32.630001068115234,33.0,28.66107749938965,2214400,0.0,0.0
2016-05-11 00:00:00-04:00,33.04999923706055,33.189998626708984,32.5099983215332,32.56999969482422,28.28761863708496,1591300,0.0,0.0
2016-05-12 00:00:00-04:00,32.630001068115234,33.22999954223633,32.61000061035156,33.0,28.66107749938965,2038100,0.0,0.0
2016-05-13 00:00:00-04:00,32.970001220703125,32.97999954223633,32.2400016784668,32.29999923706055,28.053117752075195,1382300,0.0,0.0
2016-05-16 00:00:00-04:00,32.41999816894531,33.04999923706055,32.41999816894531,32.709999084472656,28.409212112426758,2231000,0.0,0.0
2016-05-17 00:00:00-04:00,32.54999923706055,32.91999816894531,31.940000534057617,32.18000030517578,27.948904037475586,1888700,0.0,0.0
2016-05-18 00:00:00-04:00,32.060001373291016,32.16999816894531,31.790000915527344,31.989999771118164,27.78388023376465,1584700,0.0,0.0
2016-05-19 00:00:00-04:00,31.700000762939453,31.760000228881836,31.229999542236328,31.459999084472656,27.323564529418945,5400400,0.0,0.0
2016-05-20 00:00:00-04:00,31.520000457763672,31.690000534057617,31.239999771118164,31.420000076293945,27.288822174072266,61585900,0.0,0.0
2016-05-23 00:00:00-04:00,31.610000610351562,32.25,31.309999465942383,31.899999618530273,27.705713272094727,3926500,0.0,0.0
2016-05-24 00:00:00-04:00,32.0099983215332,32.5099983215332,32.0099983215332,32.2599983215332,28.01837730407715,2445300,0.0,0.0
2016-05-25 00:00:00-04:00,32.2599983215332,33.0,32.150001525878906,32.93000030517578,28.600284576416016,2597100,0.0,0.0
2016-05-26 00:00:00-04:00,31.8799991607666,33.2400016784668,31.8799991607666,32.7400016784668,28.435270309448242,2363100,0.0,0.0
2016-05-27 00:00:00-04:00,32.90999984741211,33.189998626708984,32.58000183105469,33.189998626708984,28.82609748840332,1863400,0.0,0.0
2016-05-31 00:00:00-04:00,33.29999923706055,33.47999954223633,32.880001068115234,33.06999969482422,28.721872329711914,1500500,0.0,0.0
2016-06-01 00:00:00-04:00,32.779998779296875,33.189998626708984,32.470001220703125,32.689998626708984,28.39183807373047,1559400,0.0,0.0
2016-06-02 00:00:00-04:00,32.4900016784668,33.09000015258789,32.4900016784668,33.09000015258789,28.739242553710938,1977700,0.0,0.0
2016-06-03 00:00:00-04:00,32.849998474121094,32.970001220703125,32.47999954223633,32.93000030517578,28.600284576416016,1298300,0.0,0.0
2016-06-06 00:00:00-04:00,32.900001525878906,32.900001525878906,32.45000076293945,32.5,28.226818084716797,2153400,0.0,0.0
2016-06-07 00:00:00-04:00,32.470001220703125,33.2400016784668,32.470001220703125,33.04999923706055,28.704504013061523,2553800,0.0,0.0
2016-06-08 00:00:00-04:00,33.0099983215332,33.209999084472656,32.90999984741211,33.209999084472656,28.843469619750977,1660000,0.0,0.0
2016-06-09 00:00:00-04:00,33.02000045776367,33.31999969482422,32.97999954223633,33.11000061035156,28.756622314453125,2161400,0.0,0.0
2016-06-10 00:00:00-04:00,32.400001525878906,32.70000076293945,32.15999984741211,32.22999954223633,27.992326736450195,1471800,0.0,0.0
2016-06-13 00:00:00-04:00,32.220001220703125,32.45000076293945,32.0,32.13999938964844,27.914154052734375,1589900,0.0,0.0
2016-06-14 00:00:00-04:00,32.04999923706055,32.2599983215332,31.90999984741211,32.119998931884766,27.896780014038086,1349700,0.0,0.0
2016-06-15 00:00:00-04:00,32.189998626708984,32.75,32.11000061035156,32.439998626708984,28.174707412719727,1597100,0.0,0.0
2016-06-16 00:00:00-04:00,32.2599983215332,32.75,32.04999923706055,32.52000045776367,28.24419593811035,1264100,0.0,0.0
2016-06-17 00:00:00-04:00,32.52000045776367,32.7599983215332,32.27000045776367,32.58000183105469,28.296306610107422,1995900,0.0,0.0
2016-06-20 00:00:00-04:00,32.90999984741211,33.22999954223633,32.849998474121094,32.88999938964844,28.565547943115234,1723900,0.0,0.0
2016-06-21 00:00:00-04:00,32.91999816894531,33.22999954223633,32.560001373291016,32.77000045776367,28.461320877075195,1448900,0.0,0.0
2016-06-22 00:00:00-04:00,32.75,33.22999954223633,32.560001373291016,32.84000015258789,28.522119522094727,1644200,0.0,0.0
2016-06-23 00:00:00-04:00,33.220001220703125,33.619998931884766,33.04999923706055,33.61000061035156,29.19087791442871,2146700,0.0,0.0
2016-06-24 00:00:00-04:00,32.06999969482422,32.2599983215332,31.020000457763672,31.040000915527344,26.958786010742188,5765100,0.0,0.0
2016-06-27 00:00:00-04:00,30.8799991607666,30.93000030517578,29.3700008392334,29.520000457763672,25.63863754272461,4436600,0.0,0.0
2016-06-28 00:00:00-04:00,29.940000534057617,30.68000030517578,29.68000030517578,30.420000076293945,26.420305252075195,2083700,0.0,0.0
2016-06-29 00:00:00-04:00,30.809999465942383,31.549999237060547,30.540000915527344,31.350000381469727,27.228029251098633,2026100,0.0,0.0
2016-06-30 00:00:00-04:00,31.520000457763672,32.61000061035156,31.190000534057617,31.700000762939453,27.532011032104492,2499000,0.0,0.0
2016-07-01 00:00:00-04:00,31.700000762939453,32.150001525878906,31.489999771118164,32.119998931884766,27.896780014038086,2093900,0.0,0.0
2016-07-05 00:00:00-04:00,31.979999542236328,32.04999923706055,31.18000030517578,31.59000015258789,27.436471939086914,2484000,0.0,0.0
2016-07-06 00:00:00-04:00,31.479999542236328,31.950000762939453,31.40999984741211,31.760000228881836,27.58411979675293,3830700,0.0,0.0
2016-07-07 00:00:00-04:00,32.0,32.029998779296875,31.6299991607666,31.969999313354492,27.76650619506836,1393200,0.0,0.0
2016-07-08 00:00:00-04:00,32.38999938964844,33.15999984741211,32.099998474121094,33.09000015258789,28.739242553710938,2379000,0.0,0.0
2016-07-11 00:00:00-04:00,33.88999938964844,33.95000076293945,33.41999816894531,33.66999816894531,29.24298858642578,3117100,0.0,0.0
2016-07-12 00:00:00-04:00,33.849998474121094,34.02000045776367,33.369998931884766,33.38999938964844,28.999801635742188,1505300,0.0,0.0
2016-07-13 00:00:00-04:00,33.45000076293945,33.63999938964844,33.060001373291016,33.15999984741211,28.800046920776367,1402200,0.0,0.0
2016-07-14 00:00:00-04:00,33.47999954223633,33.529998779296875,33.20000076293945,33.400001525878906,29.008485794067383,1517300,0.0,0.0
2016-07-15 00:00:00-04:00,33.529998779296875,33.58000183105469,32.9900016784668,33.08000183105469,28.730567932128906,1488400,0.0,0.0
2016-07-18 00:00:00-04:00,33.029998779296875,33.189998626708984,32.63999938964844,32.66999816894531,28.374467849731445,1911800,0.0,0.0
2016-07-19 00:00:00-04:00,32.63999938964844,32.90999984741211,32.369998931884766,32.529998779296875,28.25287437438965,2067200,0.0,0.0
2016-07-20 00:00:00-04:00,32.66999816894531,32.939998626708984,32.5099983215332,32.88999938964844,28.565547943115234,853400,0.0,0.0
2016-07-21 00:00:00-04:00,32.88999938964844,33.20000076293945,32.779998779296875,32.97999954223633,28.64371109008789,1852400,0.0,0.0
2016-07-22 00:00:00-04:00,33.029998779296875,33.38999938964844,32.9900016784668,33.34000015258789,28.956375122070312,1079100,0.0,0.0
2016-07-25 00:00:00-04:00,33.2400016784668,33.7400016784668,33.2400016784668,33.619998931884766,29.199560165405273,1373400,0.0,0.0
2016-07-26 00:00:00-04:00,33.720001220703125,33.880001068115234,33.58000183105469,33.84000015258789,29.390640258789062,1826000,0.0,0.0
2016-07-27 00:00:00-04:00,33.90999984741211,34.2400016784668,33.84000015258789,34.13999938964844,29.65118980407715,2032200,0.0,0.0
2016-07-28 00:00:00-04:00,33.79999923706055,33.900001525878906,32.45000076293945,33.619998931884766,29.199560165405273,2385600,0.0,0.0
2016-07-29 00:00:00-04:00,33.65999984741211,34.5099983215332,33.630001068115234,34.38999938964844,29.86832046508789,2493800,0.0,0.0
2016-08-01 00:00:00-04:00,34.400001525878906,34.560001373291016,34.25,34.47999954223633,29.946491241455078,1917300,0.0,0.0
2016-08-02 00:00:00-04:00,34.459999084472656,34.650001525878906,34.25,34.5,29.963855743408203,2853500,0.0,0.0
2016-08-03 00:00:00-04:00,34.560001373291016,34.86000061035156,34.41999816894531,34.86000061035156,30.276521682739258,2007400,0.0,0.0
2016-08-04 00:00:00-04:00,34.91999816894531,35.08000183105469,34.59000015258789,34.66999816894531,30.111499786376953,2352900,0.0,0.0
2016-08-05 00:00:00-04:00,34.83000183105469,35.290000915527344,34.75,35.189998626708984,30.563140869140625,1512600,0.0,0.0
2016-08-08 00:00:00-04:00,35.33000183105469,35.5099983215332,34.81999969482422,34.91999816894531,30.32863426208496,1613900,0.0,0.0
2016-08-09 00:00:00-04:00,34.90999984741211,35.119998931884766,34.650001525878906,34.709999084472656,30.146244049072266,1477000,0.0,0.0
2016-08-10 00:00:00-04:00,34.83000183105469,35.0099983215332,34.689998626708984,34.95000076293945,30.35468101501465,2156700,0.0,0.0
2016-08-11 00:00:00-04:00,35.150001525878906,35.40999984741211,34.68000030517578,34.689998626708984,30.128875732421875,1137500,0.0,0.0
2016-08-12 00:00:00-04:00,34.689998626708984,35.33000183105469,34.45000076293945,34.650001525878906,30.09413719177246,1255200,0.0,0.0
2016-08-15 00:00:00-04:00,34.810001373291016,35.380001068115234,34.810001373291016,35.349998474121094,30.70209503173828,1471900,0.0,0.0
2016-08-16 00:00:00-04:00,35.27000045776367,35.459999084472656,35.06999969482422,35.16999816894531,30.545759201049805,1028100,0.0,0.0
2016-08-17 00:00:00-04:00,35.04999923706055,35.459999084472656,35.04999923706055,35.400001525878906,30.745525360107422,1906800,0.0,0.0
2016-08-18 00:00:00-04:00,35.33000183105469,35.459999084472656,35.13999938964844,35.459999084472656,30.797626495361328,1048300,0.0,0.0
2016-08-19 00:00:00-04:00,35.38999938964844,35.70000076293945,35.25,35.66999816894531,30.980024337768555,1288500,0.0,0.0
2016-08-22 00:00:00-04:00,35.66999816894531,35.70000076293945,35.38999938964844,35.599998474121094,30.919231414794922,1268000,0.0,0.0
2016-08-23 00:00:00-04:00,35.7599983215332,35.84000015258789,35.61000061035156,35.790000915527344,31.084239959716797,833600,0.0,0.0
2016-08-24 00:00:00-04:00,35.810001373291016,35.959999084472656,35.66999816894531,35.880001068115234,31.162410736083984,1153900,0.0,0.0
2016-08-25 00:00:00-04:00,35.77000045776367,35.9900016784668,35.650001525878906,35.86000061035156,31.145036697387695,1019300,0.0,0.0
2016-08-26 00:00:00-04:00,35.9900016784668,36.130001068115234,35.47999954223633,35.689998626708984,30.997394561767578,1299800,0.0,0.0
2016-08-29 00:00:00-04:00,35.7400016784668,36.13999938964844,35.709999084472656,35.97999954223633,31.249265670776367,1067500,0.0,0.0
2016-08-30 00:00:00-04:00,35.95000076293945,36.2400016784668,35.939998626708984,36.22999954223633,31.466388702392578,1220700,0.0,0.0
2016-08-31 00:00:00-04:00,36.27000045776367,36.349998474121094,35.86000061035156,36.09000015258789,31.344791412353516,1595900,0.0,0.0
2016-09-01 00:00:00-04:00,35.900001525878906,36.04999923706055,35.5,35.560001373291016,30.88449478149414,1805600,0.0,0.0
2016-09-02 00:00:00-04:00,35.70000076293945,35.88999938964844,35.5,35.790000915527344,31.084239959716797,1312000,0.0,0.0
2016-09-06 00:00:00-04:00,35.849998474121094,36.06999969482422,35.619998931884766,36.040000915527344,31.301380157470703,1605900,0.0,0.0
2016-09-07 00:00:00-04:00,36.060001373291016,36.27000045776367,35.97999954223633,36.220001220703125,31.457706451416016,990900,0.0,0.0
2016-09-08 00:00:00-04:00,36.18000030517578,36.29999923706055,35.72999954223633,35.72999954223633,31.032140731811523,1867500,0.0,0.0
2016-09-09 00:00:00-04:00,35.380001068115234,35.599998474121094,34.90999984741211,34.90999984741211,30.31995391845703,2183500,0.0,0.0
2016-09-12 00:00:00-04:00,34.849998474121094,35.470001220703125,34.689998626708984,35.43000030517578,30.771575927734375,1750300,0.0,0.0
2016-09-13 00:00:00-04:00,34.9900016784668,35.4900016784668,34.029998779296875,35.18000030517578,30.554447174072266,1951100,0.0,0.0
2016-09-14 00:00:00-04:00,35.189998626708984,35.56999969482422,35.099998474121094,35.43000030517578,30.771575927734375,1681200,0.0,0.0
2016-09-15 00:00:00-04:00,35.349998474121094,35.86000061035156,35.0099983215332,35.689998626708984,30.997394561767578,1641200,0.0,0.0
2016-09-16 00:00:00-04:00,35.2400016784668,35.540000915527344,34.939998626708984,35.459999084472656,30.797626495361328,2794600,0.0,0.0
2016-09-19 00:00:00-04:00,35.540000915527344,35.97999954223633,35.5099983215332,35.619998931884766,30.93659210205078,1741300,0.0,0.0
2016-09-20 00:00:00-04:00,35.77000045776367,35.90999984741211,35.27000045776367,35.290000915527344,30.649988174438477,1828500,0.0,0.0
2016-09-21 00:00:00-04:00,35.41999816894531,35.58000183105469,35.040000915527344,35.400001525878906,30.745525360107422,2155600,0.0,0.0
2016-09-22 00:00:00-04:00,35.619998931884766,35.86000061035156,35.349998474121094,35.7400016784668,31.040822982788086,2363800,0.0,0.0
2016-09-23 00:00:00-04:00,35.66999816894531,35.7599983215332,35.439998626708984,35.68000030517578,30.988706588745117,1561300,0.0,0.0
2016-09-26 00:00:00-04:00,35.56999969482422,35.650001525878906,35.04999923706055,35.29999923706055,30.658672332763672,1561700,0.0,0.0
2016-09-27 00:00:00-04:00,35.25,35.439998626708984,35.06999969482422,35.40999984741211,30.75420570373535,1860400,0.0,0.0
2016-09-28 00:00:00-04:00,35.52000045776367,35.560001373291016,35.2400016784668,35.52000045776367,30.849748611450195,3639300,0.0,0.0
2016-09-29 00:00:00-04:00,35.439998626708984,35.70000076293945,35.189998626708984,35.2400016784668,30.6065616607666,2625000,0.0,0.0
2016-09-30 00:00:00-04:00,35.459999084472656,35.599998474121094,35.20000076293945,35.459999084472656,30.797626495361328,1916400,0.0,0.0
2016-10-03 00:00:00-04:00,35.310001373291016,35.58000183105469,35.15999984741211,35.209999084472656,30.580503463745117,1164700,0.0,0.0
2016-10-04 00:00:00-04:00,35.16999816894531,35.2400016784668,34.130001068115234,34.189998626708984,29.694616317749023,3213500,0.0,0.0
2016-10-05 00:00:00-04:00,34.5,34.540000915527344,33.529998779296875,33.619998931884766,29.199560165405273,4852300,0.0,0.0
2016-10-06 00:00:00-04:00,33.45000076293945,34.040000915527344,32.81999969482422,33.2400016784668,28.86952781677246,2972000,0.0,0.0
2016-10-07 00:00:00-04:00,33.25,33.41999816894531,33.02000045776367,33.20000076293945,28.83478355407715,2151400,0.0,0.0
2016-10-10 00:00:00-04:00,33.45000076293945,33.810001373291016,33.45000076293945,33.54999923706055,29.138769149780273,1985000,0.0,0.0
2016-10-11 00:00:00-04:00,33.4900016784668,33.650001525878906,33.0,33.11000061035156,28.756622314453125,1543100,0.0,0.0
2016-10-12 00:00:00-04:00,33.150001525878906,33.56999969482422,32.9900016784668,33.310001373291016,28.930320739746094,1447600,0.0,0.0
2016-10-13 00:00:00-04:00,32.970001220703125,33.13999938964844,32.900001525878906,32.959999084472656,28.626340866088867,1707900,0.0,0.0
2016-10-14 00:00:00-04:00,33.150001525878906,33.349998474121094,32.79999923706055,32.84000015258789,28.522119522094727,1820200,0.0,0.0
2016-10-17 00:00:00-04:00,32.779998779296875,33.130001068115234,32.65999984741211,33.029998779296875,28.6871337890625,1588900,0.0,0.0
2016-10-18 00:00:00-04:00,33.400001525878906,33.59000015258789,32.81999969482422,32.93000030517578,28.600284576416016,1970300,0.0,0.0
2016-10-19 00:00:00-04:00,32.470001220703125,33.099998474121094,32.470001220703125,32.939998626708984,28.608966827392578,1255700,0.0,0.0
2016-10-20 00:00:00-04:00,32.86000061035156,33.08000183105469,32.77000045776367,32.97999954223633,28.64371109008789,1679100,0.0,0.0
2016-10-21 00:00:00-04:00,32.75,32.88999938964844,32.47999954223633,32.869998931884766,28.548166275024414,1336700,0.0,0.0
2016-10-24 00:00:00-04:00,33.029998779296875,33.2599983215332,32.9900016784668,33.04999923706055,28.704504013061523,1385700,0.0,0.0
2016-10-25 00:00:00-04:00,32.959999084472656,33.400001525878906,32.75,32.970001220703125,28.635028839111328,1233900,0.0,0.0
2016-10-26 00:00:00-04:00,32.83000183105469,33.400001525878906,32.7400016784668,33.2599983215332,28.88689613342285,2457500,0.0,0.0
2016-10-27 00:00:00-04:00,30.780000686645508,32.470001220703125,29.56999969482422,31.81999969482422,27.63623046875,8544300,0.0,0.0
2016-10-28 00:00:00-04:00,31.940000534057617,32.2400016784668,31.770000457763672,32.119998931884766,27.896780014038086,3145200,0.0,0.0
2016-10-31 00:00:00-04:00,32.25,32.63999938964844,31.920000076293945,32.279998779296875,28.035743713378906,2491200,0.0,0.0
2016-11-01 00:00:00-04:00,32.34000015258789,32.470001220703125,31.739999771118164,31.969999313354492,27.76650619506836,2173900,0.0,0.0
2016-11-02 00:00:00-04:00,31.969999313354492,32.060001373291016,31.549999237060547,31.799999237060547,27.618858337402344,2012200,0.0,0.0
2016-11-03 00:00:00-04:00,31.809999465942383,32.58000183105469,31.079999923706055,31.190000534057617,27.08906364440918,2132000,0.0,0.0
2016-11-04 00:00:00-04:00,31.350000381469727,31.790000915527344,31.209999084472656,31.389999389648438,27.26276969909668,1910300,0.0,0.0
2016-11-07 00:00:00-05:00,31.969999313354492,32.84000015258789,31.6299991607666,31.790000915527344,27.610170364379883,1970000,0.0,0.0
2016-11-08 00:00:00-05:00,31.649999618530273,32.029998779296875,31.43000030517578,31.940000534057617,27.740455627441406,1588900,0.0,0.0
2016-11-09 00:00:00-05:00,31.40999984741211,32.130001068115234,30.979999542236328,32.09000015258789,27.870725631713867,1926000,0.0,0.0
2016-11-10 00:00:00-05:00,32.220001220703125,32.56999969482422,31.75,31.8700008392334,27.679655075073242,2167800,0.0,0.0
2016-11-11 00:00:00-05:00,31.780000686645508,32.27000045776367,31.729999542236328,32.20000076293945,27.96626853942871,1748800,0.0,0.0
2016-11-14 00:00:00-05:00,32.29999923706055,32.75,32.20000076293945,32.52000045776367,28.24419593811035,2007400,0.0,0.0
2016-11-15 00:00:00-05:00,32.63999938964844,32.90999984741211,32.47999954223633,32.900001525878906,28.574234008789062,1465900,0.0,0.0
2016-11-16 00:00:00-05:00,32.88999938964844,33.310001373291016,32.709999084472656,33.040000915527344,28.695816040039062,1976000,0.0,0.0
2016-11-17 00:00:00-05:00,32.970001220703125,33.189998626708984,32.56999969482422,32.66999816894531,28.374467849731445,1312300,0.0,0.0
2016-11-18 00:00:00-05:00,32.56999969482422,32.619998931884766,32.13999938964844,32.25,28.009695053100586,1777900,0.0,0.0
2016-11-21 00:00:00-05:00,32.279998779296875,32.72999954223633,32.220001220703125,32.68000030517578,28.38315200805664,1427300,0.0,0.0
2016-11-22 00:00:00-05:00,32.79999923706055,33.34000015258789,32.720001220703125,33.220001220703125,28.852155685424805,1492500,0.0,0.0
2016-11-23 00:00:00-05:00,33.20000076293945,33.540000915527344,33.04999923706055,33.290000915527344,28.912952423095703,1039500,0.0,0.0
2016-11-25 00:00:00-05:00,33.34000015258789,33.52000045776367,33.16999816894531,33.439998626708984,29.04322624206543,385900,0.0,0.0
2016-11-28 00:00:00-05:00,33.36000061035156,33.40999984741211,32.90999984741211,33.27000045776367,28.895578384399414,1192100,0.0,0.0
2016-11-29 00:00:00-05:00,33.38999938964844,33.59000015258789,32.959999084472656,33.0099983215332,28.669769287109375,1705900,0.0,0.0
2016-11-30 00:00:00-05:00,33.02000045776367,33.279998779296875,32.810001373291016,32.83000183105469,28.5134334564209,1653400,0.0,0.0
2016-12-01 00:00:00-05:00,32.84000015258789,33.25,32.470001220703125,32.59000015258789,28.304990768432617,2338300,0.0,0.0
2016-12-02 00:00:00-05:00,32.59000015258789,32.90999984741211,32.099998474121094,32.2400016784668,28.00101089477539,2139300,0.0,0.0
2016-12-05 00:00:00-05:00,32.52000045776367,32.959999084472656,32.36000061035156,32.66999816894531,28.374467849731445,1856200,0.0,0.0
2016-12-06 00:00:00-05:00,32.68000030517578,33.15999984741211,32.470001220703125,33.04999923706055,28.704504013061523,1325200,0.0,0.0
2016-12-07 00:00:00-05:00,33.08000183105469,33.79999923706055,32.900001525878906,33.599998474121094,29.18218994140625,4860400,0.0,0.0
2016-12-08 00:00:00-05:00,33.61000061035156,33.97999954223633,33.41999816894531,33.65999984741211,29.234302520751953,1821100,0.0,0.0
2016-12-09 00:00:00-05:00,33.68000030517578,34.29999923706055,33.5099983215332,34.290000915527344,29.781471252441406,1584600,0.0,0.0
2016-12-12 00:00:00-05:00,34.099998474121094,34.130001068115234,33.060001373291016,33.27000045776367,28.895578384399414,1973500,0.0,0.0
2016-12-13 00:00:00-05:00,33.33000183105469,33.7599983215332,32.91999816894531,33.36000061035156,28.973745346069336,1839200,0.0,0.0
2016-12-14 00:00:00-05:00,33.380001068115234,33.40999984741211,32.369998931884766,32.400001525878906,28.139968872070312,2473900,0.0,0.0
2016-12-15 00:00:00-05:00,32.38999938964844,32.720001220703125,32.06999969482422,32.56999969482422,28.28761863708496,2817800,0.0,0.0
2016-12-16 00:00:00-05:00,32.66999816894531,32.900001525878906,32.310001373291016,32.43000030517578,28.166027069091797,2430300,0.0,0.0
2016-12-19 00:00:00-05:00,32.400001525878906,32.81999969482422,31.780000686645508,31.989999771118164,27.78388023376465,1868300,0.0,0.0
2016-12-20 00:00:00-05:00,31.979999542236328,32.310001373291016,31.790000915527344,32.02000045776367,27.809932708740234,1748300,0.0,0.0
2016-12-21 00:00:00-05:00,31.950000762939453,32.4900016784668,31.899999618530273,32.369998931884766,28.11391830444336,1684300,0.0,0.0
2016-12-22 00:00:00-05:00,32.189998626708984,32.400001525878906,30.790000915527344,30.940000534057617,26.87193489074707,2452200,0.0,0.0
2016-12-23 00:00:00-05:00,31.010000228881836,31.239999771118164,30.799999237060547,30.93000030517578,26.863248825073242,1620100,0.0,0.0
2016-12-27 00:00:00-05:00,31.040000915527344,31.43000030517578,31.040000915527344,31.329999923706055,27.210657119750977,954300,0.0,0.0
2016-12-28 00:00:00-05:00,31.440000534057617,31.450000762939453,30.809999465942383,30.8799991607666,26.819822311401367,1408600,0.0,0.0
2016-12-29 00:00:00-05:00,30.920000076293945,31.09000015258789,30.770000457763672,30.8799991607666,26.819822311401367,796000,0.0,0.0
2016-12-30 00:00:00-05:00,30.989999771118164,31.239999771118164,30.540000915527344,30.649999618530273,26.62006378173828,1142900,0.0,0.0
2017-01-03 00:00:00-05:00,30.989999771118164,31.360000610351562,30.709999084472656,31.030000686645508,26.95009994506836,1838300,0.0,0.0
2017-01-04 00:00:00-05:00,31.079999923706055,31.290000915527344,30.979999542236328,31.239999771118164,27.132492065429688,2265800,0.0,0.0
2017-01-05 00:00:00-05:00,31.149999618530273,31.34000015258789,30.809999465942383,31.260000228881836,27.14986228942871,2371300,0.0,0.0
2017-01-06 00:00:00-05:00,31.260000228881836,31.969999313354492,30.93000030517578,31.670000076293945,27.50595474243164,2559200,0.0,0.0
2017-01-09 00:00:00-05:00,31.65999984741211,31.709999084472656,31.15999984741211,31.190000534057617,27.08906364440918,2029900,0.0,0.0
2017-01-10 00:00:00-05:00,31.110000610351562,31.520000457763672,31.110000610351562,31.260000228881836,27.14986228942871,1482500,0.0,0.0
2017-01-11 00:00:00-05:00,31.190000534057617,31.3700008392334,30.979999542236328,31.18000030517578,27.080381393432617,2135400,0.0,0.0
2017-01-12 00:00:00-05:00,31.1299991607666,31.700000762939453,31.020000457763672,31.639999389648438,27.47989845275879,1669600,0.0,0.0
2017-01-13 00:00:00-05:00,31.75,31.860000610351562,31.43000030517578,31.799999237060547,27.618858337402344,1177100,0.0,0.0
2017-01-17 00:00:00-05:00,31.68000030517578,31.809999465942383,31.450000762939453,31.600000381469727,27.44515609741211,1652800,0.0,0.0
2017-01-18 00:00:00-05:00,31.6200008392334,31.8700008392334,31.399999618530273,31.8700008392334,27.679655075073242,1354500,0.0,0.0
2017-01-19 00:00:00-05:00,31.93000030517578,31.989999771118164,31.3799991607666,31.479999542236328,27.340930938720703,3889900,0.0,0.0
2017-01-20 00:00:00-05:00,31.65999984741211,31.8700008392334,31.3799991607666,31.6200008392334,27.462526321411133,1916500,0.0,0.0
2017-01-23 00:00:00-05:00,31.540000915527344,31.93000030517578,31.389999389648438,31.65999984741211,27.497268676757812,1740400,0.0,0.0
2017-01-24 00:00:00-05:00,31.829999923706055,31.8799991607666,31.459999084472656,31.479999542236328,27.340930938720703,2996600,0.0,0.0
2017-01-25 00:00:00-05:00,31.65999984741211,31.899999618530273,31.5,31.610000610351562,27.453842163085938,2180300,0.0,0.0
2017-01-26 00:00:00-05:00,31.65999984741211,31.850000381469727,31.389999389648438,31.59000015258789,27.436471939086914,1580200,0.0,0.0
2017-01-27 00:00:00-05:00,31.579999923706055,31.670000076293945,31.239999771118164,31.469999313354492,27.332246780395508,1675500,0.0,0.0
2017-01-30 00:00:00-05:00,31.420000076293945,31.860000610351562,31.040000915527344,31.850000381469727,27.662282943725586,2563600,0.0,0.0
2017-01-31 00:00:00-05:00,31.770000457763672,31.920000076293945,31.520000457763672,31.90999984741211,27.714397430419922,2489900,0.0,0.0
2017-02-01 00:00:00-05:00,31.90999984741211,32.16999816894531,31.469999313354492,31.700000762939453,27.532011032104492,2051900,0.0,0.0
2017-02-02 00:00:00-05:00,31.639999389648438,31.75,31.459999084472656,31.739999771118164,27.566749572753906,1184100,0.0,0.0
2017-02-03 00:00:00-05:00,31.719999313354492,32.08000183105469,31.610000610351562,31.959999084472656,27.7578182220459,1807500,0.0,0.0
2017-02-06 00:00:00-05:00,31.8799991607666,31.979999542236328,31.43000030517578,31.479999542236328,27.340930938720703,2595200,0.0,0.0
2017-02-07 00:00:00-05:00,31.6200008392334,31.639999389648438,30.729999542236328,30.889999389648438,26.82850456237793,2365700,0.0,0.0
2017-02-08 00:00:00-05:00,30.889999389648438,30.989999771118164,30.579999923706055,30.639999389648438,26.611377716064453,1946000,0.0,0.0
2017-02-09 00:00:00-05:00,30.6299991607666,31.239999771118164,30.610000610351562,31.239999771118164,27.132492065429688,2316000,0.0,0.0
2017-02-10 00:00:00-05:00,31.260000228881836,31.350000381469727,31.09000015258789,31.200000762939453,27.097749710083008,1463200,0.0,0.0
2017-02-13 00:00:00-05:00,31.25,31.3799991607666,31.149999618530273,31.350000381469727,27.228029251098633,1516900,0.0,0.0
2017-02-14 00:00:00-05:00,31.3799991607666,31.65999984741211,31.030000686645508,31.65999984741211,27.497268676757812,1608500,0.0,0.0
2017-02-15 00:00:00-05:00,31.510000228881836,32.060001373291016,31.3700008392334,31.920000076293945,27.72308349609375,1627100,0.0,0.0
2017-02-16 00:00:00-05:00,31.90999984741211,32.06999969482422,31.75,31.979999542236328,27.775192260742188,2379300,0.0,0.0
2017-02-17 00:00:00-05:00,31.8799991607666,31.989999771118164,31.610000610351562,31.940000534057617,27.740455627441406,2292400,0.0,0.0
2017-02-21 00:00:00-05:00,32.13999938964844,32.900001525878906,32.09000015258789,32.83000183105469,28.5134334564209,3138300,0.0,0.0
2017-02-22 00:00:00-05:00,32.72999954223633,33.16999816894531,32.459999084472656,33.04999923706055,28.704504013061523,4378400,0.0,0.0
2017-02-23 00:00:00-05:00,32.0,32.099998474121094,31.09000015258789,31.579999923706055,27.427783966064453,6674400,0.0,0.0
2017-02-24 00:00:00-05:00,31.559999465942383,31.940000534057617,31.399999618530273,31.8799991607666,27.688343048095703,5093100,0.0,0.0
2017-02-27 00:00:00-05:00,31.920000076293945,32.0,31.540000915527344,31.59000015258789,27.436471939086914,3728400,0.0,0.0
2017-02-28 00:00:00-05:00,31.479999542236328,31.799999237060547,31.190000534057617,31.579999923706055,27.427783966064453,4050800,0.0,0.0
2017-03-01 00:00:00-05:00,31.899999618530273,32.29999923706055,31.729999542236328,32.2599983215332,28.01837730407715,2344500,0.0,0.0
2017-03-02 00:00:00-05:00,32.13999938964844,32.290000915527344,31.530000686645508,31.559999465942383,27.410415649414062,3171700,0.0,0.0
2017-03-03 00:00:00-05:00,31.59000015258789,31.729999542236328,31.420000076293945,31.709999084472656,27.540693283081055,3160000,0.0,0.0
2017-03-06 00:00:00-05:00,31.579999923706055,31.75,31.299999237060547,31.309999465942383,27.19328498840332,2783100,0.0,0.0
2017-03-07 00:00:00-05:00,31.290000915527344,31.399999618530273,30.829999923706055,30.889999389648438,26.82850456237793,2234600,0.0,0.0
2017-03-08 00:00:00-05:00,30.920000076293945,31.260000228881836,30.690000534057617,30.700000762939453,26.663496017456055,2129100,0.0,0.0
2017-03-09 00:00:00-05:00,30.6299991607666,30.760000228881836,30.3700008392334,30.440000534057617,26.43767738342285,2752300,0.0,0.0
2017-03-10 00:00:00-05:00,30.68000030517578,30.690000534057617,29.950000762939453,30.0,26.05552864074707,4782200,0.0,0.0
2017-03-13 00:00:00-04:00,30.0,30.260000228881836,29.93000030517578,30.229999542236328,26.255287170410156,2380800,0.0,0.0
2017-03-14 00:00:00-04:00,29.479999542236328,30.229999542236328,29.479999542236328,30.149999618530273,26.185802459716797,1629700,0.0,0.0
2017-03-15 00:00:00-04:00,30.18000030517578,30.309999465942383,29.959999084472656,30.18000030517578,26.21186065673828,2559900,0.0,0.0
2017-03-16 00:00:00-04:00,30.229999542236328,30.540000915527344,30.219999313354492,30.40999984741211,26.41162109375,2102400,0.0,0.0
2017-03-17 00:00:00-04:00,30.59000015258789,30.670000076293945,30.139999389648438,30.309999465942383,26.32476806640625,3093800,0.0,0.0
2017-03-20 00:00:00-04:00,30.309999465942383,30.399999618530273,29.969999313354492,29.989999771118164,26.046842575073242,1364200,0.0,0.0
2017-03-21 00:00:00-04:00,30.1299991607666,30.280000686645508,29.639999389648438,29.649999618530273,25.75154685974121,2304400,0.0,0.0
2017-03-22 00:00:00-04:00,29.719999313354492,29.81999969482422,29.459999084472656,29.670000076293945,25.7689151763916,1926400,0.0,0.0
2017-03-23 00:00:00-04:00,29.700000762939453,29.809999465942383,29.5,29.540000915527344,25.65601348876953,2160000,0.0,0.0
2017-03-24 00:00:00-04:00,29.540000915527344,29.700000762939453,29.260000228881836,29.389999389648438,25.52573013305664,1853900,0.0,0.0
2017-03-27 00:00:00-04:00,29.18000030517578,29.450000762939453,29.030000686645508,29.389999389648438,25.52573013305664,4330500,0.0,0.0
2017-03-28 00:00:00-04:00,29.270000457763672,29.649999618530273,29.09000015258789,29.6200008392334,25.725492477416992,3832100,0.0,0.0
2017-03-29 00:00:00-04:00,29.610000610351562,29.81999969482422,29.530000686645508,29.649999618530273,25.75154685974121,1781000,0.0,0.0
2017-03-30 00:00:00-04:00,29.559999465942383,29.889999389648438,29.520000457763672,29.600000381469727,25.708120346069336,1613400,0.0,0.0
2017-03-31 00:00:00-04:00,29.6200008392334,29.790000915527344,29.239999771118164,29.270000457763672,25.4215087890625,3239200,0.0,0.0
2017-04-03 00:00:00-04:00,29.139999389648438,29.389999389648438,28.600000381469727,28.700000762939453,24.926456451416016,2959900,0.0,0.0
2017-04-04 00:00:00-04:00,28.690000534057617,28.780000686645508,28.280000686645508,28.350000381469727,24.622472763061523,3092300,0.0,0.0
2017-04-05 00:00:00-04:00,28.5,28.700000762939453,27.889999389648438,27.950000762939453,24.275066375732422,3036000,0.0,0.0
2017-04-06 00:00:00-04:00,28.040000915527344,28.239999771118164,27.8799991607666,28.110000610351562,24.414033889770508,3351600,0.0,0.0
2017-04-07 00:00:00-04:00,28.09000015258789,28.15999984741211,27.850000381469727,28.059999465942383,24.370603561401367,2547100,0.0,0.0
2017-04-10 00:00:00-04:00,28.040000915527344,28.440000534057617,28.020000457763672,28.309999465942383,24.587736129760742,2348800,0.0,0.0
2017-04-11 00:00:00-04:00,28.270000457763672,28.6200008392334,28.219999313354492,28.6200008392334,24.85697364807129,2416800,0.0,0.0
2017-04-12 00:00:00-04:00,28.5,28.6200008392334,28.040000915527344,28.139999389648438,24.440086364746094,2889500,0.0,0.0
2017-04-13 00:00:00-04:00,28.110000610351562,28.34000015258789,27.93000030517578,27.940000534057617,24.266382217407227,1643200,0.0,0.0
2017-04-17 00:00:00-04:00,27.989999771118164,28.229999542236328,27.889999389648438,28.079999923706055,24.387975692749023,1537500,0.0,0.0
2017-04-18 00:00:00-04:00,27.979999542236328,28.290000915527344,27.959999084472656,28.219999313354492,24.509567260742188,1536000,0.0,0.0
2017-04-19 00:00:00-04:00,28.329999923706055,28.600000381469727,28.260000228881836,28.489999771118164,24.744062423706055,1404800,0.0,0.0
2017-04-20 00:00:00-04:00,28.540000915527344,29.020000457763672,28.540000915527344,28.979999542236328,25.16963768005371,1954200,0.0,0.0
2017-04-21 00:00:00-04:00,28.959999084472656,29.020000457763672,28.799999237060547,29.010000228881836,25.195697784423828,1594200,0.0,0.0
2017-04-24 00:00:00-04:00,29.299999237060547,29.520000457763672,28.979999542236328,29.43000030517578,25.560474395751953,2980700,0.0,0.0
2017-04-25 00:00:00-04:00,29.56999969482422,29.81999969482422,29.43000030517578,29.770000457763672,25.855772018432617,2656600,0.0,0.0
2017-04-26 00:00:00-04:00,29.799999237060547,30.520000457763672,29.739999771118164,30.190000534057617,26.22054672241211,4891000,0.0,0.0
2017-04-27 00:00:00-04:00,31.700000762939453,32.470001220703125,30.989999771118164,31.190000534057617,27.08906364440918,4552800,0.0,0.0
2017-04-28 00:00:00-04:00,31.309999465942383,31.780000686645508,31.110000610351562,31.239999771118164,27.132492065429688,3272400,0.0,0.0
2017-05-01 00:00:00-04:00,31.540000915527344,31.8700008392334,31.350000381469727,31.440000534057617,27.306194305419922,3003600,0.0,0.0
2017-05-02 00:00:00-04:00,31.459999084472656,31.760000228881836,31.290000915527344,31.459999084472656,27.323564529418945,2100200,0.0,0.0
2017-05-03 00:00:00-04:00,31.329999923706055,31.459999084472656,30.969999313354492,31.200000762939453,27.097749710083008,1900400,0.0,0.0
2017-05-04 00:00:00-04:00,31.299999237060547,31.299999237060547,30.899999618530273,31.049999237060547,26.967472076416016,1741400,0.0,0.0
2017-05-05 00:00:00-04:00,31.260000228881836,31.610000610351562,31.229999542236328,31.520000457763672,27.375675201416016,1823600,0.0,0.0
2017-05-08 00:00:00-04:00,31.600000381469727,31.649999618530273,31.260000228881836,31.420000076293945,27.288822174072266,1529500,0.0,0.0
2017-05-09 00:00:00-04:00,31.420000076293945,31.729999542236328,31.350000381469727,31.40999984741211,27.280136108398438,1806700,0.0,0.0
2017-05-10 00:00:00-04:00,31.360000610351562,31.459999084472656,31.139999389648438,31.290000915527344,27.175918579101562,1256300,0.0,0.0
2017-05-11 00:00:00-04:00,31.139999389648438,31.200000762939453,30.780000686645508,31.030000686645508,26.95009994506836,1098500,0.0,0.0
2017-05-12 00:00:00-04:00,30.93000030517578,31.260000228881836,30.75,31.020000457763672,26.941417694091797,1307400,0.0,0.0
2017-05-15 00:00:00-04:00,31.1299991607666,31.489999771118164,30.989999771118164,31.170000076293945,27.071691513061523,984400,0.0,0.0
2017-05-16 00:00:00-04:00,31.350000381469727,31.350000381469727,30.93000030517578,30.979999542236328,26.906673431396484,1350000,0.0,0.0
2017-05-17 00:00:00-04:00,30.729999542236328,30.959999084472656,30.639999389648438,30.729999542236328,26.68954086303711,1844700,0.0,0.0
2017-05-18 00:00:00-04:00,30.729999542236328,31.3700008392334,30.610000610351562,30.8700008392334,26.811138153076172,1833700,0.0,0.0
2017-05-19 00:00:00-04:00,30.90999984741211,31.149999618530273,30.760000228881836,31.049999237060547,26.967472076416016,1521700,0.0,0.0
2017-05-22 00:00:00-04:00,31.1299991607666,31.969999313354492,31.1299991607666,31.450000762939453,27.314878463745117,1353800,0.0,0.0
2017-05-23 00:00:00-04:00,31.530000686645508,31.530000686645508,31.149999618530273,31.270000457763672,27.158544540405273,1914100,0.0,0.0
2017-05-24 00:00:00-04:00,31.309999465942383,31.350000381469727,31.09000015258789,31.260000228881836,27.14986228942871,1160000,0.0,0.0
2017-05-25 00:00:00-04:00,31.3700008392334,31.610000610351562,31.200000762939453,31.510000228881836,27.366989135742188,1211900,0.0,0.0
2017-05-26 00:00:00-04:00,31.530000686645508,31.59000015258789,31.329999923706055,31.549999237060547,27.401729583740234,2154300,0.0,0.0
2017-05-30 00:00:00-04:00,31.489999771118164,31.610000610351562,31.219999313354492,31.350000381469727,27.228029251098633,1378700,0.0,0.0
2017-05-31 00:00:00-04:00,31.40999984741211,31.549999237060547,31.1299991607666,31.489999771118164,27.34962272644043,1624800,0.0,0.0
2017-06-01 00:00:00-04:00,31.579999923706055,32.400001525878906,31.25,32.34000015258789,28.08785629272461,2145000,0.0,0.0
2017-06-02 00:00:00-04:00,32.31999969482422,32.439998626708984,32.150001525878906,32.33000183105469,28.07917594909668,1046900,0.0,0.0
2017-06-05 00:00:00-04:00,32.40999984741211,32.5,32.099998474121094,32.34000015258789,28.08785629272461,913900,0.0,0.0
2017-06-06 00:00:00-04:00,32.130001068115234,32.22999954223633,31.719999313354492,31.899999618530273,27.705713272094727,1270300,0.0,0.0
2017-06-07 00:00:00-04:00,31.979999542236328,31.989999771118164,31.799999237060547,31.860000610351562,27.670969009399414,1214700,0.0,0.0
2017-06-08 00:00:00-04:00,31.549999237060547,31.950000762939453,31.479999542236328,31.520000457763672,27.375675201416016,1363000,0.0,0.0
2017-06-09 00:00:00-04:00,31.510000228881836,31.979999542236328,31.3799991607666,31.969999313354492,27.76650619506836,1296500,0.0,0.0
2017-06-12 00:00:00-04:00,31.860000610351562,32.36000061035156,31.829999923706055,32.349998474121094,28.096540451049805,1871500,0.0,0.0
2017-06-13 00:00:00-04:00,32.400001525878906,32.65999984741211,32.13999938964844,32.650001525878906,28.357101440429688,1813800,0.0,0.0
2017-06-14 00:00:00-04:00,32.66999816894531,32.7400016784668,32.2400016784668,32.5099983215332,28.235502243041992,1649700,0.0,0.0
2017-06-15 00:00:00-04:00,32.38999938964844,32.599998474121094,32.13999938964844,32.5099983215332,28.235502243041992,1410200,0.0,0.0
2017-06-16 00:00:00-04:00,32.099998474121094,32.529998779296875,32.029998779296875,32.43000030517578,28.166027069091797,2692400,0.0,0.0
2017-06-19 00:00:00-04:00,32.529998779296875,32.91999816894531,32.2599983215332,32.900001525878906,28.574234008789062,1361500,0.0,0.0
2017-06-20 00:00:00-04:00,32.88999938964844,32.88999938964844,32.349998474121094,32.38999938964844,28.13128662109375,1817500,0.0,0.0
2017-06-21 00:00:00-04:00,32.459999084472656,32.619998931884766,32.04999923706055,32.099998474121094,27.879413604736328,1507000,0.0,0.0
2017-06-22 00:00:00-04:00,32.029998779296875,32.16999816894531,31.950000762939453,32.11000061035156,27.88810157775879,1868800,0.0,0.0
2017-06-23 00:00:00-04:00,32.13999938964844,32.31999969482422,31.979999542236328,32.27000045776367,28.027061462402344,6448100,0.0,0.0
2017-06-26 00:00:00-04:00,32.34000015258789,32.77000045776367,32.22999954223633,32.66999816894531,28.374467849731445,991600,0.0,0.0
2017-06-27 00:00:00-04:00,32.61000061035156,32.880001068115234,32.34000015258789,32.349998474121094,28.096540451049805,1381800,0.0,0.0
2017-06-28 00:00:00-04:00,32.4900016784668,32.72999954223633,32.130001068115234,32.38999938964844,28.13128662109375,1257500,0.0,0.0
2017-06-29 00:00:00-04:00,32.40999984741211,32.68000030517578,32.130001068115234,32.650001525878906,28.357101440429688,1356400,0.0,0.0
2017-06-30 00:00:00-04:00,32.59000015258789,33.09000015258789,32.5,32.95000076293945,28.617650985717773,1724400,0.0,0.0
2017-07-03 00:00:00-04:00,33.20000076293945,33.439998626708984,33.09000015258789,33.310001373291016,28.930320739746094,715000,0.0,0.0
2017-07-05 00:00:00-04:00,33.290000915527344,33.470001220703125,32.38999938964844,32.45000076293945,28.183393478393555,2379400,0.0,0.0
2017-07-06 00:00:00-04:00,32.380001068115234,32.4900016784668,31.329999923706055,31.389999389648438,27.26276969909668,2205300,0.0,0.0
2017-07-07 00:00:00-04:00,31.389999389648438,32.279998779296875,31.170000076293945,31.489999771118164,27.34962272644043,2435800,0.0,0.0
2017-07-10 00:00:00-04:00,31.469999313354492,31.790000915527344,31.399999618530273,31.729999542236328,27.558063507080078,1498100,0.0,0.0
2017-07-11 00:00:00-04:00,31.770000457763672,32.06999969482422,31.670000076293945,31.940000534057617,27.740455627441406,1276200,0.0,0.0
2017-07-12 00:00:00-04:00,32.119998931884766,32.38999938964844,31.969999313354492,32.09000015258789,27.870725631713867,1438100,0.0,0.0
2017-07-13 00:00:00-04:00,32.16999816894531,32.34000015258789,32.06999969482422,32.33000183105469,28.07917594909668,1754000,0.0,0.0
2017-07-14 00:00:00-04:00,32.380001068115234,32.720001220703125,32.290000915527344,32.540000915527344,28.26156234741211,1730200,0.0,0.0
2017-07-17 00:00:00-04:00,32.54999923706055,33.279998779296875,32.540000915527344,33.20000076293945,28.83478355407715,1459400,0.0,0.0
2017-07-18 00:00:00-04:00,33.150001525878906,33.15999984741211,32.790000915527344,33.04999923706055,28.704504013061523,1439000,0.0,0.0
2017-07-19 00:00:00-04:00,32.9900016784668,33.45000076293945,32.90999984741211,33.38999938964844,28.999801635742188,1234800,0.0,0.0
2017-07-20 00:00:00-04:00,33.5,33.65999984741211,33.099998474121094,33.41999816894531,29.02585220336914,1950400,0.0,0.0
2017-07-21 00:00:00-04:00,33.290000915527344,33.59000015258789,33.279998779296875,33.5,29.0953426361084,2139000,0.0,0.0
2017-07-24 00:00:00-04:00,33.5,33.5,33.0,33.0099983215332,28.669769287109375,1557900,0.0,0.0
2017-07-25 00:00:00-04:00,32.77000045776367,33.0,32.119998931884766,32.900001525878906,28.574234008789062,1966400,0.0,0.0
2017-07-26 00:00:00-04:00,32.900001525878906,32.9900016784668,32.650001525878906,32.84000015258789,28.522119522094727,1886800,0.0,0.0
2017-07-27 00:00:00-04:00,33.0,33.93000030517578,32.5099983215332,33.90999984741211,29.451431274414062,2805700,0.0,0.0
2017-07-28 00:00:00-04:00,33.86000061035156,34.599998474121094,33.68000030517578,34.529998779296875,29.98991584777832,2471600,0.0,0.0
2017-07-31 00:00:00-04:00,34.56999969482422,34.65999984741211,34.36000061035156,34.560001373291016,30.01596450805664,1444400,0.0,0.0
2017-08-01 00:00:00-04:00,34.7400016784668,34.75,34.16999816894531,34.2599983215332,29.755416870117188,1463600,0.0,0.0
2017-08-02 00:00:00-04:00,34.08000183105469,34.27000045776367,33.91999816894531,34.150001525878906,29.659879684448242,1287100,0.0,0.0
2017-08-03 00:00:00-04:00,34.09000015258789,34.5,33.9900016784668,34.11000061035156,29.625133514404297,721000,0.0,0.0
2017-08-04 00:00:00-04:00,34.22999954223633,34.2400016784668,33.9900016784668,34.15999984741211,29.66856575012207,682700,0.0,0.0
2017-08-07 00:00:00-04:00,34.20000076293945,34.54999923706055,34.11000061035156,34.5,29.963855743408203,1022800,0.0,0.0
2017-08-08 00:00:00-04:00,34.5,34.59000015258789,34.209999084472656,34.33000183105469,29.816205978393555,1844300,0.0,0.0
2017-08-09 00:00:00-04:00,34.189998626708984,34.52000045776367,34.060001373291016,34.470001220703125,29.937801361083984,1384900,0.0,0.0
2017-08-10 00:00:00-04:00,34.349998474121094,34.470001220703125,33.72999954223633,33.75,29.312469482421875,1035000,0.0,0.0
2017-08-11 00:00:00-04:00,33.880001068115234,34.040000915527344,33.7400016784668,33.81999969482422,29.373260498046875,1200300,0.0,0.0
2017-08-14 00:00:00-04:00,34.0099983215332,34.06999969482422,33.709999084472656,33.779998779296875,29.338520050048828,1357500,0.0,0.0
2017-08-15 00:00:00-04:00,33.66999816894531,33.83000183105469,33.439998626708984,33.70000076293945,29.269046783447266,1438200,0.0,0.0
2017-08-16 00:00:00-04:00,33.84000015258789,34.619998931884766,33.84000015258789,34.5099983215332,29.972543716430664,1180300,0.0,0.0
2017-08-17 00:00:00-04:00,34.369998931884766,34.630001068115234,34.08000183105469,34.09000015258789,29.607770919799805,2028900,0.0,0.0
2017-08-18 00:00:00-04:00,34.060001373291016,34.529998779296875,33.81999969482422,34.04999923706055,29.573026657104492,1364300,0.0,0.0
2017-08-21 00:00:00-04:00,34.0,34.16999816894531,33.83000183105469,34.060001373291016,29.581716537475586,1392900,0.0,0.0
2017-08-22 00:00:00-04:00,34.08000183105469,34.400001525878906,33.9900016784668,34.29999923706055,29.790149688720703,1590900,0.0,0.0
2017-08-23 00:00:00-04:00,34.150001525878906,34.2599983215332,33.93000030517578,34.13999938964844,29.65118980407715,1752200,0.0,0.0
2017-08-24 00:00:00-04:00,34.2599983215332,34.38999938964844,33.88999938964844,33.95000076293945,29.486173629760742,1242500,0.0,0.0
2017-08-25 00:00:00-04:00,34.0099983215332,34.34000015258789,34.0099983215332,34.29999923706055,29.790149688720703,968300,0.0,0.0
2017-08-28 00:00:00-04:00,34.349998474121094,34.45000076293945,34.029998779296875,34.2400016784668,29.73804473876953,1288800,0.0,0.0
2017-08-29 00:00:00-04:00,34.06999969482422,34.27000045776367,33.900001525878906,33.91999816894531,29.460119247436523,846700,0.0,0.0
2017-08-30 00:00:00-04:00,33.91999816894531,34.29999923706055,33.86000061035156,34.290000915527344,29.781471252441406,737700,0.0,0.0
2017-08-31 00:00:00-04:00,34.34000015258789,34.689998626708984,34.34000015258789,34.650001525878906,30.09413719177246,1468200,0.0,0.0
2017-09-01 00:00:00-04:00,34.72999954223633,34.97999954223633,34.650001525878906,34.720001220703125,30.154922485351562,919200,0.0,0.0
2017-09-05 00:00:00-04:00,34.630001068115234,34.90999984741211,34.619998931884766,34.88999938964844,30.302576065063477,1098200,0.0,0.0
2017-09-06 00:00:00-04:00,34.95000076293945,35.02000045776367,34.779998779296875,34.83000183105469,30.250476837158203,1124500,0.0,0.0
2017-09-07 00:00:00-04:00,35.02000045776367,35.02000045776367,34.63999938964844,34.75,30.180988311767578,822200,0.0,0.0
2017-09-08 00:00:00-04:00,34.7599983215332,34.869998931884766,34.560001373291016,34.810001373291016,30.23310089111328,746800,0.0,0.0
2017-09-11 00:00:00-04:00,34.95000076293945,35.43000030517578,34.91999816894531,35.380001068115234,30.728153228759766,1365200,0.0,0.0
2017-09-12 00:00:00-04:00,35.45000076293945,35.86000061035156,35.380001068115234,35.619998931884766,30.93659210205078,1313600,0.0,0.0
2017-09-13 00:00:00-04:00,35.560001373291016,35.66999816894531,35.40999984741211,35.540000915527344,30.867111206054688,800500,0.0,0.0
2017-09-14 00:00:00-04:00,35.439998626708984,35.630001068115234,35.29999923706055,35.61000061035156,30.927913665771484,1398200,0.0,0.0
2017-09-15 00:00:00-04:00,35.58000183105469,35.619998931884766,35.220001220703125,35.349998474121094,30.70209503173828,1565600,0.0,0.0
2017-09-18 00:00:00-04:00,35.470001220703125,35.5,35.16999816894531,35.22999954223633,30.59787940979004,1315500,0.0,0.0
2017-09-19 00:00:00-04:00,35.34000015258789,35.380001068115234,34.709999084472656,34.72999954223633,30.16360855102539,1073800,0.0,0.0
2017-09-20 00:00:00-04:00,34.7599983215332,35.209999084472656,34.70000076293945,35.119998931884766,30.502342224121094,1456200,0.0,0.0
2017-09-21 00:00:00-04:00,35.06999969482422,35.08000183105469,34.45000076293945,34.59000015258789,30.042020797729492,1362800,0.0,0.0
2017-09-22 00:00:00-04:00,34.61000061035156,34.970001220703125,34.47999954223633,34.90999984741211,30.31995391845703,1149200,0.0,0.0
2017-09-25 00:00:00-04:00,34.93000030517578,35.25,34.84000015258789,35.08000183105469,30.46759796142578,1299500,0.0,0.0
2017-09-26 00:00:00-04:00,34.9900016784668,35.45000076293945,34.97999954223633,35.0,30.398113250732422,1204700,0.0,0.0
2017-09-27 00:00:00-04:00,35.11000061035156,35.880001068115234,35.060001373291016,35.689998626708984,30.997394561767578,1331200,0.0,0.0
2017-09-28 00:00:00-04:00,35.59000015258789,35.779998779296875,35.029998779296875,35.75,31.049503326416016,982200,0.0,0.0
2017-09-29 00:00:00-04:00,35.790000915527344,36.04999923706055,35.61000061035156,35.9900016784668,31.25794792175293,1099200,0.0,0.0
2017-10-02 00:00:00-04:00,36.08000183105469,36.31999969482422,35.81999969482422,36.2599983215332,31.492446899414062,1592700,0.0,0.0
2017-10-03 00:00:00-04:00,36.599998474121094,36.70000076293945,36.290000915527344,36.43000030517578,31.640104293823242,892000,0.0,0.0
2017-10-04 00:00:00-04:00,36.380001068115234,36.7599983215332,36.380001068115234,36.7599983215332,31.926712036132812,855700,0.0,0.0
2017-10-05 00:00:00-04:00,36.86000061035156,36.88999938964844,36.619998931884766,36.790000915527344,31.952762603759766,1292100,0.0,0.0
2017-10-06 00:00:00-04:00,36.68000030517578,36.9900016784668,36.66999816894531,36.880001068115234,32.03093719482422,991300,0.0,0.0
2017-10-09 00:00:00-04:00,36.86000061035156,36.97999954223633,36.540000915527344,36.630001068115234,31.813806533813477,809900,0.0,0.0
2017-10-10 00:00:00-04:00,36.63999938964844,36.849998474121094,36.59000015258789,36.7400016784668,31.90934181213379,1018900,0.0,0.0
2017-10-11 00:00:00-04:00,36.84000015258789,37.02000045776367,36.68000030517578,36.959999084472656,32.10041427612305,1010100,0.0,0.0
2017-10-12 00:00:00-04:00,36.880001068115234,37.189998626708984,36.59000015258789,37.16999816894531,32.28279495239258,1437200,0.0,0.0
2017-10-13 00:00:00-04:00,37.66999816894531,37.68000030517578,37.22999954223633,37.27000045776367,32.369651794433594,1331000,0.0,0.0
2017-10-16 00:00:00-04:00,37.599998474121094,37.599998474121094,37.119998931884766,37.459999084472656,32.534671783447266,1370400,0.0,0.0
2017-10-17 00:00:00-04:00,37.40999984741211,37.529998779296875,37.25,37.40999984741211,32.49124526977539,858100,0.0,0.0
2017-10-18 00:00:00-04:00,37.5,37.70000076293945,37.380001068115234,37.540000915527344,32.60414123535156,1698900,0.0,0.0
2017-10-19 00:00:00-04:00,37.31999969482422,37.470001220703125,36.86000061035156,37.22999954223633,32.33491134643555,847400,0.0,0.0
2017-10-20 00:00:00-04:00,37.41999816894531,37.439998626708984,37.22999954223633,37.34000015258789,32.43045425415039,738800,0.0,0.0
2017-10-23 00:00:00-04:00,37.380001068115234,37.470001220703125,37.02000045776367,37.060001373291016,32.18726348876953,1029400,0.0,0.0
2017-10-24 00:00:00-04:00,37.2599983215332,37.380001068115234,36.9900016784668,37.099998474121094,32.22200393676758,1100100,0.0,0.0
2017-10-25 00:00:00-04:00,36.880001068115234,37.0099983215332,36.31999969482422,36.540000915527344,31.735631942749023,2061000,0.0,0.0
2017-10-26 00:00:00-04:00,36.58000183105469,37.400001525878906,35.779998779296875,37.099998474121094,32.22200393676758,3059400,0.0,0.0
2017-10-27 00:00:00-04:00,37.0099983215332,37.099998474121094,36.15999984741211,36.7400016784668,31.90934181213379,1362500,0.0,0.0
2017-10-30 00:00:00-04:00,36.61000061035156,36.65999984741211,36.2599983215332,36.52000045776367,31.718257904052734,1014700,0.0,0.0
2017-10-31 00:00:00-04:00,36.54999923706055,37.720001220703125,36.40999984741211,37.689998626708984,32.73442840576172,2472000,0.0,0.0
2017-11-01 00:00:00-04:00,37.880001068115234,38.15999984741211,37.27000045776367,37.41999816894531,32.49992370605469,4668800,0.0,0.0
2017-11-02 00:00:00-04:00,37.540000915527344,38.06999969482422,37.34000015258789,37.7400016784668,32.77785873413086,1508400,0.0,0.0
2017-11-03 00:00:00-04:00,36.61000061035156,37.90999984741211,36.61000061035156,37.709999084472656,32.75180435180664,1258300,0.0,0.0
2017-11-06 00:00:00-05:00,37.65999984741211,37.90999984741211,37.470001220703125,37.630001068115234,32.68232345581055,1313100,0.0,0.0
2017-11-07 00:00:00-05:00,37.9900016784668,37.9900016784668,36.939998626708984,36.970001220703125,32.10909652709961,1569000,0.0,0.0
2017-11-08 00:00:00-05:00,36.970001220703125,37.06999969482422,36.68000030517578,36.90999984741211,32.05699157714844,1377300,0.0,0.0
2017-11-09 00:00:00-05:00,36.7599983215332,36.970001220703125,36.4900016784668,36.93000030517578,32.07435607910156,914200,0.0,0.0
2017-11-10 00:00:00-05:00,36.77000045776367,37.20000076293945,36.63999938964844,37.15999984741211,32.274112701416016,760800,0.0,0.0
2017-11-13 00:00:00-05:00,37.02000045776367,37.2400016784668,36.849998474121094,37.220001220703125,32.326229095458984,1105400,0.0,0.0
2017-11-14 00:00:00-05:00,37.04999923706055,37.47999954223633,36.88999938964844,37.459999084472656,32.534671783447266,729400,0.0,0.0
2017-11-15 00:00:00-05:00,37.31999969482422,37.4900016784668,37.0099983215332,37.150001525878906,32.26543045043945,746900,0.0,0.0
2017-11-16 00:00:00-05:00,37.2400016784668,37.7400016784668,37.220001220703125,37.66999816894531,32.717063903808594,834800,0.0,0.0
2017-11-17 00:00:00-05:00,37.59000015258789,37.970001220703125,37.5,37.75,32.78654098510742,1556900,0.0,0.0
2017-11-20 00:00:00-05:00,37.81999969482422,37.95000076293945,37.70000076293945,37.790000915527344,32.8212776184082,821200,0.0,0.0
2017-11-21 00:00:00-05:00,37.93000030517578,38.0099983215332,37.5,37.75,32.78654098510742,1238900,0.0,0.0
2017-11-22 00:00:00-05:00,37.7599983215332,38.16999816894531,37.720001220703125,38.13999938964844,33.1252555847168,1206300,0.0,0.0
2017-11-24 00:00:00-05:00,38.34000015258789,38.4900016784668,37.900001525878906,38.04999923706055,33.047088623046875,326600,0.0,0.0
2017-11-27 00:00:00-05:00,38.209999084472656,38.4900016784668,38.0,38.380001068115234,33.333702087402344,1080200,0.0,0.0
2017-11-28 00:00:00-05:00,38.369998931884766,39.029998779296875,38.369998931884766,38.91999816894531,33.802703857421875,983700,0.0,0.0
2017-11-29 00:00:00-05:00,39.0,39.58000183105469,38.880001068115234,39.5,34.30644226074219,1500700,0.0,0.0
2017-11-30 00:00:00-05:00,39.61000061035156,39.630001068115234,38.869998931884766,39.41999816894531,34.236961364746094,1584100,0.0,0.0
2017-12-01 00:00:00-05:00,39.529998779296875,39.939998626708984,38.849998474121094,39.31999969482422,34.15011215209961,1749100,0.0,0.0
2017-12-04 00:00:00-05:00,39.470001220703125,39.689998626708984,39.25,39.279998779296875,34.11536407470703,1214500,0.0,0.0
2017-12-05 00:00:00-05:00,39.58000183105469,39.66999816894531,38.970001220703125,39.2400016784668,34.080631256103516,1153800,0.0,0.0
2017-12-06 00:00:00-05:00,39.20000076293945,39.459999084472656,39.08000183105469,39.31999969482422,34.15011215209961,1096100,0.0,0.0
2017-12-07 00:00:00-05:00,39.349998474121094,39.7599983215332,39.209999084472656,39.75,34.5235710144043,1467600,0.0,0.0
2017-12-08 00:00:00-05:00,39.83000183105469,40.2599983215332,39.709999084472656,40.220001220703125,34.9317741394043,1972200,0.0,0.0
2017-12-11 00:00:00-05:00,40.310001373291016,41.25,40.209999084472656,40.34000015258789,35.03600311279297,2622100,0.0,0.0
2017-12-12 00:00:00-05:00,40.790000915527344,41.41999816894531,40.439998626708984,40.59000015258789,35.25312805175781,2816300,0.0,0.0
2017-12-13 00:00:00-05:00,40.529998779296875,40.70000076293945,39.81999969482422,40.06999969482422,34.80149459838867,2894700,0.0,0.0
2017-12-14 00:00:00-05:00,40.08000183105469,40.08000183105469,39.279998779296875,39.310001373291016,34.14142608642578,1541200,0.0,0.0
2017-12-15 00:00:00-05:00,39.459999084472656,40.02000045776367,39.2400016784668,39.5099983215332,34.31512451171875,3655500,0.0,0.0
2017-12-18 00:00:00-05:00,39.86000061035156,40.97999954223633,39.70000076293945,40.38999938964844,35.07941818237305,1993100,0.0,0.0
2017-12-19 00:00:00-05:00,40.540000915527344,40.900001525878906,40.43000030517578,40.79999923706055,35.435523986816406,1553700,0.0,0.0
2017-12-20 00:00:00-05:00,41.029998779296875,41.41999816894531,40.709999084472656,40.7400016784668,35.38339614868164,1689900,0.0,0.0
2017-12-21 00:00:00-05:00,40.91999816894531,41.2400016784668,40.849998474121094,40.900001525878906,35.52237319946289,1141900,0.0,0.0
2017-12-22 00:00:00-05:00,40.939998626708984,40.97999954223633,40.58000183105469,40.81999969482422,35.4528923034668,519900,0.0,0.0
2017-12-26 00:00:00-05:00,40.84000015258789,41.09000015258789,40.720001220703125,40.779998779296875,35.41814422607422,565200,0.0,0.0
2017-12-27 00:00:00-05:00,40.81999969482422,40.95000076293945,40.52000045776367,40.869998931884766,35.49631881713867,985200,0.0,0.0
2017-12-28 00:00:00-05:00,40.869998931884766,41.20000076293945,40.47999954223633,41.189998626708984,35.774234771728516,1264400,0.0,0.0
2017-12-29 00:00:00-05:00,41.209999084472656,41.380001068115234,40.630001068115234,40.66999816894531,35.322608947753906,1146500,0.0,0.0
2018-01-02 00:00:00-05:00,41.040000915527344,41.470001220703125,40.849998474121094,41.349998474121094,35.913211822509766,1656100,0.0,0.0
2018-01-03 00:00:00-05:00,41.2400016784668,41.66999816894531,41.18000030517578,41.560001373291016,36.095584869384766,1107500,0.0,0.0
2018-01-04 00:00:00-05:00,41.75,42.18000030517578,41.75,42.060001373291016,36.529850006103516,1265900,0.0,0.0
2018-01-05 00:00:00-05:00,41.36000061035156,42.31999969482422,41.36000061035156,42.02000045776367,36.49510955810547,1149700,0.0,0.0
2018-01-08 00:00:00-05:00,42.060001373291016,42.22999954223633,41.84000015258789,41.86000061035156,36.356143951416016,984000,0.0,0.0
2018-01-09 00:00:00-05:00,41.9900016784668,42.279998779296875,41.79999923706055,41.9900016784668,36.469051361083984,915400,0.0,0.0
2018-01-10 00:00:00-05:00,41.970001220703125,42.58000183105469,41.95000076293945,42.2400016784668,36.686180114746094,1597900,0.0,0.0
2018-01-11 00:00:00-05:00,43.43000030517578,43.43000030517578,42.20000076293945,42.9900016784668,37.33757400512695,1105600,0.0,0.0
2018-01-12 00:00:00-05:00,43.15999984741211,43.650001525878906,42.810001373291016,43.470001220703125,37.754459381103516,1153200,0.0,0.0
2018-01-16 00:00:00-05:00,43.75,43.75,43.02000045776367,43.189998626708984,37.51128387451172,1098000,0.0,0.0
2018-01-17 00:00:00-05:00,43.47999954223633,43.70000076293945,43.09000015258789,43.189998626708984,37.51128387451172,1475900,0.0,0.0
2018-01-18 00:00:00-05:00,43.150001525878906,43.25,42.619998931884766,42.70000076293945,37.0857048034668,1197800,0.0,0.0
2018-01-19 00:00:00-05:00,42.9900016784668,43.209999084472656,42.7400016784668,42.959999084472656,37.3115119934082,1575500,0.0,0.0
2018-01-22 00:00:00-05:00,43.04999923706055,43.04999923706055,42.400001525878906,42.849998474121094,37.215980529785156,1567800,0.0,0.0
2018-01-23 00:00:00-05:00,42.689998626708984,43.25,42.630001068115234,43.130001068115234,37.459163665771484,960400,0.0,0.0
2018-01-24 00:00:00-05:00,43.27000045776367,43.58000183105469,42.84000015258789,42.869998931884766,37.23334884643555,1311000,0.0,0.0
2018-01-25 00:00:00-05:00,42.880001068115234,42.880001068115234,42.279998779296875,42.54999923706055,36.955421447753906,1850700,0.0,0.0
2018-01-26 00:00:00-05:00,42.70000076293945,42.86000061035156,42.5,42.83000183105469,37.1986083984375,1226500,0.0,0.0
2018-01-29 00:00:00-05:00,43.52000045776367,43.86000061035156,42.619998931884766,42.709999084472656,37.094383239746094,1311300,0.0,0.0
2018-01-30 00:00:00-05:00,42.529998779296875,42.529998779296875,40.40999984741211,42.189998626708984,36.64275360107422,1462300,0.0,0.0
2018-01-31 00:00:00-05:00,42.189998626708984,42.369998931884766,41.61000061035156,42.029998779296875,36.50379180908203,1732000,0.0,0.0
2018-02-01 00:00:00-05:00,41.72999954223633,42.11000061035156,41.369998931884766,41.790000915527344,36.29534912109375,1038900,0.0,0.0
2018-02-02 00:00:00-05:00,41.540000915527344,41.93000030517578,40.900001525878906,40.93000030517578,35.54843521118164,1411200,0.0,0.0
2018-02-05 00:00:00-05:00,40.72999954223633,41.27000045776367,39.439998626708984,39.459999084472656,34.271705627441406,2284300,0.0,0.0
2018-02-06 00:00:00-05:00,38.91999816894531,40.56999969482422,38.15999984741211,40.529998779296875,35.201011657714844,2892100,0.0,0.0
2018-02-07 00:00:00-05:00,40.310001373291016,41.02000045776367,40.06999969482422,40.349998474121094,35.044681549072266,1289300,0.0,0.0
2018-02-08 00:00:00-05:00,40.279998779296875,40.290000915527344,38.83000183105469,38.86000061035156,33.75059509277344,1526800,0.0,0.0
2018-02-09 00:00:00-05:00,39.40999984741211,39.40999984741211,37.459999084472656,38.91999816894531,33.802703857421875,1933300,0.0,0.0
2018-02-12 00:00:00-05:00,39.7400016784668,40.349998474121094,39.36000061035156,40.15999984741211,34.879669189453125,2474900,0.0,0.0
2018-02-13 00:00:00-05:00,39.959999084472656,40.54999923706055,39.650001525878906,40.529998779296875,35.201011657714844,2126200,0.0,0.0
2018-02-14 00:00:00-05:00,40.33000183105469,41.459999084472656,39.0,41.439998626708984,35.991371154785156,2008200,0.0,0.0
2018-02-15 00:00:00-05:00,41.75,41.97999954223633,41.5099983215332,41.77000045776367,36.27797317504883,2005600,0.0,0.0
2018-02-16 00:00:00-05:00,41.66999816894531,42.4900016784668,41.08000183105469,41.77000045776367,36.27797317504883,1932400,0.0,0.0
2018-02-20 00:00:00-05:00,41.47999954223633,42.13999938964844,41.27000045776367,41.459999084472656,36.00874328613281,1534700,0.0,0.0
2018-02-21 00:00:00-05:00,41.61000061035156,42.279998779296875,41.369998931884766,41.58000183105469,36.11296844482422,2195400,0.0,0.0
2018-02-22 00:00:00-05:00,41.04999923706055,41.599998474121094,39.61000061035156,40.04999923706055,34.78413772583008,3386600,0.0,0.0
2018-02-23 00:00:00-05:00,40.4900016784668,40.869998931884766,39.86000061035156,40.099998474121094,34.82755661010742,2315200,0.0,0.0
2018-02-26 00:00:00-05:00,40.400001525878906,40.86000061035156,39.970001220703125,40.439998626708984,35.12284851074219,2906300,0.0,0.0
2018-02-27 00:00:00-05:00,40.45000076293945,40.5,39.31999969482422,39.33000183105469,34.15878677368164,2007500,0.0,0.0
2018-02-28 00:00:00-05:00,39.52000045776367,40.20000076293945,39.470001220703125,39.47999954223633,34.28907012939453,3142500,0.0,0.0
2018-03-01 00:00:00-05:00,39.470001220703125,39.79999923706055,38.880001068115234,39.380001068115234,34.20222854614258,1940700,0.0,0.0
2018-03-02 00:00:00-05:00,39.0099983215332,39.290000915527344,38.560001373291016,38.9900016784668,33.8635139465332,2385500,0.0,0.0
2018-03-05 00:00:00-05:00,38.790000915527344,39.040000915527344,38.459999084472656,38.91999816894531,33.802703857421875,2184400,0.0,0.0
2018-03-06 00:00:00-05:00,39.0,39.630001068115234,38.900001525878906,39.54999923706055,34.349857330322266,2010600,0.0,0.0
2018-03-07 00:00:00-05:00,39.189998626708984,39.33000183105469,38.84000015258789,39.0,33.872188568115234,1693500,0.0,0.0
2018-03-08 00:00:00-05:00,39.099998474121094,39.189998626708984,38.72999954223633,38.790000915527344,33.68980407714844,2013000,0.0,0.0
2018-03-09 00:00:00-05:00,38.939998626708984,39.75,38.91999816894531,39.63999938964844,34.42803955078125,2633600,0.0,0.0
2018-03-12 00:00:00-04:00,39.66999816894531,39.70000076293945,39.2599983215332,39.33000183105469,34.15878677368164,1734900,0.0,0.0
2018-03-13 00:00:00-04:00,39.54999923706055,39.84000015258789,39.36000061035156,39.41999816894531,34.236961364746094,1008000,0.0,0.0
2018-03-14 00:00:00-04:00,39.5,39.5,38.95000076293945,39.029998779296875,33.89824676513672,910700,0.0,0.0
2018-03-15 00:00:00-04:00,39.029998779296875,39.25,38.91999816894531,39.04999923706055,33.915611267089844,826600,0.0,0.0
2018-03-16 00:00:00-04:00,39.060001373291016,39.68000030517578,39.029998779296875,39.54999923706055,34.349857330322266,2284700,0.0,0.0
2018-03-19 00:00:00-04:00,39.5099983215332,39.54999923706055,38.900001525878906,39.25,34.089317321777344,1378800,0.0,0.0
2018-03-20 00:00:00-04:00,39.369998931884766,39.689998626708984,39.209999084472656,39.400001525878906,34.21959686279297,1136300,0.0,0.0
2018-03-21 00:00:00-04:00,39.400001525878906,39.810001373291016,39.2400016784668,39.5,34.30644226074219,763600,0.0,0.0
2018-03-22 00:00:00-04:00,39.119998931884766,39.2599983215332,37.869998931884766,37.90999984741211,32.925498962402344,1678800,0.0,0.0
2018-03-23 00:00:00-04:00,38.0,38.150001525878906,37.06999969482422,37.16999816894531,32.28279495239258,1837200,0.0,0.0
2018-03-26 00:00:00-04:00,37.650001525878906,37.959999084472656,37.029998779296875,37.86000061035156,32.882076263427734,1927200,0.0,0.0
2018-03-27 00:00:00-04:00,37.93000030517578,38.36000061035156,37.38999938964844,37.59000015258789,32.6475715637207,2134900,0.0,0.0
2018-03-28 00:00:00-04:00,37.689998626708984,38.02000045776367,37.41999816894531,37.5,32.56941223144531,1524100,0.0,0.0
2018-03-29 00:00:00-04:00,37.75,38.25,37.279998779296875,37.95000076293945,32.96023941040039,1800100,0.0,0.0
2018-04-02 00:00:00-04:00,37.83000183105469,37.880001068115234,36.619998931884766,37.150001525878906,32.26543045043945,1289000,0.0,0.0
2018-04-03 00:00:00-04:00,37.33000183105469,37.959999084472656,37.33000183105469,37.790000915527344,32.8212776184082,2361400,0.0,0.0
2018-04-04 00:00:00-04:00,37.380001068115234,38.439998626708984,37.02000045776367,38.22999954223633,33.203426361083984,1879300,0.0,0.0
2018-04-05 00:00:00-04:00,38.5099983215332,38.88999938964844,38.09000015258789,38.72999954223633,33.6376838684082,1292300,0.0,0.0
2018-04-06 00:00:00-04:00,38.5099983215332,38.83000183105469,37.81999969482422,38.18000030517578,33.159996032714844,1215100,0.0,0.0
2018-04-09 00:00:00-04:00,38.38999938964844,38.529998779296875,38.08000183105469,38.11000061035156,33.099212646484375,1590400,0.0,0.0
2018-04-10 00:00:00-04:00,38.59000015258789,38.59000015258789,38.099998474121094,38.130001068115234,33.116573333740234,1627700,0.0,0.0
2018-04-11 00:00:00-04:00,37.790000915527344,38.189998626708984,37.720001220703125,38.04999923706055,33.047088623046875,1332100,0.0,0.0
2018-04-12 00:00:00-04:00,38.220001220703125,38.5099983215332,37.970001220703125,38.290000915527344,33.25555419921875,1183900,0.0,0.0
2018-04-13 00:00:00-04:00,38.5,38.959999084472656,38.09000015258789,38.189998626708984,33.16868209838867,1249500,0.0,0.0
2018-04-16 00:00:00-04:00,38.54999923706055,38.970001220703125,38.40999984741211,38.619998931884766,33.54214859008789,1298700,0.0,0.0
2018-04-17 00:00:00-04:00,38.630001068115234,39.06999969482422,38.459999084472656,39.040000915527344,33.90692901611328,1838400,0.0,0.0
2018-04-18 00:00:00-04:00,39.0,39.369998931884766,38.61000061035156,39.22999954223633,34.071937561035156,1322300,0.0,0.0
2018-04-19 00:00:00-04:00,39.27000045776367,39.5099983215332,38.5099983215332,38.630001068115234,33.55083465576172,1119900,0.0,0.0
2018-04-20 00:00:00-04:00,38.81999969482422,38.88999938964844,38.2400016784668,38.25,33.22079849243164,1531400,0.0,0.0
2018-04-23 00:00:00-04:00,38.2599983215332,38.540000915527344,38.060001373291016,38.34000015258789,33.29896545410156,2306700,0.0,0.0
2018-04-24 00:00:00-04:00,38.619998931884766,38.630001068115234,37.33000183105469,37.5,32.56941223144531,2023300,0.0,0.0
2018-04-25 00:00:00-04:00,37.369998931884766,37.880001068115234,37.20000076293945,37.59000015258789,32.6475715637207,2325400,0.0,0.0
2018-04-26 00:00:00-04:00,33.0,33.0,29.600000381469727,30.420000076293945,26.420305252075195,15432200,0.0,0.0
2018-04-27 00:00:00-04:00,31.010000228881836,32.56999969482422,30.899999618530273,31.649999618530273,27.488584518432617,9380800,0.0,0.0
2018-04-30 00:00:00-04:00,31.530000686645508,31.790000915527344,30.829999923706055,31.020000457763672,26.941417694091797,4192100,0.0,0.0
2018-05-01 00:00:00-04:00,30.959999084472656,31.020000457763672,29.860000610351562,30.270000457763672,26.29002571105957,5723800,0.0,0.0
2018-05-02 00:00:00-04:00,30.190000534057617,30.5,30.09000015258789,30.270000457763672,26.29002571105957,4589900,0.0,0.0
2018-05-03 00:00:00-04:00,30.149999618530273,30.34000015258789,29.700000762939453,30.239999771118164,26.263973236083984,3333100,0.0,0.0
2018-05-04 00:00:00-04:00,30.229999542236328,30.229999542236328,29.899999618530273,30.1299991607666,26.168437957763672,2733100,0.0,0.0
2018-05-07 00:00:00-04:00,30.31999969482422,30.760000228881836,30.1299991607666,30.639999389648438,26.611377716064453,2777200,0.0,0.0
2018-05-08 00:00:00-04:00,30.559999465942383,30.709999084472656,30.3799991607666,30.530000686645508,26.51584243774414,3521500,0.0,0.0
2018-05-09 00:00:00-04:00,30.530000686645508,30.719999313354492,30.100000381469727,30.200000762939453,26.229228973388672,1690200,0.0,0.0
2018-05-10 00:00:00-04:00,30.290000915527344,30.670000076293945,30.1200008392334,30.280000686645508,26.29871368408203,1877900,0.0,0.0
2018-05-11 00:00:00-04:00,30.25,30.43000030517578,30.020000457763672,30.280000686645508,26.29871368408203,1970800,0.0,0.0
2018-05-14 00:00:00-04:00,30.450000762939453,30.809999465942383,30.350000381469727,30.600000381469727,26.576642990112305,2018800,0.0,0.0
2018-05-15 00:00:00-04:00,30.389999389648438,30.540000915527344,30.239999771118164,30.31999969482422,26.333450317382812,1731500,0.0,0.0
2018-05-16 00:00:00-04:00,30.40999984741211,30.809999465942383,30.25,30.6200008392334,26.594011306762695,1878600,0.0,0.0
2018-05-17 00:00:00-04:00,30.5,30.649999618530273,30.3799991607666,30.530000686645508,26.51584243774414,1207400,0.0,0.0
2018-05-18 00:00:00-04:00,30.420000076293945,30.579999923706055,30.34000015258789,30.479999542236328,26.472414016723633,1750700,0.0,0.0
2018-05-21 00:00:00-04:00,30.670000076293945,30.8799991607666,30.520000457763672,30.770000457763672,26.724288940429688,1496200,0.0,0.0
2018-05-22 00:00:00-04:00,30.780000686645508,30.989999771118164,30.139999389648438,30.149999618530273,26.185802459716797,1316900,0.0,0.0
2018-05-23 00:00:00-04:00,30.079999923706055,30.110000610351562,29.649999618530273,29.770000457763672,25.855772018432617,2365100,0.0,0.0
2018-05-24 00:00:00-04:00,29.809999465942383,30.209999084472656,29.709999084472656,30.06999969482422,26.11632537841797,3050800,0.0,0.0
2018-05-25 00:00:00-04:00,30.139999389648438,30.780000686645508,30.1299991607666,30.760000228881836,26.715606689453125,2190500,0.0,0.0
2018-05-29 00:00:00-04:00,30.5,31.110000610351562,30.209999084472656,30.579999923706055,26.559268951416016,2900200,0.0,0.0
2018-05-30 00:00:00-04:00,31.1200008392334,31.579999923706055,30.719999313354492,31.209999084472656,27.10643196105957,3298200,0.0,0.0
2018-05-31 00:00:00-04:00,31.219999313354492,31.989999771118164,31.040000915527344,31.770000457763672,27.592803955078125,4699200,0.0,0.0
2018-06-01 00:00:00-04:00,31.950000762939453,32.709999084472656,31.8700008392334,31.93000030517578,27.731767654418945,3549200,0.0,0.0
2018-06-04 00:00:00-04:00,31.8700008392334,32.5099983215332,31.8700008392334,32.4900016784668,28.218137741088867,2836000,0.0,0.0
2018-06-05 00:00:00-04:00,32.5099983215332,32.779998779296875,32.16999816894531,32.4900016784668,28.218137741088867,3286400,0.0,0.0
2018-06-06 00:00:00-04:00,32.65999984741211,32.79999923706055,32.29999923706055,32.65999984741211,28.36578369140625,2001000,0.0,0.0
2018-06-07 00:00:00-04:00,32.56999969482422,32.790000915527344,32.369998931884766,32.56999969482422,28.28761863708496,2507700,0.0,0.0
2018-06-08 00:00:00-04:00,32.599998474121094,32.75,32.36000061035156,32.59000015258789,28.304990768432617,1486000,0.0,0.0
2018-06-11 00:00:00-04:00,32.63999938964844,32.97999954223633,32.63999938964844,32.709999084472656,28.409212112426758,2041200,0.0,0.0
2018-06-12 00:00:00-04:00,32.72999954223633,32.88999938964844,32.59000015258789,32.7400016784668,28.435270309448242,1913300,0.0,0.0
2018-06-13 00:00:00-04:00,32.83000183105469,33.18000030517578,32.630001068115234,32.810001373291016,28.496065139770508,2613900,0.0,0.0
2018-06-14 00:00:00-04:00,32.90999984741211,33.33000183105469,32.70000076293945,33.150001525878906,28.79136085510254,1767400,0.0,0.0
2018-06-15 00:00:00-04:00,33.0,33.459999084472656,32.90999984741211,33.45000076293945,29.05191421508789,4326000,0.0,0.0
2018-06-18 00:00:00-04:00,33.220001220703125,33.459999084472656,33.040000915527344,33.04999923706055,28.704504013061523,2681100,0.0,0.0
2018-06-19 00:00:00-04:00,32.849998474121094,32.97999954223633,32.7400016784668,32.83000183105469,28.5134334564209,3028600,0.0,0.0
2018-06-20 00:00:00-04:00,32.900001525878906,32.959999084472656,32.720001220703125,32.7599983215332,28.4526309967041,2839400,0.0,0.0
2018-06-21 00:00:00-04:00,32.75,32.75,32.11000061035156,32.209999084472656,27.974950790405273,1668000,0.0,0.0
2018-06-22 00:00:00-04:00,32.29999923706055,33.040000915527344,32.16999816894531,32.869998931884766,28.548166275024414,3879400,0.0,0.0
2018-06-25 00:00:00-04:00,32.849998474121094,32.869998931884766,32.189998626708984,32.369998931884766,28.11391830444336,1602500,0.0,0.0
2018-06-26 00:00:00-04:00,32.470001220703125,32.75,32.02000045776367,32.099998474121094,27.879413604736328,2376200,0.0,0.0
2018-06-27 00:00:00-04:00,32.119998931884766,32.4900016784668,31.68000030517578,31.690000534057617,27.5233211517334,2079200,0.0,0.0
2018-06-28 00:00:00-04:00,31.68000030517578,31.850000381469727,31.3700008392334,31.790000915527344,27.610170364379883,1244400,0.0,0.0
2018-06-29 00:00:00-04:00,31.8700008392334,32.220001220703125,31.780000686645508,31.899999618530273,27.705713272094727,1987800,0.0,0.0
2018-07-02 00:00:00-04:00,31.81999969482422,31.84000015258789,31.25,31.75,27.57543182373047,1936700,0.0,0.0
2018-07-03 00:00:00-04:00,31.860000610351562,32.08000183105469,31.690000534057617,31.760000228881836,27.58411979675293,990100,0.0,0.0
2018-07-05 00:00:00-04:00,31.93000030517578,32.15999984741211,31.639999389648438,32.130001068115234,27.905473709106445,1944500,0.0,0.0
2018-07-06 00:00:00-04:00,32.130001068115234,33.880001068115234,32.0,32.529998779296875,28.25287437438965,1421800,0.0,0.0
2018-07-09 00:00:00-04:00,32.63999938964844,33.119998931884766,32.61000061035156,33.09000015258789,28.739242553710938,1779200,0.0,0.0
2018-07-10 00:00:00-04:00,33.130001068115234,33.2599983215332,32.709999084472656,33.189998626708984,28.82609748840332,2698600,0.0,0.0
2018-07-11 00:00:00-04:00,32.97999954223633,32.97999954223633,32.529998779296875,32.58000183105469,28.296306610107422,1914900,0.0,0.0
2018-07-12 00:00:00-04:00,32.59000015258789,32.849998474121094,32.459999084472656,32.81999969482422,28.504751205444336,1670500,0.0,0.0
2018-07-13 00:00:00-04:00,32.849998474121094,33.5,32.7599983215332,33.459999084472656,29.06060218811035,2461700,0.0,0.0
2018-07-16 00:00:00-04:00,33.45000076293945,33.619998931884766,33.209999084472656,33.34000015258789,28.956375122070312,1736900,0.0,0.0
2018-07-17 00:00:00-04:00,33.18000030517578,33.70000076293945,33.04999923706055,33.65999984741211,29.234302520751953,1450600,0.0,0.0
2018-07-18 00:00:00-04:00,33.650001525878906,33.86000061035156,33.599998474121094,33.70000076293945,29.269046783447266,1232700,0.0,0.0
2018-07-19 00:00:00-04:00,33.59000015258789,34.279998779296875,33.529998779296875,34.189998626708984,29.694616317749023,1799200,0.0,0.0
2018-07-20 00:00:00-04:00,34.11000061035156,34.11000061035156,33.70000076293945,33.779998779296875,29.338520050048828,1943700,0.0,0.0
2018-07-23 00:00:00-04:00,33.81999969482422,34.29999923706055,33.77000045776367,34.220001220703125,29.720672607421875,1677700,0.0,0.0
2018-07-24 00:00:00-04:00,34.279998779296875,34.40999984741211,33.54999923706055,33.65999984741211,29.234302520751953,1585200,0.0,0.0
2018-07-25 00:00:00-04:00,33.689998626708984,33.849998474121094,32.939998626708984,33.70000076293945,29.269046783447266,3942200,0.0,0.0
2018-07-26 00:00:00-04:00,34.9900016784668,36.099998474121094,34.029998779296875,34.84000015258789,30.259151458740234,5745800,0.0,0.0
2018-07-27 00:00:00-04:00,34.95000076293945,35.11000061035156,33.810001373291016,33.95000076293945,29.486173629760742,3150800,0.0,0.0
2018-07-30 00:00:00-04:00,33.84000015258789,33.93000030517578,33.40999984741211,33.529998779296875,29.12139320373535,2372900,0.0,0.0
2018-07-31 00:00:00-04:00,33.65999984741211,33.880001068115234,33.380001068115234,33.52000045776367,29.112714767456055,2583000,0.0,0.0
2018-08-01 00:00:00-04:00,33.52000045776367,33.630001068115234,33.08000183105469,33.220001220703125,28.852155685424805,3296600,0.0,0.0
2018-08-02 00:00:00-04:00,33.029998779296875,33.439998626708984,32.70000076293945,33.220001220703125,28.852155685424805,3558900,0.0,0.0
2018-08-03 00:00:00-04:00,33.34000015258789,33.72999954223633,32.91999816894531,33.439998626708984,29.04322624206543,2682300,0.0,0.0
2018-08-06 00:00:00-04:00,33.380001068115234,33.70000076293945,33.06999969482422,33.099998474121094,28.747936248779297,1645500,0.0,0.0
2018-08-07 00:00:00-04:00,33.220001220703125,34.45000076293945,33.13999938964844,34.369998931884766,29.850948333740234,2400600,0.0,0.0
2018-08-08 00:00:00-04:00,34.36000061035156,34.380001068115234,33.810001373291016,33.95000076293945,29.486173629760742,1688200,0.0,0.0
2018-08-09 00:00:00-04:00,33.900001525878906,34.119998931884766,33.900001525878906,33.970001220703125,29.503541946411133,1771000,0.0,0.0
2018-08-10 00:00:00-04:00,33.84000015258789,33.970001220703125,33.54999923706055,33.75,29.312469482421875,1482200,0.0,0.0
2018-08-13 00:00:00-04:00,33.7400016784668,33.7400016784668,32.97999954223633,33.18000030517578,28.817407608032227,2374900,0.0,0.0
2018-08-14 00:00:00-04:00,33.369998931884766,33.7599983215332,33.040000915527344,33.439998626708984,29.04322624206543,2851700,0.0,0.0
2018-08-15 00:00:00-04:00,33.27000045776367,33.38999938964844,32.869998931884766,33.16999816894531,28.8087215423584,2980500,0.0,0.0
2018-08-16 00:00:00-04:00,33.369998931884766,33.68000030517578,33.130001068115234,33.20000076293945,28.83478355407715,1426100,0.0,0.0
2018-08-17 00:00:00-04:00,33.25,33.34000015258789,32.939998626708984,33.15999984741211,28.800046920776367,1530700,0.0,0.0
2018-08-20 00:00:00-04:00,33.119998931884766,33.380001068115234,33.040000915527344,33.22999954223633,28.860837936401367,2532700,0.0,0.0
2018-08-21 00:00:00-04:00,33.25,33.54999923706055,33.13999938964844,33.41999816894531,29.02585220336914,2734900,0.0,0.0
2018-08-22 00:00:00-04:00,33.349998474121094,33.470001220703125,32.900001525878906,32.939998626708984,28.608966827392578,1479100,0.0,0.0
2018-08-23 00:00:00-04:00,32.970001220703125,33.20000076293945,32.63999938964844,33.20000076293945,28.83478355407715,1977500,0.0,0.0
2018-08-24 00:00:00-04:00,33.380001068115234,33.7599983215332,33.08000183105469,33.61000061035156,29.19087791442871,2084100,0.0,0.0
2018-08-27 00:00:00-04:00,33.61000061035156,34.150001525878906,33.5,34.04999923706055,29.573026657104492,2378900,0.0,0.0
2018-08-28 00:00:00-04:00,34.060001373291016,34.209999084472656,33.959999084472656,34.119998931884766,29.633819580078125,1457300,0.0,0.0
2018-08-29 00:00:00-04:00,34.22999954223633,34.709999084472656,34.189998626708984,34.689998626708984,30.128875732421875,2158600,0.0,0.0
2018-08-30 00:00:00-04:00,34.599998474121094,34.7400016784668,34.11000061035156,34.33000183105469,29.816205978393555,2081000,0.0,0.0
2018-08-31 00:00:00-04:00,34.36000061035156,34.56999969482422,34.29999923706055,34.52000045776367,29.98122787475586,1706600,0.0,0.0
2018-09-04 00:00:00-04:00,34.31999969482422,34.47999954223633,34.11000061035156,34.27000045776367,29.764095306396484,2645500,0.0,0.0
2018-09-05 00:00:00-04:00,34.189998626708984,34.33000183105469,33.849998474121094,34.0099983215332,29.53827667236328,2437200,0.0,0.0
2018-09-06 00:00:00-04:00,34.54999923706055,34.54999923706055,33.59000015258789,33.709999084472656,29.277725219726562,1340700,0.0,0.0
2018-09-07 00:00:00-04:00,33.58000183105469,33.709999084472656,33.150001525878906,33.279998779296875,28.90427017211914,1430200,0.0,0.0
2018-09-10 00:00:00-04:00,33.52000045776367,33.529998779296875,33.099998474121094,33.209999084472656,28.843469619750977,1798100,0.0,0.0
2018-09-11 00:00:00-04:00,33.25,33.52000045776367,32.9900016784668,33.25,28.878206253051758,2259500,0.0,0.0
2018-09-12 00:00:00-04:00,33.189998626708984,33.22999954223633,32.86000061035156,32.90999984741211,28.582916259765625,1866700,0.0,0.0
2018-09-13 00:00:00-04:00,33.09000015258789,33.220001220703125,32.7599983215332,33.0,28.66107749938965,2029500,0.0,0.0
2018-09-14 00:00:00-04:00,33.060001373291016,33.11000061035156,32.5099983215332,32.779998779296875,28.470008850097656,2639900,0.0,0.0
2018-09-17 00:00:00-04:00,32.63999938964844,32.77000045776367,32.0,32.040000915527344,27.82730484008789,2659000,0.0,0.0
2018-09-18 00:00:00-04:00,32.119998931884766,32.400001525878906,31.809999465942383,32.290000915527344,28.04444122314453,2784700,0.0,0.0
2018-09-19 00:00:00-04:00,32.27000045776367,32.59000015258789,32.2599983215332,32.41999816894531,28.15734100341797,1880700,0.0,0.0
2018-09-20 00:00:00-04:00,32.400001525878906,33.130001068115234,32.0,33.02000045776367,28.678449630737305,3629000,0.0,0.0
2018-09-21 00:00:00-04:00,33.15999984741211,33.220001220703125,32.349998474121094,32.38999938964844,28.13128662109375,5436700,0.0,0.0
2018-09-24 00:00:00-04:00,32.27000045776367,32.310001373291016,31.3700008392334,31.719999313354492,27.549379348754883,2538200,0.0,0.0
2018-09-25 00:00:00-04:00,31.709999084472656,31.899999618530273,31.43000030517578,31.889999389648438,27.697023391723633,2339000,0.0,0.0
2018-09-26 00:00:00-04:00,32.029998779296875,32.2400016784668,31.75,31.81999969482422,27.63623046875,2026300,0.0,0.0
2018-09-27 00:00:00-04:00,31.81999969482422,31.979999542236328,31.540000915527344,31.719999313354492,27.549379348754883,2004600,0.0,0.0
2018-09-28 00:00:00-04:00,31.6299991607666,31.969999313354492,31.40999984741211,31.670000076293945,27.50595474243164,2647100,0.0,0.0
2018-10-01 00:00:00-04:00,31.899999618530273,31.959999084472656,31.489999771118164,31.6200008392334,27.462526321411133,2340500,0.0,0.0
2018-10-02 00:00:00-04:00,31.520000457763672,31.639999389648438,31.219999313354492,31.280000686645508,27.167232513427734,2732800,0.0,0.0
2018-10-03 00:00:00-04:00,31.420000076293945,31.540000915527344,30.989999771118164,31.010000228881836,26.9327335357666,2095000,0.0,0.0
2018-10-04 00:00:00-04:00,30.93000030517578,30.93000030517578,30.260000228881836,30.34000015258789,26.35082244873047,2660000,0.0,0.0
2018-10-05 00:00:00-04:00,30.389999389648438,30.389999389648438,29.8799991607666,30.040000915527344,26.09027099609375,3410900,0.0,0.0
2018-10-08 00:00:00-04:00,30.010000228881836,30.43000030517578,29.90999984741211,30.190000534057617,26.22054672241211,2155900,0.0,0.0
2018-10-09 00:00:00-04:00,30.18000030517578,30.40999984741211,29.68000030517578,29.729999542236328,25.821027755737305,2558800,0.0,0.0
2018-10-10 00:00:00-04:00,29.520000457763672,29.75,28.299999237060547,28.59000015258789,24.830917358398438,5707400,0.0,0.0
2018-10-11 00:00:00-04:00,28.559999465942383,29.34000015258789,28.18000030517578,28.31999969482422,24.596418380737305,5771000,0.0,0.0
2018-10-12 00:00:00-04:00,28.780000686645508,28.889999389648438,28.219999313354492,28.530000686645508,24.77880859375,3409100,0.0,0.0
2018-10-15 00:00:00-04:00,28.43000030517578,28.790000915527344,28.3700008392334,28.530000686645508,24.77880859375,1829500,0.0,0.0
2018-10-16 00:00:00-04:00,28.68000030517578,29.489999771118164,28.489999771118164,29.420000076293945,25.551788330078125,2745800,0.0,0.0
2018-10-17 00:00:00-04:00,29.31999969482422,29.600000381469727,28.56999969482422,28.610000610351562,24.84828758239746,3686700,0.0,0.0
2018-10-18 00:00:00-04:00,28.559999465942383,28.780000686645508,27.940000534057617,27.979999542236328,24.301118850708008,3798600,0.0,0.0
2018-10-19 00:00:00-04:00,28.100000381469727,28.43000030517578,27.700000762939453,27.760000228881836,24.11005210876465,1768000,0.0,0.0
2018-10-22 00:00:00-04:00,27.889999389648438,28.0,27.329999923706055,27.350000381469727,23.753955841064453,2544000,0.0,0.0
2018-10-23 00:00:00-04:00,26.8799991607666,27.170000076293945,26.31999969482422,26.989999771118164,23.441293716430664,3513800,0.0,0.0
2018-10-24 00:00:00-04:00,26.8799991607666,27.079999923706055,25.6299991607666,25.68000030517578,22.30353355407715,4522600,0.0,0.0
2018-10-25 00:00:00-04:00,25.739999771118164,27.100000381469727,25.350000381469727,26.600000381469727,23.102567672729492,6779500,0.0,0.0
2018-10-26 00:00:00-04:00,26.209999084472656,26.84000015258789,26.079999923706055,26.3799991607666,22.91149139404297,5581100,0.0,0.0
2018-10-29 00:00:00-04:00,26.899999618530273,27.469999313354492,26.280000686645508,26.6200008392334,23.119935989379883,4690900,0.0,0.0
2018-10-30 00:00:00-04:00,26.600000381469727,26.950000762939453,26.229999542236328,26.68000030517578,23.17205047607422,4358900,0.0,0.0
2018-10-31 00:00:00-04:00,26.940000534057617,27.559999465942383,26.809999465942383,27.270000457763672,23.68447494506836,5527700,0.0,0.0
2018-11-01 00:00:00-04:00,27.360000610351562,27.93000030517578,27.290000915527344,27.670000076293945,24.031883239746094,4067900,0.0,0.0
2018-11-02 00:00:00-04:00,27.920000076293945,28.15999984741211,27.610000610351562,27.770000457763672,24.11873435974121,2347200,0.0,0.0
2018-11-05 00:00:00-05:00,27.770000457763672,28.110000610351562,27.690000534057617,27.760000228881836,24.11005210876465,1879500,0.0,0.0
2018-11-06 00:00:00-05:00,27.770000457763672,28.059999465942383,27.56999969482422,27.8700008392334,24.205585479736328,2079800,0.0,0.0
2018-11-07 00:00:00-05:00,27.989999771118164,28.459999084472656,27.729999542236328,28.389999389648438,24.657211303710938,3055900,0.0,0.0
2018-11-08 00:00:00-05:00,28.219999313354492,28.81999969482422,28.219999313354492,28.65999984741211,24.89171600341797,4037200,0.0,0.0
2018-11-09 00:00:00-05:00,28.549999237060547,28.809999465942383,27.559999465942383,27.729999542236328,24.083993911743164,2685700,0.0,0.0
2018-11-12 00:00:00-05:00,27.690000534057617,27.799999237060547,27.190000534057617,27.229999542236328,23.649736404418945,2902300,0.0,0.0
2018-11-13 00:00:00-05:00,27.260000228881836,27.770000457763672,27.020000457763672,27.059999465942383,23.502086639404297,2839500,0.0,0.0
2018-11-14 00:00:00-05:00,27.420000076293945,28.049999237060547,27.420000076293945,27.709999084472656,24.066621780395508,3314700,0.0,0.0
2018-11-15 00:00:00-05:00,27.579999923706055,28.010000228881836,27.09000015258789,27.799999237060547,24.144786834716797,3045200,0.0,0.0
2018-11-16 00:00:00-05:00,27.65999984741211,28.610000610351562,27.600000381469727,28.399999618530273,24.665903091430664,4358300,0.0,0.0
2018-11-19 00:00:00-05:00,28.389999389648438,28.5,27.450000762939453,27.489999771118164,23.875545501708984,2315400,0.0,0.0
2018-11-20 00:00:00-05:00,27.100000381469727,27.559999465942383,26.809999465942383,26.950000762939453,23.40654754638672,3817200,0.0,0.0
2018-11-21 00:00:00-05:00,27.1299991607666,27.600000381469727,27.030000686645508,27.290000915527344,23.70184326171875,1768300,0.0,0.0
2018-11-23 00:00:00-05:00,27.100000381469727,27.479999542236328,27.079999923706055,27.34000015258789,23.745271682739258,529200,0.0,0.0
2018-11-26 00:00:00-05:00,27.639999389648438,27.809999465942383,27.34000015258789,27.790000915527344,24.136104583740234,2100900,0.0,0.0
2018-11-27 00:00:00-05:00,27.700000762939453,27.8799991607666,27.40999984741211,27.6200008392334,23.988452911376953,2259200,0.0,0.0
2018-11-28 00:00:00-05:00,27.719999313354492,28.040000915527344,27.139999389648438,28.030000686645508,24.344547271728516,3633600,0.0,0.0
2018-11-29 00:00:00-05:00,27.920000076293945,28.139999389648438,27.719999313354492,27.780000686645508,24.127416610717773,2378800,0.0,0.0
2018-11-30 00:00:00-05:00,27.829999923706055,27.989999771118164,27.520000457763672,27.84000015258789,24.179529190063477,2670300,0.0,0.0
2018-12-03 00:00:00-05:00,28.420000076293945,28.6299991607666,27.940000534057617,28.270000457763672,24.552993774414062,2802600,0.0,0.0
2018-12-04 00:00:00-05:00,28.229999542236328,28.260000228881836,26.639999389648438,26.65999984741211,23.154678344726562,2391400,0.0,0.0
2018-12-06 00:00:00-05:00,26.329999923706055,26.459999084472656,25.670000076293945,26.360000610351562,22.894121170043945,3515400,0.0,0.0
2018-12-07 00:00:00-05:00,26.260000228881836,26.790000915527344,25.579999923706055,25.6299991607666,22.26010513305664,2535900,0.0,0.0
2018-12-10 00:00:00-05:00,25.700000762939453,26.100000381469727,25.059999465942383,25.6299991607666,22.26010513305664,2418000,0.0,0.0
2018-12-11 00:00:00-05:00,26.0,26.1299991607666,25.18000030517578,25.309999465942383,21.982181549072266,2784500,0.0,0.0
2018-12-12 00:00:00-05:00,25.600000381469727,26.219999313354492,25.450000762939453,25.829999923706055,22.43381118774414,4465400,0.0,0.0
2018-12-13 00:00:00-05:00,25.959999084472656,26.110000610351562,25.200000762939453,25.229999542236328,21.912700653076172,2134500,0.0,0.0
2018-12-14 00:00:00-05:00,25.0,25.31999969482422,24.459999084472656,24.600000381469727,21.365530014038086,2486700,0.0,0.0
2018-12-17 00:00:00-05:00,24.559999465942383,25.010000228881836,24.229999542236328,24.549999237060547,21.322105407714844,3283200,0.0,0.0
2018-12-18 00:00:00-05:00,24.780000686645508,25.079999923706055,24.239999771118164,24.549999237060547,21.322105407714844,4664200,0.0,0.0
2018-12-19 00:00:00-05:00,24.59000015258789,25.34000015258789,24.010000228881836,24.329999923706055,21.13103485107422,4653700,0.0,0.0
2018-12-20 00:00:00-05:00,24.280000686645508,24.299999237060547,23.459999084472656,23.84000015258789,20.70546531677246,5738000,0.0,0.0
2018-12-21 00:00:00-05:00,23.860000610351562,24.25,23.540000915527344,23.56999969482422,20.47096061706543,6378300,0.0,0.0
2018-12-24 00:00:00-05:00,23.450000762939453,24.06999969482422,23.139999389648438,23.899999618530273,20.757570266723633,2894300,0.0,0.0
2018-12-26 00:00:00-05:00,24.06999969482422,24.760000228881836,23.729999542236328,24.75,21.49580955505371,4340900,0.0,0.0
2018-12-27 00:00:00-05:00,24.299999237060547,24.5,23.190000534057617,24.09000015258789,20.922588348388672,3921700,0.0,0.0
2018-12-28 00:00:00-05:00,24.239999771118164,24.350000381469727,23.780000686645508,23.959999084472656,20.809677124023438,2962200,0.0,0.0
2018-12-31 00:00:00-05:00,24.1200008392334,24.25,23.31999969482422,23.729999542236328,20.609920501708984,2979900,0.0,0.0
2019-01-02 00:00:00-05:00,23.360000610351562,24.010000228881836,23.110000610351562,23.700000762939453,20.583866119384766,4174900,0.0,0.0
2019-01-03 00:00:00-05:00,23.639999389648438,23.709999084472656,22.739999771118164,22.90999984741211,19.89773941040039,5245300,0.0,0.0
2019-01-04 00:00:00-05:00,23.280000686645508,24.200000762939453,23.15999984741211,23.829999923706055,20.696775436401367,3416500,0.0,0.0
2019-01-07 00:00:00-05:00,23.739999771118164,24.3799991607666,23.649999618530273,24.170000076293945,20.992069244384766,3430300,0.0,0.0
2019-01-08 00:00:00-05:00,24.479999542236328,24.829999923706055,24.280000686645508,24.81999969482422,21.556608200073242,3449400,0.0,0.0
2019-01-09 00:00:00-05:00,25.040000915527344,25.799999237060547,24.84000015258789,25.780000686645508,22.390382766723633,3574900,0.0,0.0
2019-01-10 00:00:00-05:00,25.469999313354492,26.209999084472656,25.1299991607666,26.190000534057617,22.746475219726562,4483000,0.0,0.0
2019-01-11 00:00:00-05:00,26.010000228881836,26.469999313354492,25.729999542236328,26.31999969482422,22.85938262939453,3611600,0.0,0.0
2019-01-14 00:00:00-05:00,26.149999618530273,26.81999969482422,26.030000686645508,26.649999618530273,23.145992279052734,2953000,0.0,0.0
2019-01-15 00:00:00-05:00,26.700000762939453,26.860000610351562,26.40999984741211,26.65999984741211,23.154678344726562,3143100,0.0,0.0
2019-01-16 00:00:00-05:00,26.6299991607666,26.959999084472656,26.469999313354492,26.81999969482422,23.29364013671875,2470000,0.0,0.0
2019-01-17 00:00:00-05:00,26.709999084472656,27.280000686645508,26.59000015258789,26.899999618530273,23.363122940063477,2991500,0.0,0.0
2019-01-18 00:00:00-05:00,26.350000381469727,26.549999237060547,25.59000015258789,26.25,22.798587799072266,5843200,0.0,0.0
2019-01-22 00:00:00-05:00,26.059999465942383,26.25,25.739999771118164,25.899999618530273,22.494606018066406,2746600,0.0,0.0
2019-01-23 00:00:00-05:00,26.049999237060547,26.209999084472656,25.440000534057617,25.809999465942383,22.416440963745117,3577700,0.0,0.0
2019-01-24 00:00:00-05:00,25.75,26.270000457763672,25.75,26.239999771118164,22.789899826049805,3670500,0.0,0.0
2019-01-25 00:00:00-05:00,26.5,26.59000015258789,26.020000457763672,26.079999923706055,22.65093421936035,2345800,0.0,0.0
2019-01-28 00:00:00-05:00,25.8799991607666,26.309999465942383,25.700000762939453,26.299999237060547,22.84201431274414,2651100,0.0,0.0
2019-01-29 00:00:00-05:00,26.299999237060547,26.420000076293945,26.0,26.270000457763672,22.815956115722656,1914700,0.0,0.0
2019-01-30 00:00:00-05:00,26.450000762939453,26.649999618530273,26.020000457763672,26.56999969482422,23.076513290405273,2020900,0.0,0.0
2019-01-31 00:00:00-05:00,26.5,26.670000076293945,26.09000015258789,26.219999313354492,22.772531509399414,1712400,0.0,0.0
2019-02-01 00:00:00-05:00,26.170000076293945,26.5,25.979999542236328,26.43000030517578,22.954919815063477,2218700,0.0,0.0
2019-02-04 00:00:00-05:00,26.43000030517578,27.170000076293945,26.18000030517578,27.170000076293945,23.597623825073242,2932700,0.0,0.0
2019-02-05 00:00:00-05:00,27.190000534057617,27.459999084472656,26.959999084472656,27.170000076293945,23.597623825073242,2566600,0.0,0.0
2019-02-06 00:00:00-05:00,27.18000030517578,27.280000686645508,26.950000762939453,27.030000686645508,23.476032257080078,2158000,0.0,0.0
2019-02-07 00:00:00-05:00,26.940000534057617,27.0,26.170000076293945,26.25,22.798587799072266,1368600,0.0,0.0
2019-02-08 00:00:00-05:00,26.170000076293945,26.3700008392334,25.969999313354492,26.229999542236328,22.781213760375977,1777000,0.0,0.0
2019-02-11 00:00:00-05:00,26.360000610351562,26.469999313354492,26.139999389648438,26.420000076293945,22.94623374938965,1262500,0.0,0.0
2019-02-12 00:00:00-05:00,26.510000228881836,26.760000228881836,26.469999313354492,26.700000762939453,23.189420700073242,2394000,0.0,0.0
2019-02-13 00:00:00-05:00,26.84000015258789,27.0,26.530000686645508,26.75,23.232845306396484,2428800,0.0,0.0
2019-02-14 00:00:00-05:00,26.610000610351562,26.709999084472656,26.440000534057617,26.459999084472656,22.980972290039062,2000200,0.0,0.0
2019-02-15 00:00:00-05:00,26.709999084472656,27.15999984741211,26.3700008392334,27.149999618530273,23.580251693725586,3107600,0.0,0.0
2019-02-19 00:00:00-05:00,27.040000915527344,27.1200008392334,26.8799991607666,27.0,23.449974060058594,2097400,0.0,0.0
2019-02-20 00:00:00-05:00,27.059999465942383,27.170000076293945,26.84000015258789,26.969999313354492,23.423919677734375,2569800,0.0,0.0
2019-02-21 00:00:00-05:00,26.979999542236328,27.450000762939453,26.920000076293945,27.34000015258789,23.745271682739258,1734800,0.0,0.0
2019-02-22 00:00:00-05:00,27.3799991607666,27.520000457763672,27.09000015258789,27.329999923706055,23.73657989501953,2020800,0.0,0.0
2019-02-25 00:00:00-05:00,27.6200008392334,27.84000015258789,27.469999313354492,27.520000457763672,23.90160369873047,2145400,0.0,0.0
2019-02-26 00:00:00-05:00,27.530000686645508,27.65999984741211,27.25,27.260000228881836,23.675790786743164,2124500,0.0,0.0
2019-02-27 00:00:00-05:00,27.280000686645508,27.440000534057617,27.020000457763672,27.260000228881836,23.675790786743164,3858000,0.0,0.0
2019-02-28 00:00:00-05:00,27.06999969482422,28.40999984741211,25.920000076293945,27.700000762939453,24.057933807373047,6518800,0.0,0.0
2019-03-01 00:00:00-05:00,27.920000076293945,28.18000030517578,27.290000915527344,27.81999969482422,24.162158966064453,4115500,0.0,0.0
2019-03-04 00:00:00-05:00,28.450000762939453,29.0,27.649999618530273,28.100000381469727,24.405349731445312,3346900,0.0,0.0
2019-03-05 00:00:00-05:00,28.170000076293945,28.309999465942383,27.729999542236328,27.780000686645508,24.127416610717773,3920300,0.0,0.0
2019-03-06 00:00:00-05:00,28.350000381469727,28.670000076293945,27.93000030517578,28.469999313354492,24.726694107055664,3793900,0.0,0.0
2019-03-07 00:00:00-05:00,28.329999923706055,28.56999969482422,27.56999969482422,27.799999237060547,24.144786834716797,2357900,0.0,0.0
2019-03-08 00:00:00-05:00,27.540000915527344,27.639999389648438,27.239999771118164,27.350000381469727,23.753955841064453,2435800,0.0,0.0
2019-03-11 00:00:00-04:00,27.43000030517578,27.579999923706055,27.219999313354492,27.31999969482422,23.727901458740234,2450500,0.0,0.0
2019-03-12 00:00:00-04:00,27.270000457763672,27.389999389648438,26.84000015258789,26.8700008392334,23.337068557739258,3461100,0.0,0.0
2019-03-13 00:00:00-04:00,26.93000030517578,27.5,26.860000610351562,27.34000015258789,23.745271682739258,4479900,0.0,0.0
2019-03-14 00:00:00-04:00,27.309999465942383,27.90999984741211,27.149999618530273,27.8799991607666,24.21426773071289,3916200,0.0,0.0
2019-03-15 00:00:00-04:00,27.889999389648438,28.040000915527344,27.579999923706055,27.860000610351562,24.196897506713867,4649800,0.0,0.0
2019-03-18 00:00:00-04:00,27.940000534057617,28.329999923706055,27.639999389648438,28.31999969482422,24.596418380737305,2045200,0.0,0.0
2019-03-19 00:00:00-04:00,28.389999389648438,28.979999542236328,28.350000381469727,28.639999389648438,24.874345779418945,2800500,0.0,0.0
2019-03-20 00:00:00-04:00,28.65999984741211,29.0,28.299999237060547,28.700000762939453,24.926456451416016,3136700,0.0,0.0
2019-03-21 00:00:00-04:00,28.6299991607666,29.15999984741211,28.600000381469727,29.010000228881836,25.195697784423828,1449200,0.0,0.0
2019-03-22 00:00:00-04:00,28.850000381469727,28.940000534057617,28.350000381469727,28.360000610351562,24.63115882873535,1689200,0.0,0.0
2019-03-25 00:00:00-04:00,28.299999237060547,28.709999084472656,28.219999313354492,28.34000015258789,24.613792419433594,1577600,0.0,0.0
2019-03-26 00:00:00-04:00,28.440000534057617,28.59000015258789,28.079999923706055,28.31999969482422,24.596418380737305,2077600,0.0,0.0
2019-03-27 00:00:00-04:00,28.40999984741211,28.559999465942383,28.09000015258789,28.209999084472656,24.500883102416992,1705300,0.0,0.0
2019-03-28 00:00:00-04:00,28.31999969482422,28.43000030517578,28.030000686645508,28.209999084472656,24.500883102416992,2254500,0.0,0.0
2019-03-29 00:00:00-04:00,28.420000076293945,28.540000915527344,28.200000762939453,28.3799991607666,24.648527145385742,3601100,0.0,0.0
2019-04-01 00:00:00-04:00,28.6299991607666,29.229999542236328,28.6299991607666,29.209999084472656,25.369396209716797,2447300,0.0,0.0
2019-04-02 00:00:00-04:00,29.209999084472656,29.469999313354492,29.0,29.170000076293945,25.334657669067383,1747100,0.0,0.0
2019-04-03 00:00:00-04:00,29.399999618530273,29.940000534057617,29.290000915527344,29.639999389648438,25.74286460876465,2519100,0.0,0.0
2019-04-04 00:00:00-04:00,29.579999923706055,29.81999969482422,29.530000686645508,29.760000228881836,25.847084045410156,2412500,0.0,0.0
2019-04-05 00:00:00-04:00,29.8799991607666,30.06999969482422,29.760000228881836,30.049999237060547,26.098953247070312,2653800,0.0,0.0
2019-04-08 00:00:00-04:00,30.059999465942383,30.31999969482422,29.969999313354492,30.18000030517578,26.21186065673828,2024300,0.0,0.0
2019-04-09 00:00:00-04:00,30.1299991607666,30.139999389648438,29.940000534057617,30.059999465942383,26.107637405395508,1861200,0.0,0.0
2019-04-10 00:00:00-04:00,30.1200008392334,30.34000015258789,29.950000762939453,30.329999923706055,26.342144012451172,1309300,0.0,0.0
2019-04-11 00:00:00-04:00,30.3799991607666,30.440000534057617,30.260000228881836,30.389999389648438,26.39424705505371,1224500,0.0,0.0
2019-04-12 00:00:00-04:00,30.860000610351562,30.920000076293945,30.3799991607666,30.81999969482422,26.767711639404297,1400200,0.0,0.0
2019-04-15 00:00:00-04:00,30.8799991607666,31.06999969482422,30.6299991607666,31.030000686645508,26.95009994506836,1385200,0.0,0.0
2019-04-16 00:00:00-04:00,31.170000076293945,31.219999313354492,30.969999313354492,31.110000610351562,27.01958465576172,1345500,0.0,0.0
2019-04-17 00:00:00-04:00,31.329999923706055,31.3799991607666,31.010000228881836,31.1200008392334,27.028268814086914,1510300,0.0,0.0
2019-04-18 00:00:00-04:00,31.149999618530273,31.149999618530273,30.610000610351562,30.780000686645508,26.732973098754883,1992600,0.0,0.0
2019-04-22 00:00:00-04:00,30.65999984741211,30.65999984741211,30.229999542236328,30.610000610351562,26.585325241088867,2236100,0.0,0.0
2019-04-23 00:00:00-04:00,30.690000534057617,31.450000762939453,30.610000610351562,31.34000015258789,27.219343185424805,2468000,0.0,0.0
2019-04-24 00:00:00-04:00,31.209999084472656,31.68000030517578,31.209999084472656,31.440000534057617,27.306194305419922,2784100,0.0,0.0
2019-04-25 00:00:00-04:00,31.100000381469727,31.100000381469727,29.290000915527344,29.65999984741211,25.760231018066406,4843600,0.0,0.0
2019-04-26 00:00:00-04:00,29.790000915527344,30.059999465942383,29.729999542236328,30.040000915527344,26.09027099609375,2800400,0.0,0.0
2019-04-29 00:00:00-04:00,30.1299991607666,30.40999984741211,29.950000762939453,30.079999923706055,26.125009536743164,3563800,0.0,0.0
2019-04-30 00:00:00-04:00,30.1200008392334,30.389999389648438,30.010000228881836,30.100000381469727,26.142379760742188,5268100,0.0,0.0
2019-05-01 00:00:00-04:00,30.09000015258789,30.18000030517578,29.59000015258789,29.639999389648438,25.74286460876465,3407400,0.0,0.0
2019-05-02 00:00:00-04:00,29.65999984741211,29.81999969482422,29.030000686645508,29.049999237060547,25.230440139770508,3458600,0.0,0.0
2019-05-03 00:00:00-04:00,29.280000686645508,29.31999969482422,28.600000381469727,28.790000915527344,25.004623413085938,3693400,0.0,0.0
2019-05-06 00:00:00-04:00,28.280000686645508,28.600000381469727,28.18000030517578,28.5,24.75275230407715,2830300,0.0,0.0
2019-05-07 00:00:00-04:00,28.280000686645508,28.479999542236328,27.719999313354492,27.979999542236328,24.301118850708008,2906400,0.0,0.0
2019-05-08 00:00:00-04:00,27.850000381469727,28.09000015258789,27.760000228881836,27.829999923706055,24.170848846435547,2019400,0.0,0.0
2019-05-09 00:00:00-04:00,27.610000610351562,27.75,27.3799991607666,27.420000076293945,23.814754486083984,3652900,0.0,0.0
2019-05-10 00:00:00-04:00,27.350000381469727,27.3700008392334,26.700000762939453,27.31999969482422,23.727901458740234,7315000,0.0,0.0
2019-05-13 00:00:00-04:00,26.84000015258789,26.989999771118164,26.520000457763672,26.780000686645508,23.258901596069336,3530400,0.0,0.0
2019-05-14 00:00:00-04:00,26.799999237060547,27.270000457763672,26.799999237060547,27.020000457763672,23.467350006103516,3736100,0.0,0.0
2019-05-15 00:00:00-04:00,26.90999984741211,27.15999984741211,26.6200008392334,27.079999923706055,23.519454956054688,3087100,0.0,0.0
2019-05-16 00:00:00-04:00,27.15999984741211,27.530000686645508,27.0,27.440000534057617,23.832124710083008,5169600,0.0,0.0
2019-05-17 00:00:00-04:00,27.25,27.489999771118164,27.06999969482422,27.100000381469727,23.53683090209961,2173900,0.0,0.0
2019-05-20 00:00:00-04:00,26.940000534057617,26.989999771118164,26.729999542236328,26.8700008392334,23.337068557739258,1973100,0.0,0.0
2019-05-21 00:00:00-04:00,26.93000030517578,27.25,26.93000030517578,27.15999984741211,23.58894157409668,1524600,0.0,0.0
2019-05-22 00:00:00-04:00,27.09000015258789,27.260000228881836,26.889999389648438,27.0,23.449974060058594,2808100,0.0,0.0
2019-05-23 00:00:00-04:00,26.84000015258789,26.889999389648438,26.3700008392334,26.479999542236328,22.998348236083984,3087300,0.0,0.0
2019-05-24 00:00:00-04:00,26.6299991607666,26.719999313354492,26.43000030517578,26.540000915527344,23.050458908081055,2480400,0.0,0.0
2019-05-28 00:00:00-04:00,26.549999237060547,26.68000030517578,26.209999084472656,26.31999969482422,22.85938262939453,2911500,0.0,0.0
2019-05-29 00:00:00-04:00,26.190000534057617,26.280000686645508,25.93000030517578,26.049999237060547,22.6248836517334,1812800,0.0,0.0
2019-05-30 00:00:00-04:00,26.040000915527344,26.34000015258789,25.719999313354492,25.84000015258789,22.442495346069336,3241400,0.0,0.0
2019-05-31 00:00:00-04:00,25.5,25.739999771118164,25.389999389648438,25.649999618530273,22.27747917175293,2437500,0.0,0.0
2019-06-03 00:00:00-04:00,25.670000076293945,25.940000534057617,25.440000534057617,25.6299991607666,22.26010513305664,2601100,0.0,0.0
2019-06-04 00:00:00-04:00,25.93000030517578,26.469999313354492,25.850000381469727,26.389999389648438,22.920177459716797,3107600,0.0,0.0
2019-06-05 00:00:00-04:00,26.40999984741211,26.59000015258789,26.079999923706055,26.3799991607666,22.91149139404297,2620000,0.0,0.0
2019-06-06 00:00:00-04:00,26.389999389648438,26.540000915527344,25.770000457763672,25.940000534057617,22.529348373413086,2825400,0.0,0.0
2019-06-07 00:00:00-04:00,26.09000015258789,26.6299991607666,26.030000686645508,26.559999465942383,23.06782341003418,2429900,0.0,0.0
2019-06-10 00:00:00-04:00,26.670000076293945,27.09000015258789,26.649999618530273,26.75,23.232845306396484,2256800,0.0,0.0
2019-06-11 00:00:00-04:00,26.989999771118164,26.989999771118164,26.530000686645508,26.729999542236328,23.215476989746094,3373500,0.0,0.0
2019-06-12 00:00:00-04:00,26.610000610351562,26.610000610351562,26.030000686645508,26.190000534057617,22.746475219726562,3000600,0.0,0.0
2019-06-13 00:00:00-04:00,26.34000015258789,26.549999237060547,26.190000534057617,26.3700008392334,22.902812957763672,2477200,0.0,0.0
2019-06-14 00:00:00-04:00,26.329999923706055,26.389999389648438,25.989999771118164,26.239999771118164,22.789899826049805,1096700,0.0,0.0
2019-06-17 00:00:00-04:00,26.260000228881836,26.709999084472656,26.059999465942383,26.170000076293945,22.72910499572754,1047800,0.0,0.0
2019-06-18 00:00:00-04:00,26.290000915527344,26.610000610351562,26.260000228881836,26.329999923706055,22.868066787719727,1518600,0.0,0.0
2019-06-19 00:00:00-04:00,26.389999389648438,26.600000381469727,26.209999084472656,26.520000457763672,23.0330867767334,2077000,0.0,0.0
2019-06-20 00:00:00-04:00,26.790000915527344,26.84000015258789,26.479999542236328,26.670000076293945,23.163360595703125,1910200,0.0,0.0
2019-06-21 00:00:00-04:00,26.649999618530273,27.15999984741211,26.510000228881836,26.639999389648438,23.13730812072754,3803700,0.0,0.0
2019-06-24 00:00:00-04:00,26.56999969482422,26.709999084472656,26.200000762939453,26.219999313354492,22.772531509399414,3076700,0.0,0.0
2019-06-25 00:00:00-04:00,26.190000534057617,26.420000076293945,26.1299991607666,26.270000457763672,22.815956115722656,4267600,0.0,0.0
2019-06-26 00:00:00-04:00,26.40999984741211,26.469999313354492,26.170000076293945,26.18000030517578,22.737789154052734,1692800,0.0,0.0
2019-06-27 00:00:00-04:00,26.219999313354492,26.510000228881836,26.0,26.260000228881836,22.807273864746094,3886400,0.0,0.0
2019-06-28 00:00:00-04:00,26.329999923706055,26.68000030517578,26.270000457763672,26.610000610351562,23.111251831054688,4293100,0.0,0.0
2019-07-01 00:00:00-04:00,26.950000762939453,27.15999984741211,26.700000762939453,27.049999237060547,23.49340057373047,2545900,0.0,0.0
2019-07-02 00:00:00-04:00,27.09000015258789,27.139999389648438,26.510000228881836,26.549999237060547,23.059144973754883,2508800,0.0,0.0
2019-07-03 00:00:00-04:00,26.649999618530273,26.860000610351562,26.450000762939453,26.690000534057617,23.180736541748047,1628500,0.0,0.0
2019-07-05 00:00:00-04:00,26.610000610351562,26.719999313354492,26.420000076293945,26.639999389648438,23.13730812072754,2712200,0.0,0.0
2019-07-08 00:00:00-04:00,26.5,26.639999389648438,26.1299991607666,26.1299991607666,22.694364547729492,2326600,0.0,0.0
2019-07-09 00:00:00-04:00,26.049999237060547,26.190000534057617,25.719999313354492,26.030000686645508,22.607511520385742,2860600,0.0,0.0
2019-07-10 00:00:00-04:00,26.209999084472656,26.309999465942383,26.09000015258789,26.15999984741211,22.720422744750977,1565300,0.0,0.0
2019-07-11 00:00:00-04:00,26.170000076293945,26.34000015258789,26.079999923706055,26.239999771118164,22.789899826049805,1502400,0.0,0.0
2019-07-12 00:00:00-04:00,26.389999389648438,26.8700008392334,26.309999465942383,26.81999969482422,23.29364013671875,1846800,0.0,0.0
2019-07-15 00:00:00-04:00,26.6299991607666,27.0,26.59000015258789,26.899999618530273,23.363122940063477,1817300,0.0,0.0
2019-07-16 00:00:00-04:00,26.84000015258789,27.280000686645508,26.709999084472656,26.989999771118164,23.441293716430664,2177300,0.0,0.0
2019-07-17 00:00:00-04:00,26.950000762939453,26.950000762939453,25.93000030517578,26.020000457763672,22.59882926940918,2323500,0.0,0.0
2019-07-18 00:00:00-04:00,26.0,26.200000762939453,25.56999969482422,25.68000030517578,22.30353355407715,4226600,0.0,0.0
2019-07-19 00:00:00-04:00,25.780000686645508,25.8700008392334,24.889999389648438,24.940000534057617,21.660829544067383,4451000,0.0,0.0
2019-07-22 00:00:00-04:00,24.889999389648438,25.170000076293945,24.559999465942383,25.030000686645508,21.73899269104004,5534400,0.0,0.0
2019-07-23 00:00:00-04:00,25.25,25.93000030517578,25.190000534057617,25.850000381469727,22.451181411743164,3408200,0.0,0.0
2019-07-24 00:00:00-04:00,25.8700008392334,26.34000015258789,25.809999465942383,26.239999771118164,22.789899826049805,2085700,0.0,0.0
2019-07-25 00:00:00-04:00,25.899999618530273,27.8700008392334,25.290000915527344,27.579999923706055,23.953718185424805,4345600,0.0,0.0
2019-07-26 00:00:00-04:00,27.25,28.170000076293945,27.100000381469727,27.729999542236328,24.083993911743164,3626800,0.0,0.0
2019-07-29 00:00:00-04:00,27.700000762939453,27.709999084472656,27.049999237060547,27.350000381469727,23.753955841064453,3230400,0.0,0.0
2019-07-30 00:00:00-04:00,27.239999771118164,27.299999237060547,26.600000381469727,26.899999618530273,23.363122940063477,2636600,0.0,0.0
2019-07-31 00:00:00-04:00,26.940000534057617,27.209999084472656,26.709999084472656,26.93000030517578,23.389183044433594,4034600,0.0,0.0
2019-08-01 00:00:00-04:00,26.93000030517578,27.139999389648438,25.790000915527344,26.149999618530273,22.711734771728516,3083100,0.0,0.0
2019-08-02 00:00:00-04:00,26.049999237060547,26.049999237060547,25.34000015258789,25.549999237060547,22.190624237060547,1740100,0.0,0.0
2019-08-05 00:00:00-04:00,25.110000610351562,25.34000015258789,24.770000457763672,25.09000015258789,21.791109085083008,3576900,0.0,0.0
2019-08-06 00:00:00-04:00,25.239999771118164,25.59000015258789,25.149999618530273,25.549999237060547,22.190624237060547,2055500,0.0,0.0
2019-08-07 00:00:00-04:00,25.15999984741211,25.65999984741211,24.959999084472656,25.56999969482422,22.207996368408203,3343100,0.0,0.0
2019-08-08 00:00:00-04:00,25.829999923706055,26.06999969482422,25.6200008392334,25.940000534057617,22.529348373413086,1827900,0.0,0.0
2019-08-09 00:00:00-04:00,25.8799991607666,25.8799991607666,25.280000686645508,25.440000534057617,22.09508514404297,1853300,0.0,0.0
2019-08-12 00:00:00-04:00,25.239999771118164,25.239999771118164,24.989999771118164,25.040000915527344,21.747678756713867,1182900,0.0,0.0
2019-08-13 00:00:00-04:00,25.030000686645508,25.719999313354492,24.8700008392334,25.350000381469727,22.016921997070312,1934600,0.0,0.0
2019-08-14 00:00:00-04:00,24.950000762939453,25.149999618530273,24.56999969482422,24.75,21.49580955505371,2244800,0.0,0.0
2019-08-15 00:00:00-04:00,24.809999465942383,24.969999313354492,24.440000534057617,24.59000015258789,21.356847763061523,2544900,0.0,0.0
2019-08-16 00:00:00-04:00,24.799999237060547,25.690000534057617,24.639999389648438,25.56999969482422,22.207996368408203,2976800,0.0,0.0
2019-08-19 00:00:00-04:00,26.6200008392334,26.829999923706055,25.68000030517578,26.309999465942383,22.850698471069336,3050400,0.0,0.0
2019-08-20 00:00:00-04:00,26.139999389648438,26.31999969482422,25.920000076293945,26.06999969482422,22.642253875732422,1917300,0.0,0.0
2019-08-21 00:00:00-04:00,26.360000610351562,26.450000762939453,25.959999084472656,26.0,22.581457138061523,3366700,0.0,0.0
2019-08-22 00:00:00-04:00,26.040000915527344,26.34000015258789,25.770000457763672,25.93000030517578,22.520660400390625,2489300,0.0,0.0
2019-08-23 00:00:00-04:00,25.81999969482422,25.81999969482422,25.31999969482422,25.459999084472656,22.112459182739258,3481100,0.0,0.0
2019-08-26 00:00:00-04:00,25.81999969482422,26.010000228881836,25.190000534057617,25.399999618530273,22.06035041809082,3049400,0.0,0.0
2019-08-27 00:00:00-04:00,25.530000686645508,25.639999389648438,24.8799991607666,25.030000686645508,21.73899269104004,3682200,0.0,0.0
2019-08-28 00:00:00-04:00,24.950000762939453,25.709999084472656,24.790000915527344,25.649999618530273,22.27747917175293,2050600,0.0,0.0
2019-08-29 00:00:00-04:00,25.860000610351562,26.34000015258789,25.860000610351562,26.190000534057617,22.746475219726562,1654800,0.0,0.0
2019-08-30 00:00:00-04:00,26.420000076293945,26.690000534057617,26.219999313354492,26.270000457763672,22.815956115722656,1786800,0.0,0.0
2019-09-03 00:00:00-04:00,26.040000915527344,26.09000015258789,25.450000762939453,26.0,22.581457138061523,2460500,0.0,0.0
2019-09-04 00:00:00-04:00,26.299999237060547,26.459999084472656,26.149999618530273,26.40999984741211,22.937549591064453,1790800,0.0,0.0
2019-09-05 00:00:00-04:00,26.760000228881836,27.100000381469727,26.600000381469727,26.90999984741211,23.37180519104004,1932400,0.0,0.0
2019-09-06 00:00:00-04:00,27.0,27.229999542236328,26.81999969482422,26.899999618530273,23.363122940063477,2184800,0.0,0.0
2019-09-09 00:00:00-04:00,27.040000915527344,27.440000534057617,26.93000030517578,27.399999618530273,23.797378540039062,1905000,0.0,0.0
2019-09-10 00:00:00-04:00,27.489999771118164,29.5,27.399999618530273,28.65999984741211,24.89171600341797,4393000,0.0,0.0
2019-09-11 00:00:00-04:00,29.1299991607666,29.15999984741211,28.100000381469727,29.079999923706055,25.256492614746094,2836700,0.0,0.0
2019-09-12 00:00:00-04:00,30.68000030517578,32.83000183105469,30.610000610351562,32.54999923706055,28.270246505737305,6981700,0.0,0.0
2019-09-13 00:00:00-04:00,32.97999954223633,33.16999816894531,32.59000015258789,32.7400016784668,28.435270309448242,3560500,0.0,0.0
2019-09-16 00:00:00-04:00,32.36000061035156,32.790000915527344,31.989999771118164,32.060001373291016,27.844675064086914,2919100,0.0,0.0
2019-09-17 00:00:00-04:00,32.09000015258789,32.31999969482422,31.68000030517578,32.22999954223633,27.992326736450195,2381600,0.0,0.0
2019-09-18 00:00:00-04:00,32.279998779296875,32.29999923706055,31.75,31.940000534057617,27.740455627441406,2320500,0.0,0.0
2019-09-19 00:00:00-04:00,31.959999084472656,32.25,31.829999923706055,31.889999389648438,27.697023391723633,3674700,0.0,0.0
2019-09-20 00:00:00-04:00,32.06999969482422,32.06999969482422,31.489999771118164,31.790000915527344,27.610170364379883,4103000,0.0,0.0
2019-09-23 00:00:00-04:00,31.68000030517578,31.979999542236328,31.3799991607666,31.889999389648438,27.697023391723633,2251300,0.0,0.0
2019-09-24 00:00:00-04:00,31.950000762939453,32.08000183105469,31.3799991607666,31.6200008392334,27.462526321411133,2002200,0.0,0.0
2019-09-25 00:00:00-04:00,31.610000610351562,31.90999984741211,31.209999084472656,31.610000610351562,27.453842163085938,1905000,0.0,0.0
2019-09-26 00:00:00-04:00,31.479999542236328,31.709999084472656,31.290000915527344,31.43000030517578,27.297510147094727,1701700,0.0,0.0
2019-09-27 00:00:00-04:00,31.59000015258789,31.690000534057617,31.110000610351562,31.329999923706055,27.210657119750977,1737500,0.0,0.0
2019-09-30 00:00:00-04:00,31.350000381469727,31.549999237060547,31.219999313354492,31.450000762939453,27.314878463745117,2196700,0.0,0.0
2019-10-01 00:00:00-04:00,31.6299991607666,31.860000610351562,30.799999237060547,30.81999969482422,26.767711639404297,2009400,0.0,0.0
2019-10-02 00:00:00-04:00,30.280000686645508,30.68000030517578,29.969999313354492,30.1299991607666,26.168437957763672,2372600,0.0,0.0
2019-10-03 00:00:00-04:00,30.170000076293945,30.350000381469727,29.3700008392334,30.34000015258789,26.35082244873047,2043500,0.0,0.0
2019-10-04 00:00:00-04:00,30.200000762939453,30.549999237060547,30.059999465942383,30.510000228881836,26.498470306396484,1186400,0.0,0.0
2019-10-07 00:00:00-04:00,30.40999984741211,30.510000228881836,30.1200008392334,30.290000915527344,26.30739974975586,1340200,0.0,0.0
2019-10-08 00:00:00-04:00,29.950000762939453,30.229999542236328,29.84000015258789,29.889999389648438,25.959991455078125,1952800,0.0,0.0
2019-10-09 00:00:00-04:00,30.030000686645508,30.049999237060547,29.59000015258789,29.610000610351562,25.71680450439453,1806100,0.0,0.0
2019-10-10 00:00:00-04:00,29.729999542236328,30.34000015258789,29.729999542236328,30.209999084472656,26.237918853759766,1681000,0.0,0.0
2019-10-11 00:00:00-04:00,30.540000915527344,31.299999237060547,30.540000915527344,30.81999969482422,26.767711639404297,2368200,0.0,0.0
2019-10-14 00:00:00-04:00,30.790000915527344,30.84000015258789,30.600000381469727,30.75,26.70691680908203,1230200,0.0,0.0
2019-10-15 00:00:00-04:00,31.299999237060547,31.360000610351562,30.75,31.030000686645508,26.95009994506836,971900,0.0,0.0
2019-10-16 00:00:00-04:00,30.90999984741211,31.209999084472656,30.90999984741211,31.18000030517578,27.080381393432617,1096200,0.0,0.0
2019-10-17 00:00:00-04:00,31.389999389648438,31.459999084472656,30.969999313354492,31.229999542236328,27.12380599975586,1403300,0.0,0.0
2019-10-18 00:00:00-04:00,31.190000534057617,31.399999618530273,31.110000610351562,31.25,27.141178131103516,1270400,0.0,0.0
2019-10-21 00:00:00-04:00,31.5,31.670000076293945,31.399999618530273,31.649999618530273,27.488584518432617,1199200,0.0,0.0
2019-10-22 00:00:00-04:00,31.65999984741211,32.13999938964844,31.56999969482422,31.889999389648438,27.697023391723633,1643900,0.0,0.0
2019-10-23 00:00:00-04:00,31.799999237060547,31.950000762939453,31.639999389648438,31.920000076293945,27.72308349609375,1130300,0.0,0.0
2019-10-24 00:00:00-04:00,32.11000061035156,32.119998931884766,31.68000030517578,31.790000915527344,27.610170364379883,1151500,0.0,0.0
2019-10-25 00:00:00-04:00,31.639999389648438,31.760000228881836,31.579999923706055,31.6299991607666,27.471206665039062,1432100,0.0,0.0
2019-10-28 00:00:00-04:00,31.790000915527344,31.84000015258789,31.559999465942383,31.670000076293945,27.50595474243164,1292200,0.0,0.0
2019-10-29 00:00:00-04:00,31.6299991607666,31.770000457763672,31.450000762939453,31.610000610351562,27.453842163085938,1011000,0.0,0.0
2019-10-30 00:00:00-04:00,31.440000534057617,31.6200008392334,31.25,31.479999542236328,27.340930938720703,1513900,0.0,0.0
2019-10-31 00:00:00-04:00,32.65999984741211,34.7400016784668,32.209999084472656,33.9900016784668,29.520910263061523,4762600,0.0,0.0
2019-11-01 00:00:00-04:00,34.59000015258789,35.150001525878906,33.77000045776367,35.13999938964844,30.519712448120117,3736800,0.0,0.0
2019-11-04 00:00:00-05:00,35.15999984741211,36.029998779296875,35.029998779296875,35.84000015258789,31.12767219543457,2597100,0.0,0.0
2019-11-05 00:00:00-05:00,35.83000183105469,36.11000061035156,35.290000915527344,35.689998626708984,30.997394561767578,1819600,0.0,0.0
2019-11-06 00:00:00-05:00,35.790000915527344,35.790000915527344,35.34000015258789,35.40999984741211,30.75420570373535,1568300,0.0,0.0
2019-11-07 00:00:00-05:00,35.59000015258789,35.84000015258789,34.97999954223633,35.099998474121094,30.484968185424805,2118600,0.0,0.0
2019-11-08 00:00:00-05:00,35.25,35.33000183105469,34.970001220703125,35.20000076293945,30.57181739807129,1899200,0.0,0.0
2019-11-11 00:00:00-05:00,34.939998626708984,35.2599983215332,34.7599983215332,35.25,30.615243911743164,3450200,0.0,0.0
2019-11-12 00:00:00-05:00,35.290000915527344,36.209999084472656,35.2400016784668,36.18000030517578,31.422971725463867,2784100,0.0,0.0
2019-11-13 00:00:00-05:00,35.97999954223633,35.97999954223633,35.06999969482422,35.209999084472656,30.580503463745117,2048000,0.0,0.0
2019-11-14 00:00:00-05:00,35.209999084472656,35.41999816894531,34.9900016784668,35.16999816894531,30.545759201049805,1696400,0.0,0.0
2019-11-15 00:00:00-05:00,35.34000015258789,35.689998626708984,35.0099983215332,35.54999923706055,30.875802993774414,2497200,0.0,0.0
2019-11-18 00:00:00-05:00,35.40999984741211,35.97999954223633,35.119998931884766,35.869998931884766,31.153724670410156,4040700,0.0,0.0
2019-11-19 00:00:00-05:00,35.88999938964844,36.0099983215332,35.0099983215332,35.209999084472656,30.580503463745117,2605300,0.0,0.0
2019-11-20 00:00:00-05:00,35.150001525878906,35.2599983215332,34.779998779296875,35.150001525878906,30.52840232849121,3592900,0.0,0.0
2019-11-21 00:00:00-05:00,35.2599983215332,35.400001525878906,34.849998474121094,34.88999938964844,30.302576065063477,1491300,0.0,0.0
2019-11-22 00:00:00-05:00,35.029998779296875,35.310001373291016,34.7400016784668,35.0,30.398113250732422,2803400,0.0,0.0
2019-11-25 00:00:00-05:00,35.25,35.5099983215332,34.970001220703125,35.38999938964844,30.73683738708496,3638600,0.0,0.0
2019-11-26 00:00:00-05:00,35.540000915527344,35.959999084472656,35.400001525878906,35.599998474121094,30.919231414794922,2808000,0.0,0.0
2019-11-27 00:00:00-05:00,35.220001220703125,35.70000076293945,35.20000076293945,35.65999984741211,30.971330642700195,1504500,0.0,0.0
2019-11-29 00:00:00-05:00,35.5,35.72999954223633,35.09000015258789,35.279998779296875,30.641307830810547,683900,0.0,0.0
2019-12-02 00:00:00-05:00,35.4900016784668,35.650001525878906,34.9900016784668,35.31999969482422,30.67603874206543,2725900,0.0,0.0
2019-12-03 00:00:00-05:00,34.970001220703125,35.15999984741211,34.150001525878906,34.41999816894531,29.894378662109375,3534100,0.0,0.0
2019-12-04 00:00:00-05:00,34.439998626708984,35.31999969482422,34.439998626708984,35.0099983215332,30.40680503845215,2039200,0.0,0.0
2019-12-05 00:00:00-05:00,35.33000183105469,35.66999816894531,34.959999084472656,35.540000915527344,30.867111206054688,2662500,0.0,0.0
2019-12-06 00:00:00-05:00,35.7400016784668,35.849998474121094,35.630001068115234,35.75,31.049503326416016,1601600,0.0,0.0
2019-12-09 00:00:00-05:00,35.86000061035156,35.95000076293945,35.38999938964844,35.619998931884766,30.93659210205078,2273300,0.0,0.0
2019-12-10 00:00:00-05:00,35.66999816894531,35.869998931884766,35.41999816894531,35.47999954223633,30.81500816345215,1588000,0.0,0.0
2019-12-11 00:00:00-05:00,35.40999984741211,35.93000030517578,35.40999984741211,35.77000045776367,31.066877365112305,1750500,0.0,0.0
2019-12-12 00:00:00-05:00,35.779998779296875,36.2400016784668,35.58000183105469,36.0099983215332,31.275318145751953,2534000,0.0,0.0
2019-12-13 00:00:00-05:00,36.0099983215332,36.380001068115234,35.720001220703125,36.11000061035156,31.36216926574707,2463600,0.0,0.0
2019-12-16 00:00:00-05:00,36.27000045776367,36.380001068115234,35.65999984741211,35.939998626708984,31.214527130126953,2483000,0.0,0.0
2019-12-17 00:00:00-05:00,35.959999084472656,36.369998931884766,35.900001525878906,36.060001373291016,31.318744659423828,2383400,0.0,0.0
2019-12-18 00:00:00-05:00,36.06999969482422,36.630001068115234,35.84000015258789,36.33000183105469,31.553247451782227,2604200,0.0,0.0
2019-12-19 00:00:00-05:00,36.45000076293945,36.45000076293945,35.650001525878906,35.75,31.049503326416016,3118200,0.0,0.0
2019-12-20 00:00:00-05:00,36.060001373291016,36.220001220703125,35.36000061035156,35.93000030517578,31.205842971801758,4278700,0.0,0.0
2019-12-23 00:00:00-05:00,36.040000915527344,36.16999816894531,35.66999816894531,35.790000915527344,31.084239959716797,1111000,0.0,0.0
2019-12-24 00:00:00-05:00,35.779998779296875,35.93000030517578,35.70000076293945,35.88999938964844,31.17110252380371,339100,0.0,0.0
2019-12-26 00:00:00-05:00,35.86000061035156,35.90999984741211,35.66999816894531,35.88999938964844,31.17110252380371,528400,0.0,0.0
2019-12-27 00:00:00-05:00,36.0099983215332,36.0099983215332,35.59000015258789,35.869998931884766,31.153724670410156,900600,0.0,0.0
2019-12-30 00:00:00-05:00,35.97999954223633,36.08000183105469,35.56999969482422,35.70000076293945,31.006080627441406,1103400,0.0,0.0
2019-12-31 00:00:00-05:00,35.56999969482422,35.7599983215332,35.45000076293945,35.70000076293945,31.006080627441406,1210700,0.0,0.0
2020-01-02 00:00:00-05:00,35.91999816894531,36.02000045776367,35.22999954223633,35.79999923706055,31.092933654785156,1673800,0.0,0.0
2020-01-03 00:00:00-05:00,35.52000045776367,35.59000015258789,35.15999984741211,35.38999938964844,30.73683738708496,1377500,0.0,0.0
2020-01-06 00:00:00-05:00,35.189998626708984,35.380001068115234,34.779998779296875,34.86000061035156,30.276521682739258,1970900,0.0,0.0
2020-01-07 00:00:00-05:00,34.79999923706055,34.86000061035156,34.47999954223633,34.66999816894531,30.111499786376953,2196200,0.0,0.0
2020-01-08 00:00:00-05:00,34.84000015258789,34.88999938964844,34.349998474121094,34.59000015258789,30.042020797729492,2123000,0.0,0.0
2020-01-09 00:00:00-05:00,34.810001373291016,34.849998474121094,34.47999954223633,34.650001525878906,30.09413719177246,2525900,0.0,0.0
2020-01-10 00:00:00-05:00,34.70000076293945,34.84000015258789,34.02000045776367,34.09000015258789,29.607770919799805,1232700,0.0,0.0
2020-01-13 00:00:00-05:00,34.18000030517578,34.459999084472656,33.880001068115234,34.130001068115234,29.642499923706055,1757700,0.0,0.0
2020-01-14 00:00:00-05:00,34.099998474121094,34.560001373291016,33.869998931884766,34.34000015258789,29.82489013671875,1891500,0.0,0.0
2020-01-15 00:00:00-05:00,34.20000076293945,34.38999938964844,33.849998474121094,33.91999816894531,29.460119247436523,1216200,0.0,0.0
2020-01-16 00:00:00-05:00,34.099998474121094,34.77000045776367,33.970001220703125,34.7400016784668,30.17230796813965,1478700,0.0,0.0
2020-01-17 00:00:00-05:00,34.97999954223633,34.9900016784668,34.15999984741211,34.61000061035156,30.05939483642578,2232200,0.0,0.0
2020-01-21 00:00:00-05:00,34.58000183105469,34.59000015258789,33.959999084472656,34.22999954223633,29.729354858398438,1550100,0.0,0.0
2020-01-22 00:00:00-05:00,34.29999923706055,34.400001525878906,33.91999816894531,33.91999816894531,29.460119247436523,1358100,0.0,0.0
2020-01-23 00:00:00-05:00,33.72999954223633,34.43000030517578,33.52000045776367,34.349998474121094,29.833574295043945,1582400,0.0,0.0
2020-01-24 00:00:00-05:00,34.27000045776367,34.310001373291016,33.540000915527344,33.61000061035156,29.19087791442871,1179800,0.0,0.0
2020-01-27 00:00:00-05:00,33.02000045776367,33.56999969482422,32.90999984741211,33.060001373291016,28.713191986083984,1615600,0.0,0.0
2020-01-28 00:00:00-05:00,33.189998626708984,33.52000045776367,33.02000045776367,33.439998626708984,29.04322624206543,1127400,0.0,0.0
2020-01-29 00:00:00-05:00,33.470001220703125,33.7599983215332,33.369998931884766,33.4900016784668,29.086652755737305,808300,0.0,0.0
2020-01-30 00:00:00-05:00,33.22999954223633,33.650001525878906,33.0,33.61000061035156,29.19087791442871,933500,0.0,0.0
2020-01-31 00:00:00-05:00,33.529998779296875,33.59000015258789,32.560001373291016,32.689998626708984,28.39183807373047,1602600,0.0,0.0
2020-02-03 00:00:00-05:00,33.099998474121094,33.439998626708984,32.470001220703125,32.58000183105469,28.296306610107422,1950000,0.0,0.0
2020-02-04 00:00:00-05:00,33.06999969482422,33.56999969482422,32.97999954223633,33.2599983215332,28.88689613342285,1592000,0.0,0.0
2020-02-05 00:00:00-05:00,33.560001373291016,34.13999938964844,33.47999954223633,34.06999969482422,29.59040069580078,1718300,0.0,0.0
2020-02-06 00:00:00-05:00,34.25,34.25,33.18000030517578,33.220001220703125,28.852155685424805,1578400,0.0,0.0
2020-02-07 00:00:00-05:00,33.04999923706055,33.11000061035156,32.77000045776367,32.93000030517578,28.600284576416016,1236600,0.0,0.0
2020-02-10 00:00:00-05:00,32.88999938964844,33.2400016784668,32.70000076293945,33.189998626708984,28.82609748840332,1607100,0.0,0.0
2020-02-11 00:00:00-05:00,33.2599983215332,33.849998474121094,33.150001525878906,33.58000183105469,29.164823532104492,923200,0.0,0.0
2020-02-12 00:00:00-05:00,33.630001068115234,33.90999984741211,33.459999084472656,33.7400016784668,29.30378532409668,953600,0.0,0.0
2020-02-13 00:00:00-05:00,33.540000915527344,33.939998626708984,33.4900016784668,33.849998474121094,29.399320602416992,1138600,0.0,0.0
2020-02-14 00:00:00-05:00,33.869998931884766,33.90999984741211,33.119998931884766,33.20000076293945,28.83478355407715,1354600,0.0,0.0
2020-02-18 00:00:00-05:00,33.20000076293945,33.5099983215332,32.9900016784668,33.25,28.878206253051758,2249800,0.0,0.0
2020-02-19 00:00:00-05:00,33.34000015258789,34.220001220703125,33.34000015258789,34.0,29.529598236083984,2734400,0.0,0.0
2020-02-20 00:00:00-05:00,33.0099983215332,34.189998626708984,32.20000076293945,34.02000045776367,29.546958923339844,4370000,0.0,0.0
2020-02-21 00:00:00-05:00,34.040000915527344,34.040000915527344,32.68000030517578,33.040000915527344,28.695816040039062,3734400,0.0,0.0
2020-02-24 00:00:00-05:00,32.279998779296875,32.65999984741211,32.040000915527344,32.33000183105469,28.07917594909668,2492800,0.0,0.0
2020-02-25 00:00:00-05:00,32.25,32.630001068115234,31.25,31.31999969482422,27.201969146728516,2953100,0.0,0.0
2020-02-26 00:00:00-05:00,31.540000915527344,32.040000915527344,30.540000915527344,30.540000915527344,26.52452850341797,2783900,0.0,0.0
2020-02-27 00:00:00-05:00,30.299999237060547,31.0,29.65999984741211,29.719999313354492,25.812345504760742,2863400,0.0,0.0
2020-02-28 00:00:00-05:00,28.8799991607666,29.639999389648438,28.610000610351562,29.579999923706055,25.690752029418945,3765100,0.0,0.0
2020-03-02 00:00:00-05:00,29.56999969482422,29.90999984741211,28.90999984741211,29.899999618530273,25.968673706054688,3087400,0.0,0.0
2020-03-03 00:00:00-05:00,29.75,30.149999618530273,28.43000030517578,28.729999542236328,24.952510833740234,4181400,0.0,0.0
2020-03-04 00:00:00-05:00,29.25,29.780000686645508,28.639999389648438,29.649999618530273,25.75154685974121,2710100,0.0,0.0
2020-03-05 00:00:00-05:00,28.719999313354492,28.8799991607666,27.670000076293945,28.229999542236328,24.51824951171875,4350600,0.0,0.0
2020-03-06 00:00:00-05:00,27.25,28.15999984741211,27.15999984741211,27.520000457763672,23.90160369873047,4390200,0.0,0.0
2020-03-09 00:00:00-04:00,26.079999923706055,26.93000030517578,25.610000610351562,25.899999618530273,22.494606018066406,3993500,0.0,0.0
2020-03-10 00:00:00-04:00,26.610000610351562,27.600000381469727,25.8700008392334,27.579999923706055,23.953718185424805,4047100,0.0,0.0
2020-03-11 00:00:00-04:00,26.850000381469727,27.190000534057617,26.280000686645508,26.809999465942383,23.284954071044922,3253900,0.0,0.0
2020-03-12 00:00:00-04:00,25.440000534057617,26.149999618530273,23.790000915527344,23.829999923706055,20.696775436401367,3918900,0.0,0.0
2020-03-13 00:00:00-04:00,24.969999313354492,25.559999465942383,23.309999465942383,24.899999618530273,21.62609100341797,3463200,0.0,0.0
2020-03-16 00:00:00-04:00,23.0,23.65999984741211,20.229999542236328,20.360000610351562,17.68301773071289,3374100,0.0,0.0
2020-03-17 00:00:00-04:00,20.829999923706055,21.56999969482422,19.329999923706055,19.690000534057617,17.10111427307129,5400400,0.0,0.0
2020-03-18 00:00:00-04:00,18.520000457763672,18.6200008392334,14.0,15.899999618530273,13.809429168701172,6219500,0.0,0.0
2020-03-19 00:00:00-04:00,15.630000114440918,17.850000381469727,14.619999885559082,17.3799991607666,15.09483528137207,5542600,0.0,0.0
2020-03-20 00:00:00-04:00,17.530000686645508,18.200000762939453,15.739999771118164,16.299999237060547,14.15683650970459,4992200,0.0,0.0
2020-03-23 00:00:00-04:00,16.170000076293945,16.170000076293945,13.3100004196167,13.899999618530273,12.072393417358398,3761800,0.0,0.0
2020-03-24 00:00:00-04:00,14.84000015258789,17.34000015258789,14.829999923706055,16.959999084472656,14.730059623718262,4243300,0.0,0.0
2020-03-25 00:00:00-04:00,17.239999771118164,20.190000534057617,17.09000015258789,20.0,17.370349884033203,4950100,0.0,0.0
2020-03-26 00:00:00-04:00,20.040000915527344,22.510000228881836,20.020000457763672,22.25,19.32451820373535,5118800,0.0,0.0
2020-03-27 00:00:00-04:00,20.93000030517578,21.780000686645508,20.299999237060547,21.360000610351562,18.551536560058594,4038100,0.0,0.0
2020-03-30 00:00:00-04:00,21.56999969482422,21.739999771118164,20.200000762939453,21.0,18.238872528076172,2951000,0.0,0.0
2020-03-31 00:00:00-04:00,20.920000076293945,21.450000762939453,20.299999237060547,20.510000228881836,17.813297271728516,4170400,0.0,0.0
2020-04-01 00:00:00-04:00,19.34000015258789,19.790000915527344,18.6200008392334,19.1299991607666,16.6147403717041,3058700,0.0,0.0
2020-04-02 00:00:00-04:00,18.93000030517578,19.639999389648438,17.90999984741211,18.510000228881836,16.076265335083008,3097300,0.0,0.0
2020-04-03 00:00:00-04:00,18.6200008392334,18.799999237060547,17.09000015258789,17.350000381469727,15.068778991699219,2896800,0.0,0.0
2020-04-06 00:00:00-04:00,18.440000534057617,20.100000381469727,18.440000534057617,20.059999465942383,17.422462463378906,3350700,0.0,0.0
2020-04-07 00:00:00-04:00,21.6200008392334,22.360000610351562,20.780000686645508,20.940000534057617,18.186756134033203,2796900,0.0,0.0
2020-04-08 00:00:00-04:00,21.329999923706055,22.209999084472656,20.989999771118164,22.0,19.107383728027344,1802400,0.0,0.0
2020-04-09 00:00:00-04:00,22.65999984741211,23.5,22.170000076293945,22.530000686645508,19.56770133972168,2491800,0.0,0.0
2020-04-13 00:00:00-04:00,22.40999984741211,22.440000534057617,20.8799991607666,21.34000015258789,18.53416633605957,2694300,0.0,0.0
2020-04-14 00:00:00-04:00,21.350000381469727,22.040000915527344,21.010000228881836,21.440000534057617,18.621015548706055,3894600,0.0,0.0
2020-04-15 00:00:00-04:00,20.40999984741211,20.65999984741211,19.75,20.389999389648438,17.70907211303711,2146800,0.0,0.0
2020-04-16 00:00:00-04:00,20.350000381469727,20.770000457763672,19.719999313354492,19.84000015258789,17.231386184692383,1960600,0.0,0.0
2020-04-17 00:00:00-04:00,20.5,21.56999969482422,20.280000686645508,20.940000534057617,18.186756134033203,2522800,0.0,0.0
2020-04-20 00:00:00-04:00,20.43000030517578,20.770000457763672,19.8799991607666,20.34000015258789,17.665647506713867,2550200,0.0,0.0
2020-04-21 00:00:00-04:00,19.579999923706055,20.1299991607666,19.43000030517578,19.93000030517578,17.30955696105957,1897400,0.0,0.0
2020-04-22 00:00:00-04:00,20.469999313354492,20.479999542236328,19.850000381469727,20.149999618530273,17.50063133239746,2190800,0.0,0.0
2020-04-23 00:00:00-04:00,20.350000381469727,21.1299991607666,20.350000381469727,20.469999313354492,17.778553009033203,1431200,0.0,0.0
2020-04-24 00:00:00-04:00,20.68000030517578,21.75,20.6200008392334,21.329999923706055,18.52548599243164,2630900,0.0,0.0
2020-04-27 00:00:00-04:00,21.440000534057617,22.979999542236328,21.440000534057617,22.770000457763672,19.776145935058594,2576300,0.0,0.0
2020-04-28 00:00:00-04:00,23.549999237060547,24.559999465942383,23.420000076293945,23.989999771118164,20.835737228393555,3046000,0.0,0.0
2020-04-29 00:00:00-04:00,24.690000534057617,25.559999465942383,24.5,25.299999237060547,21.973493576049805,2965600,0.0,0.0
2020-04-30 00:00:00-04:00,27.110000610351562,27.5,25.40999984741211,26.149999618530273,22.711734771728516,6553800,0.0,0.0
2020-05-01 00:00:00-04:00,25.399999618530273,25.610000610351562,24.459999084472656,24.809999465942383,21.54792022705078,3810800,0.0,0.0
2020-05-04 00:00:00-04:00,24.420000076293945,24.889999389648438,24.06999969482422,24.6200008392334,21.382902145385742,3130300,0.0,0.0
2020-05-05 00:00:00-04:00,25.139999389648438,25.600000381469727,24.709999084472656,24.979999542236328,21.695571899414062,2597300,0.0,0.0
2020-05-06 00:00:00-04:00,24.940000534057617,25.31999969482422,23.959999084472656,24.0,20.84442138671875,4136000,0.0,0.0
2020-05-07 00:00:00-04:00,24.40999984741211,25.559999465942383,24.40999984741211,25.200000762939453,21.88664436340332,2976300,0.0,0.0
2020-05-08 00:00:00-04:00,25.719999313354492,26.389999389648438,25.719999313354492,26.280000686645508,22.824644088745117,2126300,0.0,0.0
2020-05-11 00:00:00-04:00,25.959999084472656,26.149999618530273,25.020000457763672,25.389999389648438,22.05166244506836,1967600,0.0,0.0
2020-05-12 00:00:00-04:00,25.43000030517578,25.739999771118164,24.239999771118164,24.25,21.061553955078125,1550900,0.0,0.0
2020-05-13 00:00:00-04:00,23.959999084472656,23.959999084472656,22.3799991607666,22.68000030517578,19.697980880737305,2120300,0.0,0.0
2020-05-14 00:00:00-04:00,22.1299991607666,23.559999465942383,21.420000076293945,23.540000915527344,20.444904327392578,2052600,0.0,0.0
2020-05-15 00:00:00-04:00,23.420000076293945,23.780000686645508,22.969999313354492,23.600000381469727,20.497018814086914,1437200,0.0,0.0
2020-05-18 00:00:00-04:00,24.709999084472656,26.040000915527344,24.709999084472656,25.780000686645508,22.390382766723633,2245800,0.0,0.0
2020-05-19 00:00:00-04:00,25.6299991607666,25.940000534057617,24.8799991607666,24.920000076293945,21.64345932006836,2101100,0.0,0.0
2020-05-20 00:00:00-04:00,25.290000915527344,26.0,25.280000686645508,25.520000457763672,22.16457176208496,1732700,0.0,0.0
2020-05-21 00:00:00-04:00,25.229999542236328,25.979999542236328,25.15999984741211,25.520000457763672,22.16457176208496,1828900,0.0,0.0
2020-05-22 00:00:00-04:00,25.450000762939453,25.549999237060547,24.93000030517578,25.34000015258789,22.00823211669922,1031300,0.0,0.0
2020-05-26 00:00:00-04:00,26.520000457763672,27.170000076293945,25.899999618530273,27.040000915527344,23.484718322753906,2428800,0.0,0.0
2020-05-27 00:00:00-04:00,27.399999618530273,28.540000915527344,27.399999618530273,28.3700008392334,24.63984489440918,2792000,0.0,0.0
2020-05-28 00:00:00-04:00,29.1299991607666,29.350000381469727,27.6200008392334,27.709999084472656,24.066621780395508,2787900,0.0,0.0
2020-05-29 00:00:00-04:00,27.469999313354492,27.84000015258789,27.020000457763672,27.459999084472656,23.84949493408203,4230800,0.0,0.0
2020-06-01 00:00:00-04:00,27.530000686645508,28.149999618530273,27.440000534057617,28.049999237060547,24.361919403076172,1567200,0.0,0.0
2020-06-02 00:00:00-04:00,28.540000915527344,28.780000686645508,28.0,28.209999084472656,24.500883102416992,1923400,0.0,0.0
2020-06-03 00:00:00-04:00,28.649999618530273,30.299999237060547,28.25,30.170000076293945,26.203176498413086,2435600,0.0,0.0
2020-06-04 00:00:00-04:00,29.739999771118164,30.600000381469727,29.219999313354492,30.450000762939453,26.446359634399414,2947300,0.0,0.0
2020-06-05 00:00:00-04:00,31.43000030517578,32.16999816894531,30.110000610351562,30.280000686645508,26.29871368408203,2345900,0.0,0.0
2020-06-08 00:00:00-04:00,29.790000915527344,31.139999389648438,29.290000915527344,29.649999618530273,25.75154685974121,3846300,0.0,0.0
2020-06-09 00:00:00-04:00,28.969999313354492,29.40999984741211,28.479999542236328,28.5,24.75275230407715,2423500,0.0,0.0
2020-06-10 00:00:00-04:00,28.459999084472656,28.690000534057617,27.270000457763672,27.459999084472656,23.84949493408203,3195900,0.0,0.0
2020-06-11 00:00:00-04:00,26.469999313354492,26.6200008392334,25.530000686645508,26.299999237060547,22.84201431274414,5548400,0.0,0.0
2020-06-12 00:00:00-04:00,27.559999465942383,27.649999618530273,25.389999389648438,25.889999389648438,22.48592185974121,2616300,0.0,0.0
2020-06-15 00:00:00-04:00,24.770000457763672,27.399999618530273,24.0,27.149999618530273,23.580251693725586,3918000,0.0,0.0
2020-06-16 00:00:00-04:00,28.3700008392334,28.489999771118164,27.059999465942383,27.920000076293945,24.249013900756836,2763900,0.0,0.0
2020-06-17 00:00:00-04:00,27.790000915527344,27.920000076293945,26.639999389648438,26.899999618530273,23.363122940063477,3274300,0.0,0.0
2020-06-18 00:00:00-04:00,26.309999465942383,26.829999923706055,25.899999618530273,25.979999542236328,22.564088821411133,4137700,0.0,0.0
2020-06-19 00:00:00-04:00,26.540000915527344,26.940000534057617,25.81999969482422,25.93000030517578,22.520660400390625,3880400,0.0,0.0
2020-06-22 00:00:00-04:00,25.690000534057617,26.260000228881836,25.15999984741211,26.15999984741211,22.720422744750977,3218200,0.0,0.0
2020-06-23 00:00:00-04:00,26.649999618530273,27.079999923706055,25.959999084472656,26.469999313354492,22.989662170410156,1947700,0.0,0.0
2020-06-24 00:00:00-04:00,25.979999542236328,26.010000228881836,24.719999313354492,24.780000686645508,21.521869659423828,2626000,0.0,0.0
2020-06-25 00:00:00-04:00,24.59000015258789,25.239999771118164,24.350000381469727,25.190000534057617,21.877958297729492,2169600,0.0,0.0
2020-06-26 00:00:00-04:00,25.15999984741211,25.280000686645508,24.690000534057617,24.770000457763672,21.51318359375,3684200,0.0,0.0
2020-06-29 00:00:00-04:00,25.25,25.93000030517578,24.809999465942383,25.829999923706055,22.43381118774414,1956300,0.0,0.0
2020-06-30 00:00:00-04:00,25.799999237060547,26.3700008392334,25.450000762939453,26.200000762939453,22.755159378051758,1914800,0.0,0.0
2020-07-01 00:00:00-04:00,26.149999618530273,26.280000686645508,24.959999084472656,25.079999923706055,21.782419204711914,2868800,0.0,0.0
2020-07-02 00:00:00-04:00,25.829999923706055,26.600000381469727,25.25,25.899999618530273,22.494606018066406,2097100,0.0,0.0
2020-07-06 00:00:00-04:00,26.489999771118164,26.59000015258789,25.610000610351562,25.940000534057617,22.529348373413086,1225200,0.0,0.0
2020-07-07 00:00:00-04:00,25.6200008392334,25.950000762939453,25.510000228881836,25.579999923706055,22.21668243408203,1481500,0.0,0.0
2020-07-08 00:00:00-04:00,25.75,26.0,25.360000610351562,25.690000534057617,22.312217712402344,1967900,0.0,0.0
2020-07-09 00:00:00-04:00,25.829999923706055,25.8799991607666,24.989999771118164,25.450000762939453,22.103776931762695,2086600,0.0,0.0
2020-07-10 00:00:00-04:00,25.520000457763672,25.84000015258789,25.3799991607666,25.65999984741211,22.286157608032227,1522300,0.0,0.0
2020-07-13 00:00:00-04:00,25.850000381469727,26.489999771118164,25.540000915527344,25.700000762939453,22.320899963378906,1392600,0.0,0.0
2020-07-14 00:00:00-04:00,25.43000030517578,26.020000457763672,25.260000228881836,26.0,22.581457138061523,2332700,0.0,0.0
2020-07-15 00:00:00-04:00,26.809999465942383,28.700000762939453,26.309999465942383,28.469999313354492,24.726694107055664,3860200,0.0,0.0
2020-07-16 00:00:00-04:00,28.18000030517578,28.6299991607666,28.030000686645508,28.450000762939453,24.709325790405273,2434500,0.0,0.0
2020-07-17 00:00:00-04:00,28.420000076293945,28.770000457763672,27.959999084472656,28.489999771118164,24.744062423706055,3004900,0.0,0.0
2020-07-20 00:00:00-04:00,28.360000610351562,28.360000610351562,27.510000228881836,27.639999389648438,24.00582504272461,1874000,0.0,0.0
2020-07-21 00:00:00-04:00,27.709999084472656,28.399999618530273,27.709999084472656,27.950000762939453,24.275066375732422,1852200,0.0,0.0
2020-07-22 00:00:00-04:00,27.940000534057617,28.709999084472656,27.75,28.510000228881836,24.761438369750977,1765700,0.0,0.0
2020-07-23 00:00:00-04:00,28.8700008392334,28.8700008392334,27.950000762939453,28.15999984741211,24.457454681396484,2402900,0.0,0.0
2020-07-24 00:00:00-04:00,28.1200008392334,28.389999389648438,27.760000228881836,27.959999084472656,24.28375244140625,2539700,0.0,0.0
2020-07-27 00:00:00-04:00,28.020000457763672,28.260000228881836,27.280000686645508,27.729999542236328,24.083993911743164,2919800,0.0,0.0
2020-07-28 00:00:00-04:00,27.459999084472656,27.75,27.31999969482422,27.40999984741211,23.806066513061523,2110600,0.0,0.0
2020-07-29 00:00:00-04:00,27.5,28.43000030517578,27.43000030517578,28.3799991607666,24.648527145385742,3670100,0.0,0.0
2020-07-30 00:00:00-04:00,28.18000030517578,29.6299991607666,27.440000534057617,29.209999084472656,25.369396209716797,4499700,0.0,0.0
2020-07-31 00:00:00-04:00,29.31999969482422,29.350000381469727,27.65999984741211,28.190000534057617,24.48350715637207,2966200,0.0,0.0
2020-08-03 00:00:00-04:00,28.170000076293945,28.799999237060547,27.8799991607666,28.65999984741211,24.89171600341797,2989100,0.0,0.0
2020-08-04 00:00:00-04:00,28.780000686645508,29.100000381469727,28.649999618530273,28.799999237060547,25.013309478759766,2125700,0.0,0.0
2020-08-05 00:00:00-04:00,28.90999984741211,30.15999984741211,28.729999542236328,30.010000228881836,26.064212799072266,3127600,0.0,0.0
2020-08-06 00:00:00-04:00,29.780000686645508,30.219999313354492,29.510000228881836,30.049999237060547,26.098953247070312,3018300,0.0,0.0
2020-08-07 00:00:00-04:00,29.899999618530273,30.200000762939453,29.729999542236328,30.139999389648438,26.177120208740234,1893300,0.0,0.0
2020-08-10 00:00:00-04:00,30.219999313354492,30.920000076293945,30.18000030517578,30.760000228881836,26.715606689453125,2095500,0.0,0.0
2020-08-11 00:00:00-04:00,31.049999237060547,31.790000915527344,31.049999237060547,31.459999084472656,27.323564529418945,3331900,0.0,0.0
2020-08-12 00:00:00-04:00,32.0,32.70000076293945,31.440000534057617,32.310001373291016,28.061800003051758,5336400,0.0,0.0
2020-08-13 00:00:00-04:00,32.06999969482422,32.27000045776367,31.15999984741211,31.329999923706055,27.210657119750977,2100200,0.0,0.0
2020-08-14 00:00:00-04:00,31.209999084472656,31.719999313354492,30.8799991607666,31.489999771118164,27.34962272644043,1564600,0.0,0.0
2020-08-17 00:00:00-04:00,31.6299991607666,31.790000915527344,31.229999542236328,31.329999923706055,27.210657119750977,2647100,0.0,0.0
2020-08-18 00:00:00-04:00,31.360000610351562,31.479999542236328,31.020000457763672,31.049999237060547,26.967472076416016,3074300,0.0,0.0
2020-08-19 00:00:00-04:00,31.100000381469727,31.59000015258789,30.799999237060547,31.34000015258789,27.219343185424805,1659800,0.0,0.0
2020-08-20 00:00:00-04:00,30.979999542236328,31.209999084472656,30.829999923706055,30.950000762939453,26.88062286376953,1718900,0.0,0.0
2020-08-21 00:00:00-04:00,30.90999984741211,31.010000228881836,30.579999923706055,30.920000076293945,26.854564666748047,2409500,0.0,0.0
2020-08-24 00:00:00-04:00,31.290000915527344,31.690000534057617,30.920000076293945,31.649999618530273,27.488584518432617,1260200,0.0,0.0
2020-08-25 00:00:00-04:00,31.84000015258789,31.969999313354492,31.190000534057617,31.739999771118164,27.566749572753906,2468200,0.0,0.0
2020-08-26 00:00:00-04:00,31.6299991607666,31.959999084472656,31.559999465942383,31.860000610351562,27.670969009399414,1996000,0.0,0.0
2020-08-27 00:00:00-04:00,31.979999542236328,32.27000045776367,31.719999313354492,31.760000228881836,27.58411979675293,2369800,0.0,0.0
2020-08-28 00:00:00-04:00,31.84000015258789,32.630001068115234,31.700000762939453,32.619998931884766,28.33104133605957,3476100,0.0,0.0
2020-08-31 00:00:00-04:00,32.439998626708984,32.560001373291016,31.639999389648438,31.739999771118164,27.566749572753906,2551300,0.0,0.0
2020-09-01 00:00:00-04:00,31.479999542236328,31.850000381469727,31.1200008392334,31.81999969482422,27.63623046875,2334700,0.0,0.0
2020-09-02 00:00:00-04:00,32.04999923706055,33.2400016784668,31.959999084472656,33.189998626708984,28.82609748840332,2996700,0.0,0.0
2020-09-03 00:00:00-04:00,33.290000915527344,33.41999816894531,31.40999984741211,31.610000610351562,27.453842163085938,2399200,0.0,0.0
2020-09-04 00:00:00-04:00,32.04999923706055,32.18000030517578,31.149999618530273,31.799999237060547,27.618858337402344,2118000,0.0,0.0
2020-09-08 00:00:00-04:00,31.950000762939453,32.779998779296875,31.290000915527344,32.119998931884766,27.896780014038086,3749400,0.0,0.0
2020-09-09 00:00:00-04:00,32.38999938964844,32.529998779296875,31.68000030517578,31.739999771118164,27.566749572753906,3649800,0.0,0.0
2020-09-10 00:00:00-04:00,31.459999084472656,32.189998626708984,30.989999771118164,31.309999465942383,27.19328498840332,3883300,0.0,0.0
2020-09-11 00:00:00-04:00,32.33000183105469,32.70000076293945,31.799999237060547,32.15999984741211,27.9315242767334,2803600,0.0,0.0
2020-09-14 00:00:00-04:00,32.369998931884766,32.619998931884766,31.770000457763672,32.34000015258789,28.08785629272461,2866700,0.0,0.0
2020-09-15 00:00:00-04:00,32.33000183105469,32.529998779296875,31.639999389648438,31.850000381469727,27.662282943725586,3980100,0.0,0.0
2020-09-16 00:00:00-04:00,32.130001068115234,32.130001068115234,31.420000076293945,31.649999618530273,27.488584518432617,3502800,0.0,0.0
2020-09-17 00:00:00-04:00,31.15999984741211,31.65999984741211,30.790000915527344,31.610000610351562,27.453842163085938,3209800,0.0,0.0
2020-09-18 00:00:00-04:00,31.479999542236328,32.13999938964844,30.8799991607666,31.030000686645508,26.95009994506836,8026300,0.0,0.0
2020-09-21 00:00:00-04:00,30.149999618530273,30.290000915527344,28.729999542236328,28.920000076293945,25.117525100708008,2972800,0.0,0.0
2020-09-22 00:00:00-04:00,29.200000762939453,29.40999984741211,28.170000076293945,28.479999542236328,24.735382080078125,4228400,0.0,0.0
2020-09-23 00:00:00-04:00,28.309999465942383,28.84000015258789,27.8700008392334,27.889999389648438,24.22295379638672,4156500,0.0,0.0
2020-09-24 00:00:00-04:00,27.729999542236328,28.010000228881836,27.059999465942383,27.200000762939453,23.623680114746094,3009900,0.0,0.0
2020-09-25 00:00:00-04:00,26.899999618530273,27.309999465942383,26.729999542236328,27.079999923706055,23.519454956054688,4196200,0.0,0.0
2020-09-28 00:00:00-04:00,27.739999771118164,28.489999771118164,27.600000381469727,28.260000228881836,24.5443058013916,2102200,0.0,0.0
2020-09-29 00:00:00-04:00,28.1299991607666,28.260000228881836,27.6200008392334,27.649999618530273,24.01451301574707,1836400,0.0,0.0
2020-09-30 00:00:00-04:00,27.799999237060547,28.06999969482422,27.459999084472656,27.729999542236328,24.083993911743164,3656300,0.0,0.0
2020-10-01 00:00:00-04:00,28.09000015258789,28.34000015258789,27.579999923706055,28.010000228881836,24.327180862426758,2226200,0.0,0.0
2020-10-02 00:00:00-04:00,27.3700008392334,28.68000030517578,27.280000686645508,28.510000228881836,24.761438369750977,1716200,0.0,0.0
2020-10-05 00:00:00-04:00,28.790000915527344,29.6299991607666,28.59000015258789,29.530000686645508,25.647327423095703,1887400,0.0,0.0
2020-10-06 00:00:00-04:00,29.610000610351562,30.479999542236328,29.399999618530273,29.459999084472656,25.586528778076172,2538000,0.0,0.0
2020-10-07 00:00:00-04:00,29.81999969482422,30.649999618530273,29.81999969482422,30.31999969482422,26.333450317382812,2004500,0.0,0.0
2020-10-08 00:00:00-04:00,30.610000610351562,30.780000686645508,30.1200008392334,30.719999313354492,26.68086051940918,1542500,0.0,0.0
2020-10-09 00:00:00-04:00,31.219999313354492,31.25,30.5,30.520000457763672,26.507156372070312,1547800,0.0,0.0
2020-10-12 00:00:00-04:00,30.700000762939453,30.8799991607666,30.360000610351562,30.850000381469727,26.79376983642578,1366700,0.0,0.0
2020-10-13 00:00:00-04:00,30.59000015258789,31.260000228881836,30.5,30.940000534057617,26.87193489074707,2587100,0.0,0.0
2020-10-14 00:00:00-04:00,30.959999084472656,31.469999313354492,30.760000228881836,30.959999084472656,26.889301300048828,1530700,0.0,0.0
2020-10-15 00:00:00-04:00,30.559999465942383,31.860000610351562,30.40999984741211,31.799999237060547,27.618858337402344,2009600,0.0,0.0
2020-10-16 00:00:00-04:00,31.549999237060547,31.979999542236328,31.34000015258789,31.889999389648438,27.697023391723633,1808400,0.0,0.0
2020-10-19 00:00:00-04:00,32.04999923706055,32.36000061035156,31.290000915527344,31.469999313354492,27.332246780395508,2319700,0.0,0.0
2020-10-20 00:00:00-04:00,32.0,32.560001373291016,31.860000610351562,32.060001373291016,27.844675064086914,1759000,0.0,0.0
2020-10-21 00:00:00-04:00,31.959999084472656,32.59000015258789,31.8700008392334,32.099998474121094,27.879413604736328,2569700,0.0,0.0
2020-10-22 00:00:00-04:00,31.979999542236328,32.33000183105469,31.670000076293945,32.22999954223633,27.992326736450195,1877600,0.0,0.0
2020-10-23 00:00:00-04:00,32.400001525878906,32.900001525878906,32.31999969482422,32.880001068115234,28.556859970092773,1496100,0.0,0.0
2020-10-26 00:00:00-04:00,32.470001220703125,32.540000915527344,31.31999969482422,31.719999313354492,27.549379348754883,1865500,0.0,0.0
2020-10-27 00:00:00-04:00,31.489999771118164,31.579999923706055,30.84000015258789,30.899999618530273,26.83719253540039,1822400,0.0,0.0
2020-10-28 00:00:00-04:00,30.229999542236328,30.559999465942383,29.600000381469727,29.770000457763672,25.855772018432617,3552100,0.0,0.0
2020-10-29 00:00:00-04:00,30.450000762939453,31.969999313354492,30.360000610351562,31.68000030517578,27.514638900756836,3233300,0.0,0.0
2020-10-30 00:00:00-04:00,31.239999771118164,32.25,31.0,31.989999771118164,27.78388023376465,2905200,0.0,0.0
2020-11-02 00:00:00-05:00,32.4900016784668,33.119998931884766,32.189998626708984,32.95000076293945,28.617650985717773,2376000,0.0,0.0
2020-11-03 00:00:00-05:00,33.630001068115234,34.56999969482422,33.16999816894531,34.38999938964844,29.86832046508789,2488300,0.0,0.0
2020-11-04 00:00:00-05:00,34.0099983215332,34.27000045776367,33.34000015258789,33.36000061035156,28.973745346069336,1715800,0.0,0.0
2020-11-05 00:00:00-05:00,33.90999984741211,35.0,33.83000183105469,34.84000015258789,30.259151458740234,1202600,0.0,0.0
2020-11-06 00:00:00-05:00,35.0,35.0,33.810001373291016,33.959999084472656,29.494863510131836,1352700,0.0,0.0
2020-11-09 00:00:00-05:00,35.29999923706055,38.380001068115234,35.29999923706055,35.439998626708984,30.78026580810547,3260200,0.0,0.0
2020-11-10 00:00:00-05:00,35.54999923706055,37.279998779296875,35.31999969482422,37.0099983215332,32.14383316040039,3535500,0.0,0.0
2020-11-11 00:00:00-05:00,37.0,37.0,35.59000015258789,35.79999923706055,31.092933654785156,1737000,0.0,0.0
2020-11-12 00:00:00-05:00,35.86000061035156,35.880001068115234,34.40999984741211,34.86000061035156,30.276521682739258,2021000,0.0,0.0
2020-11-13 00:00:00-05:00,35.33000183105469,36.11000061035156,35.20000076293945,36.040000915527344,31.301380157470703,1968000,0.0,0.0
2020-11-16 00:00:00-05:00,36.72999954223633,36.88999938964844,35.81999969482422,36.79999923706055,31.961448669433594,1226100,0.0,0.0
2020-11-17 00:00:00-05:00,36.279998779296875,36.61000061035156,35.540000915527344,36.4900016784668,31.692211151123047,1853400,0.0,0.0
2020-11-18 00:00:00-05:00,36.540000915527344,36.90999984741211,35.65999984741211,35.65999984741211,30.971330642700195,1732900,0.0,0.0
2020-11-19 00:00:00-05:00,35.470001220703125,35.70000076293945,34.66999816894531,35.33000183105469,30.684728622436523,1639200,0.0,0.0
2020-11-20 00:00:00-05:00,35.2599983215332,35.459999084472656,34.97999954223633,35.08000183105469,30.46759796142578,2241000,0.0,0.0
2020-11-23 00:00:00-05:00,35.47999954223633,35.88999938964844,35.209999084472656,35.849998474121094,31.13636016845703,1435900,0.0,0.0
2020-11-24 00:00:00-05:00,36.41999816894531,37.400001525878906,35.9900016784668,36.79999923706055,31.961448669433594,2028300,0.0,0.0
2020-11-25 00:00:00-05:00,36.619998931884766,36.619998931884766,36.06999969482422,36.220001220703125,31.457706451416016,1108400,0.0,0.0
2020-11-27 00:00:00-05:00,36.2599983215332,36.709999084472656,35.43000030517578,35.97999954223633,31.249265670776367,732700,0.0,0.0
2020-11-30 00:00:00-05:00,35.619998931884766,35.709999084472656,34.97999954223633,35.220001220703125,30.589195251464844,2929500,0.0,0.0
2020-12-01 00:00:00-05:00,35.7599983215332,36.470001220703125,35.529998779296875,36.13999938964844,31.388219833374023,1730200,0.0,0.0
2020-12-02 00:00:00-05:00,36.099998474121094,36.099998474121094,35.16999816894531,35.84000015258789,31.12767219543457,1331200,0.0,0.0
2020-12-03 00:00:00-05:00,36.0099983215332,36.58000183105469,35.65999984741211,36.18000030517578,31.422971725463867,1589400,0.0,0.0
2020-12-04 00:00:00-05:00,36.45000076293945,37.099998474121094,36.119998931884766,37.09000015258789,32.213321685791016,1640200,0.0,0.0
2020-12-07 00:00:00-05:00,36.91999816894531,37.099998474121094,36.400001525878906,37.09000015258789,32.213321685791016,1059200,0.0,0.0
2020-12-08 00:00:00-05:00,36.7599983215332,37.18000030517578,36.630001068115234,36.959999084472656,32.10041427612305,2006500,0.0,0.0
2020-12-09 00:00:00-05:00,37.220001220703125,37.630001068115234,36.91999816894531,37.209999084472656,32.31753158569336,1264500,0.0,0.0
2020-12-10 00:00:00-05:00,36.84000015258789,37.0099983215332,36.279998779296875,36.56999969482422,31.761688232421875,1154000,0.0,0.0
2020-12-11 00:00:00-05:00,36.16999816894531,36.75,36.08000183105469,36.65999984741211,31.8398494720459,1446500,0.0,0.0
2020-12-14 00:00:00-05:00,37.02000045776367,37.560001373291016,36.529998779296875,36.61000061035156,31.79642105102539,1606700,0.0,0.0
2020-12-15 00:00:00-05:00,36.79999923706055,37.290000915527344,36.31999969482422,37.25,32.35227584838867,1022500,0.0,0.0
2020-12-16 00:00:00-05:00,37.45000076293945,37.59000015258789,37.0,37.119998931884766,32.23936080932617,980000,0.0,0.0
2020-12-17 00:00:00-05:00,37.22999954223633,37.27000045776367,36.619998931884766,37.119998931884766,32.23936080932617,1556300,0.0,0.0
2020-12-18 00:00:00-05:00,36.959999084472656,37.150001525878906,35.93000030517578,36.150001525878906,31.396909713745117,4007900,0.0,0.0
2020-12-21 00:00:00-05:00,35.41999816894531,35.97999954223633,34.790000915527344,35.91999816894531,31.1971492767334,1344300,0.0,0.0
2020-12-22 00:00:00-05:00,35.880001068115234,36.36000061035156,35.45000076293945,35.97999954223633,31.249265670776367,1520900,0.0,0.0
2020-12-23 00:00:00-05:00,36.27000045776367,36.52000045776367,36.060001373291016,36.25,31.483762741088867,1258900,0.0,0.0
2020-12-24 00:00:00-05:00,36.400001525878906,36.400001525878906,35.84000015258789,36.2599983215332,31.492446899414062,334600,0.0,0.0
2020-12-28 00:00:00-05:00,36.52000045776367,36.959999084472656,36.18000030517578,36.25,31.483762741088867,898700,0.0,0.0
2020-12-29 00:00:00-05:00,36.7400016784668,36.7400016784668,35.2400016784668,35.34000015258789,30.693408966064453,1812400,0.0,0.0
2020-12-30 00:00:00-05:00,35.41999816894531,35.959999084472656,34.790000915527344,35.369998931884766,30.71946907043457,2829700,0.0,0.0
2020-12-31 00:00:00-05:00,35.5,35.5,34.88999938964844,35.2400016784668,30.6065616607666,1542200,0.0,0.0
2021-01-04 00:00:00-05:00,35.439998626708984,35.86000061035156,34.11000061035156,34.720001220703125,30.154922485351562,2374900,0.0,0.0
2021-01-05 00:00:00-05:00,34.79999923706055,35.560001373291016,34.54999923706055,35.189998626708984,30.563140869140625,3050000,0.0,0.0
2021-01-06 00:00:00-05:00,35.63999938964844,37.61000061035156,35.61000061035156,37.099998474121094,32.22200393676758,2112900,0.0,0.0
2021-01-07 00:00:00-05:00,37.09000015258789,38.25,36.900001525878906,38.150001525878906,33.133949279785156,3693100,0.0,0.0
2021-01-08 00:00:00-05:00,38.15999984741211,38.529998779296875,37.79999923706055,38.38999938964844,33.34239196777344,1833700,0.0,0.0
2021-01-11 00:00:00-05:00,37.9900016784668,38.4900016784668,37.66999816894531,37.959999084472656,32.96892166137695,1517600,0.0,0.0
2021-01-12 00:00:00-05:00,38.06999969482422,40.040000915527344,37.810001373291016,39.81999969482422,34.58436965942383,2611400,0.0,0.0
2021-01-13 00:00:00-05:00,39.52000045776367,39.70000076293945,38.9900016784668,39.36000061035156,34.184852600097656,1640800,0.0,0.0
2021-01-14 00:00:00-05:00,39.54999923706055,39.709999084472656,38.9900016784668,39.06999969482422,33.93299102783203,1482700,0.0,0.0
2021-01-15 00:00:00-05:00,38.7400016784668,38.900001525878906,37.689998626708984,37.849998474121094,32.873390197753906,2022500,0.0,0.0
2021-01-19 00:00:00-05:00,37.79999923706055,38.34000015258789,36.959999084472656,37.150001525878906,32.26543045043945,1623800,0.0,0.0
2021-01-20 00:00:00-05:00,37.29999923706055,37.790000915527344,36.90999984741211,37.599998474121094,32.656253814697266,1719900,0.0,0.0
2021-01-21 00:00:00-05:00,37.52000045776367,37.779998779296875,37.150001525878906,37.61000061035156,32.664947509765625,2412900,0.0,0.0
2021-01-22 00:00:00-05:00,37.4900016784668,37.4900016784668,36.72999954223633,37.150001525878906,32.26543045043945,1178100,0.0,0.0
2021-01-25 00:00:00-05:00,37.2400016784668,37.41999816894531,36.0,37.06999969482422,32.195945739746094,1482100,0.0,0.0
2021-01-26 00:00:00-05:00,37.630001068115234,37.630001068115234,36.66999816894531,36.75,31.91802406311035,1028400,0.0,0.0
2021-01-27 00:00:00-05:00,36.33000183105469,36.33000183105469,34.790000915527344,35.689998626708984,30.997394561767578,2474000,0.0,0.0
2021-01-28 00:00:00-05:00,36.08000183105469,37.130001068115234,35.91999816894531,36.369998931884766,31.587976455688477,2325100,0.0,0.0
2021-01-29 00:00:00-05:00,36.2599983215332,36.619998931884766,34.9900016784668,35.09000015258789,30.476276397705078,2268100,0.0,0.0
2021-02-01 00:00:00-05:00,35.54999923706055,36.15999984741211,35.09000015258789,35.959999084472656,31.231891632080078,1899400,0.0,0.0
2021-02-02 00:00:00-05:00,36.09000015258789,36.599998474121094,36.04999923706055,36.40999984741211,31.62271499633789,1313100,0.0,0.0
2021-02-03 00:00:00-05:00,36.349998474121094,37.029998779296875,36.220001220703125,36.84000015258789,31.996185302734375,1080300,0.0,0.0
2021-02-04 00:00:00-05:00,36.83000183105469,37.83000183105469,36.810001373291016,37.709999084472656,32.75180435180664,962900,0.0,0.0
2021-02-05 00:00:00-05:00,38.029998779296875,38.31999969482422,37.84000015258789,37.90999984741211,32.925498962402344,665600,0.0,0.0
2021-02-08 00:00:00-05:00,38.0099983215332,38.47999954223633,37.880001068115234,38.2400016784668,33.212120056152344,1323900,0.0,0.0
2021-02-09 00:00:00-05:00,38.400001525878906,38.400001525878906,37.369998931884766,37.400001525878906,32.48255920410156,934300,0.0,0.0
2021-02-10 00:00:00-05:00,37.470001220703125,37.81999969482422,37.209999084472656,37.619998931884766,32.67363357543945,1091200,0.0,0.0
2021-02-11 00:00:00-05:00,37.810001373291016,37.810001373291016,36.849998474121094,37.349998474121094,32.43914031982422,975800,0.0,0.0
2021-02-12 00:00:00-05:00,37.209999084472656,37.689998626708984,36.40999984741211,36.91999816894531,32.065670013427734,2271300,0.0,0.0
2021-02-16 00:00:00-05:00,37.209999084472656,37.93000030517578,37.16999816894531,37.459999084472656,32.534671783447266,1977500,0.0,0.0
2021-02-17 00:00:00-05:00,37.47999954223633,37.47999954223633,36.33000183105469,36.779998779296875,31.94407844543457,1300800,0.0,0.0
2021-02-18 00:00:00-05:00,37.7599983215332,39.68000030517578,37.04999923706055,38.61000061035156,33.53347396850586,3193100,0.0,0.0
2021-02-19 00:00:00-05:00,39.43000030517578,39.43000030517578,37.119998931884766,38.790000915527344,33.68980407714844,2793500,0.0,0.0
2021-02-22 00:00:00-05:00,38.41999816894531,39.68000030517578,38.02000045776367,38.9900016784668,33.8635139465332,2330400,0.0,0.0
2021-02-23 00:00:00-05:00,38.970001220703125,39.060001373291016,38.150001525878906,38.540000915527344,33.47267532348633,1593400,0.0,0.0
2021-02-24 00:00:00-05:00,38.33000183105469,40.099998474121094,38.33000183105469,39.97999954223633,34.72333908081055,1334200,0.0,0.0
2021-02-25 00:00:00-05:00,39.84000015258789,40.209999084472656,39.189998626708984,39.56999969482422,34.367252349853516,2632400,0.0,0.0
2021-02-26 00:00:00-05:00,39.849998474121094,40.189998626708984,39.22999954223633,39.38999938964844,34.21091079711914,3127800,0.0,0.0
2021-03-01 00:00:00-05:00,40.029998779296875,40.75,39.7599983215332,40.33000183105469,35.02731704711914,2071900,0.0,0.0
2021-03-02 00:00:00-05:00,40.16999816894531,40.5,39.68000030517578,39.869998931884766,34.6277961730957,1744400,0.0,0.0
2021-03-03 00:00:00-05:00,39.90999984741211,41.290000915527344,39.849998474121094,40.2599983215332,34.96651077270508,2064300,0.0,0.0
2021-03-04 00:00:00-05:00,40.15999984741211,40.83000183105469,39.349998474121094,40.04999923706055,34.78413772583008,2955500,0.0,0.0
2021-03-05 00:00:00-05:00,40.59000015258789,42.18000030517578,40.06999969482422,41.959999084472656,36.442996978759766,2418500,0.0,0.0
2021-03-08 00:00:00-05:00,42.36000061035156,43.970001220703125,42.189998626708984,43.02000045776367,37.363616943359375,2119600,0.0,0.0
2021-03-09 00:00:00-05:00,42.9900016784668,43.779998779296875,42.63999938964844,42.77000045776367,37.1464958190918,3205500,0.0,0.0
2021-03-10 00:00:00-05:00,42.86000061035156,43.279998779296875,42.58000183105469,42.66999816894531,37.05965042114258,3409600,0.0,0.0
2021-03-11 00:00:00-05:00,42.66999816894531,43.060001373291016,42.22999954223633,42.58000183105469,36.98147964477539,2429100,0.0,0.0
2021-03-12 00:00:00-05:00,42.86000061035156,43.099998474121094,42.599998474121094,42.9900016784668,37.33757400512695,1533400,0.0,0.0
2021-03-15 00:00:00-04:00,42.90999984741211,43.33000183105469,42.20000076293945,43.29999923706055,37.606807708740234,1965500,0.0,0.0
2021-03-16 00:00:00-04:00,43.09000015258789,43.34000015258789,42.72999954223633,43.25,37.56338119506836,1458700,0.0,0.0
2021-03-17 00:00:00-04:00,43.2599983215332,43.939998626708984,43.13999938964844,43.7599983215332,38.00632858276367,1792400,0.0,0.0
2021-03-18 00:00:00-04:00,43.540000915527344,44.880001068115234,43.38999938964844,43.599998474121094,37.86736297607422,1556400,0.0,0.0
2021-03-19 00:00:00-04:00,43.15999984741211,43.79999923706055,42.75,43.400001525878906,37.69366455078125,3161200,0.0,0.0
2021-03-22 00:00:00-04:00,43.43000030517578,43.540000915527344,42.43000030517578,42.97999954223633,37.32889175415039,1624900,0.0,0.0
2021-03-23 00:00:00-04:00,42.5099983215332,43.0099983215332,40.959999084472656,41.20000076293945,35.78291702270508,1498000,0.0,0.0
2021-03-24 00:00:00-04:00,41.52000045776367,42.380001068115234,40.97999954223633,41.029998779296875,35.635276794433594,1213000,0.0,0.0
2021-03-25 00:00:00-04:00,41.04999923706055,41.97999954223633,40.380001068115234,41.86000061035156,36.356143951416016,1627900,0.0,0.0
2021-03-26 00:00:00-04:00,41.91999816894531,42.77000045776367,41.68000030517578,42.75,37.129127502441406,884600,0.0,0.0
2021-03-29 00:00:00-04:00,42.58000183105469,43.029998779296875,41.63999938964844,42.060001373291016,36.529850006103516,1165200,0.0,0.0
2021-03-30 00:00:00-04:00,42.08000183105469,42.880001068115234,41.91999816894531,42.86000061035156,37.22466278076172,1088700,0.0,0.0
2021-03-31 00:00:00-04:00,42.779998779296875,42.83000183105469,42.11000061035156,42.33000183105469,36.76435089111328,1280500,0.0,0.0
2021-04-01 00:00:00-04:00,42.45000076293945,42.9900016784668,41.97999954223633,42.95000076293945,37.302825927734375,1481300,0.0,0.0
2021-04-05 00:00:00-04:00,43.619998931884766,43.93000030517578,43.40999984741211,43.849998474121094,38.08449172973633,1202800,0.0,0.0
2021-04-06 00:00:00-04:00,43.72999954223633,43.84000015258789,42.95000076293945,43.15999984741211,37.48521423339844,1633400,0.0,0.0
2021-04-07 00:00:00-04:00,43.41999816894531,43.939998626708984,43.08000183105469,43.83000183105469,38.06713104248047,1600500,0.0,0.0
2021-04-08 00:00:00-04:00,43.689998626708984,43.869998931884766,43.0,43.72999954223633,37.98027801513672,1617500,0.0,0.0
2021-04-09 00:00:00-04:00,43.810001373291016,44.119998931884766,43.540000915527344,44.08000183105469,38.284263610839844,1306900,0.0,0.0
2021-04-12 00:00:00-04:00,44.2599983215332,44.47999954223633,43.86000061035156,44.189998626708984,38.379791259765625,2087900,0.0,0.0
2021-04-13 00:00:00-04:00,44.04999923706055,44.11000061035156,43.02000045776367,43.369998931884766,37.66761779785156,1468200,0.0,0.0
2021-04-14 00:00:00-04:00,43.08000183105469,44.189998626708984,43.08000183105469,43.900001525878906,38.1279296875,1412200,0.0,0.0
2021-04-15 00:00:00-04:00,44.099998474121094,44.54999923706055,43.81999969482422,44.310001373291016,38.48401641845703,1764800,0.0,0.0
2021-04-16 00:00:00-04:00,44.58000183105469,44.9900016784668,44.47999954223633,44.68000030517578,38.805362701416016,1206900,0.0,0.0
2021-04-19 00:00:00-04:00,44.470001220703125,44.880001068115234,44.130001068115234,44.810001373291016,38.91828155517578,3088100,0.0,0.0
2021-04-20 00:00:00-04:00,44.86000061035156,45.060001373291016,43.470001220703125,43.869998931884766,38.10185623168945,1186100,0.0,0.0
2021-04-21 00:00:00-04:00,43.720001220703125,44.630001068115234,43.5,44.45000076293945,38.60560607910156,1179900,0.0,0.0
2021-04-22 00:00:00-04:00,44.540000915527344,44.79999923706055,44.0099983215332,44.279998779296875,38.45796203613281,1197800,0.0,0.0
2021-04-23 00:00:00-04:00,44.54999923706055,45.15999984741211,44.130001068115234,44.9900016784668,39.07460403442383,948800,0.0,0.0
2021-04-26 00:00:00-04:00,45.06999969482422,45.36000061035156,44.75,45.040000915527344,39.118038177490234,1347500,0.0,0.0
2021-04-27 00:00:00-04:00,45.220001220703125,45.95000076293945,45.209999084472656,45.61000061035156,39.61308288574219,1937000,0.0,0.0
2021-04-28 00:00:00-04:00,46.060001373291016,46.209999084472656,45.439998626708984,45.52000045776367,39.53491973876953,1587800,0.0,0.0
2021-04-29 00:00:00-04:00,47.5099983215332,49.33000183105469,46.470001220703125,46.790000915527344,40.637939453125,4235600,0.0,0.0
2021-04-30 00:00:00-04:00,46.689998626708984,47.16999816894531,46.29999923706055,46.709999084472656,40.56845474243164,2276700,0.0,0.0
2021-05-03 00:00:00-04:00,47.36000061035156,48.5099983215332,46.79999923706055,48.0,41.6888427734375,1629300,0.0,0.0
2021-05-04 00:00:00-04:00,47.83000183105469,48.279998779296875,47.56999969482422,48.18000030517578,41.845176696777344,2234500,0.0,0.0
2021-05-05 00:00:00-04:00,48.5099983215332,48.84000015258789,48.119998931884766,48.63999938964844,42.24469757080078,2071400,0.0,0.0
2021-05-06 00:00:00-04:00,48.93000030517578,49.09000015258789,48.34000015258789,49.06999969482422,42.618160247802734,1596900,0.0,0.0
2021-05-07 00:00:00-04:00,48.959999084472656,50.290000915527344,48.650001525878906,49.779998779296875,43.234806060791016,1780600,0.0,0.0
2021-05-10 00:00:00-04:00,50.0,50.77000045776367,49.869998931884766,49.959999084472656,43.391143798828125,1931600,0.0,0.0
2021-05-11 00:00:00-04:00,49.5099983215332,49.849998474121094,48.689998626708984,49.20000076293945,42.73106002807617,1903600,0.0,0.0
2021-05-12 00:00:00-04:00,49.369998931884766,49.4900016784668,47.900001525878906,48.0,41.6888427734375,2064400,0.0,0.0
2021-05-13 00:00:00-04:00,48.619998931884766,49.540000915527344,48.0,49.25,42.774497985839844,1866300,0.0,0.0
2021-05-14 00:00:00-04:00,49.470001220703125,50.779998779296875,49.2599983215332,50.68000030517578,44.01646423339844,1530700,0.0,0.0
2021-05-17 00:00:00-04:00,50.66999816894531,51.15999984741211,50.279998779296875,51.060001373291016,44.34650802612305,1709000,0.0,0.0
2021-05-18 00:00:00-04:00,51.29999923706055,51.52000045776367,49.849998474121094,49.869998931884766,43.31298065185547,1922400,0.0,0.0
2021-05-19 00:00:00-04:00,49.2400016784668,49.779998779296875,48.720001220703125,49.75,43.20874786376953,2268000,0.0,0.0
2021-05-20 00:00:00-04:00,49.84000015258789,50.380001068115234,49.459999084472656,50.290000915527344,43.6777458190918,2429000,0.0,0.0
2021-05-21 00:00:00-04:00,50.25,51.43000030517578,50.209999084472656,50.5,43.86013412475586,2253500,0.0,0.0
2021-05-24 00:00:00-04:00,50.7400016784668,50.77000045776367,49.9900016784668,50.25,43.64301300048828,3384300,0.0,0.0
2021-05-25 00:00:00-04:00,50.349998474121094,50.65999984741211,49.95000076293945,50.02000045776367,43.4432487487793,2136800,0.0,0.0
2021-05-26 00:00:00-04:00,50.11000061035156,50.599998474121094,50.0,50.56999969482422,43.920936584472656,1663700,0.0,0.0
2021-05-27 00:00:00-04:00,50.83000183105469,51.5,50.75,51.09000015258789,44.372562408447266,3474700,0.0,0.0
2021-05-28 00:00:00-04:00,51.400001525878906,51.439998626708984,50.16999816894531,50.959999084472656,44.2596549987793,1601300,0.0,0.0
2021-06-01 00:00:00-04:00,51.380001068115234,51.529998779296875,50.939998626708984,51.150001525878906,44.4246826171875,1412900,0.0,0.0
2021-06-02 00:00:00-04:00,51.619998931884766,51.68000030517578,50.13999938964844,50.279998779296875,43.66905975341797,2813400,0.0,0.0
2021-06-03 00:00:00-04:00,50.04999923706055,50.4900016784668,49.619998931884766,50.18000030517578,43.582218170166016,2046700,0.0,0.0
2021-06-04 00:00:00-04:00,50.36000061035156,50.560001373291016,49.779998779296875,50.45000076293945,43.81671905517578,1214100,0.0,0.0
2021-06-07 00:00:00-04:00,50.5099983215332,50.529998779296875,49.349998474121094,49.529998779296875,43.017677307128906,1583700,0.0,0.0
2021-06-08 00:00:00-04:00,50.0,50.40999984741211,49.189998626708984,50.290000915527344,43.6777458190918,1741700,0.0,0.0
2021-06-09 00:00:00-04:00,50.15999984741211,50.15999984741211,49.4900016784668,49.4900016784668,42.982940673828125,980100,0.0,0.0
2021-06-10 00:00:00-04:00,49.84000015258789,49.869998931884766,49.0,49.0,42.5573616027832,1419000,0.0,0.0
2021-06-11 00:00:00-04:00,49.0099983215332,49.66999816894531,48.900001525878906,49.529998779296875,43.017677307128906,1086300,0.0,0.0
2021-06-14 00:00:00-04:00,49.470001220703125,49.540000915527344,48.279998779296875,48.689998626708984,42.288124084472656,1495100,0.0,0.0
2021-06-15 00:00:00-04:00,48.63999938964844,49.0,48.20000076293945,48.95000076293945,42.51393127441406,1875900,0.0,0.0
2021-06-16 00:00:00-04:00,48.79999923706055,49.18000030517578,48.2400016784668,48.68000030517578,42.279441833496094,1970700,0.0,0.0
2021-06-17 00:00:00-04:00,48.56999969482422,48.7599983215332,46.779998779296875,47.279998779296875,41.063514709472656,1945300,0.0,0.0
2021-06-18 00:00:00-04:00,46.5,47.20000076293945,46.15999984741211,46.81999969482422,40.66399383544922,2970100,0.0,0.0
2021-06-21 00:00:00-04:00,47.29999923706055,48.27000045776367,47.029998779296875,48.119998931884766,41.79307174682617,1656100,0.0,0.0
2021-06-22 00:00:00-04:00,48.13999938964844,48.310001373291016,47.22999954223633,48.0099983215332,41.697532653808594,1845500,0.0,0.0
2021-06-23 00:00:00-04:00,48.349998474121094,48.77000045776367,47.86000061035156,48.40999984741211,42.04494094848633,1604500,0.0,0.0
2021-06-24 00:00:00-04:00,48.38999938964844,49.380001068115234,48.31999969482422,49.33000183105469,42.84396743774414,1658900,0.0,0.0
2021-06-25 00:00:00-04:00,49.41999816894531,50.18000030517578,49.279998779296875,49.849998474121094,43.29560470581055,3278200,0.0,0.0
2021-06-28 00:00:00-04:00,49.63999938964844,49.72999954223633,48.400001525878906,48.59000015258789,42.20127487182617,1654300,0.0,0.0
2021-06-29 00:00:00-04:00,48.84000015258789,49.43000030517578,48.84000015258789,49.040000915527344,42.59210968017578,1837200,0.0,0.0
2021-06-30 00:00:00-04:00,49.0,49.43000030517578,48.849998474121094,49.220001220703125,42.748435974121094,1271600,0.0,0.0
2021-07-01 00:00:00-04:00,49.439998626708984,50.5099983215332,49.369998931884766,50.11000061035156,43.52141189575195,1548700,0.0,0.0
2021-07-02 00:00:00-04:00,49.91999816894531,50.4900016784668,49.720001220703125,50.38999938964844,43.76460266113281,958100,0.0,0.0
2021-07-06 00:00:00-04:00,50.290000915527344,50.52000045776367,48.81999969482422,49.459999084472656,42.956878662109375,1440000,0.0,0.0
2021-07-07 00:00:00-04:00,49.290000915527344,50.720001220703125,49.0,50.41999816894531,43.79065704345703,1197400,0.0,0.0
2021-07-08 00:00:00-04:00,49.63999938964844,50.2599983215332,49.20000076293945,49.7400016784668,43.200069427490234,1720300,0.0,0.0
2021-07-09 00:00:00-04:00,50.400001525878906,51.25,50.400001525878906,50.970001220703125,44.268341064453125,1580700,0.0,0.0
2021-07-12 00:00:00-04:00,50.90999984741211,51.59000015258789,50.16999816894531,51.38999938964844,44.633113861083984,1059300,0.0,0.0
2021-07-13 00:00:00-04:00,51.220001220703125,51.27000045776367,50.41999816894531,50.4900016784668,43.85144805908203,788000,0.0,0.0
2021-07-14 00:00:00-04:00,50.650001525878906,51.22999954223633,50.349998474121094,50.7599983215332,44.08595275878906,725800,0.0,0.0
2021-07-15 00:00:00-04:00,50.29999923706055,50.56999969482422,49.5099983215332,49.970001220703125,43.39982604980469,1765700,0.0,0.0
2021-07-16 00:00:00-04:00,50.16999816894531,50.619998931884766,49.380001068115234,49.470001220703125,42.965572357177734,950800,0.0,0.0
2021-07-19 00:00:00-04:00,49.2400016784668,49.2400016784668,48.119998931884766,48.56999969482422,42.18389892578125,1378300,0.0,0.0
2021-07-20 00:00:00-04:00,48.56999969482422,50.18000030517578,48.36000061035156,50.04999923706055,43.469303131103516,1414200,0.0,0.0
2021-07-21 00:00:00-04:00,50.349998474121094,51.25,50.150001525878906,50.91999816894531,44.224918365478516,1023700,0.0,0.0
2021-07-22 00:00:00-04:00,50.84000015258789,50.93000030517578,50.060001373291016,50.119998931884766,43.53010177612305,1175000,0.0,0.0
2021-07-23 00:00:00-04:00,50.59000015258789,50.880001068115234,50.060001373291016,50.7599983215332,44.08595275878906,1607900,0.0,0.0
2021-07-26 00:00:00-04:00,50.79999923706055,51.93000030517578,50.709999084472656,50.97999954223633,44.27702713012695,1721000,0.0,0.0
2021-07-27 00:00:00-04:00,50.5,50.97999954223633,49.79999923706055,50.060001373291016,43.47798538208008,2010800,0.0,0.0
2021-07-28 00:00:00-04:00,50.2599983215332,50.540000915527344,49.63999938964844,49.91999816894531,43.35640335083008,2040400,0.0,0.0
2021-07-29 00:00:00-04:00,52.54999923706055,52.9900016784668,50.36000061035156,51.470001220703125,44.70260238647461,3624500,0.0,0.0
2021-07-30 00:00:00-04:00,51.5,51.9900016784668,50.349998474121094,50.75,44.07726287841797,1523700,0.0,0.0
2021-08-02 00:00:00-04:00,51.83000183105469,52.599998474121094,50.7400016784668,51.0099983215332,44.30307388305664,1496200,0.0,0.0
2021-08-03 00:00:00-04:00,51.15999984741211,52.290000915527344,50.779998779296875,52.11000061035156,45.25844955444336,1461700,0.0,0.0
2021-08-04 00:00:00-04:00,51.81999969482422,52.040000915527344,50.900001525878906,50.90999984741211,44.21623611450195,1257400,0.0,0.0
2021-08-05 00:00:00-04:00,51.060001373291016,51.4900016784668,49.9900016784668,50.529998779296875,43.88618850708008,1619800,0.0,0.0
2021-08-06 00:00:00-04:00,50.959999084472656,51.38999938964844,50.58000183105469,50.83000183105469,44.14675521850586,873600,0.0,0.0
2021-08-09 00:00:00-04:00,50.68000030517578,50.779998779296875,50.06999969482422,50.4900016784668,43.85144805908203,878900,0.0,0.0
2021-08-10 00:00:00-04:00,50.209999084472656,51.27000045776367,50.15999984741211,50.900001525878906,44.20755386352539,862700,0.0,0.0
2021-08-11 00:00:00-04:00,50.83000183105469,51.29999923706055,50.349998474121094,51.18000030517578,44.45072937011719,1413800,0.0,0.0
2021-08-12 00:00:00-04:00,51.22999954223633,51.599998474121094,50.65999984741211,50.880001068115234,44.19017028808594,1228200,0.0,0.0
2021-08-13 00:00:00-04:00,50.779998779296875,51.02000045776367,50.36000061035156,50.47999954223633,43.84276580810547,822300,0.0,0.0
2021-08-16 00:00:00-04:00,50.20000076293945,50.54999923706055,49.38999938964844,50.529998779296875,43.88618850708008,1393400,0.0,0.0
2021-08-17 00:00:00-04:00,50.11000061035156,50.5099983215332,49.36000061035156,50.060001373291016,43.47798538208008,1402000,0.0,0.0
2021-08-18 00:00:00-04:00,50.029998779296875,51.18000030517578,49.810001373291016,50.59000015258789,43.93830871582031,1975800,0.0,0.0
2021-08-19 00:00:00-04:00,49.900001525878906,50.900001525878906,49.900001525878906,50.83000183105469,44.14675521850586,2245800,0.0,0.0
2021-08-20 00:00:00-04:00,50.72999954223633,51.15999984741211,50.38999938964844,50.959999084472656,44.2596549987793,1091100,0.0,0.0
2021-08-23 00:00:00-04:00,50.970001220703125,51.310001373291016,50.650001525878906,50.70000076293945,44.033843994140625,1338400,0.0,0.0
2021-08-24 00:00:00-04:00,50.4900016784668,51.650001525878906,50.4900016784668,51.36000061035156,44.6070671081543,1040800,0.0,0.0
2021-08-25 00:00:00-04:00,51.369998931884766,52.599998474121094,51.369998931884766,52.369998931884766,45.48426818847656,1245700,0.0,0.0
2021-08-26 00:00:00-04:00,52.220001220703125,52.2400016784668,51.400001525878906,51.560001373291016,44.780765533447266,1320000,0.0,0.0
2021-08-27 00:00:00-04:00,51.54999923706055,52.189998626708984,51.349998474121094,52.04999923706055,45.20634460449219,830800,0.0,0.0
2021-08-30 00:00:00-04:00,52.18000030517578,52.4900016784668,51.900001525878906,52.08000183105469,45.23240661621094,868300,0.0,0.0
2021-08-31 00:00:00-04:00,52.09000015258789,52.79999923706055,52.029998779296875,52.689998626708984,45.7621955871582,2842300,0.0,0.0
2021-09-01 00:00:00-04:00,52.81999969482422,53.16999816894531,51.720001220703125,51.90999984741211,45.084747314453125,1573600,0.0,0.0
2021-09-02 00:00:00-04:00,51.959999084472656,52.08000183105469,51.06999969482422,51.2599983215332,44.52021026611328,1452000,0.0,0.0
2021-09-03 00:00:00-04:00,51.310001373291016,51.349998474121094,50.16999816894531,50.84000015258789,44.15544128417969,1015700,0.0,0.0
2021-09-07 00:00:00-04:00,50.83000183105469,51.439998626708984,50.560001373291016,50.83000183105469,44.14675521850586,1422000,0.0,0.0
2021-09-08 00:00:00-04:00,50.630001068115234,50.86000061035156,50.189998626708984,50.84000015258789,44.15544128417969,1056100,0.0,0.0
2021-09-09 00:00:00-04:00,50.88999938964844,51.04999923706055,50.5,50.790000915527344,44.11200714111328,1252500,0.0,0.0
2021-09-10 00:00:00-04:00,51.15999984741211,51.20000076293945,50.61000061035156,50.689998626708984,44.02515411376953,1421200,0.0,0.0
2021-09-13 00:00:00-04:00,51.0099983215332,51.34000015258789,50.54999923706055,50.95000076293945,44.250972747802734,1571500,0.0,0.0
2021-09-14 00:00:00-04:00,51.040000915527344,51.310001373291016,50.720001220703125,51.11000061035156,44.38993453979492,1473700,0.0,0.0
2021-09-15 00:00:00-04:00,51.220001220703125,52.689998626708984,50.709999084472656,52.65999984741211,45.73613357543945,1803200,0.0,0.0
2021-09-16 00:00:00-04:00,53.0099983215332,53.0099983215332,51.75,52.2400016784668,45.371368408203125,1349700,0.0,0.0
2021-09-17 00:00:00-04:00,51.959999084472656,52.45000076293945,50.720001220703125,50.90999984741211,44.21623611450195,3972700,0.0,0.0
2021-09-20 00:00:00-04:00,50.38999938964844,50.459999084472656,49.220001220703125,49.86000061035156,43.304290771484375,2327000,0.0,0.0
2021-09-21 00:00:00-04:00,50.369998931884766,51.029998779296875,49.459999084472656,49.540000915527344,43.0263671875,2002700,0.0,0.0
2021-09-22 00:00:00-04:00,49.84000015258789,51.08000183105469,49.84000015258789,50.560001373291016,43.91224670410156,1574900,0.0,0.0
2021-09-23 00:00:00-04:00,50.90999984741211,52.11000061035156,50.7599983215332,51.84000015258789,45.023948669433594,1830600,0.0,0.0
2021-09-24 00:00:00-04:00,51.790000915527344,52.470001220703125,51.630001068115234,52.310001373291016,45.432159423828125,1243300,0.0,0.0
2021-09-27 00:00:00-04:00,52.369998931884766,52.779998779296875,52.33000183105469,52.5,45.59717559814453,1403000,0.0,0.0
2021-09-28 00:00:00-04:00,52.310001373291016,52.65999984741211,51.5099983215332,51.63999938964844,44.850250244140625,1063900,0.0,0.0
2021-09-29 00:00:00-04:00,51.7400016784668,52.099998474121094,51.130001068115234,51.400001525878906,44.64179992675781,1345100,0.0,0.0
2021-09-30 00:00:00-04:00,51.439998626708984,51.540000915527344,50.310001373291016,50.31999969482422,43.70381164550781,1688200,0.0,0.0
2021-10-01 00:00:00-04:00,50.5,51.56999969482422,49.90999984741211,51.25,44.51152801513672,1436600,0.0,0.0
2021-10-04 00:00:00-04:00,51.290000915527344,52.31999969482422,50.9900016784668,51.0099983215332,44.30307388305664,1435700,0.0,0.0
2021-10-05 00:00:00-04:00,51.04999923706055,51.36000061035156,50.41999816894531,51.11000061035156,44.38993453979492,3032100,0.0,0.0
2021-10-06 00:00:00-04:00,50.75,51.04999923706055,49.5,49.83000183105469,43.27823257446289,2367300,0.0,0.0
2021-10-07 00:00:00-04:00,50.369998931884766,51.970001220703125,50.369998931884766,51.959999084472656,45.128177642822266,2127700,0.0,0.0
2021-10-08 00:00:00-04:00,52.0,52.9900016784668,51.810001373291016,52.52000045776367,45.61454772949219,1782000,0.0,0.0
2021-10-11 00:00:00-04:00,52.529998779296875,53.119998931884766,52.2599983215332,52.29999923706055,45.42346954345703,1548000,0.0,0.0
2021-10-12 00:00:00-04:00,52.36000061035156,53.060001373291016,52.22999954223633,52.790000915527344,45.84904479980469,1730200,0.0,0.0
2021-10-13 00:00:00-04:00,52.84000015258789,53.77000045776367,52.18000030517578,53.61000061035156,46.56122970581055,2898700,0.0,0.0
2021-10-14 00:00:00-04:00,54.029998779296875,54.95000076293945,53.68000030517578,54.59000015258789,47.412376403808594,2298700,0.0,0.0
2021-10-15 00:00:00-04:00,54.939998626708984,55.650001525878906,54.86000061035156,55.25,47.98558807373047,1990500,0.0,0.0
2021-10-18 00:00:00-04:00,55.279998779296875,55.56999969482422,54.5099983215332,55.560001373291016,48.25483322143555,1731100,0.0,0.0
2021-10-19 00:00:00-04:00,55.72999954223633,56.41999816894531,54.84000015258789,55.11000061035156,47.86400604248047,3022600,0.0,0.0
2021-10-20 00:00:00-04:00,54.84000015258789,55.5,54.54999923706055,55.4900016784668,48.19404602050781,1133700,0.0,0.0
2021-10-21 00:00:00-04:00,55.349998474121094,56.439998626708984,55.099998474121094,56.41999816894531,49.001766204833984,1501500,0.0,0.0
2021-10-22 00:00:00-04:00,56.65999984741211,56.9900016784668,56.09000015258789,56.349998474121094,48.94096374511719,819300,0.0,0.0
2021-10-25 00:00:00-04:00,56.470001220703125,56.79999923706055,56.11000061035156,56.59000015258789,49.1494140625,1204600,0.0,0.0
2021-10-26 00:00:00-04:00,56.790000915527344,56.86000061035156,54.970001220703125,54.9900016784668,47.75978088378906,1301400,0.0,0.0
2021-10-27 00:00:00-04:00,54.9900016784668,55.2400016784668,54.060001373291016,54.20000076293945,47.07366180419922,1734800,0.0,0.0
2021-10-28 00:00:00-04:00,55.70000076293945,57.33000183105469,55.150001525878906,56.349998474121094,48.94096374511719,3303400,0.0,0.0
2021-10-29 00:00:00-04:00,56.38999938964844,56.70000076293945,54.65999984741211,55.08000183105469,47.83795166015625,1685500,0.0,0.0
2021-11-01 00:00:00-04:00,55.540000915527344,56.09000015258789,54.88999938964844,55.68000030517578,48.35905838012695,1309300,0.0,0.0
2021-11-02 00:00:00-04:00,55.900001525878906,56.9900016784668,55.83000183105469,56.52000045776367,49.0886116027832,1739800,0.0,0.0
2021-11-03 00:00:00-04:00,56.349998474121094,57.09000015258789,56.04999923706055,56.70000076293945,49.24494552612305,1310900,0.0,0.0
2021-11-04 00:00:00-04:00,56.959999084472656,57.68000030517578,56.75,57.41999816894531,49.87028121948242,1076400,0.0,0.0
2021-11-05 00:00:00-04:00,58.0,58.54999923706055,57.2400016784668,57.279998779296875,49.74869155883789,1125100,0.0,0.0
2021-11-08 00:00:00-05:00,57.630001068115234,58.189998626708984,57.2599983215332,57.529998779296875,49.965824127197266,1195000,0.0,0.0
2021-11-09 00:00:00-05:00,57.150001525878906,57.970001220703125,57.11000061035156,57.34000015258789,50.018157958984375,998900,0.25,0.0
2021-11-10 00:00:00-05:00,57.31999969482422,57.869998931884766,56.709999084472656,56.83000183105469,49.573272705078125,1442700,0.0,0.0
2021-11-11 00:00:00-05:00,57.02000045776367,57.81999969482422,57.02000045776367,57.72999954223633,50.35834503173828,1683900,0.0,0.0
2021-11-12 00:00:00-05:00,57.84000015258789,58.59000015258789,57.58000183105469,58.540000915527344,51.06492233276367,925300,0.0,0.0
2021-11-15 00:00:00-05:00,58.84000015258789,59.41999816894531,58.66999816894531,58.869998931884766,51.352787017822266,985400,0.0,0.0
2021-11-16 00:00:00-05:00,58.84000015258789,59.599998474121094,58.7400016784668,59.04999923706055,51.50980758666992,876500,0.0,0.0
2021-11-17 00:00:00-05:00,59.29999923706055,59.66999816894531,58.83000183105469,59.630001068115234,52.01573944091797,1316700,0.0,0.0
2021-11-18 00:00:00-05:00,59.86000061035156,60.04999923706055,58.83000183105469,59.099998474121094,51.55341720581055,1899800,0.0,0.0
2021-11-19 00:00:00-05:00,59.349998474121094,59.5,58.15999984741211,58.22999954223633,50.79450607299805,1258700,0.0,0.0
2021-11-22 00:00:00-05:00,58.45000076293945,59.25,58.45000076293945,58.83000183105469,51.31788635253906,1636100,0.0,0.0
2021-11-23 00:00:00-05:00,58.959999084472656,59.95000076293945,58.630001068115234,59.619998931884766,52.00701904296875,1219300,0.0,0.0
2021-11-24 00:00:00-05:00,59.16999816894531,59.650001525878906,58.86000061035156,59.43000030517578,51.841278076171875,702300,0.0,0.0
2021-11-26 00:00:00-05:00,58.0,58.529998779296875,57.31999969482422,57.560001373291016,50.21006774902344,845500,0.0,0.0
2021-11-29 00:00:00-05:00,58.16999816894531,58.58000183105469,57.2599983215332,57.599998474121094,50.244956970214844,1270500,0.0,0.0
2021-11-30 00:00:00-05:00,57.29999923706055,57.43000030517578,55.630001068115234,55.900001525878906,48.762027740478516,3191400,0.0,0.0
2021-12-01 00:00:00-05:00,56.849998474121094,57.7599983215332,56.04999923706055,56.08000183105469,48.919044494628906,2314300,0.0,0.0
2021-12-02 00:00:00-05:00,56.5099983215332,57.810001373291016,56.279998779296875,57.41999816894531,50.08793640136719,1779800,0.0,0.0
2021-12-03 00:00:00-05:00,57.83000183105469,58.16999816894531,56.099998474121094,56.54999923706055,49.32903289794922,1438200,0.0,0.0
2021-12-06 00:00:00-05:00,57.27000045776367,57.810001373291016,56.79999923706055,57.040000915527344,49.75646209716797,3362700,0.0,0.0
2021-12-07 00:00:00-05:00,57.68000030517578,58.97999954223633,57.56999969482422,58.68000030517578,51.18705749511719,1825100,0.0,0.0
2021-12-08 00:00:00-05:00,58.77000045776367,58.900001525878906,57.4900016784668,57.72999954223633,50.35834503173828,1783800,0.0,0.0
2021-12-09 00:00:00-05:00,57.68000030517578,57.9900016784668,57.209999084472656,57.2599983215332,49.94837188720703,1648100,0.0,0.0
2021-12-10 00:00:00-05:00,57.599998474121094,58.029998779296875,57.220001220703125,57.970001220703125,50.567726135253906,1416400,0.0,0.0
2021-12-13 00:00:00-05:00,58.0099983215332,58.16999816894531,56.11000061035156,56.439998626708984,49.23308563232422,2243600,0.0,0.0
2021-12-14 00:00:00-05:00,56.150001525878906,56.77000045776367,55.97999954223633,56.349998474121094,49.15456771850586,1914400,0.0,0.0
2021-12-15 00:00:00-05:00,56.349998474121094,56.88999938964844,55.779998779296875,56.849998474121094,49.590721130371094,1183400,0.0,0.0
2021-12-16 00:00:00-05:00,57.33000183105469,57.810001373291016,56.54999923706055,56.689998626708984,49.45115661621094,1071200,0.0,0.0
2021-12-17 00:00:00-05:00,56.400001525878906,56.630001068115234,55.529998779296875,55.72999954223633,48.613731384277344,3206500,0.0,0.0
2021-12-20 00:00:00-05:00,55.150001525878906,55.529998779296875,53.95000076293945,55.2599983215332,48.20375061035156,1695000,0.0,0.0
2021-12-21 00:00:00-05:00,55.7599983215332,56.849998474121094,55.54999923706055,56.849998474121094,49.590721130371094,1824400,0.0,0.0
2021-12-22 00:00:00-05:00,56.68000030517578,57.310001373291016,56.34000015258789,57.279998779296875,49.965824127197266,1181200,0.0,0.0
2021-12-23 00:00:00-05:00,57.40999984741211,58.08000183105469,57.22999954223633,57.72999954223633,50.35834503173828,1163100,0.0,0.0
2021-12-27 00:00:00-05:00,57.790000915527344,58.720001220703125,57.619998931884766,58.630001068115234,51.143436431884766,963300,0.0,0.0
2021-12-28 00:00:00-05:00,58.65999984741211,59.15999984741211,58.650001525878906,58.810001373291016,51.30044937133789,552300,0.0,0.0
2021-12-29 00:00:00-05:00,58.86000061035156,59.54999923706055,58.720001220703125,59.310001373291016,51.736595153808594,478100,0.0,0.0
2021-12-30 00:00:00-05:00,59.279998779296875,59.81999969482422,58.849998474121094,59.34000015258789,51.76276397705078,695300,0.0,0.0
2021-12-31 00:00:00-05:00,59.150001525878906,60.22999954223633,59.150001525878906,60.029998779296875,52.364662170410156,919200,0.0,0.0
2022-01-03 00:00:00-05:00,60.2599983215332,60.43000030517578,58.04999923706055,58.61000061035156,51.125980377197266,1031100,0.0,0.0
2022-01-04 00:00:00-05:00,58.869998931884766,59.959999084472656,58.689998626708984,59.4900016784668,51.893619537353516,1594700,0.0,0.0
2022-01-05 00:00:00-05:00,59.4900016784668,60.040000915527344,58.47999954223633,58.720001220703125,51.22193908691406,1470100,0.0,0.0
2022-01-06 00:00:00-05:00,59.04999923706055,59.65999984741211,58.47999954223633,59.36000061035156,51.780208587646484,1167900,0.0,0.0
2022-01-07 00:00:00-05:00,59.34000015258789,59.45000076293945,58.220001220703125,58.27000045776367,50.82939529418945,1266500,0.0,0.0
2022-01-10 00:00:00-05:00,57.790000915527344,58.099998474121094,56.86000061035156,57.68000030517578,50.314735412597656,1306400,0.0,0.0
2022-01-11 00:00:00-05:00,57.7599983215332,57.90999984741211,56.810001373291016,57.619998931884766,50.26240158081055,1532900,0.0,0.0
2022-01-12 00:00:00-05:00,57.97999954223633,58.63999938964844,57.439998626708984,57.70000076293945,50.33218765258789,903800,0.0,0.0
2022-01-13 00:00:00-05:00,57.900001525878906,58.369998931884766,57.29999923706055,57.5,50.1577262878418,1353200,0.0,0.0
2022-01-14 00:00:00-05:00,57.040000915527344,57.220001220703125,55.9900016784668,56.68000030517578,49.44243621826172,902200,0.0,0.0
2022-01-18 00:00:00-05:00,56.06999969482422,56.209999084472656,54.95000076293945,55.400001525878906,48.32587432861328,1047400,0.0,0.0
2022-01-19 00:00:00-05:00,55.790000915527344,55.97999954223633,54.65999984741211,54.7400016784668,47.750160217285156,1022600,0.0,0.0
2022-01-20 00:00:00-05:00,55.02000045776367,55.619998931884766,53.380001068115234,53.5099983215332,46.67721176147461,1125700,0.0,0.0
2022-01-21 00:00:00-05:00,53.54999923706055,54.619998931884766,53.27000045776367,53.75,46.886573791503906,1644300,0.0,0.0
2022-01-24 00:00:00-05:00,53.0,55.439998626708984,52.5,55.290000915527344,48.22993087768555,2679400,0.0,0.0
2022-01-25 00:00:00-05:00,54.61000061035156,55.22999954223633,53.59000015258789,54.630001068115234,47.654205322265625,1695500,0.0,0.0
2022-01-26 00:00:00-05:00,55.08000183105469,55.630001068115234,53.790000915527344,54.2400016784668,47.314002990722656,1834000,0.0,0.0
2022-01-27 00:00:00-05:00,54.880001068115234,55.380001068115234,53.22999954223633,53.61000061035156,46.764442443847656,1254100,0.0,0.0
2022-01-28 00:00:00-05:00,53.779998779296875,54.189998626708984,52.66999816894531,54.16999816894531,47.25293731689453,1192200,0.0,0.0
2022-01-31 00:00:00-05:00,53.65999984741211,54.939998626708984,53.529998779296875,54.88999938964844,47.88100051879883,1561700,0.0,0.0
2022-02-01 00:00:00-05:00,54.84000015258789,55.83000183105469,54.27000045776367,55.709999084472656,48.596290588378906,1974300,0.0,0.0
2022-02-02 00:00:00-05:00,55.529998779296875,57.34000015258789,55.529998779296875,57.119998931884766,49.82624053955078,2321300,0.0,0.0
2022-02-03 00:00:00-05:00,56.59000015258789,56.84000015258789,55.58000183105469,55.68000030517578,48.57012176513672,1127700,0.0,0.0
2022-02-04 00:00:00-05:00,55.41999816894531,55.560001373291016,54.349998474121094,55.02000045776367,47.9943962097168,1305500,0.0,0.0
2022-02-07 00:00:00-05:00,55.18000030517578,55.369998931884766,54.4900016784668,55.040000915527344,48.0118522644043,1218100,0.0,0.0
2022-02-08 00:00:00-05:00,55.27000045776367,56.060001373291016,54.9900016784668,55.810001373291016,48.68352508544922,1292500,0.0,0.0
2022-02-09 00:00:00-05:00,56.33000183105469,57.380001068115234,56.33000183105469,56.970001220703125,49.695404052734375,1177000,0.0,0.0
2022-02-10 00:00:00-05:00,56.20000076293945,56.7599983215332,54.65999984741211,54.880001068115234,47.87228012084961,1704500,0.0,0.0
2022-02-11 00:00:00-05:00,54.900001525878906,55.130001068115234,53.45000076293945,53.70000076293945,46.842960357666016,1471400,0.0,0.0
2022-02-14 00:00:00-05:00,53.790000915527344,54.29999923706055,53.380001068115234,53.77000045776367,46.904014587402344,1415900,0.0,0.0
2022-02-15 00:00:00-05:00,54.41999816894531,55.099998474121094,54.02000045776367,54.880001068115234,47.87228012084961,1098400,0.0,0.0
2022-02-16 00:00:00-05:00,54.75,55.84000015258789,54.75,55.599998474121094,48.500343322753906,1349200,0.0,0.0
2022-02-17 00:00:00-05:00,52.0,52.0,46.86000061035156,47.63999938964844,41.55677032470703,6457800,0.0,0.0
2022-02-18 00:00:00-05:00,47.380001068115234,50.040000915527344,47.18000030517578,49.16999816894531,42.891395568847656,5466300,0.0,0.0
2022-02-22 00:00:00-05:00,48.25,49.470001220703125,47.91999816894531,48.099998474121094,41.95802307128906,3880100,0.0,0.0
2022-02-23 00:00:00-05:00,48.25,48.41999816894531,45.38999938964844,45.4900016784668,39.68131637573242,2893500,0.0,0.0
2022-02-24 00:00:00-05:00,44.209999084472656,45.959999084472656,43.630001068115234,45.93000030517578,40.06511306762695,2589100,0.0,0.0
2022-02-25 00:00:00-05:00,45.81999969482422,48.15999984741211,45.7400016784668,48.029998779296875,41.89696502685547,1707000,0.0,0.0
2022-02-28 00:00:00-05:00,47.130001068115234,47.38999938964844,46.02000045776367,46.95000076293945,40.95487594604492,2444900,0.0,0.0
2022-03-01 00:00:00-05:00,46.83000183105469,47.08000183105469,45.52000045776367,45.86000061035156,40.00405502319336,1889600,0.0,0.0
2022-03-02 00:00:00-05:00,46.06999969482422,48.290000915527344,46.04999923706055,47.400001525878906,41.57404327392578,3191700,0.25,0.0
2022-03-03 00:00:00-05:00,47.689998626708984,47.86000061035156,46.65999984741211,46.9900016784668,41.214439392089844,2945200,0.0,0.0
2022-03-04 00:00:00-05:00,46.369998931884766,46.369998931884766,44.470001220703125,44.95000076293945,39.42517852783203,2171500,0.0,0.0
2022-03-07 00:00:00-05:00,44.880001068115234,44.880001068115234,42.83000183105469,42.86000061035156,37.5920524597168,1824300,0.0,0.0
2022-03-08 00:00:00-05:00,42.97999954223633,43.68000030517578,42.36000061035156,42.54999923706055,37.320159912109375,3072000,0.0,0.0
2022-03-09 00:00:00-05:00,43.84000015258789,45.52000045776367,43.369998931884766,45.09000015258789,39.5479736328125,1515300,0.0,0.0
2022-03-10 00:00:00-05:00,44.04999923706055,45.34000015258789,44.04999923706055,44.45000076293945,38.986637115478516,2147300,0.0,0.0
2022-03-11 00:00:00-05:00,44.88999938964844,45.15999984741211,44.0099983215332,44.04999923706055,38.635799407958984,1284000,0.0,0.0
2022-03-14 00:00:00-04:00,44.529998779296875,46.16999816894531,44.380001068115234,45.15999984741211,39.60935592651367,2063300,0.0,0.0
2022-03-15 00:00:00-04:00,45.61000061035156,46.310001373291016,45.06999969482422,45.45000076293945,39.86372375488281,1469400,0.0,0.0
2022-03-16 00:00:00-04:00,45.900001525878906,47.099998474121094,45.900001525878906,47.060001373291016,41.27584457397461,2293600,0.0,0.0
2022-03-17 00:00:00-04:00,46.77000045776367,46.959999084472656,46.36000061035156,46.650001525878906,40.916229248046875,2334000,0.0,0.0
2022-03-18 00:00:00-04:00,45.790000915527344,47.25,45.75,46.75,41.00394058227539,4075500,0.0,0.0
2022-03-21 00:00:00-04:00,46.779998779296875,47.36000061035156,45.88999938964844,46.279998779296875,40.591705322265625,1410100,0.0,0.0
2022-03-22 00:00:00-04:00,46.29999923706055,47.27000045776367,46.29999923706055,46.66999816894531,40.93376541137695,1766200,0.0,0.0
2022-03-23 00:00:00-04:00,46.619998931884766,46.619998931884766,45.31999969482422,45.380001068115234,39.80232238769531,880400,0.0,0.0
2022-03-24 00:00:00-04:00,45.75,46.150001525878906,45.099998474121094,45.400001525878906,39.81986999511719,1696600,0.0,0.0
2022-03-25 00:00:00-04:00,45.77000045776367,45.95000076293945,45.20000076293945,45.79999923706055,40.17069625854492,1597400,0.0,0.0
2022-03-28 00:00:00-04:00,46.0099983215332,46.119998931884766,45.20000076293945,45.529998779296875,39.933895111083984,1213800,0.0,0.0
2022-03-29 00:00:00-04:00,46.5099983215332,47.52000045776367,46.369998931884766,47.310001373291016,41.4951171875,1356300,0.0,0.0
2022-03-30 00:00:00-04:00,47.119998931884766,47.22999954223633,46.54999923706055,46.77000045776367,41.021488189697266,1373700,0.0,0.0
2022-03-31 00:00:00-04:00,46.970001220703125,46.970001220703125,45.38999938964844,45.40999984741211,39.82863998413086,1669100,0.0,0.0
2022-04-01 00:00:00-04:00,46.0,46.36000061035156,44.9900016784668,45.20000076293945,39.64445495605469,1343800,0.0,0.0
2022-04-04 00:00:00-04:00,45.189998626708984,45.630001068115234,44.970001220703125,45.380001068115234,39.80232238769531,2057700,0.0,0.0
2022-04-05 00:00:00-04:00,45.22999954223633,45.47999954223633,44.119998931884766,44.2599983215332,38.81998825073242,1656800,0.0,0.0
2022-04-06 00:00:00-04:00,43.95000076293945,44.75,43.369998931884766,44.61000061035156,39.1269645690918,1971200,0.0,0.0
2022-04-07 00:00:00-04:00,44.43000030517578,45.15999984741211,43.709999084472656,44.91999816894531,39.398868560791016,2459900,0.0,0.0
2022-04-08 00:00:00-04:00,45.0,46.2599983215332,44.7599983215332,45.56999969482422,39.968963623046875,1439400,0.0,0.0
2022-04-11 00:00:00-04:00,45.220001220703125,46.380001068115234,45.119998931884766,45.47999954223633,39.890037536621094,1384400,0.0,0.0
2022-04-12 00:00:00-04:00,45.779998779296875,46.7599983215332,45.650001525878906,45.959999084472656,40.31104278564453,2681200,0.0,0.0
2022-04-13 00:00:00-04:00,45.79999923706055,46.650001525878906,45.709999084472656,46.63999938964844,40.9074592590332,1124300,0.0,0.0
2022-04-14 00:00:00-04:00,46.7599983215332,47.5,46.70000076293945,47.0,41.22321319580078,1975500,0.0,0.0
2022-04-18 00:00:00-04:00,46.83000183105469,48.189998626708984,46.83000183105469,47.790000915527344,41.916114807128906,2153000,0.0,0.0
2022-04-19 00:00:00-04:00,47.86000061035156,50.04999923706055,47.86000061035156,49.7599983215332,43.64398193359375,2312500,0.0,0.0
2022-04-20 00:00:00-04:00,50.22999954223633,51.09000015258789,50.15999984741211,50.7400016784668,44.5035285949707,1962700,0.0,0.0
2022-04-21 00:00:00-04:00,51.150001525878906,51.84000015258789,49.93000030517578,49.97999954223633,43.836944580078125,1946400,0.0,0.0
2022-04-22 00:00:00-04:00,49.529998779296875,50.02000045776367,49.13999938964844,49.369998931884766,43.30191421508789,2022100,0.0,0.0
2022-04-25 00:00:00-04:00,49.040000915527344,49.93000030517578,48.31999969482422,49.869998931884766,43.74045944213867,1830000,0.0,0.0
2022-04-26 00:00:00-04:00,49.41999816894531,49.790000915527344,48.900001525878906,49.0,42.97739028930664,1715900,0.0,0.0
2022-04-27 00:00:00-04:00,49.33000183105469,50.11000061035156,48.790000915527344,49.47999954223633,43.398399353027344,2474600,0.0,0.0
2022-04-28 00:00:00-04:00,50.09000015258789,51.439998626708984,49.90999984741211,51.119998931884766,44.83681106567383,2145900,0.0,0.0
2022-04-29 00:00:00-04:00,50.880001068115234,51.290000915527344,49.540000915527344,49.630001068115234,43.52996063232422,1742300,0.0,0.0
2022-05-02 00:00:00-04:00,49.709999084472656,50.45000076293945,49.2400016784668,50.290000915527344,44.10883331298828,1752200,0.0,0.0
2022-05-03 00:00:00-04:00,50.650001525878906,51.2400016784668,50.43000030517578,50.79999923706055,44.55615234375,2030200,0.0,0.0
2022-05-04 00:00:00-04:00,50.81999969482422,52.75,50.279998779296875,52.720001220703125,46.24016571044922,1606600,0.0,0.0
2022-05-05 00:00:00-04:00,52.04999923706055,52.29999923706055,50.310001373291016,50.79999923706055,44.55615234375,1332700,0.0,0.0
2022-05-06 00:00:00-04:00,50.56999969482422,50.97999954223633,49.779998779296875,50.869998931884766,44.61754608154297,1276000,0.0,0.0
2022-05-09 00:00:00-04:00,50.22999954223633,51.189998626708984,49.849998474121094,50.060001373291016,43.90709686279297,1667700,0.0,0.0
2022-05-10 00:00:00-04:00,50.61000061035156,50.86000061035156,48.869998931884766,49.7599983215332,43.64398193359375,1804200,0.0,0.0
2022-05-11 00:00:00-04:00,49.4900016784668,50.209999084472656,48.65999984741211,48.790000915527344,42.7932014465332,1799900,0.0,0.0
2022-05-12 00:00:00-04:00,48.86000061035156,50.15999984741211,48.599998474121094,50.119998931884766,43.95973587036133,1889300,0.0,0.0
2022-05-13 00:00:00-04:00,50.4900016784668,51.349998474121094,50.2400016784668,51.09000015258789,44.810508728027344,2131900,0.0,0.0
2022-05-16 00:00:00-04:00,50.849998474121094,51.45000076293945,49.970001220703125,50.93000030517578,44.67017364501953,1501600,0.0,0.0
2022-05-17 00:00:00-04:00,51.41999816894531,52.52000045776367,51.31999969482422,52.470001220703125,46.02088928222656,1512500,0.0,0.0
2022-05-18 00:00:00-04:00,51.09000015258789,51.20000076293945,49.689998626708984,50.11000061035156,44.161373138427734,2597200,0.25,0.0
2022-05-19 00:00:00-04:00,49.33000183105469,50.61000061035156,48.93000030517578,49.72999954223633,43.82648849487305,2018200,0.0,0.0
2022-05-20 00:00:00-04:00,49.9900016784668,50.130001068115234,46.869998931884766,48.36000061035156,42.61912155151367,3006400,0.0,0.0
2022-05-23 00:00:00-04:00,48.779998779296875,49.7400016784668,48.400001525878906,49.290000915527344,43.438720703125,2021100,0.0,0.0
2022-05-24 00:00:00-04:00,48.970001220703125,49.220001220703125,48.04999923706055,48.93000030517578,43.12145233154297,1725700,0.0,0.0
2022-05-25 00:00:00-04:00,48.77000045776367,49.900001525878906,48.439998626708984,49.599998474121094,43.711910247802734,2530400,0.0,0.0
2022-05-26 00:00:00-04:00,50.36000061035156,51.16999816894531,50.130001068115234,50.91999816894531,44.875213623046875,1693300,0.0,0.0
2022-05-27 00:00:00-04:00,51.25,52.41999816894531,51.0099983215332,52.34000015258789,46.126644134521484,1902500,0.0,0.0
2022-05-31 00:00:00-04:00,51.790000915527344,52.09000015258789,51.18000030517578,51.38999938964844,45.2894172668457,2752900,0.0,0.0
2022-06-01 00:00:00-04:00,51.849998474121094,52.2599983215332,50.4900016784668,50.54999923706055,44.54914093017578,1706000,0.0,0.0
2022-06-02 00:00:00-04:00,50.630001068115234,51.540000915527344,50.540000915527344,51.5099983215332,45.395172119140625,1557900,0.0,0.0
2022-06-03 00:00:00-04:00,51.09000015258789,51.439998626708984,50.56999969482422,50.68000030517578,44.6637077331543,1032300,0.0,0.0
2022-06-06 00:00:00-04:00,51.08000183105469,52.470001220703125,50.689998626708984,52.290000915527344,46.082584381103516,1474200,0.0,0.0
2022-06-07 00:00:00-04:00,51.81999969482422,53.040000915527344,51.5,52.91999816894531,46.63779067993164,1581200,0.0,0.0
2022-06-08 00:00:00-04:00,52.369998931884766,52.81999969482422,51.97999954223633,52.040000915527344,45.86225891113281,1080400,0.0,0.0
2022-06-09 00:00:00-04:00,52.08000183105469,52.65999984741211,51.279998779296875,51.290000915527344,45.2012939453125,1150700,0.0,0.0
2022-06-10 00:00:00-04:00,50.380001068115234,50.709999084472656,49.52000045776367,49.54999923706055,43.66785430908203,1420400,0.0,0.0
2022-06-13 00:00:00-04:00,48.459999084472656,48.93000030517578,47.58000183105469,47.93000030517578,42.24016189575195,2023800,0.0,0.0
2022-06-14 00:00:00-04:00,48.119998931884766,48.86000061035156,47.95000076293945,48.52000045776367,42.7601203918457,1599700,0.0,0.0
2022-06-15 00:00:00-04:00,48.54999923706055,49.41999816894531,48.25,48.75,42.96281433105469,1496800,0.0,0.0
2022-06-16 00:00:00-04:00,47.959999084472656,47.97999954223633,46.25,46.43000030517578,40.91822814941406,2415400,0.0,0.0
2022-06-17 00:00:00-04:00,46.459999084472656,47.119998931884766,46.22999954223633,46.939998626708984,41.36768341064453,4156600,0.0,0.0
2022-06-21 00:00:00-04:00,47.90999984741211,48.290000915527344,47.25,47.77000045776367,42.09915542602539,1694200,0.0,0.0
2022-06-22 00:00:00-04:00,47.400001525878906,48.5099983215332,47.27000045776367,48.189998626708984,42.469295501708984,1520200,0.0,0.0
2022-06-23 00:00:00-04:00,48.529998779296875,49.16999816894531,47.779998779296875,48.40999984741211,42.663177490234375,1377000,0.0,0.0
2022-06-24 00:00:00-04:00,48.72999954223633,50.08000183105469,48.47999954223633,49.91999816894531,43.99393081665039,2386100,0.0,0.0
2022-06-27 00:00:00-04:00,49.93000030517578,51.2599983215332,49.779998779296875,50.91999816894531,44.875213623046875,1928700,0.0,0.0
2022-06-28 00:00:00-04:00,51.0,51.52000045776367,49.84000015258789,49.939998626708984,44.01154708862305,1590700,0.0,0.0
2022-06-29 00:00:00-04:00,50.0,50.13999938964844,48.849998474121094,49.13999938964844,43.306522369384766,1440600,0.0,0.0
2022-06-30 00:00:00-04:00,48.400001525878906,49.59000015258789,48.22999954223633,49.09000015258789,43.26246643066406,1884800,0.0,0.0
2022-07-01 00:00:00-04:00,48.869998931884766,49.86000061035156,48.619998931884766,49.540000915527344,43.6590461730957,1144400,0.0,0.0
2022-07-05 00:00:00-04:00,48.93000030517578,49.650001525878906,48.58000183105469,49.619998931884766,43.72953796386719,1296300,0.0,0.0
2022-07-06 00:00:00-04:00,49.810001373291016,50.43000030517578,49.060001373291016,50.0099983215332,44.0732421875,1456600,0.0,0.0
2022-07-07 00:00:00-04:00,50.279998779296875,51.560001373291016,50.099998474121094,51.310001373291016,45.218910217285156,1245100,0.0,0.0
2022-07-08 00:00:00-04:00,51.2599983215332,51.61000061035156,50.619998931884766,51.220001220703125,45.13960266113281,1303400,0.0,0.0
2022-07-11 00:00:00-04:00,51.06999969482422,51.349998474121094,50.150001525878906,50.279998779296875,44.31119155883789,818200,0.0,0.0
2022-07-12 00:00:00-04:00,50.22999954223633,51.279998779296875,50.0099983215332,50.4900016784668,44.49625778198242,1123300,0.0,0.0
2022-07-13 00:00:00-04:00,49.91999816894531,50.810001373291016,49.79999923706055,50.41999816894531,44.434566497802734,1849800,0.0,0.0
2022-07-14 00:00:00-04:00,49.68000030517578,49.88999938964844,48.81999969482422,49.75,43.844112396240234,1589100,0.0,0.0
2022-07-15 00:00:00-04:00,50.31999969482422,50.63999938964844,49.36000061035156,49.95000076293945,44.02035903930664,1770400,0.0,0.0
2022-07-18 00:00:00-04:00,50.2400016784668,51.40999984741211,49.9900016784668,50.16999816894531,44.2142448425293,1713900,0.0,0.0
2022-07-19 00:00:00-04:00,50.959999084472656,52.86000061035156,50.95000076293945,52.7599983215332,46.49678421020508,1315000,0.0,0.0
2022-07-20 00:00:00-04:00,52.189998626708984,53.15999984741211,52.18000030517578,53.06999969482422,46.76998519897461,1220200,0.0,0.0
2022-07-21 00:00:00-04:00,52.470001220703125,53.439998626708984,52.470001220703125,53.380001068115234,47.04318618774414,1167900,0.0,0.0
2022-07-22 00:00:00-04:00,53.349998474121094,53.779998779296875,52.689998626708984,53.09000015258789,46.7876091003418,1547700,0.0,0.0
2022-07-25 00:00:00-04:00,53.13999938964844,53.459999084472656,52.7599983215332,53.25,46.928619384765625,1334200,0.0,0.0
2022-07-26 00:00:00-04:00,52.47999954223633,52.970001220703125,51.880001068115234,52.16999816894531,45.97682571411133,1629200,0.0,0.0
2022-07-27 00:00:00-04:00,52.459999084472656,53.70000076293945,52.08000183105469,53.66999816894531,47.29875183105469,2396000,0.0,0.0
2022-07-28 00:00:00-04:00,52.65999984741211,54.310001373291016,52.150001525878906,54.150001525878906,47.721778869628906,1666400,0.0,0.0
2022-07-29 00:00:00-04:00,54.16999816894531,54.97999954223633,53.779998779296875,54.84000015258789,48.329864501953125,1698000,0.0,0.0
2022-08-01 00:00:00-04:00,54.5,55.459999084472656,54.27000045776367,55.27000045776367,48.708824157714844,1286400,0.0,0.0
2022-08-02 00:00:00-04:00,55.2599983215332,55.5,54.689998626708984,54.720001220703125,48.224117279052734,1437300,0.0,0.0
2022-08-03 00:00:00-04:00,54.91999816894531,55.540000915527344,54.279998779296875,54.709999084472656,48.215301513671875,1266800,0.0,0.0
2022-08-04 00:00:00-04:00,54.66999816894531,54.7599983215332,54.29999923706055,54.43000030517578,47.968544006347656,1087500,0.0,0.0
2022-08-05 00:00:00-04:00,54.029998779296875,55.119998931884766,53.88999938964844,55.08000183105469,48.5413818359375,1009300,0.0,0.0
2022-08-08 00:00:00-04:00,55.310001373291016,55.75,54.47999954223633,54.529998779296875,48.05666732788086,1351400,0.0,0.0
2022-08-09 00:00:00-04:00,54.619998931884766,54.689998626708984,53.86000061035156,54.52000045776367,48.047847747802734,1345100,0.0,0.0
2022-08-10 00:00:00-04:00,55.369998931884766,55.599998474121094,54.849998474121094,54.95000076293945,48.64988708496094,750400,0.25,0.0
2022-08-11 00:00:00-04:00,55.31999969482422,55.70000076293945,54.9900016784668,55.25,48.91549301147461,1344800,0.0,0.0
2022-08-12 00:00:00-04:00,55.36000061035156,56.22999954223633,55.220001220703125,56.220001220703125,49.7742805480957,737100,0.0,0.0
2022-08-15 00:00:00-04:00,55.93000030517578,56.439998626708984,55.52000045776367,56.279998779296875,49.82740783691406,922900,0.0,0.0
2022-08-16 00:00:00-04:00,56.279998779296875,56.88999938964844,56.0099983215332,56.310001373291016,49.85396194458008,1161100,0.0,0.0
2022-08-17 00:00:00-04:00,55.849998474121094,56.54999923706055,55.5,56.41999816894531,49.95136260986328,1796900,0.0,0.0
2022-08-18 00:00:00-04:00,56.400001525878906,56.560001373291016,56.130001068115234,56.27000045776367,49.81855392456055,907300,0.0,0.0
2022-08-19 00:00:00-04:00,55.689998626708984,56.130001068115234,55.689998626708984,56.06999969482422,49.641475677490234,942500,0.0,0.0
2022-08-22 00:00:00-04:00,55.2599983215332,55.33000183105469,54.29999923706055,54.40999984741211,48.17179489135742,1209000,0.0,0.0
2022-08-23 00:00:00-04:00,54.45000076293945,55.040000915527344,54.31999969482422,54.380001068115234,48.14524459838867,901700,0.0,0.0
2022-08-24 00:00:00-04:00,54.130001068115234,54.68000030517578,53.95000076293945,54.47999954223633,48.23378372192383,1012100,0.0,0.0
2022-08-25 00:00:00-04:00,54.61000061035156,55.790000915527344,54.56999969482422,55.790000915527344,49.39358139038086,1120700,0.0,0.0
2022-08-26 00:00:00-04:00,55.70000076293945,55.790000915527344,53.959999084472656,53.9900016784668,47.79995346069336,1107900,0.0,0.0
2022-08-29 00:00:00-04:00,53.5,54.13999938964844,53.22999954223633,53.849998474121094,47.676002502441406,1202200,0.0,0.0
2022-08-30 00:00:00-04:00,53.79999923706055,53.849998474121094,52.95000076293945,53.060001373291016,46.97658157348633,1105900,0.0,0.0
2022-08-31 00:00:00-04:00,53.369998931884766,53.47999954223633,52.77000045776367,53.220001220703125,47.11823654174805,2305200,0.0,0.0
2022-09-01 00:00:00-04:00,52.900001525878906,53.43000030517578,52.29999923706055,53.380001068115234,47.25989532470703,1103700,0.0,0.0
2022-09-02 00:00:00-04:00,53.849998474121094,54.86000061035156,53.13999938964844,53.45000076293945,47.32187271118164,1318300,0.0,0.0
2022-09-06 00:00:00-04:00,53.630001068115234,53.66999816894531,51.06999969482422,51.27000045776367,45.39181137084961,2052000,0.0,0.0
2022-09-07 00:00:00-04:00,51.470001220703125,53.18000030517578,51.369998931884766,53.09000015258789,47.00313949584961,1545200,0.0,0.0
2022-09-08 00:00:00-04:00,52.619998931884766,53.20000076293945,52.189998626708984,53.119998931884766,47.02969741821289,1117200,0.0,0.0
2022-09-09 00:00:00-04:00,53.38999938964844,53.86000061035156,53.27000045776367,53.650001525878906,47.498939514160156,1215600,0.0,0.0
2022-09-12 00:00:00-04:00,53.95000076293945,54.5,53.380001068115234,53.65999984741211,47.507789611816406,1201000,0.0,0.0
2022-09-13 00:00:00-04:00,52.470001220703125,52.650001525878906,50.369998931884766,50.47999954223633,44.692378997802734,1545200,0.0,0.0
2022-09-14 00:00:00-04:00,50.689998626708984,50.869998931884766,49.040000915527344,49.58000183105469,43.89557647705078,2200800,0.0,0.0
2022-09-15 00:00:00-04:00,49.36000061035156,49.97999954223633,48.540000915527344,48.880001068115234,43.275821685791016,1580000,0.0,0.0
2022-09-16 00:00:00-04:00,48.310001373291016,49.02000045776367,48.119998931884766,48.720001220703125,43.13417053222656,3185100,0.0,0.0
2022-09-19 00:00:00-04:00,48.54999923706055,50.65999984741211,48.529998779296875,50.52000045776367,44.7277946472168,1851100,0.0,0.0
2022-09-20 00:00:00-04:00,49.939998626708984,49.95000076293945,48.880001068115234,49.189998626708984,43.55028533935547,1724900,0.0,0.0
2022-09-21 00:00:00-04:00,49.5099983215332,49.939998626708984,48.31999969482422,48.33000183105469,42.78888702392578,1681400,0.0,0.0
2022-09-22 00:00:00-04:00,48.25,48.459999084472656,47.130001068115234,47.439998626708984,42.000919342041016,1946800,0.0,0.0
2022-09-23 00:00:00-04:00,47.029998779296875,47.25,46.20000076293945,47.11000061035156,41.70875930786133,1874300,0.0,0.0
2022-09-26 00:00:00-04:00,46.97999954223633,47.43000030517578,46.810001373291016,46.95000076293945,41.56711196899414,1667200,0.0,0.0
2022-09-27 00:00:00-04:00,47.439998626708984,47.91999816894531,46.7400016784668,47.220001220703125,41.8061408996582,1227100,0.0,0.0
2022-09-28 00:00:00-04:00,47.41999816894531,48.59000015258789,47.2599983215332,48.189998626708984,42.664939880371094,1676400,0.0,0.0
2022-09-29 00:00:00-04:00,47.650001525878906,47.720001220703125,46.779998779296875,47.209999084472656,41.79728317260742,1122900,0.0,0.0
2022-09-30 00:00:00-04:00,47.2599983215332,48.310001373291016,47.06999969482422,47.150001525878906,41.744178771972656,1795000,0.0,0.0
2022-10-03 00:00:00-04:00,47.54999923706055,49.08000183105469,47.54999923706055,48.619998931884766,43.04563522338867,1381700,0.0,0.0
2022-10-04 00:00:00-04:00,49.34000015258789,50.41999816894531,49.209999084472656,50.279998779296875,44.51530838012695,1292800,0.0,0.0
2022-10-05 00:00:00-04:00,49.65999984741211,50.4900016784668,49.33000183105469,50.22999954223633,44.471046447753906,1072500,0.0,0.0
2022-10-06 00:00:00-04:00,50.099998474121094,50.43000030517578,49.90999984741211,49.97999954223633,44.24970626831055,1339100,0.0,0.0
2022-10-07 00:00:00-04:00,49.43000030517578,49.790000915527344,49.060001373291016,49.349998474121094,43.69194030761719,1085600,0.0,0.0
2022-10-10 00:00:00-04:00,49.54999923706055,50.0,49.099998474121094,49.720001220703125,44.0195198059082,929900,0.0,0.0
2022-10-11 00:00:00-04:00,49.61000061035156,50.939998626708984,49.59000015258789,50.22999954223633,44.471046447753906,1189800,0.0,0.0
2022-10-12 00:00:00-04:00,50.45000076293945,50.5099983215332,49.63999938964844,49.68000030517578,43.984107971191406,1227200,0.0,0.0
2022-10-13 00:00:00-04:00,48.83000183105469,50.880001068115234,48.349998474121094,50.5,44.710086822509766,1254200,0.0,0.0
2022-10-14 00:00:00-04:00,51.02000045776367,51.310001373291016,49.4900016784668,49.599998474121094,43.913272857666016,1415100,0.0,0.0
2022-10-17 00:00:00-04:00,50.380001068115234,50.83000183105469,49.9900016784668,50.599998474121094,44.79862594604492,1356700,0.0,0.0
2022-10-18 00:00:00-04:00,51.63999938964844,51.970001220703125,50.709999084472656,51.439998626708984,45.54231643676758,1231900,0.0,0.0
2022-10-19 00:00:00-04:00,51.040000915527344,51.31999969482422,50.45000076293945,51.150001525878906,45.28556442260742,953600,0.0,0.0
2022-10-20 00:00:00-04:00,51.27000045776367,51.459999084472656,49.720001220703125,50.08000183105469,44.33824157714844,1308100,0.0,0.0
2022-10-21 00:00:00-04:00,50.150001525878906,51.540000915527344,50.0099983215332,51.4900016784668,45.586585998535156,1166700,0.0,0.0
2022-10-24 00:00:00-04:00,51.790000915527344,52.97999954223633,51.70000076293945,52.7400016784668,46.69327163696289,1218400,0.0,0.0
2022-10-25 00:00:00-04:00,52.560001373291016,54.02000045776367,52.560001373291016,53.900001525878906,47.720272064208984,1708600,0.0,0.0
2022-10-26 00:00:00-04:00,54.099998474121094,54.54999923706055,53.060001373291016,53.43000030517578,47.304161071777344,1874200,0.0,0.0
2022-10-27 00:00:00-04:00,54.150001525878906,55.970001220703125,53.619998931884766,54.900001525878906,48.605621337890625,2009600,0.0,0.0
2022-10-28 00:00:00-04:00,54.779998779296875,55.689998626708984,54.34000015258789,55.439998626708984,49.08371353149414,1212100,0.0,0.0
2022-10-31 00:00:00-04:00,55.369998931884766,55.939998626708984,54.88999938964844,55.63999938964844,49.260780334472656,1462300,0.0,0.0
2022-11-01 00:00:00-04:00,53.68000030517578,53.79999923706055,52.630001068115234,53.5,47.36613464355469,4281400,0.0,0.0
2022-11-02 00:00:00-04:00,53.349998474121094,53.83000183105469,52.099998474121094,52.13999938964844,46.16205596923828,3442000,0.0,0.0
2022-11-03 00:00:00-04:00,51.58000183105469,52.040000915527344,51.130001068115234,51.650001525878906,45.728240966796875,1316300,0.0,0.0
2022-11-04 00:00:00-04:00,52.02000045776367,52.47999954223633,50.970001220703125,51.720001220703125,45.79021072387695,1599200,0.0,0.0
2022-11-07 00:00:00-05:00,51.83000183105469,52.68000030517578,51.45000076293945,52.599998474121094,46.56932067871094,1357200,0.0,0.0
2022-11-08 00:00:00-05:00,52.599998474121094,53.0099983215332,51.88999938964844,52.66999816894531,46.63129425048828,1572200,0.0,0.0
2022-11-09 00:00:00-05:00,52.47999954223633,53.2599983215332,52.16999816894531,52.25,46.25944137573242,1771200,0.0,0.0
2022-11-10 00:00:00-05:00,53.79999923706055,54.290000915527344,53.4900016784668,54.119998931884766,47.91504669189453,1844400,0.0,0.0
2022-11-11 00:00:00-05:00,54.61000061035156,54.77000045776367,53.93000030517578,54.290000915527344,48.0655632019043,1242600,0.0,0.0
2022-11-14 00:00:00-05:00,54.209999084472656,54.630001068115234,53.58000183105469,53.630001068115234,47.481224060058594,1505600,0.0,0.0
2022-11-15 00:00:00-05:00,54.310001373291016,54.88999938964844,53.77000045776367,54.650001525878906,48.3842887878418,1453400,0.0,0.0
2022-11-16 00:00:00-05:00,54.04999923706055,54.68000030517578,53.70000076293945,54.310001373291016,48.32644271850586,968600,0.275,0.0
2022-11-17 00:00:00-05:00,53.7400016784668,53.95000076293945,52.27000045776367,53.20000076293945,47.33873748779297,1053700,0.0,0.0
2022-11-18 00:00:00-05:00,53.970001220703125,54.20000076293945,53.45000076293945,54.02000045776367,48.068397521972656,990300,0.0,0.0
2022-11-21 00:00:00-05:00,53.91999816894531,54.599998474121094,53.84000015258789,54.33000183105469,48.34424591064453,836500,0.0,0.0
2022-11-22 00:00:00-05:00,54.63999938964844,55.040000915527344,54.369998931884766,55.0,48.940425872802734,910200,0.0,0.0
2022-11-23 00:00:00-05:00,54.97999954223633,55.290000915527344,54.77000045776367,54.84000015258789,48.798057556152344,704400,0.0,0.0
2022-11-25 00:00:00-05:00,54.95000076293945,55.02000045776367,54.560001373291016,54.86000061035156,48.81584930419922,387800,0.0,0.0
2022-11-28 00:00:00-05:00,54.58000183105469,54.61000061035156,53.720001220703125,53.779998779296875,47.85484313964844,957900,0.0,0.0
2022-11-29 00:00:00-05:00,53.66999816894531,53.86000061035156,52.880001068115234,52.93000030517578,47.098487854003906,798800,0.0,0.0
2022-11-30 00:00:00-05:00,52.70000076293945,54.380001068115234,52.16999816894531,54.33000183105469,48.34424591064453,2829000,0.0,0.0
2022-12-01 00:00:00-05:00,54.709999084472656,55.68000030517578,54.61000061035156,55.08000183105469,49.01161193847656,1225400,0.0,0.0
2022-12-02 00:00:00-05:00,54.47999954223633,55.25,54.290000915527344,55.060001373291016,48.993812561035156,1070300,0.0,0.0
2022-12-05 00:00:00-05:00,54.540000915527344,54.540000915527344,53.61000061035156,53.93000030517578,47.98831558227539,1070400,0.0,0.0
2022-12-06 00:00:00-05:00,53.959999084472656,54.20000076293945,53.16999816894531,53.720001220703125,47.80144500732422,1509300,0.0,0.0
2022-12-07 00:00:00-05:00,53.47999954223633,53.7599983215332,52.52000045776367,52.650001525878906,46.849334716796875,1561400,0.0,0.0
2022-12-08 00:00:00-05:00,52.70000076293945,53.619998931884766,52.61000061035156,53.459999084472656,47.57009506225586,1025600,0.0,0.0
2022-12-09 00:00:00-05:00,53.310001373291016,53.68000030517578,53.11000061035156,53.22999954223633,47.36543655395508,1188700,0.0,0.0
2022-12-12 00:00:00-05:00,53.2599983215332,54.22999954223633,52.97999954223633,54.0099983215332,48.05949401855469,868200,0.0,0.0
2022-12-13 00:00:00-05:00,55.63999938964844,55.7400016784668,53.9900016784668,54.439998626708984,48.44212341308594,1680100,0.0,0.0
2022-12-14 00:00:00-05:00,54.54999923706055,55.040000915527344,53.34000015258789,53.79999923706055,47.87263488769531,1691600,0.0,0.0
2022-12-15 00:00:00-05:00,53.310001373291016,53.4900016784668,52.810001373291016,53.27000045776367,47.40102005004883,1474900,0.0,0.0
2022-12-16 00:00:00-05:00,52.630001068115234,53.11000061035156,52.369998931884766,52.630001068115234,46.83153533935547,4874800,0.0,0.0
2022-12-19 00:00:00-05:00,52.869998931884766,53.029998779296875,52.5,52.72999954223633,46.92052459716797,1629700,0.0,0.0
2022-12-20 00:00:00-05:00,52.88999938964844,53.13999938964844,52.33000183105469,52.97999954223633,47.14298629760742,1788800,0.0,0.0
2022-12-21 00:00:00-05:00,53.630001068115234,54.41999816894531,53.22999954223633,54.36000061035156,48.370941162109375,1456800,0.0,0.0
2022-12-22 00:00:00-05:00,53.880001068115234,54.25,52.220001220703125,53.119998931884766,47.26755142211914,1247800,0.0,0.0
2022-12-23 00:00:00-05:00,53.0,53.77000045776367,52.84000015258789,53.63999938964844,47.730262756347656,687200,0.0,0.0
2022-12-27 00:00:00-05:00,53.79999923706055,54.290000915527344,53.61000061035156,54.0,48.050601959228516,510900,0.0,0.0
2022-12-28 00:00:00-05:00,54.13999938964844,54.349998474121094,53.04999923706055,53.060001373291016,47.21416473388672,472600,0.0,0.0
2022-12-29 00:00:00-05:00,53.470001220703125,54.36000061035156,53.34000015258789,53.97999954223633,48.03280258178711,472700,0.0,0.0
2022-12-30 00:00:00-05:00,53.65999984741211,53.779998779296875,53.04999923706055,53.40999984741211,47.52560043334961,740300,0.0,0.0
2023-01-03 00:00:00-05:00,53.58000183105469,54.349998474121094,53.220001220703125,53.86000061035156,47.926021575927734,1441600,0.0,0.0
2023-01-04 00:00:00-05:00,54.369998931884766,54.869998931884766,54.150001525878906,54.59000015258789,48.575599670410156,1204100,0.0,0.0
2023-01-05 00:00:00-05:00,53.9900016784668,54.290000915527344,53.58000183105469,53.939998626708984,47.9972038269043,976100,0.0,0.0
2023-01-06 00:00:00-05:00,54.43000030517578,55.59000015258789,54.36000061035156,55.33000183105469,49.234073638916016,902500,0.0,0.0
2023-01-09 00:00:00-05:00,55.380001068115234,55.90999984741211,55.27000045776367,55.56999969482422,49.4476203918457,1205100,0.0,0.0
2023-01-10 00:00:00-05:00,55.56999969482422,56.220001220703125,55.5,56.16999816894531,49.98151779174805,1064300,0.0,0.0
2023-01-11 00:00:00-05:00,56.599998474121094,57.58000183105469,56.540000915527344,57.4900016784668,51.156089782714844,2483600,0.0,0.0
2023-01-12 00:00:00-05:00,57.65999984741211,58.59000015258789,57.20000076293945,58.0,51.60990524291992,3817800,0.0,0.0
2023-01-13 00:00:00-05:00,57.630001068115234,58.72999954223633,57.34000015258789,58.52000045776367,52.0726203918457,2422300,0.0,0.0
2023-01-17 00:00:00-05:00,58.380001068115234,58.849998474121094,57.33000183105469,57.88999938964844,51.51202392578125,2038400,0.0,0.0
2023-01-18 00:00:00-05:00,57.900001525878906,58.15999984741211,56.09000015258789,56.13999938964844,49.95482635498047,1278800,0.0,0.0
2023-01-19 00:00:00-05:00,55.7400016784668,55.849998474121094,54.95000076293945,55.0099983215332,48.94931411743164,1161700,0.0,0.0
2023-01-20 00:00:00-05:00,55.0099983215332,56.0,54.68000030517578,55.959999084472656,49.794654846191406,1100300,0.0,0.0
2023-01-23 00:00:00-05:00,56.13999938964844,57.529998779296875,55.95000076293945,57.2400016784668,50.93363952636719,845500,0.0,0.0
2023-01-24 00:00:00-05:00,57.130001068115234,57.7400016784668,56.93000030517578,57.40999984741211,51.08490753173828,922600,0.0,0.0
2023-01-25 00:00:00-05:00,56.93000030517578,57.630001068115234,56.709999084472656,57.599998474121094,51.25396728515625,639900,0.0,0.0
2023-01-26 00:00:00-05:00,57.779998779296875,58.08000183105469,57.31999969482422,57.59000015258789,51.24506378173828,677000,0.0,0.0
2023-01-27 00:00:00-05:00,57.40999984741211,57.79999923706055,57.31999969482422,57.619998931884766,51.271766662597656,862100,0.0,0.0
2023-01-30 00:00:00-05:00,57.36000061035156,58.290000915527344,57.209999084472656,57.880001068115234,51.50312805175781,1034100,0.0,0.0
2023-01-31 00:00:00-05:00,57.959999084472656,58.97999954223633,57.900001525878906,58.959999084472656,52.464134216308594,1117400,0.0,0.0
2023-02-01 00:00:00-05:00,58.689998626708984,58.72999954223633,56.72999954223633,58.34000015258789,51.91244125366211,2439900,0.0,0.0
2023-02-02 00:00:00-05:00,58.40999984741211,59.33000183105469,58.099998474121094,58.72999954223633,52.25947570800781,1735900,0.0,0.0
2023-02-03 00:00:00-05:00,58.2599983215332,58.33000183105469,57.41999816894531,57.47999954223633,51.147193908691406,1598200,0.0,0.0
2023-02-06 00:00:00-05:00,57.02000045776367,57.41999816894531,56.06999969482422,56.38999938964844,50.177284240722656,2035200,0.0,0.0
2023-02-07 00:00:00-05:00,55.88999938964844,56.38999938964844,55.09000015258789,56.06999969482422,49.89253616333008,1879800,0.0,0.0
2023-02-08 00:00:00-05:00,55.599998474121094,56.38999938964844,55.22999954223633,55.939998626708984,49.77686309814453,1629500,0.0,0.0
2023-02-09 00:00:00-05:00,56.22999954223633,56.75,55.97999954223633,56.029998779296875,49.85695266723633,1239400,0.0,0.0
2023-02-10 00:00:00-05:00,55.720001220703125,56.31999969482422,55.52000045776367,56.16999816894531,49.98151779174805,1423500,0.0,0.0
2023-02-13 00:00:00-05:00,56.41999816894531,57.20000076293945,56.16999816894531,57.18000030517578,50.8802490234375,1099000,0.0,0.0
2023-02-14 00:00:00-05:00,56.97999954223633,57.630001068115234,56.400001525878906,57.41999816894531,51.09379959106445,1306600,0.0,0.0
2023-02-15 00:00:00-05:00,56.9900016784668,58.029998779296875,56.790000915527344,57.90999984741211,51.52981948852539,1618100,0.0,0.0
2023-02-16 00:00:00-05:00,57.20000076293945,58.22999954223633,56.900001525878906,57.900001525878906,51.52092361450195,1681600,0.0,0.0
2023-02-17 00:00:00-05:00,57.72999954223633,58.91999816894531,57.68000030517578,58.84000015258789,52.357357025146484,1580100,0.0,0.0
2023-02-21 00:00:00-05:00,58.20000076293945,58.810001373291016,56.29999923706055,56.33000183105469,50.1239013671875,1633400,0.0,0.0
2023-02-22 00:00:00-05:00,56.22999954223633,57.220001220703125,56.22999954223633,56.70000076293945,50.4531364440918,1920700,0.0,0.0
2023-02-23 00:00:00-05:00,55.5099983215332,56.33000183105469,54.869998931884766,56.290000915527344,50.08830261230469,1967600,0.0,0.0
2023-02-24 00:00:00-05:00,55.709999084472656,57.66999816894531,55.5,57.54999923706055,51.209476470947266,1614900,0.0,0.0
2023-02-27 00:00:00-05:00,58.540000915527344,58.619998931884766,57.130001068115234,57.439998626708984,51.111602783203125,2405300,0.0,0.0
2023-02-28 00:00:00-05:00,57.650001525878906,58.06999969482422,56.90999984741211,57.290000915527344,50.97813415527344,3618900,0.0,0.0
2023-03-01 00:00:00-05:00,56.93000030517578,57.65999984741211,56.560001373291016,57.41999816894531,51.09379959106445,1688800,0.0,0.0
2023-03-02 00:00:00-05:00,57.380001068115234,58.40999984741211,57.25,58.220001220703125,51.8056640625,2252500,0.0,0.0
2023-03-03 00:00:00-05:00,58.349998474121094,58.529998779296875,57.65999984741211,58.33000183105469,51.90354919433594,2857400,0.0,0.0
2023-03-06 00:00:00-05:00,58.349998474121094,58.66999816894531,57.5,57.540000915527344,51.20058059692383,3041300,0.0,0.0
2023-03-07 00:00:00-05:00,57.630001068115234,58.310001373291016,57.439998626708984,57.58000183105469,51.23617935180664,2570200,0.0,0.0
2023-03-08 00:00:00-05:00,57.7599983215332,57.959999084472656,57.130001068115234,57.540000915527344,51.20058059692383,1500800,0.0,0.0
2023-03-09 00:00:00-05:00,57.630001068115234,57.790000915527344,55.86000061035156,55.97999954223633,49.81245803833008,1470800,0.0,0.0
2023-03-10 00:00:00-05:00,55.61000061035156,55.90999984741211,54.349998474121094,54.599998474121094,48.584495544433594,2086300,0.0,0.0
2023-03-13 00:00:00-04:00,53.9900016784668,54.02000045776367,53.08000183105469,53.40999984741211,47.52560043334961,2351300,0.0,0.0
2023-03-14 00:00:00-04:00,54.189998626708984,55.060001373291016,53.900001525878906,54.5099983215332,48.50440979003906,1894200,0.0,0.0
2023-03-15 00:00:00-04:00,53.09000015258789,53.540000915527344,52.54999923706055,53.369998931884766,47.73080825805664,2769500,0.275,0.0
2023-03-16 00:00:00-04:00,52.959999084472656,55.02000045776367,52.959999084472656,54.7400016784668,48.9560546875,2107000,0.0,0.0
2023-03-17 00:00:00-04:00,54.40999984741211,54.40999984741211,53.68000030517578,54.040000915527344,48.33001708984375,3769000,0.0,0.0
2023-03-20 00:00:00-04:00,54.310001373291016,55.290000915527344,54.11000061035156,54.75,48.96498489379883,1667900,0.0,0.0
2023-03-21 00:00:00-04:00,55.2599983215332,55.66999816894531,54.959999084472656,55.220001220703125,49.38534164428711,1975700,0.0,0.0
2023-03-22 00:00:00-04:00,55.34000015258789,55.66999816894531,54.540000915527344,54.54999923706055,48.786128997802734,1092300,0.0,0.0
2023-03-23 00:00:00-04:00,54.459999084472656,54.5099983215332,53.2400016784668,53.56999969482422,47.909671783447266,1221900,0.0,0.0
2023-03-24 00:00:00-04:00,53.2599983215332,53.86000061035156,52.97999954223633,53.79999923706055,48.11537551879883,1125500,0.0,0.0
2023-03-27 00:00:00-04:00,54.279998779296875,54.630001068115234,53.83000183105469,54.369998931884766,48.625144958496094,1709100,0.0,0.0
2023-03-28 00:00:00-04:00,54.459999084472656,55.31999969482422,54.41999816894531,55.25,49.41215896606445,1107600,0.0,0.0
2023-03-29 00:00:00-04:00,55.83000183105469,55.939998626708984,55.16999816894531,55.81999969482422,49.92193603515625,1335700,0.0,0.0
2023-03-30 00:00:00-04:00,56.29999923706055,57.13999938964844,55.400001525878906,55.599998474121094,49.72517776489258,893100,0.0,0.0
2023-03-31 00:00:00-04:00,55.709999084472656,56.84000015258789,55.619998931884766,56.7599983215332,50.762611389160156,1543600,0.0,0.0
2023-04-03 00:00:00-04:00,56.599998474121094,57.099998474121094,56.38999938964844,56.70000076293945,50.708953857421875,725900,0.0,0.0
2023-04-04 00:00:00-04:00,56.849998474121094,56.880001068115234,55.290000915527344,55.7400016784668,49.85038757324219,1073800,0.0,0.0
2023-04-05 00:00:00-04:00,55.61000061035156,55.61000061035156,54.18000030517578,54.27000045776367,48.53571319580078,1314100,0.0,0.0
2023-04-06 00:00:00-04:00,54.06999969482422,54.5,53.9900016784668,54.40999984741211,48.66091537475586,989600,0.0,0.0
2023-04-10 00:00:00-04:00,54.0,55.59000015258789,54.0,55.56999969482422,49.69834899902344,991200,0.0,0.0
2023-04-11 00:00:00-04:00,55.849998474121094,56.689998626708984,55.400001525878906,56.470001220703125,50.50325393676758,1323700,0.0,0.0
2023-04-12 00:00:00-04:00,56.84000015258789,57.0,56.220001220703125,56.310001373291016,50.360164642333984,809100,0.0,0.0
2023-04-13 00:00:00-04:00,56.31999969482422,56.31999969482422,55.189998626708984,55.95000076293945,50.03819274902344,888200,0.0,0.0
2023-04-14 00:00:00-04:00,56.040000915527344,56.65999984741211,55.58000183105469,56.31999969482422,50.36910629272461,981200,0.0,0.0
2023-04-17 00:00:00-04:00,56.310001373291016,56.58000183105469,55.68000030517578,56.16999816894531,50.234954833984375,924900,0.0,0.0
2023-04-18 00:00:00-04:00,56.31999969482422,56.66999816894531,56.22999954223633,56.540000915527344,50.565860748291016,975100,0.0,0.0
2023-04-19 00:00:00-04:00,56.33000183105469,56.380001068115234,55.59000015258789,55.900001525878906,49.99348449707031,967700,0.0,0.0
2023-04-20 00:00:00-04:00,55.529998779296875,56.779998779296875,55.209999084472656,56.650001525878906,50.66423797607422,923900,0.0,0.0
2023-04-21 00:00:00-04:00,56.650001525878906,56.939998626708984,56.279998779296875,56.599998474121094,50.6195182800293,841600,0.0,0.0
2023-04-24 00:00:00-04:00,56.599998474121094,57.459999084472656,56.59000015258789,57.189998626708984,51.14718246459961,923200,0.0,0.0
2023-04-25 00:00:00-04:00,56.86000061035156,57.150001525878906,56.400001525878906,56.54999923706055,50.574806213378906,918400,0.0,0.0
2023-04-26 00:00:00-04:00,56.20000076293945,56.75,56.119998931884766,56.220001220703125,50.27967071533203,1160700,0.0,0.0
2023-04-27 00:00:00-04:00,55.970001220703125,57.369998931884766,55.09000015258789,57.2599983215332,51.20978546142578,1494300,0.0,0.0
2023-04-28 00:00:00-04:00,57.41999816894531,57.79999923706055,57.060001373291016,57.72999954223633,51.6301155090332,1071100,0.0,0.0
2023-05-01 00:00:00-04:00,57.72999954223633,58.52000045776367,57.70000076293945,58.11000061035156,51.96996307373047,1040300,0.0,0.0
2023-05-02 00:00:00-04:00,57.900001525878906,57.900001525878906,56.22999954223633,57.220001220703125,51.17400360107422,915400,0.0,0.0
2023-05-03 00:00:00-04:00,57.459999084472656,58.130001068115234,57.029998779296875,57.130001068115234,51.09352111816406,690300,0.0,0.0
2023-05-04 00:00:00-04:00,57.06999969482422,57.130001068115234,55.939998626708984,56.20000076293945,50.261783599853516,705900,0.0,0.0
2023-05-05 00:00:00-04:00,56.63999938964844,57.29999923706055,56.540000915527344,57.06999969482422,51.039859771728516,640500,0.0,0.0
2023-05-08 00:00:00-04:00,57.189998626708984,57.310001373291016,56.65999984741211,57.18000030517578,51.13823699951172,817800,0.0,0.0
2023-05-09 00:00:00-04:00,56.81999969482422,57.459999084472656,56.68000030517578,57.20000076293945,51.15612030029297,1001800,0.0,0.0
2023-05-10 00:00:00-04:00,57.59000015258789,57.72999954223633,56.16999816894531,56.869998931884766,50.86098861694336,943600,0.0,0.0
2023-05-11 00:00:00-04:00,56.65999984741211,56.779998779296875,56.279998779296875,56.63999938964844,50.655296325683594,805800,0.0,0.0
2023-05-12 00:00:00-04:00,56.79999923706055,56.970001220703125,56.0099983215332,56.56999969482422,50.592689514160156,1030500,0.0,0.0
2023-05-15 00:00:00-04:00,56.650001525878906,56.91999816894531,56.209999084472656,56.90999984741211,50.89676284790039,607900,0.0,0.0
2023-05-16 00:00:00-04:00,56.630001068115234,56.630001068115234,55.83000183105469,55.86000061035156,49.95771026611328,731800,0.0,0.0
2023-05-17 00:00:00-04:00,56.040000915527344,56.310001373291016,55.7400016784668,56.11000061035156,50.429569244384766,1066100,0.275,0.0
2023-05-18 00:00:00-04:00,56.0099983215332,56.720001220703125,55.77000045776367,56.68000030517578,50.94185256958008,849900,0.0,0.0
2023-05-19 00:00:00-04:00,56.650001525878906,56.72999954223633,55.540000915527344,55.7599983215332,50.114990234375,1108000,0.0,0.0
2023-05-22 00:00:00-04:00,56.060001373291016,56.25,55.11000061035156,55.15999984741211,49.57573318481445,853400,0.0,0.0
2023-05-23 00:00:00-04:00,54.959999084472656,55.13999938964844,54.439998626708984,54.540000915527344,49.018497467041016,1230700,0.0,0.0
2023-05-24 00:00:00-04:00,54.66999816894531,54.880001068115234,53.7599983215332,53.84000015258789,48.38936996459961,912700,0.0,0.0
2023-05-25 00:00:00-04:00,52.970001220703125,54.04999923706055,52.970001220703125,53.849998474121094,48.39836120605469,881100,0.0,0.0
2023-05-26 00:00:00-04:00,53.849998474121094,54.0099983215332,53.31999969482422,53.59000015258789,48.164676666259766,1339200,0.0,0.0
2023-05-30 00:00:00-04:00,53.5099983215332,53.66999816894531,52.70000076293945,52.810001373291016,47.463645935058594,1145400,0.0,0.0
2023-05-31 00:00:00-04:00,52.29999923706055,52.90999984741211,51.38999938964844,52.75,47.40971755981445,3597500,0.0,0.0
2023-06-01 00:00:00-04:00,52.939998626708984,53.06999969482422,51.869998931884766,52.08000183105469,46.80754089355469,1201600,0.0,0.0
2023-06-02 00:00:00-04:00,52.540000915527344,53.939998626708984,52.529998779296875,53.75,48.30848693847656,1055200,0.0,0.0
2023-06-05 00:00:00-04:00,53.68000030517578,53.68000030517578,52.93000030517578,53.4900016784668,48.07481384277344,1834600,0.0,0.0
2023-06-06 00:00:00-04:00,53.380001068115234,54.119998931884766,53.380001068115234,54.0099983215332,48.54216003417969,1064900,0.0,0.0
2023-06-07 00:00:00-04:00,54.189998626708984,54.619998931884766,53.93000030517578,54.47999954223633,48.96458053588867,1043200,0.0,0.0
2023-06-08 00:00:00-04:00,54.54999923706055,54.7400016784668,53.709999084472656,53.95000076293945,48.48823928833008,1072600,0.0,0.0
2023-06-09 00:00:00-04:00,54.040000915527344,54.41999816894531,53.40999984741211,54.29999923706055,48.80280303955078,1202300,0.0,0.0
2023-06-12 00:00:00-04:00,54.22999954223633,54.7599983215332,54.060001373291016,54.56999969482422,49.04546356201172,967300,0.0,0.0
2023-06-13 00:00:00-04:00,54.619998931884766,55.349998474121094,54.619998931884766,54.900001525878906,49.34206008911133,1181800,0.0,0.0
2023-06-14 00:00:00-04:00,55.099998474121094,55.2599983215332,54.220001220703125,54.470001220703125,48.955596923828125,888200,0.0,0.0
2023-06-15 00:00:00-04:00,54.470001220703125,54.84000015258789,54.189998626708984,54.52000045776367,49.000526428222656,1458700,0.0,0.0
2023-06-16 00:00:00-04:00,54.939998626708984,54.939998626708984,53.9900016784668,54.22999954223633,48.73989486694336,2632400,0.0,0.0
2023-06-20 00:00:00-04:00,54.220001220703125,54.33000183105469,53.599998474121094,54.209999084472656,48.72190475463867,1499200,0.0,0.0
2023-06-21 00:00:00-04:00,54.130001068115234,55.08000183105469,53.709999084472656,54.97999954223633,49.413963317871094,1104200,0.0,0.0
2023-06-22 00:00:00-04:00,55.13999938964844,55.13999938964844,54.439998626708984,54.599998474121094,49.072425842285156,844100,0.0,0.0
2023-06-23 00:00:00-04:00,54.36000061035156,54.689998626708984,54.150001525878906,54.41999816894531,48.9106559753418,2336000,0.0,0.0
2023-06-26 00:00:00-04:00,54.279998779296875,55.31999969482422,54.279998779296875,55.279998779296875,49.683589935302734,1042200,0.0,0.0
2023-06-27 00:00:00-04:00,55.529998779296875,57.279998779296875,55.529998779296875,57.0,51.229454040527344,1301000,0.0,0.0
2023-06-28 00:00:00-04:00,56.91999816894531,57.29999923706055,56.439998626708984,56.97999954223633,51.21147537231445,1534300,0.0,0.0
2023-06-29 00:00:00-04:00,56.79999923706055,57.79999923706055,56.56999969482422,57.709999084472656,51.86758041381836,1239300,0.0,0.0
2023-06-30 00:00:00-04:00,58.06999969482422,58.54999923706055,57.77000045776367,58.27000045776367,52.37089157104492,1055100,0.0,0.0
2023-07-03 00:00:00-04:00,58.060001373291016,58.5099983215332,57.900001525878906,58.2599983215332,52.361900329589844,650100,0.0,0.0
2023-07-05 00:00:00-04:00,58.2400016784668,58.439998626708984,57.29999923706055,57.61000061035156,51.777706146240234,1138500,0.0,0.0
2023-07-06 00:00:00-04:00,57.02000045776367,57.59000015258789,56.630001068115234,56.939998626708984,51.17552947998047,1536900,0.0,0.0
2023-07-07 00:00:00-04:00,56.70000076293945,57.68000030517578,56.70000076293945,57.189998626708984,51.40022277832031,998300,0.0,0.0
2023-07-10 00:00:00-04:00,57.209999084472656,58.060001373291016,57.119998931884766,57.529998779296875,51.70580291748047,698200,0.0,0.0
2023-07-11 00:00:00-04:00,57.939998626708984,58.560001373291016,57.650001525878906,58.0,52.12822341918945,1517000,0.0,0.0
2023-07-12 00:00:00-04:00,58.5,59.380001068115234,58.130001068115234,59.0099983215332,53.03596496582031,1349300,0.0,0.0
2023-07-13 00:00:00-04:00,59.08000183105469,59.08000183105469,58.11000061035156,58.52000045776367,52.595584869384766,954000,0.0,0.0
2023-07-14 00:00:00-04:00,58.41999816894531,58.4900016784668,57.72999954223633,58.189998626708984,52.298988342285156,1049500,0.0,0.0
2023-07-17 00:00:00-04:00,58.18000030517578,58.790000915527344,58.09000015258789,58.619998931884766,52.685455322265625,1037800,0.0,0.0
2023-07-18 00:00:00-04:00,58.5,59.25,58.08000183105469,58.150001525878906,52.26304244995117,1118600,0.0,0.0
2023-07-19 00:00:00-04:00,57.97999954223633,58.36000061035156,57.65999984741211,58.290000915527344,52.38887023925781,865800,0.0,0.0
2023-07-20 00:00:00-04:00,58.189998626708984,58.349998474121094,56.7599983215332,57.16999816894531,51.38224792480469,1113000,0.0,0.0
2023-07-21 00:00:00-04:00,57.47999954223633,57.5,56.939998626708984,57.0099983215332,51.23845291137695,815800,0.0,0.0
2023-07-24 00:00:00-04:00,56.9900016784668,57.279998779296875,56.52000045776367,56.91999816894531,51.15755844116211,855600,0.0,0.0
2023-07-25 00:00:00-04:00,56.689998626708984,57.36000061035156,56.47999954223633,57.22999954223633,51.43616485595703,812400,0.0,0.0
2023-07-26 00:00:00-04:00,57.22999954223633,57.720001220703125,56.91999816894531,57.45000076293945,51.6338996887207,1078900,0.0,0.0
2023-07-27 00:00:00-04:00,57.59000015258789,57.72999954223633,55.08000183105469,55.150001525878906,49.56674575805664,1663100,0.0,0.0
2023-07-28 00:00:00-04:00,55.45000076293945,55.630001068115234,54.150001525878906,54.45000076293945,48.93761444091797,1317700,0.0,0.0
2023-07-31 00:00:00-04:00,54.400001525878906,54.900001525878906,54.31999969482422,54.790000915527344,49.243194580078125,1361900,0.0,0.0
2023-08-01 00:00:00-04:00,54.970001220703125,55.52000045776367,54.83000183105469,55.45000076293945,49.83638000488281,1018000,0.0,0.0
2023-08-02 00:00:00-04:00,55.11000061035156,55.45000076293945,54.84000015258789,54.880001068115234,49.32408905029297,1015200,0.0,0.0
2023-08-03 00:00:00-04:00,54.900001525878906,55.209999084472656,54.25,54.83000183105469,49.279151916503906,775300,0.0,0.0
2023-08-04 00:00:00-04:00,54.86000061035156,55.18000030517578,54.209999084472656,54.279998779296875,48.784828186035156,938500,0.0,0.0
2023-08-07 00:00:00-04:00,54.41999816894531,54.599998474121094,54.029998779296875,54.22999954223633,48.73989486694336,1115900,0.0,0.0
2023-08-08 00:00:00-04:00,53.59000015258789,53.689998626708984,52.720001220703125,53.31999969482422,47.92201614379883,1323200,0.0,0.0
2023-08-09 00:00:00-04:00,53.29999923706055,53.779998779296875,53.099998474121094,53.36000061035156,47.95796585083008,1324800,0.0,0.0
2023-08-10 00:00:00-04:00,53.709999084472656,54.209999084472656,53.40999984741211,53.65999984741211,48.22759246826172,1064700,0.0,0.0
2023-08-11 00:00:00-04:00,53.5099983215332,53.790000915527344,53.220001220703125,53.65999984741211,48.22759246826172,782600,0.0,0.0
2023-08-14 00:00:00-04:00,53.36000061035156,53.619998931884766,52.790000915527344,53.459999084472656,48.04783630371094,1343800,0.0,0.0
2023-08-15 00:00:00-04:00,53.18000030517578,53.290000915527344,52.54999923706055,52.90999984741211,47.553524017333984,1047400,0.0,0.0
2023-08-16 00:00:00-04:00,52.650001525878906,53.220001220703125,52.56999969482422,52.58000183105469,47.50382614135742,1043400,0.275,0.0
2023-08-17 00:00:00-04:00,52.7400016784668,52.900001525878906,51.869998931884766,51.869998931884766,46.86238479614258,1144000,0.0,0.0
2023-08-18 00:00:00-04:00,51.4900016784668,52.630001068115234,51.4900016784668,52.38999938964844,47.3321647644043,2077300,0.0,0.0
2023-08-21 00:00:00-04:00,52.56999969482422,52.720001220703125,52.029998779296875,52.349998474121094,47.29603576660156,826700,0.0,0.0
2023-08-22 00:00:00-04:00,52.5,52.650001525878906,51.77000045776367,51.91999816894531,46.90754699707031,1218300,0.0,0.0
2023-08-23 00:00:00-04:00,52.0,52.16999816894531,51.5099983215332,51.959999084472656,46.943687438964844,1126300,0.0,0.0
2023-08-24 00:00:00-04:00,51.779998779296875,52.08000183105469,51.380001068115234,51.38999938964844,46.428714752197266,850100,0.0,0.0
2023-08-25 00:00:00-04:00,51.56999969482422,52.04999923706055,51.56999969482422,51.779998779296875,46.78105926513672,704800,0.0,0.0
2023-08-28 00:00:00-04:00,51.97999954223633,52.38999938964844,51.900001525878906,52.099998474121094,47.07017135620117,1464600,0.0,0.0
2023-08-29 00:00:00-04:00,52.33000183105469,53.16999816894531,52.08000183105469,53.13999938964844,48.00977325439453,1090300,0.0,0.0
2023-08-30 00:00:00-04:00,53.209999084472656,54.06999969482422,53.06999969482422,53.470001220703125,48.30790328979492,1470200,0.0,0.0
2023-08-31 00:00:00-04:00,53.599998474121094,53.869998931884766,52.369998931884766,52.529998779296875,47.45866012573242,2241600,0.0,0.0
2023-09-01 00:00:00-04:00,52.93000030517578,53.18000030517578,52.54999923706055,52.869998931884766,47.76583480834961,999000,0.0,0.0
2023-09-05 00:00:00-04:00,52.65999984741211,52.77000045776367,51.11000061035156,51.459999084472656,46.49195098876953,1278600,0.0,0.0
2023-09-06 00:00:00-04:00,51.29999923706055,51.560001373291016,50.630001068115234,50.81999969482422,45.91374206542969,1624600,0.0,0.0
2023-09-07 00:00:00-04:00,50.7400016784668,51.029998779296875,50.130001068115234,50.439998626708984,45.570438385009766,1708400,0.0,0.0
2023-09-08 00:00:00-04:00,50.36000061035156,50.619998931884766,50.06999969482422,50.459999084472656,45.588497161865234,1286700,0.0,0.0
2023-09-11 00:00:00-04:00,50.849998474121094,51.040000915527344,50.27000045776367,50.43000030517578,45.561397552490234,1680500,0.0,0.0
2023-09-12 00:00:00-04:00,50.31999969482422,50.61000061035156,50.15999984741211,50.310001373291016,45.45297622680664,1475400,0.0,0.0
2023-09-13 00:00:00-04:00,50.290000915527344,50.400001525878906,49.529998779296875,49.65999984741211,44.8657341003418,1332300,0.0,0.0
2023-09-14 00:00:00-04:00,49.939998626708984,50.380001068115234,49.72999954223633,50.33000183105469,45.47105407714844,1334400,0.0,0.0
2023-09-15 00:00:00-04:00,50.33000183105469,50.33000183105469,49.79999923706055,49.939998626708984,45.11870193481445,4073100,0.0,0.0
2023-09-18 00:00:00-04:00,49.84000015258789,50.5,49.79999923706055,50.11000061035156,45.27229309082031,1103600,0.0,0.0
2023-09-19 00:00:00-04:00,50.13999938964844,50.70000076293945,49.849998474121094,50.56999969482422,45.68788146972656,1090200,0.0,0.0
2023-09-20 00:00:00-04:00,50.619998931884766,50.86000061035156,50.31999969482422,50.380001068115234,45.5162239074707,1182500,0.0,0.0
2023-09-21 00:00:00-04:00,50.25,50.2599983215332,49.56999969482422,49.59000015258789,44.802494049072266,1049900,0.0,0.0
2023-09-22 00:00:00-04:00,49.630001068115234,49.97999954223633,49.33000183105469,49.43000030517578,44.657936096191406,1443900,0.0,0.0
2023-09-25 00:00:00-04:00,49.380001068115234,50.02000045776367,49.22999954223633,49.88999938964844,45.07353210449219,1296300,0.0,0.0
2023-09-26 00:00:00-04:00,49.540000915527344,49.790000915527344,48.849998474121094,48.939998626708984,44.21524429321289,1943600,0.0,0.0
2023-09-27 00:00:00-04:00,49.27000045776367,49.29999923706055,48.59000015258789,48.790000915527344,44.07972717285156,1393400,0.0,0.0
2023-09-28 00:00:00-04:00,48.7400016784668,49.790000915527344,48.7400016784668,49.540000915527344,44.75731658935547,1375100,0.0,0.0
2023-09-29 00:00:00-04:00,49.90999984741211,50.06999969482422,49.349998474121094,49.5099983215332,44.73020935058594,1411900,0.0,0.0
2023-10-02 00:00:00-04:00,49.36000061035156,49.560001373291016,49.040000915527344,49.130001068115234,44.386905670166016,1451200,0.0,0.0
2023-10-03 00:00:00-04:00,48.9900016784668,49.09000015258789,48.33000183105469,48.540000915527344,43.853858947753906,1176600,0.0,0.0
2023-10-04 00:00:00-04:00,48.5,48.849998474121094,48.0099983215332,48.7599983215332,44.052616119384766,1231400,0.0,0.0
2023-10-05 00:00:00-04:00,48.779998779296875,49.2400016784668,48.650001525878906,49.18000030517578,44.43207550048828,1443500,0.0,0.0
2023-10-06 00:00:00-04:00,49.0,49.790000915527344,48.81999969482422,49.529998779296875,44.7482795715332,1380400,0.0,0.0
2023-10-09 00:00:00-04:00,49.400001525878906,50.43000030517578,49.36000061035156,50.290000915527344,45.43491744995117,1230000,0.0,0.0
2023-10-10 00:00:00-04:00,50.279998779296875,51.4900016784668,50.279998779296875,51.20000076293945,46.257057189941406,2045400,0.0,0.0
2023-10-11 00:00:00-04:00,51.38999938964844,51.5,50.33000183105469,50.91999816894531,46.004093170166016,1572800,0.0,0.0
2023-10-12 00:00:00-04:00,51.0,51.0,50.08000183105469,50.400001525878906,45.5342903137207,1462900,0.0,0.0
2023-10-13 00:00:00-04:00,50.61000061035156,50.810001373291016,49.7599983215332,50.029998779296875,45.200016021728516,1281000,0.0,0.0
2023-10-16 00:00:00-04:00,50.540000915527344,50.939998626708984,50.279998779296875,50.650001525878906,45.76015090942383,1488900,0.0,0.0
2023-10-17 00:00:00-04:00,50.349998474121094,51.38999938964844,50.349998474121094,51.060001373291016,46.13058090209961,1169200,0.0,0.0
2023-10-18 00:00:00-04:00,50.90999984741211,51.0,50.38999938964844,50.41999816894531,45.55236053466797,1748900,0.0,0.0
2023-10-19 00:00:00-04:00,50.2599983215332,50.36000061035156,48.720001220703125,48.810001373291016,44.09779739379883,1439300,0.0,0.0
2023-10-20 00:00:00-04:00,48.91999816894531,49.220001220703125,48.13999938964844,48.52000045776367,43.835792541503906,1761000,0.0,0.0
2023-10-23 00:00:00-04:00,48.31999969482422,48.529998779296875,47.84000015258789,47.849998474121094,43.230472564697266,1645800,0.0,0.0
2023-10-24 00:00:00-04:00,48.06999969482422,48.279998779296875,47.25,47.27000045776367,42.70647048950195,1766300,0.0,0.0
2023-10-25 00:00:00-04:00,47.08000183105469,47.27000045776367,46.599998474121094,46.91999816894531,42.390262603759766,1797600,0.0,0.0
2023-10-26 00:00:00-04:00,45.7400016784668,46.25,41.4900016784668,44.13999938964844,39.87864303588867,4944600,0.0,0.0
2023-10-27 00:00:00-04:00,44.029998779296875,44.25,43.119998931884766,43.54999923706055,39.34560012817383,3179200,0.0,0.0
2023-10-30 00:00:00-04:00,43.900001525878906,43.9900016784668,43.02000045776367,43.38999938964844,39.2010498046875,2763000,0.0,0.0
2023-10-31 00:00:00-04:00,43.529998779296875,44.2599983215332,43.380001068115234,43.91999816894531,39.67988204956055,2683800,0.0,0.0
2023-11-01 00:00:00-04:00,43.81999969482422,43.900001525878906,42.709999084472656,43.119998931884766,38.957122802734375,2526400,0.0,0.0
2023-11-02 00:00:00-04:00,43.5,43.849998474121094,43.25,43.45000076293945,39.255252838134766,1964900,0.0,0.0
2023-11-03 00:00:00-04:00,44.06999969482422,45.040000915527344,44.06999969482422,44.939998626708984,40.60141372680664,1362900,0.0,0.0
2023-11-06 00:00:00-05:00,44.79999923706055,45.0,44.369998931884766,44.630001068115234,40.32133865356445,1630700,0.0,0.0
2023-11-07 00:00:00-05:00,44.5099983215332,45.119998931884766,44.18000030517578,44.9900016784668,40.646583557128906,1778300,0.0,0.0
2023-11-08 00:00:00-05:00,44.900001525878906,44.900001525878906,44.130001068115234,44.15999984741211,39.89671325683594,1319200,0.0,0.0
2023-11-09 00:00:00-05:00,44.20000076293945,44.88999938964844,43.869998931884766,44.40999984741211,40.12257766723633,1516100,0.0,0.0
2023-11-10 00:00:00-05:00,44.58000183105469,44.939998626708984,43.84000015258789,44.83000183105469,40.50202941894531,909600,0.0,0.0
2023-11-13 00:00:00-05:00,44.58000183105469,44.880001068115234,44.40999984741211,44.790000915527344,40.46588897705078,1085700,0.0,0.0
2023-11-14 00:00:00-05:00,45.63999938964844,46.45000076293945,45.47999954223633,46.400001525878906,41.92045593261719,1761900,0.0,0.0
2023-11-15 00:00:00-05:00,46.279998779296875,46.83000183105469,45.619998931884766,45.66999816894531,41.52944564819336,2217100,0.3,0.0
2023-11-16 00:00:00-05:00,45.5,45.7599983215332,44.869998931884766,45.04999923706055,40.96565628051758,1496600,0.0,0.0
2023-11-17 00:00:00-05:00,45.54999923706055,45.650001525878906,44.939998626708984,45.529998779296875,41.40213394165039,1149500,0.0,0.0
2023-11-20 00:00:00-05:00,45.400001525878906,45.65999984741211,44.880001068115234,45.45000076293945,41.32939529418945,1706200,0.0,0.0
2023-11-21 00:00:00-05:00,45.66999816894531,46.11000061035156,45.47999954223633,45.540000915527344,41.41123962402344,1562100,0.0,0.0
2023-11-22 00:00:00-05:00,45.58000183105469,45.83000183105469,45.41999816894531,45.7400016784668,41.59310531616211,973700,0.0,0.0
2023-11-24 00:00:00-05:00,45.58000183105469,45.88999938964844,45.529998779296875,45.84000015258789,41.68403244018555,461700,0.0,0.0
2023-11-27 00:00:00-05:00,45.29999923706055,45.56999969482422,45.02000045776367,45.119998931884766,41.0293083190918,1098100,0.0,0.0
2023-11-28 00:00:00-05:00,45.150001525878906,45.43000030517578,44.7599983215332,44.970001220703125,40.892906188964844,2165300,0.0,0.0
2023-11-29 00:00:00-05:00,45.130001068115234,45.130001068115234,44.15999984741211,44.38999938964844,40.3654899597168,1767100,0.0,0.0
2023-11-30 00:00:00-05:00,44.47999954223633,44.720001220703125,43.880001068115234,44.529998779296875,40.4927978515625,2925500,0.0,0.0
2023-12-01 00:00:00-05:00,44.689998626708984,45.529998779296875,44.5,45.4900016784668,41.36576843261719,1359400,0.0,0.0
2023-12-04 00:00:00-05:00,45.29999923706055,46.2400016784668,45.29999923706055,45.709999084472656,41.56581497192383,1396900,0.0,0.0
2023-12-05 00:00:00-05:00,45.29999923706055,45.380001068115234,44.560001373291016,44.63999938964844,40.59282684326172,1373100,0.0,0.0
2023-12-06 00:00:00-05:00,45.02000045776367,45.7400016784668,44.970001220703125,45.31999969482422,41.211177825927734,1757200,0.0,0.0
2023-12-07 00:00:00-05:00,45.31999969482422,45.529998779296875,44.77000045776367,45.20000076293945,41.10205841064453,1154700,0.0,0.0
2023-12-08 00:00:00-05:00,45.08000183105469,45.75,45.08000183105469,45.400001525878906,41.28392791748047,1637100,0.0,0.0
2023-12-11 00:00:00-05:00,45.400001525878906,46.08000183105469,45.400001525878906,45.7400016784668,41.59310531616211,1426200,0.0,0.0
2023-12-12 00:00:00-05:00,45.75,45.779998779296875,45.310001373291016,45.459999084472656,41.33848190307617,1016800,0.0,0.0
2023-12-13 00:00:00-05:00,45.400001525878906,46.029998779296875,44.970001220703125,46.0099983215332,41.83861541748047,3220000,0.0,0.0
2023-12-14 00:00:00-05:00,46.560001373291016,47.619998931884766,46.45000076293945,46.63999938964844,42.411502838134766,2210600,0.0,0.0
2023-12-15 00:00:00-05:00,46.790000915527344,46.81999969482422,46.08000183105469,46.599998474121094,42.37512969970703,4800100,0.0,0.0
2023-12-18 00:00:00-05:00,46.630001068115234,47.18000030517578,46.310001373291016,47.11000061035156,42.838890075683594,2319600,0.0,0.0
2023-12-19 00:00:00-05:00,47.2400016784668,47.959999084472656,46.97999954223633,47.75,43.420867919921875,2096500,0.0,0.0
2023-12-20 00:00:00-05:00,47.70000076293945,48.220001220703125,47.439998626708984,47.45000076293945,43.14806365966797,2470100,0.0,0.0
2023-12-21 00:00:00-05:00,47.720001220703125,47.9900016784668,46.97999954223633,47.43000030517578,43.12987518310547,1600800,0.0,0.0
2023-12-22 00:00:00-05:00,47.599998474121094,48.130001068115234,47.439998626708984,47.79999923706055,43.46632766723633,1037800,0.0,0.0
2023-12-26 00:00:00-05:00,47.939998626708984,47.97999954223633,47.65999984741211,47.91999816894531,43.57545471191406,986600,0.0,0.0
2023-12-27 00:00:00-05:00,47.900001525878906,48.09000015258789,47.689998626708984,48.06999969482422,43.711856842041016,1160600,0.0,0.0
2023-12-28 00:00:00-05:00,48.08000183105469,48.2400016784668,47.61000061035156,47.88999938964844,43.54817199707031,772500,0.0,0.0
2023-12-29 00:00:00-05:00,47.95000076293945,48.11000061035156,47.65999984741211,47.790000915527344,43.457237243652344,1522000,0.0,0.0
2024-01-02 00:00:00-05:00,47.75,48.220001220703125,47.15999984741211,47.279998779296875,42.99348068237305,1503100,0.0,0.0
2024-01-03 00:00:00-05:00,47.18000030517578,47.29999923706055,46.5099983215332,46.630001068115234,42.40241241455078,2549800,0.0,0.0
2024-01-04 00:00:00-05:00,46.650001525878906,46.7599983215332,46.25,46.54999923706055,42.32965087890625,1515500,0.0,0.0
2024-01-05 00:00:00-05:00,46.380001068115234,47.290000915527344,46.290000915527344,47.119998931884766,42.847984313964844,2180400,0.0,0.0
2024-01-08 00:00:00-05:00,47.099998474121094,47.75,46.83000183105469,47.63999938964844,43.32083511352539,1843100,0.0,0.0
2024-01-09 00:00:00-05:00,47.209999084472656,47.540000915527344,46.709999084472656,46.86000061035156,42.61155700683594,1341400,0.0,0.0
2024-01-10 00:00:00-05:00,46.869998931884766,47.04999923706055,46.66999816894531,47.02000045776367,42.75704574584961,1054700,0.0,0.0
2024-01-11 00:00:00-05:00,46.95000076293945,47.220001220703125,46.40999984741211,47.060001373291016,42.79342269897461,1354300,0.0,0.0
2024-01-12 00:00:00-05:00,47.4900016784668,47.849998474121094,46.90999984741211,47.040000915527344,42.77524185180664,1088000,0.0,0.0
2024-01-16 00:00:00-05:00,46.75,47.459999084472656,46.400001525878906,47.41999816894531,43.12078857421875,1651800,0.0,0.0
2024-01-17 00:00:00-05:00,47.0,47.45000076293945,46.849998474121094,47.04999923706055,42.78432846069336,1776900,0.0,0.0
2024-01-18 00:00:00-05:00,47.13999938964844,47.369998931884766,46.7599983215332,47.279998779296875,42.99348068237305,1145400,0.0,0.0
2024-01-19 00:00:00-05:00,47.349998474121094,47.650001525878906,46.88999938964844,47.380001068115234,43.08441162109375,1168700,0.0,0.0
2024-01-22 00:00:00-05:00,47.56999969482422,48.40999984741211,47.439998626708984,48.290000915527344,43.911903381347656,1268900,0.0,0.0
2024-01-23 00:00:00-05:00,48.459999084472656,48.779998779296875,47.279998779296875,47.91999816894531,43.57545471191406,1939900,0.0,0.0
2024-01-24 00:00:00-05:00,48.369998931884766,48.470001220703125,47.33000183105469,47.459999084472656,43.15715789794922,1270900,0.0,0.0
2024-01-25 00:00:00-05:00,47.86000061035156,47.959999084472656,47.15999984741211,47.5099983215332,43.2026252746582,1476200,0.0,0.0
2024-01-26 00:00:00-05:00,47.7599983215332,47.83000183105469,47.47999954223633,47.650001525878906,43.329933166503906,1123000,0.0,0.0
2024-01-29 00:00:00-05:00,47.529998779296875,47.709999084472656,46.88999938964844,47.689998626708984,43.366302490234375,2067900,0.0,0.0
2024-01-30 00:00:00-05:00,47.470001220703125,47.880001068115234,47.08000183105469,47.529998779296875,43.2208137512207,1678200,0.0,0.0
2024-01-31 00:00:00-05:00,47.54999923706055,47.689998626708984,46.56999969482422,46.66999816894531,42.43878173828125,1710100,0.0,0.0
2024-02-01 00:00:00-05:00,46.91999816894531,47.7599983215332,46.540000915527344,47.7400016784668,43.411773681640625,1566900,0.0,0.0
2024-02-02 00:00:00-05:00,47.459999084472656,47.70000076293945,46.7599983215332,47.29999923706055,43.01166534423828,1248600,0.0,0.0
2024-02-05 00:00:00-05:00,46.58000183105469,46.619998931884766,45.9900016784668,46.33000183105469,42.129608154296875,1425700,0.0,0.0
2024-02-06 00:00:00-05:00,46.380001068115234,47.13999938964844,46.029998779296875,47.119998931884766,42.847984313964844,1464100,0.0,0.0
2024-02-07 00:00:00-05:00,47.290000915527344,47.709999084472656,47.02000045776367,47.56999969482422,43.25718307495117,2211500,0.0,0.0
2024-02-08 00:00:00-05:00,47.290000915527344,47.619998931884766,47.130001068115234,47.540000915527344,43.22991180419922,1198900,0.0,0.0
2024-02-09 00:00:00-05:00,47.650001525878906,48.119998931884766,47.43000030517578,47.939998626708984,43.59363555908203,965500,0.0,0.0
2024-02-12 00:00:00-05:00,48.04999923706055,49.22999954223633,47.970001220703125,49.16999816894531,44.712120056152344,1414000,0.0,0.0
2024-02-13 00:00:00-05:00,48.38999938964844,48.40999984741211,47.65999984741211,48.09000015258789,43.730037689208984,3373000,0.0,0.0
2024-02-14 00:00:00-05:00,48.2400016784668,48.97999954223633,48.16999816894531,48.849998474121094,44.421138763427734,2046700,0.0,0.0
2024-02-15 00:00:00-05:00,49.060001373291016,49.34000015258789,48.849998474121094,49.16999816894531,44.712120056152344,2381100,0.0,0.0
2024-02-16 00:00:00-05:00,48.86000061035156,50.34000015258789,48.63999938964844,50.040000915527344,45.50325012207031,4192500,0.0,0.0
2024-02-20 00:00:00-05:00,49.43000030517578,49.97999954223633,49.279998779296875,49.86000061035156,45.33956527709961,2023900,0.0,0.0
2024-02-21 00:00:00-05:00,49.939998626708984,50.43000030517578,49.56999969482422,50.31999969482422,45.75786590576172,2291900,0.0,0.0
2024-02-22 00:00:00-05:00,51.650001525878906,52.38999938964844,50.900001525878906,51.86000061035156,47.15824508666992,2038600,0.0,0.0
2024-02-23 00:00:00-05:00,52.150001525878906,52.459999084472656,51.540000915527344,52.18000030517578,47.44923400878906,2032800,0.0,0.0
2024-02-26 00:00:00-05:00,51.970001220703125,52.59000015258789,51.779998779296875,52.439998626708984,47.685646057128906,1803400,0.0,0.0
2024-02-27 00:00:00-05:00,52.630001068115234,53.15999984741211,52.54999923706055,52.93000030517578,48.13124084472656,1833200,0.0,0.0
2024-02-28 00:00:00-05:00,52.849998474121094,53.0,52.33000183105469,52.77000045776367,47.985740661621094,1556400,0.0,0.0
2024-02-29 00:00:00-05:00,53.0099983215332,53.189998626708984,52.18000030517578,52.290000915527344,47.54926300048828,3374800,0.0,0.0
2024-03-01 00:00:00-05:00,52.15999984741211,52.38999938964844,51.63999938964844,51.97999954223633,47.26736831665039,1328700,0.0,0.0
2024-03-04 00:00:00-05:00,52.029998779296875,52.209999084472656,51.68000030517578,52.09000015258789,47.36738967895508,1530700,0.0,0.0
2024-03-05 00:00:00-05:00,51.86000061035156,52.52000045776367,51.790000915527344,51.81999969482422,47.12187576293945,1570500,0.0,0.0
2024-03-06 00:00:00-05:00,51.9900016784668,52.279998779296875,51.45000076293945,51.5099983215332,46.83997344970703,1199900,0.0,0.0
2024-03-07 00:00:00-05:00,51.810001373291016,52.02000045776367,51.29999923706055,51.47999954223633,46.81269836425781,1647000,0.0,0.0
2024-03-08 00:00:00-05:00,51.560001373291016,51.959999084472656,51.400001525878906,51.41999816894531,46.75813674926758,1420700,0.0,0.0
2024-03-11 00:00:00-04:00,51.40999984741211,51.810001373291016,51.060001373291016,51.7400016784668,47.04912185668945,1123500,0.0,0.0
2024-03-12 00:00:00-04:00,51.7400016784668,52.31999969482422,51.470001220703125,51.900001525878906,47.194618225097656,1816900,0.0,0.0
2024-03-13 00:00:00-04:00,51.7599983215332,52.099998474121094,51.56999969482422,51.83000183105469,47.40497970581055,1002200,0.3,0.0
2024-03-14 00:00:00-04:00,51.83000183105469,51.90999984741211,51.15999984741211,51.380001068115234,46.993408203125,1367900,0.0,0.0
2024-03-15 00:00:00-04:00,51.189998626708984,51.79999923706055,51.189998626708984,51.5099983215332,47.11229705810547,3080200,0.0,0.0
2024-03-18 00:00:00-04:00,51.349998474121094,51.720001220703125,51.119998931884766,51.220001220703125,46.8470573425293,1111800,0.0,0.0
2024-03-19 00:00:00-04:00,51.2599983215332,51.75,51.2599983215332,51.68000030517578,47.267791748046875,1394700,0.0,0.0
2024-03-20 00:00:00-04:00,51.720001220703125,52.31999969482422,51.61000061035156,52.29999923706055,47.83485412597656,757700,0.0,0.0
2024-03-21 00:00:00-04:00,52.31999969482422,53.06999969482422,52.18000030517578,52.939998626708984,48.42021179199219,815000,0.0,0.0
2024-03-22 00:00:00-04:00,53.06999969482422,53.18000030517578,52.630001068115234,52.779998779296875,48.27387619018555,821900,0.0,0.0
2024-03-25 00:00:00-04:00,52.959999084472656,53.0099983215332,52.209999084472656,52.22999954223633,47.77082824707031,949400,0.0,0.0
2024-03-26 00:00:00-04:00,52.310001373291016,52.439998626708984,52.06999969482422,52.119998931884766,47.67021942138672,1057500,0.0,0.0
2024-03-27 00:00:00-04:00,52.38999938964844,53.33000183105469,52.040000915527344,53.150001525878906,48.61228561401367,1307200,0.0,0.0
2024-03-28 00:00:00-04:00,53.40999984741211,53.68000030517578,53.130001068115234,53.40999984741211,48.8500862121582,1120800,0.0,0.0
2024-04-01 00:00:00-04:00,53.36000061035156,53.529998779296875,52.84000015258789,53.18000030517578,48.63972473144531,730800,0.0,0.0
2024-04-02 00:00:00-04:00,53.119998931884766,53.150001525878906,52.41999816894531,52.75,48.24643325805664,922200,0.0,0.0
2024-04-03 00:00:00-04:00,52.540000915527344,52.84000015258789,52.04999923706055,52.16999816894531,47.71595001220703,954800,0.0,0.0
2024-04-04 00:00:00-04:00,52.439998626708984,52.68000030517578,51.09000015258789,51.119998931884766,46.75559997558594,847000,0.0,0.0
2024-04-05 00:00:00-04:00,51.2599983215332,51.52000045776367,50.88999938964844,51.470001220703125,47.07571792602539,1104700,0.0,0.0
2024-04-08 00:00:00-04:00,51.540000915527344,52.060001373291016,51.33000183105469,51.5,47.10315704345703,1179700,0.0,0.0
2024-04-09 00:00:00-04:00,51.650001525878906,51.959999084472656,51.27000045776367,51.86000061035156,47.43241500854492,1097900,0.0,0.0
2024-04-10 00:00:00-04:00,51.22999954223633,51.22999954223633,50.310001373291016,50.52000045776367,46.20682144165039,1108600,0.0,0.0
2024-04-11 00:00:00-04:00,50.34000015258789,50.560001373291016,49.880001068115234,49.9900016784668,45.722068786621094,1051700,0.0,0.0
2024-04-12 00:00:00-04:00,49.68000030517578,49.93000030517578,49.2400016784668,49.25,45.045249938964844,1207400,0.0,0.0
2024-04-15 00:00:00-04:00,49.900001525878906,50.130001068115234,48.9900016784668,49.029998779296875,44.844032287597656,1060800,0.0,0.0
2024-04-16 00:00:00-04:00,48.7599983215332,48.900001525878906,48.41999816894531,48.439998626708984,44.30440139770508,1422100,0.0,0.0
2024-04-17 00:00:00-04:00,48.959999084472656,49.0,47.849998474121094,47.90999984741211,43.81965637207031,1111000,0.0,0.0
2024-04-18 00:00:00-04:00,48.380001068115234,48.970001220703125,48.209999084472656,48.58000183105469,44.43244552612305,1640000,0.0,0.0
2024-04-19 00:00:00-04:00,48.75,49.310001373291016,48.630001068115234,49.119998931884766,44.92633819580078,1506400,0.0,0.0
2024-04-22 00:00:00-04:00,49.22999954223633,49.5,48.84000015258789,48.93000030517578,44.752567291259766,1855500,0.0,0.0
2024-04-23 00:00:00-04:00,46.15999984741211,46.7599983215332,41.459999084472656,41.650001525878906,38.09409713745117,9659700,0.0,0.0
2024-04-24 00:00:00-04:00,41.5099983215332,43.31999969482422,41.29999923706055,43.279998779296875,39.58494567871094,5642900,0.0,0.0
2024-04-25 00:00:00-04:00,43.34000015258789,43.79999923706055,42.70000076293945,42.91999816894531,39.255680084228516,2404500,0.0,0.0
2024-04-26 00:00:00-04:00,42.81999969482422,44.029998779296875,42.81999969482422,43.63999938964844,39.91419982910156,2390800,0.0,0.0
2024-04-29 00:00:00-04:00,43.95000076293945,44.18000030517578,43.47999954223633,43.7599983215332,40.02396011352539,1765300,0.0,0.0
2024-04-30 00:00:00-04:00,43.5,43.88999938964844,43.04999923706055,43.130001068115234,39.447750091552734,2766300,0.0,0.0
2024-05-01 00:00:00-04:00,42.88999938964844,44.060001373291016,42.84000015258789,43.130001068115234,39.447750091552734,2424800,0.0,0.0
2024-05-02 00:00:00-04:00,43.27000045776367,43.650001525878906,43.27000045776367,43.34000015258789,39.63981246948242,2116700,0.0,0.0
2024-05-03 00:00:00-04:00,43.470001220703125,44.060001373291016,43.470001220703125,43.849998474121094,40.10627746582031,2405300,0.0,0.0
2024-05-06 00:00:00-04:00,44.15999984741211,44.7599983215332,43.869998931884766,44.72999954223633,40.9111442565918,1665600,0.0,0.0
2024-05-07 00:00:00-04:00,44.709999084472656,44.900001525878906,44.25,44.439998626708984,40.64590835571289,1790300,0.0,0.0
2024-05-08 00:00:00-04:00,44.09000015258789,44.20000076293945,43.880001068115234,43.95000076293945,40.19773864746094,1226500,0.0,0.0
2024-05-09 00:00:00-04:00,44.06999969482422,44.33000183105469,43.72999954223633,44.31999969482422,40.53614807128906,1523200,0.0,0.0
2024-05-10 00:00:00-04:00,44.34000015258789,44.45000076293945,44.09000015258789,44.209999084472656,40.435546875,828600,0.0,0.0
2024-05-13 00:00:00-04:00,44.529998779296875,44.93000030517578,44.349998474121094,44.54999923706055,40.74652099609375,1041600,0.0,0.0
2024-05-14 00:00:00-04:00,44.900001525878906,44.900001525878906,43.97999954223633,44.22999954223633,40.453834533691406,1317800,0.0,0.0
2024-05-15 00:00:00-04:00,44.130001068115234,44.400001525878906,43.7400016784668,44.18000030517578,40.684051513671875,1719900,0.3,0.0
2024-05-16 00:00:00-04:00,44.189998626708984,44.36000061035156,43.709999084472656,44.150001525878906,40.656429290771484,1885500,0.0,0.0
2024-05-17 00:00:00-04:00,44.20000076293945,44.709999084472656,43.83000183105469,44.66999816894531,41.13528060913086,5093400,0.0,0.0
2024-05-20 00:00:00-04:00,44.79999923706055,45.619998931884766,44.63999938964844,44.7599983215332,41.21815872192383,1798100,0.0,0.0
2024-05-21 00:00:00-04:00,44.650001525878906,44.84000015258789,44.36000061035156,44.5,40.978729248046875,1411300,0.0,0.0
2024-05-22 00:00:00-04:00,44.560001373291016,44.709999084472656,43.849998474121094,43.91999816894531,40.44462585449219,1465500,0.0,0.0
2024-05-23 00:00:00-04:00,43.77000045776367,43.77000045776367,42.369998931884766,42.400001525878906,39.0449104309082,1980800,0.0,0.0
2024-05-24 00:00:00-04:00,42.689998626708984,43.060001373291016,42.5,42.91999816894531,39.52375411987305,1671600,0.0,0.0
2024-05-28 00:00:00-04:00,42.869998931884766,43.65999984741211,42.779998779296875,42.97999954223633,39.57899856567383,1579700,0.0,0.0
2024-05-29 00:00:00-04:00,42.47999954223633,42.7400016784668,41.41999816894531,41.599998474121094,38.30820083618164,1726500,0.0,0.0
2024-05-30 00:00:00-04:00,41.7400016784668,42.36000061035156,41.7400016784668,41.91999816894531,38.60288619995117,2253100,0.0,0.0
2024-05-31 00:00:00-04:00,42.119998931884766,43.150001525878906,41.689998626708984,43.029998779296875,39.62504959106445,3409100,0.0,0.0
2024-06-03 00:00:00-04:00,43.029998779296875,43.20000076293945,42.720001220703125,43.06999969482422,39.661888122558594,1323000,0.0,0.0
2024-06-04 00:00:00-04:00,42.79999923706055,42.84000015258789,41.90999984741211,42.08000183105469,38.75022506713867,1506400,0.0,0.0
2024-06-05 00:00:00-04:00,42.150001525878906,42.2599983215332,41.66999816894531,42.209999084472656,38.869937896728516,1084200,0.0,0.0
2024-06-06 00:00:00-04:00,42.029998779296875,42.33000183105469,41.779998779296875,42.13999938964844,38.805477142333984,1216100,0.0,0.0
2024-06-07 00:00:00-04:00,41.90999984741211,42.349998474121094,41.779998779296875,42.209999084472656,38.869937896728516,844600,0.0,0.0
2024-06-10 00:00:00-04:00,42.08000183105469,42.380001068115234,41.90999984741211,42.02000045776367,38.69497299194336,1291800,0.0,0.0
2024-06-11 00:00:00-04:00,41.79999923706055,42.0,41.470001220703125,41.790000915527344,38.48317337036133,1570400,0.0,0.0
2024-06-12 00:00:00-04:00,42.22999954223633,42.38999938964844,41.36000061035156,41.70000076293945,38.40029525756836,2081700,0.0,0.0
2024-06-13 00:00:00-04:00,41.40999984741211,41.560001373291016,40.970001220703125,41.2400016784668,37.97669219970703,1061500,0.0,0.0
2024-06-14 00:00:00-04:00,40.900001525878906,40.900001525878906,39.720001220703125,40.290000915527344,37.10186767578125,1736000,0.0,0.0
2024-06-17 00:00:00-04:00,40.29999923706055,40.849998474121094,40.0,40.7400016784668,37.516258239746094,3679500,0.0,0.0
2024-06-18 00:00:00-04:00,40.79999923706055,41.34000015258789,40.56999969482422,41.0099983215332,37.764892578125,1614300,0.0,0.0
2024-06-20 00:00:00-04:00,40.90999984741211,41.709999084472656,40.79999923706055,41.4900016784668,38.2069091796875,1240400,0.0,0.0
2024-06-21 00:00:00-04:00,41.41999816894531,41.849998474121094,41.06999969482422,41.65999984741211,38.363460540771484,3757100,0.0,0.0
2024-06-24 00:00:00-04:00,41.81999969482422,42.45000076293945,41.66999816894531,41.970001220703125,38.64893341064453,1218100,0.0,0.0
2024-06-25 00:00:00-04:00,41.720001220703125,41.81999969482422,41.22999954223633,41.4900016784668,38.2069091796875,1410100,0.0,0.0
2024-06-26 00:00:00-04:00,41.22999954223633,41.689998626708984,40.970001220703125,41.63999938964844,38.34504318237305,2106300,0.0,0.0
2024-06-27 00:00:00-04:00,41.75,41.779998779296875,40.95000076293945,41.470001220703125,38.18849563598633,1684900,0.0,0.0
2024-06-28 00:00:00-04:00,41.58000183105469,41.91999816894531,41.16999816894531,41.59000015258789,38.29899597167969,2403300,0.0,0.0
2024-07-01 00:00:00-04:00,41.7400016784668,41.97999954223633,41.290000915527344,41.5,38.21611404418945,2244900,0.0,0.0
2024-07-02 00:00:00-04:00,41.52000045776367,42.20000076293945,41.4900016784668,41.9900016784668,38.66734313964844,1684100,0.0,0.0
2024-07-03 00:00:00-04:00,41.959999084472656,42.2400016784668,41.459999084472656,41.54999923706055,38.26216506958008,1330500,0.0,0.0
2024-07-05 00:00:00-04:00,41.400001525878906,41.59000015258789,41.0,41.45000076293945,38.17007827758789,2904400,0.0,0.0
2024-07-08 00:00:00-04:00,41.560001373291016,42.16999816894531,41.459999084472656,41.7599983215332,38.45553970336914,1787000,0.0,0.0
2024-07-09 00:00:00-04:00,41.66999816894531,41.709999084472656,41.22999954223633,41.25,37.98590087890625,1346100,0.0,0.0
2024-07-10 00:00:00-04:00,41.369998931884766,41.779998779296875,41.130001068115234,41.7599983215332,38.45553970336914,1140900,0.0,0.0
2024-07-11 00:00:00-04:00,41.880001068115234,42.810001373291016,41.849998474121094,42.65999984741211,39.284324645996094,1274900,0.0,0.0
2024-07-12 00:00:00-04:00,43.0,44.040000915527344,42.84000015258789,43.79999923706055,40.3341178894043,1194100,0.0,0.0
2024-07-15 00:00:00-04:00,43.56999969482422,44.40999984741211,43.36000061035156,43.810001373291016,40.34333038330078,1340700,0.0,0.0
2024-07-16 00:00:00-04:00,44.029998779296875,45.40999984741211,44.0099983215332,45.36000061035156,41.77067947387695,1504900,0.0,0.0
2024-07-17 00:00:00-04:00,45.34000015258789,46.27000045776367,45.33000183105469,46.029998779296875,42.38766098022461,1421500,0.0,0.0
2024-07-18 00:00:00-04:00,45.790000915527344,46.63999938964844,45.41999816894531,45.439998626708984,41.84435272216797,1600100,0.0,0.0
2024-07-19 00:00:00-04:00,45.380001068115234,45.40999984741211,44.77000045776367,45.09000015258789,41.52204895019531,1605700,0.0,0.0
2024-07-22 00:00:00-04:00,45.09000015258789,45.279998779296875,44.2400016784668,45.119998931884766,41.54966735839844,1456200,0.0,0.0
2024-07-23 00:00:00-04:00,45.15999984741211,45.70000076293945,45.040000915527344,45.400001525878906,41.80751419067383,2121200,0.0,0.0
2024-07-24 00:00:00-04:00,45.22999954223633,45.52000045776367,44.34000015258789,44.47999954223633,40.96030807495117,1930100,0.0,0.0
2024-07-25 00:00:00-04:00,40.5099983215332,40.619998931884766,35.56999969482422,38.95000076293945,35.86790084838867,7152300,0.0,0.0
2024-07-26 00:00:00-04:00,38.95000076293945,40.599998474121094,38.95000076293945,40.18000030517578,37.000572204589844,3687800,0.0,0.0
2024-07-29 00:00:00-04:00,40.20000076293945,40.43000030517578,39.29999923706055,40.15999984741211,36.98215103149414,2316400,0.0,0.0
2024-07-30 00:00:00-04:00,40.31999969482422,40.970001220703125,40.06999969482422,40.849998474121094,37.6175537109375,2209200,0.0,0.0
2024-07-31 00:00:00-04:00,41.189998626708984,42.25,40.220001220703125,41.5,38.21611404418945,2863500,0.0,0.0
2024-08-01 00:00:00-04:00,41.599998474121094,42.02000045776367,39.97999954223633,40.16999816894531,36.99135971069336,1826600,0.0,0.0
2024-08-02 00:00:00-04:00,39.900001525878906,40.20000076293945,39.41999816894531,40.13999938964844,36.96373748779297,1664200,0.0,0.0
2024-08-05 00:00:00-04:00,39.209999084472656,39.849998474121094,38.79999923706055,39.27000045776367,36.16257858276367,1734700,0.0,0.0
2024-08-06 00:00:00-04:00,39.27000045776367,40.16999816894531,38.970001220703125,39.59000015258789,36.45726013183594,1327700,0.0,0.0
2024-08-07 00:00:00-04:00,40.11000061035156,40.38999938964844,38.79999923706055,38.81999969482422,35.74818801879883,2291200,0.0,0.0
2024-08-08 00:00:00-04:00,39.16999816894531,39.63999938964844,39.16999816894531,39.40999984741211,36.291500091552734,1298400,0.0,0.0
2024-08-09 00:00:00-04:00,39.400001525878906,39.41999816894531,38.88999938964844,39.099998474121094,36.00602722167969,1113800,0.0,0.0
2024-08-12 00:00:00-04:00,39.04999923706055,39.279998779296875,38.400001525878906,38.470001220703125,35.425880432128906,2020100,0.0,0.0
2024-08-13 00:00:00-04:00,38.66999816894531,39.22999954223633,38.34000015258789,39.11000061035156,36.01524353027344,1317800,0.0,0.0
2024-08-14 00:00:00-04:00,39.189998626708984,39.5,38.790000915527344,39.38999938964844,36.2730827331543,1286300,0.0,0.0
2024-08-15 00:00:00-04:00,39.86000061035156,40.20000076293945,39.52000045776367,39.9900016784668,37.10823059082031,1310700,0.3,0.0
2024-08-16 00:00:00-04:00,39.93000030517578,40.52000045776367,39.81999969482422,40.290000915527344,37.3866081237793,1693100,0.0,0.0
2024-08-19 00:00:00-04:00,40.349998474121094,41.150001525878906,40.279998779296875,41.119998931884766,38.156795501708984,1430200,0.0,0.0
2024-08-20 00:00:00-04:00,41.25,41.310001373291016,40.79999923706055,41.11000061035156,38.147518157958984,1091300,0.0,0.0
2024-08-21 00:00:00-04:00,41.52000045776367,41.93000030517578,41.189998626708984,41.869998931884766,38.85274887084961,1197900,0.0,0.0
2024-08-22 00:00:00-04:00,41.939998626708984,42.11000061035156,41.5099983215332,41.790000915527344,38.77851867675781,925300,0.0,0.0
2024-08-23 00:00:00-04:00,42.040000915527344,42.91999816894531,41.84000015258789,42.630001068115234,39.557979583740234,1231000,0.0,0.0
2024-08-26 00:00:00-04:00,42.84000015258789,43.16999816894531,42.5,42.560001373291016,39.49302673339844,1141100,0.0,0.0
2024-08-27 00:00:00-04:00,42.5,42.630001068115234,42.27000045776367,42.400001525878906,39.34456253051758,1134800,0.0,0.0
2024-08-28 00:00:00-04:00,42.22999954223633,42.31999969482422,41.86000061035156,41.880001068115234,38.86202621459961,1564000,0.0,0.0
2024-08-29 00:00:00-04:00,42.189998626708984,42.189998626708984,41.5099983215332,41.59000015258789,38.592926025390625,1561700,0.0,0.0
2024-08-30 00:00:00-04:00,41.849998474121094,42.02000045776367,41.29999923706055,41.59000015258789,38.592926025390625,3244300,0.0,0.0
2024-09-03 00:00:00-04:00,41.36000061035156,41.7400016784668,40.959999084472656,41.310001373291016,38.333106994628906,1774400,0.0,0.0
2024-09-04 00:00:00-04:00,41.15999984741211,41.66999816894531,41.130001068115234,41.59000015258789,38.592926025390625,1945000,0.0,0.0
2024-09-05 00:00:00-04:00,41.61000061035156,41.79999923706055,40.310001373291016,40.72999954223633,37.79490280151367,1766900,0.0,0.0
2024-09-06 00:00:00-04:00,40.79999923706055,41.08000183105469,39.900001525878906,39.97999954223633,37.09894943237305,1645700,0.0,0.0
2024-09-09 00:00:00-04:00,40.09000015258789,40.4900016784668,39.86000061035156,39.97999954223633,37.09894943237305,2002200,0.0,0.0
2024-09-10 00:00:00-04:00,39.9900016784668,40.09000015258789,38.630001068115234,38.97999954223633,36.17101287841797,2145000,0.0,0.0
2024-09-11 00:00:00-04:00,38.81999969482422,38.88999938964844,37.83000183105469,38.83000183105469,36.031822204589844,2260300,0.0,0.0
2024-09-12 00:00:00-04:00,38.9900016784668,39.72999954223633,38.7599983215332,39.689998626708984,36.82984924316406,1878200,0.0,0.0
2024-09-13 00:00:00-04:00,40.06999969482422,41.119998931884766,39.90999984741211,41.040000915527344,38.08256149291992,2192100,0.0,0.0
2024-09-16 00:00:00-04:00,41.119998931884766,41.529998779296875,40.31999969482422,40.43000030517578,37.51652526855469,1917600,0.0,0.0
2024-09-17 00:00:00-04:00,40.619998931884766,41.2599983215332,40.619998931884766,40.84000015258789,37.896976470947266,1766400,0.0,0.0
2024-09-18 00:00:00-04:00,41.040000915527344,41.43000030517578,40.54999923706055,40.77000045776367,37.8320198059082,2910600,0.0,0.0
2024-09-19 00:00:00-04:00,41.41999816894531,41.66999816894531,40.709999084472656,40.77000045776367,37.8320198059082,3124100,0.0,0.0
2024-09-20 00:00:00-04:00,40.369998931884766,40.439998626708984,39.959999084472656,40.0099983215332,37.12678146362305,5118200,0.0,0.0
2024-09-23 00:00:00-04:00,40.02000045776367,40.58000183105469,39.79999923706055,40.130001068115234,37.238136291503906,3756400,0.0,0.0
2024-09-24 00:00:00-04:00,40.439998626708984,40.560001373291016,40.08000183105469,40.16999816894531,37.27525329589844,2517100,0.0,0.0
2024-09-25 00:00:00-04:00,40.119998931884766,40.45000076293945,39.040000915527344,39.08000183105469,36.26380920410156,2123800,0.0,0.0
2024-09-26 00:00:00-04:00,39.31999969482422,40.150001525878906,39.2400016784668,40.099998474121094,37.210304260253906,2244000,0.0,0.0
2024-09-27 00:00:00-04:00,40.36000061035156,40.75,40.290000915527344,40.369998931884766,37.460845947265625,3119500,0.0,0.0
2024-09-30 00:00:00-04:00,40.25,40.45000076293945,39.65999984741211,39.91999816894531,37.043270111083984,1772900,0.0,0.0
2024-10-01 00:00:00-04:00,40.0,40.18000030517578,39.2599983215332,39.9900016784668,37.10823059082031,1786900,0.0,0.0
2024-10-02 00:00:00-04:00,39.77000045776367,40.18000030517578,39.25,39.369998931884766,36.53290557861328,2152100,0.0,0.0
2024-10-03 00:00:00-04:00,39.18000030517578,39.310001373291016,38.560001373291016,39.150001525878906,36.328758239746094,2821500,0.0,0.0
2024-10-04 00:00:00-04:00,39.689998626708984,39.959999084472656,39.08000183105469,39.220001220703125,36.393714904785156,2194400,0.0,0.0
2024-10-07 00:00:00-04:00,39.2599983215332,39.2599983215332,38.459999084472656,38.63999938964844,35.85551071166992,2106100,0.0,0.0
2024-10-08 00:00:00-04:00,38.459999084472656,38.709999084472656,38.150001525878906,38.220001220703125,35.46577835083008,2916800,0.0,0.0
2024-10-09 00:00:00-04:00,38.22999954223633,38.91999816894531,38.150001525878906,38.40999984741211,35.64208984375,2053500,0.0,0.0
2024-10-10 00:00:00-04:00,38.40999984741211,38.54999923706055,38.119998931884766,38.310001373291016,35.54929733276367,2316200,0.0,0.0
2024-10-11 00:00:00-04:00,38.33000183105469,39.27000045776367,38.33000183105469,39.040000915527344,36.226688385009766,1806000,0.0,0.0
2024-10-14 00:00:00-04:00,38.97999954223633,39.40999984741211,38.66999816894531,39.290000915527344,36.45866775512695,2007800,0.0,0.0
2024-10-15 00:00:00-04:00,39.22999954223633,39.90999984741211,38.97999954223633,39.0,36.189571380615234,2168000,0.0,0.0
2024-10-16 00:00:00-04:00,39.150001525878906,39.52000045776367,38.95000076293945,39.400001525878906,36.56074142456055,2312600,0.0,0.0
2024-10-17 00:00:00-04:00,39.45000076293945,39.619998931884766,39.189998626708984,39.38999938964844,36.55146408081055,3610700,0.0,0.0
2024-10-18 00:00:00-04:00,39.470001220703125,39.66999816894531,39.18000030517578,39.310001373291016,36.477230072021484,2220200,0.0,0.0
2024-10-21 00:00:00-04:00,39.310001373291016,39.38999938964844,38.79999923706055,38.880001068115234,36.07822036743164,2055300,0.0,0.0
2024-10-22 00:00:00-04:00,38.599998474121094,38.599998474121094,37.38999938964844,37.47999954223633,34.77910232543945,3594200,0.0,0.0
2024-10-23 00:00:00-04:00,37.560001373291016,38.09000015258789,37.4900016784668,37.779998779296875,35.05748748779297,3560200,0.0,0.0
2024-10-24 00:00:00-04:00,38.70000076293945,39.43000030517578,37.58000183105469,37.66999816894531,34.95541000366211,3907400,0.0,0.0
2024-10-25 00:00:00-04:00,38.08000183105469,38.84000015258789,37.40999984741211,37.54999923706055,34.844058990478516,2638200,0.0,0.0
2024-10-28 00:00:00-04:00,37.560001373291016,38.22999954223633,37.54999923706055,37.7599983215332,35.03892517089844,2573500,0.0,0.0
2024-10-29 00:00:00-04:00,37.33000183105469,37.66999816894531,37.220001220703125,37.369998931884766,34.677032470703125,1941000,0.0,0.0
2024-10-30 00:00:00-04:00,37.209999084472656,37.77000045776367,37.18000030517578,37.310001373291016,34.62135314941406,2166300,0.0,0.0
2024-10-31 00:00:00-04:00,37.220001220703125,37.31999969482422,36.66999816894531,36.790000915527344,34.138824462890625,5064100,0.0,0.0
2024-11-01 00:00:00-04:00,37.0099983215332,37.25,36.849998474121094,36.900001525878906,34.24089813232422,2397100,0.0,0.0
2024-11-04 00:00:00-05:00,37.0,37.59000015258789,36.779998779296875,37.560001373291016,34.85334014892578,2671400,0.0,0.0
2024-11-05 00:00:00-05:00,37.560001373291016,37.689998626708984,37.189998626708984,37.65999984741211,34.94613265991211,1416900,0.0,0.0
2024-11-06 00:00:00-05:00,38.61000061035156,38.95000076293945,38.029998779296875,38.13999938964844,35.391536712646484,3296200,0.0,0.0
2024-11-07 00:00:00-05:00,38.04999923706055,38.40999984741211,37.790000915527344,38.380001068115234,35.6142463684082,2237200,0.0,0.0
2024-11-08 00:00:00-05:00,38.279998779296875,38.45000076293945,38.060001373291016,38.369998931884766,35.6049690246582,1976700,0.0,0.0
2024-11-11 00:00:00-05:00,38.56999969482422,39.400001525878906,38.4900016784668,39.36000061035156,36.523624420166016,2327700,0.0,0.0
2024-11-12 00:00:00-05:00,39.150001525878906,39.380001068115234,38.36000061035156,38.38999938964844,35.62352752685547,1906500,0.0,0.0
2024-11-13 00:00:00-05:00,38.209999084472656,38.7599983215332,37.84000015258789,38.720001220703125,35.92974853515625,2048400,0.0,0.0
2024-11-14 00:00:00-05:00,38.61000061035156,38.959999084472656,38.5099983215332,38.689998626708984,36.1822395324707,2391700,0.3,0.0
2024-11-15 00:00:00-05:00,38.86000061035156,39.130001068115234,38.150001525878906,38.20000076293945,35.724002838134766,1842400,0.0,0.0
2024-11-18 00:00:00-05:00,38.130001068115234,38.560001373291016,38.0099983215332,38.060001373291016,35.59307861328125,1713800,0.0,0.0
2024-11-19 00:00:00-05:00,37.630001068115234,37.7400016784668,37.15999984741211,37.599998474121094,35.16289138793945,2511400,0.0,0.0
2024-11-20 00:00:00-05:00,37.47999954223633,37.65999984741211,37.189998626708984,37.31999969482422,34.90104293823242,1985200,0.0,0.0
2024-11-21 00:00:00-05:00,37.45000076293945,37.97999954223633,37.22999954223633,37.880001068115234,35.42475128173828,1457500,0.0,0.0
2024-11-22 00:00:00-05:00,37.970001220703125,38.63999938964844,37.869998931884766,38.5,36.00456237792969,1602000,0.0,0.0
2024-11-25 00:00:00-05:00,39.029998779296875,40.38999938964844,39.029998779296875,39.7599983215332,37.182891845703125,4066800,0.0,0.0
2024-11-26 00:00:00-05:00,39.4900016784668,39.4900016784668,38.83000183105469,39.0,36.4721565246582,1617800,0.0,0.0
2024-11-27 00:00:00-05:00,39.09000015258789,39.58000183105469,39.04999923706055,39.130001068115234,36.593727111816406,1424100,0.0,0.0
2024-11-29 00:00:00-05:00,39.2400016784668,39.41999816894531,39.029998779296875,39.290000915527344,36.74335479736328,1195700,0.0,0.0
2024-12-02 00:00:00-05:00,39.25,39.380001068115234,38.75,39.279998779296875,36.7340087890625,2024000,0.0,0.0
2024-12-03 00:00:00-05:00,39.150001525878906,39.68000030517578,38.70000076293945,39.41999816894531,36.86492919921875,2319900,0.0,0.0
2024-12-04 00:00:00-05:00,39.279998779296875,39.869998931884766,39.22999954223633,39.47999954223633,36.92103958129883,2034300,0.0,0.0
2024-12-05 00:00:00-05:00,39.27000045776367,39.869998931884766,39.18000030517578,39.720001220703125,37.14548873901367,3929200,0.0,0.0
2024-12-06 00:00:00-05:00,39.9900016784668,40.040000915527344,38.79999923706055,38.88999938964844,36.369285583496094,3178700,0.0,0.0
2024-12-09 00:00:00-05:00,39.099998474121094,40.09000015258789,38.88999938964844,39.40999984741211,36.8555793762207,1823200,0.0,0.0
2024-12-10 00:00:00-05:00,39.5099983215332,39.5099983215332,38.58000183105469,38.689998626708984,36.1822395324707,2157600,0.0,0.0
2024-12-11 00:00:00-05:00,38.720001220703125,38.75,38.13999938964844,38.61000061035156,36.107425689697266,3748200,0.0,0.0
2024-12-12 00:00:00-05:00,38.65999984741211,38.779998779296875,38.189998626708984,38.369998931884766,35.88298797607422,1899200,0.0,0.0
2024-12-13 00:00:00-05:00,38.2599983215332,38.380001068115234,37.83000183105469,37.97999954223633,35.518272399902344,1495400,0.0,0.0
2024-12-16 00:00:00-05:00,37.7599983215332,38.36000061035156,37.09000015258789,37.119998931884766,34.71400833129883,2227300,0.0,0.0
2024-12-17 00:00:00-05:00,36.849998474121094,37.31999969482422,36.59000015258789,36.61000061035156,34.237064361572266,2049800,0.0,0.0
2024-12-18 00:00:00-05:00,36.66999816894531,37.5,36.5099983215332,36.9900016784668,34.592437744140625,3662500,0.0,0.0
2024-12-19 00:00:00-05:00,37.13999938964844,37.349998474121094,35.970001220703125,36.0,33.666603088378906,2594000,0.0,0.0
2024-12-20 00:00:00-05:00,36.20000076293945,37.310001373291016,35.90999984741211,36.880001068115234,34.489566802978516,6251000,0.0,0.0
2024-12-23 00:00:00-05:00,36.779998779296875,37.06999969482422,36.29999923706055,36.869998931884766,34.48020935058594,1566500,0.0,0.0
2024-12-24 00:00:00-05:00,36.93000030517578,36.93000030517578,36.650001525878906,36.70000076293945,34.32123565673828,1320300,0.0,0.0
2024-12-26 00:00:00-05:00,36.7400016784668,37.06999969482422,36.5,37.0,34.601783752441406,1294500,0.0,0.0
2024-12-27 00:00:00-05:00,36.709999084472656,37.16999816894531,36.63999938964844,36.88999938964844,34.49892044067383,1193800,0.0,0.0
2024-12-30 00:00:00-05:00,36.7400016784668,36.7400016784668,35.88999938964844,36.220001220703125,33.872344970703125,2012800,0.0,0.0
2024-12-31 00:00:00-05:00,36.43000030517578,36.91999816894531,36.349998474121094,36.75,34.36799240112305,1829400,0.0,0.0
2025-01-02 00:00:00-05:00,36.810001373291016,37.119998931884766,36.02000045776367,36.2400016784668,33.89105224609375,1705300,0.0,0.0
2025-01-03 00:00:00-05:00,36.22999954223633,36.68000030517578,35.560001373291016,36.59000015258789,34.21835708618164,2262000,0.0,0.0
2025-01-06 00:00:00-05:00,36.59000015258789,37.40999984741211,36.54999923706055,36.7599983215332,34.37733840942383,1859300,0.0,0.0
2025-01-07 00:00:00-05:00,36.900001525878906,37.33000183105469,36.400001525878906,36.4900016784668,34.124839782714844,1520500,0.0,0.0
2025-01-08 00:00:00-05:00,36.380001068115234,36.4900016784668,35.59000015258789,36.34000015258789,33.98456954956055,1457800,0.0,0.0
2025-01-10 00:00:00-05:00,36.0099983215332,36.400001525878906,35.900001525878906,36.27000045776367,33.919105529785156,3043800,0.0,0.0
2025-01-13 00:00:00-05:00,36.34000015258789,36.65999984741211,36.099998474121094,36.4900016784668,34.124839782714844,2238200,0.0,0.0
2025-01-14 00:00:00-05:00,36.68000030517578,37.349998474121094,36.599998474121094,37.290000915527344,34.872989654541016,2162200,0.0,0.0
2025-01-15 00:00:00-05:00,37.900001525878906,38.0,37.529998779296875,37.81999969482422,35.36863708496094,1830800,0.0,0.0
2025-01-16 00:00:00-05:00,37.900001525878906,38.63999938964844,37.529998779296875,38.38999938964844,35.901695251464844,3267800,0.0,0.0
2025-01-17 00:00:00-05:00,38.619998931884766,38.709999084472656,37.75,38.459999084472656,35.9671516418457,1801600,0.0,0.0
2025-01-21 00:00:00-05:00,38.709999084472656,39.380001068115234,38.630001068115234,39.209999084472656,36.66854476928711,2243000,0.0,0.0
2025-01-22 00:00:00-05:00,39.060001373291016,39.220001220703125,38.41999816894531,39.02000045776367,36.49085235595703,1600300,0.0,0.0
2025-01-23 00:00:00-05:00,39.060001373291016,39.099998474121094,38.45000076293945,38.63999938964844,36.1354866027832,1766200,0.0,0.0
2025-01-24 00:00:00-05:00,38.68000030517578,38.75,38.15999984741211,38.34000015258789,35.85493469238281,1524200,0.0,0.0
2025-01-27 00:00:00-05:00,38.540000915527344,39.099998474121094,38.369998931884766,38.900001525878906,36.37863540649414,2347400,0.0,0.0
2025-01-28 00:00:00-05:00,38.720001220703125,38.77000045776367,38.130001068115234,38.130001068115234,35.65854263305664,2161100,0.0,0.0
2025-01-29 00:00:00-05:00,38.0,38.130001068115234,37.540000915527344,37.84000015258789,35.3873405456543,1989600,0.0,0.0
2025-01-30 00:00:00-05:00,38.0,38.619998931884766,37.779998779296875,38.2400016784668,35.761409759521484,1445500,0.0,0.0
2025-01-31 00:00:00-05:00,37.91999816894531,38.04999923706055,37.2400016784668,37.38999938964844,34.96651077270508,1714700,0.0,0.0
2025-02-03 00:00:00-05:00,36.619998931884766,37.08000183105469,35.75,36.959999084472656,34.56437683105469,2614600,0.0,0.0
2025-02-04 00:00:00-05:00,36.79999923706055,37.20000076293945,36.75,36.91999816894531,34.52696990966797,1994100,0.0,0.0
2025-02-05 00:00:00-05:00,37.0099983215332,37.04999923706055,36.63999938964844,36.779998779296875,34.39604187011719,1612400,0.0,0.0
2025-02-06 00:00:00-05:00,37.93000030517578,38.349998474121094,37.220001220703125,37.369998931884766,34.94780349731445,2888800,0.0,0.0
2025-02-07 00:00:00-05:00,37.34000015258789,37.810001373291016,36.91999816894531,37.25,34.8355827331543,1660600,0.0,0.0
2025-02-10 00:00:00-05:00,37.45000076293945,37.459999084472656,36.91999816894531,37.349998474121094,34.929107666015625,1724800,0.0,0.0
2025-02-11 00:00:00-05:00,36.79999923706055,37.79999923706055,36.79999923706055,37.689998626708984,35.2470588684082,1768800,0.0,0.0
2025-02-12 00:00:00-05:00,37.380001068115234,38.290000915527344,37.25,38.130001068115234,35.65854263305664,2286500,0.0,0.0
2025-02-13 00:00:00-05:00,38.130001068115234,38.70000076293945,38.099998474121094,38.599998474121094,36.098079681396484,1316400,0.0,0.0
2025-02-14 00:00:00-05:00,38.9900016784668,39.18000030517578,38.72999954223633,39.11000061035156,36.57502746582031,1498900,0.0,0.0
2025-02-18 00:00:00-05:00,39.27000045776367,39.56999969482422,38.599998474121094,39.5099983215332,36.949092864990234,2253800,0.0,0.0
2025-02-19 00:00:00-05:00,39.04999923706055,39.4900016784668,38.7400016784668,39.400001525878906,36.846229553222656,2604800,0.0,0.0
2025-02-20 00:00:00-05:00,40.619998931884766,42.790000915527344,40.380001068115234,41.75,39.043907165527344,4589500,0.0,0.0
2025-02-21 00:00:00-05:00,42.16999816894531,42.16999816894531,40.369998931884766,40.4900016784668,37.865577697753906,3095900,0.0,0.0
2025-02-24 00:00:00-05:00,40.880001068115234,41.400001525878906,40.560001373291016,41.25,38.576316833496094,2633600,0.0,0.0
2025-02-25 00:00:00-05:00,41.25,42.0099983215332,41.25,41.540000915527344,38.84751892089844,2708800,0.0,0.0
2025-02-26 00:00:00-05:00,41.52000045776367,42.119998931884766,41.36000061035156,41.7599983215332,39.05325698852539,2940500,0.0,0.0
2025-02-27 00:00:00-05:00,41.560001373291016,41.95000076293945,41.22999954223633,41.869998931884766,39.1561279296875,3539200,0.0,0.0
2025-02-28 00:00:00-05:00,41.97999954223633,42.540000915527344,41.68000030517578,42.189998626708984,39.45539093017578,4852100,0.0,0.0
2025-03-03 00:00:00-05:00,42.369998931884766,42.7599983215332,41.7599983215332,42.0,39.277706146240234,3532100,0.0,0.0
2025-03-04 00:00:00-05:00,41.900001525878906,42.709999084472656,41.529998779296875,42.08000183105469,39.35252380371094,3185500,0.0,0.0
2025-03-05 00:00:00-05:00,42.08000183105469,42.5,41.900001525878906,42.04999923706055,39.324462890625,3671500,0.0,0.0
2025-03-06 00:00:00-05:00,41.84000015258789,42.869998931884766,41.65999984741211,42.75,39.97909164428711,2204200,0.0,0.0
2025-03-07 00:00:00-05:00,42.689998626708984,43.47999954223633,42.560001373291016,43.380001068115234,40.568260192871094,2875300,0.0,0.0
2025-03-10 00:00:00-04:00,43.380001068115234,44.81999969482422,42.63999938964844,44.04999923706055,41.19483184814453,3826700,0.0,0.0
2025-03-11 00:00:00-04:00,44.0099983215332,44.29999923706055,42.880001068115234,43.18000030517578,40.381221771240234,2890900,0.0,0.0
2025-03-12 00:00:00-04:00,42.88999938964844,43.470001220703125,42.20000076293945,42.540000915527344,39.78269958496094,2889700,0.0,0.0
2025-03-13 00:00:00-04:00,42.189998626708984,42.810001373291016,41.22999954223633,41.279998779296875,38.87854766845703,2422400,0.3,0.0
2025-03-14 00:00:00-04:00,41.66999816894531,42.029998779296875,41.369998931884766,41.65999984741211,39.2364387512207,2092800,0.0,0.0
2025-03-17 00:00:00-04:00,41.689998626708984,42.34000015258789,41.689998626708984,42.2400016784668,39.78269958496094,2000800,0.0,0.0
2025-03-18 00:00:00-04:00,42.2599983215332,42.40999984741211,41.779998779296875,42.25,39.79212188720703,1970500,0.0,0.0
2025-03-19 00:00:00-04:00,42.02000045776367,42.52000045776367,41.29999923706055,41.54999923706055,39.13284683227539,2970800,0.0,0.0
2025-03-20 00:00:00-04:00,41.38999938964844,41.95000076293945,40.970001220703125,40.97999954223633,38.59600067138672,4141300,0.0,0.0
2025-03-21 00:00:00-04:00,40.849998474121094,40.869998931884766,40.119998931884766,40.400001525878906,38.049739837646484,7151100,0.0,0.0
2025-03-24 00:00:00-04:00,40.54999923706055,41.11000061035156,40.380001068115234,40.90999984741211,38.53007507324219,2034400,0.0,0.0
2025-03-25 00:00:00-04:00,41.02000045776367,41.060001373291016,40.209999084472656,40.779998779296875,38.40763473510742,3927500,0.0,0.0
2025-03-26 00:00:00-04:00,40.86000061035156,41.2400016784668,40.68000030517578,40.9900016784668,38.60541915893555,1598900,0.0,0.0
2025-03-27 00:00:00-04:00,40.88999938964844,41.47999954223633,40.34000015258789,41.400001525878906,38.99156951904297,2823400,0.0,0.0
2025-03-28 00:00:00-04:00,41.58000183105469,41.720001220703125,41.0099983215332,41.59000015258789,39.17051315307617,2669200,0.0,0.0
2025-03-31 00:00:00-04:00,41.43000030517578,42.709999084472656,41.290000915527344,42.540000915527344,40.065250396728516,3506900,0.0,0.0
2025-04-01 00:00:00-04:00,42.20000076293945,43.040000915527344,41.9900016784668,42.970001220703125,40.47024154663086,2549700,0.0,0.0
2025-04-02 00:00:00-04:00,42.599998474121094,43.470001220703125,42.439998626708984,43.380001068115234,40.85638427734375,2172600,0.0,0.0
2025-04-03 00:00:00-04:00,43.380001068115234,43.439998626708984,41.529998779296875,42.18000030517578,39.7261962890625,2995300,0.0,0.0
2025-04-04 00:00:00-04:00,41.56999969482422,42.0,40.650001525878906,41.290000915527344,38.887969970703125,3708600,0.0,0.0
2025-04-07 00:00:00-04:00,40.709999084472656,41.40999984741211,39.130001068115234,39.5099983215332,37.211517333984375,3258100,0.0,0.0
2025-04-08 00:00:00-04:00,40.130001068115234,40.66999816894531,38.349998474121094,38.540000915527344,36.297950744628906,4295200,0.0,0.0
2025-04-09 00:00:00-04:00,38.130001068115234,41.869998931884766,38.06999969482422,41.61000061035156,39.189353942871094,4145800,0.0,0.0
2025-04-10 00:00:00-04:00,41.150001525878906,41.560001373291016,39.939998626708984,41.11000061035156,38.718441009521484,2494000,0.0,0.0
2025-04-11 00:00:00-04:00,41.0099983215332,42.099998474121094,40.790000915527344,42.0099983215332,39.566078186035156,1758400,0.0,0.0
2025-04-14 00:00:00-04:00,42.2400016784668,42.38999938964844,41.7599983215332,42.13999938964844,39.688514709472656,1582800,0.0,0.0
2025-04-15 00:00:00-04:00,42.119998931884766,42.5,41.560001373291016,41.630001068115234,39.20819091796875,1358800,0.0,0.0
2025-04-16 00:00:00-04:00,41.529998779296875,41.959999084472656,41.15999984741211,41.380001068115234,38.97272872924805,1715200,0.0,0.0
2025-04-17 00:00:00-04:00,41.70000076293945,42.06999969482422,41.150001525878906,42.029998779296875,39.584922790527344,1639500,0.0,0.0
2025-04-21 00:00:00-04:00,41.810001373291016,41.91999816894531,40.849998474121094,41.209999084472656,38.8126220703125,1817700,0.0,0.0
2025-04-22 00:00:00-04:00,41.66999816894531,42.310001373291016,41.540000915527344,42.2599983215332,39.801536560058594,2175200,0.0,0.0
2025-04-23 00:00:00-04:00,42.52000045776367,43.099998474121094,42.0099983215332,42.130001068115234,39.679107666015625,3047700,0.0,0.0
2025-04-24 00:00:00-04:00,40.5,41.099998474121094,36.88999938964844,37.2599983215332,35.092411041259766,5913200,0.0,0.0
2025-04-25 00:00:00-04:00,37.599998474121094,37.619998931884766,36.209999084472656,37.40999984741211,35.233680725097656,4324400,0.0,0.0
2025-04-28 00:00:00-04:00,37.47999954223633,37.97999954223633,36.70000076293945,37.209999084472656,35.04532241821289,2813100,0.0,0.0
2025-04-29 00:00:00-04:00,37.13999938964844,37.720001220703125,37.13999938964844,37.650001525878906,35.45972442626953,2383400,0.0,0.0
2025-04-30 00:00:00-04:00,37.38999938964844,38.34000015258789,37.13999938964844,38.209999084472656,35.98714828491211,2642000,0.0,0.0
2025-05-01 00:00:00-04:00,38.060001373291016,38.5099983215332,37.849998474121094,38.130001068115234,35.911800384521484,2212400,0.0,0.0
2025-05-02 00:00:00-04:00,38.59000015258789,39.369998931884766,38.38999938964844,39.34000015258789,37.05140686035156,2094100,0.0,0.0
2025-05-05 00:00:00-04:00,39.25,39.66999816894531,38.95000076293945,39.459999084472656,37.164424896240234,2046400,0.0,0.0
2025-05-06 00:00:00-04:00,39.2599983215332,39.650001525878906,39.029998779296875,39.38999938964844,37.0984992980957,2112200,0.0,0.0
2025-05-07 00:00:00-04:00,39.5,39.84000015258789,39.189998626708984,39.400001525878906,37.1079216003418,2279600,0.0,0.0
2025-05-08 00:00:00-04:00,39.4900016784668,40.369998931884766,39.4900016784668,40.029998779296875,37.70126724243164,1630900,0.0,0.0
2025-05-09 00:00:00-04:00,39.900001525878906,40.15999984741211,39.810001373291016,40.099998474121094,37.76719665527344,1569100,0.0,0.0
2025-05-12 00:00:00-04:00,41.16999816894531,42.0099983215332,40.88999938964844,42.0,39.556663513183594,3356500,0.0,0.0
2025-05-13 00:00:00-04:00,42.16999816894531,42.43000030517578,42.0,42.08000183105469,39.63200759887695,2175800,0.0,0.0
2025-05-14 00:00:00-04:00,41.939998626708984,42.099998474121094,41.41999816894531,42.02000045776367,39.575504302978516,2530800,0.0,0.0
2025-05-15 00:00:00-04:00,41.77000045776367,42.22999954223633,41.54999923706055,42.119998931884766,39.95493698120117,1489000,0.3,0.0
2025-05-16 00:00:00-04:00,42.15999984741211,42.66999816894531,42.099998474121094,42.560001373291016,40.37232208251953,1514900,0.0,0.0
2025-05-19 00:00:00-04:00,42.220001220703125,42.54999923706055,41.95000076293945,42.31999969482422,40.14466094970703,1488000,0.0,0.0
2025-05-20 00:00:00-04:00,42.5099983215332,42.540000915527344,41.5,41.59000015258789,39.45218276977539,1646200,0.0,0.0
2025-05-21 00:00:00-04:00,41.06999969482422,41.189998626708984,40.279998779296875,40.380001068115234,38.30438232421875,2152100,0.0,0.0
2025-05-22 00:00:00-04:00,40.349998474121094,40.70000076293945,40.060001373291016,40.5099983215332,38.427696228027344,2012000,0.0,0.0
2025-05-23 00:00:00-04:00,39.880001068115234,40.380001068115234,39.619998931884766,40.189998626708984,38.1241455078125,1812400,0.0,0.0
2025-05-27 00:00:00-04:00,40.599998474121094,40.84000015258789,40.13999938964844,40.84000015258789,38.7407341003418,2001400,0.0,0.0
2025-05-28 00:00:00-04:00,40.86000061035156,40.939998626708984,40.209999084472656,40.22999954223633,38.16209030151367,1510500,0.0,0.0
2025-05-29 00:00:00-04:00,40.310001373291016,40.61000061035156,39.84000015258789,40.279998779296875,38.20951843261719,1171500,0.0,0.0
2025-05-30 00:00:00-04:00,40.130001068115234,40.849998474121094,39.900001525878906,40.470001220703125,38.38975524902344,5871300,0.0,0.0
2025-06-02 00:00:00-04:00,40.220001220703125,40.220001220703125,39.52000045776367,40.11000061035156,38.048255920410156,1472000,0.0,0.0
2025-06-03 00:00:00-04:00,39.970001220703125,40.470001220703125,39.630001068115234,40.369998931884766,38.294898986816406,1356900,0.0,0.0
2025-06-04 00:00:00-04:00,40.349998474121094,40.529998779296875,39.90999984741211,39.91999816894531,37.868019104003906,2148700,0.0,0.0
2025-06-05 00:00:00-04:00,39.880001068115234,39.939998626708984,38.33000183105469,38.970001220703125,36.96685791015625,3107000,0.0,0.0
2025-06-06 00:00:00-04:00,39.25,39.560001373291016,38.91999816894531,39.09000015258789,37.0806884765625,1354800,0.0,0.0
2025-06-09 00:00:00-04:00,39.31999969482422,39.5,38.91999816894531,39.279998779296875,37.260921478271484,1478400,0.0,0.0
2025-06-10 00:00:00-04:00,39.31999969482422,39.900001525878906,39.2599983215332,39.7599983215332,37.716243743896484,1867600,0.0,0.0
2025-06-11 00:00:00-04:00,39.86000061035156,39.9900016784668,39.310001373291016,39.380001068115234,37.35578536987305,1571100,0.0,0.0
2025-06-12 00:00:00-04:00,39.220001220703125,39.220001220703125,38.7400016784668,39.040000915527344,37.03325653076172,1355400,0.0,0.0
2025-06-13 00:00:00-04:00,38.70000076293945,38.7599983215332,38.02000045776367,38.119998931884766,36.160545349121094,1337000,0.0,0.0
2025-06-16 00:00:00-04:00,38.40999984741211,38.689998626708984,38.0099983215332,38.040000915527344,36.084659576416016,1588800,0.0,0.0
2025-06-17 00:00:00-04:00,38.0099983215332,38.0099983215332,37.099998474121094,37.150001525878906,35.240413665771484,1720000,0.0,0.0
2025-06-18 00:00:00-04:00,37.2599983215332,37.619998931884766,36.83000183105469,36.86000061035156,34.96531677246094,2441100,0.0,0.0
2025-06-20 00:00:00-04:00,37.130001068115234,37.31999969482422,36.880001068115234,37.130001068115234,35.221439361572266,4109000,0.0,0.0
2025-06-23 00:00:00-04:00,37.099998474121094,37.380001068115234,36.65999984741211,37.36000061035156,35.43962097167969,1803300,0.0,0.0
2025-06-24 00:00:00-04:00,37.540000915527344,37.779998779296875,37.209999084472656,37.650001525878906,35.7147102355957,2191500,0.0,0.0
2025-06-25 00:00:00-04:00,37.5099983215332,37.59000015258789,36.91999816894531,36.939998626708984,35.041202545166016,3286000,0.0,0.0
2025-06-26 00:00:00-04:00,36.939998626708984,37.310001373291016,36.68000030517578,37.06999969482422,35.164520263671875,1743500,0.0,0.0
2025-06-27 00:00:00-04:00,37.16999816894531,37.560001373291016,36.93000030517578,37.119998931884766,35.21194839477539,3092400,0.0,0.0
2025-06-30 00:00:00-04:00,37.119998931884766,37.20000076293945,36.77000045776367,37.0099983215332,35.10760498046875,1624600,0.0,0.0
2025-07-01 00:00:00-04:00,36.880001068115234,38.4900016784668,36.83000183105469,37.959999084472656,36.00876998901367,1954300,0.0,0.0
2025-07-02 00:00:00-04:00,38.06999969482422,38.720001220703125,37.83000183105469,38.56999969482422,36.58742141723633,2247100,0.0,0.0
2025-07-03 00:00:00-04:00,38.59000015258789,38.91999816894531,38.439998626708984,38.68000030517578,36.6917610168457,1123700,0.0,0.0
2025-07-07 00:00:00-04:00,38.650001525878906,39.099998474121094,38.11000061035156,38.25,36.28386688232422,1745600,0.0,0.0
2025-07-08 00:00:00-04:00,38.2599983215332,38.75,37.869998931884766,38.599998474121094,36.61587142944336,1486800,0.0,0.0
2025-07-09 00:00:00-04:00,38.66999816894531,38.90999984741211,38.279998779296875,38.849998474121094,36.853023529052734,1700500,0.0,0.0
2025-07-10 00:00:00-04:00,38.900001525878906,39.77000045776367,38.77000045776367,39.209999084472656,37.194522857666016,1539700,0.0,0.0
2025-07-11 00:00:00-04:00,38.900001525878906,38.91999816894531,38.470001220703125,38.599998474121094,36.61587142944336,2159400,0.0,0.0
2025-07-14 00:00:00-04:00,38.400001525878906,38.70000076293945,37.86000061035156,38.380001068115234,36.40718460083008,1712200,0.0,0.0
2025-07-15 00:00:00-04:00,38.47999954223633,38.56999969482422,37.47999954223633,37.4900016784668,35.562931060791016,1765300,0.0,0.0
2025-07-16 00:00:00-04:00,37.560001373291016,37.70000076293945,36.959999084472656,37.349998474121094,35.43012619018555,1516800,0.0,0.0
2025-07-17 00:00:00-04:00,37.41999816894531,37.939998626708984,37.130001068115234,37.45000076293945,35.524993896484375,1952200,0.0,0.0
2025-07-18 00:00:00-04:00,37.68000030517578,37.849998474121094,37.0099983215332,37.119998931884766,35.21194839477539,1686300,0.0,0.0
2025-07-21 00:00:00-04:00,37.09000015258789,37.59000015258789,36.95000076293945,37.11000061035156,35.20246124267578,2138600,0.0,0.0
2025-07-22 00:00:00-04:00,37.31999969482422,38.560001373291016,37.31999969482422,38.47999954223633,36.50204086303711,2350300,0.0,0.0
2025-07-23 00:00:00-04:00,38.83000183105469,38.90999984741211,38.43000030517578,38.61000061035156,36.6253662109375,2406700,0.0,0.0
2025-07-24 00:00:00-04:00,33.34000015258789,33.52000045776367,30.059999465942383,31.729999542236328,30.099008560180664,18293000,0.0,0.0
2025-07-25 00:00:00-04:00,31.829999923706055,32.310001373291016,31.729999542236328,32.16999816894531,30.516389846801758,5796200,0.0,0.0
2025-07-28 00:00:00-04:00,32.130001068115234,32.27000045776367,31.239999771118164,31.489999771118164,29.8713436126709,4078300,0.0,0.0
2025-07-29 00:00:00-04:00,31.389999389648438,31.43000030517578,30.459999084472656,30.469999313354492,28.90377426147461,4505000,0.0,0.0
2025-07-30 00:00:00-04:00,30.739999771118164,30.739999771118164,29.90999984741211,30.1200008392334,28.571765899658203,2973000,0.0,0.0
2025-07-31 00:00:00-04:00,29.690000534057617,30.079999923706055,29.43000030517578,29.469999313354492,27.95517921447754,4133300,0.0,0.0
2025-08-01 00:00:00-04:00,29.440000534057617,29.829999923706055,29.020000457763672,29.639999389648438,28.116437911987305,3601500,0.0,0.0
2025-08-04 00:00:00-04:00,29.549999237060547,29.780000686645508,29.440000534057617,29.520000457763672,28.002607345581055,2932300,0.0,0.0
2025-08-05 00:00:00-04:00,29.6299991607666,30.0,29.43000030517578,29.959999084472656,28.41999053955078,3554600,0.0,0.0
2025-08-06 00:00:00-04:00,29.950000762939453,30.170000076293945,29.780000686645508,29.940000534057617,28.401018142700195,2509200,0.0,0.0
2025-08-07 00:00:00-04:00,30.030000686645508,30.15999984741211,29.350000381469727,29.75,28.220787048339844,2919700,0.0,0.0
2025-08-08 00:00:00-04:00,29.700000762939453,29.940000534057617,28.920000076293945,29.459999084472656,27.94569206237793,4160300,0.0,0.0
2025-08-11 00:00:00-04:00,29.530000686645508,29.950000762939453,29.15999984741211,29.239999771118164,27.73699951171875,3666300,0.0,0.0
2025-08-12 00:00:00-04:00,29.420000076293945,30.290000915527344,29.350000381469727,30.1200008392334,28.571765899658203,2335300,0.0,0.0
2025-08-13 00:00:00-04:00,30.18000030517578,31.84000015258789,30.1200008392334,31.709999084472656,30.080036163330078,4304800,0.0,0.0
2025-08-14 00:00:00-04:00,31.100000381469727,31.690000534057617,30.84000015258789,31.559999465942383,30.223684310913086,3282400,0.3,0.0
2025-08-15 00:00:00-04:00,31.68000030517578,31.90999984741211,30.8700008392334,30.969999313354492,29.658666610717773,2746300,0.0,0.0
2025-08-18 00:00:00-04:00,30.969999313354492,31.110000610351562,30.3799991607666,30.84000015258789,29.534170150756836,3039900,0.0,0.0
2025-08-19 00:00:00-04:00,30.989999771118164,31.639999389648438,30.90999984741211,31.260000228881836,29.93638801574707,3053200,0.0,0.0
2025-08-20 00:00:00-04:00,31.290000915527344,31.530000686645508,30.59000015258789,30.6200008392334,29.323488235473633,2956900,0.0,0.0
2025-08-21 00:00:00-04:00,30.34000015258789,30.729999542236328,30.25,30.59000015258789,29.294757843017578,2252000,0.0,0.0
2025-08-22 00:00:00-04:00,30.850000381469727,31.84000015258789,30.739999771118164,31.84000015258789,30.49182891845703,2271000,0.0,0.0
2025-08-25 00:00:00-04:00,31.68000030517578,31.959999084472656,31.350000381469727,31.700000762939453,30.357757568359375,2696300,0.0,0.0
2025-08-26 00:00:00-04:00,31.600000381469727,31.780000686645508,31.290000915527344,31.469999313354492,30.137496948242188,26555500,0.0,0.0
2025-08-27 00:00:00-04:00,31.5,32.290000915527344,31.40999984741211,32.08000183105469,30.721670150756836,4718400,0.0,0.0
2025-08-28 00:00:00-04:00,32.16999816894531,32.31999969482422,31.8799991607666,32.25,30.884469985961914,3251900,0.0,0.0
2025-08-29 00:00:00-04:00,32.279998779296875,32.72999954223633,32.20000076293945,32.619998931884766,31.238801956176758,3308000,0.0,0.0
2025-09-02 00:00:00-04:00,32.380001068115234,32.529998779296875,31.950000762939453,31.959999084472656,30.606748580932617,4898600,0.0,0.0
2025-09-03 00:00:00-04:00,31.739999771118164,32.119998931884766,31.600000381469727,31.979999542236328,30.625900268554688,3473300,0.0,0.0
2025-09-04 00:00:00-04:00,32.029998779296875,32.31999969482422,31.75,32.29999923706055,30.932350158691406,2662200,0.0,0.0
2025-09-05 00:00:00-04:00,32.36000061035156,32.86000061035156,32.09000015258789,32.380001068115234,31.00896644592285,1764200,0.0,0.0
2025-09-08 00:00:00-04:00,32.349998474121094,32.63999938964844,31.729999542236328,32.61000061035156,31.229228973388672,2567100,0.0,0.0
2025-09-09 00:00:00-04:00,32.22999954223633,32.689998626708984,32.119998931884766,32.310001373291016,30.941930770874023,4801300,0.0,0.0
2025-09-10 00:00:00-04:00,32.04999923706055,32.369998931884766,31.860000610351562,32.09000015258789,30.731245040893555,2513600,0.0,0.0
2025-09-11 00:00:00-04:00,32.20000076293945,32.970001220703125,32.130001068115234,32.91999816894531,31.52609634399414,2359200,0.0,0.0
2025-09-12 00:00:00-04:00,32.65999984741211,32.7400016784668,32.279998779296875,32.29999923706055,30.932350158691406,1721700,0.0,0.0
2025-09-15 00:00:00-04:00,32.45000076293945,32.45000076293945,31.530000686645508,31.549999237060547,30.214107513427734,2776500,0.0,0.0
2025-09-16 00:00:00-04:00,31.670000076293945,32.06999969482422,31.399999618530273,31.520000457763672,30.185379028320312,2581800,0.0,0.0
2025-09-17 00:00:00-04:00,31.6299991607666,32.0099983215332,31.06999969482422,31.110000610351562,29.792739868164062,2442400,0.0,0.0
2025-09-18 00:00:00-04:00,31.020000457763672,31.389999389648438,30.850000381469727,31.1299991607666,29.811891555786133,2247200,0.0,0.0
2025-09-19 00:00:00-04:00,31.299999237060547,31.299999237060547,30.559999465942383,30.68000030517578,29.38094711303711,6662500,0.0,0.0
2025-09-22 00:00:00-04:00,30.600000381469727,30.600000381469727,30.15999984741211,30.31999969482422,29.036190032958984,2335200,0.0,0.0
2025-09-23 00:00:00-04:00,30.34000015258789,30.579999923706055,30.18000030517578,30.389999389648438,29.103225708007812,2234500,0.0,0.0
2025-09-24 00:00:00-04:00,30.299999237060547,30.709999084472656,30.260000228881836,30.389999389648438,29.103225708007812,2153500,0.0,0.0
2025-09-25 00:00:00-04:00,30.260000228881836,30.270000457763672,29.770000457763672,29.979999542236328,28.71058464050293,2329400,0.0,0.0
2025-09-26 00:00:00-04:00,30.110000610351562,30.40999984741211,29.989999771118164,30.299999237060547,29.01703643798828,2401700,0.0,0.0
2025-09-29 00:00:00-04:00,30.43000030517578,30.510000228881836,29.940000534057617,30.420000076293945,29.131956100463867,2894600,0.0,0.0
2025-09-30 00:00:00-04:00,30.3799991607666,30.559999465942383,30.149999618530273,30.540000915527344,29.246875762939453,3393000,0.0,0.0
2025-10-01 00:00:00-04:00,30.65999984741211,31.219999313354492,30.56999969482422,31.1299991607666,29.811891555786133,2524800,0.0,0.0
2025-10-02 00:00:00-04:00,31.149999618530273,31.489999771118164,30.950000762939453,31.309999465942383,29.984270095825195,2281100,0.0,0.0
2025-10-03 00:00:00-04:00,31.290000915527344,31.739999771118164,31.280000686645508,31.360000610351562,30.032155990600586,2060800,0.0,0.0
2025-10-06 00:00:00-04:00,31.219999313354492,31.219999313354492,30.649999618530273,30.719999313354492,29.419254302978516,2086400,0.0,0.0
2025-10-07 00:00:00-04:00,30.799999237060547,30.860000610351562,29.899999618530273,29.969999313354492,28.701007843017578,2268400,0.0,0.0
2025-10-08 00:00:00-04:00,29.969999313354492,30.18000030517578,29.6200008392334,29.700000762939453,28.442441940307617,1449900,0.0,0.0
2025-10-09 00:00:00-04:00,29.729999542236328,29.729999542236328,29.229999542236328,29.309999465942383,28.06895637512207,3302500,0.0,0.0
2025-10-10 00:00:00-04:00,29.40999984741211,29.719999313354492,28.649999618530273,28.68000030517578,27.46563148498535,2260200,0.0,0.0
2025-10-13 00:00:00-04:00,28.809999465942383,29.200000762939453,28.420000076293945,29.149999618530273,27.915729522705078,2182300,0.0,0.0
2025-10-14 00:00:00-04:00,28.780000686645508,29.889999389648438,28.760000228881836,29.829999923706055,28.566936492919922,1956900,0.0,0.0
2025-10-15 00:00:00-04:00,29.719999313354492,30.149999618530273,29.639999389648438,29.75,28.490325927734375,1659300,0.0,0.0
2025-10-16 00:00:00-04:00,29.799999237060547,30.020000457763672,29.469999313354492,29.81999969482422,28.55735969543457,2531000,0.0,0.0
2025-10-17 00:00:00-04:00,29.8799991607666,30.25,29.75,30.040000915527344,28.768047332763672,1783700,0.0,0.0
2025-10-20 00:00:00-04:00,30.1200008392334,30.3799991607666,29.709999084472656,30.110000610351562,28.835081100463867,2838300,0.0,0.0
2025-10-21 00:00:00-04:00,30.1200008392334,30.809999465942383,30.0,30.579999923706055,29.285181045532227,1963900,0.0,0.0
2025-10-22 00:00:00-04:00,30.540000915527344,30.889999389648438,30.329999923706055,30.350000381469727,29.064922332763672,2044600,0.0,0.0
2025-10-23 00:00:00-04:00,30.3799991607666,30.65999984741211,30.030000686645508,30.6200008392334,29.323488235473633,2198200,0.0,0.0
2025-10-24 00:00:00-04:00,30.75,30.90999984741211,30.600000381469727,30.790000915527344,29.486289978027344,2433100,0.0,0.0
2025-10-27 00:00:00-04:00,30.8700008392334,31.5,30.829999923706055,31.479999542236328,30.147071838378906,3110700,0.0,0.0
2025-10-28 00:00:00-04:00,31.329999923706055,31.3799991607666,30.889999389648438,30.959999084472656,29.649089813232422,3753000,0.0,0.0
2025-10-29 00:00:00-04:00,30.770000457763672,30.8799991607666,30.020000457763672,30.040000915527344,28.768047332763672,4170600,0.0,0.0
2025-10-30 00:00:00-04:00,31.549999237060547,32.529998779296875,30.440000534057617,31.15999984741211,29.84062385559082,5715000,0.0,0.0
2025-10-31 00:00:00-04:00,30.989999771118164,32.08000183105469,30.600000381469727,31.959999084472656,30.606748580932617,6896400,0.0,0.0
2025-11-03 00:00:00-05:00,31.59000015258789,31.8700008392334,30.309999465942383,30.43000030517578,29.14153289794922,3764000,0.0,0.0
2025-11-04 00:00:00-05:00,30.31999969482422,30.479999542236328,30.059999465942383,30.399999618530273,29.112802505493164,2694200,0.0,0.0
2025-11-05 00:00:00-05:00,30.479999542236328,30.8799991607666,30.079999923706055,30.84000015258789,29.534170150756836,2319700,0.0,0.0
2025-11-06 00:00:00-05:00,30.81999969482422,30.989999771118164,29.93000030517578,30.020000457763672,28.748891830444336,2418900,0.0,0.0
2025-11-07 00:00:00-05:00,30.0,30.40999984741211,29.760000228881836,30.3700008392334,29.08407211303711,2575300,0.0,0.0
2025-11-10 00:00:00-05:00,30.399999618530273,30.989999771118164,30.3799991607666,30.959999084472656,29.649089813232422,4021000,0.0,0.0
2025-11-11 00:00:00-05:00,31.110000610351562,31.299999237060547,30.600000381469727,31.040000915527344,29.725704193115234,2747300,0.0,0.0
2025-11-12 00:00:00-05:00,31.079999923706055,31.299999237060547,30.75,31.059999465942383,29.744855880737305,3783400,0.0,0.0
2025-11-13 00:00:00-05:00,31.030000686645508,31.940000534057617,30.950000762939453,31.350000381469727,30.0225772857666,4048300,0.0,0.0
2025-11-14 00:00:00-05:00,31.260000228881836,31.260000228881836,30.43000030517578,30.549999237060547,29.25644874572754,2377400,0.0,0.0
2025-11-17 00:00:00-05:00,30.59000015258789,30.649999618530273,29.8799991607666,29.889999389648438,28.62439727783203,2104900,0.0,0.0
2025-11-18 00:00:00-05:00,29.889999389648438,30.139999389648438,29.59000015258789,29.969999313354492,28.701007843017578,3143900,0.0,0.0
2025-11-19 00:00:00-05:00,30.030000686645508,30.06999969482422,29.399999618530273,29.600000381469727,28.346677780151367,2585200,0.0,0.0
2025-11-20 00:00:00-05:00,29.15999984741211,29.600000381469727,28.709999084472656,28.760000228881836,27.82424545288086,2574600,0.3,0.0
2025-11-21 00:00:00-05:00,28.93000030517578,29.90999984741211,28.729999542236328,29.559999465942383,28.598217010498047,2588800,0.0,0.0
2025-11-24 00:00:00-05:00,29.549999237060547,29.549999237060547,28.8700008392334,29.149999618530273,28.201555252075195,3668900,0.0,0.0
2025-11-25 00:00:00-05:00,29.34000015258789,29.93000030517578,29.34000015258789,29.75,28.782033920288086,2617900,0.0,0.0
2025-11-26 00:00:00-05:00,29.639999389648438,29.860000610351562,29.549999237060547,29.579999923706055,28.617565155029297,2397300,0.0,0.0
2025-11-28 00:00:00-05:00,29.530000686645508,29.899999618530273,29.350000381469727,29.690000534057617,28.723987579345703,1334500,0.0,0.0
2025-12-01 00:00:00-05:00,29.540000915527344,29.850000381469727,29.399999618530273,29.469999313354492,28.511144638061523,2082300,0.0,0.0
2025-12-02 00:00:00-05:00,29.5,29.520000457763672,28.649999618530273,29.18000030517578,28.230579376220703,2899200,0.0,0.0
2025-12-03 00:00:00-05:00,29.329999923706055,29.940000534057617,29.239999771118164,29.34000015258789,28.3853759765625,2758600,0.0,0.0
2025-12-04 00:00:00-05:00,29.25,29.459999084472656,28.600000381469727,28.8700008392334,27.930665969848633,3026100,0.0,0.0
2025-12-05 00:00:00-05:00,28.889999389648438,29.540000915527344,28.850000381469727,29.450000762939453,28.491796493530273,2617600,0.0,0.0
2025-12-08 00:00:00-05:00,29.639999389648438,29.780000686645508,28.690000534057617,28.8700008392334,27.930665969848633,4976700,0.0,0.0
2025-12-09 00:00:00-05:00,28.719999313354492,28.93000030517578,28.1299991607666,28.170000076293945,27.253442764282227,4977100,0.0,0.0
2025-12-10 00:00:00-05:00,28.530000686645508,30.420000076293945,28.43000030517578,30.200000762939453,29.21739387512207,4092000,0.0,0.0
2025-12-11 00:00:00-05:00,30.540000915527344,31.209999084472656,30.479999542236328,31.040000915527344,30.03006362915039,3899900,0.0,0.0
2025-12-12 00:00:00-05:00,31.200000762939453,31.489999771118164,30.760000228881836,30.989999771118164,29.981687545776367,3884300,0.0,0.0
2025-12-15 00:00:00-05:00,31.139999389648438,31.139999389648438,30.389999389648438,30.520000457763672,29.5269832611084,3788900,0.0,0.0
2025-12-16 00:00:00-05:00,30.530000686645508,30.530000686645508,29.770000457763672,29.920000076293945,28.946502685546875,2873600,0.0,0.0
2025-12-17 00:00:00-05:00,29.8799991607666,30.18000030517578,29.510000228881836,30.149999618530273,29.169017791748047,4052500,0.0,0.0
2025-12-18 00:00:00-05:00,30.15999984741211,30.510000228881836,29.639999389648438,29.700000762939453,28.733659744262695,4750900,0.0,0.0
2025-12-19 00:00:00-05:00,29.75,30.15999984741211,29.399999618530273,29.739999771118164,28.77235984802246,61632800,0.0,0.0
2025-12-22 00:00:00-05:00,29.940000534057617,30.829999923706055,29.6200008392334,30.229999542236328,29.246416091918945,4553300,0.0,0.0
2025-12-23 00:00:00-05:00,30.229999542236328,30.3700008392334,29.450000762939453,29.989999771118164,29.014225006103516,3317900,0.0,0.0
2025-12-24 00:00:00-05:00,30.170000076293945,30.479999542236328,30.0,30.260000228881836,29.275440216064453,3352200,0.0,0.0
2025-12-26 00:00:00-05:00,30.350000381469727,30.780000686645508,30.170000076293945,30.610000610351562,29.61405372619629,1627400,0.0,0.0
2025-12-29 00:00:00-05:00,30.540000915527344,30.670000076293945,30.260000228881836,30.549999237060547,29.55600357055664,2687400,0.0,0.0
2025-12-30 00:00:00-05:00,30.459999084472656,30.81999969482422,30.399999618530273,30.809999465942383,29.807544708251953,2297300,0.0,0.0
2025-12-31 00:00:00-05:00,30.729999542236328,30.729999542236328,30.06999969482422,30.200000762939453,29.21739387512207,1946300,0.0,0.0
2026-01-02 00:00:00-05:00,30.239999771118164,30.260000228881836,29.670000076293945,30.030000686645508,29.05292510986328,2451000,0.0,0.0
2026-01-05 00:00:00-05:00,29.959999084472656,31.450000762939453,29.959999084472656,31.040000915527344,30.03006362915039,4338500,0.0,0.0
2026-01-06 00:00:00-05:00,31.149999618530273,31.59000015258789,30.969999313354492,31.520000457763672,30.494443893432617,2601900,0.0,0.0
2026-01-07 00:00:00-05:00,31.559999465942383,31.75,30.959999084472656,31.209999084472656,30.194530487060547,2227100,0.0,0.0
2026-01-08 00:00:00-05:00,31.030000686645508,33.0099983215332,31.030000686645508,33.0,31.926288604736328,3717700,0.0,0.0
2026-01-09 00:00:00-05:00,33.279998779296875,33.5,32.59000015258789,33.400001525878906,32.31327438354492,3641700,0.0,0.0
2026-01-12 00:00:00-05:00,33.20000076293945,33.400001525878906,32.900001525878906,33.20000076293945,32.119781494140625,3451200,0.0,0.0
2026-01-13 00:00:00-05:00,33.209999084472656,33.77000045776367,33.189998626708984,33.31999969482422,32.235877990722656,3295100,0.0,0.0
2026-01-14 00:00:00-05:00,33.29999923706055,33.869998931884766,32.95000076293945,33.27000045776367,32.187503814697266,3453300,0.0,0.0
2026-01-15 00:00:00-05:00,33.40999984741211,34.06999969482422,33.18000030517578,33.93000030517578,32.82603073120117,2749300,0.0,0.0
2026-01-16 00:00:00-05:00,33.70000076293945,33.849998474121094,33.150001525878906,33.5099983215332,32.41969299316406,2796800,0.0,0.0
2026-01-20 00:00:00-05:00,32.97999954223633,33.22999954223633,32.56999969482422,32.70000076293945,31.636051177978516,2473300,0.0,0.0
2026-01-21 00:00:00-05:00,32.7599983215332,33.849998474121094,32.720001220703125,33.790000915527344,32.69058609008789,2445200,0.0,0.0
2026-01-22 00:00:00-05:00,33.939998626708984,34.25,33.880001068115234,34.119998931884766,33.00984573364258,2128300,0.0,0.0
2026-01-23 00:00:00-05:00,34.13999938964844,34.2400016784668,33.7400016784668,34.040000915527344,32.93245315551758,1824200,0.0,0.0
2026-01-26 00:00:00-05:00,37.130001068115234,37.130001068115234,33.720001220703125,33.77000045776367,32.67123794555664,6046300,0.0,0.0
2026-01-27 00:00:00-05:00,33.59000015258789,33.66999816894531,33.130001068115234,33.29999923706055,32.21652603149414,2872800,0.0,0.0
2026-01-28 00:00:00-05:00,33.349998474121094,33.5,32.5099983215332,32.56999969482422,31.510278701782227,2916400,0.0,0.0
2026-01-29 00:00:00-05:00,32.77000045776367,33.380001068115234,32.400001525878906,32.619998931884766,31.558650970458984,2410900,0.0,0.0
2026-01-30 00:00:00-05:00,32.369998931884766,33.13999938964844,32.220001220703125,32.849998474121094,31.781171798706055,2881300,0.0,0.0
2026-02-02 00:00:00-05:00,32.779998779296875,33.13999938964844,32.27000045776367,32.52000045776367,31.4619083404541,2635400,0.0,0.0
2026-02-03 00:00:00-05:00,32.459999084472656,33.66999816894531,32.43000030517578,32.9900016784668,31.91661834716797,1955500,0.0,0.0
2026-02-04 00:00:00-05:00,33.2599983215332,34.5099983215332,33.2599983215332,34.369998931884766,33.251712799072266,3580900,0.0,0.0
2026-02-05 00:00:00-05:00,34.36000061035156,34.65999984741211,33.58000183105469,34.349998474121094,33.232364654541016,2367300,0.0,0.0
2026-02-06 00:00:00-05:00,34.130001068115234,34.68000030517578,33.959999084472656,34.58000183105469,33.45488357543945,2334600,0.0,0.0
2026-02-09 00:00:00-05:00,34.380001068115234,34.66999816894531,33.95000076293945,34.18000030517578,33.06789779663086,1571700,0.0,0.0
2026-02-10 00:00:00-05:00,33.810001373291016,34.84000015258789,33.0,34.599998474121094,33.47422790527344,1459700,0.0,0.0
2026-02-11 00:00:00-05:00,34.61000061035156,35.09000015258789,34.5,34.79999923706055,33.667720794677734,1870300,0.0,0.0
2026-02-12 00:00:00-05:00,34.7599983215332,35.220001220703125,33.91999816894531,34.040000915527344,32.93245315551758,2104400,0.0,0.0
2026-02-13 00:00:00-05:00,34.22999954223633,34.41999816894531,33.83000183105469,34.099998474121094,32.99049758911133,1809400,0.0,0.0
2026-02-17 00:00:00-05:00,33.97999954223633,34.189998626708984,32.22999954223633,32.5099983215332,31.452232360839844,3107400,0.0,0.0
2026-02-18 00:00:00-05:00,32.47999954223633,33.27000045776367,32.220001220703125,33.220001220703125,32.139129638671875,2758700,0.0,0.0
2026-02-19 00:00:00-05:00,32.9900016784668,33.880001068115234,32.29999923706055,33.52000045776367,32.42937088012695,4363000,0.0,0.0
2026-02-20 00:00:00-05:00,33.209999084472656,34.15999984741211,32.4900016784668,34.099998474121094,32.99049758911133,3051900,0.0,0.0
2026-02-23 00:00:00-05:00,33.7599983215332,34.290000915527344,32.81999969482422,33.290000915527344,32.206851959228516,2062400,0.0,0.0
2026-02-24 00:00:00-05:00,33.400001525878906,34.060001373291016,33.20000076293945,33.529998779296875,32.43904495239258,1569900,0.0,0.0
2026-02-25 00:00:00-05:00,33.65999984741211,33.900001525878906,31.959999084472656,32.70000076293945,31.636051177978516,2031800,0.0,0.0
2026-02-26 00:00:00-05:00,32.849998474121094,33.0,32.25,32.630001068115234,31.568330764770508,1676500,0.0,0.0
2026-02-27 00:00:00-05:00,32.47999954223633,33.47999954223633,32.31999969482422,33.11000061035156,32.03271484375,2147800,0.0,0.0
2026-03-02 00:00:00-05:00,32.65999984741211,32.83000183105469,32.16999816894531,32.779998779296875,31.713443756103516,1273300,0.0,0.0
2026-03-03 00:00:00-05:00,31.950000762939453,32.33000183105469,31.530000686645508,32.220001220703125,31.17167091369629,1378900,0.0,0.0
2026-03-04 00:00:00-05:00,32.25,32.27000045776367,31.40999984741211,32.06999969482422,31.026548385620117,1824200,0.0,0.0
2026-03-05 00:00:00-05:00,32.0,32.470001220703125,31.3799991607666,31.459999084472656,30.43639373779297,2621800,0.0,0.0
2026-03-06 00:00:00-05:00,31.209999084472656,31.540000915527344,30.56999969482422,31.469999313354492,30.44607162475586,1518500,0.0,0.0
2026-03-09 00:00:00-04:00,31.040000915527344,31.389999389648438,30.350000381469727,31.34000015258789,30.320301055908203,1748800,0.0,0.0
2026-03-10 00:00:00-04:00,31.149999618530273,31.299999237060547,30.610000610351562,30.649999618530273,29.652751922607422,3295700,0.0,0.0
2026-03-11 00:00:00-04:00,30.75,31.059999465942383,30.520000457763672,30.950000762939453,29.942991256713867,2684700,0.0,0.0
2026-03-12 00:00:00-04:00,30.389999389648438,30.530000686645508,29.68000030517578,29.75,29.063749313354492,2692800,0.3,0.0
2026-03-13 00:00:00-04:00,29.770000457763672,29.770000457763672,29.030000686645508,29.34000015258789,28.6632080078125,2823400,0.0,0.0
2026-03-16 00:00:00-04:00,29.3700008392334,29.6299991607666,28.6299991607666,28.719999313354492,28.05750846862793,2520000,0.0,0.0
2026-03-17 00:00:00-04:00,28.889999389648438,29.59000015258789,28.850000381469727,29.350000381469727,28.672977447509766,3108600,0.0,0.0
2026-03-18 00:00:00-04:00,29.1200008392334,29.309999465942383,28.610000610351562,28.6299991607666,27.96958351135254,2701000,0.0,0.0
2026-03-19 00:00:00-04:00,28.399999618530273,28.600000381469727,27.639999389648438,28.559999465942383,27.901199340820312,2994600,0.0,0.0
2026-03-20 00:00:00-04:00,28.510000228881836,28.670000076293945,27.90999984741211,28.260000228881836,27.60811996459961,12973700,0.0,0.0
2026-03-23 00:00:00-04:00,28.709999084472656,29.31999969482422,28.489999771118164,28.790000915527344,28.12589454650879,2693000,0.0,0.0
2026-03-24 00:00:00-04:00,28.6200008392334,29.40999984741211,28.459999084472656,29.18000030517578,28.506898880004883,2780300,0.0,0.0
2026-03-25 00:00:00-04:00,29.450000762939453,29.770000457763672,28.889999389648438,29.489999771118164,28.80974578857422,1931000,0.0,0.0
2026-03-26 00:00:00-04:00,29.450000762939453,29.989999771118164,29.299999237060547,29.649999618530273,28.966054916381836,2233300,0.0,0.0
2026-03-27 00:00:00-04:00,29.649999618530273,29.690000534057617,28.889999389648438,29.18000030517578,28.506898880004883,1697100,0.0,0.0
2026-03-30 00:00:00-04:00,29.40999984741211,29.420000076293945,28.739999771118164,28.889999389648438,28.223587036132812,1974300,0.0,0.0
2026-03-31 00:00:00-04:00,29.100000381469727,29.639999389648438,28.729999542236328,29.3700008392334,28.692516326904297,1869200,0.0,0.0
2026-04-01 00:00:00-04:00,29.479999542236328,29.579999923706055,29.100000381469727,29.309999465942383,28.63389778137207,1705900,0.0,0.0
2026-04-02 00:00:00-04:00,29.040000915527344,29.399999618530273,28.1299991607666,28.190000534057617,27.53973388671875,4321200,0.0,0.0
2026-04-06 00:00:00-04:00,28.190000534057617,29.0,28.1299991607666,28.979999542236328,28.31151008605957,2171000,0.0,0.0
2026-04-07 00:00:00-04:00,28.84000015258789,29.010000228881836,28.549999237060547,28.809999465942383,28.145431518554688,2378100,0.0,0.0
2026-04-08 00:00:00-04:00,29.770000457763672,29.979999542236328,29.3799991607666,29.510000228881836,28.829286575317383,2077400,0.0,0.0
2026-04-09 00:00:00-04:00,29.360000610351562,30.209999084472656,29.190000534057617,30.049999237060547,29.356828689575195,2234900,0.0,0.0
2026-04-10 00:00:00-04:00,30.190000534057617,30.40999984741211,29.899999618530273,30.3799991607666,29.679216384887695,1192900,0.0,0.0
2026-04-13 00:00:00-04:00,30.15999984741211,30.420000076293945,29.75,30.34000015258789,29.640138626098633,1752900,0.0,0.0
2026-04-14 00:00:00-04:00,30.200000762939453,30.520000457763672,30.049999237060547,30.309999465942383,29.61083221435547,2498900,0.0,0.0
2026-04-15 00:00:00-04:00,30.309999465942383,30.479999542236328,30.110000610351562,30.34000015258789,29.640138626098633,2540600,0.0,0.0
2026-04-16 00:00:00-04:00,30.18000030517578,30.690000534057617,30.18000030517578,30.540000915527344,29.835527420043945,1580300,0.0,0.0
2026-04-17 00:00:00-04:00,30.489999771118164,31.809999465942383,30.43000030517578,31.1200008392334,30.40214729309082,1959000,0.0,0.0
2026-04-20 00:00:00-04:00,30.969999313354492,31.15999984741211,30.6200008392334,30.889999389648438,30.177452087402344,2564500,0.0,0.0
2026-04-21 00:00:00-04:00,31.200000762939453,31.84000015258789,30.989999771118164,31.239999771118164,30.519378662109375,2580500,0.0,0.0
2026-04-22 00:00:00-04:00,31.420000076293945,31.540000915527344,31.06999969482422,31.389999389648438,30.665918350219727,2214300,0.0,0.0
2026-04-23 00:00:00-04:00,31.149999618530273,31.5,30.84000015258789,31.3700008392334,30.646381378173828,2109600,0.0,0.0
2026-04-24 00:00:00-04:00,31.3700008392334,31.829999923706055,31.049999237060547,31.600000381469727,30.871076583862305,2262000,0.0,0.0
2026-04-27 00:00:00-04:00,31.639999389648438,31.959999084472656,31.079999923706055,31.170000076293945,30.45099449157715,2285800,0.0,0.0
2026-04-28 00:00:00-04:00,31.479999542236328,31.540000915527344,30.969999313354492,31.110000610351562,30.392377853393555,1827800,0.0,0.0
2026-04-29 00:00:00-04:00,31.100000381469727,31.139999389648438,30.510000228881836,30.65999984741211,29.9527587890625,3623800,0.0,0.0
2026-04-30 00:00:00-04:00,31.56999969482422,32.52000045776367,30.809999465942383,31.579999923706055,30.851537704467773,4495100,0.0,0.0
2026-05-01 00:00:00-04:00,31.31999969482422,31.65999984741211,28.479999542236328,28.510000228881836,27.852354049682617,4367300,0.0,0.0
2026-05-04 00:00:00-04:00,28.5,28.520000457763672,27.229999542236328,27.75,27.109882354736328,4136900,0.0,0.0
2026-05-05 00:00:00-04:00,27.90999984741211,28.760000228881836,27.56999969482422,28.280000686645508,27.62765884399414,2676400,0.0,0.0
2026-05-06 00:00:00-04:00,28.6200008392334,29.31999969482422,28.530000686645508,28.770000457763672,28.10635757446289,3963500,0.0,0.0
2026-05-07 00:00:00-04:00,29.010000228881836,29.31999969482422,28.389999389648438,28.709999084472656,28.047739028930664,4760800,0.0,0.0
2026-05-08 00:00:00-04:00,28.850000381469727,29.469999313354492,28.6200008392334,28.889999389648438,28.223587036132812,2527000,0.0,0.0
2026-05-11 00:00:00-04:00,28.739999771118164,28.940000534057617,27.8700008392334,28.100000381469727,27.451810836791992,2954900,0.0,0.0
2026-05-12 00:00:00-04:00,28.1200008392334,28.260000228881836,26.81999969482422,26.850000381469727,26.23064422607422,4075900,0.0,0.0
2026-05-13 00:00:00-04:00,26.8700008392334,26.8700008392334,26.34000015258789,26.3700008392334,25.76171875,3616000,0.0,0.0
2026-05-14 00:00:00-04:00,26.65999984741211,26.829999923706055,25.989999771118164,26.010000228881836,25.41002082824707,2787400,0.0,0.0
2026-05-15 00:00:00-04:00,26.0,26.15999984741211,24.549999237060547,24.610000610351562,24.042316436767578,6913800,0.0,0.0
2026-05-18 00:00:00-04:00,24.809999465942383,25.280000686645508,24.309999465942383,24.790000915527344,24.218164443969727,4065000,0.0,0.0
2026-05-19 00:00:00-04:00,24.8700008392334,25.1200008392334,24.34000015258789,24.540000915527344,23.97393035888672,4957800,0.0,0.0
2026-05-20 00:00:00-04:00,24.520000457763672,25.8799991607666,23.979999542236328,25.860000610351562,25.26348114013672,4702100,0.0,0.0
2026-05-21 00:00:00-04:00,25.459999084472656,27.15999984741211,25.200000762939453,26.8799991607666,26.568166732788086,4006500,0.3,0.0
2026-05-22 00:00:00-04:00,27.040000915527344,27.219999313354492,26.709999084472656,27.149999618530273,26.83503532409668,2878700,0.0,0.0
2026-05-26 00:00:00-04:00,27.15999984741211,27.290000915527344,26.75,27.25,26.933876037597656,3307400,0.0,0.0
2026-05-27 00:00:00-04:00,27.479999542236328,27.920000076293945,27.219999313354492,27.440000534057617,27.121671676635742,2209700,0.0,0.0
2026-05-28 00:00:00-04:00,27.34000015258789,27.489999771118164,26.979999542236328,27.290000915527344,26.973411560058594,2105700,0.0,0.0
2026-05-29 00:00:00-04:00,27.270000457763672,27.469999313354492,27.020000457763672,27.1200008392334,26.805383682250977,2764200,0.0,0.0
2026-06-01 00:00:00-04:00,26.799999237060547,26.850000381469727,25.979999542236328,26.06999969482422,25.76756477355957,2403500,0.0,0.0
2026-06-02 00:00:00-04:00,26.209999084472656,26.270000457763672,25.639999389648438,25.649999618530273,25.352436065673828,2296100,0.0,0.0
2026-06-03 00:00:00-04:00,25.489999771118164,25.84000015258789,25.31999969482422,25.530000686645508,25.233829498291016,2009900,0.0,0.0
2026-06-04 00:00:00-04:00,25.799999237060547,26.030000686645508,25.059999465942383,25.260000228881836,24.966960906982422,2147600,0.0,0.0
2026-06-05 00:00:00-04:00,25.260000228881836,25.43000030517578,24.959999084472656,25.219999313354492,24.92742347717285,2101100,0.0,0.0
2026-06-08 00:00:00-04:00,25.0,25.399999618530273,24.719999313354492,25.059999465942383,24.7692813873291,3223300,0.0,0.0
2026-06-09 00:00:00-04:00,25.239999771118164,26.15999984741211,25.15999984741211,25.360000610351562,25.0658016204834,4715000,0.0,0.0
2026-06-10 00:00:00-04:00,25.350000381469727,25.809999465942383,25.020000457763672,25.469999313354492,25.174524307250977,3135500,0.0,0.0
2026-06-11 00:00:00-04:00,25.469999313354492,25.989999771118164,25.229999542236328,25.979999542236328,25.678607940673828,2725700,0.0,0.0
2026-06-12 00:00:00-04:00,26.040000915527344,26.40999984741211,25.81999969482422,26.200000762939453,25.89605712890625,1822300,0.0,0.0
2026-06-15 00:00:00-04:00,26.549999237060547,26.989999771118164,26.06999969482422,26.139999389648438,25.83675193786621,2508300,0.0,0.0
2026-06-16 00:00:00-04:00,26.1299991607666,26.559999465942383,26.100000381469727,26.239999771118164,25.935592651367188,1982100,0.0,0.0
2026-06-17 00:00:00-04:00,26.149999618530273,26.350000381469727,24.850000381469727,25.020000457763672,24.729745864868164,3129700,0.0,0.0
2026-06-18 00:00:00-04:00,24.940000534057617,26.309999465942383,24.940000534057617,25.799999237060547,25.500696182250977,5366900,0.0,0.0
2026-06-22 00:00:00-04:00,25.6299991607666,25.639999389648438,25.020000457763672,25.40999984741211,25.11522102355957,3518400,0.0,0.0
2026-06-23 00:00:00-04:00,25.190000534057617,25.809999465942383,25.15999984741211,25.729999542236328,25.431509017944336,2404500,0.0,0.0
2026-06-24 00:00:00-04:00,25.850000381469727,26.40999984741211,25.799999237060547,26.229999542236328,25.92570686340332,2364400,0.0,0.0
2026-06-25 00:00:00-04:00,26.290000915527344,27.079999923706055,26.290000915527344,26.75,26.43967628479004,2758800,0.0,0.0
2026-06-26 00:00:00-04:00,26.579999923706055,27.079999923706055,26.5,27.030000686645508,26.716428756713867,3409400,0.0,0.0
2026-06-29 00:00:00-04:00,26.93000030517578,26.950000762939453,25.829999923706055,26.1200008392334,25.816984176635742,2858400,0.0,0.0
2026-06-30 00:00:00-04:00,26.139999389648438,26.479999542236328,25.969999313354492,26.329999923706055,26.024547576904297,2781200,0.0,0.0
2026-07-01 00:00:00-04:00,26.3799991607666,26.719999313354492,26.139999389648438,26.149999618530273,25.846635818481445,1887300,0.0,0.0
2026-07-02 00:00:00-04:00,26.260000228881836,26.639999389648438,25.8799991607666,26.549999237060547,26.241994857788086,2743100,0.0,0.0
2026-07-06 00:00:00-04:00,26.239999771118164,26.5,25.6299991607666,25.989999771118164,25.688491821289062,2277400,0.0,0.0
2026-07-07 00:00:00-04:00,25.940000534057617,26.3700008392334,25.90999984741211,26.209999084472656,25.90593910217285,2813300,0.0,0.0
2026-07-08 00:00:00-04:00,26.1200008392334,26.290000915527344,25.049999237060547,25.139999389648438,24.848352432250977,2445500,0.0,0.0
2026-07-09 00:00:00-04:00,25.139999389648438,25.709999084472656,24.93000030517578,25.389999389648438,25.09545135498047,2280900,0.0,0.0
2026-07-10 00:00:00-04:00,25.670000076293945,25.8799991607666,25.3700008392334,25.3799991607666,25.085567474365234,1781500,0.0,0.0
2026-07-13 00:00:00-04:00,25.600000381469727,26.389999389648438,25.3799991607666,25.40999984741211,25.11522102355957,2812000,0.0,0.0
2026-07-14 00:00:00-04:00,25.43000030517578,25.690000534057617,24.690000534057617,24.860000610351562,24.57160186767578,2224200,0.0,0.0
2026-07-15 00:00:00-04:00,24.860000610351562,25.56999969482422,24.850000381469727,24.920000076293945,24.630905151367188,3052900,0.0,0.0
2026-07-16 00:00:00-04:00,24.920000076293945,26.06999969482422,24.920000076293945,26.010000228881836,25.70825958251953,3169100,0.0,0.0
2026-07-17 00:00:00-04:00,26.059999465942383,26.540000915527344,25.030000686645508,25.3799991607666,25.085567474365234,2850700,0.0,0.0
2026-07-20 00:00:00-04:00,25.420000076293945,25.469999313354492,24.729999542236328,25.040000915527344,24.749513626098633,2604300,0.0,0.0
2026-07-21 00:00:00-04:00,24.860000610351562,25.09000015258789,24.540000915527344,24.920000076293945,24.630905151367188,2204400,0.0,0.0
2026-07-22 00:00:00-04:00,25.229999542236328,25.540000915527344,25.110000610351562,25.190000534057617,24.89777374267578,1933100,0.0,0.0
2026-07-23 00:00:00-04:00,24.989999771118164,25.200000762939453,24.649999618530273,24.81999969482422,24.53206443786621,3868900,0.0,0.0
2026-07-24 00:00:00-04:00,25.100000381469727,25.920000076293945,24.959999084472656,25.81999969482422,25.520463943481445,1949400,0.0,0.0
2026-07-27 00:00:00-04:00,26.010000228881836,26.420000076293945,25.969999313354492,26.25,25.945476531982422,3108200,0.0,0.0
2026-07-28 00:00:00-04:00,26.75,27.280000686645508,26.530000686645508,26.559999465942383,26.25187873840332,2045800,0.0,0.0
2026-07-29 00:00:00-04:00,26.600000381469727,26.799999237060547,26.09000015258789,26.389999389648438,26.083850860595703,2726400,0.0,0.0
2026-07-30 00:00:00-04:00,22.670000076293945,22.969999313354492,21.170000076293945,22.600000381469727,22.337820053100586,9797800,0.0,0.0
2026-07-31 00:00:00-04:00,22.719999313354492,23.149999618530273,22.0,22.450000762939453,22.189559936523438,5269400,0.0,0.0
2026-08-03 00:00:00-04:00,22.780000686645508,23.610000610351562,22.780000686645508,23.350000381469727,23.079118728637695,5178600,0.0,0.0
2026-08-04 00:00:00-04:00,23.420000076293945,24.510000228881836,23.350000381469727,24.489999771118164,24.20589256286621,4859400,0.0,0.0
2026-08-05 00:00:00-04:00,24.290000915527344,24.520000457763672,23.940000534057617,24.110000610351562,23.830303192138672,2852100,0.0,0.0
2026-08-06 00:00:00-04:00,24.149999618530273,24.600000381469727,23.780000686645508,24.469999313354492,24.186124801635742,4455200,0.0,0.0
2026-08-07 00:00:00-04:00,24.239999771118164,24.989999771118164,24.239999771118164,24.860000610351562,24.57160186767578,3381000,0.0,0.0
2026-08-10 00:00:00-04:00,24.489999771118164,24.799999237060547,24.290000915527344,24.56999969482422,24.28496551513672,4015500,0.0,0.0
2026-08-11 00:00:00-04:00,24.56999969482422,25.1299991607666,24.469999313354492,24.700000762939453,24.4134578704834,2930900,0.0,0.0
2026-08-12 00:00:00-04:00,24.5,24.770000457763672,24.149999618530273,24.709999084472656,24.42333984375,2948700,0.0,0.0
2026-08-13 00:00:00-04:00,24.889999389648438,25.209999084472656,24.510000228881836,25.200000762939453,24.907657623291016,2043500,0.0,0.0
2026-08-14 00:00:00-04:00,25.200000762939453,25.6299991607666,25.09000015258789,25.420000076293945,25.125104904174805,2624300,0.0,0.0
2026-08-17 00:00:00-04:00,25.059999465942383,25.559999465942383,25.030000686645508,25.450000762939453,25.15475845336914,4258800,0.0,0.0
2026-08-18 00:00:00-04:00,25.559999465942383,25.579999923706055,25.06999969482422,25.149999618530273,24.85823631286621,4311500,0.0,0.0
2026-08-19 00:00:00-04:00,25.34000015258789,26.280000686645508,25.34000015258789,25.860000610351562,25.560001373291016,3148200,0.0,0.0
2026-08-20 00:00:00-04:00,25.290000915527344,26.110000610351562,25.030000686645508,25.979999542236328,25.979999542236328,4565800,0.3,0.0
2026-08-21 00:00:00-04:00,25.969999313354492,26.239999771118164,25.6299991607666,25.770000457763672,25.770000457763672,3311700,0.0,0.0
2026-08-24 00:00:00-04:00,25.760000228881836,25.829999923706055,25.440000534057617,25.739999771118164,25.739999771118164,2209700,0.0,0.0
2026-08-25 00:00:00-04:00,25.670000076293945,25.790000915527344,25.34000015258789,25.3700008392334,25.3700008392334,1897800,0.0,0.0
2026-08-26 00:00:00-04:00,25.34000015258789,25.780000686645508,25.209999084472656,25.75,25.75,2957000,0.0,0.0
2026-08-27 00:00:00-04:00,25.5,26.149999618530273,25.25,25.360000610351562,25.360000610351562,3105200,0.0,0.0
2026-08-28 00:00:00-04:00,25.5,25.739999771118164,25.010000228881836,25.530000686645508,25.530000686645508,3178200,0.0,0.0
2026-08-31 00:00:00-04:00,25.329999923706055,25.450000762939453,24.93000030517578,25.100000381469727,25.100000381469727,4618400,0.0,0.0
2026-09-01 00:00:00-04:00,24.950000762939453,25.139999389648438,24.459999084472656,24.709999084472656,24.709999084472656,2782000,0.0,0.0
2026-09-02 00:00:00-04:00,24.709999084472656,25.270000457763672,24.639999389648438,24.729999542236328,24.729999542236328,2120000,0.0,0.0
2026-09-03 00:00:00-04:00,24.729999542236328,25.299999237060547,24.450000762939453,25.25,25.25,2216800,0.0,0.0
2026-09-04 00:00:00-04:00,25.059999465942383,25.719999313354492,25.059999465942383,25.540000915527344,25.540000915527344,2296600,0.0,0.0
2026-09-08 00:00:00-04:00,25.450000762939453,25.520000457763672,24.59000015258789,24.899999618530273,24.899999618530273,3337800,0.0,0.0
2026-09-09 00:00:00-04:00,24.920000076293945,24.920000076293945,24.149999618530273,24.190000534057617,24.190000534057617,3543200,0.0,0.0
2026-09-10 00:00:00-04:00,24.200000762939453,24.31999969482422,23.59000015258789,23.6299991607666,23.6299991607666,2930700,0.0,0.0
2026-09-11 00:00:00-04:00,24.010000228881836,24.399999618530273,23.540000915527344,24.110000610351562,24.110000610351562,3113200,0.0,0.0
2026-09-14 00:00:00-04:00,24.09000015258789,24.270000457763672,23.719999313354492,23.75,23.75,4579100,0.0,0.0
2026-09-15 00:00:00-04:00,23.8700008392334,24.100000381469727,23.350000381469727,23.399999618530273,23.399999618530273,3910300,0.0,0.0
2026-09-16 00:00:00-04:00,23.399999618530273,23.68000030517578,22.979999542236328,23.0,23.0,3356400,0.0,0.0
2026-09-17 00:00:00-04:00,23.290000915527344,23.93000030517578,22.950000762939453,23.829999923706055,23.829999923706055,4616800,0.0,0.0
2026-09-18 00:00:00-04:00,23.670000076293945,23.709999084472656,23.219999313354492,23.299999237060547,23.299999237060547,5977500,0.0,0.0
2026-09-21 00:00:00-04:00,23.420000076293945,23.489999771118164,23.040000915527344,23.200000762939453,23.200000762939453,2771200,0.0,0.0
