Date,Open,High,Low,Close,Adj Close,Volume,Dividends,Stock Splits
2015-01-02 00:00:00-05:00,148.2899932861328,149.16000366210938,144.5399932861328,146.4600067138672,120.91691589355469,2042000,0.0,0.0
2015-01-05 00:00:00-05:00,145.4499969482422,146.47000122070312,142.4499969482422,143.3699951171875,118.36583709716797,5765000,0.0,0.0
2015-01-06 00:00:00-05:00,143.4600067138672,146.0,141.5800018310547,144.16000366210938,119.01807403564453,3121100,0.0,0.0
2015-01-07 00:00:00-05:00,145.0500030517578,148.8300018310547,144.8800048828125,148.72000122070312,122.78282928466797,2369900,0.0,0.0
2015-01-08 00:00:00-05:00,149.83999633789062,153.13999938964844,149.80999755859375,152.1699981689453,125.63107299804688,3466300,0.0,0.0
2015-01-09 00:00:00-05:00,152.4499969482422,153.63999938964844,151.8000030517578,152.74000549316406,126.1017074584961,1891200,0.0,0.0
2015-01-12 00:00:00-05:00,152.7899932861328,153.58999633789062,150.7899932861328,151.97000122070312,125.4659652709961,1588700,0.0,0.0
2015-01-13 00:00:00-05:00,153.02999877929688,154.97999572753906,150.9600067138672,152.0,125.49076843261719,1487900,0.0,0.0
2015-01-14 00:00:00-05:00,150.7100067138672,152.47000122070312,149.0500030517578,152.11000061035156,125.58158111572266,1401800,0.0,0.0
2015-01-15 00:00:00-05:00,152.60000610351562,153.55999755859375,151.1199951171875,152.30999755859375,125.74668884277344,1453800,0.0,0.0
2015-01-16 00:00:00-05:00,152.2100067138672,153.5,151.38999938964844,153.3300018310547,126.58875274658203,1166700,0.0,0.0
2015-01-20 00:00:00-05:00,154.6699981689453,154.99000549316406,151.27000427246094,153.72999572753906,126.9190902709961,1095700,0.0,0.0
2015-01-21 00:00:00-05:00,152.80999755859375,155.17999267578125,152.42999267578125,154.24000549316406,127.34010314941406,1456000,0.0,0.0
2015-01-22 00:00:00-05:00,155.0,157.22000122070312,154.00999450683594,156.5,129.20594787597656,1128700,0.0,0.0
2015-01-23 00:00:00-05:00,156.39999389648438,157.3000030517578,155.64999389648438,156.19000244140625,128.95005798339844,995300,0.0,0.0
2015-01-26 00:00:00-05:00,156.35000610351562,156.41000366210938,154.39999389648438,155.5399932861328,128.41339111328125,1089300,0.0,0.0
2015-01-27 00:00:00-05:00,153.8000030517578,154.8699951171875,152.5,152.94000244140625,126.2668228149414,1444900,0.0,0.0
2015-01-28 00:00:00-05:00,154.19000244140625,155.5,152.0399932861328,152.16000366210938,125.62287139892578,2019800,0.0,0.0
2015-01-29 00:00:00-05:00,153.7100067138672,158.14999389648438,153.7100067138672,157.92999267578125,130.3865203857422,2239500,0.0,0.0
2015-01-30 00:00:00-05:00,156.30999755859375,159.1999969482422,155.94000244140625,156.9499969482422,129.5774688720703,2361900,0.0,0.0
2015-02-02 00:00:00-05:00,157.2899932861328,159.61000061035156,154.69000244140625,159.19000244140625,131.4268341064453,1464600,0.0,0.0
2015-02-03 00:00:00-05:00,158.47999572753906,161.72000122070312,157.6999969482422,160.47999572753906,132.49179077148438,2038100,0.0,0.0
2015-02-04 00:00:00-05:00,160.19000244140625,163.24000549316406,160.02999877929688,161.83999633789062,133.6146240234375,1627800,0.0,0.0
2015-02-05 00:00:00-05:00,163.27000427246094,164.0,161.9199981689453,163.02999877929688,134.5970916748047,1092800,0.0,0.0
2015-02-06 00:00:00-05:00,164.22000122070312,164.22000122070312,161.74000549316406,162.24000549316406,133.94488525390625,1053700,0.0,0.0
2015-02-09 00:00:00-05:00,161.77999877929688,164.2899932861328,161.05999755859375,162.97000122070312,134.5475616455078,1665500,0.0,0.0
2015-02-10 00:00:00-05:00,164.7899932861328,165.0800018310547,163.41000366210938,164.88999938964844,136.1326904296875,1265700,0.0,0.0
2015-02-11 00:00:00-05:00,164.41000366210938,167.0,164.25999450683594,166.2899932861328,137.28854370117188,1753800,0.0,0.0
2015-02-12 00:00:00-05:00,167.3300018310547,168.00999450683594,166.4600067138672,167.2899932861328,138.11416625976562,1245200,0.0,0.0
2015-02-13 00:00:00-05:00,167.39999389648438,167.60000610351562,166.11000061035156,167.13999938964844,137.99029541015625,969200,0.0,0.0
2015-02-17 00:00:00-05:00,166.58999633789062,168.11000061035156,166.16000366210938,167.60000610351562,138.37010192871094,1055900,0.0,0.0
2015-02-18 00:00:00-05:00,166.0,167.69000244140625,165.64999389648438,167.67999267578125,138.4361114501953,1179600,0.0,0.0
2015-02-19 00:00:00-05:00,167.8000030517578,170.19000244140625,167.5,170.1300048828125,140.45884704589844,1045300,0.0,0.0
2015-02-20 00:00:00-05:00,169.6199951171875,172.3000030517578,169.47999572753906,172.1999969482422,142.1678009033203,1364200,0.0,0.0
2015-02-23 00:00:00-05:00,171.72000122070312,172.25999450683594,170.35000610351562,170.52000427246094,140.7808074951172,1197200,0.0,0.0
2015-02-24 00:00:00-05:00,169.82000732421875,170.8000030517578,169.00999450683594,170.19000244140625,140.50839233398438,1192400,0.0,0.0
2015-02-25 00:00:00-05:00,170.30999755859375,170.49000549316406,167.36000061035156,168.64999389648438,139.2369384765625,1346200,0.0,0.0
2015-02-26 00:00:00-05:00,167.42999267578125,168.44000244140625,165.77999877929688,166.30999755859375,137.87733459472656,1284400,0.7,0.0
2015-02-27 00:00:00-05:00,166.05999755859375,167.55999755859375,165.60000610351562,165.7100067138672,137.37991333007812,1264200,0.0,0.0
2015-03-02 00:00:00-05:00,165.61000061035156,167.72999572753906,165.47000122070312,167.10000610351562,138.5323486328125,2353100,0.0,0.0
2015-03-03 00:00:00-05:00,165.83999633789062,166.5500030517578,162.74000549316406,163.6300048828125,135.65548706054688,2191200,0.0,0.0
2015-03-04 00:00:00-05:00,163.2899932861328,164.1999969482422,162.44000244140625,163.92999267578125,135.90423583984375,1226100,0.0,0.0
2015-03-05 00:00:00-05:00,163.75999450683594,164.63999938964844,162.83999633789062,163.27999877929688,135.3653564453125,1074000,0.0,0.0
2015-03-06 00:00:00-05:00,162.3000030517578,162.3000030517578,159.61000061035156,160.41000366210938,132.9860076904297,1781600,0.0,0.0
2015-03-09 00:00:00-04:00,159.8699951171875,161.9499969482422,159.74000549316406,161.27000427246094,133.698974609375,1266100,0.0,0.0
2015-03-10 00:00:00-04:00,160.00999450683594,160.52999877929688,158.33999633789062,158.33999633789062,131.2698211669922,1362700,0.0,0.0
2015-03-11 00:00:00-04:00,159.05999755859375,159.74000549316406,157.9600067138672,158.02999877929688,131.0128936767578,1270600,0.0,0.0
2015-03-12 00:00:00-04:00,158.25999450683594,160.0399932861328,158.25999450683594,160.0,132.6460418701172,1488600,0.0,0.0
2015-03-13 00:00:00-04:00,159.38999938964844,160.8000030517578,156.32000732421875,157.55999755859375,130.62326049804688,1564100,0.0,0.0
2015-03-16 00:00:00-04:00,158.1999969482422,161.47999572753906,158.1999969482422,161.33999633789062,133.75701904296875,1326600,0.0,0.0
2015-03-17 00:00:00-04:00,160.07000732421875,161.4499969482422,160.07000732421875,161.16000366210938,133.6078338623047,1123100,0.0,0.0
2015-03-18 00:00:00-04:00,160.6300048828125,163.36000061035156,159.50999450683594,162.83999633789062,135.0005645751953,1621300,0.0,0.0
2015-03-19 00:00:00-04:00,162.75999450683594,163.80999755859375,161.72000122070312,162.52000427246094,134.7352752685547,1218700,0.0,0.0
2015-03-20 00:00:00-04:00,162.74000549316406,164.0800018310547,162.0800018310547,162.6199951171875,134.8181610107422,4394000,0.0,0.0
2015-03-23 00:00:00-04:00,163.00999450683594,164.0,162.58999633789062,162.72000122070312,134.90113830566406,1171600,0.0,0.0
2015-03-24 00:00:00-04:00,162.05999755859375,163.17999267578125,161.1999969482422,162.08999633789062,134.37876892089844,953500,0.0,0.0
2015-03-25 00:00:00-04:00,162.42999267578125,162.67999267578125,159.17999267578125,159.19000244140625,131.97459411621094,1190000,0.0,0.0
2015-03-26 00:00:00-04:00,158.05999755859375,159.9199981689453,157.11000061035156,159.30999755859375,132.0740203857422,1158400,0.0,0.0
2015-03-27 00:00:00-04:00,159.13999938964844,160.8699951171875,158.89999389648438,160.47999572753906,133.04400634765625,1436500,0.0,0.0
2015-03-30 00:00:00-04:00,161.14999389648438,163.57000732421875,160.7899932861328,162.67999267578125,134.8679656982422,1041700,0.0,0.0
2015-03-31 00:00:00-04:00,161.94000244140625,162.8699951171875,160.9600067138672,160.9600067138672,133.4420166015625,1175400,0.0,0.0
2015-04-01 00:00:00-04:00,160.08999633789062,161.2899932861328,158.11000061035156,160.5500030517578,133.10206604003906,1448800,0.0,0.0
2015-04-02 00:00:00-04:00,160.6699981689453,162.77999877929688,160.27999877929688,161.6300048828125,133.9974365234375,911600,0.0,0.0
2015-04-06 00:00:00-04:00,160.52000427246094,163.33999633789062,160.3699951171875,162.75999450683594,134.9342041015625,1261300,0.0,0.0
2015-04-07 00:00:00-04:00,162.6999969482422,164.6300048828125,162.61000061035156,162.91000366210938,135.05862426757812,961900,0.0,0.0
2015-04-08 00:00:00-04:00,162.32000732421875,164.8800048828125,162.0800018310547,164.2100067138672,136.13636779785156,1021600,0.0,0.0
2015-04-09 00:00:00-04:00,163.75999450683594,165.2100067138672,163.0800018310547,164.57000732421875,136.43484497070312,742400,0.0,0.0
2015-04-10 00:00:00-04:00,164.75,165.9499969482422,164.1300048828125,165.35000610351562,137.08143615722656,630600,0.0,0.0
2015-04-13 00:00:00-04:00,165.0,165.92999267578125,163.55999755859375,163.5800018310547,135.61404418945312,948900,0.0,0.0
2015-04-14 00:00:00-04:00,163.42999267578125,164.3699951171875,162.1699981689453,163.24000549316406,135.33218383789062,695500,0.0,0.0
2015-04-15 00:00:00-04:00,163.83999633789062,164.42999267578125,162.89999389648438,163.24000549316406,135.33218383789062,642000,0.0,0.0
2015-04-16 00:00:00-04:00,162.74000549316406,164.19000244140625,161.85000610351562,163.3800048828125,135.44825744628906,913600,0.0,0.0
2015-04-17 00:00:00-04:00,162.1999969482422,162.2899932861328,159.6999969482422,160.16000366210938,132.77877807617188,1126100,0.0,0.0
2015-04-20 00:00:00-04:00,161.17999267578125,163.22999572753906,160.88999938964844,162.69000244140625,134.87623596191406,845600,0.0,0.0
2015-04-21 00:00:00-04:00,163.72000122070312,163.83999633789062,162.08999633789062,162.49000549316406,134.7104034423828,986200,0.0,0.0
2015-04-22 00:00:00-04:00,162.3699951171875,162.52999877929688,160.64999389648438,162.0800018310547,134.37049865722656,771900,0.0,0.0
2015-04-23 00:00:00-04:00,161.5399932861328,163.94000244140625,161.14999389648438,162.8300018310547,134.99229431152344,866700,0.0,0.0
2015-04-24 00:00:00-04:00,162.5,162.6999969482422,161.25999450683594,161.77999877929688,134.1217803955078,628600,0.0,0.0
2015-04-27 00:00:00-04:00,162.0500030517578,162.92999267578125,160.02999877929688,160.1300048828125,132.75390625,1231500,0.0,0.0
2015-04-28 00:00:00-04:00,160.00999450683594,160.9499969482422,158.91000366210938,160.50999450683594,133.0689239501953,1132300,0.0,0.0
2015-04-29 00:00:00-04:00,162.0500030517578,163.3800048828125,158.35000610351562,159.13999938964844,131.93312072753906,1397300,0.0,0.0
2015-04-30 00:00:00-04:00,158.17999267578125,158.83999633789062,152.77999877929688,154.0399932861328,127.70504760742188,2465400,0.0,0.0
2015-05-01 00:00:00-04:00,154.8699951171875,156.05999755859375,154.2899932861328,156.00999450683594,129.3382568359375,1136500,0.0,0.0
2015-05-04 00:00:00-04:00,156.17999267578125,157.42999267578125,155.52999877929688,155.8300018310547,129.1890106201172,1028800,0.0,0.0
2015-05-05 00:00:00-04:00,155.67999267578125,156.49000549316406,152.69000244140625,153.27999877929688,127.07496643066406,1244400,0.0,0.0
2015-05-06 00:00:00-04:00,154.0,154.67999267578125,152.44000244140625,153.3000030517578,127.0915756225586,1262300,0.0,0.0
2015-05-07 00:00:00-04:00,153.3000030517578,154.13999938964844,152.6999969482422,153.4600067138672,127.22423553466797,1075100,0.0,0.0
2015-05-08 00:00:00-04:00,155.0,156.5500030517578,154.75999450683594,156.30999755859375,129.58694458007812,934200,0.0,0.0
2015-05-11 00:00:00-04:00,156.25,157.52000427246094,156.00999450683594,156.35000610351562,129.62010192871094,746200,0.0,0.0
2015-05-12 00:00:00-04:00,155.9499969482422,156.0,154.69000244140625,155.44000244140625,128.86570739746094,947700,0.0,0.0
2015-05-13 00:00:00-04:00,155.3800048828125,156.1699981689453,155.11000061035156,155.22000122070312,128.68328857421875,822400,0.0,0.0
2015-05-14 00:00:00-04:00,156.58999633789062,157.8800048828125,156.0500030517578,157.6699981689453,130.71444702148438,917100,0.0,0.0
2015-05-15 00:00:00-04:00,157.7100067138672,158.8699951171875,157.3300018310547,158.00999450683594,130.996337890625,667600,0.0,0.0
2015-05-18 00:00:00-04:00,157.91000366210938,158.64999389648438,157.49000549316406,158.02000427246094,131.00457763671875,704800,0.0,0.0
2015-05-19 00:00:00-04:00,158.0,159.44000244140625,157.6199951171875,158.92999267578125,131.759033203125,954800,0.0,0.0
2015-05-20 00:00:00-04:00,159.42999267578125,160.36000061035156,158.5,159.6199951171875,132.33103942871094,1093900,0.0,0.0
2015-05-21 00:00:00-04:00,160.25,161.7899932861328,160.0399932861328,161.17999267578125,133.62440490722656,1079900,0.0,0.0
2015-05-22 00:00:00-04:00,160.72999572753906,161.0500030517578,159.5800018310547,160.0,132.6460418701172,956700,0.0,0.0
2015-05-26 00:00:00-04:00,159.9199981689453,159.9199981689453,158.0500030517578,158.47000122070312,131.37767028808594,861400,0.0,0.0
2015-05-27 00:00:00-04:00,159.3699951171875,159.64999389648438,158.08999633789062,159.32000732421875,132.08236694335938,865500,0.0,0.0
2015-05-28 00:00:00-04:00,158.0,160.5800018310547,157.66000366210938,160.47999572753906,133.71548461914062,1256100,0.8,0.0
2015-05-29 00:00:00-04:00,159.89999389648438,160.74000549316406,158.27000427246094,159.17999267578125,132.6322479248047,1909200,0.0,0.0
2015-06-01 00:00:00-04:00,159.08999633789062,160.77999877929688,158.3000030517578,159.94000244140625,133.2655029296875,1329700,0.0,0.0
2015-06-02 00:00:00-04:00,159.2100067138672,161.25,157.44000244140625,160.35000610351562,133.60714721679688,1258600,0.0,0.0
2015-06-03 00:00:00-04:00,160.57000732421875,161.44000244140625,159.8300018310547,160.25999450683594,133.5321807861328,1189100,0.0,0.0
2015-06-04 00:00:00-04:00,158.8699951171875,160.35000610351562,157.8000030517578,158.1199951171875,131.74903869628906,947800,0.0,0.0
2015-06-05 00:00:00-04:00,157.47000122070312,157.77999877929688,156.50999450683594,157.2899932861328,131.05747985839844,928700,0.0,0.0
2015-06-08 00:00:00-04:00,157.02999877929688,157.64999389648438,156.49000549316406,156.66000366210938,130.5325469970703,942700,0.0,0.0
2015-06-09 00:00:00-04:00,156.94000244140625,157.77999877929688,156.17999267578125,157.22000122070312,130.9992218017578,938000,0.0,0.0
2015-06-10 00:00:00-04:00,157.83999633789062,159.11000061035156,156.44000244140625,158.55999755859375,132.11570739746094,1271400,0.0,0.0
2015-06-11 00:00:00-04:00,158.82000732421875,161.0500030517578,158.77000427246094,160.77000427246094,133.9571075439453,923900,0.0,0.0
2015-06-12 00:00:00-04:00,159.61000061035156,161.36000061035156,159.10000610351562,161.05999755859375,134.19874572753906,1027400,0.0,0.0
2015-06-15 00:00:00-04:00,159.6699981689453,160.5500030517578,159.0,159.9600067138672,133.28221130371094,924100,0.0,0.0
2015-06-16 00:00:00-04:00,159.0399932861328,163.5,159.0399932861328,161.49000549316406,134.55702209472656,871700,0.0,0.0
2015-06-17 00:00:00-04:00,162.0,163.3800048828125,161.1199951171875,162.8699951171875,135.70687866210938,831400,0.0,0.0
2015-06-18 00:00:00-04:00,163.27999877929688,165.9199981689453,163.22000122070312,165.16000366210938,137.61492919921875,1150100,0.0,0.0
2015-06-19 00:00:00-04:00,164.5,165.97000122070312,164.5,165.0500030517578,137.52325439453125,1943500,0.0,0.0
2015-06-22 00:00:00-04:00,165.7899932861328,166.5500030517578,165.35000610351562,165.47000122070312,137.87327575683594,960400,0.0,0.0
2015-06-23 00:00:00-04:00,165.66000366210938,166.2100067138672,163.72999572753906,164.3699951171875,136.9567108154297,1249800,0.0,0.0
2015-06-24 00:00:00-04:00,164.24000549316406,164.67999267578125,162.88999938964844,163.2100067138672,135.99014282226562,869100,0.0,0.0
2015-06-25 00:00:00-04:00,163.6199951171875,164.10000610351562,162.00999450683594,162.1300048828125,135.0902862548828,891000,0.0,0.0
2015-06-26 00:00:00-04:00,162.4199981689453,162.83999633789062,161.4499969482422,161.77000427246094,134.7903289794922,2037500,0.0,0.0
2015-06-29 00:00:00-04:00,160.8000030517578,161.5800018310547,158.63999938964844,158.67999267578125,132.21568298339844,1055400,0.0,0.0
2015-06-30 00:00:00-04:00,159.99000549316406,160.24000549316406,158.16000366210938,158.6300048828125,132.17401123046875,900600,0.0,0.0
2015-07-01 00:00:00-04:00,159.63999938964844,160.50999450683594,159.0399932861328,160.10000610351562,133.39883422851562,734400,0.0,0.0
2015-07-02 00:00:00-04:00,160.66000366210938,161.22999572753906,158.4199981689453,159.5,132.89889526367188,975900,0.0,0.0
2015-07-06 00:00:00-04:00,158.35000610351562,159.58999633789062,158.10000610351562,159.25,132.69061279296875,967300,0.0,0.0
2015-07-07 00:00:00-04:00,159.8300018310547,161.50999450683594,158.1300048828125,161.38999938964844,134.47369384765625,986300,0.0,0.0
2015-07-08 00:00:00-04:00,160.22000122070312,161.75,160.17999267578125,160.66000366210938,133.86550903320312,888500,0.0,0.0
2015-07-09 00:00:00-04:00,163.00999450683594,164.0,162.5500030517578,162.69000244140625,135.55691528320312,1228800,0.0,0.0
2015-07-10 00:00:00-04:00,164.3000030517578,165.9499969482422,163.67999267578125,165.3699951171875,137.78988647460938,1167100,0.0,0.0
2015-07-13 00:00:00-04:00,167.02000427246094,167.6199951171875,166.0,167.3000030517578,139.3980255126953,942900,0.0,0.0
2015-07-14 00:00:00-04:00,167.16000366210938,168.82000732421875,167.0399932861328,168.49000549316406,140.3895721435547,1169800,0.0,0.0
2015-07-15 00:00:00-04:00,168.2100067138672,169.0500030517578,167.74000549316406,168.58999633789062,140.472900390625,991000,0.0,0.0
2015-07-16 00:00:00-04:00,169.32000732421875,170.07000732421875,168.47000122070312,169.86000061035156,141.53111267089844,876600,0.0,0.0
2015-07-17 00:00:00-04:00,169.2100067138672,169.97000122070312,168.30999755859375,168.99000549316406,140.8062286376953,792100,0.0,0.0
2015-07-20 00:00:00-04:00,169.5399932861328,170.35000610351562,168.97999572753906,169.8300018310547,141.506103515625,877700,0.0,0.0
2015-07-21 00:00:00-04:00,169.11000061035156,169.47000122070312,165.97999572753906,166.77000427246094,138.9564666748047,833800,0.0,0.0
2015-07-22 00:00:00-04:00,166.75,167.24000549316406,165.75,166.27999877929688,138.54812622070312,905400,0.0,0.0
2015-07-23 00:00:00-04:00,166.61000061035156,167.58999633789062,165.13999938964844,165.5,137.89820861816406,1222600,0.0,0.0
2015-07-24 00:00:00-04:00,165.58999633789062,165.97999572753906,164.19000244140625,164.8000030517578,137.3149871826172,665500,0.0,0.0
2015-07-27 00:00:00-04:00,163.9199981689453,164.25,162.16000366210938,162.55999755859375,135.44857788085938,970500,0.0,0.0
2015-07-28 00:00:00-04:00,163.41000366210938,164.5800018310547,162.0,163.33999633789062,136.09844970703125,1584000,0.0,0.0
2015-07-29 00:00:00-04:00,170.60000610351562,176.5,167.17999267578125,173.44000244140625,144.51402282714844,3107200,0.0,0.0
2015-07-30 00:00:00-04:00,172.86000061035156,176.02000427246094,172.36000061035156,175.41000366210938,146.15548706054688,1656800,0.0,0.0
2015-07-31 00:00:00-04:00,175.85000610351562,175.85000610351562,172.72999572753906,173.00999450683594,144.15576171875,1742300,0.0,0.0
2015-08-03 00:00:00-04:00,172.85000610351562,173.36000061035156,170.6699981689453,172.16000366210938,143.44752502441406,1346300,0.0,0.0
2015-08-04 00:00:00-04:00,172.60000610351562,173.2100067138672,171.5800018310547,172.1199951171875,143.4141387939453,1392300,0.0,0.0
2015-08-05 00:00:00-04:00,173.0500030517578,174.52000427246094,172.91000366210938,173.67999267578125,144.71397399902344,1120900,0.0,0.0
2015-08-06 00:00:00-04:00,173.94000244140625,174.11000061035156,171.6999969482422,172.8699951171875,144.03909301757812,875200,0.0,0.0
2015-08-07 00:00:00-04:00,172.72000122070312,173.32000732421875,171.02999877929688,172.64999389648438,143.85577392578125,872300,0.0,0.0
2015-08-10 00:00:00-04:00,174.13999938964844,175.83999633789062,173.74000549316406,175.25,146.02210998535156,828300,0.0,0.0
2015-08-11 00:00:00-04:00,173.27000427246094,173.6999969482422,172.1699981689453,173.27000427246094,144.37237548828125,767200,0.0,0.0
2015-08-12 00:00:00-04:00,171.97999572753906,172.3000030517578,169.61000061035156,171.55999755859375,142.9475555419922,1152800,0.0,0.0
2015-08-13 00:00:00-04:00,172.08999633789062,173.6199951171875,172.0,172.86000061035156,144.03074645996094,626000,0.0,0.0
2015-08-14 00:00:00-04:00,173.02999877929688,174.35000610351562,172.25999450683594,174.17999267578125,145.13055419921875,718200,0.0,0.0
2015-08-17 00:00:00-04:00,173.60000610351562,174.8699951171875,172.35000610351562,174.7100067138672,145.57225036621094,685700,0.0,0.0
2015-08-18 00:00:00-04:00,174.42999267578125,175.77999877929688,174.33999633789062,175.5,146.23048400878906,727100,0.0,0.0
2015-08-19 00:00:00-04:00,174.9499969482422,176.8300018310547,173.60000610351562,175.6199951171875,146.3304443359375,1024400,0.0,0.0
2015-08-20 00:00:00-04:00,173.9499969482422,174.5500030517578,172.58999633789062,172.58999633789062,143.8058319091797,1118800,0.0,0.0
2015-08-21 00:00:00-04:00,171.17999267578125,171.74000549316406,165.2100067138672,165.35000610351562,137.7732391357422,1985300,0.0,0.0
2015-08-24 00:00:00-04:00,152.30999755859375,165.91000366210938,152.30999755859375,160.02000427246094,133.3321990966797,2293900,0.0,0.0
2015-08-25 00:00:00-04:00,163.66000366210938,164.3300018310547,159.07000732421875,159.69000244140625,133.05723571777344,1760800,0.0,0.0
2015-08-26 00:00:00-04:00,162.8000030517578,164.74000549316406,159.13999938964844,164.47999572753906,137.04844665527344,1479700,0.0,0.0
2015-08-27 00:00:00-04:00,165.25999450683594,167.9499969482422,163.77000427246094,167.0800018310547,139.89515686035156,1168700,0.8,0.0
2015-08-28 00:00:00-04:00,166.5800018310547,167.42999267578125,164.49000549316406,165.5399932861328,138.60574340820312,979200,0.0,0.0
2015-08-31 00:00:00-04:00,165.5,165.8300018310547,163.60000610351562,163.74000549316406,137.0986328125,974800,0.0,0.0
2015-09-01 00:00:00-04:00,160.75,161.69000244140625,158.83999633789062,159.3699951171875,133.43963623046875,1611100,0.0,0.0
2015-09-02 00:00:00-04:00,160.9499969482422,164.6300048828125,160.47000122070312,164.61000061035156,137.8270263671875,1081300,0.0,0.0
2015-09-03 00:00:00-04:00,164.9499969482422,166.91000366210938,164.3300018310547,164.64999389648438,137.8605194091797,1055200,0.0,0.0
2015-09-04 00:00:00-04:00,162.92999267578125,163.25,161.0500030517578,162.3000030517578,135.89291381835938,1197900,0.0,0.0
2015-09-08 00:00:00-04:00,164.88999938964844,168.3000030517578,164.52000427246094,168.00999450683594,140.673828125,1721700,0.0,0.0
2015-09-09 00:00:00-04:00,169.89999389648438,170.1699981689453,165.91000366210938,166.25999450683594,139.20858764648438,761800,0.0,0.0
2015-09-10 00:00:00-04:00,165.32000732421875,166.83999633789062,164.9600067138672,165.6999969482422,138.7397003173828,1045500,0.0,0.0
2015-09-11 00:00:00-04:00,165.27000427246094,168.5800018310547,164.83999633789062,168.52000427246094,141.100830078125,927100,0.0,0.0
2015-09-14 00:00:00-04:00,168.4199981689453,168.8300018310547,167.1199951171875,167.8300018310547,140.52313232421875,871700,0.0,0.0
2015-09-15 00:00:00-04:00,168.22999572753906,170.97000122070312,167.3699951171875,170.3300018310547,142.6163787841797,1023600,0.0,0.0
2015-09-16 00:00:00-04:00,171.77000427246094,171.89999389648438,169.72000122070312,170.9600067138672,143.14390563964844,928900,0.0,0.0
2015-09-17 00:00:00-04:00,171.74000549316406,173.49000549316406,170.3300018310547,170.72000122070312,142.94290161132812,1196300,0.0,0.0
2015-09-18 00:00:00-04:00,168.4499969482422,170.8000030517578,167.9600067138672,168.97999572753906,141.4860382080078,2347600,0.0,0.0
2015-09-21 00:00:00-04:00,169.2899932861328,171.52999877929688,169.1699981689453,170.2100067138672,142.5159149169922,986000,0.0,0.0
2015-09-22 00:00:00-04:00,167.36000061035156,168.42999267578125,166.5399932861328,167.6300048828125,140.3556365966797,887100,0.0,0.0
2015-09-23 00:00:00-04:00,167.9199981689453,168.33999633789062,166.0399932861328,167.4199981689453,140.1798095703125,844800,0.0,0.0
2015-09-24 00:00:00-04:00,165.9199981689453,167.5399932861328,163.6999969482422,166.77999877929688,139.64405822753906,1102600,0.0,0.0
2015-09-25 00:00:00-04:00,167.80999755859375,168.60000610351562,164.83999633789062,165.57000732421875,138.63084411621094,952900,0.0,0.0
2015-09-28 00:00:00-04:00,164.3699951171875,165.52999877929688,162.5,162.64999389648438,136.18589782714844,1063900,0.0,0.0
2015-09-29 00:00:00-04:00,162.64999389648438,163.89999389648438,161.80999755859375,163.5500030517578,136.93946838378906,784000,0.0,0.0
2015-09-30 00:00:00-04:00,165.14999389648438,167.25999450683594,164.47999572753906,165.9499969482422,138.94900512695312,1248500,0.0,0.0
2015-10-01 00:00:00-04:00,166.0,166.39999389648438,162.67999267578125,165.72000122070312,138.75637817382812,1413700,0.0,0.0
2015-10-02 00:00:00-04:00,163.97000122070312,167.60000610351562,163.1999969482422,167.52999877929688,140.27191162109375,1104100,0.0,0.0
2015-10-05 00:00:00-04:00,169.1999969482422,171.25999450683594,168.3300018310547,170.3800048828125,142.6582489013672,1218400,0.0,0.0
2015-10-06 00:00:00-04:00,170.35000610351562,171.39999389648438,168.25999450683594,168.41000366210938,141.00877380371094,1091700,0.0,0.0
2015-10-07 00:00:00-04:00,169.57000732421875,171.3699951171875,168.80999755859375,171.1999969482422,143.34478759765625,1106100,0.0,0.0
2015-10-08 00:00:00-04:00,170.2100067138672,173.8000030517578,169.24000549316406,173.75,145.47994995117188,1139200,0.0,0.0
2015-10-09 00:00:00-04:00,173.63999938964844,176.8300018310547,173.1699981689453,175.75,147.15451049804688,1485400,0.0,0.0
2015-10-12 00:00:00-04:00,176.66000366210938,177.77999877929688,175.38999938964844,177.19000244140625,148.36029052734375,1325200,0.0,0.0
2015-10-13 00:00:00-04:00,176.6999969482422,177.9199981689453,176.22999572753906,177.0,148.20111083984375,1015800,0.0,0.0
2015-10-14 00:00:00-04:00,176.80999755859375,176.92999267578125,173.50999450683594,173.8000030517578,145.5217742919922,708900,0.0,0.0
2015-10-15 00:00:00-04:00,174.52000427246094,174.74000549316406,172.39999389648438,174.05999755859375,145.73947143554688,1115500,0.0,0.0
2015-10-16 00:00:00-04:00,174.9499969482422,175.44000244140625,173.6199951171875,174.8800048828125,146.426025390625,1156100,0.0,0.0
2015-10-19 00:00:00-04:00,174.05999755859375,174.6300048828125,172.8699951171875,174.5800018310547,146.1748504638672,602600,0.0,0.0
2015-10-20 00:00:00-04:00,173.69000244140625,175.33999633789062,173.19000244140625,174.4499969482422,146.06602478027344,805000,0.0,0.0
2015-10-21 00:00:00-04:00,175.69000244140625,176.0500030517578,173.8699951171875,174.1300048828125,145.79806518554688,762400,0.0,0.0
2015-10-22 00:00:00-04:00,175.0500030517578,180.35000610351562,174.22999572753906,179.5,150.2943878173828,1286400,0.0,0.0
2015-10-23 00:00:00-04:00,180.1199951171875,181.0,178.6199951171875,179.8300018310547,150.57064819335938,920400,0.0,0.0
2015-10-26 00:00:00-04:00,180.0399932861328,180.99000549316406,178.97999572753906,180.2899932861328,150.955810546875,1290200,0.0,0.0
2015-10-27 00:00:00-04:00,179.5800018310547,181.88999938964844,179.5800018310547,180.60000610351562,151.21536254882812,1885800,0.0,0.0
2015-10-28 00:00:00-04:00,191.02000427246094,193.99000549316406,188.75,190.5,159.50457763671875,4034200,0.0,0.0
2015-10-29 00:00:00-04:00,188.6699981689453,192.25,188.5,190.07000732421875,159.14450073242188,1926900,0.0,0.0
2015-10-30 00:00:00-04:00,190.80999755859375,190.88999938964844,187.75,187.75,157.20204162597656,1373800,0.0,0.0
2015-11-02 00:00:00-05:00,188.47999572753906,189.8300018310547,188.00999450683594,189.5399932861328,158.70077514648438,1110800,0.0,0.0
2015-11-03 00:00:00-05:00,189.11000061035156,189.32000732421875,186.52000427246094,186.63999938964844,156.27264404296875,941400,0.0,0.0
2015-11-04 00:00:00-05:00,187.2899932861328,188.4499969482422,185.41000366210938,186.1699981689453,155.87913513183594,1088700,0.0,0.0
2015-11-05 00:00:00-05:00,186.4199981689453,187.5,185.47000122070312,186.4199981689453,156.0884246826172,703300,0.0,0.0
2015-11-06 00:00:00-05:00,186.02000427246094,186.41000366210938,183.1199951171875,184.00999450683594,154.0706024169922,1421500,0.0,0.0
2015-11-09 00:00:00-05:00,183.3699951171875,184.1999969482422,181.10000610351562,181.66000366210938,152.1029052734375,1105700,0.0,0.0
2015-11-10 00:00:00-05:00,181.0399932861328,182.5800018310547,180.02000427246094,181.49000549316406,151.9605255126953,928100,0.0,0.0
2015-11-11 00:00:00-05:00,181.69000244140625,182.88999938964844,181.39999389648438,181.6999969482422,152.13641357421875,855900,0.0,0.0
2015-11-12 00:00:00-05:00,181.2899932861328,182.14999389648438,179.89999389648438,180.30999755859375,150.9725799560547,929100,0.0,0.0
2015-11-13 00:00:00-05:00,179.47000122070312,181.3800048828125,178.60000610351562,178.82000732421875,149.7249755859375,960100,0.0,0.0
2015-11-16 00:00:00-05:00,179.89999389648438,186.72999572753906,179.39999389648438,186.61000061035156,156.24754333496094,1780200,0.0,0.0
2015-11-17 00:00:00-05:00,188.0,188.0,185.11000061035156,186.13999938964844,155.85398864746094,1325500,0.0,0.0
2015-11-18 00:00:00-05:00,186.4499969482422,188.47999572753906,186.27999877929688,188.13999938964844,157.5286102294922,845100,0.0,0.0
2015-11-19 00:00:00-05:00,188.9199981689453,189.44000244140625,187.17999267578125,188.25999450683594,157.6290283203125,1030200,0.0,0.0
2015-11-20 00:00:00-05:00,189.36000061035156,190.14999389648438,188.83999633789062,189.47999572753906,158.6505584716797,1243100,0.0,0.0
2015-11-23 00:00:00-05:00,189.5,190.0,187.77000427246094,187.8300018310547,157.26898193359375,889200,0.0,0.0
2015-11-24 00:00:00-05:00,186.8000030517578,188.61000061035156,186.17999267578125,188.0,157.41134643554688,1025800,0.0,0.0
2015-11-25 00:00:00-05:00,187.75999450683594,188.9499969482422,186.9600067138672,187.77000427246094,157.89065551757812,886900,0.8,0.0
2015-11-27 00:00:00-05:00,188.07000732421875,188.9499969482422,186.5800018310547,188.41000366210938,158.42881774902344,456300,0.0,0.0
2015-11-30 00:00:00-05:00,188.9199981689453,188.92999267578125,185.9499969482422,186.36000061035156,156.70504760742188,1534300,0.0,0.0
2015-12-01 00:00:00-05:00,187.08999633789062,189.3699951171875,186.60000610351562,187.30999755859375,157.50381469726562,1035900,0.0,0.0
2015-12-02 00:00:00-05:00,186.9199981689453,187.82000732421875,185.4199981689453,185.69000244140625,156.14166259765625,750100,0.0,0.0
2015-12-03 00:00:00-05:00,185.97000122070312,186.3800048828125,182.00999450683594,183.05999755859375,153.9301300048828,1186600,0.0,0.0
2015-12-04 00:00:00-05:00,183.47999572753906,188.1999969482422,183.38999938964844,187.9499969482422,158.04200744628906,891900,0.0,0.0
2015-12-07 00:00:00-05:00,187.97000122070312,188.44000244140625,186.77000427246094,187.99000549316406,158.07565307617188,707700,0.0,0.0
2015-12-08 00:00:00-05:00,186.55999755859375,188.9199981689453,185.9600067138672,188.0,158.08399963378906,1213900,0.0,0.0
2015-12-09 00:00:00-05:00,187.16000366210938,188.57000732421875,185.0800018310547,186.5500030517578,156.86476135253906,1386000,0.0,0.0
2015-12-10 00:00:00-05:00,186.72999572753906,188.24000549316406,186.67999267578125,187.4600067138672,157.62998962402344,1568700,0.0,0.0
2015-12-11 00:00:00-05:00,185.60000610351562,187.11000061035156,185.05999755859375,186.02000427246094,156.41912841796875,1594200,0.0,0.0
2015-12-14 00:00:00-05:00,186.6199951171875,188.5,185.24000549316406,187.07000732421875,157.30203247070312,1257600,0.0,0.0
2015-12-15 00:00:00-05:00,188.02999877929688,189.75,187.61000061035156,187.83999633789062,157.94949340820312,1935600,0.0,0.0
2015-12-16 00:00:00-05:00,189.7899932861328,191.0,187.30999755859375,189.75,159.55560302734375,1423400,0.0,0.0
2015-12-17 00:00:00-05:00,189.91000366210938,190.5,188.2899932861328,188.30999755859375,158.34471130371094,2444700,0.0,0.0
2015-12-18 00:00:00-05:00,187.50999450683594,187.50999450683594,184.41000366210938,184.86000061035156,155.44371032714844,2908000,0.0,0.0
2015-12-21 00:00:00-05:00,186.0,189.07000732421875,185.5,189.00999450683594,158.9333038330078,1368100,0.0,0.0
2015-12-22 00:00:00-05:00,189.9199981689453,190.6699981689453,187.6999969482422,189.3699951171875,159.23605346679688,876600,0.0,0.0
2015-12-23 00:00:00-05:00,190.41000366210938,190.41000366210938,189.36000061035156,190.0,159.76576232910156,490400,0.0,0.0
2015-12-24 00:00:00-05:00,189.39999389648438,190.97999572753906,189.27000427246094,190.11000061035156,159.8583526611328,230200,0.0,0.0
2015-12-28 00:00:00-05:00,189.94000244140625,190.27999877929688,188.63999938964844,189.97999572753906,159.74896240234375,419100,0.0,0.0
2015-12-29 00:00:00-05:00,190.82000732421875,191.82000732421875,190.55999755859375,191.47999572753906,161.01028442382812,616000,0.0,0.0
2015-12-30 00:00:00-05:00,191.39999389648438,191.8699951171875,189.80999755859375,190.0800018310547,159.8330841064453,470700,0.0,0.0
2015-12-31 00:00:00-05:00,189.4600067138672,190.64999389648438,187.5500030517578,188.80999755859375,158.76516723632812,550600,0.0,0.0
2016-01-04 00:00:00-05:00,185.97999572753906,187.60000610351562,185.30999755859375,187.50999450683594,157.67202758789062,1476100,0.0,0.0
2016-01-05 00:00:00-05:00,187.85000610351562,192.86000061035156,187.85000610351562,192.38999938964844,161.7755584716797,2302200,0.0,0.0
2016-01-06 00:00:00-05:00,190.16000366210938,193.1999969482422,190.0,190.47000122070312,160.1610107421875,1879700,0.0,0.0
2016-01-07 00:00:00-05:00,187.89999389648438,189.67999267578125,186.00999450683594,188.11000061035156,158.1765594482422,2136100,0.0,0.0
2016-01-08 00:00:00-05:00,188.7899932861328,189.74000549316406,185.89999389648438,186.07000732421875,156.4611358642578,1503300,0.0,0.0
2016-01-11 00:00:00-05:00,187.47999572753906,188.7100067138672,185.50999450683594,188.11000061035156,158.1765594482422,1773800,0.0,0.0
2016-01-12 00:00:00-05:00,189.05999755859375,189.47000122070312,187.52999877929688,188.9199981689453,158.857666015625,1010400,0.0,0.0
2016-01-13 00:00:00-05:00,189.0,189.44000244140625,184.57000732421875,184.86000061035156,155.44371032714844,1099200,0.0,0.0
2016-01-14 00:00:00-05:00,184.86000061035156,186.50999450683594,182.8699951171875,185.5500030517578,156.0238800048828,1062100,0.0,0.0
2016-01-15 00:00:00-05:00,181.0,185.10000610351562,180.32000732421875,184.2100067138672,154.8971710205078,1532800,0.0,0.0
2016-01-19 00:00:00-05:00,186.3699951171875,187.27999877929688,183.55999755859375,186.75,157.03297424316406,2210300,0.0,0.0
2016-01-20 00:00:00-05:00,183.83999633789062,185.1699981689453,178.97999572753906,182.55999755859375,153.50973510742188,1841500,0.0,0.0
2016-01-21 00:00:00-05:00,183.47000122070312,184.1300048828125,180.9600067138672,181.22000122070312,152.38296508789062,1031600,0.0,0.0
2016-01-22 00:00:00-05:00,183.22999572753906,184.4499969482422,182.00999450683594,184.11000061035156,154.8130645751953,857300,0.0,0.0
2016-01-25 00:00:00-05:00,184.08999633789062,184.60000610351562,181.6199951171875,181.8300018310547,152.89584350585938,987900,0.0,0.0
2016-01-26 00:00:00-05:00,181.47000122070312,182.74000549316406,178.8699951171875,182.5,153.45925903320312,1473400,0.0,0.0
2016-01-27 00:00:00-05:00,181.42999267578125,182.49000549316406,177.8300018310547,178.19000244140625,149.8350830078125,1613500,0.0,0.0
2016-01-28 00:00:00-05:00,176.39999389648438,181.19000244140625,175.0,180.14999389648438,151.4832000732422,2078600,0.0,0.0
2016-01-29 00:00:00-05:00,181.42999267578125,185.33999633789062,180.02999877929688,185.05999755859375,155.6118927001953,1831700,0.0,0.0
2016-02-01 00:00:00-05:00,186.3800048828125,189.75,184.6300048828125,188.63999938964844,158.62225341796875,1426000,0.0,0.0
2016-02-02 00:00:00-05:00,186.92999267578125,189.17999267578125,186.4499969482422,187.44000244140625,157.61318969726562,1139500,0.0,0.0
2016-02-03 00:00:00-05:00,188.61000061035156,190.0500030517578,186.86000061035156,189.77000427246094,159.57240295410156,1317200,0.0,0.0
2016-02-04 00:00:00-05:00,188.8000030517578,189.89999389648438,185.30999755859375,186.35000610351562,156.69664001464844,1550400,0.0,0.0
2016-02-05 00:00:00-05:00,186.72000122070312,188.58999633789062,185.33999633789062,186.49000549316406,156.81434631347656,1811100,0.0,0.0
2016-02-08 00:00:00-05:00,184.74000549316406,187.92999267578125,184.0,185.6199951171875,156.082763671875,1693700,0.0,0.0
2016-02-09 00:00:00-05:00,184.1699981689453,188.38999938964844,184.00999450683594,187.32000732421875,157.51226806640625,1287900,0.0,0.0
2016-02-10 00:00:00-05:00,187.74000549316406,189.52000427246094,187.22000122070312,188.3300018310547,158.36155700683594,1013200,0.0,0.0
2016-02-11 00:00:00-05:00,185.1199951171875,186.57000732421875,180.10000610351562,183.91000366210938,154.64491271972656,1491500,0.0,0.0
2016-02-12 00:00:00-05:00,184.55999755859375,185.57000732421875,180.4600067138672,181.25,152.4081573486328,1594800,0.0,0.0
2016-02-16 00:00:00-05:00,182.39999389648438,185.88999938964844,180.14999389648438,184.22000122070312,154.90554809570312,2165500,0.0,0.0
2016-02-17 00:00:00-05:00,185.61000061035156,191.1300048828125,184.4499969482422,190.05999755859375,159.81626892089844,1226900,0.0,0.0
2016-02-18 00:00:00-05:00,190.6999969482422,193.75,190.00999450683594,192.67999267578125,162.01927185058594,1340100,0.0,0.0
2016-02-19 00:00:00-05:00,192.16000366210938,192.63999938964844,190.05999755859375,190.67999267578125,160.3375701904297,1526600,0.0,0.0
2016-02-22 00:00:00-05:00,190.77999877929688,193.41000366210938,190.6699981689453,192.27000427246094,161.67465209960938,1088600,0.0,0.0
2016-02-23 00:00:00-05:00,192.02999877929688,193.32000732421875,190.75,191.30999755859375,160.86737060546875,806500,0.0,0.0
2016-02-24 00:00:00-05:00,190.75999450683594,190.9199981689453,188.05999755859375,190.02000427246094,159.78262329101562,1020400,0.0,0.0
2016-02-25 00:00:00-05:00,190.0500030517578,192.9600067138672,189.4199981689453,192.92999267578125,162.91543579101562,812300,0.8,0.0
2016-02-26 00:00:00-05:00,193.0,193.67999267578125,191.94000244140625,192.22000122070312,162.31590270996094,861900,0.0,0.0
2016-02-29 00:00:00-05:00,191.99000549316406,194.8000030517578,191.33999633789062,192.22000122070312,162.31590270996094,1171600,0.0,0.0
2016-03-01 00:00:00-05:00,193.33999633789062,194.67999267578125,192.42999267578125,193.8800048828125,163.71768188476562,1214600,0.0,0.0
2016-03-02 00:00:00-05:00,193.66000366210938,194.6999969482422,191.8300018310547,193.32000732421875,163.24473571777344,781200,0.0,0.0
2016-03-03 00:00:00-05:00,192.8300018310547,193.52999877929688,189.32000732421875,192.1199951171875,162.23146057128906,1137000,0.0,0.0
2016-03-04 00:00:00-05:00,191.6199951171875,192.44000244140625,190.0500030517578,191.07000732421875,161.34483337402344,1290100,0.0,0.0
2016-03-07 00:00:00-05:00,190.08999633789062,191.16000366210938,186.35000610351562,186.67999267578125,157.6377410888672,1410800,0.0,0.0
2016-03-08 00:00:00-05:00,185.42999267578125,187.6699981689453,185.0800018310547,186.86000061035156,157.78976440429688,1676600,0.0,0.0
2016-03-09 00:00:00-05:00,188.25999450683594,188.33999633789062,186.49000549316406,186.74000549316406,157.68844604492188,1389800,0.0,0.0
2016-03-10 00:00:00-05:00,187.08999633789062,189.0,186.41000366210938,186.75,157.69686889648438,1161600,0.0,0.0
2016-03-11 00:00:00-05:00,188.89999389648438,191.25,188.16000366210938,189.88999938964844,160.34835815429688,1006300,0.0,0.0
2016-03-14 00:00:00-04:00,189.1699981689453,190.14999389648438,187.6999969482422,188.57000732421875,159.23373413085938,978900,0.0,0.0
2016-03-15 00:00:00-04:00,188.0399932861328,191.9499969482422,187.52000427246094,191.6699981689453,161.8514862060547,911800,0.0,0.0
2016-03-16 00:00:00-04:00,190.5399932861328,192.42999267578125,190.0,191.57000732421875,161.76702880859375,878200,0.0,0.0
2016-03-17 00:00:00-04:00,191.60000610351562,192.27999877929688,190.16000366210938,190.91000366210938,161.20970153808594,1253400,0.0,0.0
2016-03-18 00:00:00-04:00,191.67999267578125,194.4199981689453,191.0500030517578,193.99000549316406,163.81053161621094,1350100,0.0,0.0
2016-03-21 00:00:00-04:00,193.35000610351562,195.47000122070312,193.2100067138672,194.17999267578125,163.970947265625,839700,0.0,0.0
2016-03-22 00:00:00-04:00,194.16000366210938,195.1699981689453,193.5800018310547,194.33999633789062,164.10606384277344,720100,0.0,0.0
2016-03-23 00:00:00-04:00,193.9600067138672,195.63999938964844,193.8699951171875,194.9600067138672,164.62962341308594,986400,0.0,0.0
2016-03-24 00:00:00-04:00,193.6699981689453,194.67999267578125,193.25,194.1999969482422,163.98782348632812,738700,0.0,0.0
2016-03-28 00:00:00-04:00,194.2100067138672,195.44000244140625,194.2100067138672,194.8800048828125,164.5620574951172,623300,0.0,0.0
2016-03-29 00:00:00-04:00,194.25,196.75,194.25,196.67999267578125,166.08201599121094,551400,0.0,0.0
2016-03-30 00:00:00-04:00,197.22999572753906,198.8800048828125,197.10000610351562,198.72999572753906,167.81307983398438,1231000,0.0,0.0
2016-03-31 00:00:00-04:00,199.0,199.5,197.30999755859375,197.89999389648438,167.11221313476562,1881900,0.0,0.0
2016-04-01 00:00:00-04:00,196.58999633789062,200.77999877929688,195.66000366210938,200.30999755859375,169.14736938476562,1117700,0.0,0.0
2016-04-04 00:00:00-04:00,200.80999755859375,202.0500030517578,200.0500030517578,201.17999267578125,169.88194274902344,736700,0.0,0.0
2016-04-05 00:00:00-04:00,200.75,203.8800048828125,200.75,202.27000427246094,170.80239868164062,873000,0.0,0.0
2016-04-06 00:00:00-04:00,201.83999633789062,202.5,200.75999450683594,202.10000610351562,170.65882873535156,1717700,0.0,0.0
2016-04-07 00:00:00-04:00,201.52000427246094,202.0,199.66000366210938,200.5500030517578,169.3499298095703,854300,0.0,0.0
2016-04-08 00:00:00-04:00,201.6300048828125,202.0,200.08999633789062,200.57000732421875,169.3668975830078,798800,0.0,0.0
2016-04-11 00:00:00-04:00,200.66000366210938,201.72000122070312,199.49000549316406,199.50999450683594,168.47174072265625,797000,0.0,0.0
2016-04-12 00:00:00-04:00,200.0500030517578,201.02999877929688,199.5,200.1999969482422,169.0543670654297,706000,0.0,0.0
2016-04-13 00:00:00-04:00,200.67999267578125,201.3000030517578,199.02000427246094,201.1300048828125,169.83973693847656,670500,0.0,0.0
2016-04-14 00:00:00-04:00,201.4199981689453,201.82000732421875,199.8800048828125,200.1300048828125,168.9952850341797,506000,0.0,0.0
2016-04-15 00:00:00-04:00,199.63999938964844,201.9199981689453,198.75,201.8800048828125,170.47308349609375,941500,0.0,0.0
2016-04-18 00:00:00-04:00,202.0,202.8800048828125,201.3300018310547,202.7899932861328,171.2415008544922,664600,0.0,0.0
2016-04-19 00:00:00-04:00,203.0,203.41000366210938,201.4499969482422,201.58999633789062,170.22824096679688,798900,0.0,0.0
2016-04-20 00:00:00-04:00,202.07000732421875,202.6999969482422,201.4499969482422,201.5800018310547,170.2197265625,883200,0.0,0.0
2016-04-21 00:00:00-04:00,200.97999572753906,201.64999389648438,199.86000061035156,200.0,168.88555908203125,835000,0.0,0.0
2016-04-22 00:00:00-04:00,200.22999572753906,201.63999938964844,199.25999450683594,200.75,169.51893615722656,853300,0.0,0.0
2016-04-25 00:00:00-04:00,200.25,200.92999267578125,199.52000427246094,200.72999572753906,169.50196838378906,698600,0.0,0.0
2016-04-26 00:00:00-04:00,200.8800048828125,203.99000549316406,200.8800048828125,203.57000732421875,171.900146484375,1390600,0.0,0.0
2016-04-27 00:00:00-04:00,207.0,208.99000549316406,200.5500030517578,207.0,174.79653930664062,1476800,0.0,0.0
2016-04-28 00:00:00-04:00,206.5,207.67999267578125,205.02000427246094,205.61000061035156,173.6227264404297,995200,0.0,0.0
2016-04-29 00:00:00-04:00,205.52000427246094,206.3699951171875,204.52000427246094,206.25999450683594,174.17166137695312,938000,0.0,0.0
2016-05-02 00:00:00-04:00,206.8699951171875,208.6300048828125,205.8300018310547,208.30999755859375,175.90272521972656,1039800,0.0,0.0
2016-05-03 00:00:00-04:00,207.44000244140625,209.7899932861328,206.75,209.60000610351562,176.99208068847656,954800,0.0,0.0
2016-05-04 00:00:00-04:00,208.60000610351562,210.74000549316406,208.0800018310547,210.5500030517578,177.79421997070312,1282000,0.0,0.0
2016-05-05 00:00:00-04:00,210.6699981689453,212.00999450683594,210.42999267578125,211.92999267578125,178.95956420898438,1100700,0.0,0.0
2016-05-06 00:00:00-04:00,211.72999572753906,214.1699981689453,211.61000061035156,214.10000610351562,180.79197692871094,821500,0.0,0.0
2016-05-09 00:00:00-04:00,214.3000030517578,215.60000610351562,212.97000122070312,214.6300048828125,181.23951721191406,830500,0.0,0.0
2016-05-10 00:00:00-04:00,215.0800018310547,217.63999938964844,214.72000122070312,217.42999267578125,183.60389709472656,904900,0.0,0.0
2016-05-11 00:00:00-04:00,217.4499969482422,218.39999389648438,214.13999938964844,214.32000732421875,180.9777374267578,874700,0.0,0.0
2016-05-12 00:00:00-04:00,214.5500030517578,218.83999633789062,214.5500030517578,217.97999572753906,184.068359375,1337500,0.0,0.0
2016-05-13 00:00:00-04:00,217.0,217.5,213.47999572753906,213.97999572753906,180.69065856933594,1184100,0.0,0.0
2016-05-16 00:00:00-04:00,213.97999572753906,216.3300018310547,213.0,215.72999572753906,182.1683807373047,671100,0.0,0.0
2016-05-17 00:00:00-04:00,215.9600067138672,216.6699981689453,212.2100067138672,213.60000610351562,180.36968994140625,1063700,0.0,0.0
2016-05-18 00:00:00-04:00,213.24000549316406,215.57000732421875,212.7100067138672,214.13999938964844,180.8257293701172,789900,0.0,0.0
2016-05-19 00:00:00-04:00,212.5,213.00999450683594,209.67999267578125,211.07000732421875,178.23336791992188,929400,0.0,0.0
2016-05-20 00:00:00-04:00,212.2899932861328,213.02000427246094,211.1300048828125,212.72000122070312,179.62664794921875,729300,0.0,0.0
2016-05-23 00:00:00-04:00,212.75,213.0500030517578,211.7899932861328,212.16000366210938,179.15374755859375,602800,0.0,0.0
2016-05-24 00:00:00-04:00,212.66000366210938,215.60000610351562,212.66000366210938,214.67999267578125,181.28172302246094,616800,0.0,0.0
2016-05-25 00:00:00-04:00,215.75,216.08999633789062,214.27999877929688,214.3300018310547,180.98619079589844,613100,0.0,0.0
2016-05-26 00:00:00-04:00,213.9499969482422,214.8000030517578,213.3300018310547,213.9499969482422,180.66525268554688,514100,0.0,0.0
2016-05-27 00:00:00-04:00,213.77000427246094,214.64999389648438,213.36000061035156,214.4199981689453,181.06216430664062,582400,0.0,0.0
2016-05-31 00:00:00-04:00,214.4199981689453,215.5,211.2100067138672,212.6699981689453,179.58445739746094,1026700,0.0,0.0
2016-06-01 00:00:00-04:00,211.57000732421875,214.41000366210938,211.27999877929688,214.1699981689453,180.8510284423828,918900,0.0,0.0
2016-06-02 00:00:00-04:00,213.38999938964844,213.83999633789062,212.0399932861328,213.3800048828125,180.94436645507812,681100,0.9,0.0
2016-06-03 00:00:00-04:00,213.00999450683594,215.94000244140625,211.36000061035156,215.17999267578125,182.4707794189453,868000,0.0,0.0
2016-06-06 00:00:00-04:00,215.22999572753906,216.19000244140625,214.82000732421875,215.44000244140625,182.69122314453125,565500,0.0,0.0
2016-06-07 00:00:00-04:00,215.52000427246094,216.69000244140625,215.52000427246094,215.69000244140625,182.90322875976562,699900,0.0,0.0
2016-06-08 00:00:00-04:00,215.6999969482422,217.97000122070312,215.22000122070312,217.66000366210938,184.57374572753906,596300,0.0,0.0
2016-06-09 00:00:00-04:00,217.1699981689453,218.72999572753906,216.69000244140625,218.5800018310547,185.3539276123047,461200,0.0,0.0
2016-06-10 00:00:00-04:00,217.5399932861328,218.50999450683594,216.86000061035156,217.36000061035156,184.31936645507812,456000,0.0,0.0
2016-06-13 00:00:00-04:00,216.6699981689453,217.5,214.86000061035156,215.0500030517578,182.36048889160156,490700,0.0,0.0
2016-06-14 00:00:00-04:00,213.63999938964844,217.08999633789062,213.63999938964844,216.91000366210938,183.9378204345703,501200,0.0,0.0
2016-06-15 00:00:00-04:00,217.69000244140625,218.0,216.6199951171875,217.19000244140625,184.17523193359375,542900,0.0,0.0
2016-06-16 00:00:00-04:00,216.63999938964844,217.1199951171875,214.3300018310547,216.74000549316406,183.79359436035156,722200,0.0,0.0
2016-06-17 00:00:00-04:00,217.0,217.0,212.22999572753906,214.32000732421875,181.74147033691406,871400,0.0,0.0
2016-06-20 00:00:00-04:00,216.10000610351562,216.7899932861328,214.9600067138672,215.16000366210938,182.4537811279297,652600,0.0,0.0
2016-06-21 00:00:00-04:00,216.1699981689453,216.36000061035156,214.77000427246094,214.85000610351562,182.1908721923828,425500,0.0,0.0
2016-06-22 00:00:00-04:00,215.58999633789062,216.00999450683594,214.77999877929688,214.88999938964844,182.22482299804688,544400,0.0,0.0
2016-06-23 00:00:00-04:00,216.6300048828125,216.6300048828125,213.85000610351562,214.6999969482422,182.06370544433594,554700,0.0,0.0
2016-06-24 00:00:00-04:00,209.0,214.99000549316406,208.2899932861328,212.7100067138672,180.376220703125,3184600,0.0,0.0
2016-06-27 00:00:00-04:00,211.88999938964844,214.38999938964844,210.08999633789062,214.14999389648438,181.5972900390625,1502700,0.0,0.0
2016-06-28 00:00:00-04:00,215.13999938964844,216.17999267578125,212.88999938964844,216.1300048828125,183.27633666992188,1065700,0.0,0.0
2016-06-29 00:00:00-04:00,217.1999969482422,217.6199951171875,216.0,217.24000549316406,184.21762084960938,1120400,0.0,0.0
2016-06-30 00:00:00-04:00,217.9199981689453,223.11000061035156,217.3300018310547,222.27999877929688,188.49147033691406,1485900,0.0,0.0
2016-07-01 00:00:00-04:00,222.5,223.4199981689453,221.07000732421875,221.8000030517578,188.0844268798828,755200,0.0,0.0
2016-07-05 00:00:00-04:00,221.55999755859375,222.25,220.61000061035156,221.5500030517578,187.87245178222656,962500,0.0,0.0
2016-07-06 00:00:00-04:00,221.64999389648438,222.07000732421875,220.27000427246094,221.72999572753906,188.0250701904297,851500,0.0,0.0
2016-07-07 00:00:00-04:00,221.39999389648438,222.02999877929688,219.80999755859375,220.5,186.9820556640625,755000,0.0,0.0
2016-07-08 00:00:00-04:00,221.5,222.19000244140625,220.3000030517578,221.97000122070312,188.2285614013672,1796100,0.0,0.0
2016-07-11 00:00:00-04:00,222.3000030517578,223.8000030517578,221.6199951171875,221.9600067138672,188.2201385498047,1308100,0.0,0.0
2016-07-12 00:00:00-04:00,222.41000366210938,222.66000366210938,220.25,220.47000122070312,186.9565887451172,954500,0.0,0.0
2016-07-13 00:00:00-04:00,221.1300048828125,221.99000549316406,220.49000549316406,221.77999877929688,188.0674591064453,1500800,0.0,0.0
2016-07-14 00:00:00-04:00,223.11000061035156,223.1999969482422,220.82000732421875,221.1300048828125,187.51629638671875,1216800,0.0,0.0
2016-07-15 00:00:00-04:00,222.0,222.0,220.75999450683594,221.4600067138672,187.7960968017578,1745700,0.0,0.0
2016-07-18 00:00:00-04:00,222.14999389648438,222.16000366210938,220.67999267578125,220.80999755859375,187.24493408203125,907500,0.0,0.0
2016-07-19 00:00:00-04:00,221.0,224.1199951171875,218.1300048828125,221.5500030517578,187.87245178222656,2129700,0.0,0.0
2016-07-20 00:00:00-04:00,222.25,223.22000122070312,221.5,222.5500030517578,188.7204132080078,1284200,0.0,0.0
2016-07-21 00:00:00-04:00,222.8000030517578,222.82000732421875,217.25,218.2100067138672,185.04014587402344,1042800,0.0,0.0
2016-07-22 00:00:00-04:00,217.64999389648438,219.94000244140625,217.0,219.60000610351562,186.21885681152344,814200,0.0,0.0
2016-07-25 00:00:00-04:00,219.44000244140625,219.44000244140625,217.50999450683594,219.1300048828125,185.82034301757812,917600,0.0,0.0
2016-07-26 00:00:00-04:00,219.22000122070312,219.8699951171875,217.9499969482422,218.35000610351562,185.15887451171875,1024400,0.0,0.0
2016-07-27 00:00:00-04:00,222.05999755859375,222.3000030517578,216.1999969482422,217.80999755859375,184.70094299316406,1423500,0.0,0.0
2016-07-28 00:00:00-04:00,217.77999877929688,218.8800048828125,215.6199951171875,217.22999572753906,184.20912170410156,1219200,0.0,0.0
2016-07-29 00:00:00-04:00,217.22999572753906,217.9499969482422,216.61000061035156,216.6300048828125,183.7003173828125,769400,0.0,0.0
2016-08-01 00:00:00-04:00,215.86000061035156,217.69000244140625,215.77000427246094,216.69000244140625,183.75120544433594,1199100,0.0,0.0
2016-08-02 00:00:00-04:00,216.69000244140625,219.0,215.8699951171875,218.67999267578125,185.4386749267578,1062900,0.0,0.0
2016-08-03 00:00:00-04:00,218.9499969482422,219.52999877929688,217.8000030517578,218.66000366210938,185.4217071533203,811400,0.0,0.0
2016-08-04 00:00:00-04:00,219.27000427246094,219.9600067138672,218.02999877929688,218.33999633789062,185.150390625,548400,0.0,0.0
2016-08-05 00:00:00-04:00,218.63999938964844,219.47000122070312,218.1699981689453,218.9499969482422,185.66769409179688,602700,0.0,0.0
2016-08-08 00:00:00-04:00,218.83999633789062,218.83999633789062,215.57000732421875,216.07000732421875,183.22544860839844,731200,0.0,0.0
2016-08-09 00:00:00-04:00,216.39999389648438,216.83999633789062,215.9199981689453,216.74000549316406,183.79359436035156,490700,0.0,0.0
2016-08-10 00:00:00-04:00,216.91000366210938,217.55999755859375,216.02999877929688,217.17999267578125,184.1667022705078,641000,0.0,0.0
2016-08-11 00:00:00-04:00,217.6199951171875,218.3300018310547,216.5,217.99000549316406,184.8535919189453,820400,0.0,0.0
2016-08-12 00:00:00-04:00,217.99000549316406,218.4499969482422,217.0,218.2100067138672,185.04014587402344,559000,0.0,0.0
2016-08-15 00:00:00-04:00,218.1199951171875,220.52000427246094,217.83999633789062,219.80999755859375,186.39695739746094,687800,0.0,0.0
2016-08-16 00:00:00-04:00,218.9499969482422,219.4600067138672,216.42999267578125,217.10000610351562,184.09890747070312,622900,0.0,0.0
2016-08-17 00:00:00-04:00,217.36000061035156,218.74000549316406,216.60000610351562,218.5500030517578,185.3284912109375,1052100,0.0,0.0
2016-08-18 00:00:00-04:00,218.5,219.0,217.67999267578125,218.13999938964844,184.98080444335938,477300,0.0,0.0
2016-08-19 00:00:00-04:00,217.5,218.49000549316406,216.75999450683594,217.4199981689453,184.3702392578125,666100,0.0,0.0
2016-08-22 00:00:00-04:00,217.3699951171875,218.83999633789062,216.77000427246094,218.25999450683594,185.08250427246094,576600,0.0,0.0
2016-08-23 00:00:00-04:00,218.83999633789062,218.89999389648438,214.22000122070312,214.5,181.8941192626953,1035700,0.0,0.0
2016-08-24 00:00:00-04:00,213.8300018310547,214.58999633789062,212.16000366210938,214.0,181.47012329101562,958900,0.0,0.0
2016-08-25 00:00:00-04:00,211.47000122070312,214.16000366210938,210.6199951171875,213.44000244140625,181.7596435546875,830600,0.9,0.0
2016-08-26 00:00:00-04:00,213.74000549316406,214.72000122070312,211.1199951171875,211.92999267578125,180.47373962402344,808600,0.0,0.0
2016-08-29 00:00:00-04:00,211.64999389648438,213.69000244140625,211.4199981689453,213.10000610351562,181.4700927734375,589100,0.0,0.0
2016-08-30 00:00:00-04:00,213.32000732421875,213.77999877929688,211.89999389648438,212.6199951171875,181.06134033203125,712300,0.0,0.0
2016-08-31 00:00:00-04:00,212.42999267578125,212.4600067138672,210.97999572753906,212.07000732421875,180.59295654296875,706100,0.0,0.0
2016-09-01 00:00:00-04:00,212.1999969482422,213.02999877929688,210.24000549316406,211.8300018310547,180.38861083984375,645700,0.0,0.0
2016-09-02 00:00:00-04:00,212.36000061035156,213.6199951171875,212.05999755859375,213.24000549316406,181.58934020996094,591300,0.0,0.0
2016-09-06 00:00:00-04:00,213.33999633789062,214.83999633789062,212.8699951171875,214.75999450683594,182.88368225097656,656900,0.0,0.0
2016-09-07 00:00:00-04:00,214.00999450683594,214.02999877929688,212.1199951171875,212.86000061035156,181.26573181152344,782900,0.0,0.0
2016-09-08 00:00:00-04:00,212.02000427246094,213.1699981689453,211.5800018310547,212.72999572753906,181.1549835205078,595400,0.0,0.0
2016-09-09 00:00:00-04:00,211.17999267578125,211.6999969482422,209.19000244140625,209.24000549316406,178.1830291748047,800900,0.0,0.0
2016-09-12 00:00:00-04:00,208.36000061035156,210.91000366210938,206.69000244140625,210.27000427246094,179.06021118164062,937600,0.0,0.0
2016-09-13 00:00:00-04:00,209.02000427246094,210.25999450683594,208.08999633789062,208.36000061035156,177.43365478515625,829000,0.0,0.0
2016-09-14 00:00:00-04:00,208.22999572753906,209.3300018310547,208.08999633789062,208.80999755859375,177.8168487548828,893500,0.0,0.0
2016-09-15 00:00:00-04:00,208.63999938964844,212.19000244140625,208.16000366210938,211.38999938964844,180.01390075683594,668800,0.0,0.0
2016-09-16 00:00:00-04:00,211.07000732421875,211.91000366210938,210.60000610351562,211.0,179.68179321289062,1134400,0.0,0.0
2016-09-19 00:00:00-04:00,211.25,212.3300018310547,210.97999572753906,211.16000366210938,179.81800842285156,729500,0.0,0.0
2016-09-20 00:00:00-04:00,212.1999969482422,212.77000427246094,211.35000610351562,212.11000061035156,180.62704467773438,578400,0.0,0.0
2016-09-21 00:00:00-04:00,212.25999450683594,216.0800018310547,212.17999267578125,215.85000610351562,183.81195068359375,751700,0.0,0.0
2016-09-22 00:00:00-04:00,216.94000244140625,217.19000244140625,215.7899932861328,216.49000549316406,184.35693359375,879400,0.0,0.0
2016-09-23 00:00:00-04:00,215.69000244140625,217.49000549316406,214.83999633789062,217.0500030517578,184.8338165283203,781600,0.0,0.0
2016-09-26 00:00:00-04:00,216.5800018310547,217.6199951171875,216.02999877929688,217.0,184.79122924804688,611800,0.0,0.0
2016-09-27 00:00:00-04:00,217.27000427246094,218.6699981689453,216.57000732421875,218.0500030517578,185.6853485107422,535400,0.0,0.0
2016-09-28 00:00:00-04:00,218.4199981689453,218.4199981689453,216.67999267578125,217.89999389648438,185.55764770507812,618700,0.0,0.0
2016-09-29 00:00:00-04:00,217.22999572753906,217.22999572753906,212.3000030517578,213.61000061035156,181.90440368652344,985200,0.0,0.0
2016-09-30 00:00:00-04:00,214.22000122070312,215.1300048828125,210.60000610351562,213.9499969482422,182.1939239501953,1021700,0.0,0.0
2016-10-03 00:00:00-04:00,213.0,215.36000061035156,212.8699951171875,215.10000610351562,183.1732940673828,719700,0.0,0.0
2016-10-04 00:00:00-04:00,215.44000244140625,215.60000610351562,212.19000244140625,212.8300018310547,181.24021911621094,659200,0.0,0.0
2016-10-05 00:00:00-04:00,214.6199951171875,214.6199951171875,212.22999572753906,212.47999572753906,180.94212341308594,566000,0.0,0.0
2016-10-06 00:00:00-04:00,212.8800048828125,215.25999450683594,212.02000427246094,214.2100067138672,182.41534423828125,921400,0.0,0.0
2016-10-07 00:00:00-04:00,213.63999938964844,215.88999938964844,212.3699951171875,215.42999267578125,183.45428466796875,1058700,0.0,0.0
2016-10-10 00:00:00-04:00,215.86000061035156,216.8699951171875,215.58999633789062,216.6199951171875,184.46766662597656,704300,0.0,0.0
2016-10-11 00:00:00-04:00,216.22000122070312,216.4600067138672,214.69000244140625,215.22000122070312,183.275390625,682500,0.0,0.0
2016-10-12 00:00:00-04:00,215.02000427246094,217.89999389648438,214.9499969482422,216.85000610351562,184.66351318359375,933000,0.0,0.0
2016-10-13 00:00:00-04:00,215.8300018310547,218.91000366210938,215.0800018310547,218.3699951171875,185.95787048339844,919800,0.0,0.0
2016-10-14 00:00:00-04:00,219.27000427246094,219.75,217.60000610351562,218.9199981689453,186.42628479003906,923400,0.0,0.0
2016-10-17 00:00:00-04:00,218.85000610351562,220.3699951171875,218.85000610351562,219.13999938964844,186.61363220214844,678300,0.0,0.0
2016-10-18 00:00:00-04:00,220.30999755859375,220.41000366210938,218.7899932861328,219.44000244140625,186.86907958984375,491400,0.0,0.0
2016-10-19 00:00:00-04:00,219.3300018310547,219.49000549316406,217.42999267578125,218.16000366210938,185.77906799316406,729000,0.0,0.0
2016-10-20 00:00:00-04:00,218.25999450683594,218.8800048828125,216.38999938964844,217.36000061035156,185.09786987304688,627900,0.0,0.0
2016-10-21 00:00:00-04:00,215.92999267578125,216.33999633789062,214.58999633789062,215.86000061035156,183.82041931152344,729500,0.0,0.0
2016-10-24 00:00:00-04:00,217.17999267578125,217.9499969482422,216.33999633789062,216.4600067138672,184.33139038085938,603100,0.0,0.0
2016-10-25 00:00:00-04:00,216.88999938964844,220.02999877929688,216.5,219.52999877929688,186.94570922851562,1572200,0.0,0.0
2016-10-26 00:00:00-04:00,226.9199981689453,229.4499969482422,224.0,228.0500030517578,194.2010955810547,2458700,0.0,0.0
2016-10-27 00:00:00-04:00,227.97000122070312,228.0,224.00999450683594,225.35000610351562,191.90188598632812,1473800,0.0,0.0
2016-10-28 00:00:00-04:00,225.58999633789062,230.0,225.57000732421875,228.3800048828125,194.48214721679688,1672000,0.0,0.0
2016-10-31 00:00:00-04:00,229.10000610351562,229.74000549316406,228.02999877929688,229.0,195.0100555419922,1173900,0.0,0.0
2016-11-01 00:00:00-04:00,229.5,230.4199981689453,227.33999633789062,228.4199981689453,194.5162353515625,1179600,0.0,0.0
2016-11-02 00:00:00-04:00,228.13999938964844,230.6999969482422,227.47000122070312,228.6699981689453,194.72906494140625,962800,0.0,0.0
2016-11-03 00:00:00-04:00,229.0,229.4499969482422,224.72000122070312,225.5399932861328,192.0636444091797,1711000,0.0,0.0
2016-11-04 00:00:00-04:00,225.67999267578125,227.13999938964844,224.91000366210938,225.22999572753906,191.79969787597656,1176100,0.0,0.0
2016-11-07 00:00:00-05:00,227.85000610351562,230.1699981689453,227.47999572753906,230.05999755859375,195.91278076171875,1093200,0.0,0.0
2016-11-08 00:00:00-05:00,230.1699981689453,231.1199951171875,229.0800018310547,229.8699951171875,195.75099182128906,987100,0.0,0.0
2016-11-09 00:00:00-05:00,244.77000427246094,249.97999572753906,239.14999389648438,242.3000030517578,206.33604431152344,2841200,0.0,0.0
2016-11-10 00:00:00-05:00,249.10000610351562,249.8699951171875,242.6699981689453,245.1699981689453,208.78005981445312,2190500,0.0,0.0
2016-11-11 00:00:00-05:00,245.39999389648438,248.0,243.6999969482422,247.5,210.76416015625,1341400,0.0,0.0
2016-11-14 00:00:00-05:00,248.55999755859375,253.08999633789062,248.1699981689453,251.1199951171875,213.84690856933594,1747400,0.0,0.0
2016-11-15 00:00:00-05:00,251.2899932861328,251.8800048828125,246.11000061035156,247.4499969482422,210.72161865234375,1839000,0.0,0.0
2016-11-16 00:00:00-05:00,247.74000549316406,248.5,244.4499969482422,245.38999938964844,208.9673309326172,1265100,0.0,0.0
2016-11-17 00:00:00-05:00,245.7899932861328,246.42999267578125,243.83999633789062,244.66000366210938,208.34579467773438,843900,0.0,0.0
2016-11-18 00:00:00-05:00,244.5,246.02000427246094,244.00999450683594,245.4600067138672,209.0269775390625,971700,0.0,0.0
2016-11-21 00:00:00-05:00,246.1699981689453,247.0399932861328,245.07000732421875,246.2899932861328,209.7338104248047,978800,0.0,0.0
2016-11-22 00:00:00-05:00,247.3699951171875,248.57000732421875,247.1300048828125,248.07000732421875,211.24957275390625,1021700,0.0,0.0
2016-11-23 00:00:00-05:00,248.77999877929688,249.10000610351562,246.30999755859375,247.58999633789062,210.84080505371094,885700,0.0,0.0
2016-11-25 00:00:00-05:00,247.83999633789062,249.0800018310547,247.5399932861328,248.5800018310547,211.68392944335938,524200,0.0,0.0
2016-11-28 00:00:00-05:00,246.8699951171875,250.85000610351562,245.3800048828125,248.9600067138672,212.00755310058594,893900,0.0,0.0
2016-11-29 00:00:00-05:00,248.7899932861328,253.8000030517578,248.55999755859375,251.8000030517578,214.42593383789062,1039700,0.0,0.0
2016-11-30 00:00:00-05:00,252.1699981689453,252.66000366210938,249.64999389648438,249.64999389648438,212.59510803222656,1277200,0.0,0.0
2016-12-01 00:00:00-05:00,248.85000610351562,250.22000122070312,247.82000732421875,249.07000732421875,212.86862182617188,848300,0.9,0.0
2016-12-02 00:00:00-05:00,249.6199951171875,250.89999389648438,248.5,250.8699951171875,214.40692138671875,603700,0.0,0.0
2016-12-05 00:00:00-05:00,251.8800048828125,252.02000427246094,247.1199951171875,247.49000549316406,211.51815795898438,1221000,0.0,0.0
2016-12-06 00:00:00-05:00,246.74000549316406,248.1300048828125,245.13999938964844,247.83999633789062,211.81735229492188,1322100,0.0,0.0
2016-12-07 00:00:00-05:00,247.3800048828125,247.7899932861328,245.5399932861328,247.13999938964844,211.21910095214844,1349100,0.0,0.0
2016-12-08 00:00:00-05:00,247.13999938964844,247.24000549316406,236.75,237.72000122070312,203.1682891845703,2847500,0.0,0.0
2016-12-09 00:00:00-05:00,237.1199951171875,239.9499969482422,236.77000427246094,238.42999267578125,203.7750701904297,1680900,0.0,0.0
2016-12-12 00:00:00-05:00,233.63999938964844,233.63999938964844,220.72000122070312,232.07000732421875,198.33949279785156,2921800,0.0,0.0
2016-12-13 00:00:00-05:00,232.0,234.24000549316406,230.47000122070312,231.55999755859375,197.90359497070312,1483100,0.0,0.0
2016-12-14 00:00:00-05:00,232.00999450683594,235.8300018310547,231.6300048828125,232.10000610351562,198.36514282226562,1379800,0.0,0.0
2016-12-15 00:00:00-05:00,233.02000427246094,234.8000030517578,231.83999633789062,231.99000549316406,198.27110290527344,1043400,0.0,0.0
2016-12-16 00:00:00-05:00,232.07000732421875,234.07000732421875,231.02999877929688,231.6999969482422,198.0232391357422,1603000,0.0,0.0
2016-12-19 00:00:00-05:00,232.7100067138672,234.0800018310547,230.63999938964844,233.5399932861328,199.59580993652344,1110200,0.0,0.0
2016-12-20 00:00:00-05:00,233.97000122070312,235.33999633789062,233.5500030517578,235.13999938964844,200.9632110595703,850300,0.0,0.0
2016-12-21 00:00:00-05:00,235.5500030517578,235.67999267578125,233.08999633789062,233.14999389648438,199.2624969482422,918700,0.0,0.0
2016-12-22 00:00:00-05:00,233.61000061035156,234.47999572753906,232.50999450683594,233.72000122070312,199.74966430664062,891400,0.0,0.0
2016-12-23 00:00:00-05:00,231.47000122070312,234.3699951171875,231.24000549316406,232.99000549316406,199.12570190429688,852100,0.0,0.0
2016-12-27 00:00:00-05:00,233.97000122070312,234.35000610351562,232.3300018310547,233.24000549316406,199.33944702148438,479400,0.0,0.0
2016-12-28 00:00:00-05:00,233.24000549316406,233.67999267578125,231.55999755859375,231.9499969482422,198.23687744140625,500100,0.0,0.0
2016-12-29 00:00:00-05:00,232.22999572753906,233.82000732421875,232.10000610351562,232.6300048828125,198.81805419921875,538500,0.0,0.0
2016-12-30 00:00:00-05:00,232.8800048828125,233.33999633789062,231.7100067138672,232.5800018310547,198.77537536621094,740900,0.0,0.0
2017-01-03 00:00:00-05:00,234.10000610351562,235.24000549316406,233.13999938964844,234.88999938964844,200.74960327148438,1178900,0.0,0.0
2017-01-04 00:00:00-05:00,235.24000549316406,236.99000549316406,234.8300018310547,235.25,201.05722045898438,664100,0.0,0.0
2017-01-05 00:00:00-05:00,235.2100067138672,237.4199981689453,234.35000610351562,235.99000549316406,201.6897735595703,891200,0.0,0.0
2017-01-06 00:00:00-05:00,235.89999389648438,237.5,235.77000427246094,236.72999572753906,202.32212829589844,619200,0.0,0.0
2017-01-09 00:00:00-05:00,236.83999633789062,237.9199981689453,235.69000244140625,235.80999755859375,201.53590393066406,703600,0.0,0.0
2017-01-10 00:00:00-05:00,235.4600067138672,235.7899932861328,232.6999969482422,233.11000061035156,199.2283172607422,1361200,0.0,0.0
2017-01-11 00:00:00-05:00,233.8000030517578,234.83999633789062,230.13999938964844,231.5500030517578,197.89505004882812,1142300,0.0,0.0
2017-01-12 00:00:00-05:00,231.3800048828125,231.7899932861328,227.8699951171875,229.14999389648438,195.84384155273438,1159100,0.0,0.0
2017-01-13 00:00:00-05:00,229.0,230.99000549316406,228.5,230.1699981689453,196.71560668945312,1007400,0.0,0.0
2017-01-17 00:00:00-05:00,230.77999877929688,230.77999877929688,227.42999267578125,228.47999572753906,195.27125549316406,978900,0.0,0.0
2017-01-18 00:00:00-05:00,228.4600067138672,231.0800018310547,228.0,230.24000549316406,196.7754364013672,863600,0.0,0.0
2017-01-19 00:00:00-05:00,231.25999450683594,233.7899932861328,230.10000610351562,232.38999938964844,198.6129608154297,966800,0.0,0.0
2017-01-20 00:00:00-05:00,233.11000061035156,233.16000366210938,230.75999450683594,232.11000061035156,198.37362670898438,864500,0.0,0.0
2017-01-23 00:00:00-05:00,233.0,233.33999633789062,230.1300048828125,231.69000244140625,198.0146484375,779200,0.0,0.0
2017-01-24 00:00:00-05:00,229.39999389648438,232.9499969482422,227.49000549316406,232.58999633789062,198.7838897705078,1034300,0.0,0.0
2017-01-25 00:00:00-05:00,233.19000244140625,233.24000549316406,230.00999450683594,230.83999633789062,197.28822326660156,1073000,0.0,0.0
2017-01-26 00:00:00-05:00,229.2100067138672,230.83999633789062,223.8800048828125,226.9600067138672,193.9722137451172,2499100,0.0,0.0
2017-01-27 00:00:00-05:00,227.02999877929688,234.5800018310547,227.02999877929688,229.8300018310547,196.42503356933594,1948300,0.0,0.0
2017-01-30 00:00:00-05:00,230.10000610351562,231.83999633789062,227.83999633789062,229.47999572753906,196.12586975097656,1270700,0.0,0.0
2017-01-31 00:00:00-05:00,227.88999938964844,229.72000122070312,226.00999450683594,229.0800018310547,195.78404235839844,1495800,0.0,0.0
2017-02-01 00:00:00-05:00,228.72000122070312,230.14999389648438,227.72999572753906,228.82000732421875,195.56185913085938,1148800,0.0,0.0
2017-02-02 00:00:00-05:00,228.39999389648438,230.13999938964844,227.92999267578125,229.85000610351562,196.442138671875,916000,0.0,0.0
2017-02-03 00:00:00-05:00,230.05999755859375,232.92999267578125,229.50999450683594,231.36000061035156,197.732666015625,1297900,0.0,0.0
2017-02-06 00:00:00-05:00,231.55999755859375,233.42999267578125,231.41000366210938,232.82000732421875,198.98043823242188,1097600,0.0,0.0
2017-02-07 00:00:00-05:00,232.3300018310547,233.8699951171875,232.10000610351562,232.97999572753906,199.11720275878906,817000,0.0,0.0
2017-02-08 00:00:00-05:00,232.91000366210938,233.41000366210938,232.25999450683594,232.4199981689453,198.63858032226562,972100,0.0,0.0
2017-02-09 00:00:00-05:00,232.4199981689453,235.3800048828125,231.97999572753906,234.83999633789062,200.7068634033203,1094400,0.0,0.0
2017-02-10 00:00:00-05:00,234.5800018310547,236.55999755859375,234.07000732421875,236.25,201.91189575195312,949200,0.0,0.0
2017-02-13 00:00:00-05:00,237.0500030517578,239.85000610351562,236.52000427246094,239.0800018310547,204.33058166503906,1029500,0.0,0.0
2017-02-14 00:00:00-05:00,239.00999450683594,240.3300018310547,238.42999267578125,239.6199951171875,204.7920684814453,790800,0.0,0.0
2017-02-15 00:00:00-05:00,239.13999938964844,241.99000549316406,238.9499969482422,241.58999633789062,206.4757843017578,739700,0.0,0.0
2017-02-16 00:00:00-05:00,241.60000610351562,243.67999267578125,240.80999755859375,243.52999877929688,208.13375854492188,951100,0.0,0.0
2017-02-17 00:00:00-05:00,243.38999938964844,243.99000549316406,241.88999938964844,243.5800018310547,208.17652893066406,778000,0.0,0.0
2017-02-21 00:00:00-05:00,242.27000427246094,244.8300018310547,241.6999969482422,244.1199951171875,208.6380615234375,828900,0.0,0.0
2017-02-22 00:00:00-05:00,243.35000610351562,243.52999877929688,242.00999450683594,242.97999572753906,207.66372680664062,949600,0.0,0.0
2017-02-23 00:00:00-05:00,242.32000732421875,243.99000549316406,241.60000610351562,243.86000061035156,208.41583251953125,724900,0.0,0.0
2017-02-24 00:00:00-05:00,243.58999633789062,245.2899932861328,242.5399932861328,245.0500030517578,209.43284606933594,815100,0.0,0.0
2017-02-27 00:00:00-05:00,245.58999633789062,249.42999267578125,245.11000061035156,248.60000610351562,212.4668731689453,1041800,0.0,0.0
2017-02-28 00:00:00-05:00,247.5,248.3000030517578,245.52000427246094,247.08999633789062,211.17636108398438,1564400,0.0,0.0
2017-03-01 00:00:00-05:00,247.8699951171875,248.8800048828125,245.8800048828125,245.92999267578125,210.18495178222656,1899100,0.0,0.0
2017-03-02 00:00:00-05:00,245.0,245.38999938964844,242.58999633789062,243.07000732421875,208.5037384033203,1172500,0.9,0.0
2017-03-03 00:00:00-05:00,243.0,243.75999450683594,242.10000610351562,242.92999267578125,208.38363647460938,866100,0.0,0.0
2017-03-06 00:00:00-05:00,242.42999267578125,243.66000366210938,241.97000122070312,242.9199981689453,208.375,932700,0.0,0.0
2017-03-07 00:00:00-05:00,242.50999450683594,243.9199981689453,242.07000732421875,243.77999877929688,209.1127166748047,917200,0.0,0.0
2017-03-08 00:00:00-05:00,244.0,245.0800018310547,243.05999755859375,243.57000732421875,208.93255615234375,675600,0.0,0.0
2017-03-09 00:00:00-05:00,244.0800018310547,244.74000549316406,243.52000427246094,244.1199951171875,209.40443420410156,611200,0.0,0.0
2017-03-10 00:00:00-05:00,244.55999755859375,244.8300018310547,242.4499969482422,243.58999633789062,208.94972229003906,688600,0.0,0.0
2017-03-13 00:00:00-04:00,243.5399932861328,244.72999572753906,242.75999450683594,244.4199981689453,209.6616973876953,750600,0.0,0.0
2017-03-14 00:00:00-04:00,243.52000427246094,244.3699951171875,242.75,243.77000427246094,209.10414123535156,460700,0.0,0.0
2017-03-15 00:00:00-04:00,243.8000030517578,244.4499969482422,243.1300048828125,243.83999633789062,209.16419982910156,756200,0.0,0.0
2017-03-16 00:00:00-04:00,244.0,244.1300048828125,239.72000122070312,240.27999877929688,206.11045837402344,1081700,0.0,0.0
2017-03-17 00:00:00-04:00,241.1199951171875,244.6999969482422,240.69000244140625,244.25,209.51588439941406,1225000,0.0,0.0
2017-03-20 00:00:00-04:00,244.77000427246094,245.4600067138672,242.69000244140625,242.99000549316406,208.4351043701172,527000,0.0,0.0
2017-03-21 00:00:00-04:00,243.6999969482422,243.6999969482422,239.35000610351562,239.72000122070312,205.63011169433594,805700,0.0,0.0
2017-03-22 00:00:00-04:00,239.72999572753906,242.0,239.10000610351562,241.13999938964844,206.84812927246094,677500,0.0,0.0
2017-03-23 00:00:00-04:00,241.0,241.3800048828125,239.1300048828125,239.5,205.44140625,596500,0.0,0.0
2017-03-24 00:00:00-04:00,239.25,239.8300018310547,236.58999633789062,236.8800048828125,203.19393920898438,753200,0.0,0.0
2017-03-27 00:00:00-04:00,235.77999877929688,236.3699951171875,233.1999969482422,235.8300018310547,202.29324340820312,969000,0.0,0.0
2017-03-28 00:00:00-04:00,235.11000061035156,237.97999572753906,234.35000610351562,237.19000244140625,203.4598846435547,733000,0.0,0.0
2017-03-29 00:00:00-04:00,236.66000366210938,236.9199981689453,235.07000732421875,236.52000427246094,202.88516235351562,612700,0.0,0.0
2017-03-30 00:00:00-04:00,236.27999877929688,239.22000122070312,235.5500030517578,239.05999755859375,205.06390380859375,853000,0.0,0.0
2017-03-31 00:00:00-04:00,238.72000122070312,238.92999267578125,237.69000244140625,237.83999633789062,204.0174560546875,964700,0.0,0.0
2017-04-03 00:00:00-04:00,237.5800018310547,238.55999755859375,236.8000030517578,237.80999755859375,203.99166870117188,671500,0.0,0.0
2017-04-04 00:00:00-04:00,236.99000549316406,238.07000732421875,236.42999267578125,237.63999938964844,203.8459014892578,701900,0.0,0.0
2017-04-05 00:00:00-04:00,238.0,239.80999755859375,235.86000061035156,236.10000610351562,202.52487182617188,958200,0.0,0.0
2017-04-06 00:00:00-04:00,235.99000549316406,237.52000427246094,235.16000366210938,236.6699981689453,203.01385498046875,703900,0.0,0.0
2017-04-07 00:00:00-04:00,239.72000122070312,240.1199951171875,237.38999938964844,238.80999755859375,204.84947204589844,722700,0.0,0.0
2017-04-10 00:00:00-04:00,238.63999938964844,240.4499969482422,237.99000549316406,239.33999633789062,205.3041229248047,712800,0.0,0.0
2017-04-11 00:00:00-04:00,239.22000122070312,241.14999389648438,238.22000122070312,241.0500030517578,206.7709503173828,679400,0.0,0.0
2017-04-12 00:00:00-04:00,240.9499969482422,240.9499969482422,239.0399932861328,239.36000061035156,205.3212890625,560000,0.0,0.0
2017-04-13 00:00:00-04:00,239.0399932861328,241.7899932861328,239.0399932861328,240.1999969482422,206.0418243408203,739100,0.0,0.0
2017-04-17 00:00:00-04:00,240.32000732421875,243.27999877929688,240.25999450683594,243.10000610351562,208.52944946289062,750500,0.0,0.0
2017-04-18 00:00:00-04:00,242.63999938964844,244.77999877929688,242.4199981689453,243.17999267578125,208.59805297851562,894300,0.0,0.0
2017-04-19 00:00:00-04:00,243.5500030517578,244.42999267578125,242.55999755859375,243.74000549316406,209.0784149169922,694700,0.0,0.0
2017-04-20 00:00:00-04:00,243.86000061035156,245.9499969482422,243.50999450683594,244.85000610351562,210.0305633544922,662400,0.0,0.0
2017-04-21 00:00:00-04:00,245.1199951171875,247.42999267578125,244.8800048828125,246.3300018310547,211.3000946044922,802200,0.0,0.0
2017-04-24 00:00:00-04:00,248.97999572753906,249.75,247.5800018310547,249.13999938964844,213.71046447753906,1059900,0.0,0.0
2017-04-25 00:00:00-04:00,248.1300048828125,249.6199951171875,247.3800048828125,248.1300048828125,212.84413146972656,1539100,0.0,0.0
2017-04-26 00:00:00-04:00,249.8000030517578,250.0,243.0500030517578,248.05999755859375,212.78408813476562,1753500,0.0,0.0
2017-04-27 00:00:00-04:00,248.9600067138672,249.82000732421875,247.41000366210938,248.39999389648438,213.0757293701172,1010300,0.0,0.0
2017-04-28 00:00:00-04:00,248.89999389648438,249.36000061035156,245.60000610351562,245.9600067138672,210.98272705078125,856400,0.0,0.0
2017-05-01 00:00:00-04:00,246.3000030517578,246.52999877929688,244.32000732421875,244.33999633789062,209.59307861328125,778900,0.0,0.0
2017-05-02 00:00:00-04:00,244.4600067138672,245.67999267578125,243.5,245.3300018310547,210.44229125976562,882600,0.0,0.0
2017-05-03 00:00:00-04:00,244.91000366210938,245.83999633789062,243.9499969482422,245.50999450683594,210.59669494628906,614200,0.0,0.0
2017-05-04 00:00:00-04:00,245.4499969482422,246.02000427246094,243.6300048828125,245.75,210.80264282226562,893500,0.0,0.0
2017-05-05 00:00:00-04:00,246.2899932861328,249.0399932861328,245.5,248.91000366210938,213.5132293701172,719400,0.0,0.0
2017-05-08 00:00:00-04:00,248.6999969482422,249.30999755859375,248.02999877929688,249.13999938964844,213.71046447753906,619500,0.0,0.0
2017-05-09 00:00:00-04:00,249.10000610351562,249.64999389648438,248.64999389648438,249.49000549316406,214.01072692871094,732100,0.0,0.0
2017-05-10 00:00:00-04:00,249.9499969482422,251.00999450683594,246.89999389648438,248.11000061035156,212.8269805908203,780100,0.0,0.0
2017-05-11 00:00:00-04:00,247.08999633789062,248.0500030517578,246.2100067138672,247.52000427246094,212.3208770751953,628700,0.0,0.0
2017-05-12 00:00:00-04:00,247.16000366210938,248.14999389648438,246.5,247.4499969482422,212.26083374023438,523500,0.0,0.0
2017-05-15 00:00:00-04:00,247.11000061035156,248.49000549316406,246.94000244140625,248.25,212.9470977783203,674300,0.0,0.0
2017-05-16 00:00:00-04:00,248.11000061035156,249.3699951171875,246.99000549316406,247.3800048828125,212.20083618164062,549300,0.0,0.0
2017-05-17 00:00:00-04:00,247.3800048828125,248.74000549316406,245.5399932861328,246.32000732421875,211.29150390625,1030500,0.0,0.0
2017-05-18 00:00:00-04:00,245.9199981689453,248.99000549316406,243.38999938964844,246.8800048828125,211.77188110351562,1033600,0.0,0.0
2017-05-19 00:00:00-04:00,248.02000427246094,250.3800048828125,247.60000610351562,249.8800048828125,214.34524536132812,716900,0.0,0.0
2017-05-22 00:00:00-04:00,252.9199981689453,254.0,249.41000366210938,249.4499969482422,213.97640991210938,1062600,0.0,0.0
2017-05-23 00:00:00-04:00,250.0,251.4499969482422,248.5800018310547,250.64999389648438,215.00572204589844,801400,0.0,0.0
2017-05-24 00:00:00-04:00,251.25,253.5800018310547,251.0,253.3800048828125,217.34754943847656,775000,0.0,0.0
2017-05-25 00:00:00-04:00,254.10000610351562,256.82000732421875,253.5,256.5199890136719,220.0409698486328,976500,0.0,0.0
2017-05-26 00:00:00-04:00,256.5199890136719,257.92999267578125,256.29998779296875,256.989990234375,220.4441375732422,552700,0.0,0.0
2017-05-30 00:00:00-04:00,256.8999938964844,257.32000732421875,254.9499969482422,256.2099914550781,219.77511596679688,584600,0.0,0.0
2017-05-31 00:00:00-04:00,257.0400085449219,259.2200012207031,255.6300048828125,259.2200012207031,222.3569793701172,1536300,0.0,0.0
2017-06-01 00:00:00-04:00,257.7300109863281,258.4599914550781,256.19000244140625,257.6099853515625,221.83177185058594,840200,1.0,0.0
2017-06-02 00:00:00-04:00,257.79998779296875,259.2300109863281,257.2200012207031,258.5199890136719,222.61529541015625,687500,0.0,0.0
2017-06-05 00:00:00-04:00,258.5,258.54998779296875,255.60000610351562,255.61000061035156,220.10955810546875,509300,0.0,0.0
2017-06-06 00:00:00-04:00,254.8699951171875,256.54998779296875,253.0800018310547,253.19000244140625,218.02560424804688,676400,0.0,0.0
2017-06-07 00:00:00-04:00,254.0399932861328,255.07000732421875,253.10000610351562,254.6699981689453,219.30006408691406,708700,0.0,0.0
2017-06-08 00:00:00-04:00,254.6699981689453,257.1400146484375,254.19000244140625,256.1400146484375,220.5659637451172,713000,0.0,0.0
2017-06-09 00:00:00-04:00,255.85000610351562,257.1199951171875,255.0,256.69000244140625,221.03956604003906,623600,0.0,0.0
2017-06-12 00:00:00-04:00,256.55999755859375,256.55999755859375,253.6699981689453,255.99000549316406,220.43679809570312,723100,0.0,0.0
2017-06-13 00:00:00-04:00,255.77999877929688,258.3399963378906,254.77000427246094,257.5899963378906,221.8145751953125,570800,0.0,0.0
2017-06-14 00:00:00-04:00,258.010009765625,262.42999267578125,258.0,259.6600036621094,223.5970458984375,793000,0.0,0.0
2017-06-15 00:00:00-04:00,258.0799865722656,259.5299987792969,256.0299987792969,258.6400146484375,222.7187957763672,719200,0.0,0.0
2017-06-16 00:00:00-04:00,259.3500061035156,259.7300109863281,258.2799987792969,258.5899963378906,222.67559814453125,734800,0.0,0.0
2017-06-19 00:00:00-04:00,260.0799865722656,262.0899963378906,259.1000061035156,261.2699890136719,224.9834442138672,604900,0.0,0.0
2017-06-20 00:00:00-04:00,261.0,262.5899963378906,260.1099853515625,260.1600036621094,224.02760314941406,491200,0.0,0.0
2017-06-21 00:00:00-04:00,260.20001220703125,261.3999938964844,259.0,260.2900085449219,224.13955688476562,576400,0.0,0.0
2017-06-22 00:00:00-04:00,259.8699951171875,260.19000244140625,256.8500061035156,256.8900146484375,221.21176147460938,633800,0.0,0.0
2017-06-23 00:00:00-04:00,256.75,258.54998779296875,256.75,257.3999938964844,221.65090942382812,679000,0.0,0.0
2017-06-26 00:00:00-04:00,257.8299865722656,259.9100036621094,255.66000366210938,255.9499969482422,220.40228271484375,840500,0.0,0.0
2017-06-27 00:00:00-04:00,255.49000549316406,257.3299865722656,255.1699981689453,255.3300018310547,219.86843872070312,546200,0.0,0.0
2017-06-28 00:00:00-04:00,256.6499938964844,258.30999755859375,256.1300048828125,257.55999755859375,221.78868103027344,404700,0.0,0.0
2017-06-29 00:00:00-04:00,257.8399963378906,257.8399963378906,252.82000732421875,254.8800048828125,219.4809112548828,643900,0.0,0.0
2017-06-30 00:00:00-04:00,255.77000427246094,257.7699890136719,255.57000732421875,256.7099914550781,221.0567169189453,581400,0.0,0.0
2017-07-03 00:00:00-04:00,257.5299987792969,259.3999938964844,256.6499938964844,257.70001220703125,221.90928649902344,273000,0.0,0.0
2017-07-05 00:00:00-04:00,257.79998779296875,261.0899963378906,257.7799987792969,260.2799987792969,224.13096618652344,442200,0.0,0.0
2017-07-06 00:00:00-04:00,260.05999755859375,261.3599853515625,257.6300048828125,258.94000244140625,222.97705078125,540100,0.0,0.0
2017-07-07 00:00:00-04:00,259.760009765625,263.739990234375,259.3299865722656,261.989990234375,225.60342407226562,642700,0.0,0.0
2017-07-10 00:00:00-04:00,261.6099853515625,263.54998779296875,260.54998779296875,261.7799987792969,225.422607421875,507900,0.0,0.0
2017-07-11 00:00:00-04:00,262.010009765625,263.0,260.1400146484375,262.6400146484375,226.16317749023438,523800,0.0,0.0
2017-07-12 00:00:00-04:00,263.6199951171875,265.1099853515625,263.0,263.9599914550781,227.29978942871094,533600,0.0,0.0
2017-07-13 00:00:00-04:00,264.3699951171875,265.2900085449219,263.2799987792969,263.8599853515625,227.21376037597656,476300,0.0,0.0
2017-07-14 00:00:00-04:00,263.95001220703125,265.510009765625,263.69000244140625,264.8299865722656,228.04898071289062,576900,0.0,0.0
2017-07-17 00:00:00-04:00,264.8399963378906,266.2699890136719,263.260009765625,264.80999755859375,228.03173828125,609600,0.0,0.0
2017-07-18 00:00:00-04:00,265.0400085449219,266.739990234375,263.6400146484375,264.239990234375,227.5409393310547,471500,0.0,0.0
2017-07-19 00:00:00-04:00,264.4200134277344,265.32000732421875,264.07000732421875,264.9200134277344,228.1265411376953,388500,0.0,0.0
2017-07-20 00:00:00-04:00,264.9200134277344,265.55999755859375,263.4200134277344,264.7699890136719,227.99740600585938,519100,0.0,0.0
2017-07-21 00:00:00-04:00,263.6300048828125,265.29998779296875,262.1400146484375,265.29998779296875,228.45376586914062,575700,0.0,0.0
2017-07-24 00:00:00-04:00,265.510009765625,266.3299865722656,265.07000732421875,265.2699890136719,228.42788696289062,530900,0.0,0.0
2017-07-25 00:00:00-04:00,266.45001220703125,266.80999755859375,263.6600036621094,264.04998779296875,227.37734985351562,708200,0.0,0.0
2017-07-26 00:00:00-04:00,264.2300109863281,265.3599853515625,259.3900146484375,263.8599853515625,227.21376037597656,815900,0.0,0.0
2017-07-27 00:00:00-04:00,264.239990234375,264.2900085449219,259.0,260.760009765625,224.54425048828125,1315600,0.0,0.0
2017-07-28 00:00:00-04:00,261.1300048828125,264.2799987792969,260.2200012207031,264.1000061035156,227.42041015625,587700,0.0,0.0
2017-07-31 00:00:00-04:00,264.8900146484375,266.0,263.07000732421875,263.1300048828125,226.5851287841797,638700,0.0,0.0
2017-08-01 00:00:00-04:00,263.32000732421875,264.7200012207031,263.0400085449219,264.6400146484375,227.88540649414062,673000,0.0,0.0
2017-08-02 00:00:00-04:00,264.5199890136719,266.8699951171875,264.1400146484375,266.8299865722656,229.77122497558594,755700,0.0,0.0
2017-08-03 00:00:00-04:00,267.0,268.8999938964844,265.1199951171875,268.7799987792969,231.45042419433594,980100,0.0,0.0
2017-08-04 00:00:00-04:00,268.8999938964844,269.239990234375,267.4599914550781,269.239990234375,231.84654235839844,653000,0.0,0.0
2017-08-07 00:00:00-04:00,269.510009765625,269.7300109863281,268.5199890136719,269.5799865722656,232.1393280029297,696700,0.0,0.0
2017-08-08 00:00:00-04:00,269.3399963378906,270.20001220703125,269.0799865722656,269.82000732421875,232.34605407714844,616100,0.0,0.0
2017-08-09 00:00:00-04:00,270.8500061035156,273.79998779296875,270.1700134277344,273.1000061035156,235.17042541503906,978900,0.0,0.0
2017-08-10 00:00:00-04:00,274.0,274.6099853515625,270.2300109863281,270.54998779296875,232.97454833984375,865300,0.0,0.0
2017-08-11 00:00:00-04:00,271.1099853515625,272.7699890136719,269.1000061035156,269.2799987792969,231.88099670410156,700600,0.0,0.0
2017-08-14 00:00:00-04:00,270.239990234375,271.8900146484375,269.239990234375,271.3999938964844,233.70652770996094,687400,0.0,0.0
2017-08-15 00:00:00-04:00,271.25,271.4800109863281,270.0199890136719,271.1400146484375,233.48263549804688,456400,0.0,0.0
2017-08-16 00:00:00-04:00,271.3599853515625,271.3599853515625,269.0799865722656,269.989990234375,232.49232482910156,931300,0.0,0.0
2017-08-17 00:00:00-04:00,270.0400085449219,270.80999755859375,268.0,268.1300048828125,230.89073181152344,581700,0.0,0.0
2017-08-18 00:00:00-04:00,268.9800109863281,269.1700134277344,267.1700134277344,267.6099853515625,230.4429168701172,551200,0.0,0.0
2017-08-21 00:00:00-04:00,267.7099914550781,268.0400085449219,264.3500061035156,267.70001220703125,230.52041625976562,517600,0.0,0.0
2017-08-22 00:00:00-04:00,269.0,273.489990234375,268.57000732421875,272.82000732421875,234.92929077148438,613200,0.0,0.0
2017-08-23 00:00:00-04:00,271.7200012207031,272.6000061035156,270.489990234375,270.7699890136719,233.16400146484375,413900,0.0,0.0
2017-08-24 00:00:00-04:00,269.8800048828125,270.6400146484375,268.29998779296875,268.5400085449219,232.10093688964844,393600,1.0,0.0
2017-08-25 00:00:00-04:00,269.989990234375,270.57000732421875,268.54998779296875,269.3299865722656,232.7837677001953,616100,0.0,0.0
2017-08-28 00:00:00-04:00,270.0,270.6499938964844,267.17999267578125,267.8999938964844,231.54779052734375,492900,0.0,0.0
2017-08-29 00:00:00-04:00,269.7099914550781,271.5199890136719,268.6099853515625,270.7200012207031,233.98507690429688,473700,0.0,0.0
2017-08-30 00:00:00-04:00,270.80999755859375,271.2099914550781,269.79998779296875,271.010009765625,234.2357635498047,303900,0.0,0.0
2017-08-31 00:00:00-04:00,271.7300109863281,272.7699890136719,270.0199890136719,272.2099914550781,235.27291870117188,689500,0.0,0.0
2017-09-01 00:00:00-04:00,272.0299987792969,272.32000732421875,268.8299865722656,268.8299865722656,232.3516082763672,552800,0.0,0.0
2017-09-05 00:00:00-04:00,270.9200134277344,270.9200134277344,267.79998779296875,268.07000732421875,231.69471740722656,632800,0.0,0.0
2017-09-06 00:00:00-04:00,268.95001220703125,268.95001220703125,265.25,265.2699890136719,229.27462768554688,543600,0.0,0.0
2017-09-07 00:00:00-04:00,265.5299987792969,266.0299987792969,264.3599853515625,265.8699951171875,229.7932586669922,504300,0.0,0.0
2017-09-08 00:00:00-04:00,265.8299865722656,268.1499938964844,265.0,267.45001220703125,231.15884399414062,861000,0.0,0.0
2017-09-11 00:00:00-04:00,268.6000061035156,269.82000732421875,268.0400085449219,269.29998779296875,232.7578125,765300,0.0,0.0
2017-09-12 00:00:00-04:00,268.8800048828125,270.3800048828125,268.4100036621094,268.9599914550781,232.4639434814453,492400,0.0,0.0
2017-09-13 00:00:00-04:00,268.260009765625,268.8299865722656,266.510009765625,266.70001220703125,230.51063537597656,516700,0.0,0.0
2017-09-14 00:00:00-04:00,266.4100036621094,266.6300048828125,264.69000244140625,265.69000244140625,229.63766479492188,562900,0.0,0.0
2017-09-15 00:00:00-04:00,265.75,267.20001220703125,265.0400085449219,267.0299987792969,230.79580688476562,864500,0.0,0.0
2017-09-18 00:00:00-04:00,267.0299987792969,276.20001220703125,264.80999755859375,275.9700012207031,238.5227813720703,1854500,0.0,0.0
2017-09-19 00:00:00-04:00,276.1400146484375,279.8999938964844,275.0199890136719,278.3299865722656,240.56251525878906,1412600,0.0,0.0
2017-09-20 00:00:00-04:00,278.25,281.57000732421875,278.0,280.0400085449219,242.0404510498047,1068000,0.0,0.0
2017-09-21 00:00:00-04:00,279.8900146484375,281.010009765625,278.70001220703125,280.4200134277344,242.36891174316406,565400,0.0,0.0
2017-09-22 00:00:00-04:00,281.5400085449219,282.92999267578125,280.2099914550781,281.54998779296875,243.34547424316406,641300,0.0,0.0
2017-09-25 00:00:00-04:00,281.5,281.6099853515625,278.8800048828125,281.3699951171875,243.18997192382812,716600,0.0,0.0
2017-09-26 00:00:00-04:00,281.6000061035156,284.92999267578125,281.4700012207031,284.739990234375,246.10281372070312,922600,0.0,0.0
2017-09-27 00:00:00-04:00,285.0400085449219,287.2699890136719,284.8299865722656,286.8399963378906,247.9178009033203,890100,0.0,0.0
2017-09-28 00:00:00-04:00,285.7300109863281,286.239990234375,283.92999267578125,284.6199951171875,245.99903869628906,671700,0.0,0.0
2017-09-29 00:00:00-04:00,285.2699890136719,287.80999755859375,283.7699890136719,287.7200012207031,248.67831420898438,618600,0.0,0.0
2017-10-02 00:00:00-04:00,288.5,289.95001220703125,287.2200012207031,289.8999938964844,250.5625457763672,499300,0.0,0.0
2017-10-03 00:00:00-04:00,289.79998779296875,292.32000732421875,289.0199890136719,291.0799865722656,251.58238220214844,576800,0.0,0.0
2017-10-04 00:00:00-04:00,291.0,292.6099853515625,290.2099914550781,292.17999267578125,252.533203125,572200,0.0,0.0
2017-10-05 00:00:00-04:00,291.8900146484375,293.2200012207031,290.9599914550781,292.67999267578125,252.96531677246094,540500,0.0,0.0
2017-10-06 00:00:00-04:00,292.94000244140625,293.3800048828125,291.8500061035156,293.3299865722656,253.527099609375,382000,0.0,0.0
2017-10-09 00:00:00-04:00,293.75,294.9800109863281,292.1499938964844,293.8599853515625,253.98519897460938,727800,0.0,0.0
2017-10-10 00:00:00-04:00,294.7099914550781,294.7099914550781,292.07000732421875,293.3299865722656,253.527099609375,638900,0.0,0.0
2017-10-11 00:00:00-04:00,293.7900085449219,295.3599853515625,292.94000244140625,295.19000244140625,255.1348114013672,487400,0.0,0.0
2017-10-12 00:00:00-04:00,295.1199951171875,298.8800048828125,295.0,298.67999267578125,258.1511535644531,705900,0.0,0.0
2017-10-13 00:00:00-04:00,299.17999267578125,299.3299865722656,296.2200012207031,296.3999938964844,256.1805725097656,771100,0.0,0.0
2017-10-16 00:00:00-04:00,297.0,297.57000732421875,294.30999755859375,295.7799987792969,255.6446075439453,525400,0.0,0.0
2017-10-17 00:00:00-04:00,295.5,295.8699951171875,293.739990234375,294.32000732421875,254.3827667236328,585100,0.0,0.0
2017-10-18 00:00:00-04:00,294.6700134277344,294.6700134277344,290.8500061035156,292.0,252.37753295898438,863300,0.0,0.0
2017-10-19 00:00:00-04:00,292.0,293.1000061035156,288.57000732421875,292.6499938964844,252.9392852783203,662500,0.0,0.0
2017-10-20 00:00:00-04:00,293.75,294.6199951171875,292.0400085449219,294.6000061035156,254.62472534179688,606100,0.0,0.0
2017-10-23 00:00:00-04:00,295.4100036621094,297.1000061035156,294.0,294.04998779296875,254.1493377685547,733000,0.0,0.0
2017-10-24 00:00:00-04:00,293.20001220703125,294.54998779296875,292.239990234375,294.0299987792969,254.13226318359375,969200,0.0,0.0
2017-10-25 00:00:00-04:00,300.6300048828125,306.6099853515625,299.739990234375,304.75,263.3975830078125,1545100,0.0,0.0
2017-10-26 00:00:00-04:00,306.0,306.0,295.55999755859375,297.989990234375,257.5548095703125,1057700,0.0,0.0
2017-10-27 00:00:00-04:00,298.0,299.0199890136719,296.7900085449219,297.6600036621094,257.26953125,642900,0.0,0.0
2017-10-30 00:00:00-04:00,296.8699951171875,298.2900085449219,295.20001220703125,296.3699951171875,256.15460205078125,469200,0.0,0.0
2017-10-31 00:00:00-04:00,296.989990234375,297.4100036621094,295.3900146484375,295.5299987792969,255.42861938476562,462700,0.0,0.0
2017-11-01 00:00:00-04:00,295.6700134277344,296.489990234375,293.9800109863281,294.1700134277344,254.25314331054688,580800,0.0,0.0
2017-11-02 00:00:00-04:00,293.8800048828125,301.489990234375,293.8800048828125,301.3599853515625,260.46759033203125,711800,0.0,0.0
2017-11-03 00:00:00-04:00,301.17999267578125,303.3599853515625,299.1499938964844,301.6600036621094,260.72674560546875,517700,0.0,0.0
2017-11-06 00:00:00-05:00,300.8599853515625,303.489990234375,300.2699890136719,301.8599853515625,260.8995666503906,366700,0.0,0.0
2017-11-07 00:00:00-05:00,301.989990234375,304.6700134277344,301.989990234375,303.30999755859375,262.1528625488281,510800,0.0,0.0
2017-11-08 00:00:00-05:00,303.29998779296875,304.25,302.5,303.29998779296875,262.1443176269531,524600,0.0,0.0
2017-11-09 00:00:00-05:00,302.8699951171875,303.5799865722656,298.0899963378906,299.1400146484375,258.5487060546875,529800,0.0,0.0
2017-11-10 00:00:00-05:00,298.5,299.6600036621094,297.55999755859375,298.1300048828125,257.6758117675781,391900,0.0,0.0
2017-11-13 00:00:00-05:00,297.7300109863281,298.9599914550781,294.44000244140625,298.4800109863281,257.97833251953125,656100,0.0,0.0
2017-11-14 00:00:00-05:00,297.1700134277344,300.5299987792969,296.1499938964844,300.4599914550781,259.6895751953125,521600,0.0,0.0
2017-11-15 00:00:00-05:00,300.7699890136719,302.3399963378906,299.6400146484375,299.94000244140625,259.2401428222656,804900,0.0,0.0
2017-11-16 00:00:00-05:00,300.3800048828125,301.25,299.5299987792969,300.54998779296875,259.7673645019531,440600,0.0,0.0
2017-11-17 00:00:00-05:00,299.57000732421875,300.0899963378906,296.6700134277344,296.8500061035156,256.5694885253906,457200,0.0,0.0
2017-11-20 00:00:00-05:00,296.9599914550781,301.25,296.760009765625,300.94000244140625,260.10443115234375,703200,0.0,0.0
2017-11-21 00:00:00-05:00,302.1400146484375,304.92999267578125,301.0899963378906,304.30999755859375,263.0172119140625,706800,0.0,0.0
2017-11-22 00:00:00-05:00,303.239990234375,303.6199951171875,300.29998779296875,302.0199890136719,261.0379943847656,463700,0.0,0.0
2017-11-24 00:00:00-05:00,302.82000732421875,303.8999938964844,302.19000244140625,302.7200012207031,261.6429748535156,273000,0.0,0.0
2017-11-27 00:00:00-05:00,302.8900146484375,304.25,302.0799865722656,303.6300048828125,262.4294738769531,511600,0.0,0.0
2017-11-28 00:00:00-05:00,305.2200012207031,309.239990234375,304.82000732421875,307.8999938964844,266.1201171875,911000,0.0,0.0
2017-11-29 00:00:00-05:00,308.1400146484375,308.3299865722656,306.04998779296875,306.69000244140625,265.07421875,786000,0.0,0.0
2017-11-30 00:00:00-05:00,307.0,309.760009765625,304.7799987792969,307.3999938964844,265.6878967285156,3033200,0.0,0.0
2017-12-01 00:00:00-05:00,307.0,307.80999755859375,297.0,299.6300048828125,259.8174743652344,1097300,1.0,0.0
2017-12-04 00:00:00-05:00,301.7300109863281,303.1000061035156,300.5,300.55999755859375,260.62384033203125,1180700,0.0,0.0
2017-12-05 00:00:00-05:00,301.5299987792969,301.8399963378906,297.5199890136719,297.75,258.187255859375,584800,0.0,0.0
2017-12-06 00:00:00-05:00,297.9599914550781,301.2900085449219,297.82000732421875,300.20001220703125,260.3116760253906,629600,0.0,0.0
2017-12-07 00:00:00-05:00,300.260009765625,303.8699951171875,300.20001220703125,302.67999267578125,262.462158203125,655100,0.0,0.0
2017-12-08 00:00:00-05:00,303.25,305.6700134277344,301.010009765625,305.6700134277344,265.05487060546875,684300,0.0,0.0
2017-12-11 00:00:00-05:00,306.5199890136719,307.1700134277344,303.8599853515625,304.55999755859375,264.0924072265625,674700,0.0,0.0
2017-12-12 00:00:00-05:00,306.2200012207031,307.9200134277344,305.1000061035156,307.2799987792969,266.4509582519531,977700,0.0,0.0
2017-12-13 00:00:00-05:00,306.9599914550781,311.0799865722656,306.9599914550781,308.4599914550781,267.47412109375,746300,0.0,0.0
2017-12-14 00:00:00-05:00,309.45001220703125,310.0799865722656,306.32000732421875,306.9100036621094,266.1301574707031,904500,0.0,0.0
2017-12-15 00:00:00-05:00,308.5299987792969,311.1499938964844,307.5199890136719,310.4700012207031,269.2171325683594,1333500,0.0,0.0
2017-12-18 00:00:00-05:00,311.0199890136719,311.1300048828125,306.7300109863281,308.3999938964844,267.42218017578125,675200,0.0,0.0
2017-12-19 00:00:00-05:00,308.7200012207031,309.8800048828125,307.0400085449219,307.1199951171875,266.3123474121094,612300,0.0,0.0
2017-12-20 00:00:00-05:00,307.92999267578125,308.510009765625,306.3800048828125,306.6199951171875,265.8786315917969,593400,0.0,0.0
2017-12-21 00:00:00-05:00,307.5400085449219,307.739990234375,304.07000732421875,304.489990234375,264.03167724609375,818100,0.0,0.0
2017-12-22 00:00:00-05:00,305.7699890136719,305.7699890136719,303.70001220703125,303.7799987792969,263.416015625,567100,0.0,0.0
2017-12-26 00:00:00-05:00,304.4200134277344,306.42999267578125,303.7300109863281,303.8399963378906,263.4681091308594,498500,0.0,0.0
2017-12-27 00:00:00-05:00,304.6499938964844,306.3299865722656,304.0799865722656,306.1600036621094,265.4798583984375,468200,0.0,0.0
2017-12-28 00:00:00-05:00,306.82000732421875,308.510009765625,305.8500061035156,308.2900085449219,267.3268737792969,376700,0.0,0.0
2017-12-29 00:00:00-05:00,308.25,309.19000244140625,306.9100036621094,306.9100036621094,266.1301574707031,430900,0.0,0.0
2018-01-02 00:00:00-05:00,307.3500061035156,307.7200012207031,303.2099914550781,305.239990234375,264.6820068359375,715000,0.0,0.0
2018-01-03 00:00:00-05:00,304.739990234375,307.25,304.6099853515625,306.6499938964844,265.9046325683594,722100,0.0,0.0
2018-01-04 00:00:00-05:00,306.5799865722656,308.7099914550781,305.6099853515625,308.54998779296875,267.55224609375,582400,0.0,0.0
2018-01-05 00:00:00-05:00,309.0899963378906,310.239990234375,307.2099914550781,308.2200012207031,267.2659912109375,842800,0.0,0.0
2018-01-08 00:00:00-05:00,308.95001220703125,309.3399963378906,307.57000732421875,308.260009765625,267.3007507324219,660800,0.0,0.0
2018-01-09 00:00:00-05:00,309.2300109863281,312.92999267578125,308.7099914550781,310.3900146484375,269.14776611328125,828900,0.0,0.0
2018-01-10 00:00:00-05:00,309.3399963378906,309.4800109863281,306.3599853515625,307.6099853515625,266.73712158203125,676100,0.0,0.0
2018-01-11 00:00:00-05:00,308.8800048828125,309.7099914550781,308.260009765625,309.54998779296875,268.4192810058594,493200,0.0,0.0
2018-01-12 00:00:00-05:00,310.0,315.7099914550781,309.6700134277344,315.1499938964844,273.2752685546875,706100,0.0,0.0
2018-01-16 00:00:00-05:00,317.4200134277344,318.70001220703125,312.3299865722656,312.5400085449219,271.0120544433594,756100,0.0,0.0
2018-01-17 00:00:00-05:00,314.989990234375,317.80999755859375,313.32000732421875,317.510009765625,275.32171630859375,613100,0.0,0.0
2018-01-18 00:00:00-05:00,317.5,318.70001220703125,314.0,314.29998779296875,272.5382080078125,598700,0.0,0.0
2018-01-19 00:00:00-05:00,316.2300109863281,317.19000244140625,314.69000244140625,316.3699951171875,274.3331604003906,874000,0.0,0.0
2018-01-22 00:00:00-05:00,316.1000061035156,316.5799865722656,313.55999755859375,315.1400146484375,273.2666320800781,731300,0.0,0.0
2018-01-23 00:00:00-05:00,315.2300109863281,315.3500061035156,312.6700134277344,313.4800109863281,271.8271789550781,653700,0.0,0.0
2018-01-24 00:00:00-05:00,313.45001220703125,316.32000732421875,312.67999267578125,313.4599914550781,271.8098449707031,857500,0.0,0.0
2018-01-25 00:00:00-05:00,316.739990234375,325.989990234375,314.4700012207031,325.0,281.8164978027344,1406000,0.0,0.0
2018-01-26 00:00:00-05:00,326.0799865722656,335.57000732421875,323.6300048828125,335.55999755859375,290.973388671875,1297900,0.0,0.0
2018-01-29 00:00:00-05:00,336.0,341.260009765625,335.04998779296875,338.3399963378906,293.3839111328125,1389800,0.0,0.0
2018-01-30 00:00:00-05:00,335.2799987792969,341.2799987792969,333.5199890136719,339.4599914550781,294.3551025390625,1297400,0.0,0.0
2018-01-31 00:00:00-05:00,340.6300048828125,344.20001220703125,339.6199951171875,340.5299987792969,295.282958984375,1318300,0.0,0.0
2018-02-01 00:00:00-05:00,340.5299987792969,349.17999267578125,340.239990234375,342.8599853515625,297.30340576171875,1455200,0.0,0.0
2018-02-02 00:00:00-05:00,340.8999938964844,344.1700134277344,336.7200012207031,336.7900085449219,292.0399169921875,1227000,0.0,0.0
2018-02-05 00:00:00-05:00,333.75,339.5299987792969,316.2699890136719,322.3699951171875,279.5359191894531,1541600,0.0,0.0
2018-02-06 00:00:00-05:00,314.1099853515625,329.0,313.010009765625,327.5,283.9843444824219,1716400,0.0,0.0
2018-02-07 00:00:00-05:00,326.760009765625,342.1400146484375,326.010009765625,337.6600036621094,292.79425048828125,2099900,0.0,0.0
2018-02-08 00:00:00-05:00,338.4100036621094,341.6700134277344,323.4599914550781,324.010009765625,280.95806884765625,1520900,0.0,0.0
2018-02-09 00:00:00-05:00,327.9100036621094,338.0,323.4599914550781,332.69000244140625,288.48468017578125,1750000,0.0,0.0
2018-02-12 00:00:00-05:00,334.6000061035156,341.3399963378906,330.57000732421875,337.44000244140625,292.6035461425781,1284800,0.0,0.0
2018-02-13 00:00:00-05:00,335.1199951171875,344.3800048828125,335.1199951171875,343.3599853515625,297.73687744140625,897900,0.0,0.0
2018-02-14 00:00:00-05:00,346.1499938964844,350.4200134277344,342.3999938964844,349.6199951171875,303.1651611328125,1536800,0.0,0.0
2018-02-15 00:00:00-05:00,352.989990234375,357.0,352.05999755859375,356.9100036621094,309.48651123046875,1316900,0.0,0.0
2018-02-16 00:00:00-05:00,355.9100036621094,358.8399963378906,354.739990234375,356.0,308.6973876953125,957900,0.0,0.0
2018-02-20 00:00:00-05:00,352.45001220703125,355.1600036621094,348.5799865722656,350.3599853515625,303.80682373046875,1171800,0.0,0.0
2018-02-21 00:00:00-05:00,352.30999755859375,356.30999755859375,350.4200134277344,350.82000732421875,304.2057800292969,1337100,0.0,0.0
2018-02-22 00:00:00-05:00,351.7900085449219,352.55999755859375,347.5199890136719,348.6300048828125,302.3067932128906,842400,0.0,0.0
2018-02-23 00:00:00-05:00,350.0,351.5799865722656,348.1700134277344,351.510009765625,304.8040466308594,845000,0.0,0.0
2018-02-26 00:00:00-05:00,353.20001220703125,355.8399963378906,352.1499938964844,355.0899963378906,307.90826416015625,504700,0.0,0.0
2018-02-27 00:00:00-05:00,354.6499938964844,359.42999267578125,353.5799865722656,353.6600036621094,306.6684265136719,876000,0.0,0.0
2018-02-28 00:00:00-05:00,354.29998779296875,357.260009765625,349.7699890136719,350.0400085449219,303.5293884277344,1018900,0.0,0.0
2018-03-01 00:00:00-05:00,351.1199951171875,351.8699951171875,337.2200012207031,339.5400085449219,294.424560546875,1461100,0.0,0.0
2018-03-02 00:00:00-05:00,336.67999267578125,344.69000244140625,334.3999938964844,343.04998779296875,298.43499755859375,1147300,1.1,0.0
2018-03-05 00:00:00-05:00,340.95001220703125,345.3900146484375,337.54998779296875,344.7900085449219,299.9485778808594,1387100,0.0,0.0
2018-03-06 00:00:00-05:00,345.44000244140625,346.2099914550781,340.82000732421875,341.8699951171875,297.40838623046875,908300,0.0,0.0
2018-03-07 00:00:00-05:00,337.989990234375,347.42999267578125,336.3599853515625,346.82000732421875,301.7146911621094,869800,0.0,0.0
2018-03-08 00:00:00-05:00,348.1000061035156,348.2200012207031,344.2699890136719,346.3599853515625,301.3144836425781,654600,0.0,0.0
2018-03-09 00:00:00-05:00,347.239990234375,349.8699951171875,344.010009765625,349.6400146484375,304.1679992675781,782500,0.0,0.0
2018-03-12 00:00:00-04:00,352.8299865722656,352.8299865722656,342.6400146484375,344.7200012207031,299.88775634765625,938600,0.0,0.0
2018-03-13 00:00:00-04:00,346.2699890136719,348.6400146484375,342.8500061035156,344.3299865722656,299.5484924316406,947100,0.0,0.0
2018-03-14 00:00:00-04:00,346.69000244140625,346.75,338.05999755859375,340.1000061035156,295.8685302734375,811200,0.0,0.0
2018-03-15 00:00:00-04:00,340.8999938964844,342.5400085449219,338.5199890136719,340.82000732421875,296.4949951171875,1061000,0.0,0.0
2018-03-16 00:00:00-04:00,340.6700134277344,343.20001220703125,338.20001220703125,338.6300048828125,294.5898132324219,1268900,0.0,0.0
2018-03-19 00:00:00-04:00,338.17999267578125,345.5400085449219,336.8999938964844,344.92999267578125,300.0704650878906,1004200,0.0,0.0
2018-03-20 00:00:00-04:00,345.29998779296875,349.75,344.6300048828125,347.5799865722656,302.37579345703125,634100,0.0,0.0
2018-03-21 00:00:00-04:00,347.92999267578125,350.6199951171875,345.8999938964844,347.2200012207031,302.0627136230469,607000,0.0,0.0
2018-03-22 00:00:00-04:00,344.80999755859375,346.04998779296875,338.1000061035156,338.8299865722656,294.7638244628906,770400,0.0,0.0
2018-03-23 00:00:00-04:00,340.7099914550781,356.9700012207031,340.7099914550781,345.7699890136719,300.8012390136719,1587100,0.0,0.0
2018-03-26 00:00:00-04:00,350.0,355.8399963378906,349.44000244140625,355.2300109863281,309.03082275390625,1005100,0.0,0.0
2018-03-27 00:00:00-04:00,356.010009765625,358.5,347.2799987792969,349.2900085449219,303.8633728027344,1137800,0.0,0.0
2018-03-28 00:00:00-04:00,350.510009765625,350.6700134277344,341.7200012207031,344.7099914550781,299.8790588378906,923400,0.0,0.0
2018-03-29 00:00:00-04:00,345.9800109863281,351.3299865722656,344.79998779296875,349.1199951171875,303.7155456542969,1077200,0.0,0.0
2018-04-02 00:00:00-04:00,349.25,350.44000244140625,338.7300109863281,345.5199890136719,300.583740234375,1041600,0.0,0.0
2018-04-03 00:00:00-04:00,346.3399963378906,347.6400146484375,340.6499938964844,346.0400085449219,301.0360412597656,1023600,0.0,0.0
2018-04-04 00:00:00-04:00,340.19000244140625,353.55999755859375,338.010009765625,353.44000244140625,307.4737243652344,949100,0.0,0.0
2018-04-05 00:00:00-04:00,355.010009765625,360.8800048828125,352.54998779296875,360.0299987792969,313.2066955566406,1133400,0.0,0.0
2018-04-06 00:00:00-04:00,356.70001220703125,359.6000061035156,349.4700012207031,351.7200012207031,305.9773864746094,1079500,0.0,0.0
2018-04-09 00:00:00-04:00,353.6099853515625,355.0,346.70001220703125,347.5899963378906,302.3845520019531,961700,0.0,0.0
2018-04-10 00:00:00-04:00,352.32000732421875,352.8999938964844,343.8800048828125,346.739990234375,301.6450500488281,1035000,0.0,0.0
2018-04-11 00:00:00-04:00,345.6499938964844,351.2900085449219,345.04998779296875,346.6499938964844,301.5667419433594,794700,0.0,0.0
2018-04-12 00:00:00-04:00,349.0299987792969,353.55999755859375,348.8500061035156,352.04998779296875,306.2644348144531,696700,0.0,0.0
2018-04-13 00:00:00-04:00,353.5799865722656,353.9800109863281,348.7200012207031,350.6000061035156,305.0030517578125,722600,0.0,0.0
2018-04-16 00:00:00-04:00,353.1499938964844,353.989990234375,350.70001220703125,351.75,306.0034484863281,841400,0.0,0.0
2018-04-17 00:00:00-04:00,352.8599853515625,356.010009765625,349.95001220703125,355.0400085449219,308.8656921386719,1245400,0.0,0.0
2018-04-18 00:00:00-04:00,357.1199951171875,359.45001220703125,354.1000061035156,357.70001220703125,311.1796875,626200,0.0,0.0
2018-04-19 00:00:00-04:00,357.7900085449219,359.8800048828125,356.19000244140625,358.0199890136719,311.4581298828125,676900,0.0,0.0
2018-04-20 00:00:00-04:00,359.4800109863281,359.4800109863281,354.6300048828125,355.9200134277344,309.6312255859375,653200,0.0,0.0
2018-04-23 00:00:00-04:00,356.6700134277344,358.8699951171875,353.0899963378906,356.1199951171875,309.80523681640625,886300,0.0,0.0
2018-04-24 00:00:00-04:00,358.1300048828125,359.3500061035156,332.6600036621094,341.5199890136719,297.10394287109375,1885000,0.0,0.0
2018-04-25 00:00:00-04:00,337.0,340.6700134277344,318.010009765625,332.6199951171875,289.3613586425781,2144800,0.0,0.0
2018-04-26 00:00:00-04:00,335.0,339.8800048828125,327.75,333.9599914550781,290.52716064453125,1367200,0.0,0.0
2018-04-27 00:00:00-04:00,333.0,333.3699951171875,320.8299865722656,321.8500061035156,279.9920654296875,1474100,0.0,0.0
2018-04-30 00:00:00-04:00,323.05999755859375,326.510009765625,321.3500061035156,322.0400085449219,280.1573486328125,1100100,0.0,0.0
2018-05-01 00:00:00-04:00,322.2099914550781,322.739990234375,302.3500061035156,307.2200012207031,267.2648010253906,3286300,0.0,0.0
2018-05-02 00:00:00-04:00,307.2200012207031,315.6199951171875,305.2200012207031,307.1600036621094,267.21258544921875,2165000,0.0,0.0
2018-05-03 00:00:00-04:00,305.8999938964844,319.6199951171875,304.0299987792969,315.67999267578125,274.62457275390625,1988900,0.0,0.0
2018-05-04 00:00:00-04:00,313.42999267578125,315.2300109863281,311.5400085449219,313.8500061035156,273.03253173828125,993600,0.0,0.0
2018-05-07 00:00:00-04:00,315.6199951171875,319.3699951171875,314.2799987792969,317.1300048828125,275.8860168457031,1173200,0.0,0.0
2018-05-08 00:00:00-04:00,319.3599853515625,330.2200012207031,318.2699890136719,329.2699890136719,286.4469909667969,2055500,0.0,0.0
2018-05-09 00:00:00-04:00,330.19000244140625,331.6300048828125,326.20001220703125,327.5899963378906,284.985595703125,1169400,0.0,0.0
2018-05-10 00:00:00-04:00,329.6000061035156,330.489990234375,325.79998779296875,326.4100036621094,283.9590759277344,1230000,0.0,0.0
2018-05-11 00:00:00-04:00,326.6499938964844,326.95001220703125,324.3800048828125,325.29998779296875,282.993408203125,826800,0.0,0.0
2018-05-14 00:00:00-04:00,325.1600036621094,325.6000061035156,318.0799865722656,318.7200012207031,277.2692565917969,1192600,0.0,0.0
2018-05-15 00:00:00-04:00,317.3500061035156,323.3500061035156,316.3699951171875,319.9700012207031,278.35662841796875,1249500,0.0,0.0
2018-05-16 00:00:00-04:00,321.82000732421875,324.9200134277344,320.20001220703125,321.1600036621094,279.3919372558594,982500,0.0,0.0
2018-05-17 00:00:00-04:00,321.1400146484375,325.739990234375,320.6600036621094,324.5199890136719,282.3148498535156,1013500,0.0,0.0
2018-05-18 00:00:00-04:00,325.1499938964844,330.2900085449219,325.010009765625,329.0199890136719,286.2295837402344,1185500,0.0,0.0
2018-05-21 00:00:00-04:00,330.7099914550781,332.92999267578125,328.92999267578125,331.3599853515625,288.2652893066406,735000,0.0,0.0
2018-05-22 00:00:00-04:00,330.1499938964844,330.1499938964844,323.19000244140625,324.5,282.2975769042969,1557200,0.0,0.0
2018-05-23 00:00:00-04:00,323.0899963378906,328.3599853515625,322.17999267578125,328.2300109863281,285.54241943359375,825300,0.0,0.0
2018-05-24 00:00:00-04:00,328.0,333.54998779296875,327.0899963378906,332.80999755859375,289.5267639160156,1388500,0.0,0.0
2018-05-25 00:00:00-04:00,333.0,333.92999267578125,330.1700134277344,331.92999267578125,288.7611083984375,1047100,0.0,0.0
2018-05-29 00:00:00-04:00,330.1400146484375,331.5199890136719,323.7200012207031,326.4800109863281,284.01995849609375,1062500,0.0,0.0
2018-05-30 00:00:00-04:00,328.07000732421875,332.0,325.70001220703125,331.57000732421875,288.4479064941406,733100,0.0,0.0
2018-05-31 00:00:00-04:00,330.1400146484375,331.7900085449219,326.6000061035156,327.25,284.6897888183594,2126400,0.0,0.0
2018-06-01 00:00:00-04:00,327.6400146484375,330.19000244140625,327.6400146484375,329.989990234375,288.1300048828125,883800,1.2,0.0
2018-06-04 00:00:00-04:00,330.0,333.1700134277344,329.2900085449219,332.80999755859375,290.5923767089844,684700,0.0,0.0
2018-06-05 00:00:00-04:00,333.3299865722656,333.42999267578125,328.42999267578125,329.19000244140625,287.431640625,867900,0.0,0.0
2018-06-06 00:00:00-04:00,332.4100036621094,337.25,332.4100036621094,335.2200012207031,292.69659423828125,1358800,0.0,0.0
2018-06-07 00:00:00-04:00,336.6700134277344,340.1400146484375,336.3500061035156,338.07000732421875,295.18499755859375,748600,0.0,0.0
2018-06-08 00:00:00-04:00,338.9700012207031,339.20001220703125,336.1400146484375,338.6300048828125,295.6739807128906,848900,0.0,0.0
2018-06-11 00:00:00-04:00,338.5,339.8399963378906,333.82000732421875,334.3599853515625,291.9457702636719,863500,0.0,0.0
2018-06-12 00:00:00-04:00,335.9100036621094,335.9100036621094,327.19000244140625,329.3500061035156,287.5712890625,1223800,0.0,0.0
2018-06-13 00:00:00-04:00,329.1700134277344,331.25,326.6600036621094,327.82000732421875,286.2353210449219,928900,0.0,0.0
2018-06-14 00:00:00-04:00,328.0199890136719,330.0,321.510009765625,322.55999755859375,281.6424865722656,1135400,0.0,0.0
2018-06-15 00:00:00-04:00,322.55999755859375,323.9200134277344,318.80999755859375,321.5199890136719,280.73443603515625,1540200,0.0,0.0
2018-06-18 00:00:00-04:00,320.79998779296875,323.44000244140625,320.05999755859375,322.4200134277344,281.5203857421875,932700,0.0,0.0
2018-06-19 00:00:00-04:00,318.82000732421875,320.7200012207031,313.0199890136719,313.8399963378906,274.0287170410156,1118000,0.0,0.0
2018-06-20 00:00:00-04:00,314.3299865722656,315.1000061035156,311.55999755859375,312.0799865722656,272.491943359375,999900,0.0,0.0
2018-06-21 00:00:00-04:00,310.95001220703125,313.8900146484375,307.260009765625,313.45001220703125,273.688232421875,1650800,0.0,0.0
2018-06-22 00:00:00-04:00,315.0,316.4700012207031,311.3999938964844,312.05999755859375,272.47442626953125,900800,0.0,0.0
2018-06-25 00:00:00-04:00,309.3900146484375,314.92999267578125,309.010009765625,313.7200012207031,273.9239501953125,1240800,0.0,0.0
2018-06-26 00:00:00-04:00,314.1700134277344,315.1400146484375,309.0299987792969,309.3399963378906,270.0995788574219,1127100,0.0,0.0
2018-06-27 00:00:00-04:00,309.92999267578125,313.239990234375,306.4800109863281,306.5899963378906,267.69842529296875,1053400,0.0,0.0
2018-06-28 00:00:00-04:00,306.7300109863281,309.7300109863281,303.0199890136719,307.7200012207031,268.6851501464844,879900,0.0,0.0
2018-06-29 00:00:00-04:00,308.4599914550781,312.8800048828125,307.44000244140625,307.70001220703125,268.6675109863281,688700,0.0,0.0
2018-07-02 00:00:00-04:00,306.44000244140625,310.9800109863281,304.6199951171875,308.8699951171875,269.6890869140625,636700,0.0,0.0
2018-07-03 00:00:00-04:00,309.9100036621094,312.1000061035156,307.7799987792969,308.8399963378906,269.6629333496094,336000,0.0,0.0
2018-07-05 00:00:00-04:00,309.5400085449219,310.510009765625,305.54998779296875,308.25,269.14776611328125,677800,0.0,0.0
2018-07-06 00:00:00-04:00,307.3699951171875,310.0899963378906,305.1300048828125,307.3599853515625,268.3706970214844,689600,0.0,0.0
2018-07-09 00:00:00-04:00,308.489990234375,315.3399963378906,308.1199951171875,313.70001220703125,273.906494140625,864300,0.0,0.0
2018-07-10 00:00:00-04:00,313.75,315.5,312.57000732421875,315.1199951171875,275.1463623046875,801100,0.0,0.0
2018-07-11 00:00:00-04:00,313.1099853515625,314.5799865722656,311.04998779296875,311.7699890136719,272.2211608886719,720900,0.0,0.0
2018-07-12 00:00:00-04:00,315.67999267578125,322.510009765625,314.0400085449219,322.1300048828125,281.2671203613281,1216400,0.0,0.0
2018-07-13 00:00:00-04:00,319.95001220703125,322.30999755859375,316.2799987792969,321.7300109863281,280.91778564453125,1417500,0.0,0.0
2018-07-16 00:00:00-04:00,322.7900085449219,324.4700012207031,320.0799865722656,320.3299865722656,279.6954650878906,607600,0.0,0.0
2018-07-17 00:00:00-04:00,320.95001220703125,322.5299987792969,319.69000244140625,321.20001220703125,280.4550476074219,762800,0.0,0.0
2018-07-18 00:00:00-04:00,322.1700134277344,324.4100036621094,320.5199890136719,323.7099914550781,282.6465759277344,921200,0.0,0.0
2018-07-19 00:00:00-04:00,322.95001220703125,324.4100036621094,321.0199890136719,324.1600036621094,283.0395812988281,856300,0.0,0.0
2018-07-20 00:00:00-04:00,322.7300109863281,325.2799987792969,321.4200134277344,323.92999267578125,282.8387756347656,678000,0.0,0.0
2018-07-23 00:00:00-04:00,324.67999267578125,324.67999267578125,316.3500061035156,316.6700134277344,276.4997253417969,787600,0.0,0.0
2018-07-24 00:00:00-04:00,320.1499938964844,323.7799987792969,310.54998779296875,316.1700134277344,276.0631408691406,1926500,0.0,0.0
2018-07-25 00:00:00-04:00,310.0,312.8699951171875,293.2699890136719,295.5,258.01519775390625,4482900,0.0,0.0
2018-07-26 00:00:00-04:00,293.5,295.510009765625,287.0899963378906,295.30999755859375,257.8492431640625,3206500,0.0,0.0
2018-07-27 00:00:00-04:00,295.989990234375,302.57000732421875,295.989990234375,301.6499938964844,263.3850402832031,2140700,0.0,0.0
2018-07-30 00:00:00-04:00,300.6700134277344,301.6400146484375,294.1600036621094,294.8299865722656,257.4300842285156,1272800,0.0,0.0
2018-07-31 00:00:00-04:00,296.70001220703125,302.55999755859375,294.7200012207031,300.489990234375,262.3721923828125,1724000,0.0,0.0
2018-08-01 00:00:00-04:00,300.0,301.4599914550781,297.7300109863281,300.8999938964844,262.7301330566406,1476600,0.0,0.0
2018-08-02 00:00:00-04:00,297.70001220703125,300.1199951171875,296.7200012207031,298.69000244140625,260.8005676269531,924300,0.0,0.0
2018-08-03 00:00:00-04:00,298.42999267578125,298.6700134277344,295.0,297.25,259.5430908203125,703900,0.0,0.0
2018-08-06 00:00:00-04:00,296.510009765625,297.0400085449219,292.3800048828125,295.42999267578125,257.9540100097656,997000,0.0,0.0
2018-08-07 00:00:00-04:00,295.69000244140625,297.82000732421875,293.0199890136719,295.260009765625,257.8055114746094,1082000,0.0,0.0
2018-08-08 00:00:00-04:00,295.3900146484375,295.79998779296875,293.25,294.95001220703125,257.53497314453125,674900,0.0,0.0
2018-08-09 00:00:00-04:00,295.70001220703125,295.7200012207031,289.8599853515625,291.42999267578125,254.4614715576172,1654800,0.0,0.0
2018-08-10 00:00:00-04:00,290.8299865722656,294.70001220703125,289.29998779296875,291.32000732421875,254.36544799804688,987700,0.0,0.0
2018-08-13 00:00:00-04:00,291.2300109863281,293.4200134277344,290.2900085449219,292.0199890136719,254.97666931152344,894600,0.0,0.0
2018-08-14 00:00:00-04:00,292.9800109863281,296.29998779296875,292.0299987792969,293.8599853515625,256.5832214355469,949500,0.0,0.0
2018-08-15 00:00:00-04:00,292.57000732421875,293.19000244140625,290.0,291.510009765625,254.5313262939453,1056100,0.0,0.0
2018-08-16 00:00:00-04:00,292.260009765625,293.7300109863281,291.2699890136719,291.989990234375,254.95045471191406,935000,0.0,0.0
2018-08-17 00:00:00-04:00,291.239990234375,295.79998779296875,290.7699890136719,294.3900146484375,257.04595947265625,1127400,0.0,0.0
2018-08-20 00:00:00-04:00,295.0,298.6000061035156,294.29998779296875,297.5,259.761474609375,1170200,0.0,0.0
2018-08-21 00:00:00-04:00,296.7900085449219,298.739990234375,296.6300048828125,298.17999267578125,260.35516357421875,1653100,0.0,0.0
2018-08-22 00:00:00-04:00,297.0899963378906,299.19000244140625,296.70001220703125,297.239990234375,259.5344543457031,984800,0.0,0.0
2018-08-23 00:00:00-04:00,296.6099853515625,299.6600036621094,295.739990234375,297.5799865722656,259.831298828125,1409400,0.0,0.0
2018-08-24 00:00:00-04:00,296.3599853515625,299.8500061035156,296.3599853515625,298.0400085449219,261.28662109375,975500,1.2,0.0
2018-08-27 00:00:00-04:00,299.17999267578125,300.8900146484375,298.1499938964844,300.1300048828125,263.11883544921875,636200,0.0,0.0
2018-08-28 00:00:00-04:00,300.44000244140625,300.760009765625,298.1099853515625,300.4100036621094,263.3643493652344,797600,0.0,0.0
2018-08-29 00:00:00-04:00,299.30999755859375,300.6000061035156,296.32000732421875,297.1099853515625,260.4712219238281,1233400,0.0,0.0
2018-08-30 00:00:00-04:00,297.0299987792969,299.5,296.17999267578125,298.69000244140625,261.8564453125,1012500,0.0,0.0
2018-08-31 00:00:00-04:00,297.54998779296875,299.25,296.92999267578125,298.489990234375,261.68109130859375,1040800,0.0,0.0
2018-09-04 00:00:00-04:00,297.67999267578125,298.7099914550781,296.2200012207031,297.6499938964844,260.9446716308594,1099600,0.0,0.0
2018-09-05 00:00:00-04:00,296.95001220703125,298.1499938964844,295.760009765625,296.75,260.15570068359375,646600,0.0,0.0
2018-09-06 00:00:00-04:00,297.0400085449219,302.17999267578125,297.0400085449219,301.69000244140625,264.4864501953125,1171000,0.0,0.0
2018-09-07 00:00:00-04:00,301.2200012207031,301.3500061035156,298.4200134277344,300.5199890136719,263.4608154296875,740700,0.0,0.0
2018-09-10 00:00:00-04:00,300.8800048828125,304.0199890136719,298.57000732421875,303.94000244140625,266.4590148925781,1775900,0.0,0.0
2018-09-11 00:00:00-04:00,302.8999938964844,305.42999267578125,301.79998779296875,302.9700012207031,265.608642578125,1253100,0.0,0.0
2018-09-12 00:00:00-04:00,302.04998779296875,304.4200134277344,301.4599914550781,303.5299987792969,266.0996398925781,899500,0.0,0.0
2018-09-13 00:00:00-04:00,303.5,308.0400085449219,300.0299987792969,303.4100036621094,265.99444580078125,1192000,0.0,0.0
2018-09-14 00:00:00-04:00,303.79998779296875,307.7300109863281,303.010009765625,307.3399963378906,269.4397277832031,838000,0.0,0.0
2018-09-17 00:00:00-04:00,307.44000244140625,311.5,307.010009765625,311.0199890136719,272.66595458984375,1115400,0.0,0.0
2018-09-18 00:00:00-04:00,311.42999267578125,318.05999755859375,311.42999267578125,317.6300048828125,278.46075439453125,1310200,0.0,0.0
2018-09-19 00:00:00-04:00,317.6600036621094,319.1000061035156,310.9700012207031,312.260009765625,273.7530822753906,1823300,0.0,0.0
2018-09-20 00:00:00-04:00,311.79998779296875,312.8500061035156,296.6600036621094,301.4100036621094,264.2410888671875,2468000,0.0,0.0
2018-09-21 00:00:00-04:00,303.0,307.92999267578125,302.760009765625,306.69000244140625,268.86993408203125,1692800,0.0,0.0
2018-09-24 00:00:00-04:00,306.6600036621094,307.1000061035156,304.1000061035156,306.1099853515625,268.3614501953125,815900,0.0,0.0
2018-09-25 00:00:00-04:00,306.67999267578125,314.739990234375,306.1099853515625,314.4100036621094,275.6379089355469,1167400,0.0,0.0
2018-09-26 00:00:00-04:00,315.489990234375,316.5400085449219,313.05999755859375,314.5799865722656,275.7869567871094,1495700,0.0,0.0
2018-09-27 00:00:00-04:00,314.2799987792969,316.8500061035156,312.489990234375,316.7699890136719,277.7069091796875,1285200,0.0,0.0
2018-09-28 00:00:00-04:00,316.4100036621094,317.6300048828125,315.1000061035156,317.3699951171875,278.2328796386719,1015900,0.0,0.0
2018-10-01 00:00:00-04:00,318.04998779296875,319.44000244140625,316.1000061035156,318.5,279.2236022949219,829900,0.0,0.0
2018-10-02 00:00:00-04:00,319.1000061035156,319.6600036621094,317.8500061035156,318.7699890136719,279.460205078125,757400,0.0,0.0
2018-10-03 00:00:00-04:00,320.0,321.7200012207031,317.5,317.6300048828125,278.46075439453125,877500,0.0,0.0
2018-10-04 00:00:00-04:00,317.760009765625,318.3900146484375,315.6099853515625,318.0899963378906,278.8641662597656,787600,0.0,0.0
2018-10-05 00:00:00-04:00,318.5799865722656,321.3399963378906,316.5899963378906,320.3399963378906,280.83660888671875,1086300,0.0,0.0
2018-10-08 00:00:00-04:00,318.67999267578125,320.8999938964844,316.6099853515625,319.0,279.661865234375,776000,0.0,0.0
2018-10-09 00:00:00-04:00,317.8900146484375,318.1400146484375,314.07000732421875,314.20001220703125,275.453857421875,873600,0.0,0.0
2018-10-10 00:00:00-04:00,313.239990234375,313.7900085449219,306.8699951171875,309.04998779296875,270.93890380859375,1451200,0.0,0.0
2018-10-11 00:00:00-04:00,307.0799865722656,308.510009765625,296.2099914550781,297.6199951171875,260.9184265136719,1375600,0.0,0.0
2018-10-12 00:00:00-04:00,300.8699951171875,302.8599853515625,294.9599914550781,302.3699951171875,265.0826110839844,1370700,0.0,0.0
2018-10-15 00:00:00-04:00,303.1000061035156,307.8900146484375,302.739990234375,305.6000061035156,267.914306640625,896700,0.0,0.0
2018-10-16 00:00:00-04:00,306.45001220703125,312.3399963378906,305.0799865722656,312.0899963378906,273.6040344238281,1185000,0.0,0.0
2018-10-17 00:00:00-04:00,311.57000732421875,312.6199951171875,309.1199951171875,309.5,271.3334655761719,1098100,0.0,0.0
2018-10-18 00:00:00-04:00,307.9599914550781,310.25,304.2300109863281,308.20001220703125,270.1937255859375,976200,0.0,0.0
2018-10-19 00:00:00-04:00,307.75,310.239990234375,306.54998779296875,307.6700134277344,269.7290954589844,1398000,0.0,0.0
2018-10-22 00:00:00-04:00,308.5299987792969,308.5299987792969,305.3399963378906,306.75,268.9225158691406,764400,0.0,0.0
2018-10-23 00:00:00-04:00,302.739990234375,309.7200012207031,299.5799865722656,304.1199951171875,266.61676025390625,1336800,0.0,0.0
2018-10-24 00:00:00-04:00,310.3800048828125,311.0,285.1499938964844,285.8599853515625,250.60862731933594,2415600,0.0,0.0
2018-10-25 00:00:00-04:00,286.2300109863281,286.989990234375,268.510009765625,269.9800109863281,236.6868896484375,2738500,0.0,0.0
2018-10-26 00:00:00-04:00,267.1099853515625,271.92999267578125,263.5400085449219,269.8399963378906,236.56414794921875,1971600,0.0,0.0
2018-10-29 00:00:00-04:00,273.3900146484375,273.8999938964844,253.1199951171875,256.29998779296875,224.69384765625,2520700,0.0,0.0
2018-10-30 00:00:00-04:00,254.8800048828125,261.25,251.66000366210938,261.1000061035156,228.90191650390625,2453000,0.0,0.0
2018-10-31 00:00:00-04:00,263.739990234375,266.82000732421875,261.6600036621094,261.95001220703125,229.64710998535156,1550700,0.0,0.0
2018-11-01 00:00:00-04:00,263.4700012207031,273.6499938964844,263.20001220703125,273.1499938964844,239.4659881591797,1808900,0.0,0.0
2018-11-02 00:00:00-04:00,274.5299987792969,277.8399963378906,272.2200012207031,273.79998779296875,240.0358123779297,1835100,0.0,0.0
2018-11-05 00:00:00-05:00,275.3699951171875,280.260009765625,274.7300109863281,279.44000244140625,244.98028564453125,1296400,0.0,0.0
2018-11-06 00:00:00-05:00,278.3999938964844,283.20001220703125,278.3999938964844,282.739990234375,247.87332153320312,1926800,0.0,0.0
2018-11-07 00:00:00-05:00,284.0,285.9700012207031,280.3900146484375,285.9100036621094,250.65248107910156,1527200,0.0,0.0
2018-11-08 00:00:00-05:00,286.6199951171875,288.5400085449219,279.5199890136719,284.0299987792969,249.00430297851562,1461900,0.0,0.0
2018-11-09 00:00:00-05:00,281.8399963378906,287.2200012207031,280.010009765625,285.7300109863281,250.49465942382812,786500,0.0,0.0
2018-11-12 00:00:00-05:00,285.5799865722656,285.5799865722656,277.3299865722656,277.54998779296875,243.3234100341797,910800,0.0,0.0
2018-11-13 00:00:00-05:00,277.0899963378906,279.1700134277344,273.0199890136719,273.6400146484375,239.89553833007812,1467700,0.0,0.0
2018-11-14 00:00:00-05:00,275.8999938964844,277.1499938964844,270.3800048828125,270.7200012207031,237.3356170654297,1530000,0.0,0.0
2018-11-15 00:00:00-05:00,269.2799987792969,274.8999938964844,267.1700134277344,272.3500061035156,238.76466369628906,959900,0.0,0.0
2018-11-16 00:00:00-05:00,271.0299987792969,275.2300109863281,269.8900146484375,272.6400146484375,239.01885986328125,1022400,0.0,0.0
2018-11-19 00:00:00-05:00,272.989990234375,272.989990234375,266.5199890136719,269.260009765625,236.05557250976562,1751600,0.0,0.0
2018-11-20 00:00:00-05:00,262.7699890136719,267.9800109863281,258.8699951171875,266.80999755859375,233.9078826904297,1493300,0.0,0.0
2018-11-21 00:00:00-05:00,268.0799865722656,270.95001220703125,266.4700012207031,267.7099914550781,234.6968231201172,1328400,0.0,0.0
2018-11-23 00:00:00-05:00,266.0799865722656,268.67999267578125,265.3399963378906,266.5899963378906,233.71495056152344,413700,0.0,0.0
2018-11-26 00:00:00-05:00,268.0799865722656,270.79998779296875,263.7699890136719,265.8999938964844,233.1100311279297,1034100,0.0,0.0
2018-11-27 00:00:00-05:00,264.239990234375,264.760009765625,256.04998779296875,260.3399963378906,228.2356414794922,1699100,0.0,0.0
2018-11-28 00:00:00-05:00,261.17999267578125,263.9800109863281,259.54998779296875,263.1400146484375,230.69036865234375,1218700,0.0,0.0
2018-11-29 00:00:00-05:00,263.19000244140625,263.5199890136719,258.3999938964844,260.6700134277344,228.52499389648438,1661300,0.0,0.0
2018-11-30 00:00:00-05:00,260.5899963378906,260.9100036621094,254.83999633789062,259.8800048828125,228.88604736328125,4006300,1.2,0.0
2018-12-03 00:00:00-05:00,262.4100036621094,265.4700012207031,259.07000732421875,261.4700012207031,230.28643798828125,2152000,0.0,0.0
2018-12-04 00:00:00-05:00,260.2200012207031,261.2099914550781,248.6300048828125,249.83999633789062,220.04351806640625,2892500,0.0,0.0
2018-12-06 00:00:00-05:00,246.52999877929688,257.010009765625,245.57000732421875,257.010009765625,226.35833740234375,2693000,0.0,0.0
2018-12-07 00:00:00-05:00,256.95001220703125,261.0199890136719,255.36000061035156,257.5400085449219,226.82516479492188,1755900,0.0,0.0
2018-12-10 00:00:00-05:00,260.6099853515625,272.0,260.6099853515625,270.2300109863281,238.00172424316406,3010000,0.0,0.0
2018-12-11 00:00:00-05:00,275.04998779296875,279.0299987792969,264.19000244140625,268.0,236.03765869140625,1924300,0.0,0.0
2018-12-12 00:00:00-05:00,270.1700134277344,272.8399963378906,269.510009765625,270.1099853515625,237.89601135253906,1467400,0.0,0.0
2018-12-13 00:00:00-05:00,269.67999267578125,270.55999755859375,265.5199890136719,267.8500061035156,235.90550231933594,1737300,0.0,0.0
2018-12-14 00:00:00-05:00,265.0,267.2300109863281,261.4200134277344,262.7099914550781,231.37857055664062,1105600,0.0,0.0
2018-12-17 00:00:00-05:00,261.1700134277344,263.04998779296875,255.8300018310547,257.239990234375,226.56088256835938,1032900,0.0,0.0
2018-12-18 00:00:00-05:00,259.2099914550781,261.55999755859375,254.27999877929688,256.94000244140625,226.2967071533203,1006700,0.0,0.0
2018-12-19 00:00:00-05:00,256.79998779296875,261.8500061035156,250.91000366210938,253.35000610351562,223.1348419189453,1312100,0.0,0.0
2018-12-20 00:00:00-05:00,251.39999389648438,253.0,241.7100067138672,243.6199951171875,214.5652618408203,1523800,0.0,0.0
2018-12-21 00:00:00-05:00,238.27999877929688,242.27000427246094,233.86000061035156,235.24000549316406,207.1846923828125,3054400,0.0,0.0
2018-12-24 00:00:00-05:00,232.60000610351562,234.2100067138672,226.1300048828125,226.22999572753906,199.24928283691406,814500,0.0,0.0
2018-12-26 00:00:00-05:00,226.52999877929688,233.07000732421875,223.6300048828125,232.63999938964844,204.89476013183594,1635700,0.0,0.0
2018-12-27 00:00:00-05:00,231.0500030517578,239.6199951171875,228.0,239.57000732421875,210.998291015625,1252900,0.0,0.0
2018-12-28 00:00:00-05:00,241.3699951171875,246.22999572753906,239.0800018310547,242.25,213.3586883544922,1272100,0.0,0.0
2018-12-31 00:00:00-05:00,243.30999755859375,246.9199981689453,241.72000122070312,244.89999389648438,215.69259643554688,1111700,0.0,0.0
2019-01-02 00:00:00-05:00,241.1699981689453,246.55999755859375,237.0800018310547,246.3699951171875,216.9872589111328,1637900,0.0,0.0
2019-01-03 00:00:00-05:00,244.77000427246094,245.05999755859375,238.3000030517578,239.9199981689453,211.30653381347656,1703900,0.0,0.0
2019-01-04 00:00:00-05:00,243.3699951171875,247.9499969482422,242.52000427246094,247.89999389648438,218.3347930908203,1127800,0.0,0.0
2019-01-07 00:00:00-05:00,247.60000610351562,251.36000061035156,245.00999450683594,249.8300018310547,220.0346221923828,1388500,0.0,0.0
2019-01-08 00:00:00-05:00,251.39999389648438,253.38999938964844,248.00999450683594,250.9600067138672,221.0299072265625,1082400,0.0,0.0
2019-01-09 00:00:00-05:00,250.91000366210938,253.1999969482422,249.47999572753906,252.14999389648438,222.07794189453125,727700,0.0,0.0
2019-01-10 00:00:00-05:00,251.0800018310547,257.8500061035156,250.35000610351562,257.6600036621094,226.93077087402344,1063700,0.0,0.0
2019-01-11 00:00:00-05:00,255.24000549316406,256.2099914550781,252.44000244140625,256.04998779296875,225.51283264160156,668200,0.0,0.0
2019-01-14 00:00:00-05:00,256.5,262.8599853515625,254.88999938964844,259.9599914550781,228.95651245117188,982700,0.0,0.0
2019-01-15 00:00:00-05:00,260.2799987792969,261.9200134277344,255.3800048828125,258.94000244140625,228.05819702148438,965400,0.0,0.0
2019-01-16 00:00:00-05:00,259.17999267578125,259.17999267578125,255.61000061035156,255.74000549316406,225.23983764648438,668700,0.0,0.0
2019-01-17 00:00:00-05:00,254.8800048828125,266.8699951171875,254.55999755859375,264.0799865722656,232.58511352539062,1438600,0.0,0.0
2019-01-18 00:00:00-05:00,266.30999755859375,270.5,265.5899963378906,267.75,235.8174591064453,1507000,0.0,0.0
2019-01-22 00:00:00-05:00,266.9100036621094,268.2699890136719,262.7699890136719,264.7300109863281,233.15771484375,531300,0.0,0.0
2019-01-23 00:00:00-05:00,266.9200134277344,273.3800048828125,266.0,270.2300109863281,238.00172424316406,1027400,0.0,0.0
2019-01-24 00:00:00-05:00,270.6600036621094,271.70001220703125,266.8999938964844,269.82000732421875,237.640625,858400,0.0,0.0
2019-01-25 00:00:00-05:00,273.2799987792969,274.25,271.0,272.8399963378906,240.30047607421875,966300,0.0,0.0
2019-01-28 00:00:00-05:00,269.8299865722656,274.5,267.8800048828125,274.29998779296875,241.5863037109375,761900,0.0,0.0
2019-01-29 00:00:00-05:00,274.2300109863281,281.489990234375,273.3599853515625,280.1300048828125,246.72100830078125,1555000,0.0,0.0
2019-01-30 00:00:00-05:00,280.5299987792969,283.1700134277344,276.1300048828125,280.82000732421875,247.3286895751953,1346900,0.0,0.0
2019-01-31 00:00:00-05:00,271.6700134277344,284.54998779296875,269.5,275.54998779296875,242.687255859375,2021800,0.0,0.0
2019-02-01 00:00:00-05:00,276.9100036621094,278.9700012207031,272.5400085449219,272.9599914550781,240.4061279296875,1581300,0.0,0.0
2019-02-04 00:00:00-05:00,272.9800109863281,278.9100036621094,272.6300048828125,278.7300109863281,245.48797607421875,1316000,0.0,0.0
2019-02-05 00:00:00-05:00,280.0,281.20001220703125,274.6600036621094,278.4599914550781,245.2500457763672,841400,0.0,0.0
2019-02-06 00:00:00-05:00,278.3999938964844,281.6400146484375,278.2099914550781,280.4100036621094,246.9676055908203,888500,0.0,0.0
2019-02-07 00:00:00-05:00,279.510009765625,281.1600036621094,275.7699890136719,278.5299987792969,245.3118438720703,872400,0.0,0.0
2019-02-08 00:00:00-05:00,277.44000244140625,280.7099914550781,276.5400085449219,280.6199951171875,247.1524658203125,726500,0.0,0.0
2019-02-11 00:00:00-05:00,280.9100036621094,283.1099853515625,280.4599914550781,281.4700012207031,247.9011993408203,1190900,0.0,0.0
2019-02-12 00:00:00-05:00,282.7699890136719,284.92999267578125,281.5400085449219,284.0799865722656,250.19981384277344,680000,0.0,0.0
2019-02-13 00:00:00-05:00,285.95001220703125,286.0799865722656,282.7699890136719,283.29998779296875,249.5128936767578,1254000,0.0,0.0
2019-02-14 00:00:00-05:00,281.6000061035156,282.0299987792969,279.1199951171875,280.6000061035156,247.13499450683594,842800,0.0,0.0
2019-02-15 00:00:00-05:00,283.4100036621094,287.07000732421875,282.54998779296875,286.9800109863281,252.75405883789062,929500,0.0,0.0
2019-02-19 00:00:00-05:00,285.989990234375,287.7200012207031,284.5799865722656,287.3500061035156,253.07989501953125,651000,0.0,0.0
2019-02-20 00:00:00-05:00,287.8399963378906,288.42999267578125,286.30999755859375,288.2200012207031,253.8462371826172,1025200,0.0,0.0
2019-02-21 00:00:00-05:00,288.3800048828125,288.510009765625,285.6000061035156,287.5,253.2120819091797,608900,0.0,0.0
2019-02-22 00:00:00-05:00,288.0,288.8999938964844,286.0,288.7099914550781,255.34349060058594,613800,1.2,0.0
2019-02-25 00:00:00-05:00,290.0,290.1700134277344,286.5299987792969,287.04998779296875,253.8753204345703,548300,0.0,0.0
2019-02-26 00:00:00-05:00,286.7300109863281,289.0299987792969,285.7799987792969,286.54998779296875,253.43309020996094,530300,0.0,0.0
2019-02-27 00:00:00-05:00,285.70001220703125,287.3599853515625,284.3800048828125,286.7699890136719,253.62774658203125,809000,0.0,0.0
2019-02-28 00:00:00-05:00,286.20001220703125,291.54998779296875,286.0,289.9599914550781,256.44903564453125,1037800,0.0,0.0
2019-03-01 00:00:00-05:00,291.0,291.3500061035156,285.6199951171875,287.0,253.83114624023438,790000,0.0,0.0
2019-03-04 00:00:00-05:00,287.5400085449219,290.3299865722656,282.1000061035156,283.1000061035156,250.3818817138672,704800,0.0,0.0
2019-03-05 00:00:00-05:00,283.7799987792969,284.9599914550781,282.29998779296875,282.8699951171875,250.17845153808594,667800,0.0,0.0
2019-03-06 00:00:00-05:00,283.30999755859375,284.95001220703125,280.3800048828125,280.4599914550781,248.0469207763672,547200,0.0,0.0
2019-03-07 00:00:00-05:00,280.010009765625,280.010009765625,273.0400085449219,276.44000244140625,244.49156188964844,1307100,0.0,0.0
2019-03-08 00:00:00-05:00,275.510009765625,276.1700134277344,272.4100036621094,275.9599914550781,244.06707763671875,636700,0.0,0.0
2019-03-11 00:00:00-04:00,273.9599914550781,279.3699951171875,272.5799865722656,279.2200012207031,246.9502716064453,758700,0.0,0.0
2019-03-12 00:00:00-04:00,279.4100036621094,280.0,274.4100036621094,275.1700134277344,243.36834716796875,1016300,0.0,0.0
2019-03-13 00:00:00-04:00,275.0199890136719,280.6300048828125,274.4100036621094,279.1600036621094,246.89724731445312,896800,0.0,0.0
2019-03-14 00:00:00-04:00,278.44000244140625,280.2099914550781,274.32000732421875,274.75,242.996826171875,804000,0.0,0.0
2019-03-15 00:00:00-04:00,274.29998779296875,275.510009765625,270.0799865722656,271.2099914550781,239.86599731445312,2701600,0.0,0.0
2019-03-18 00:00:00-04:00,271.3900146484375,275.82000732421875,270.6199951171875,274.8900146484375,243.1207275390625,1204000,0.0,0.0
2019-03-19 00:00:00-04:00,276.04998779296875,278.6499938964844,270.57000732421875,271.010009765625,239.6890869140625,1029500,0.0,0.0
2019-03-20 00:00:00-04:00,271.010009765625,272.7699890136719,268.510009765625,270.4599914550781,239.20263671875,869100,0.0,0.0
2019-03-21 00:00:00-04:00,269.3299865722656,273.7099914550781,269.2200012207031,272.4800109863281,240.98922729492188,612400,0.0,0.0
2019-03-22 00:00:00-04:00,271.989990234375,271.989990234375,267.20001220703125,268.3599853515625,237.34535217285156,830100,0.0,0.0
2019-03-25 00:00:00-04:00,269.010009765625,270.0199890136719,266.8500061035156,268.6000061035156,237.55763244628906,557300,0.0,0.0
2019-03-26 00:00:00-04:00,270.6000061035156,271.3599853515625,263.9200134277344,265.8500061035156,235.12547302246094,1070800,0.0,0.0
2019-03-27 00:00:00-04:00,265.80999755859375,268.5,263.2900085449219,263.9200134277344,233.4185333251953,809700,0.0,0.0
2019-03-28 00:00:00-04:00,265.1400146484375,267.5799865722656,263.82000732421875,267.0,236.14254760742188,1080300,0.0,0.0
2019-03-29 00:00:00-04:00,268.8399963378906,270.6499938964844,268.07000732421875,269.6000061035156,238.44200134277344,935000,0.0,0.0
2019-04-01 00:00:00-04:00,271.1300048828125,275.6199951171875,271.1300048828125,274.1099853515625,242.43081665039062,759200,0.0,0.0
2019-04-02 00:00:00-04:00,274.3500061035156,275.5400085449219,272.6000061035156,273.3299865722656,241.7410125732422,542700,0.0,0.0
2019-04-03 00:00:00-04:00,273.8800048828125,273.8800048828125,264.5,266.760009765625,235.93031311035156,1321500,0.0,0.0
2019-04-04 00:00:00-04:00,267.510009765625,273.1000061035156,266.739990234375,271.010009765625,239.6890869140625,1129100,0.0,0.0
2019-04-05 00:00:00-04:00,274.79998779296875,276.3599853515625,272.2200012207031,276.29998779296875,244.3677215576172,734400,0.0,0.0
2019-04-08 00:00:00-04:00,275.0,277.2200012207031,273.4800109863281,276.8999938964844,244.89837646484375,607600,0.0,0.0
2019-04-09 00:00:00-04:00,275.2699890136719,276.2200012207031,272.70001220703125,273.4700012207031,241.8648223876953,484200,0.0,0.0
2019-04-10 00:00:00-04:00,272.9800109863281,273.8699951171875,269.4200134277344,270.5299987792969,239.26461791992188,774500,0.0,0.0
2019-04-11 00:00:00-04:00,272.04998779296875,277.9200134277344,271.5199890136719,277.3900146484375,245.3317108154297,661900,0.0,0.0
2019-04-12 00:00:00-04:00,278.260009765625,283.3500061035156,278.260009765625,283.04998779296875,250.337646484375,1108700,0.0,0.0
2019-04-15 00:00:00-04:00,282.9200134277344,283.6400146484375,280.20001220703125,280.2200012207031,247.834716796875,474400,0.0,0.0
2019-04-16 00:00:00-04:00,280.5,282.2699890136719,279.6600036621094,281.6099853515625,249.0640869140625,608800,0.0,0.0
2019-04-17 00:00:00-04:00,283.4599914550781,283.79998779296875,278.67999267578125,278.7699890136719,246.55215454101562,665800,0.0,0.0
2019-04-18 00:00:00-04:00,279.2699890136719,282.6000061035156,278.1099853515625,281.1600036621094,248.6661376953125,545600,0.0,0.0
2019-04-22 00:00:00-04:00,280.19000244140625,283.2699890136719,278.760009765625,282.8900146484375,250.1962127685547,494900,0.0,0.0
2019-04-23 00:00:00-04:00,287.70001220703125,294.9200134277344,287.42999267578125,292.6099853515625,258.79278564453125,1678900,0.0,0.0
2019-04-24 00:00:00-04:00,289.54998779296875,290.45001220703125,278.25,280.0,247.64015197753906,2439300,0.0,0.0
2019-04-25 00:00:00-04:00,279.3999938964844,281.0899963378906,273.70001220703125,279.19000244140625,246.9237518310547,1298400,0.0,0.0
2019-04-26 00:00:00-04:00,279.8599853515625,284.8399963378906,277.6400146484375,283.1300048828125,250.40846252441406,953200,0.0,0.0
2019-04-29 00:00:00-04:00,283.5899963378906,287.69000244140625,282.489990234375,286.0,252.9467010498047,954400,0.0,0.0
2019-04-30 00:00:00-04:00,288.4700012207031,290.70001220703125,286.5199890136719,289.9100036621094,256.4049377441406,931000,0.0,0.0
2019-05-01 00:00:00-04:00,289.94000244140625,292.92999267578125,288.9599914550781,289.30999755859375,255.8741912841797,825800,0.0,0.0
2019-05-02 00:00:00-04:00,288.489990234375,291.1199951171875,286.69000244140625,289.92999267578125,256.42254638671875,1028100,0.0,0.0
2019-05-03 00:00:00-04:00,291.04998779296875,292.239990234375,290.3299865722656,292.0400085449219,258.28875732421875,974800,0.0,0.0
2019-05-06 00:00:00-04:00,287.5,292.3699951171875,286.7699890136719,291.3399963378906,257.6695556640625,549000,0.0,0.0
2019-05-07 00:00:00-04:00,289.5299987792969,289.8299865722656,284.55999755859375,288.3800048828125,255.0515899658203,731800,0.0,0.0
2019-05-08 00:00:00-04:00,288.25,291.5199890136719,287.7099914550781,290.55999755859375,256.979736328125,667700,0.0,0.0
2019-05-09 00:00:00-04:00,287.7900085449219,296.25,287.1300048828125,295.0,260.9065246582031,1125400,0.0,0.0
2019-05-10 00:00:00-04:00,294.6300048828125,301.0,293.92999267578125,300.79998779296875,266.0362854003906,1418000,0.0,0.0
2019-05-13 00:00:00-04:00,295.0199890136719,296.7300109863281,292.17999267578125,295.4800109863281,261.3311462402344,987000,0.0,0.0
2019-05-14 00:00:00-04:00,295.82000732421875,299.9700012207031,294.5,295.6400146484375,261.47259521484375,1256900,0.0,0.0
2019-05-15 00:00:00-04:00,293.80999755859375,296.7900085449219,291.29998779296875,294.489990234375,260.45550537109375,619700,0.0,0.0
2019-05-16 00:00:00-04:00,296.25,306.3500061035156,295.760009765625,304.7099914550781,269.49444580078125,1045900,0.0,0.0
2019-05-17 00:00:00-04:00,302.8399963378906,308.7300109863281,301.55999755859375,306.69000244140625,271.24560546875,1172000,0.0,0.0
2019-05-20 00:00:00-04:00,306.29998779296875,315.010009765625,306.010009765625,314.5799865722656,278.2237243652344,1427500,0.0,0.0
2019-05-21 00:00:00-04:00,315.1300048828125,317.5,309.6000061035156,316.239990234375,279.6918029785156,1385300,0.0,0.0
2019-05-22 00:00:00-04:00,315.739990234375,317.05999755859375,314.3699951171875,316.6300048828125,280.0367126464844,952100,0.0,0.0
2019-05-23 00:00:00-04:00,313.70001220703125,314.2099914550781,308.1099853515625,311.0899963378906,275.1369934082031,1116900,0.0,0.0
2019-05-24 00:00:00-04:00,312.4200134277344,314.79998779296875,309.7699890136719,312.07000732421875,276.003662109375,723700,0.0,0.0
2019-05-28 00:00:00-04:00,310.8800048828125,312.75,307.6000061035156,308.2300109863281,272.6075744628906,1419600,0.0,0.0
2019-05-29 00:00:00-04:00,306.7799987792969,307.7200012207031,303.70001220703125,306.010009765625,270.6441650390625,582000,0.0,0.0
2019-05-30 00:00:00-04:00,306.9800109863281,311.2200012207031,306.9800109863281,309.80999755859375,274.00494384765625,1099500,0.0,0.0
2019-05-31 00:00:00-04:00,304.55999755859375,307.8299865722656,303.1300048828125,303.25,269.3506774902344,667700,1.32,0.0
2019-06-03 00:00:00-04:00,303.010009765625,308.3800048828125,303.010009765625,306.94000244140625,272.62823486328125,746500,0.0,0.0
2019-06-04 00:00:00-04:00,307.8699951171875,313.75,307.760009765625,312.2699890136719,277.36236572265625,796700,0.0,0.0
2019-06-05 00:00:00-04:00,313.8999938964844,316.989990234375,312.5400085449219,316.7699890136719,281.359375,703000,0.0,0.0
2019-06-06 00:00:00-04:00,316.7799987792969,317.32000732421875,314.3800048828125,314.82000732421875,279.62738037109375,595000,0.0,0.0
2019-06-07 00:00:00-04:00,315.8900146484375,319.3699951171875,314.32000732421875,318.2900085449219,282.7095031738281,1010000,0.0,0.0
2019-06-10 00:00:00-04:00,323.0,323.7300109863281,310.2099914550781,311.30999755859375,276.5097351074219,1088700,0.0,0.0
2019-06-11 00:00:00-04:00,311.30999755859375,312.80999755859375,298.2300109863281,300.7300109863281,267.11236572265625,1603500,0.0,0.0
2019-06-12 00:00:00-04:00,301.20001220703125,305.2799987792969,299.9599914550781,304.8500061035156,270.7718811035156,771500,0.0,0.0
2019-06-13 00:00:00-04:00,306.2200012207031,308.25,300.44000244140625,307.6300048828125,273.2410583496094,1327600,0.0,0.0
2019-06-14 00:00:00-04:00,308.45001220703125,310.4800109863281,306.5899963378906,309.42999267578125,274.83984375,768200,0.0,0.0
2019-06-17 00:00:00-04:00,310.8500061035156,310.8500061035156,307.0899963378906,309.4700012207031,274.8753967285156,572500,0.0,0.0
2019-06-18 00:00:00-04:00,310.6199951171875,315.4599914550781,309.4800109863281,313.19000244140625,278.1795654296875,679000,0.0,0.0
2019-06-19 00:00:00-04:00,313.239990234375,315.5899963378906,312.05999755859375,315.19000244140625,279.9560241699219,698700,0.0,0.0
2019-06-20 00:00:00-04:00,317.739990234375,324.3500061035156,317.739990234375,323.82000732421875,287.6212463378906,1195700,0.0,0.0
2019-06-21 00:00:00-04:00,324.8900146484375,324.92999267578125,320.7300109863281,322.1600036621094,286.1468811035156,1096600,0.0,0.0
2019-06-24 00:00:00-04:00,322.82000732421875,324.5199890136719,321.3599853515625,321.4800109863281,285.5428466796875,359200,0.0,0.0
2019-06-25 00:00:00-04:00,322.2099914550781,323.44000244140625,319.5,321.1499938964844,285.24969482421875,559200,0.0,0.0
2019-06-26 00:00:00-04:00,321.260009765625,322.739990234375,318.05999755859375,318.70001220703125,283.0736389160156,590500,0.0,0.0
2019-06-27 00:00:00-04:00,319.1300048828125,319.70001220703125,316.260009765625,318.2799987792969,282.7005920410156,640900,0.0,0.0
2019-06-28 00:00:00-04:00,318.2300109863281,323.92999267578125,316.45001220703125,323.1099853515625,286.9905700683594,842800,0.0,0.0
2019-07-01 00:00:00-04:00,325.0,325.0,317.8800048828125,318.5400085449219,282.9314880371094,745600,0.0,0.0
2019-07-02 00:00:00-04:00,319.8299865722656,323.989990234375,319.2099914550781,323.69000244140625,287.505859375,547500,0.0,0.0
2019-07-03 00:00:00-04:00,325.0,325.5799865722656,322.7200012207031,325.25,288.8913879394531,352000,0.0,0.0
2019-07-05 00:00:00-04:00,324.5299987792969,325.260009765625,320.80999755859375,325.20001220703125,288.8470153808594,325600,0.0,0.0
2019-07-08 00:00:00-04:00,324.0299987792969,325.8699951171875,322.5,323.989990234375,287.77227783203125,377100,0.0,0.0
2019-07-09 00:00:00-04:00,323.260009765625,325.95001220703125,321.1000061035156,325.80999755859375,289.3887939453125,481600,0.0,0.0
2019-07-10 00:00:00-04:00,326.1600036621094,328.79998779296875,323.8500061035156,324.05999755859375,287.8344421386719,451800,0.0,0.0
2019-07-11 00:00:00-04:00,324.57000732421875,328.260009765625,324.0199890136719,324.92999267578125,288.6072082519531,718800,0.0,0.0
2019-07-12 00:00:00-04:00,326.2799987792969,329.6099853515625,323.260009765625,329.5299987792969,292.69293212890625,654700,0.0,0.0
2019-07-15 00:00:00-04:00,330.1000061035156,330.260009765625,324.20001220703125,325.2699890136719,288.90924072265625,624600,0.0,0.0
2019-07-16 00:00:00-04:00,325.5899963378906,326.760009765625,323.0,323.8299865722656,287.6301574707031,625400,0.0,0.0
2019-07-17 00:00:00-04:00,323.1600036621094,324.1400146484375,319.5899963378906,322.0,286.0046691894531,567700,0.0,0.0
2019-07-18 00:00:00-04:00,322.0,322.0299987792969,319.07000732421875,321.1400146484375,285.24090576171875,612100,0.0,0.0
2019-07-19 00:00:00-04:00,323.4599914550781,324.9200134277344,321.1700134277344,322.1600036621094,286.1468811035156,881400,0.0,0.0
2019-07-22 00:00:00-04:00,321.010009765625,324.0400085449219,320.3500061035156,323.20001220703125,287.07061767578125,604600,0.0,0.0
2019-07-23 00:00:00-04:00,326.29998779296875,326.4800109863281,318.8999938964844,323.989990234375,287.77227783203125,1587800,0.0,0.0
2019-07-24 00:00:00-04:00,323.8800048828125,344.7799987792969,321.6099853515625,342.9700012207031,304.6305847167969,1895300,0.0,0.0
2019-07-25 00:00:00-04:00,345.9700012207031,358.9599914550781,344.30999755859375,354.7200012207031,315.0670471191406,1888600,0.0,0.0
2019-07-26 00:00:00-04:00,353.6099853515625,354.4700012207031,349.5,352.5199890136719,313.1130065917969,896500,0.0,0.0
2019-07-29 00:00:00-04:00,352.5400085449219,356.010009765625,350.8999938964844,355.42999267578125,315.69769287109375,698700,0.0,0.0
2019-07-30 00:00:00-04:00,354.25,355.30999755859375,349.2699890136719,352.9100036621094,313.4593505859375,603300,0.0,0.0
2019-07-31 00:00:00-04:00,351.0400085449219,353.989990234375,344.4599914550781,345.57000732421875,306.9399108886719,1105100,0.0,0.0
2019-08-01 00:00:00-04:00,345.2699890136719,350.3399963378906,343.92999267578125,345.0199890136719,306.4513854980469,660500,0.0,0.0
2019-08-02 00:00:00-04:00,345.0,346.9800109863281,338.5199890136719,341.1600036621094,303.0229187011719,621700,0.0,0.0
2019-08-05 00:00:00-04:00,337.7699890136719,346.7900085449219,334.9599914550781,342.80999755859375,304.4884338378906,968500,0.0,0.0
2019-08-06 00:00:00-04:00,349.989990234375,355.42999267578125,348.19000244140625,354.25,314.6496276855469,1007200,0.0,0.0
2019-08-07 00:00:00-04:00,351.94000244140625,363.4100036621094,350.3500061035156,361.4200134277344,321.01812744140625,1486300,0.0,0.0
2019-08-08 00:00:00-04:00,364.54998779296875,372.4100036621094,363.4200134277344,368.9599914550781,327.71527099609375,1434700,0.0,0.0
2019-08-09 00:00:00-04:00,368.79998779296875,374.67999267578125,364.6400146484375,370.5400085449219,329.1185302734375,896900,0.0,0.0
2019-08-12 00:00:00-04:00,368.1499938964844,373.989990234375,367.3500061035156,373.2099914550781,331.49017333984375,933000,0.0,0.0
2019-08-13 00:00:00-04:00,375.55999755859375,377.3399963378906,368.9100036621094,370.6600036621094,329.22515869140625,1002400,0.0,0.0
2019-08-14 00:00:00-04:00,365.55999755859375,367.5199890136719,360.3500061035156,361.4200134277344,321.01812744140625,871900,0.0,0.0
2019-08-15 00:00:00-04:00,363.0,366.0400085449219,359.6000061035156,365.2200012207031,324.3932800292969,705900,0.0,0.0
2019-08-16 00:00:00-04:00,367.82000732421875,369.2900085449219,364.7900085449219,367.9100036621094,326.7826843261719,841600,0.0,0.0
2019-08-19 00:00:00-04:00,371.79998779296875,372.5299987792969,369.70001220703125,370.0799865722656,328.71002197265625,548400,0.0,0.0
2019-08-20 00:00:00-04:00,370.1300048828125,372.8800048828125,368.2900085449219,369.010009765625,327.7596130371094,517200,0.0,0.0
2019-08-21 00:00:00-04:00,372.1300048828125,373.19000244140625,366.5,369.1400146484375,327.8751220703125,655000,0.0,0.0
2019-08-22 00:00:00-04:00,369.5,373.4800109863281,366.5799865722656,372.0199890136719,330.4331359863281,640300,0.0,0.0
2019-08-23 00:00:00-04:00,369.489990234375,373.1400146484375,359.7799987792969,361.5,321.089111328125,667800,0.0,0.0
2019-08-26 00:00:00-04:00,364.1199951171875,366.82000732421875,361.5,366.6499938964844,325.6634216308594,446000,0.0,0.0
2019-08-27 00:00:00-04:00,367.5299987792969,367.5299987792969,361.6000061035156,364.17999267578125,323.469482421875,407200,0.0,0.0
2019-08-28 00:00:00-04:00,363.3399963378906,368.3999938964844,361.1600036621094,363.8999938964844,323.22088623046875,571300,0.0,0.0
2019-08-29 00:00:00-04:00,368.010009765625,368.80999755859375,364.25,367.92999267578125,326.80035400390625,625800,0.0,0.0
2019-08-30 00:00:00-04:00,370.5899963378906,371.3299865722656,367.2200012207031,367.8699951171875,326.7470703125,576300,0.0,0.0
2019-09-03 00:00:00-04:00,364.6499938964844,367.19000244140625,362.5,366.2300109863281,325.29046630859375,660200,0.0,0.0
2019-09-04 00:00:00-04:00,368.6400146484375,372.1300048828125,366.8599853515625,372.05999755859375,330.46868896484375,625600,0.0,0.0
2019-09-05 00:00:00-04:00,375.0,375.0,366.9599914550781,368.42999267578125,327.24444580078125,698400,0.0,0.0
2019-09-06 00:00:00-04:00,369.5899963378906,371.5799865722656,366.94000244140625,367.7699890136719,327.832763671875,536400,1.32,0.0
2019-09-09 00:00:00-04:00,367.57000732421875,368.04998779296875,354.989990234375,355.8299865722656,317.1893615722656,1272600,0.0,0.0
2019-09-10 00:00:00-04:00,352.6000061035156,355.17999267578125,341.239990234375,355.0899963378906,316.5297546386719,1534900,0.0,0.0
2019-09-11 00:00:00-04:00,355.1700134277344,359.6600036621094,353.9200134277344,358.8500061035156,319.8815002441406,1150000,0.0,0.0
2019-09-12 00:00:00-04:00,361.7200012207031,365.760009765625,357.760009765625,365.2200012207031,325.5596618652344,776500,0.0,0.0
2019-09-13 00:00:00-04:00,366.70001220703125,367.5,363.2099914550781,363.67999267578125,324.1868896484375,704400,0.0,0.0
2019-09-16 00:00:00-04:00,368.5,372.79998779296875,365.010009765625,371.42999267578125,331.0953063964844,988600,0.0,0.0
2019-09-17 00:00:00-04:00,371.44000244140625,376.989990234375,367.8299865722656,374.4700012207031,333.80517578125,1151800,0.0,0.0
2019-09-18 00:00:00-04:00,376.3999938964844,378.69000244140625,371.0400085449219,377.4200134277344,336.4349060058594,1205200,0.0,0.0
2019-09-19 00:00:00-04:00,376.8800048828125,380.4599914550781,374.5299987792969,375.5799865722656,334.79461669921875,1029400,0.0,0.0
2019-09-20 00:00:00-04:00,376.57000732421875,377.67999267578125,368.1099853515625,368.17999267578125,328.1983337402344,3489400,0.0,0.0
2019-09-23 00:00:00-04:00,368.1700134277344,372.2799987792969,365.79998779296875,369.1300048828125,329.04510498046875,979000,0.0,0.0
2019-09-24 00:00:00-04:00,371.4700012207031,374.5199890136719,366.54998779296875,369.510009765625,329.38385009765625,1120700,0.0,0.0
2019-09-25 00:00:00-04:00,371.0299987792969,375.3699951171875,369.1300048828125,375.010009765625,334.2866516113281,1349500,0.0,0.0
2019-09-26 00:00:00-04:00,376.2099914550781,383.8900146484375,373.67999267578125,382.1499938964844,340.6512756347656,1255000,0.0,0.0
2019-09-27 00:00:00-04:00,381.1700134277344,382.8999938964844,368.80999755859375,371.17999267578125,330.87255859375,1117300,0.0,0.0
2019-09-30 00:00:00-04:00,372.3800048828125,378.5799865722656,372.3800048828125,374.7900085449219,334.09051513671875,877100,0.0,0.0
2019-10-01 00:00:00-04:00,375.9700012207031,377.0899963378906,367.6600036621094,367.7900085449219,327.8506774902344,1045700,0.0,0.0
2019-10-02 00:00:00-04:00,366.3500061035156,368.54998779296875,359.2300109863281,362.5,323.13507080078125,1451000,0.0,0.0
2019-10-03 00:00:00-04:00,362.3399963378906,364.989990234375,359.25,364.3299865722656,324.7663269042969,835600,0.0,0.0
2019-10-04 00:00:00-04:00,365.2900085449219,370.1300048828125,363.5799865722656,368.9800109863281,328.91143798828125,953800,0.0,0.0
2019-10-07 00:00:00-04:00,368.0199890136719,371.1000061035156,366.9599914550781,367.9200134277344,327.9665832519531,592000,0.0,0.0
2019-10-08 00:00:00-04:00,366.0,372.1700134277344,363.6199951171875,368.44000244140625,328.42999267578125,736100,0.0,0.0
2019-10-09 00:00:00-04:00,370.1700134277344,371.3299865722656,366.0199890136719,367.6300048828125,327.7080383300781,1268900,0.0,0.0
2019-10-10 00:00:00-04:00,367.5299987792969,371.0299987792969,366.5400085449219,368.75,328.7063293457031,967900,0.0,0.0
2019-10-11 00:00:00-04:00,372.45001220703125,372.45001220703125,358.7300109863281,362.2200012207031,322.885498046875,1535100,0.0,0.0
2019-10-14 00:00:00-04:00,363.04998779296875,369.29998779296875,362.67999267578125,366.4200134277344,326.6295166015625,658000,0.0,0.0
2019-10-15 00:00:00-04:00,366.30999755859375,368.4800109863281,361.1300048828125,361.94000244140625,322.6358947753906,744800,0.0,0.0
2019-10-16 00:00:00-04:00,361.94000244140625,365.1600036621094,361.30999755859375,364.69000244140625,325.08734130859375,553600,0.0,0.0
2019-10-17 00:00:00-04:00,364.5299987792969,366.010009765625,355.8900146484375,356.2699890136719,317.58160400390625,1081400,0.0,0.0
2019-10-18 00:00:00-04:00,357.3500061035156,357.510009765625,347.739990234375,349.6199951171875,311.6537780761719,2198400,0.0,0.0
2019-10-21 00:00:00-04:00,352.6099853515625,354.1400146484375,349.82000732421875,350.3900146484375,312.34014892578125,1102700,0.0,0.0
2019-10-22 00:00:00-04:00,347.5,355.1600036621094,347.0,352.3800048828125,314.1141052246094,1154800,0.0,0.0
2019-10-23 00:00:00-04:00,352.0,353.7699890136719,348.3399963378906,353.20001220703125,314.84503173828125,1117000,0.0,0.0
2019-10-24 00:00:00-04:00,348.0,360.2300109863281,340.20001220703125,356.9100036621094,318.1521301269531,1312100,0.0,0.0
2019-10-25 00:00:00-04:00,357.5799865722656,358.2099914550781,344.8900146484375,345.0,307.53546142578125,1563500,0.0,0.0
2019-10-28 00:00:00-04:00,345.739990234375,348.44000244140625,344.2799987792969,346.5299987792969,308.8992919921875,1348400,0.0,0.0
2019-10-29 00:00:00-04:00,346.45001220703125,350.1600036621094,345.8500061035156,347.1700134277344,309.4698181152344,737000,0.0,0.0
2019-10-30 00:00:00-04:00,348.04998779296875,354.7300109863281,347.25,354.0799865722656,315.62939453125,840200,0.0,0.0
2019-10-31 00:00:00-04:00,353.3800048828125,355.80999755859375,350.3500061035156,352.4800109863281,314.2032165527344,829200,0.0,0.0
2019-11-01 00:00:00-04:00,353.3500061035156,355.9599914550781,351.1300048828125,352.1300048828125,313.89117431640625,1167500,0.0,0.0
2019-11-04 00:00:00-05:00,353.6499938964844,353.6499938964844,338.4599914550781,340.6700134277344,303.67559814453125,1984800,0.0,0.0
2019-11-05 00:00:00-05:00,340.0,343.1700134277344,335.94000244140625,337.8500061035156,301.1618957519531,2410700,0.0,0.0
2019-11-06 00:00:00-05:00,339.17999267578125,344.3699951171875,338.1000061035156,344.0199890136719,306.6618957519531,1168000,0.0,0.0
2019-11-07 00:00:00-05:00,344.010009765625,345.32000732421875,341.1600036621094,343.42999267578125,306.13604736328125,1154900,0.0,0.0
2019-11-08 00:00:00-05:00,342.92999267578125,350.69000244140625,342.92999267578125,350.1099853515625,312.09051513671875,807800,0.0,0.0
2019-11-11 00:00:00-05:00,348.6000061035156,351.7300109863281,347.4200134277344,350.0,311.99249267578125,547100,0.0,0.0
2019-11-12 00:00:00-05:00,349.42999267578125,352.67999267578125,349.3900146484375,351.69000244140625,313.4990234375,514800,0.0,0.0
2019-11-13 00:00:00-05:00,352.4599914550781,355.75,350.5199890136719,353.7200012207031,315.3085632324219,517200,0.0,0.0
2019-11-14 00:00:00-05:00,353.1600036621094,357.6199951171875,353.1600036621094,355.69000244140625,317.06463623046875,610000,0.0,0.0
2019-11-15 00:00:00-05:00,358.4599914550781,359.8299865722656,356.2099914550781,356.6600036621094,317.9293212890625,871300,0.0,0.0
2019-11-18 00:00:00-05:00,355.8800048828125,358.17999267578125,355.4599914550781,356.70001220703125,317.9649658203125,891400,0.0,0.0
2019-11-19 00:00:00-05:00,357.7300109863281,358.55999755859375,352.6099853515625,353.5400085449219,315.1480407714844,790900,0.0,0.0
2019-11-20 00:00:00-05:00,353.5299987792969,356.9800109863281,352.42999267578125,353.0,314.6667785644531,777600,0.0,0.0
2019-11-21 00:00:00-05:00,352.7699890136719,354.0299987792969,348.1000061035156,348.2200012207031,310.4057312011719,785100,0.0,0.0
2019-11-22 00:00:00-05:00,349.17999267578125,350.0400085449219,346.7900085449219,349.1600036621094,311.24371337890625,583300,0.0,0.0
2019-11-25 00:00:00-05:00,350.3299865722656,350.9700012207031,348.8599853515625,349.75,311.7696838378906,988300,0.0,0.0
2019-11-26 00:00:00-05:00,350.2799987792969,356.6199951171875,349.1700134277344,353.8500061035156,315.4244689941406,1294500,0.0,0.0
2019-11-27 00:00:00-05:00,352.3299865722656,355.1499938964844,350.6400146484375,352.8800048828125,314.5597229003906,619700,0.0,0.0
2019-11-29 00:00:00-05:00,351.0,351.9200134277344,348.9100036621094,351.7699890136719,314.74761962890625,311200,1.32,0.0
2019-12-02 00:00:00-05:00,351.9700012207031,352.989990234375,341.6099853515625,341.7300109863281,305.76434326171875,886600,0.0,0.0
2019-12-03 00:00:00-05:00,340.17999267578125,344.1199951171875,338.7300109863281,343.1499938964844,307.0348815917969,1320500,0.0,0.0
2019-12-04 00:00:00-05:00,344.75,347.8699951171875,343.1499938964844,343.2099914550781,307.0885925292969,708900,0.0,0.0
2019-12-05 00:00:00-05:00,344.6700134277344,345.1099853515625,341.9100036621094,344.4100036621094,308.1622619628906,803900,0.0,0.0
2019-12-06 00:00:00-05:00,346.1000061035156,348.1499938964844,344.32000732421875,344.760009765625,308.4754333496094,931400,0.0,0.0
2019-12-09 00:00:00-05:00,344.760009765625,345.6099853515625,338.6300048828125,343.04998779296875,306.94537353515625,1137200,0.0,0.0
2019-12-10 00:00:00-05:00,343.05999755859375,347.010009765625,343.05999755859375,344.4800109863281,308.2248840332031,1041100,0.0,0.0
2019-12-11 00:00:00-05:00,345.7300109863281,348.8699951171875,344.6099853515625,348.7099914550781,312.00970458984375,574500,0.0,0.0
2019-12-12 00:00:00-05:00,348.7699890136719,349.8399963378906,344.010009765625,345.8999938964844,309.49542236328125,737600,0.0,0.0
2019-12-13 00:00:00-05:00,344.55999755859375,347.5,342.7900085449219,344.6499938964844,308.3769836425781,865800,0.0,0.0
2019-12-16 00:00:00-05:00,344.3299865722656,345.69000244140625,342.8399963378906,344.69000244140625,308.412841796875,972900,0.0,0.0
2019-12-17 00:00:00-05:00,345.3999938964844,347.2699890136719,343.5299987792969,345.8399963378906,309.4418029785156,753700,0.0,0.0
2019-12-18 00:00:00-05:00,345.55999755859375,346.55999755859375,338.3999938964844,338.70001220703125,303.0531921386719,1145400,0.0,0.0
2019-12-19 00:00:00-05:00,338.7900085449219,343.489990234375,338.010009765625,342.2099914550781,306.1937561035156,1418600,0.0,0.0
2019-12-20 00:00:00-05:00,343.94000244140625,346.2200012207031,340.42999267578125,345.9100036621094,309.50439453125,1534600,0.0,0.0
2019-12-23 00:00:00-05:00,348.5400085449219,350.8999938964844,346.5,348.1199951171875,311.4817810058594,652300,0.0,0.0
2019-12-24 00:00:00-05:00,348.82000732421875,349.0799865722656,345.82000732421875,347.0799865722656,310.5512390136719,229400,0.0,0.0
2019-12-26 00:00:00-05:00,347.6300048828125,348.9800109863281,346.0199890136719,347.9599914550781,311.3386535644531,432700,0.0,0.0
2019-12-27 00:00:00-05:00,348.5,349.0,345.4200134277344,346.44000244140625,309.9786376953125,356900,0.0,0.0
2019-12-30 00:00:00-05:00,347.70001220703125,350.75,346.8900146484375,349.07000732421875,312.3318176269531,575500,0.0,0.0
2019-12-31 00:00:00-05:00,348.2699890136719,348.9800109863281,342.7300109863281,343.9700012207031,307.7685852050781,907800,0.0,0.0
2020-01-02 00:00:00-05:00,344.44000244140625,355.70001220703125,343.6199951171875,355.70001220703125,318.2640075683594,941900,0.0,0.0
2020-01-03 00:00:00-05:00,368.1499938964844,375.82000732421875,366.3699951171875,375.010009765625,335.5417785644531,2600300,0.0,0.0
2020-01-06 00:00:00-05:00,379.95001220703125,382.260009765625,372.5799865722656,375.8299865722656,336.2753601074219,2130000,0.0,0.0
2020-01-07 00:00:00-05:00,373.6199951171875,376.7099914550781,371.0899963378906,374.9700012207031,335.5059814453125,863600,0.0,0.0
2020-01-08 00:00:00-05:00,376.20001220703125,379.2699890136719,367.1000061035156,370.2900085449219,331.3185119628906,1312400,0.0,0.0
2020-01-09 00:00:00-05:00,370.55999755859375,373.5,369.1700134277344,372.3599853515625,333.17059326171875,741500,0.0,0.0
2020-01-10 00:00:00-05:00,372.3699951171875,375.0,369.760009765625,374.3900146484375,334.9870910644531,1178200,0.0,0.0
2020-01-13 00:00:00-05:00,375.7300109863281,377.760009765625,374.80999755859375,376.8299865722656,337.170166015625,667400,0.0,0.0
2020-01-14 00:00:00-05:00,375.79998779296875,376.17999267578125,373.0799865722656,374.6700134277344,335.23748779296875,740600,0.0,0.0
2020-01-15 00:00:00-05:00,374.67999267578125,381.7799987792969,374.67999267578125,380.260009765625,340.2392272949219,650500,0.0,0.0
2020-01-16 00:00:00-05:00,381.6099853515625,384.6099853515625,379.57000732421875,383.7799987792969,343.3887023925781,839100,0.0,0.0
2020-01-17 00:00:00-05:00,384.67999267578125,384.67999267578125,378.2900085449219,379.9700012207031,339.979736328125,1237700,0.0,0.0
2020-01-21 00:00:00-05:00,379.3800048828125,381.19000244140625,373.9599914550781,378.1300048828125,338.3334045410156,1420900,0.0,0.0
2020-01-22 00:00:00-05:00,378.5,380.3399963378906,375.260009765625,375.32000732421875,335.8191223144531,864300,0.0,0.0
2020-01-23 00:00:00-05:00,375.79998779296875,381.6400146484375,374.760009765625,381.5,341.34881591796875,1099400,0.0,0.0
2020-01-24 00:00:00-05:00,383.0199890136719,384.17999267578125,380.20001220703125,381.6400146484375,341.47393798828125,738000,0.0,0.0
2020-01-27 00:00:00-05:00,378.3599853515625,380.989990234375,375.7799987792969,379.07000732421875,339.1744079589844,665200,0.0,0.0
2020-01-28 00:00:00-05:00,380.5,383.9800109863281,374.2200012207031,381.8399963378906,341.65289306640625,674500,0.0,0.0
2020-01-29 00:00:00-05:00,384.4800109863281,384.4800109863281,378.1400146484375,382.6499938964844,342.3776550292969,639600,0.0,0.0
2020-01-30 00:00:00-05:00,373.1000061035156,385.010009765625,369.17999267578125,384.8699951171875,344.364013671875,1397400,0.0,0.0
2020-01-31 00:00:00-05:00,383.3299865722656,384.3299865722656,372.0799865722656,374.57000732421875,335.1480407714844,1086400,0.0,0.0
2020-02-03 00:00:00-05:00,367.3299865722656,370.0,362.760009765625,363.75,325.4668884277344,1316200,0.0,0.0
2020-02-04 00:00:00-05:00,366.6300048828125,367.8999938964844,360.0,361.80999755859375,323.7309875488281,1054400,0.0,0.0
2020-02-05 00:00:00-05:00,362.5799865722656,368.8900146484375,358.79998779296875,367.79998779296875,329.09051513671875,815200,0.0,0.0
2020-02-06 00:00:00-05:00,366.7200012207031,366.7200012207031,362.5,363.75,325.4668884277344,860000,0.0,0.0
2020-02-07 00:00:00-05:00,363.3800048828125,366.1700134277344,361.1199951171875,361.4200134277344,323.3819580078125,790300,0.0,0.0
2020-02-10 00:00:00-05:00,361.04998779296875,364.0299987792969,357.6199951171875,363.2900085449219,325.0552978515625,716400,0.0,0.0
2020-02-11 00:00:00-05:00,364.55999755859375,371.9800109863281,363.80999755859375,368.0400085449219,329.30523681640625,697600,0.0,0.0
2020-02-12 00:00:00-05:00,367.6099853515625,369.2300109863281,363.9800109863281,367.7300109863281,329.0279846191406,935400,0.0,0.0
2020-02-13 00:00:00-05:00,366.70001220703125,370.4700012207031,365.0400085449219,368.0,329.2694091796875,848600,0.0,0.0
2020-02-14 00:00:00-05:00,368.82000732421875,371.6400146484375,367.010009765625,370.94000244140625,331.9000244140625,635100,0.0,0.0
2020-02-18 00:00:00-05:00,367.70001220703125,372.6400146484375,365.75,372.4200134277344,333.2243957519531,810900,0.0,0.0
2020-02-19 00:00:00-05:00,373.2200012207031,374.3900146484375,365.9599914550781,366.1499938964844,327.6142578125,864600,0.0,0.0
2020-02-20 00:00:00-05:00,365.2799987792969,367.6199951171875,360.5299987792969,363.25,325.0194091796875,995200,0.0,0.0
2020-02-21 00:00:00-05:00,360.6600036621094,365.92999267578125,358.0299987792969,365.010009765625,327.78533935546875,880000,1.32,0.0
2020-02-24 00:00:00-05:00,357.989990234375,365.8500061035156,357.7200012207031,359.3900146484375,322.738525390625,997500,0.0,0.0
2020-02-25 00:00:00-05:00,361.07000732421875,361.44000244140625,338.7799987792969,339.9700012207031,305.29901123046875,1458800,0.0,0.0
2020-02-26 00:00:00-05:00,342.5,347.1499938964844,334.30999755859375,334.32000732421875,300.2251892089844,934400,0.0,0.0
2020-02-27 00:00:00-05:00,329.489990234375,337.7900085449219,325.0,331.57000732421875,297.75567626953125,2054500,0.0,0.0
2020-02-28 00:00:00-05:00,320.0,329.82000732421875,313.9800109863281,328.8399963378906,295.3039855957031,2919600,0.0,0.0
2020-03-02 00:00:00-05:00,330.4599914550781,336.92999267578125,321.8599853515625,335.989990234375,301.724853515625,1547000,0.0,0.0
2020-03-03 00:00:00-05:00,335.989990234375,347.8999938964844,329.010009765625,329.3800048828125,295.7889709472656,1207900,0.0,0.0
2020-03-04 00:00:00-05:00,335.57000732421875,347.989990234375,330.5199890136719,346.9700012207031,311.5850524902344,1193700,0.0,0.0
2020-03-05 00:00:00-05:00,339.4800109863281,342.0299987792969,325.8599853515625,327.7799987792969,294.3521423339844,1214100,0.0,0.0
2020-03-06 00:00:00-05:00,319.32000732421875,331.8999938964844,315.8399963378906,328.9599914550781,295.4118347167969,1361200,0.0,0.0
2020-03-09 00:00:00-04:00,306.94000244140625,320.739990234375,280.0,313.2799987792969,281.3308410644531,1355400,0.0,0.0
2020-03-10 00:00:00-04:00,324.69000244140625,335.1400146484375,321.6300048828125,334.8900146484375,300.7370910644531,1826700,0.0,0.0
2020-03-11 00:00:00-04:00,325.45001220703125,330.3599853515625,311.8699951171875,317.8500061035156,285.4348449707031,1484400,0.0,0.0
2020-03-12 00:00:00-04:00,296.989990234375,308.9599914550781,289.260009765625,290.5,260.87408447265625,2525900,0.0,0.0
2020-03-13 00:00:00-04:00,303.6600036621094,315.6499938964844,289.5899963378906,314.5,282.42645263671875,2307500,0.0,0.0
2020-03-16 00:00:00-04:00,274.5899963378906,300.44000244140625,274.5899963378906,282.5899963378906,253.77073669433594,1520200,0.0,0.0
2020-03-17 00:00:00-04:00,288.3599853515625,319.8900146484375,287.5799865722656,319.3299865722656,286.76385498046875,2113200,0.0,0.0
2020-03-18 00:00:00-04:00,301.010009765625,325.8500061035156,298.6099853515625,323.0,290.0595703125,1779400,0.0,0.0
2020-03-19 00:00:00-04:00,321.1499938964844,322.989990234375,289.510009765625,296.9100036621094,266.63031005859375,1711600,0.0,0.0
2020-03-20 00:00:00-04:00,300.94000244140625,301.1700134277344,274.7699890136719,284.0199890136719,255.054931640625,1768500,0.0,0.0
2020-03-23 00:00:00-04:00,280.8500061035156,283.25,263.30999755859375,269.8599853515625,242.33895874023438,1497400,0.0,0.0
2020-03-24 00:00:00-04:00,280.25,284.0,272.6300048828125,281.2799987792969,252.5943145751953,1655100,0.0,0.0
2020-03-25 00:00:00-04:00,281.7900085449219,301.9800109863281,279.0,288.3599853515625,258.9523010253906,1615600,0.0,0.0
2020-03-26 00:00:00-04:00,290.6300048828125,321.9200134277344,290.6300048828125,321.19000244140625,288.4342346191406,1425500,0.0,0.0
2020-03-27 00:00:00-04:00,311.8900146484375,318.7699890136719,301.6000061035156,312.1499938964844,280.316162109375,1504800,0.0,0.0
2020-03-30 00:00:00-04:00,317.4100036621094,322.9200134277344,308.8599853515625,313.7200012207031,281.7260437011719,1261700,0.0,0.0
2020-03-31 00:00:00-04:00,309.1700134277344,311.0,300.3800048828125,302.54998779296875,271.69512939453125,1980200,0.0,0.0
2020-04-01 00:00:00-04:00,293.8500061035156,309.989990234375,290.6199951171875,306.989990234375,275.682373046875,1226500,0.0,0.0
2020-04-02 00:00:00-04:00,301.8999938964844,314.7300109863281,301.69000244140625,314.2900085449219,282.2378234863281,1061900,0.0,0.0
2020-04-03 00:00:00-04:00,313.8999938964844,315.54998779296875,310.30999755859375,313.6099853515625,281.627197265625,834900,0.0,0.0
2020-04-06 00:00:00-04:00,320.0,335.2699890136719,319.5,332.3299865722656,298.43804931640625,1047600,0.0,0.0
2020-04-07 00:00:00-04:00,342.7099914550781,343.30999755859375,324.9599914550781,325.5199890136719,292.3226623535156,1098500,0.0,0.0
2020-04-08 00:00:00-04:00,330.30999755859375,336.6300048828125,327.0799865722656,329.6700134277344,296.04931640625,919000,0.0,0.0
2020-04-09 00:00:00-04:00,334.6099853515625,339.1199951171875,330.6499938964844,336.6499938964844,302.3174743652344,1115800,0.0,0.0
2020-04-13 00:00:00-04:00,336.7099914550781,341.5400085449219,334.1400146484375,338.8500061035156,304.293212890625,639000,0.0,0.0
2020-04-14 00:00:00-04:00,344.7099914550781,352.0,342.0,348.7900085449219,313.219482421875,639100,0.0,0.0
2020-04-15 00:00:00-04:00,346.0199890136719,346.1099853515625,336.510009765625,344.2900085449219,309.1784362792969,712300,0.0,0.0
2020-04-16 00:00:00-04:00,343.5899963378906,348.3500061035156,342.32000732421875,346.239990234375,310.9295959472656,879700,0.0,0.0
2020-04-17 00:00:00-04:00,353.6099853515625,357.1199951171875,347.0,356.29998779296875,319.96356201171875,1236800,0.0,0.0
2020-04-20 00:00:00-04:00,353.6600036621094,354.3800048828125,343.510009765625,343.9100036621094,308.8371887207031,695700,0.0,0.0
2020-04-21 00:00:00-04:00,340.95001220703125,346.5899963378906,332.2900085449219,333.67999267578125,299.6503601074219,813200,0.0,0.0
2020-04-22 00:00:00-04:00,339.1700134277344,343.54998779296875,334.9700012207031,342.010009765625,307.1308898925781,676200,0.0,0.0
2020-04-23 00:00:00-04:00,341.9700012207031,344.0,335.6000061035156,335.8299865722656,301.5811462402344,1104400,0.0,0.0
2020-04-24 00:00:00-04:00,338.0,340.8399963378906,332.0,339.30999755859375,304.7062683105469,560400,0.0,0.0
2020-04-27 00:00:00-04:00,341.9599914550781,346.7799987792969,340.5,344.80999755859375,309.64532470703125,764500,0.0,0.0
2020-04-28 00:00:00-04:00,349.2699890136719,351.4200134277344,342.6400146484375,344.5299987792969,309.3939514160156,696100,0.0,0.0
2020-04-29 00:00:00-04:00,332.54998779296875,347.1600036621094,321.1300048828125,331.8299865722656,297.9891357421875,2044500,0.0,0.0
2020-04-30 00:00:00-04:00,327.55999755859375,331.9100036621094,322.9800109863281,330.6700134277344,296.94744873046875,1137400,0.0,0.0
2020-05-01 00:00:00-04:00,326.9599914550781,330.25,324.2699890136719,328.05999755859375,294.60357666015625,849700,0.0,0.0
2020-05-04 00:00:00-04:00,326.3599853515625,327.0,319.760009765625,322.55999755859375,289.66448974609375,576400,0.0,0.0
2020-05-05 00:00:00-04:00,323.489990234375,331.94000244140625,322.260009765625,328.739990234375,295.21417236328125,595700,0.0,0.0
2020-05-06 00:00:00-04:00,330.6400146484375,331.510009765625,322.5199890136719,323.0299987792969,290.0865783691406,570600,0.0,0.0
2020-05-07 00:00:00-04:00,326.9700012207031,327.0,322.739990234375,324.1400146484375,291.0834045410156,593100,0.0,0.0
2020-05-08 00:00:00-04:00,324.25,329.0299987792969,322.7300109863281,327.6499938964844,294.2353820800781,664800,0.0,0.0
2020-05-11 00:00:00-04:00,326.1000061035156,329.55999755859375,324.760009765625,327.4700012207031,294.0737609863281,922300,0.0,0.0
2020-05-12 00:00:00-04:00,328.8800048828125,332.5299987792969,325.3900146484375,325.510009765625,292.3135986328125,1098300,0.0,0.0
2020-05-13 00:00:00-04:00,324.44000244140625,325.80999755859375,317.80999755859375,320.4599914550781,287.7787170410156,690600,0.0,0.0
2020-05-14 00:00:00-04:00,318.260009765625,318.29998779296875,307.3299865722656,311.92999267578125,280.1185302734375,1121800,0.0,0.0
2020-05-15 00:00:00-04:00,311.30999755859375,324.1000061035156,310.25,321.6300048828125,288.8293762207031,1672600,0.0,0.0
2020-05-18 00:00:00-04:00,330.17999267578125,333.8399963378906,322.57000732421875,331.1700134277344,297.3964538574219,934400,0.0,0.0
2020-05-19 00:00:00-04:00,330.8299865722656,335.19000244140625,326.6700134277344,327.0299987792969,293.6786193847656,564000,0.0,0.0
2020-05-20 00:00:00-04:00,331.95001220703125,331.95001220703125,319.7099914550781,320.3999938964844,287.7247009277344,899000,0.0,0.0
2020-05-21 00:00:00-04:00,320.5899963378906,329.5299987792969,319.75,328.1099853515625,294.6484069824219,733400,0.0,0.0
2020-05-22 00:00:00-04:00,328.95001220703125,328.95001220703125,323.44000244140625,325.9100036621094,292.6728515625,723900,0.0,0.0
2020-05-26 00:00:00-04:00,333.2099914550781,333.3500061035156,323.4700012207031,324.19000244140625,291.1282653808594,1217700,0.0,0.0
2020-05-27 00:00:00-04:00,328.0,343.5,326.20001220703125,342.9800109863281,308.0020446777344,934600,0.0,0.0
2020-05-28 00:00:00-04:00,346.4100036621094,348.7799987792969,342.30999755859375,342.7300109863281,307.7775573730469,728200,0.0,0.0
2020-05-29 00:00:00-04:00,339.8399963378906,340.739990234375,334.3999938964844,335.20001220703125,302.29437255859375,1118800,1.45,0.0
2020-06-01 00:00:00-04:00,335.6300048828125,342.1199951171875,330.25,330.6700134277344,298.2091064453125,1232400,0.0,0.0
2020-06-02 00:00:00-04:00,332.3699951171875,333.82000732421875,325.04998779296875,327.05999755859375,294.9533996582031,1451400,0.0,0.0
2020-06-03 00:00:00-04:00,329.7699890136719,336.69000244140625,327.5799865722656,335.9599914550781,302.97979736328125,1628800,0.0,0.0
2020-06-04 00:00:00-04:00,336.54998779296875,340.94000244140625,334.1499938964844,335.739990234375,302.78131103515625,689900,0.0,0.0
2020-06-05 00:00:00-04:00,343.25,346.5899963378906,339.69000244140625,342.1000061035156,308.5169677734375,1259700,0.0,0.0
2020-06-08 00:00:00-04:00,341.5799865722656,349.2699890136719,341.4800109863281,348.7900085449219,314.5502624511719,661500,0.0,0.0
2020-06-09 00:00:00-04:00,346.8800048828125,346.8800048828125,340.989990234375,342.5299987792969,308.9048767089844,1039200,0.0,0.0
2020-06-10 00:00:00-04:00,341.239990234375,344.0799865722656,338.4599914550781,341.25,307.7504577636719,606200,0.0,0.0
2020-06-11 00:00:00-04:00,330.0,336.7300109863281,320.82000732421875,320.989990234375,289.47930908203125,965900,0.0,0.0
2020-06-12 00:00:00-04:00,328.70001220703125,328.70001220703125,313.0799865722656,317.67999267578125,286.4942626953125,817800,0.0,0.0
2020-06-15 00:00:00-04:00,310.75,316.0199890136719,308.54998779296875,313.6199951171875,282.83282470703125,1194300,0.0,0.0
2020-06-16 00:00:00-04:00,324.4700012207031,329.4700012207031,317.760009765625,324.739990234375,292.8611755371094,1069500,0.0,0.0
2020-06-17 00:00:00-04:00,323.80999755859375,327.260009765625,320.57000732421875,322.2900085449219,290.6517333984375,613200,0.0,0.0
2020-06-18 00:00:00-04:00,319.6499938964844,321.489990234375,316.1000061035156,317.8299865722656,286.62969970703125,741700,0.0,0.0
2020-06-19 00:00:00-04:00,322.0,322.57000732421875,312.3800048828125,312.6600036621094,281.96710205078125,1242500,0.0,0.0
2020-06-22 00:00:00-04:00,311.92999267578125,315.6000061035156,309.5799865722656,315.55999755859375,284.58233642578125,838100,0.0,0.0
2020-06-23 00:00:00-04:00,316.8500061035156,317.0,306.7900085449219,307.1000061035156,276.9528503417969,979900,0.0,0.0
2020-06-24 00:00:00-04:00,304.6099853515625,305.29998779296875,299.25,301.9100036621094,272.2723388671875,1217000,0.0,0.0
2020-06-25 00:00:00-04:00,300.3699951171875,302.5400085449219,294.0,301.75,272.1280517578125,1285600,0.0,0.0
2020-06-26 00:00:00-04:00,300.67999267578125,306.0799865722656,298.92999267578125,301.8599853515625,272.2271423339844,1286500,0.0,0.0
2020-06-29 00:00:00-04:00,304.82000732421875,309.0199890136719,303.3299865722656,309.0199890136719,278.684326171875,734000,0.0,0.0
2020-06-30 00:00:00-04:00,308.6700134277344,309.2200012207031,304.3999938964844,307.44000244140625,277.2594909667969,772900,0.0,0.0
2020-07-01 00:00:00-04:00,308.8699951171875,311.1400146484375,306.5,308.1400146484375,277.8907775878906,737900,0.0,0.0
2020-07-02 00:00:00-04:00,311.1300048828125,313.239990234375,308.6199951171875,309.9700012207031,279.5411071777344,629700,0.0,0.0
2020-07-06 00:00:00-04:00,313.04998779296875,313.5,308.760009765625,312.3999938964844,281.7325439453125,739200,0.0,0.0
2020-07-07 00:00:00-04:00,310.1300048828125,312.5,303.6499938964844,304.4700012207031,274.5809631347656,741000,0.0,0.0
2020-07-08 00:00:00-04:00,304.0,306.54998779296875,298.7699890136719,301.1000061035156,271.54180908203125,908100,0.0,0.0
2020-07-09 00:00:00-04:00,299.6300048828125,300.30999755859375,285.489990234375,285.95001220703125,257.8791198730469,1729500,0.0,0.0
2020-07-10 00:00:00-04:00,287.1700134277344,294.2200012207031,286.80999755859375,292.0,263.3352355957031,1504700,0.0,0.0
2020-07-13 00:00:00-04:00,294.4200134277344,296.57000732421875,290.2900085449219,292.3500061035156,263.65081787109375,1043600,0.0,0.0
2020-07-14 00:00:00-04:00,291.2699890136719,295.8500061035156,287.5199890136719,295.54998779296875,266.5367126464844,1180200,0.0,0.0
2020-07-15 00:00:00-04:00,300.1199951171875,303.92999267578125,298.0,300.760009765625,271.2352294921875,1196300,0.0,0.0
2020-07-16 00:00:00-04:00,299.4700012207031,305.9800109863281,296.5,303.6499938964844,273.8415222167969,1162900,0.0,0.0
2020-07-17 00:00:00-04:00,305.8500061035156,307.69000244140625,303.57000732421875,306.8399963378906,276.7182922363281,1544800,0.0,0.0
2020-07-20 00:00:00-04:00,306.75,306.760009765625,301.25,301.489990234375,271.8935546875,921800,0.0,0.0
2020-07-21 00:00:00-04:00,306.3299865722656,309.1300048828125,302.3900146484375,308.19000244140625,277.93585205078125,1007400,0.0,0.0
2020-07-22 00:00:00-04:00,306.5899963378906,316.3900146484375,306.010009765625,316.0,284.9791259765625,942100,0.0,0.0
2020-07-23 00:00:00-04:00,316.0,318.7200012207031,311.69000244140625,313.05999755859375,282.3277893066406,694200,0.0,0.0
2020-07-24 00:00:00-04:00,314.7799987792969,318.7900085449219,310.260009765625,312.69000244140625,281.9941101074219,686900,0.0,0.0
2020-07-27 00:00:00-04:00,311.010009765625,311.7200012207031,305.8800048828125,308.0199890136719,277.7825622558594,575800,0.0,0.0
2020-07-28 00:00:00-04:00,307.9100036621094,317.94000244140625,307.9100036621094,312.8699951171875,282.1564636230469,709300,0.0,0.0
2020-07-29 00:00:00-04:00,316.1400146484375,316.69000244140625,310.5299987792969,315.260009765625,284.31182861328125,1299500,0.0,0.0
2020-07-30 00:00:00-04:00,314.0,329.4599914550781,313.010009765625,326.010009765625,294.00653076171875,1493800,0.0,0.0
2020-07-31 00:00:00-04:00,326.010009765625,326.5799865722656,318.20001220703125,325.010009765625,293.104736328125,1161300,0.0,0.0
2020-08-03 00:00:00-04:00,324.5799865722656,326.19000244140625,321.8299865722656,323.5899963378906,291.82415771484375,603100,0.0,0.0
2020-08-04 00:00:00-04:00,324.6000061035156,325.2900085449219,320.8599853515625,325.010009765625,293.104736328125,538100,0.0,0.0
2020-08-05 00:00:00-04:00,325.9200134277344,330.92999267578125,325.010009765625,329.7099914550781,297.3432922363281,566400,0.0,0.0
2020-08-06 00:00:00-04:00,327.989990234375,329.6499938964844,325.45001220703125,326.3399963378906,294.30419921875,720200,0.0,0.0
2020-08-07 00:00:00-04:00,326.8299865722656,332.0,325.4800109863281,329.2699890136719,296.9464416503906,1470200,0.0,0.0
2020-08-10 00:00:00-04:00,330.3599853515625,336.2699890136719,330.3599853515625,335.7300109863281,302.7723388671875,1016000,0.0,0.0
2020-08-11 00:00:00-04:00,339.19000244140625,345.4100036621094,338.4599914550781,341.8500061035156,308.2915344238281,1527100,0.0,0.0
2020-08-12 00:00:00-04:00,343.17999267578125,343.989990234375,337.54998779296875,339.3999938964844,306.08203125,636600,0.0,0.0
2020-08-13 00:00:00-04:00,336.7900085449219,340.82000732421875,335.4599914550781,338.6199951171875,305.3786315917969,493000,0.0,0.0
2020-08-14 00:00:00-04:00,337.2799987792969,343.8399963378906,336.8599853515625,342.05999755859375,308.48089599609375,396200,0.0,0.0
2020-08-17 00:00:00-04:00,341.7699890136719,344.0,338.5199890136719,339.760009765625,306.4067687988281,628200,0.0,0.0
2020-08-18 00:00:00-04:00,339.7200012207031,339.9200134277344,337.2699890136719,337.6000061035156,304.4587707519531,499000,0.0,0.0
2020-08-19 00:00:00-04:00,337.0,340.32000732421875,336.20001220703125,337.9100036621094,304.7383117675781,487700,0.0,0.0
2020-08-20 00:00:00-04:00,337.5799865722656,338.44000244140625,336.0299987792969,336.6700134277344,303.6201171875,338500,0.0,0.0
2020-08-21 00:00:00-04:00,337.29998779296875,339.1300048828125,336.44000244140625,337.8599853515625,304.69317626953125,440800,0.0,0.0
2020-08-24 00:00:00-04:00,338.70001220703125,344.510009765625,338.4100036621094,344.4200134277344,310.60919189453125,416700,0.0,0.0
2020-08-25 00:00:00-04:00,345.0,345.07000732421875,341.45001220703125,343.0,309.3287048339844,454600,0.0,0.0
2020-08-26 00:00:00-04:00,341.5,342.8800048828125,338.0199890136719,341.4100036621094,307.89471435546875,607200,0.0,0.0
2020-08-27 00:00:00-04:00,343.4599914550781,349.2300109863281,342.05999755859375,348.989990234375,314.73065185546875,669200,0.0,0.0
2020-08-28 00:00:00-04:00,347.7799987792969,348.54998779296875,342.2699890136719,344.75,312.20404052734375,513500,1.45,0.0
2020-08-31 00:00:00-04:00,343.20001220703125,344.4599914550781,341.57000732421875,342.6099853515625,310.2659912109375,558000,0.0,0.0
2020-09-01 00:00:00-04:00,340.1600036621094,342.8699951171875,337.1099853515625,340.3800048828125,308.2467041015625,538800,0.0,0.0
2020-09-02 00:00:00-04:00,338.82000732421875,350.25,338.0199890136719,348.3599853515625,315.47320556640625,660600,0.0,0.0
2020-09-03 00:00:00-04:00,350.6499938964844,352.1199951171875,339.9200134277344,342.2300109863281,309.92193603515625,791700,0.0,0.0
2020-09-04 00:00:00-04:00,343.989990234375,347.05999755859375,337.3399963378906,339.0299987792969,307.0240173339844,584400,0.0,0.0
2020-09-08 00:00:00-04:00,339.8900146484375,339.8900146484375,334.2099914550781,334.55999755859375,302.9759826660156,661800,0.0,0.0
2020-09-09 00:00:00-04:00,342.67999267578125,342.760009765625,336.6600036621094,339.4100036621094,307.36810302734375,608800,0.0,0.0
2020-09-10 00:00:00-04:00,339.7699890136719,341.0400085449219,329.4100036621094,330.0199890136719,298.8646240234375,558100,0.0,0.0
2020-09-11 00:00:00-04:00,333.05999755859375,340.1700134277344,331.70001220703125,338.8800048828125,306.8881530761719,489300,0.0,0.0
2020-09-14 00:00:00-04:00,340.75,341.6600036621094,337.6600036621094,338.45001220703125,306.49884033203125,552900,0.0,0.0
2020-09-15 00:00:00-04:00,337.54998779296875,339.95001220703125,334.7300109863281,338.0199890136719,306.1093444824219,523500,0.0,0.0
2020-09-16 00:00:00-04:00,337.25,346.8900146484375,335.739990234375,343.4700012207031,311.0447998046875,750000,0.0,0.0
2020-09-17 00:00:00-04:00,341.1300048828125,345.4700012207031,338.0799865722656,343.8399963378906,311.3798522949219,361300,0.0,0.0
2020-09-18 00:00:00-04:00,341.1600036621094,345.8900146484375,341.1600036621094,341.5,309.2608337402344,689900,0.0,0.0
2020-09-21 00:00:00-04:00,337.92999267578125,338.55999755859375,324.4100036621094,325.8900146484375,295.1244812011719,714900,0.0,0.0
2020-09-22 00:00:00-04:00,327.32000732421875,333.4599914550781,326.9100036621094,332.79998779296875,301.3822326660156,651900,0.0,0.0
2020-09-23 00:00:00-04:00,334.45001220703125,337.3299865722656,326.5199890136719,328.05999755859375,297.089599609375,790800,0.0,0.0
2020-09-24 00:00:00-04:00,327.4800109863281,328.70001220703125,321.1700134277344,324.7200012207031,294.06494140625,574900,0.0,0.0
2020-09-25 00:00:00-04:00,324.1300048828125,329.5799865722656,322.94000244140625,328.0,297.03533935546875,646300,0.0,0.0
2020-09-28 00:00:00-04:00,330.5400085449219,333.55999755859375,328.7200012207031,329.5199890136719,298.4117431640625,566900,0.0,0.0
2020-09-29 00:00:00-04:00,328.7799987792969,330.4200134277344,324.42999267578125,325.2799987792969,294.57208251953125,483200,0.0,0.0
2020-09-30 00:00:00-04:00,326.20001220703125,326.7300109863281,312.25,315.489990234375,285.70635986328125,1183800,0.0,0.0
2020-10-01 00:00:00-04:00,317.3500061035156,321.04998779296875,309.3599853515625,311.80999755859375,282.373779296875,1687900,0.0,0.0
2020-10-02 00:00:00-04:00,309.1099853515625,315.1400146484375,307.1199951171875,313.95001220703125,284.31170654296875,1380900,0.0,0.0
2020-10-05 00:00:00-04:00,315.8500061035156,317.2300109863281,311.29998779296875,312.17999267578125,282.708740234375,881700,0.0,0.0
2020-10-06 00:00:00-04:00,320.3299865722656,320.3299865722656,308.8900146484375,308.9700012207031,279.8018493652344,1149200,0.0,0.0
2020-10-07 00:00:00-04:00,310.3999938964844,315.57000732421875,310.3999938964844,313.8900146484375,284.25738525390625,1019500,0.0,0.0
2020-10-08 00:00:00-04:00,314.2200012207031,319.82000732421875,314.2200012207031,319.67999267578125,289.5007019042969,596800,0.0,0.0
2020-10-09 00:00:00-04:00,320.0,322.4700012207031,313.6300048828125,315.2799987792969,285.51611328125,1210200,0.0,0.0
2020-10-12 00:00:00-04:00,314.5199890136719,318.80999755859375,313.2200012207031,316.5899963378906,286.7024230957031,834600,0.0,0.0
2020-10-13 00:00:00-04:00,315.1000061035156,318.42999267578125,311.8599853515625,312.6000061035156,283.0890808105469,636400,0.0,0.0
2020-10-14 00:00:00-04:00,311.42999267578125,317.6000061035156,311.3999938964844,314.8900146484375,285.1629333496094,1119900,0.0,0.0
2020-10-15 00:00:00-04:00,313.5299987792969,316.260009765625,312.239990234375,314.82000732421875,285.099609375,854000,0.0,0.0
2020-10-16 00:00:00-04:00,315.9700012207031,319.7300109863281,315.55999755859375,316.239990234375,286.38543701171875,1393700,0.0,0.0
2020-10-19 00:00:00-04:00,316.0400085449219,318.8900146484375,310.82000732421875,311.3299865722656,281.93902587890625,775300,0.0,0.0
2020-10-20 00:00:00-04:00,313.739990234375,313.7699890136719,308.2799987792969,309.04998779296875,279.8742370605469,786300,0.0,0.0
2020-10-21 00:00:00-04:00,308.0400085449219,309.8399963378906,305.9100036621094,308.3699951171875,279.25848388671875,830000,0.0,0.0
2020-10-22 00:00:00-04:00,309.260009765625,314.69000244140625,302.989990234375,302.989990234375,274.3863830566406,1388000,0.0,0.0
2020-10-23 00:00:00-04:00,305.1600036621094,309.55999755859375,304.0,308.42999267578125,279.31280517578125,1113300,0.0,0.0
2020-10-26 00:00:00-04:00,305.3999938964844,312.3500061035156,301.70001220703125,309.8399963378906,280.5897521972656,1312700,0.0,0.0
2020-10-27 00:00:00-04:00,308.6700134277344,309.010009765625,302.07000732421875,302.1199951171875,273.59844970703125,1081500,0.0,0.0
2020-10-28 00:00:00-04:00,299.5799865722656,304.25,293.5400085449219,293.6600036621094,265.9371337890625,1221300,0.0,0.0
2020-10-29 00:00:00-04:00,292.5400085449219,297.69000244140625,291.25,292.3900146484375,264.78704833984375,1260400,0.0,0.0
2020-10-30 00:00:00-04:00,290.8699951171875,293.9200134277344,285.1300048828125,289.82000732421875,262.45965576171875,1227100,0.0,0.0
2020-11-02 00:00:00-05:00,294.4800109863281,298.9800109863281,292.75,296.6300048828125,268.6267395019531,852100,0.0,0.0
2020-11-03 00:00:00-05:00,299.30999755859375,307.1199951171875,299.30999755859375,304.82000732421875,276.0435791015625,864900,0.0,0.0
2020-11-04 00:00:00-05:00,310.0,324.260009765625,309.0,315.6400146484375,285.8421630859375,1684000,0.0,0.0
2020-11-05 00:00:00-05:00,316.5,317.2799987792969,306.05999755859375,307.3999938964844,278.3800048828125,1410300,0.0,0.0
2020-11-06 00:00:00-05:00,305.739990234375,305.94000244140625,296.6300048828125,301.3599853515625,272.9102478027344,946700,0.0,0.0
2020-11-09 00:00:00-05:00,315.0,317.6000061035156,300.07000732421875,301.2799987792969,272.83782958984375,1732000,0.0,0.0
2020-11-10 00:00:00-05:00,302.7300109863281,316.8999938964844,301.4800109863281,314.510009765625,284.8188781738281,948500,0.0,0.0
2020-11-11 00:00:00-05:00,314.9599914550781,314.9700012207031,306.0199890136719,309.9599914550781,280.6983642578125,590700,0.0,0.0
2020-11-12 00:00:00-05:00,308.0,308.7799987792969,302.3399963378906,306.2300109863281,277.32049560546875,737400,0.0,0.0
2020-11-13 00:00:00-05:00,308.0799865722656,313.1199951171875,307.1099853515625,311.7099914550781,282.28314208984375,493400,0.0,0.0
2020-11-16 00:00:00-05:00,315.3800048828125,315.5799865722656,311.4200134277344,312.7300109863281,283.2069091796875,555100,0.0,0.0
2020-11-17 00:00:00-05:00,310.3299865722656,315.75,309.6499938964844,312.6300048828125,283.1163330078125,744500,0.0,0.0
2020-11-18 00:00:00-05:00,314.739990234375,316.4200134277344,310.29998779296875,310.6000061035156,281.2779235839844,1187100,0.0,0.0
2020-11-19 00:00:00-05:00,311.2200012207031,311.8699951171875,306.9200134277344,309.4800109863281,280.263671875,708100,0.0,0.0
2020-11-20 00:00:00-05:00,308.8800048828125,310.2099914550781,305.20001220703125,306.4200134277344,277.4925537109375,776900,0.0,0.0
2020-11-23 00:00:00-05:00,309.2300109863281,311.2099914550781,305.5,306.489990234375,277.5559387207031,677000,0.0,0.0
2020-11-24 00:00:00-05:00,309.510009765625,313.6099853515625,308.5,309.9800109863281,280.7164001464844,918600,0.0,0.0
2020-11-25 00:00:00-05:00,310.05999755859375,314.1400146484375,307.8500061035156,312.260009765625,282.78125,698700,0.0,0.0
2020-11-27 00:00:00-05:00,311.3699951171875,311.6300048828125,305.29998779296875,306.0299987792969,278.43231201171875,475100,1.45,0.0
2020-11-30 00:00:00-05:00,305.29998779296875,306.3999938964844,299.1400146484375,302.260009765625,275.0022888183594,1154600,0.0,0.0
2020-12-01 00:00:00-05:00,304.17999267578125,309.8699951171875,300.5400085449219,301.1000061035156,273.9468078613281,882900,0.0,0.0
2020-12-02 00:00:00-05:00,301.1000061035156,301.69000244140625,297.739990234375,298.7699890136719,271.8270568847656,769500,0.0,0.0
2020-12-03 00:00:00-05:00,299.1700134277344,304.75,298.7200012207031,303.42999267578125,276.06671142578125,992100,0.0,0.0
2020-12-04 00:00:00-05:00,304.0299987792969,307.69000244140625,303.1199951171875,307.2300109863281,279.5240478515625,794100,0.0,0.0
2020-12-07 00:00:00-05:00,306.79998779296875,306.94000244140625,298.2900085449219,301.0,273.8559265136719,907100,0.0,0.0
2020-12-08 00:00:00-05:00,300.760009765625,308.6400146484375,300.3999938964844,301.9599914550781,274.729248046875,764100,0.0,0.0
2020-12-09 00:00:00-05:00,302.1400146484375,304.7099914550781,300.07000732421875,303.7300109863281,276.33966064453125,730500,0.0,0.0
2020-12-10 00:00:00-05:00,302.1000061035156,305.69000244140625,297.8800048828125,298.42999267578125,271.51763916015625,1166100,0.0,0.0
2020-12-11 00:00:00-05:00,298.0799865722656,301.2099914550781,295.04998779296875,300.57000732421875,273.4647216796875,860300,0.0,0.0
2020-12-14 00:00:00-05:00,301.9800109863281,303.3900146484375,298.0,298.0,271.1264343261719,700300,0.0,0.0
2020-12-15 00:00:00-05:00,298.3399963378906,300.6600036621094,297.75,298.510009765625,271.5904541015625,885900,0.0,0.0
2020-12-16 00:00:00-05:00,300.4200134277344,304.0799865722656,299.30999755859375,302.010009765625,274.7748718261719,995100,0.0,0.0
2020-12-17 00:00:00-05:00,302.2699890136719,306.989990234375,299.6700134277344,300.67999267578125,273.56475830078125,1295700,0.0,0.0
2020-12-18 00:00:00-05:00,300.6000061035156,304.9599914550781,299.2099914550781,303.1300048828125,275.79388427734375,2663200,0.0,0.0
2020-12-21 00:00:00-05:00,299.0299987792969,299.9100036621094,292.760009765625,297.6099853515625,270.7716064453125,1428900,0.0,0.0
2020-12-22 00:00:00-05:00,297.44000244140625,297.82000732421875,294.7200012207031,296.32000732421875,269.5979919433594,963200,0.0,0.0
2020-12-23 00:00:00-05:00,298.2900085449219,302.8399963378906,297.55999755859375,300.6600036621094,273.5465393066406,787000,0.0,0.0
2020-12-24 00:00:00-05:00,300.5899963378906,301.0799865722656,296.92999267578125,299.6000061035156,272.5821533203125,332700,0.0,0.0
2020-12-28 00:00:00-05:00,300.510009765625,304.7099914550781,299.30999755859375,303.0199890136719,275.6936950683594,603900,0.0,0.0
2020-12-29 00:00:00-05:00,304.80999755859375,305.0299987792969,299.1499938964844,300.989990234375,273.8467102050781,524500,0.0,0.0
2020-12-30 00:00:00-05:00,301.4599914550781,305.54998779296875,301.32000732421875,302.6099853515625,275.3206481933594,528100,0.0,0.0
2020-12-31 00:00:00-05:00,302.6099853515625,304.95001220703125,300.5,304.7200012207031,277.2403869628906,520500,0.0,0.0
2021-01-04 00:00:00-05:00,304.07000732421875,304.239990234375,292.25,294.760009765625,268.17864990234375,1267500,0.0,0.0
2021-01-05 00:00:00-05:00,295.25,298.489990234375,294.0,296.5899963378906,269.8435974121094,939900,0.0,0.0
2021-01-06 00:00:00-05:00,293.9800109863281,302.0899963378906,293.2099914550781,299.1400146484375,272.16357421875,952500,0.0,0.0
2021-01-07 00:00:00-05:00,296.82000732421875,298.94000244140625,292.5400085449219,292.5799865722656,266.19512939453125,1331000,0.0,0.0
2021-01-08 00:00:00-05:00,292.6000061035156,293.5899963378906,286.6000061035156,288.3299865722656,262.3284606933594,2090300,0.0,0.0
2021-01-11 00:00:00-05:00,287.760009765625,294.94000244140625,287.1499938964844,294.739990234375,268.1603698730469,1220900,0.0,0.0
2021-01-12 00:00:00-05:00,294.8599853515625,298.54998779296875,293.5,297.5400085449219,270.7079162597656,1073900,0.0,0.0
2021-01-13 00:00:00-05:00,298.0,300.010009765625,294.6400146484375,299.4599914550781,272.4547424316406,1541400,0.0,0.0
2021-01-14 00:00:00-05:00,302.0299987792969,308.8399963378906,301.9700012207031,303.0199890136719,275.6936950683594,1375600,0.0,0.0
2021-01-15 00:00:00-05:00,302.70001220703125,303.5199890136719,298.95001220703125,300.75,273.6283874511719,1782800,0.0,0.0
2021-01-19 00:00:00-05:00,303.5,304.0,297.8599853515625,298.0199890136719,271.1445617675781,1360600,0.0,0.0
2021-01-20 00:00:00-05:00,300.0,301.07000732421875,297.04998779296875,298.7799987792969,271.8360595703125,985800,0.0,0.0
2021-01-21 00:00:00-05:00,297.4700012207031,299.82000732421875,296.3999938964844,296.8699951171875,270.0982971191406,975300,0.0,0.0
2021-01-22 00:00:00-05:00,296.0,300.6000061035156,294.54998779296875,298.1600036621094,271.27203369140625,989200,0.0,0.0
2021-01-25 00:00:00-05:00,299.67999267578125,305.20001220703125,297.8900146484375,299.3500061035156,272.354736328125,1469900,0.0,0.0
2021-01-26 00:00:00-05:00,299.79998779296875,300.3999938964844,292.5,293.1099853515625,266.6773681640625,985000,0.0,0.0
2021-01-27 00:00:00-05:00,292.8900146484375,296.07000732421875,291.1600036621094,292.239990234375,265.8858337402344,1389300,0.0,0.0
2021-01-28 00:00:00-05:00,292.1199951171875,296.2099914550781,291.29998779296875,293.0299987792969,266.6045837402344,1398500,0.0,0.0
2021-01-29 00:00:00-05:00,289.5799865722656,289.5899963378906,282.8800048828125,286.6099853515625,260.7635803222656,1659000,0.0,0.0
2021-02-01 00:00:00-05:00,288.42999267578125,294.1300048828125,287.6000061035156,292.30999755859375,265.9495544433594,1321400,0.0,0.0
2021-02-02 00:00:00-05:00,294.80999755859375,302.1199951171875,294.0199890136719,300.0,272.9460754394531,2226000,0.0,0.0
2021-02-03 00:00:00-05:00,298.5199890136719,301.95001220703125,297.7699890136719,300.739990234375,273.6192932128906,970600,0.0,0.0
2021-02-04 00:00:00-05:00,301.489990234375,303.7200012207031,299.7200012207031,301.8500061035156,274.6292724609375,1298700,0.0,0.0
2021-02-05 00:00:00-05:00,303.3599853515625,304.6499938964844,298.55999755859375,298.7900085449219,271.84521484375,1151500,0.0,0.0
2021-02-08 00:00:00-05:00,301.0,301.6000061035156,298.0899963378906,300.1300048828125,273.0643310546875,1588800,0.0,0.0
2021-02-09 00:00:00-05:00,299.010009765625,306.6499938964844,298.05999755859375,303.7799987792969,276.38519287109375,1296500,0.0,0.0
2021-02-10 00:00:00-05:00,304.6499938964844,304.6499938964844,302.3900146484375,303.6300048828125,276.24871826171875,847200,0.0,0.0
2021-02-11 00:00:00-05:00,302.5799865722656,304.20001220703125,299.1400146484375,299.6300048828125,272.6094970703125,1018100,0.0,0.0
2021-02-12 00:00:00-05:00,298.5199890136719,301.510009765625,296.1099853515625,297.3599853515625,270.5441589355469,654200,0.0,0.0
2021-02-16 00:00:00-05:00,296.8699951171875,298.1300048828125,290.6099853515625,290.8800048828125,264.6485290527344,1012300,0.0,0.0
2021-02-17 00:00:00-05:00,290.75,297.2300109863281,288.0799865722656,297.17999267578125,270.38037109375,1039800,0.0,0.0
2021-02-18 00:00:00-05:00,295.79998779296875,298.7699890136719,295.04998779296875,297.8599853515625,270.9990234375,718900,0.0,0.0
2021-02-19 00:00:00-05:00,298.44000244140625,298.8500061035156,296.2900085449219,297.239990234375,270.4350280761719,1202800,0.0,0.0
2021-02-22 00:00:00-05:00,295.1000061035156,299.4700012207031,294.0199890136719,297.94000244140625,271.0718994140625,1261700,0.0,0.0
2021-02-23 00:00:00-05:00,300.4700012207031,304.55999755859375,295.6499938964844,298.67999267578125,271.7451477050781,1253400,0.0,0.0
2021-02-24 00:00:00-05:00,299.8500061035156,304.4700012207031,296.9100036621094,301.7300109863281,274.5201110839844,1141800,0.0,0.0
2021-02-25 00:00:00-05:00,301.0,306.4800109863281,299.82000732421875,301.8900146484375,274.6656494140625,1394100,0.0,0.0
2021-02-26 00:00:00-05:00,299.7200012207031,300.0799865722656,291.6000061035156,291.6600036621094,266.63885498046875,1156100,1.45,0.0
2021-03-01 00:00:00-05:00,292.54998779296875,297.42999267578125,292.54998779296875,293.4599914550781,268.284423828125,1077300,0.0,0.0
2021-03-02 00:00:00-05:00,293.5,300.5,293.260009765625,298.7799987792969,273.14801025390625,1802100,0.0,0.0
2021-03-03 00:00:00-05:00,298.5,304.9800109863281,297.9800109863281,299.1000061035156,273.44061279296875,848300,0.0,0.0
2021-03-04 00:00:00-05:00,299.4700012207031,303.8800048828125,295.3299865722656,297.510009765625,271.9870300292969,1430600,0.0,0.0
2021-03-05 00:00:00-05:00,298.760009765625,302.4800109863281,295.1600036621094,300.9100036621094,275.09527587890625,1007400,0.0,0.0
2021-03-08 00:00:00-05:00,303.3900146484375,310.1700134277344,301.55999755859375,305.6199951171875,279.4012451171875,1295900,0.0,0.0
2021-03-09 00:00:00-05:00,303.8299865722656,304.5199890136719,297.29998779296875,298.29998779296875,272.709228515625,1304100,0.0,0.0
2021-03-10 00:00:00-05:00,299.30999755859375,302.1199951171875,295.8699951171875,300.0,274.26336669921875,985300,0.0,0.0
2021-03-11 00:00:00-05:00,299.3900146484375,301.0799865722656,297.2799987792969,299.4100036621094,273.7240295410156,874000,0.0,0.0
2021-03-12 00:00:00-05:00,302.4700012207031,303.29998779296875,300.92999267578125,301.7900085449219,275.89984130859375,932000,0.0,0.0
2021-03-15 00:00:00-04:00,304.010009765625,306.7200012207031,303.239990234375,305.739990234375,279.510986328125,835700,0.0,0.0
2021-03-16 00:00:00-04:00,305.739990234375,307.42999267578125,301.29998779296875,305.8399963378906,279.6023864746094,815400,0.0,0.0
2021-03-17 00:00:00-04:00,306.8500061035156,315.25,306.8500061035156,310.57000732421875,283.92657470703125,1104000,0.0,0.0
2021-03-18 00:00:00-04:00,310.17999267578125,315.5899963378906,310.17999267578125,314.94000244140625,287.92169189453125,1022300,0.0,0.0
2021-03-19 00:00:00-04:00,315.5799865722656,316.45001220703125,308.6099853515625,308.6499938964844,282.1712951660156,2006800,0.0,0.0
2021-03-22 00:00:00-04:00,308.0400085449219,315.70001220703125,307.30999755859375,314.2099914550781,287.2542419433594,1187100,0.0,0.0
2021-03-23 00:00:00-04:00,313.1199951171875,317.3999938964844,313.1199951171875,314.1400146484375,287.1903381347656,1162900,0.0,0.0
2021-03-24 00:00:00-04:00,315.1400146484375,321.3699951171875,315.1400146484375,316.0299987792969,288.918212890625,1077900,0.0,0.0
2021-03-25 00:00:00-04:00,317.1499938964844,322.0,316.2900085449219,321.19000244140625,293.635498046875,1027200,0.0,0.0
2021-03-26 00:00:00-04:00,321.2900085449219,323.19000244140625,315.6700134277344,319.0199890136719,291.6515808105469,1052200,0.0,0.0
2021-03-29 00:00:00-04:00,319.70001220703125,326.1499938964844,319.70001220703125,323.1499938964844,295.4273681640625,907800,0.0,0.0
2021-03-30 00:00:00-04:00,323.05999755859375,324.70001220703125,321.55999755859375,322.67999267578125,294.9976806640625,893000,0.0,0.0
2021-03-31 00:00:00-04:00,321.6199951171875,324.32000732421875,320.2699890136719,323.6400146484375,295.8753967285156,1011800,0.0,0.0
2021-04-01 00:00:00-04:00,323.0400085449219,325.0799865722656,321.30999755859375,322.239990234375,294.5954284667969,855200,0.0,0.0
2021-04-05 00:00:00-04:00,322.8999938964844,331.0,322.8999938964844,330.6499938964844,302.28399658203125,1166100,0.0,0.0
2021-04-06 00:00:00-04:00,327.9800109863281,332.30999755859375,327.1000061035156,331.1600036621094,302.7502136230469,796400,0.0,0.0
2021-04-07 00:00:00-04:00,332.7200012207031,334.260009765625,329.8699951171875,333.9700012207031,305.31915283203125,933400,0.0,0.0
2021-04-08 00:00:00-04:00,332.9700012207031,337.3500061035156,332.9700012207031,336.1199951171875,307.28472900390625,969100,0.0,0.0
2021-04-09 00:00:00-04:00,336.7300109863281,340.6499938964844,336.3699951171875,339.95001220703125,310.7860412597656,1005700,0.0,0.0
2021-04-12 00:00:00-04:00,340.0,342.9100036621094,337.7099914550781,340.69000244140625,311.462646484375,732100,0.0,0.0
2021-04-13 00:00:00-04:00,338.9700012207031,340.2699890136719,337.989990234375,338.6099853515625,309.5610656738281,781100,0.0,0.0
2021-04-14 00:00:00-04:00,339.239990234375,343.3900146484375,338.6400146484375,341.82000732421875,312.49566650390625,737100,0.0,0.0
2021-04-15 00:00:00-04:00,341.8500061035156,345.6300048828125,340.5899963378906,344.5899963378906,315.028076171875,850500,0.0,0.0
2021-04-16 00:00:00-04:00,346.5799865722656,347.82000732421875,343.6700134277344,346.42999267578125,316.71026611328125,1867300,0.0,0.0
2021-04-19 00:00:00-04:00,347.0,347.25,342.79998779296875,344.6400146484375,315.0736999511719,817500,0.0,0.0
2021-04-20 00:00:00-04:00,344.79998779296875,346.6099853515625,343.1600036621094,345.1400146484375,315.5308837890625,800300,0.0,0.0
2021-04-21 00:00:00-04:00,345.1199951171875,346.54998779296875,343.5400085449219,345.5199890136719,315.8782653808594,748700,0.0,0.0
2021-04-22 00:00:00-04:00,344.1300048828125,345.19000244140625,341.7799987792969,343.42999267578125,313.967529296875,728000,0.0,0.0
2021-04-23 00:00:00-04:00,342.9599914550781,343.79998779296875,340.1099853515625,342.0400085449219,312.6968078613281,1012900,0.0,0.0
2021-04-26 00:00:00-04:00,342.04998779296875,342.989990234375,336.55999755859375,337.79998779296875,308.820556640625,892500,0.0,0.0
2021-04-27 00:00:00-04:00,337.3900146484375,340.8699951171875,336.0299987792969,339.8699951171875,310.7130126953125,738200,0.0,0.0
2021-04-28 00:00:00-04:00,340.2699890136719,340.2699890136719,336.57000732421875,338.3699951171875,309.3416748046875,763600,0.0,0.0
2021-04-29 00:00:00-04:00,342.0,354.1700134277344,341.6099853515625,352.2200012207031,322.0035095214844,1320900,0.0,0.0
2021-04-30 00:00:00-04:00,353.8299865722656,356.8800048828125,352.2300109863281,354.44000244140625,324.032958984375,1275200,0.0,0.0
2021-05-03 00:00:00-04:00,352.0400085449219,362.8299865722656,352.0400085449219,361.0,330.0303649902344,1041700,0.0,0.0
2021-05-04 00:00:00-04:00,362.6400146484375,368.510009765625,361.5,368.1199951171875,336.5394592285156,1128600,0.0,0.0
2021-05-05 00:00:00-04:00,368.4599914550781,373.239990234375,366.4700012207031,372.989990234375,340.9916687011719,1455900,0.0,0.0
2021-05-06 00:00:00-04:00,374.010009765625,375.92999267578125,368.29998779296875,370.04998779296875,338.30389404296875,1072700,0.0,0.0
2021-05-07 00:00:00-04:00,369.17999267578125,372.7099914550781,366.25,370.6300048828125,338.8340759277344,959600,0.0,0.0
2021-05-10 00:00:00-04:00,373.29998779296875,378.6099853515625,373.29998779296875,373.79998779296875,341.732177734375,714800,0.0,0.0
2021-05-11 00:00:00-04:00,372.0299987792969,374.0799865722656,365.9800109863281,368.29998779296875,336.7039794921875,954500,0.0,0.0
2021-05-12 00:00:00-04:00,368.6199951171875,371.5799865722656,363.1199951171875,363.1499938964844,331.9958801269531,999600,0.0,0.0
2021-05-13 00:00:00-04:00,362.8299865722656,372.760009765625,362.5400085449219,370.05999755859375,338.3129577636719,757000,0.0,0.0
2021-05-14 00:00:00-04:00,371.0,372.8999938964844,370.1600036621094,371.6099853515625,339.7300720214844,757100,0.0,0.0
2021-05-17 00:00:00-04:00,372.5,374.67999267578125,371.3599853515625,372.8699951171875,340.8820495605469,648900,0.0,0.0
2021-05-18 00:00:00-04:00,371.8699951171875,373.7099914550781,368.5199890136719,368.6199951171875,336.9965515136719,735900,0.0,0.0
2021-05-19 00:00:00-04:00,368.2799987792969,371.0,363.5199890136719,370.8999938964844,339.0809631347656,685300,0.0,0.0
2021-05-20 00:00:00-04:00,371.1700134277344,374.29998779296875,371.1099853515625,371.9599914550781,340.0499572753906,786800,0.0,0.0
2021-05-21 00:00:00-04:00,372.5400085449219,377.0199890136719,369.239990234375,370.4599914550781,338.6786804199219,682500,0.0,0.0
2021-05-24 00:00:00-04:00,372.70001220703125,373.9700012207031,368.55999755859375,372.17999267578125,340.2510986328125,570600,0.0,0.0
2021-05-25 00:00:00-04:00,372.5299987792969,374.3800048828125,369.3299865722656,369.989990234375,338.2490234375,680300,0.0,0.0
2021-05-26 00:00:00-04:00,369.3299865722656,370.3500061035156,365.3999938964844,366.7200012207031,335.2594909667969,697100,0.0,0.0
2021-05-27 00:00:00-04:00,370.2900085449219,371.239990234375,366.0199890136719,370.4599914550781,338.6786804199219,997200,0.0,0.0
2021-05-28 00:00:00-04:00,369.2699890136719,370.4599914550781,365.4800109863281,365.8699951171875,335.906005859375,575700,1.57,0.0
2021-06-01 00:00:00-04:00,369.2200012207031,370.04998779296875,365.2300109863281,365.6199951171875,335.6764831542969,764200,0.0,0.0
2021-06-02 00:00:00-04:00,365.6199951171875,369.69000244140625,364.739990234375,367.2099914550781,337.13629150390625,495800,0.0,0.0
2021-06-03 00:00:00-04:00,367.010009765625,367.3800048828125,364.489990234375,366.510009765625,336.4936218261719,779400,0.0,0.0
2021-06-04 00:00:00-04:00,373.8299865722656,379.0299987792969,372.95001220703125,377.510009765625,346.59271240234375,1319300,0.0,0.0
2021-06-07 00:00:00-04:00,376.3999938964844,378.0,370.2699890136719,371.8399963378906,341.3871154785156,1125200,0.0,0.0
2021-06-08 00:00:00-04:00,372.0400085449219,372.8699951171875,368.1300048828125,371.1099853515625,340.7168273925781,613200,0.0,0.0
2021-06-09 00:00:00-04:00,371.1099853515625,372.9700012207031,368.6400146484375,372.6000061035156,342.0848083496094,689600,0.0,0.0
2021-06-10 00:00:00-04:00,375.0,375.6600036621094,370.8999938964844,372.510009765625,342.0022277832031,741400,0.0,0.0
2021-06-11 00:00:00-04:00,373.8800048828125,375.54998779296875,370.20001220703125,375.05999755859375,344.3432922363281,636200,0.0,0.0
2021-06-14 00:00:00-04:00,372.45001220703125,373.0899963378906,369.4100036621094,372.2300109863281,341.74517822265625,865500,0.0,0.0
2021-06-15 00:00:00-04:00,375.3999938964844,377.3699951171875,373.7699890136719,375.0,344.2882995605469,687000,0.0,0.0
2021-06-16 00:00:00-04:00,378.17999267578125,378.17999267578125,371.6499938964844,372.2099914550781,341.7268371582031,883400,0.0,0.0
2021-06-17 00:00:00-04:00,373.239990234375,373.8900146484375,366.20001220703125,368.70001220703125,338.5041809082031,737000,0.0,0.0
2021-06-18 00:00:00-04:00,365.9200134277344,370.239990234375,365.239990234375,367.19000244140625,337.117919921875,2387100,0.0,0.0
2021-06-21 00:00:00-04:00,369.79998779296875,374.5799865722656,368.3999938964844,373.2900085449219,342.7184143066406,893800,0.0,0.0
2021-06-22 00:00:00-04:00,374.3800048828125,374.3800048828125,371.07000732421875,372.57000732421875,342.0572814941406,491600,0.0,0.0
2021-06-23 00:00:00-04:00,372.5899963378906,372.5899963378906,368.1099853515625,370.2799987792969,339.954833984375,709800,0.0,0.0
2021-06-24 00:00:00-04:00,372.05999755859375,372.05999755859375,367.5400085449219,369.67999267578125,339.40399169921875,644900,0.0,0.0
2021-06-25 00:00:00-04:00,369.0,375.4100036621094,368.05999755859375,373.30999755859375,342.7367248535156,2930400,0.0,0.0
2021-06-28 00:00:00-04:00,373.3900146484375,373.3900146484375,368.3500061035156,370.2099914550781,339.89056396484375,565000,0.0,0.0
2021-06-29 00:00:00-04:00,369.80999755859375,371.239990234375,360.0,360.30999755859375,330.8013610839844,1151300,0.0,0.0
2021-06-30 00:00:00-04:00,361.29998779296875,364.9100036621094,361.29998779296875,363.42999267578125,333.6658630371094,613900,0.0,0.0
2021-07-01 00:00:00-04:00,364.5299987792969,367.9599914550781,363.3900146484375,367.6199951171875,337.5126953125,449400,0.0,0.0
2021-07-02 00:00:00-04:00,367.9200134277344,371.05999755859375,365.30999755859375,369.20001220703125,338.9633483886719,338000,0.0,0.0
2021-07-06 00:00:00-04:00,368.0299987792969,368.44000244140625,362.75,367.6499938964844,337.5402526855469,603300,0.0,0.0
2021-07-07 00:00:00-04:00,367.3399963378906,372.05999755859375,365.79998779296875,371.260009765625,340.8546447753906,545500,0.0,0.0
2021-07-08 00:00:00-04:00,368.8999938964844,371.989990234375,367.94000244140625,369.94000244140625,339.6427001953125,402700,0.0,0.0
2021-07-09 00:00:00-04:00,372.4800109863281,373.510009765625,369.3800048828125,371.82000732421875,341.3687744140625,357400,0.0,0.0
2021-07-12 00:00:00-04:00,370.1600036621094,372.45001220703125,368.2900085449219,370.3299865722656,340.0008544921875,450300,0.0,0.0
2021-07-13 00:00:00-04:00,370.6000061035156,373.9800109863281,367.2900085449219,367.3900146484375,337.301513671875,707400,0.0,0.0
2021-07-14 00:00:00-04:00,367.3599853515625,368.45001220703125,363.6199951171875,363.94000244140625,334.13409423828125,1044400,0.0,0.0
2021-07-15 00:00:00-04:00,362.3399963378906,365.7200012207031,361.7099914550781,364.1199951171875,334.2992858886719,491000,0.0,0.0
2021-07-16 00:00:00-04:00,365.4200134277344,365.9800109863281,361.3399963378906,362.80999755859375,333.0966491699219,778800,0.0,0.0
2021-07-19 00:00:00-04:00,361.3699951171875,362.32000732421875,350.6400146484375,355.0,325.9262390136719,866700,0.0,0.0
2021-07-20 00:00:00-04:00,355.6400146484375,362.739990234375,355.6400146484375,359.9700012207031,330.4892272949219,911300,0.0,0.0
2021-07-21 00:00:00-04:00,361.0899963378906,363.32000732421875,359.8900146484375,361.4599914550781,331.8570861816406,632500,0.0,0.0
2021-07-22 00:00:00-04:00,360.79998779296875,361.04998779296875,358.2900085449219,359.260009765625,329.83746337890625,549500,0.0,0.0
2021-07-23 00:00:00-04:00,360.6099853515625,361.70001220703125,358.760009765625,361.30999755859375,331.71942138671875,478400,0.0,0.0
2021-07-26 00:00:00-04:00,357.9200134277344,359.44000244140625,355.29998779296875,358.260009765625,328.91925048828125,715800,0.0,0.0
2021-07-27 00:00:00-04:00,358.5199890136719,365.05999755859375,358.4700012207031,362.20001220703125,332.53668212890625,573100,0.0,0.0
2021-07-28 00:00:00-04:00,363.4700012207031,364.989990234375,359.8500061035156,360.1099853515625,330.6177978515625,564400,0.0,0.0
2021-07-29 00:00:00-04:00,362.80999755859375,369.8399963378906,362.80999755859375,365.6600036621094,335.71319580078125,1015700,0.0,0.0
2021-07-30 00:00:00-04:00,364.6300048828125,366.3800048828125,362.2099914550781,363.0199890136719,333.2894287109375,645200,0.0,0.0
2021-08-02 00:00:00-04:00,363.82000732421875,367.3599853515625,361.7099914550781,361.8399963378906,332.2060852050781,396700,0.0,0.0
2021-08-03 00:00:00-04:00,361.3500061035156,365.6199951171875,358.6600036621094,364.44000244140625,334.5931091308594,666200,0.0,0.0
2021-08-04 00:00:00-04:00,362.8500061035156,364.0,356.510009765625,357.25,327.991943359375,641800,0.0,0.0
2021-08-05 00:00:00-04:00,358.6499938964844,359.4100036621094,357.0,358.7200012207031,329.341552734375,351300,0.0,0.0
2021-08-06 00:00:00-04:00,359.8599853515625,362.9700012207031,359.8599853515625,362.1099853515625,332.45391845703125,361100,0.0,0.0
2021-08-09 00:00:00-04:00,361.7200012207031,361.7200012207031,359.70001220703125,360.989990234375,331.4256591796875,356500,0.0,0.0
2021-08-10 00:00:00-04:00,360.2200012207031,363.0299987792969,358.8699951171875,362.67999267578125,332.977294921875,642600,0.0,0.0
2021-08-11 00:00:00-04:00,363.79998779296875,367.30999755859375,362.25,366.1000061035156,336.1172180175781,331200,0.0,0.0
2021-08-12 00:00:00-04:00,367.3500061035156,367.3500061035156,361.0,363.8599853515625,334.0606689453125,570400,0.0,0.0
2021-08-13 00:00:00-04:00,363.8800048828125,365.30999755859375,362.7300109863281,363.1099853515625,333.37213134765625,372100,0.0,0.0
2021-08-16 00:00:00-04:00,362.4599914550781,368.82000732421875,359.54998779296875,368.6199951171875,338.4307556152344,679900,0.0,0.0
2021-08-17 00:00:00-04:00,369.0299987792969,371.760009765625,365.9100036621094,368.6300048828125,338.4399108886719,924700,0.0,0.0
2021-08-18 00:00:00-04:00,366.5199890136719,367.5299987792969,363.0299987792969,363.1600036621094,333.4179992675781,411700,0.0,0.0
2021-08-19 00:00:00-04:00,362.1499938964844,365.0,359.8800048828125,361.0899963378906,331.5174560546875,468100,0.0,0.0
2021-08-20 00:00:00-04:00,360.2099914550781,364.6700134277344,359.260009765625,363.0,333.2710266113281,496000,0.0,0.0
2021-08-23 00:00:00-04:00,365.0,365.1700134277344,362.6600036621094,362.9200134277344,333.1976623535156,474400,0.0,0.0
2021-08-24 00:00:00-04:00,364.45001220703125,364.45001220703125,362.2699890136719,362.7699890136719,333.0598449707031,318800,0.0,0.0
2021-08-25 00:00:00-04:00,362.95001220703125,364.4200134277344,361.6600036621094,362.6600036621094,332.9588623046875,416600,0.0,0.0
2021-08-26 00:00:00-04:00,362.1300048828125,367.0400085449219,360.7799987792969,366.760009765625,336.72314453125,739600,0.0,0.0
2021-08-27 00:00:00-04:00,367.0899963378906,368.4599914550781,363.54998779296875,364.8399963378906,336.4004211425781,553700,1.57,0.0
2021-08-30 00:00:00-04:00,364.75,369.29998779296875,363.9100036621094,367.6199951171875,338.9637145996094,541100,0.0,0.0
2021-08-31 00:00:00-04:00,367.3699951171875,367.9100036621094,364.1400146484375,367.70001220703125,339.03741455078125,782300,0.0,0.0
2021-09-01 00:00:00-04:00,367.8900146484375,367.8900146484375,364.6000061035156,364.9800109863281,336.5294494628906,508300,0.0,0.0
2021-09-02 00:00:00-04:00,365.0,368.3999938964844,365.0,368.29998779296875,339.5906982421875,665600,0.0,0.0
2021-09-03 00:00:00-04:00,367.760009765625,368.2699890136719,365.42999267578125,365.92999267578125,337.4053955078125,379400,0.0,0.0
2021-09-07 00:00:00-04:00,363.5400085449219,365.5199890136719,358.57000732421875,358.8800048828125,330.9049987792969,869100,0.0,0.0
2021-09-08 00:00:00-04:00,358.7699890136719,362.489990234375,358.3900146484375,360.3999938964844,332.3064270019531,560100,0.0,0.0
2021-09-09 00:00:00-04:00,360.3299865722656,361.7900085449219,356.70001220703125,356.7799987792969,328.9687194824219,1259200,0.0,0.0
2021-09-10 00:00:00-04:00,357.8500061035156,358.1099853515625,352.8599853515625,354.1000061035156,326.4976501464844,669300,0.0,0.0
2021-09-13 00:00:00-04:00,355.739990234375,357.54998779296875,349.760009765625,353.70001220703125,326.1288146972656,647800,0.0,0.0
2021-09-14 00:00:00-04:00,355.05999755859375,355.82000732421875,349.1099853515625,351.7300109863281,324.3123779296875,848300,0.0,0.0
2021-09-15 00:00:00-04:00,352.010009765625,357.20001220703125,351.42999267578125,355.739990234375,328.009765625,611500,0.0,0.0
2021-09-16 00:00:00-04:00,356.760009765625,357.1099853515625,349.260009765625,349.6600036621094,322.4037170410156,584300,0.0,0.0
2021-09-17 00:00:00-04:00,350.8800048828125,355.75,347.0199890136719,350.239990234375,322.9384765625,1901700,0.0,0.0
2021-09-20 00:00:00-04:00,346.9700012207031,351.6499938964844,345.1600036621094,348.80999755859375,321.6199951171875,634800,0.0,0.0
2021-09-21 00:00:00-04:00,348.8299865722656,350.3500061035156,344.8900146484375,345.1400146484375,318.23602294921875,535200,0.0,0.0
2021-09-22 00:00:00-04:00,347.0299987792969,350.4700012207031,345.82000732421875,348.5199890136719,321.3525085449219,585700,0.0,0.0
2021-09-23 00:00:00-04:00,351.0899963378906,352.79998779296875,348.25,350.9100036621094,323.5562438964844,845100,0.0,0.0
2021-09-24 00:00:00-04:00,352.1600036621094,357.1400146484375,351.6199951171875,355.70001220703125,327.972900390625,608700,0.0,0.0
2021-09-27 00:00:00-04:00,356.6400146484375,361.3299865722656,356.6400146484375,357.2099914550781,329.3652038574219,613100,0.0,0.0
2021-09-28 00:00:00-04:00,356.7099914550781,361.0,356.3999938964844,358.29998779296875,330.3702392578125,767200,0.0,0.0
2021-09-29 00:00:00-04:00,358.7799987792969,366.0,355.80999755859375,362.9800109863281,334.6854553222656,762300,0.0,0.0
2021-09-30 00:00:00-04:00,363.5899963378906,364.6400146484375,359.8900146484375,360.1499938964844,332.0760192871094,981600,0.0,0.0
2021-10-01 00:00:00-04:00,361.7300109863281,362.8900146484375,356.4800109863281,360.9200134277344,332.7859802246094,587800,0.0,0.0
2021-10-04 00:00:00-04:00,361.6499938964844,367.2900085449219,361.489990234375,365.6700134277344,337.165771484375,893800,0.0,0.0
2021-10-05 00:00:00-04:00,365.3800048828125,371.2699890136719,363.79998779296875,369.8800048828125,341.0475769042969,569700,0.0,0.0
2021-10-06 00:00:00-04:00,368.70001220703125,377.4700012207031,366.57000732421875,377.32000732421875,347.9075622558594,839900,0.0,0.0
2021-10-07 00:00:00-04:00,378.0,383.8500061035156,378.0,382.70001220703125,352.8682556152344,696200,0.0,0.0
2021-10-08 00:00:00-04:00,383.2200012207031,390.94000244140625,382.0199890136719,389.7200012207031,359.3409729003906,690300,0.0,0.0
2021-10-11 00:00:00-04:00,390.0400085449219,396.5799865722656,387.8399963378906,393.1600036621094,362.51287841796875,790200,0.0,0.0
2021-10-12 00:00:00-04:00,392.6199951171875,394.6499938964844,389.0899963378906,390.07000732421875,359.66363525390625,715100,0.0,0.0
2021-10-13 00:00:00-04:00,389.4800109863281,389.9200134277344,383.5799865722656,388.70001220703125,358.40045166015625,671100,0.0,0.0
2021-10-14 00:00:00-04:00,390.29998779296875,392.82000732421875,388.94000244140625,389.94000244140625,359.54388427734375,514700,0.0,0.0
2021-10-15 00:00:00-04:00,391.0799865722656,396.7200012207031,391.0799865722656,395.3599853515625,364.54132080078125,665000,0.0,0.0
2021-10-18 00:00:00-04:00,393.8999938964844,396.82000732421875,392.5400085449219,393.8900146484375,363.18597412109375,422500,0.0,0.0
2021-10-19 00:00:00-04:00,395.57000732421875,399.3299865722656,392.8299865722656,399.29998779296875,368.1742248535156,445800,0.0,0.0
2021-10-20 00:00:00-04:00,398.739990234375,402.010009765625,397.510009765625,400.8800048828125,369.631103515625,340300,0.0,0.0
2021-10-21 00:00:00-04:00,400.0,403.3599853515625,396.9700012207031,402.7699890136719,371.373779296875,398800,0.0,0.0
2021-10-22 00:00:00-04:00,403.69000244140625,406.30999755859375,400.3699951171875,406.2099914550781,374.5456237792969,524000,0.0,0.0
2021-10-25 00:00:00-04:00,405.6199951171875,408.0299987792969,403.57000732421875,406.6199951171875,374.92364501953125,473900,0.0,0.0
2021-10-26 00:00:00-04:00,394.6099853515625,398.75,392.67999267578125,396.57000732421875,365.65704345703125,1590200,0.0,0.0
2021-10-27 00:00:00-04:00,395.1600036621094,396.0400085449219,387.4700012207031,388.1499938964844,357.8934020996094,1009200,0.0,0.0
2021-10-28 00:00:00-04:00,380.55999755859375,381.3500061035156,354.1499938964844,358.6400146484375,330.6837158203125,2011200,0.0,0.0
2021-10-29 00:00:00-04:00,352.0,359.6600036621094,352.0,357.2200012207031,329.3744201660156,1351100,0.0,0.0
2021-11-01 00:00:00-04:00,357.0,360.79998779296875,352.9200134277344,354.8500061035156,327.18914794921875,777800,0.0,0.0
2021-11-02 00:00:00-04:00,357.0,358.2699890136719,350.3399963378906,353.20001220703125,325.6678771972656,933300,0.0,0.0
2021-11-03 00:00:00-04:00,350.0199890136719,354.75,349.5,354.1099853515625,326.50677490234375,675300,0.0,0.0
2021-11-04 00:00:00-04:00,353.2699890136719,359.5400085449219,353.2699890136719,356.6600036621094,328.8580627441406,988900,0.0,0.0
2021-11-05 00:00:00-04:00,361.0,366.5400085449219,358.5299987792969,364.3699951171875,335.967041015625,1105800,0.0,0.0
2021-11-08 00:00:00-05:00,365.0,365.4599914550781,360.3599853515625,363.2699890136719,334.9527282714844,523900,0.0,0.0
2021-11-09 00:00:00-05:00,363.70001220703125,365.95001220703125,360.6300048828125,364.5199890136719,336.10540771484375,550400,0.0,0.0
2021-11-10 00:00:00-05:00,363.7900085449219,366.8999938964844,361.3699951171875,362.1000061035156,333.8740234375,562500,0.0,0.0
2021-11-11 00:00:00-05:00,361.04998779296875,361.6000061035156,357.0,359.94000244140625,331.8824462890625,475400,0.0,0.0
2021-11-12 00:00:00-05:00,359.6099853515625,360.8800048828125,358.3800048828125,359.6499938964844,331.6149597167969,493300,0.0,0.0
2021-11-15 00:00:00-05:00,360.5,361.5899963378906,359.2699890136719,360.0,331.9376220703125,961600,0.0,0.0
2021-11-16 00:00:00-05:00,360.4599914550781,361.2300109863281,354.57000732421875,354.6000061035156,326.9586486816406,801100,0.0,0.0
2021-11-17 00:00:00-05:00,355.44000244140625,356.7799987792969,353.760009765625,353.9599914550781,326.3684997558594,784800,0.0,0.0
2021-11-18 00:00:00-05:00,354.3599853515625,354.3599853515625,345.8999938964844,351.4200134277344,324.0265808105469,1438900,0.0,0.0
2021-11-19 00:00:00-05:00,351.6300048828125,354.5,347.69000244140625,353.1300048828125,325.6032409667969,789000,0.0,0.0
2021-11-22 00:00:00-05:00,354.44000244140625,365.3399963378906,353.3299865722656,363.1499938964844,334.84210205078125,943000,0.0,0.0
2021-11-23 00:00:00-05:00,363.5899963378906,368.25,362.010009765625,364.2099914550781,335.8194885253906,776000,0.0,0.0
2021-11-24 00:00:00-05:00,364.3900146484375,368.29998779296875,360.79998779296875,361.3699951171875,333.20086669921875,607000,0.0,0.0
2021-11-26 00:00:00-05:00,352.7900085449219,357.2900085449219,351.7300109863281,353.9800109863281,327.81121826171875,524200,1.57,0.0
2021-11-29 00:00:00-05:00,355.32000732421875,358.79998779296875,352.6300048828125,356.3900146484375,330.0429992675781,532700,0.0,0.0
2021-11-30 00:00:00-05:00,354.1099853515625,354.7900085449219,348.3299865722656,348.79998779296875,323.01416015625,1276200,0.0,0.0
2021-12-01 00:00:00-05:00,349.6199951171875,352.9200134277344,345.9100036621094,345.9800109863281,320.4026184082031,712000,0.0,0.0
2021-12-02 00:00:00-05:00,348.44000244140625,355.79998779296875,347.8699951171875,352.57000732421875,326.50543212890625,700700,0.0,0.0
2021-12-03 00:00:00-05:00,352.6000061035156,358.1600036621094,352.6000061035156,357.8399963378906,331.3857727050781,746400,0.0,0.0
2021-12-06 00:00:00-05:00,361.2200012207031,367.3599853515625,360.010009765625,363.9599914550781,337.0533142089844,1096000,0.0,0.0
2021-12-07 00:00:00-05:00,363.1300048828125,365.07000732421875,360.75,362.6700134277344,335.8587646484375,919200,0.0,0.0
2021-12-08 00:00:00-05:00,363.5400085449219,367.3299865722656,362.3599853515625,364.0899963378906,337.17376708984375,467400,0.0,0.0
2021-12-09 00:00:00-05:00,362.5899963378906,368.3500061035156,360.8900146484375,367.8599853515625,340.66497802734375,753700,0.0,0.0
2021-12-10 00:00:00-05:00,368.20001220703125,371.8599853515625,366.0,371.05999755859375,343.62847900390625,480300,0.0,0.0
2021-12-13 00:00:00-05:00,371.2200012207031,378.95001220703125,370.8999938964844,377.3299865722656,349.43499755859375,904700,0.0,0.0
2021-12-14 00:00:00-05:00,376.6499938964844,382.32000732421875,375.4800109863281,376.2200012207031,348.4070739746094,906700,0.0,0.0
2021-12-15 00:00:00-05:00,376.739990234375,379.6600036621094,374.20001220703125,378.82000732421875,350.8148193359375,672000,0.0,0.0
2021-12-16 00:00:00-05:00,380.19000244140625,383.07000732421875,377.5199890136719,378.7200012207031,350.7222595214844,721400,0.0,0.0
2021-12-17 00:00:00-05:00,379.4800109863281,380.5400085449219,376.5299987792969,377.4599914550781,349.5553894042969,1139400,0.0,0.0
2021-12-20 00:00:00-05:00,376.2099914550781,377.1700134277344,367.0,369.95001220703125,342.6005554199219,860800,0.0,0.0
2021-12-21 00:00:00-05:00,371.42999267578125,380.19000244140625,370.9800109863281,378.489990234375,350.5092468261719,798300,0.0,0.0
2021-12-22 00:00:00-05:00,378.489990234375,381.0,378.489990234375,379.80999755859375,351.7315979003906,715200,0.0,0.0
2021-12-23 00:00:00-05:00,380.5199890136719,384.1700134277344,380.010009765625,381.1700134277344,352.9910888671875,610500,0.0,0.0
2021-12-27 00:00:00-05:00,381.489990234375,384.82000732421875,381.19000244140625,384.2099914550781,355.80633544921875,362200,0.0,0.0
2021-12-28 00:00:00-05:00,382.70001220703125,387.95001220703125,382.010009765625,385.3299865722656,356.8434753417969,307800,0.0,0.0
2021-12-29 00:00:00-05:00,385.3299865722656,386.75,384.2200012207031,384.989990234375,356.52874755859375,365200,0.0,0.0
2021-12-30 00:00:00-05:00,385.75,387.7300109863281,384.20001220703125,384.5299987792969,356.1026611328125,375900,0.0,0.0
2021-12-31 00:00:00-05:00,384.010009765625,388.2099914550781,383.989990234375,387.07000732421875,358.4549255371094,414100,0.0,0.0
2022-01-03 00:00:00-05:00,386.95001220703125,388.07000732421875,382.739990234375,385.5299987792969,357.02874755859375,662100,0.0,0.0
2022-01-04 00:00:00-05:00,387.5400085449219,397.8500061035156,387.5400085449219,396.989990234375,367.64154052734375,740500,0.0,0.0
2022-01-05 00:00:00-05:00,391.0400085449219,399.57000732421875,390.17999267578125,394.989990234375,365.7894592285156,1072500,0.0,0.0
2022-01-06 00:00:00-05:00,397.55999755859375,399.8299865722656,394.3999938964844,397.2699890136719,367.9008483886719,764300,0.0,0.0
2022-01-07 00:00:00-05:00,398.32000732421875,401.1499938964844,396.0799865722656,400.4200134277344,370.8179931640625,908600,0.0,0.0
2022-01-10 00:00:00-05:00,405.0,406.8399963378906,399.239990234375,402.2300109863281,372.4941711425781,1018100,0.0,0.0
2022-01-11 00:00:00-05:00,397.70001220703125,401.69000244140625,395.5,400.6000061035156,370.9845886230469,605000,0.0,0.0
2022-01-12 00:00:00-05:00,401.32000732421875,402.2300109863281,393.6499938964844,395.5299987792969,366.2894287109375,714800,0.0,0.0
2022-01-13 00:00:00-05:00,395.5299987792969,399.8699951171875,394.3699951171875,397.6099853515625,368.2156677246094,665300,0.0,0.0
2022-01-14 00:00:00-05:00,397.2799987792969,404.0,395.8800048828125,403.45001220703125,373.6239318847656,936100,0.0,0.0
2022-01-18 00:00:00-05:00,403.3399963378906,404.0,395.8900146484375,401.6300048828125,371.93853759765625,774800,0.0,0.0
2022-01-19 00:00:00-05:00,403.04998779296875,408.9700012207031,401.4800109863281,401.6499938964844,371.9570617675781,570100,0.0,0.0
2022-01-20 00:00:00-05:00,401.489990234375,404.3999938964844,396.9800109863281,397.4100036621094,368.03045654296875,843900,0.0,0.0
2022-01-21 00:00:00-05:00,399.760009765625,407.6000061035156,397.82000732421875,398.80999755859375,369.32696533203125,928100,0.0,0.0
2022-01-24 00:00:00-05:00,398.0,404.75,394.7300109863281,403.05999755859375,373.2627868652344,1303300,0.0,0.0
2022-01-25 00:00:00-05:00,399.7099914550781,405.57000732421875,393.010009765625,403.17999267578125,373.3739318847656,987700,0.0,0.0
2022-01-26 00:00:00-05:00,402.5199890136719,408.75,399.19000244140625,403.2300109863281,373.4202880859375,1111000,0.0,0.0
2022-01-27 00:00:00-05:00,389.75,391.20001220703125,371.3599853515625,373.989990234375,346.34185791015625,1797900,0.0,0.0
2022-01-28 00:00:00-05:00,370.45001220703125,380.739990234375,369.3399963378906,380.20001220703125,352.09283447265625,921000,0.0,0.0
2022-01-31 00:00:00-05:00,376.760009765625,378.1400146484375,366.8800048828125,369.8999938964844,342.5543212890625,1141900,0.0,0.0
2022-02-01 00:00:00-05:00,369.8900146484375,371.92999267578125,364.6199951171875,370.5799865722656,343.18389892578125,898400,0.0,0.0
2022-02-02 00:00:00-05:00,367.3999938964844,371.9200134277344,365.25,370.9800109863281,343.5543212890625,764800,0.0,0.0
2022-02-03 00:00:00-05:00,372.5,374.79998779296875,368.0,373.80999755859375,346.1752624511719,676100,0.0,0.0
2022-02-04 00:00:00-05:00,372.29998779296875,374.9200134277344,367.0,369.75,342.4154052734375,532400,0.0,0.0
2022-02-07 00:00:00-05:00,370.5400085449219,375.6000061035156,368.2099914550781,373.1600036621094,345.5732421875,539800,0.0,0.0
2022-02-08 00:00:00-05:00,374.2900085449219,380.0,371.6600036621094,379.32000732421875,351.27783203125,607500,0.0,0.0
2022-02-09 00:00:00-05:00,380.1099853515625,384.6700134277344,379.6199951171875,384.3599853515625,355.94525146484375,702800,0.0,0.0
2022-02-10 00:00:00-05:00,382.760009765625,386.3399963378906,379.92999267578125,382.0199890136719,353.7782287597656,906000,0.0,0.0
2022-02-11 00:00:00-05:00,382.989990234375,401.2200012207031,380.260009765625,399.32000732421875,369.79925537109375,1772600,0.0,0.0
2022-02-14 00:00:00-05:00,397.0,397.3399963378906,382.7799987792969,390.6000061035156,361.7239685058594,1709900,0.0,0.0
2022-02-15 00:00:00-05:00,387.17999267578125,388.9200134277344,380.29998779296875,384.7699890136719,356.3249206542969,787600,0.0,0.0
2022-02-16 00:00:00-05:00,384.989990234375,394.260009765625,384.79998779296875,393.6600036621094,364.5577392578125,1086100,0.0,0.0
2022-02-17 00:00:00-05:00,392.7699890136719,401.3599853515625,391.4100036621094,398.1099853515625,368.6787414550781,887800,0.0,0.0
2022-02-18 00:00:00-05:00,397.5,399.4700012207031,391.07000732421875,391.25,362.32586669921875,1472200,0.0,0.0
2022-02-22 00:00:00-05:00,394.8699951171875,396.510009765625,386.8800048828125,390.7300109863281,361.84429931640625,719200,0.0,0.0
2022-02-23 00:00:00-05:00,392.3999938964844,394.6000061035156,384.8399963378906,386.0799865722656,357.5380859375,666100,0.0,0.0
2022-02-24 00:00:00-05:00,395.6199951171875,402.8999938964844,389.989990234375,395.489990234375,366.2524108886719,1548300,0.0,0.0
2022-02-25 00:00:00-05:00,393.3399963378906,411.0799865722656,393.3399963378906,409.6700134277344,380.896240234375,1260000,1.57,0.0
2022-02-28 00:00:00-05:00,414.30999755859375,442.94000244140625,413.92999267578125,442.1400146484375,411.085693359375,2603800,0.0,0.0
2022-03-01 00:00:00-05:00,444.3299865722656,457.0899963378906,443.7200012207031,456.1000061035156,424.065185546875,2236300,0.0,0.0
2022-03-02 00:00:00-05:00,451.7699890136719,457.5400085449219,436.05999755859375,453.3900146484375,421.5455017089844,1784400,0.0,0.0
2022-03-03 00:00:00-05:00,452.3999938964844,455.0899963378906,441.3699951171875,449.69000244140625,418.1053771972656,1426100,0.0,0.0
2022-03-04 00:00:00-05:00,454.1400146484375,472.94000244140625,450.010009765625,468.57000732421875,435.6593017578125,1675700,0.0,0.0
2022-03-07 00:00:00-05:00,472.4200134277344,490.82000732421875,471.95001220703125,477.95001220703125,444.38055419921875,2401800,0.0,0.0
2022-03-08 00:00:00-05:00,476.1600036621094,477.7900085449219,448.20001220703125,449.2099914550781,417.6590576171875,2448200,0.0,0.0
2022-03-09 00:00:00-05:00,441.5199890136719,456.8399963378906,437.45001220703125,449.9200134277344,418.3192443847656,1730700,0.0,0.0
2022-03-10 00:00:00-05:00,450.489990234375,463.1199951171875,441.8399963378906,444.6099853515625,413.3821716308594,1442900,0.0,0.0
2022-03-11 00:00:00-05:00,447.67999267578125,449.8599853515625,435.69000244140625,436.29998779296875,405.6558532714844,1175900,0.0,0.0
2022-03-14 00:00:00-04:00,439.29998779296875,442.6499938964844,431.2300109863281,441.4200134277344,410.4162902832031,913600,0.0,0.0
2022-03-15 00:00:00-04:00,443.5400085449219,448.3699951171875,436.8699951171875,447.82000732421875,416.3667297363281,827500,0.0,0.0
2022-03-16 00:00:00-04:00,430.4200134277344,443.1099853515625,416.2300109863281,424.42999267578125,394.6195373535156,1878000,0.0,0.0
2022-03-17 00:00:00-04:00,431.0400085449219,434.989990234375,424.6199951171875,428.79998779296875,398.6826477050781,978400,0.0,0.0
2022-03-18 00:00:00-04:00,428.0400085449219,433.4100036621094,424.3500061035156,427.95001220703125,397.892333984375,1826100,0.0,0.0
2022-03-21 00:00:00-04:00,435.239990234375,448.2699890136719,432.1099853515625,446.6000061035156,415.2323913574219,1293500,0.0,0.0
2022-03-22 00:00:00-04:00,447.1099853515625,448.0,438.5400085449219,446.29998779296875,414.9534912109375,741300,0.0,0.0
2022-03-23 00:00:00-04:00,448.0,452.0,442.5199890136719,446.9200134277344,415.5298767089844,587100,0.0,0.0
2022-03-24 00:00:00-04:00,446.989990234375,455.1400146484375,446.0799865722656,454.57000732421875,422.64263916015625,665100,0.0,0.0
2022-03-25 00:00:00-04:00,453.3599853515625,460.42999267578125,453.3599853515625,458.17999267578125,425.9990234375,480000,0.0,0.0
2022-03-28 00:00:00-04:00,453.8599853515625,455.79998779296875,444.6000061035156,446.79998779296875,415.4183044433594,661200,0.0,0.0
2022-03-29 00:00:00-04:00,434.69000244140625,450.6099853515625,431.3800048828125,446.30999755859375,414.9627380371094,893800,0.0,0.0
2022-03-30 00:00:00-04:00,449.489990234375,456.489990234375,448.489990234375,453.3299865722656,421.4896545410156,624000,0.0,0.0
2022-03-31 00:00:00-04:00,449.9700012207031,457.92999267578125,446.70001220703125,447.2200012207031,415.8088684082031,648000,0.0,0.0
2022-04-01 00:00:00-04:00,446.5799865722656,454.8599853515625,444.05999755859375,454.7900085449219,422.8471984863281,699200,0.0,0.0
2022-04-04 00:00:00-04:00,455.42999267578125,456.54998779296875,444.3699951171875,452.2900085449219,420.5227355957031,713300,0.0,0.0
2022-04-05 00:00:00-04:00,450.489990234375,463.5,450.489990234375,454.010009765625,422.12188720703125,576200,0.0,0.0
2022-04-06 00:00:00-04:00,455.0,466.4200134277344,454.8800048828125,461.4599914550781,429.0487060546875,806400,0.0,0.0
2022-04-07 00:00:00-04:00,460.0,472.6400146484375,459.0299987792969,470.7699890136719,437.7047424316406,761600,0.0,0.0
2022-04-08 00:00:00-04:00,472.760009765625,477.260009765625,459.3500061035156,463.6600036621094,431.0941467285156,909500,0.0,0.0
2022-04-11 00:00:00-04:00,466.3800048828125,470.95001220703125,461.70001220703125,462.1400146484375,429.6808776855469,869000,0.0,0.0
2022-04-12 00:00:00-04:00,463.30999755859375,466.67999267578125,459.32000732421875,463.2799987792969,430.7408752441406,632600,0.0,0.0
2022-04-13 00:00:00-04:00,468.0,470.05999755859375,460.3299865722656,464.5199890136719,431.8937072753906,563000,0.0,0.0
2022-04-14 00:00:00-04:00,468.4800109863281,470.25,463.3399963378906,467.20001220703125,434.3855895996094,1120300,0.0,0.0
2022-04-18 00:00:00-04:00,467.20001220703125,473.3699951171875,462.0799865722656,465.5799865722656,432.8793029785156,569300,0.0,0.0
2022-04-19 00:00:00-04:00,465.70001220703125,473.8500061035156,463.4800109863281,464.4100036621094,431.7914733886719,542500,0.0,0.0
2022-04-20 00:00:00-04:00,465.9100036621094,469.1300048828125,462.4800109863281,463.3999938964844,430.8523864746094,603500,0.0,0.0
2022-04-21 00:00:00-04:00,464.6499938964844,465.5299987792969,443.0299987792969,443.45001220703125,412.3036193847656,947900,0.0,0.0
2022-04-22 00:00:00-04:00,443.739990234375,456.6600036621094,443.6700134277344,447.3999938964844,415.9761657714844,727000,0.0,0.0
2022-04-25 00:00:00-04:00,443.989990234375,445.0,434.1499938964844,444.0199890136719,412.83355712890625,608200,0.0,0.0
2022-04-26 00:00:00-04:00,444.67999267578125,452.4800109863281,440.4100036621094,442.510009765625,411.4297180175781,614300,0.0,0.0
2022-04-27 00:00:00-04:00,444.17999267578125,450.69000244140625,439.7699890136719,439.7699890136719,408.8821105957031,838400,0.0,0.0
2022-04-28 00:00:00-04:00,437.0,449.7799987792969,432.3900146484375,445.1700134277344,413.90283203125,1112400,0.0,0.0
2022-04-29 00:00:00-04:00,447.6099853515625,449.3399963378906,438.0299987792969,439.3999938964844,408.5381164550781,945600,0.0,0.0
2022-05-02 00:00:00-04:00,437.1199951171875,444.6300048828125,431.9200134277344,438.6199951171875,407.8128967285156,759900,0.0,0.0
2022-05-03 00:00:00-04:00,444.45001220703125,453.2300109863281,439.69000244140625,451.25,419.5558166503906,1076000,0.0,0.0
2022-05-04 00:00:00-04:00,453.57000732421875,464.0,450.2699890136719,462.57000732421875,430.0806884765625,792100,0.0,0.0
2022-05-05 00:00:00-04:00,463.239990234375,470.2300109863281,457.1499938964844,466.6600036621094,433.8834533691406,1559700,0.0,0.0
2022-05-06 00:00:00-04:00,464.3800048828125,469.4599914550781,457.67999267578125,468.70001220703125,435.7801818847656,925400,0.0,0.0
2022-05-09 00:00:00-04:00,465.9599914550781,466.9200134277344,452.3500061035156,453.9800109863281,422.0940856933594,880700,0.0,0.0
2022-05-10 00:00:00-04:00,452.45001220703125,456.3500061035156,447.1400146484375,449.9700012207031,418.36566162109375,924000,0.0,0.0
2022-05-11 00:00:00-04:00,449.67999267578125,458.3699951171875,445.07000732421875,446.4800109863281,415.120849609375,805100,0.0,0.0
2022-05-12 00:00:00-04:00,448.1199951171875,450.9100036621094,442.70001220703125,450.7799987792969,419.11883544921875,942000,0.0,0.0
2022-05-13 00:00:00-04:00,451.7300109863281,454.45001220703125,447.3399963378906,452.8299865722656,421.02484130859375,576900,0.0,0.0
2022-05-16 00:00:00-04:00,453.6700134277344,461.32000732421875,452.95001220703125,458.0799865722656,425.9060974121094,586600,0.0,0.0
2022-05-17 00:00:00-04:00,458.5799865722656,462.2099914550781,453.4800109863281,459.2799987792969,427.0217590332031,580900,0.0,0.0
2022-05-18 00:00:00-04:00,459.2300109863281,462.2799987792969,451.260009765625,454.8699951171875,422.9215393066406,758100,0.0,0.0
2022-05-19 00:00:00-04:00,449.3800048828125,453.3900146484375,439.20001220703125,448.5,416.9990234375,758600,0.0,0.0
2022-05-20 00:00:00-04:00,450.17999267578125,450.8900146484375,437.5199890136719,443.3299865722656,412.1920471191406,636900,0.0,0.0
2022-05-23 00:00:00-04:00,446.6499938964844,458.2699890136719,446.29998779296875,456.7699890136719,424.6881103515625,561400,0.0,0.0
2022-05-24 00:00:00-04:00,455.5799865722656,472.44000244140625,455.5799865722656,471.1000061035156,438.0115966796875,794100,0.0,0.0
2022-05-25 00:00:00-04:00,471.1400146484375,474.4200134277344,467.1600036621094,467.6199951171875,434.7760314941406,594300,0.0,0.0
2022-05-26 00:00:00-04:00,470.7300109863281,476.489990234375,466.6300048828125,467.42999267578125,434.5993957519531,760400,0.0,0.0
2022-05-27 00:00:00-04:00,466.1499938964844,471.04998779296875,462.5799865722656,470.760009765625,439.3213806152344,646000,1.73,0.0
2022-05-31 00:00:00-04:00,465.9700012207031,468.69000244140625,456.8399963378906,467.9700012207031,436.7177734375,1762600,0.0,0.0
2022-06-01 00:00:00-04:00,467.7799987792969,471.9100036621094,458.760009765625,464.25,433.2461853027344,798600,0.0,0.0
2022-06-02 00:00:00-04:00,466.07000732421875,467.0,449.69000244140625,462.8699951171875,431.9583740234375,1151400,0.0,0.0
2022-06-03 00:00:00-04:00,462.1700134277344,478.6000061035156,462.1700134277344,478.3699951171875,446.4232177734375,872400,0.0,0.0
2022-06-06 00:00:00-04:00,479.2699890136719,483.94000244140625,477.4599914550781,478.8599853515625,446.88043212890625,586500,0.0,0.0
2022-06-07 00:00:00-04:00,478.79998779296875,492.29998779296875,476.69000244140625,492.05999755859375,459.198974609375,742900,0.0,0.0
2022-06-08 00:00:00-04:00,487.82000732421875,491.5400085449219,472.05999755859375,472.45001220703125,440.8986511230469,853000,0.0,0.0
2022-06-09 00:00:00-04:00,470.260009765625,471.25,462.42999267578125,462.9200134277344,432.0049743652344,843500,0.0,0.0
2022-06-10 00:00:00-04:00,459.3500061035156,465.8399963378906,453.0,463.82000732421875,432.8449401855469,964400,0.0,0.0
2022-06-13 00:00:00-04:00,459.7699890136719,465.760009765625,457.55999755859375,460.67999267578125,429.91461181640625,1328000,0.0,0.0
2022-06-14 00:00:00-04:00,459.9700012207031,462.9599914550781,448.5400085449219,454.4599914550781,424.1100158691406,818500,0.0,0.0
2022-06-15 00:00:00-04:00,456.260009765625,462.6499938964844,447.69000244140625,458.45001220703125,427.8335876464844,874400,0.0,0.0
2022-06-16 00:00:00-04:00,454.6499938964844,458.739990234375,447.57000732421875,449.0199890136719,419.03338623046875,1055200,0.0,0.0
2022-06-17 00:00:00-04:00,447.0,451.739990234375,436.07000732421875,443.92999267578125,414.2832336425781,1368400,0.0,0.0
2022-06-21 00:00:00-04:00,448.6400146484375,464.7799987792969,448.6199951171875,463.7699890136719,432.7981872558594,780500,0.0,0.0
2022-06-22 00:00:00-04:00,454.2200012207031,464.010009765625,453.010009765625,458.6099853515625,427.98284912109375,539800,0.0,0.0
2022-06-23 00:00:00-04:00,458.45001220703125,460.6499938964844,449.45001220703125,456.239990234375,425.7711181640625,614400,0.0,0.0
2022-06-24 00:00:00-04:00,460.0,464.4100036621094,455.6000061035156,463.70001220703125,432.73291015625,807800,0.0,0.0
2022-06-27 00:00:00-04:00,461.3800048828125,468.8800048828125,461.2799987792969,466.82000732421875,435.64459228515625,542600,0.0,0.0
2022-06-28 00:00:00-04:00,468.1300048828125,473.82000732421875,464.1700134277344,464.6700134277344,433.6381530761719,583200,0.0,0.0
2022-06-29 00:00:00-04:00,468.0,468.0,459.32000732421875,461.80999755859375,430.9691162109375,586900,0.0,0.0
2022-06-30 00:00:00-04:00,458.1099853515625,480.04998779296875,458.1099853515625,478.57000732421875,446.6098937988281,1355000,0.0,0.0
2022-07-01 00:00:00-04:00,478.57000732421875,487.8999938964844,473.6300048828125,486.3699951171875,453.8889465332031,607000,0.0,0.0
2022-07-05 00:00:00-04:00,479.05999755859375,480.20001220703125,455.4599914550781,464.3599853515625,433.3487854003906,1254400,0.0,0.0
2022-07-06 00:00:00-04:00,464.8900146484375,484.9599914550781,463.489990234375,481.8699951171875,449.689453125,899600,0.0,0.0
2022-07-07 00:00:00-04:00,480.0,486.8599853515625,478.510009765625,479.3800048828125,447.3657531738281,612700,0.0,0.0
2022-07-08 00:00:00-04:00,480.6400146484375,483.2099914550781,478.6099853515625,480.42999267578125,448.3456726074219,380900,0.0,0.0
2022-07-11 00:00:00-04:00,478.6199951171875,481.7699890136719,472.6000061035156,475.510009765625,443.75421142578125,497200,0.0,0.0
2022-07-12 00:00:00-04:00,476.67999267578125,478.4100036621094,467.4800109863281,468.8800048828125,437.5670471191406,534800,0.0,0.0
2022-07-13 00:00:00-04:00,464.9700012207031,476.9100036621094,464.0,465.20001220703125,434.1327819824219,531500,0.0,0.0
2022-07-14 00:00:00-04:00,458.8900146484375,461.75,454.739990234375,458.989990234375,428.3375549316406,571400,0.0,0.0
2022-07-15 00:00:00-04:00,463.0,463.17999267578125,455.010009765625,461.20001220703125,430.3999328613281,1451900,0.0,0.0
2022-07-18 00:00:00-04:00,463.0,464.3900146484375,448.20001220703125,449.260009765625,419.25726318359375,706200,0.0,0.0
2022-07-19 00:00:00-04:00,444.1000061035156,458.260009765625,443.1300048828125,457.3900146484375,426.8443603515625,751300,0.0,0.0
2022-07-20 00:00:00-04:00,458.0,460.7699890136719,452.1400146484375,456.07000732421875,425.61248779296875,593900,0.0,0.0
2022-07-21 00:00:00-04:00,454.32000732421875,455.1400146484375,448.79998779296875,453.79998779296875,423.4940490722656,528500,0.0,0.0
2022-07-22 00:00:00-04:00,457.3699951171875,463.260009765625,450.010009765625,451.8500061035156,421.6742858886719,864700,0.0,0.0
2022-07-25 00:00:00-04:00,451.8900146484375,459.739990234375,451.1099853515625,453.32000732421875,423.0461120605469,826500,0.0,0.0
2022-07-26 00:00:00-04:00,453.1499938964844,455.1099853515625,444.30999755859375,444.6499938964844,414.9551086425781,702500,0.0,0.0
2022-07-27 00:00:00-04:00,445.5799865722656,447.6700134277344,441.3999938964844,445.80999755859375,416.03765869140625,744600,0.0,0.0
2022-07-28 00:00:00-04:00,438.3900146484375,455.8800048828125,433.8699951171875,454.4599914550781,424.1100158691406,1016600,0.0,0.0
2022-07-29 00:00:00-04:00,457.7200012207031,479.79998779296875,456.05999755859375,478.8999938964844,446.9178161621094,1199000,0.0,0.0
2022-08-01 00:00:00-04:00,481.3699951171875,488.1700134277344,472.2200012207031,475.6300048828125,443.8661804199219,933400,0.0,0.0
2022-08-02 00:00:00-04:00,481.8399963378906,488.3599853515625,472.20001220703125,481.04998779296875,448.92431640625,687400,0.0,0.0
2022-08-03 00:00:00-04:00,480.0,484.1099853515625,471.0199890136719,481.75,449.5775146484375,845000,0.0,0.0
2022-08-04 00:00:00-04:00,482.0,486.1499938964844,477.5199890136719,478.0400085449219,446.11529541015625,654900,0.0,0.0
2022-08-05 00:00:00-04:00,475.67999267578125,478.3800048828125,469.3900146484375,477.5899963378906,445.6953125,522300,0.0,0.0
2022-08-08 00:00:00-04:00,478.95001220703125,480.0799865722656,465.7799987792969,470.04998779296875,438.6589050292969,614100,0.0,0.0
2022-08-09 00:00:00-04:00,473.989990234375,482.17999267578125,473.010009765625,473.7300109863281,442.0931091308594,667500,0.0,0.0
2022-08-10 00:00:00-04:00,474.489990234375,475.0,469.54998779296875,473.1400146484375,441.54254150390625,711100,0.0,0.0
2022-08-11 00:00:00-04:00,474.0,474.260009765625,467.82000732421875,470.30999755859375,438.9014892578125,690400,0.0,0.0
2022-08-12 00:00:00-04:00,470.5199890136719,479.760009765625,469.2200012207031,479.5799865722656,447.5523681640625,701600,0.0,0.0
2022-08-15 00:00:00-04:00,477.9700012207031,489.4200134277344,475.0899963378906,486.8699951171875,454.3556213378906,586100,0.0,0.0
2022-08-16 00:00:00-04:00,485.3299865722656,488.6000061035156,483.2300109863281,485.5,453.07708740234375,500800,0.0,0.0
2022-08-17 00:00:00-04:00,482.7200012207031,496.29998779296875,482.6300048828125,492.510009765625,459.6189880371094,852000,0.0,0.0
2022-08-18 00:00:00-04:00,493.989990234375,497.20001220703125,490.42999267578125,492.8800048828125,459.9642028808594,592000,0.0,0.0
2022-08-19 00:00:00-04:00,492.1300048828125,493.239990234375,487.8399963378906,490.75,457.9764404296875,606600,0.0,0.0
2022-08-22 00:00:00-04:00,488.0,493.1400146484375,483.739990234375,484.19000244140625,451.8546142578125,607700,0.0,0.0
2022-08-23 00:00:00-04:00,482.8399963378906,485.6199951171875,479.6700134277344,482.8800048828125,450.632080078125,451500,0.0,0.0
2022-08-24 00:00:00-04:00,485.20001220703125,490.29998779296875,484.5799865722656,488.8900146484375,456.2406921386719,612600,0.0,0.0
2022-08-25 00:00:00-04:00,488.989990234375,494.6000061035156,486.7799987792969,494.4800109863281,461.45745849609375,375300,0.0,0.0
2022-08-26 00:00:00-04:00,493.3699951171875,496.75,484.7099914550781,485.1300048828125,454.32122802734375,448500,1.73,0.0
2022-08-29 00:00:00-04:00,480.04998779296875,489.1700134277344,477.1000061035156,485.80999755859375,454.9580993652344,499500,0.0,0.0
2022-08-30 00:00:00-04:00,486.6000061035156,486.75,478.6400146484375,480.92999267578125,450.38800048828125,573700,0.0,0.0
2022-08-31 00:00:00-04:00,481.1300048828125,482.5899963378906,476.9700012207031,477.989990234375,447.63470458984375,725100,0.0,0.0
2022-09-01 00:00:00-04:00,475.9599914550781,481.44000244140625,475.0,480.32000732421875,449.8167419433594,564100,0.0,0.0
2022-09-02 00:00:00-04:00,483.989990234375,485.3699951171875,474.739990234375,476.95001220703125,446.6607971191406,512100,0.0,0.0
2022-09-06 00:00:00-04:00,476.79998779296875,484.19000244140625,476.7200012207031,479.739990234375,449.27362060546875,569300,0.0,0.0
2022-09-07 00:00:00-04:00,477.79998779296875,488.2200012207031,475.9700012207031,487.7799987792969,456.80303955078125,512300,0.0,0.0
2022-09-08 00:00:00-04:00,487.07000732421875,489.82000732421875,481.29998779296875,489.7300109863281,458.62908935546875,584900,0.0,0.0
2022-09-09 00:00:00-04:00,489.4700012207031,495.3800048828125,486.2699890136719,491.4100036621094,460.2025146484375,704600,0.0,0.0
2022-09-12 00:00:00-04:00,491.04998779296875,491.1099853515625,481.4599914550781,482.29998779296875,451.6709899902344,918500,0.0,0.0
2022-09-13 00:00:00-04:00,479.57000732421875,487.3999938964844,465.25,468.92999267578125,439.1500549316406,836500,0.0,0.0
2022-09-14 00:00:00-04:00,472.80999755859375,485.20001220703125,471.8500061035156,484.8800048828125,454.0871887207031,1157400,0.0,0.0
2022-09-15 00:00:00-04:00,482.7300109863281,487.760009765625,478.5400085449219,485.0799865722656,454.2744445800781,758000,0.0,0.0
2022-09-16 00:00:00-04:00,483.3599853515625,487.8500061035156,480.29998779296875,485.20001220703125,454.3868103027344,1115500,0.0,0.0
2022-09-19 00:00:00-04:00,483.19000244140625,492.57000732421875,481.04998779296875,488.07000732421875,457.07452392578125,842900,0.0,0.0
2022-09-20 00:00:00-04:00,488.05999755859375,496.0799865722656,481.0299987792969,494.0,462.6279602050781,875700,0.0,0.0
2022-09-21 00:00:00-04:00,505.489990234375,515.489990234375,492.6099853515625,492.8699951171875,461.5697326660156,1246600,0.0,0.0
2022-09-22 00:00:00-04:00,492.7699890136719,500.6300048828125,482.260009765625,496.4599914550781,464.9317321777344,1206800,0.0,0.0
2022-09-23 00:00:00-04:00,491.8800048828125,491.8800048828125,474.0799865722656,478.82000732421875,448.4120178222656,877700,0.0,0.0
2022-09-26 00:00:00-04:00,477.3800048828125,482.0199890136719,472.3599853515625,474.3699951171875,444.24462890625,657200,0.0,0.0
2022-09-27 00:00:00-04:00,477.3399963378906,479.19000244140625,471.239990234375,474.1400146484375,444.029296875,1023800,0.0,0.0
2022-09-28 00:00:00-04:00,475.5299987792969,485.8500061035156,464.2799987792969,483.69000244140625,452.97271728515625,948300,0.0,0.0
2022-09-29 00:00:00-04:00,480.6600036621094,482.1000061035156,464.510009765625,470.4800109863281,440.6016845703125,910900,0.0,0.0
2022-09-30 00:00:00-04:00,466.5,474.0,466.5,470.32000732421875,440.4517822265625,1134500,0.0,0.0
2022-10-03 00:00:00-04:00,476.44000244140625,489.92999267578125,474.0,485.7099914550781,454.8644714355469,910600,0.0,0.0
2022-10-04 00:00:00-04:00,488.4200134277344,497.1199951171875,487.010009765625,490.2799987792969,459.1441955566406,985700,0.0,0.0
2022-10-05 00:00:00-04:00,487.0,489.5,480.67999267578125,484.45001220703125,453.6844787597656,620800,0.0,0.0
2022-10-06 00:00:00-04:00,483.7200012207031,486.29998779296875,480.989990234375,485.2300109863281,454.4149169921875,604900,0.0,0.0
2022-10-07 00:00:00-04:00,485.1600036621094,496.5199890136719,483.0199890136719,496.0899963378906,464.5852355957031,1097600,0.0,0.0
2022-10-10 00:00:00-04:00,498.82000732421875,509.0,498.0,503.8299865722656,471.833740234375,1375700,0.0,0.0
2022-10-11 00:00:00-04:00,504.1300048828125,514.5599975585938,503.260009765625,507.30999755859375,475.0926818847656,836500,0.0,0.0
2022-10-12 00:00:00-04:00,508.1400146484375,508.1400146484375,492.20001220703125,492.3800048828125,461.1108703613281,972500,0.0,0.0
2022-10-13 00:00:00-04:00,488.0899963378906,503.04998779296875,486.3800048828125,501.44000244140625,469.59552001953125,922000,0.0,0.0
2022-10-14 00:00:00-04:00,495.70001220703125,496.9800109863281,463.1099853515625,464.19000244140625,434.71112060546875,1642700,0.0,0.0
2022-10-17 00:00:00-04:00,467.2099914550781,478.70001220703125,466.260009765625,475.0899963378906,444.91888427734375,1122600,0.0,0.0
2022-10-18 00:00:00-04:00,480.0,509.8900146484375,478.9800109863281,506.79998779296875,474.6151123046875,1853200,0.0,0.0
2022-10-19 00:00:00-04:00,504.8399963378906,516.7899780273438,501.5199890136719,510.9100036621094,478.4641418457031,1342700,0.0,0.0
2022-10-20 00:00:00-04:00,511.760009765625,516.489990234375,509.1600036621094,512.4400024414062,479.8969421386719,877900,0.0,0.0
2022-10-21 00:00:00-04:00,512.5599975585938,525.3499755859375,509.5,522.6599731445312,489.4678039550781,1054300,0.0,0.0
2022-10-24 00:00:00-04:00,527.6199951171875,534.6400146484375,524.280029296875,525.9600219726562,492.558349609375,866600,0.0,0.0
2022-10-25 00:00:00-04:00,520.3699951171875,528.0,517.4500122070312,526.75,493.29815673828125,763800,0.0,0.0
2022-10-26 00:00:00-04:00,529.5599975585938,535.2100219726562,524.8800048828125,530.989990234375,497.2689208984375,940900,0.0,0.0
2022-10-27 00:00:00-04:00,512.5800170898438,537.8099975585938,508.0,535.510009765625,501.5018005371094,1689500,0.0,0.0
2022-10-28 00:00:00-04:00,540.0800170898438,556.27001953125,531.0,548.1099853515625,513.301513671875,1316600,0.0,0.0
2022-10-31 00:00:00-04:00,544.7999877929688,553.6599731445312,543.969970703125,549.010009765625,514.14453125,1089000,0.0,0.0
2022-11-01 00:00:00-04:00,549.6199951171875,550.1099853515625,534.260009765625,535.8800048828125,501.8483581542969,1303100,0.0,0.0
2022-11-02 00:00:00-04:00,534.0499877929688,539.6799926757812,529.8300170898438,530.2999877929688,496.6227111816406,1111900,0.0,0.0
2022-11-03 00:00:00-04:00,528.0399780273438,531.3499755859375,525.469970703125,525.510009765625,492.1368713378906,1200000,0.0,0.0
2022-11-04 00:00:00-04:00,526.0,527.1599731445312,510.010009765625,522.77001953125,489.5708923339844,1242000,0.0,0.0
2022-11-07 00:00:00-05:00,523.0499877929688,537.5800170898438,520.5599975585938,534.77001953125,500.808837890625,804500,0.0,0.0
2022-11-08 00:00:00-05:00,533.3400268554688,542.1400146484375,532.3300170898438,540.9299926757812,506.5776672363281,652600,0.0,0.0
2022-11-09 00:00:00-05:00,540.6599731445312,543.1900024414062,532.8099975585938,533.1400146484375,499.2823791503906,601600,0.0,0.0
2022-11-10 00:00:00-05:00,540.780029296875,540.780029296875,523.719970703125,531.5900268554688,497.83074951171875,1220000,0.0,0.0
2022-11-11 00:00:00-05:00,517.969970703125,518.8300170898438,490.20001220703125,492.70001220703125,461.4106140136719,2267400,0.0,0.0
2022-11-14 00:00:00-05:00,496.0,500.07000732421875,478.4599914550781,481.739990234375,451.1465759277344,2194500,0.0,0.0
2022-11-15 00:00:00-05:00,485.0,510.0,479.9200134277344,500.7200012207031,468.9212341308594,1902800,0.0,0.0
2022-11-16 00:00:00-05:00,499.0,507.67999267578125,496.0400085449219,505.1300048828125,473.05120849609375,1066900,0.0,0.0
2022-11-17 00:00:00-05:00,504.94000244140625,519.7899780273438,504.82000732421875,518.8499755859375,485.8998718261719,950800,0.0,0.0
2022-11-18 00:00:00-05:00,518.8400268554688,524.7899780273438,515.8300170898438,520.4199829101562,487.3701171875,863500,0.0,0.0
2022-11-21 00:00:00-05:00,521.7100219726562,532.4400024414062,520.489990234375,527.8699951171875,494.3470458984375,861500,0.0,0.0
2022-11-22 00:00:00-05:00,529.9099731445312,533.77001953125,523.4299926757812,524.6500244140625,491.33154296875,635300,0.0,0.0
2022-11-23 00:00:00-05:00,524.4400024414062,525.77001953125,518.3699951171875,522.3400268554688,489.16827392578125,553600,0.0,0.0
2022-11-25 00:00:00-05:00,526.8699951171875,529.7899780273438,522.0800170898438,527.8300170898438,495.9521179199219,254400,1.73,0.0
2022-11-28 00:00:00-05:00,524.719970703125,530.530029296875,522.4400024414062,524.8800048828125,493.1802978515625,490600,0.0,0.0
2022-11-29 00:00:00-05:00,524.8699951171875,529.7000122070312,523.2000122070312,528.3499755859375,496.44073486328125,385500,0.0,0.0
2022-11-30 00:00:00-05:00,527.9500122070312,534.8900146484375,524.4600219726562,533.2899780273438,501.08245849609375,786500,0.0,0.0
2022-12-01 00:00:00-05:00,534.6199951171875,535.4199829101562,521.5999755859375,530.2999877929688,498.27294921875,568100,0.0,0.0
2022-12-02 00:00:00-05:00,528.5800170898438,549.8699951171875,527.3900146484375,545.5999755859375,512.6490478515625,843500,0.0,0.0
2022-12-05 00:00:00-05:00,539.52001953125,543.1900024414062,533.8499755859375,541.4299926757812,508.7308044433594,671100,0.0,0.0
2022-12-06 00:00:00-05:00,543.7999877929688,543.7999877929688,528.3599853515625,531.8099975585938,499.6918640136719,576600,0.0,0.0
2022-12-07 00:00:00-05:00,532.1799926757812,540.9400024414062,529.9000244140625,540.2100219726562,507.58447265625,583000,0.0,0.0
2022-12-08 00:00:00-05:00,545.0,546.75,539.260009765625,540.5499877929688,507.9040832519531,378700,0.0,0.0
2022-12-09 00:00:00-05:00,539.0,545.72998046875,528.8300170898438,528.9400024414062,496.99505615234375,589600,0.0,0.0
2022-12-12 00:00:00-05:00,530.5,535.8900146484375,525.9199829101562,535.1799926757812,502.8582763671875,540500,0.0,0.0
2022-12-13 00:00:00-05:00,537.010009765625,537.0599975585938,523.3400268554688,525.5900268554688,493.8474426269531,853700,0.0,0.0
2022-12-14 00:00:00-05:00,528.75,537.6699829101562,524.9500122070312,531.780029296875,499.6636047363281,575900,0.0,0.0
2022-12-15 00:00:00-05:00,532.72998046875,533.3699951171875,522.6099853515625,528.489990234375,496.5721740722656,483200,0.0,0.0
2022-12-16 00:00:00-05:00,527.1699829101562,532.3800048828125,521.6099853515625,529.8699951171875,497.868896484375,1429000,0.0,0.0
2022-12-19 00:00:00-05:00,529.5800170898438,538.0,526.4600219726562,532.52001953125,500.3588562011719,783700,0.0,0.0
2022-12-20 00:00:00-05:00,533.6300048828125,540.8099975585938,528.1699829101562,529.5700073242188,497.58709716796875,642000,0.0,0.0
2022-12-21 00:00:00-05:00,531.0,540.5599975585938,529.780029296875,538.7899780273438,506.2503356933594,518600,0.0,0.0
2022-12-22 00:00:00-05:00,539.0,542.0999755859375,526.3800048828125,531.3699951171875,499.2782897949219,434600,0.0,0.0
2022-12-23 00:00:00-05:00,531.7100219726562,536.25,529.8800048828125,534.77001953125,502.4730529785156,475700,0.0,0.0
2022-12-27 00:00:00-05:00,538.0,544.0399780273438,537.0,541.1900024414062,508.5053405761719,454500,0.0,0.0
2022-12-28 00:00:00-05:00,543.4500122070312,545.3699951171875,540.239990234375,540.4099731445312,507.7724304199219,718100,0.0,0.0
2022-12-29 00:00:00-05:00,540.219970703125,544.219970703125,538.2100219726562,542.0,509.266357421875,487100,0.0,0.0
2022-12-30 00:00:00-05:00,542.9299926757812,546.8699951171875,539.510009765625,545.6099853515625,512.6583251953125,564700,0.0,0.0
2023-01-03 00:00:00-05:00,544.9199829101562,547.7999877929688,537.9000244140625,540.3300170898438,507.69720458984375,615200,0.0,0.0
2023-01-04 00:00:00-05:00,535.8699951171875,540.3499755859375,522.3699951171875,526.4500122070312,494.655517578125,939800,0.0,0.0
2023-01-05 00:00:00-05:00,526.530029296875,533.7100219726562,522.9400024414062,528.52001953125,496.6004943847656,766600,0.0,0.0
2023-01-06 00:00:00-05:00,529.8099975585938,540.8499755859375,505.04998779296875,521.4199829101562,489.9292907714844,1084600,0.0,0.0
2023-01-09 00:00:00-05:00,518.030029296875,518.030029296875,488.1199951171875,495.4100036621094,465.49017333984375,1853000,0.0,0.0
2023-01-10 00:00:00-05:00,496.9700012207031,502.30999755859375,490.95001220703125,495.7900085449219,465.84716796875,902200,0.0,0.0
2023-01-11 00:00:00-05:00,496.20001220703125,499.3599853515625,489.489990234375,492.92999267578125,463.159912109375,944000,0.0,0.0
2023-01-12 00:00:00-05:00,491.7099914550781,494.0,485.8900146484375,487.9800109863281,458.5088806152344,1097800,0.0,0.0
2023-01-13 00:00:00-05:00,474.3999938964844,474.3999938964844,454.7900085449219,461.42999267578125,433.5622863769531,2608900,0.0,0.0
2023-01-17 00:00:00-05:00,463.3399963378906,465.2300109863281,453.7300109863281,455.57000732421875,428.05621337890625,1934700,0.0,0.0
2023-01-18 00:00:00-05:00,453.7300109863281,454.0799865722656,445.510009765625,446.05999755859375,419.12060546875,1927400,0.0,0.0
2023-01-19 00:00:00-05:00,448.1499938964844,453.010009765625,442.2099914550781,442.30999755859375,415.5970764160156,1376600,0.0,0.0
2023-01-20 00:00:00-05:00,445.989990234375,452.29998779296875,440.0899963378906,450.760009765625,423.5367431640625,2130900,0.0,0.0
2023-01-23 00:00:00-05:00,451.9700012207031,454.4800109863281,448.3299865722656,450.8699951171875,423.64013671875,1054900,0.0,0.0
2023-01-24 00:00:00-05:00,452.2099914550781,462.989990234375,448.0,459.30999755859375,431.5703125,1119100,0.0,0.0
2023-01-25 00:00:00-05:00,457.7900085449219,466.0,457.6700134277344,463.2900085449219,435.3100280761719,1141700,0.0,0.0
2023-01-26 00:00:00-05:00,458.0,473.20001220703125,438.989990234375,443.4700012207031,416.68707275390625,3119200,0.0,0.0
2023-01-27 00:00:00-05:00,433.17999267578125,443.989990234375,430.94000244140625,437.6499938964844,411.2185363769531,2143600,0.0,0.0
2023-01-30 00:00:00-05:00,445.010009765625,448.6499938964844,436.489990234375,439.2799987792969,412.75006103515625,1531200,0.0,0.0
2023-01-31 00:00:00-05:00,441.4200134277344,448.07000732421875,435.6300048828125,448.0400085449219,420.9810485839844,1320500,0.0,0.0
2023-02-01 00:00:00-05:00,445.45001220703125,449.0199890136719,442.1199951171875,442.5899963378906,415.86016845703125,901300,0.0,0.0
2023-02-02 00:00:00-05:00,439.44000244140625,444.67999267578125,436.0,440.8599853515625,414.2345886230469,1236700,0.0,0.0
2023-02-03 00:00:00-05:00,451.0,454.4599914550781,440.0199890136719,440.6400146484375,414.02789306640625,1388300,0.0,0.0
2023-02-06 00:00:00-05:00,443.07000732421875,453.739990234375,442.9700012207031,448.9599914550781,421.8454895019531,1321300,0.0,0.0
2023-02-07 00:00:00-05:00,448.0,454.1300048828125,443.489990234375,452.1499938964844,424.8428039550781,1098500,0.0,0.0
2023-02-08 00:00:00-05:00,451.0,456.8900146484375,450.3500061035156,456.05999755859375,428.5166015625,961400,0.0,0.0
2023-02-09 00:00:00-05:00,455.80999755859375,461.9200134277344,452.3999938964844,453.8500061035156,426.440185546875,951700,0.0,0.0
2023-02-10 00:00:00-05:00,457.1199951171875,464.3299865722656,456.42999267578125,463.8599853515625,435.8455505371094,967900,0.0,0.0
2023-02-13 00:00:00-05:00,467.80999755859375,470.989990234375,458.989990234375,464.2799987792969,436.240234375,922200,0.0,0.0
2023-02-14 00:00:00-05:00,467.8800048828125,470.9200134277344,465.8699951171875,467.510009765625,439.275146484375,1252900,0.0,0.0
2023-02-15 00:00:00-05:00,465.9200134277344,468.0899963378906,458.92999267578125,460.94000244140625,433.1019287109375,828100,0.0,0.0
2023-02-16 00:00:00-05:00,458.2099914550781,468.5299987792969,456.3699951171875,465.3500061035156,437.24554443359375,968200,0.0,0.0
2023-02-17 00:00:00-05:00,465.44000244140625,470.6700134277344,462.7799987792969,470.6300048828125,442.20672607421875,830100,0.0,0.0
2023-02-21 00:00:00-05:00,474.7799987792969,479.1499938964844,468.57000732421875,473.95001220703125,445.3262023925781,1272800,0.0,0.0
2023-02-22 00:00:00-05:00,473.9599914550781,481.5,473.95001220703125,478.7300109863281,449.8175354003906,1289100,0.0,0.0
2023-02-23 00:00:00-05:00,477.54998779296875,482.3399963378906,472.7099914550781,476.260009765625,447.4966735839844,995300,0.0,0.0
2023-02-24 00:00:00-05:00,472.6499938964844,478.0,468.54998779296875,470.9100036621094,444.08294677734375,629300,1.73,0.0
2023-02-27 00:00:00-05:00,470.6300048828125,474.1000061035156,467.3699951171875,470.07000732421875,443.2907409667969,681400,0.0,0.0
2023-02-28 00:00:00-05:00,470.489990234375,471.739990234375,463.30999755859375,464.1099853515625,437.6703186035156,764400,0.0,0.0
2023-03-01 00:00:00-05:00,461.9700012207031,465.6700134277344,459.25,462.54998779296875,436.1991271972656,588800,0.0,0.0
2023-03-02 00:00:00-05:00,460.3299865722656,468.8800048828125,460.3299865722656,468.2699890136719,441.59332275390625,549000,0.0,0.0
2023-03-03 00:00:00-05:00,470.17999267578125,470.70001220703125,464.5199890136719,467.3800048828125,440.7539978027344,726800,0.0,0.0
2023-03-06 00:00:00-05:00,466.6199951171875,474.3999938964844,465.9599914550781,470.2200012207031,443.43218994140625,761200,0.0,0.0
2023-03-07 00:00:00-05:00,470.8599853515625,475.9700012207031,470.67999267578125,472.20001220703125,445.2994384765625,923200,0.0,0.0
2023-03-08 00:00:00-05:00,472.0,475.6300048828125,460.9200134277344,465.25,438.7453918457031,1089000,0.0,0.0
2023-03-09 00:00:00-05:00,469.6300048828125,469.6300048828125,458.20001220703125,459.0400085449219,432.88916015625,834900,0.0,0.0
2023-03-10 00:00:00-05:00,458.5299987792969,463.19000244140625,457.19000244140625,459.7799987792969,433.58697509765625,772200,0.0,0.0
2023-03-13 00:00:00-04:00,454.69000244140625,462.8699951171875,453.7200012207031,457.739990234375,431.6632080078125,1237200,0.0,0.0
2023-03-14 00:00:00-04:00,457.8999938964844,459.9800109863281,449.2300109863281,453.6600036621094,427.81561279296875,1782800,0.0,0.0
2023-03-15 00:00:00-04:00,448.9700012207031,456.3800048828125,439.8699951171875,448.8999938964844,423.3268127441406,1513200,0.0,0.0
2023-03-16 00:00:00-04:00,449.1099853515625,455.9700012207031,448.0,450.1499938964844,424.5055847167969,1074800,0.0,0.0
2023-03-17 00:00:00-04:00,449.80999755859375,450.1600036621094,441.30999755859375,443.6000061035156,418.32879638671875,1599300,0.0,0.0
2023-03-20 00:00:00-04:00,445.2699890136719,452.30999755859375,445.010009765625,449.260009765625,423.666259765625,662300,0.0,0.0
2023-03-21 00:00:00-04:00,453.7900085449219,454.6600036621094,447.07000732421875,449.9800109863281,424.34527587890625,680100,0.0,0.0
2023-03-22 00:00:00-04:00,450.2200012207031,452.3999938964844,443.0899963378906,443.6000061035156,418.32879638671875,726100,0.0,0.0
2023-03-23 00:00:00-04:00,444.010009765625,446.05999755859375,440.7099914550781,444.44000244140625,419.1209411621094,1123900,0.0,0.0
2023-03-24 00:00:00-04:00,445.0799865722656,456.20001220703125,443.0,455.25,429.3150634765625,1006400,0.0,0.0
2023-03-27 00:00:00-04:00,459.0899963378906,459.79998779296875,455.17999267578125,458.25,432.1441345214844,626800,0.0,0.0
2023-03-28 00:00:00-04:00,458.30999755859375,461.5,457.5899963378906,459.0,432.8514099121094,476800,0.0,0.0
2023-03-29 00:00:00-04:00,459.3800048828125,462.5799865722656,457.5,461.57000732421875,435.2749938964844,584200,0.0,0.0
2023-03-30 00:00:00-04:00,460.4599914550781,462.9200134277344,458.5,460.9800109863281,434.7185974121094,541500,0.0,0.0
2023-03-31 00:00:00-04:00,462.9800109863281,463.32000732421875,459.45001220703125,461.7200012207031,435.41644287109375,640600,0.0,0.0
2023-04-03 00:00:00-04:00,463.29998779296875,471.54998779296875,462.6499938964844,469.19000244140625,442.4609069824219,577600,0.0,0.0
2023-04-04 00:00:00-04:00,468.7300109863281,471.94000244140625,465.0,468.1000061035156,441.4329833984375,495200,0.0,0.0
2023-04-05 00:00:00-04:00,467.2200012207031,473.6000061035156,467.2200012207031,470.9100036621094,444.08294677734375,707000,0.0,0.0
2023-04-06 00:00:00-04:00,474.67999267578125,476.260009765625,468.2900085449219,470.3900146484375,443.59259033203125,575800,0.0,0.0
2023-04-10 00:00:00-04:00,470.9800109863281,478.1700134277344,470.9800109863281,476.5400085449219,449.3921813964844,594800,0.0,0.0
2023-04-11 00:00:00-04:00,476.1199951171875,476.1199951171875,467.5299987792969,468.2699890136719,441.59332275390625,657000,0.0,0.0
2023-04-12 00:00:00-04:00,467.42999267578125,474.7300109863281,466.0299987792969,472.7699890136719,445.83697509765625,574900,0.0,0.0
2023-04-13 00:00:00-04:00,472.0,476.07000732421875,469.6700134277344,474.1600036621094,447.1477966308594,540000,0.0,0.0
2023-04-14 00:00:00-04:00,470.54998779296875,473.0899963378906,468.7699890136719,472.57000732421875,445.6484069824219,501800,0.0,0.0
2023-04-17 00:00:00-04:00,472.989990234375,477.67999267578125,471.3800048828125,474.7900085449219,447.7418518066406,598400,0.0,0.0
2023-04-18 00:00:00-04:00,475.739990234375,483.3999938964844,475.739990234375,479.4700012207031,452.1552734375,756100,0.0,0.0
2023-04-19 00:00:00-04:00,480.4599914550781,482.7900085449219,476.20001220703125,477.07000732421875,449.8919982910156,482600,0.0,0.0
2023-04-20 00:00:00-04:00,478.3999938964844,478.3999938964844,472.07000732421875,474.17999267578125,447.1665954589844,511700,0.0,0.0
2023-04-21 00:00:00-04:00,475.7200012207031,475.7200012207031,468.8299865722656,471.989990234375,445.1014709472656,1519500,0.0,0.0
2023-04-24 00:00:00-04:00,471.1600036621094,472.6300048828125,466.5,470.9200134277344,444.0923767089844,593600,0.0,0.0
2023-04-25 00:00:00-04:00,470.1099853515625,470.1099853515625,464.4200134277344,465.4700012207031,438.9527587890625,691400,0.0,0.0
2023-04-26 00:00:00-04:00,462.69000244140625,464.3299865722656,449.07000732421875,449.0899963378906,423.5059509277344,1413000,0.0,0.0
2023-04-27 00:00:00-04:00,452.4800109863281,459.67999267578125,443.0,457.67999267578125,431.60662841796875,1371000,0.0,0.0
2023-04-28 00:00:00-04:00,460.3699951171875,461.57000732421875,455.5299987792969,461.2699890136719,434.9920959472656,708600,0.0,0.0
2023-05-01 00:00:00-04:00,461.95001220703125,466.0299987792969,459.5899963378906,462.7200012207031,436.3594970703125,630200,0.0,0.0
2023-05-02 00:00:00-04:00,460.8299865722656,460.8399963378906,448.5799865722656,448.80999755859375,423.24200439453125,770300,0.0,0.0
2023-05-03 00:00:00-04:00,447.5299987792969,452.2799987792969,443.57000732421875,443.7099914550781,418.4324645996094,520200,0.0,0.0
2023-05-04 00:00:00-04:00,443.2799987792969,445.2799987792969,435.20001220703125,442.2300109863281,417.03680419921875,645700,0.0,0.0
2023-05-05 00:00:00-04:00,443.4599914550781,448.45001220703125,441.92999267578125,446.80999755859375,421.35589599609375,474700,0.0,0.0
2023-05-08 00:00:00-04:00,448.3299865722656,450.95001220703125,441.8699951171875,442.239990234375,417.0462341308594,418200,0.0,0.0
2023-05-09 00:00:00-04:00,443.0,445.0899963378906,440.8699951171875,442.30999755859375,417.1121826171875,462200,0.0,0.0
2023-05-10 00:00:00-04:00,443.1000061035156,445.0,438.70001220703125,443.0299987792969,417.7911682128906,559600,0.0,0.0
2023-05-11 00:00:00-04:00,438.8999938964844,440.30999755859375,433.17999267578125,435.8500061035156,411.0202331542969,698900,0.0,0.0
2023-05-12 00:00:00-04:00,437.0899963378906,441.80999755859375,434.7699890136719,438.760009765625,413.7644958496094,749400,0.0,0.0
2023-05-15 00:00:00-04:00,438.75,440.0799865722656,436.0,439.3699951171875,414.3396911621094,491000,0.0,0.0
2023-05-16 00:00:00-04:00,439.989990234375,440.3399963378906,435.45001220703125,435.6300048828125,410.8128356933594,448800,0.0,0.0
2023-05-17 00:00:00-04:00,439.0,448.3999938964844,437.5799865722656,447.3399963378906,421.8555908203125,758300,0.0,0.0
2023-05-18 00:00:00-04:00,446.07000732421875,446.9200134277344,437.75,443.6000061035156,418.32879638671875,518500,0.0,0.0
2023-05-19 00:00:00-04:00,445.3599853515625,446.29998779296875,440.7900085449219,443.30999755859375,418.0552673339844,463800,0.0,0.0
2023-05-22 00:00:00-04:00,442.0899963378906,445.17999267578125,438.44000244140625,443.07000732421875,417.8289489746094,508700,0.0,0.0
2023-05-23 00:00:00-04:00,441.1700134277344,445.8699951171875,440.260009765625,443.0299987792969,417.7911682128906,578300,0.0,0.0
2023-05-24 00:00:00-04:00,443.0299987792969,446.3500061035156,441.3800048828125,441.44000244140625,416.29180908203125,664600,0.0,0.0
2023-05-25 00:00:00-04:00,438.3299865722656,439.95001220703125,429.1000061035156,433.510009765625,408.81353759765625,910600,0.0,0.0
2023-05-26 00:00:00-04:00,432.6199951171875,441.510009765625,432.6199951171875,438.32000732421875,415.1403503417969,865000,1.87,0.0
2023-05-30 00:00:00-04:00,434.8900146484375,441.1199951171875,432.3299865722656,438.1600036621094,414.98876953125,875900,0.0,0.0
2023-05-31 00:00:00-04:00,437.80999755859375,441.3599853515625,434.6199951171875,435.489990234375,412.45989990234375,1500800,0.0,0.0
2023-06-01 00:00:00-04:00,436.7699890136719,439.2300109863281,433.5299987792969,438.510009765625,415.32025146484375,792500,0.0,0.0
2023-06-02 00:00:00-04:00,441.9200134277344,447.1300048828125,438.739990234375,443.8299865722656,420.35894775390625,1025000,0.0,0.0
2023-06-05 00:00:00-04:00,446.989990234375,446.989990234375,442.04998779296875,445.54998779296875,421.9880065917969,843900,0.0,0.0
2023-06-06 00:00:00-04:00,447.5,449.3699951171875,444.17999267578125,448.1000061035156,424.403076171875,696000,0.0,0.0
2023-06-07 00:00:00-04:00,447.8900146484375,454.5,444.25,453.3500061035156,429.37554931640625,814100,0.0,0.0
2023-06-08 00:00:00-04:00,453.739990234375,457.8399963378906,452.3999938964844,455.4700012207031,431.38336181640625,630300,0.0,0.0
2023-06-09 00:00:00-04:00,456.45001220703125,459.7099914550781,454.19000244140625,454.260009765625,430.2373352050781,640800,0.0,0.0
2023-06-12 00:00:00-04:00,453.9599914550781,453.9599914550781,448.239990234375,453.510009765625,429.5270080566406,781800,0.0,0.0
2023-06-13 00:00:00-04:00,450.17999267578125,453.8299865722656,445.1600036621094,451.1499938964844,427.2917785644531,609800,0.0,0.0
2023-06-14 00:00:00-04:00,450.8900146484375,453.44000244140625,446.1600036621094,447.8999938964844,424.2136535644531,510200,0.0,0.0
2023-06-15 00:00:00-04:00,449.69000244140625,454.7799987792969,446.760009765625,452.8699951171875,428.9208679199219,544600,0.0,0.0
2023-06-16 00:00:00-04:00,453.1000061035156,458.9100036621094,452.6000061035156,458.3500061035156,434.111083984375,1179000,0.0,0.0
2023-06-20 00:00:00-04:00,458.95001220703125,460.69000244140625,454.0899963378906,454.3399963378906,430.3131408691406,510200,0.0,0.0
2023-06-21 00:00:00-04:00,454.2300109863281,462.6300048828125,454.1700134277344,462.4700012207031,438.01312255859375,495300,0.0,0.0
2023-06-22 00:00:00-04:00,460.95001220703125,460.989990234375,455.80999755859375,458.05999755859375,433.8363952636719,454400,0.0,0.0
2023-06-23 00:00:00-04:00,458.1400146484375,460.1099853515625,452.6300048828125,454.04998779296875,430.0384216308594,555000,0.0,0.0
2023-06-26 00:00:00-04:00,449.5899963378906,449.92999267578125,442.79998779296875,448.0199890136719,424.3272705078125,744200,0.0,0.0
2023-06-27 00:00:00-04:00,448.239990234375,451.44000244140625,445.3399963378906,448.44000244140625,424.7250671386719,535200,0.0,0.0
2023-06-28 00:00:00-04:00,448.7900085449219,450.57000732421875,440.6700134277344,442.6600036621094,419.2508239746094,618800,0.0,0.0
2023-06-29 00:00:00-04:00,442.760009765625,451.44000244140625,442.3999938964844,451.2200012207031,427.3580627441406,531200,0.0,0.0
2023-06-30 00:00:00-04:00,453.1499938964844,459.510009765625,449.9100036621094,455.79998779296875,431.6959228515625,767000,0.0,0.0
2023-07-03 00:00:00-04:00,453.1099853515625,458.8399963378906,452.2200012207031,458.1600036621094,433.9310302734375,239600,0.0,0.0
2023-07-05 00:00:00-04:00,457.8299865722656,459.6300048828125,453.1199951171875,459.04998779296875,434.7739562988281,369300,0.0,0.0
2023-07-06 00:00:00-04:00,458.45001220703125,460.67999267578125,454.0400085449219,455.9800109863281,431.8663635253906,673800,0.0,0.0
2023-07-07 00:00:00-04:00,454.989990234375,455.8399963378906,450.7699890136719,452.45001220703125,428.5230712890625,577500,0.0,0.0
2023-07-10 00:00:00-04:00,452.5899963378906,455.54998779296875,451.3599853515625,452.5899963378906,428.6556396484375,494600,0.0,0.0
2023-07-11 00:00:00-04:00,453.9100036621094,462.0,453.1700134277344,460.75,436.3841247558594,688100,0.0,0.0
2023-07-12 00:00:00-04:00,461.44000244140625,461.5,453.17999267578125,453.3500061035156,429.37554931640625,691000,0.0,0.0
2023-07-13 00:00:00-04:00,452.2900085449219,457.9599914550781,450.760009765625,457.0299987792969,432.86083984375,552600,0.0,0.0
2023-07-14 00:00:00-04:00,455.95001220703125,456.239990234375,449.75,450.6400146484375,426.808837890625,604300,0.0,0.0
2023-07-17 00:00:00-04:00,451.8699951171875,457.0,449.3500061035156,454.239990234375,430.2183532714844,861500,0.0,0.0
2023-07-18 00:00:00-04:00,456.69000244140625,460.6400146484375,440.5,442.67999267578125,419.26971435546875,1263100,0.0,0.0
2023-07-19 00:00:00-04:00,442.4200134277344,445.8299865722656,438.6499938964844,442.2799987792969,418.8908996582031,933600,0.0,0.0
2023-07-20 00:00:00-04:00,447.5299987792969,455.1600036621094,443.19000244140625,454.3599853515625,430.3320007324219,978200,0.0,0.0
2023-07-21 00:00:00-04:00,454.1099853515625,457.05999755859375,451.8999938964844,453.4200134277344,429.4417724609375,593300,0.0,0.0
2023-07-24 00:00:00-04:00,453.9100036621094,455.3299865722656,451.3999938964844,452.2099914550781,428.29571533203125,551400,0.0,0.0
2023-07-25 00:00:00-04:00,445.4599914550781,457.2900085449219,444.04998779296875,457.19000244140625,433.0123291015625,846300,0.0,0.0
2023-07-26 00:00:00-04:00,457.1700134277344,459.82000732421875,454.0199890136719,457.1600036621094,432.9840087890625,896200,0.0,0.0
2023-07-27 00:00:00-04:00,442.7200012207031,446.989990234375,431.6099853515625,445.30999755859375,421.7606201171875,1719600,0.0,0.0
2023-07-28 00:00:00-04:00,445.8599853515625,452.3999938964844,445.5,449.67999267578125,425.8995056152344,1127000,0.0,0.0
2023-07-31 00:00:00-04:00,450.5,450.5,442.5,445.0,421.4670104980469,1031000,0.0,0.0
2023-08-01 00:00:00-04:00,445.8900146484375,449.6600036621094,445.0,448.1499938964844,424.4504089355469,576700,0.0,0.0
2023-08-02 00:00:00-04:00,447.8900146484375,448.44000244140625,444.3699951171875,447.4700012207031,423.8064270019531,830300,0.0,0.0
2023-08-03 00:00:00-04:00,447.19000244140625,447.989990234375,441.6099853515625,442.6099853515625,419.20343017578125,758500,0.0,0.0
2023-08-04 00:00:00-04:00,444.0199890136719,444.7699890136719,437.6700134277344,438.5400085449219,415.3486633300781,583900,0.0,0.0
2023-08-07 00:00:00-04:00,437.8699951171875,439.3599853515625,433.1099853515625,436.6600036621094,413.5681457519531,1289300,0.0,0.0
2023-08-08 00:00:00-04:00,436.0,438.4200134277344,432.30999755859375,432.8999938964844,410.0068664550781,664800,0.0,0.0
2023-08-09 00:00:00-04:00,433.0,437.57000732421875,432.4599914550781,435.54998779296875,412.5167236328125,1547800,0.0,0.0
2023-08-10 00:00:00-04:00,434.3500061035156,434.739990234375,429.6400146484375,430.2699890136719,407.5159606933594,800500,0.0,0.0
2023-08-11 00:00:00-04:00,430.2699890136719,432.6600036621094,429.6700134277344,431.04998779296875,408.2547302246094,733800,0.0,0.0
2023-08-14 00:00:00-04:00,431.2300109863281,432.8900146484375,429.010009765625,429.45001220703125,406.7394104003906,516700,0.0,0.0
2023-08-15 00:00:00-04:00,427.7900085449219,428.4200134277344,421.7300109863281,423.1700134277344,400.7914733886719,583700,0.0,0.0
2023-08-16 00:00:00-04:00,422.4800109863281,428.54998779296875,422.4800109863281,427.2900085449219,404.693603515625,518200,0.0,0.0
2023-08-17 00:00:00-04:00,428.1700134277344,432.25,428.1000061035156,429.1700134277344,406.4741516113281,576200,0.0,0.0
2023-08-18 00:00:00-04:00,428.1300048828125,437.5400085449219,428.1199951171875,430.1700134277344,407.42132568359375,716300,0.0,0.0
2023-08-21 00:00:00-04:00,429.1700134277344,434.7200012207031,429.07000732421875,433.69000244140625,410.755126953125,542400,0.0,0.0
2023-08-22 00:00:00-04:00,434.5,438.2200012207031,434.010009765625,437.7300109863281,414.5815124511719,597900,0.0,0.0
2023-08-23 00:00:00-04:00,438.95001220703125,440.010009765625,433.3699951171875,434.5199890136719,411.5412292480469,558700,0.0,0.0
2023-08-24 00:00:00-04:00,434.2099914550781,437.69000244140625,432.1199951171875,432.17999267578125,409.32501220703125,518300,0.0,0.0
2023-08-25 00:00:00-04:00,432.4599914550781,433.25,428.5,429.55999755859375,408.6115417480469,436500,1.87,0.0
2023-08-28 00:00:00-04:00,429.3399963378906,431.3299865722656,428.5199890136719,431.1499938964844,410.1239929199219,505300,0.0,0.0
2023-08-29 00:00:00-04:00,429.9100036621094,431.19000244140625,426.0,430.05999755859375,409.0871887207031,541100,0.0,0.0
2023-08-30 00:00:00-04:00,431.2200012207031,436.0,431.0,434.79998779296875,413.5960388183594,478700,0.0,0.0
2023-08-31 00:00:00-04:00,436.0,437.44000244140625,433.05999755859375,433.0899963378906,411.9693908691406,503600,0.0,0.0
2023-09-01 00:00:00-04:00,435.2300109863281,437.1099853515625,434.8699951171875,435.6199951171875,414.3760070800781,423900,0.0,0.0
2023-09-05 00:00:00-04:00,435.010009765625,435.8999938964844,431.0,431.0799865722656,410.0574035644531,470400,0.0,0.0
2023-09-06 00:00:00-04:00,431.5899963378906,432.0299987792969,423.44000244140625,423.6400146484375,402.98028564453125,602500,0.0,0.0
2023-09-07 00:00:00-04:00,425.6400146484375,431.44000244140625,425.6400146484375,430.989990234375,409.9718017578125,718500,0.0,0.0
2023-09-08 00:00:00-04:00,430.8299865722656,430.8299865722656,420.95001220703125,422.7200012207031,402.1051025390625,767900,0.0,0.0
2023-09-11 00:00:00-04:00,423.30999755859375,425.1099853515625,416.7099914550781,425.0,404.2738952636719,843300,0.0,0.0
2023-09-12 00:00:00-04:00,423.5199890136719,426.2099914550781,421.7799987792969,424.0799865722656,403.3988037109375,581600,0.0,0.0
2023-09-13 00:00:00-04:00,426.0,431.92999267578125,424.510009765625,426.30999755859375,405.52001953125,472700,0.0,0.0
2023-09-14 00:00:00-04:00,424.989990234375,432.44000244140625,424.17999267578125,432.32000732421875,411.23699951171875,543900,0.0,0.0
2023-09-15 00:00:00-04:00,432.4599914550781,435.739990234375,431.4700012207031,433.489990234375,412.34991455078125,1034200,0.0,0.0
2023-09-18 00:00:00-04:00,435.8699951171875,442.6000061035156,435.0299987792969,440.5199890136719,419.0370788574219,692600,0.0,0.0
2023-09-19 00:00:00-04:00,440.260009765625,441.6600036621094,435.54998779296875,435.9700012207031,414.708984375,597100,0.0,0.0
2023-09-20 00:00:00-04:00,437.42999267578125,443.8599853515625,435.6400146484375,440.17999267578125,418.7136535644531,432700,0.0,0.0
2023-09-21 00:00:00-04:00,439.70001220703125,441.07000732421875,436.760009765625,437.1099853515625,415.7933349609375,767900,0.0,0.0
2023-09-22 00:00:00-04:00,434.5199890136719,436.0299987792969,424.3999938964844,424.8999938964844,404.1788024902344,850400,0.0,0.0
2023-09-25 00:00:00-04:00,423.32000732421875,428.9700012207031,420.1199951171875,425.57000732421875,404.8161926269531,676600,0.0,0.0
2023-09-26 00:00:00-04:00,423.9800109863281,426.8999938964844,421.6199951171875,426.5799865722656,405.77685546875,617500,0.0,0.0
2023-09-27 00:00:00-04:00,427.30999755859375,438.0400085449219,427.0400085449219,437.239990234375,415.9170837402344,987000,0.0,0.0
2023-09-28 00:00:00-04:00,441.3900146484375,443.2300109863281,438.6199951171875,439.5,418.0668029785156,997400,0.0,0.0
2023-09-29 00:00:00-04:00,439.8999938964844,442.5299987792969,438.1499938964844,440.19000244140625,418.7231750488281,790100,0.0,0.0
2023-10-02 00:00:00-04:00,440.4100036621094,445.75,440.4100036621094,442.2200012207031,420.6542053222656,889300,0.0,0.0
2023-10-03 00:00:00-04:00,442.2099914550781,443.57000732421875,433.6600036621094,434.30999755859375,413.1298522949219,844500,0.0,0.0
2023-10-04 00:00:00-04:00,430.7900085449219,431.75,420.1199951171875,422.2900085449219,401.69610595703125,900200,0.0,0.0
2023-10-05 00:00:00-04:00,422.1600036621094,424.260009765625,419.8599853515625,420.07000732421875,399.5843811035156,792100,0.0,0.0
2023-10-06 00:00:00-04:00,419.0,425.32000732421875,414.55999755859375,423.239990234375,402.5997314453125,947700,0.0,0.0
2023-10-09 00:00:00-04:00,450.0,474.4800109863281,448.7300109863281,471.6099853515625,448.6108703613281,2864300,0.0,0.0
2023-10-10 00:00:00-04:00,473.8599853515625,474.9800109863281,462.6300048828125,465.1199951171875,442.4373779296875,1383600,0.0,0.0
2023-10-11 00:00:00-04:00,467.25,474.6400146484375,466.30999755859375,473.3699951171875,450.2850341796875,865800,0.0,0.0
2023-10-12 00:00:00-04:00,474.0,479.4200134277344,471.07000732421875,477.30999755859375,454.0329284667969,1084200,0.0,0.0
2023-10-13 00:00:00-04:00,482.3900146484375,490.989990234375,480.3500061035156,490.1499938964844,466.2467346191406,1464500,0.0,0.0
2023-10-16 00:00:00-04:00,492.17999267578125,495.0,482.5799865722656,489.07000732421875,465.21942138671875,959900,0.0,0.0
2023-10-17 00:00:00-04:00,487.80999755859375,496.8900146484375,483.8900146484375,489.0,465.15283203125,1175500,0.0,0.0
2023-10-18 00:00:00-04:00,493.0,495.989990234375,488.2900085449219,490.760009765625,466.8269958496094,740200,0.0,0.0
2023-10-19 00:00:00-04:00,488.5799865722656,493.42999267578125,487.6300048828125,489.94000244140625,466.0469665527344,672000,0.0,0.0
2023-10-20 00:00:00-04:00,492.1300048828125,494.7699890136719,485.6000061035156,485.70001220703125,462.0137634277344,920400,0.0,0.0
2023-10-23 00:00:00-04:00,486.2699890136719,487.8999938964844,480.44000244140625,480.6000061035156,457.1625061035156,802000,0.0,0.0
2023-10-24 00:00:00-04:00,484.2099914550781,487.1400146484375,477.9800109863281,478.44000244140625,455.1078186035156,771700,0.0,0.0
2023-10-25 00:00:00-04:00,482.4100036621094,486.29998779296875,480.0400085449219,483.260009765625,459.6927490234375,1062100,0.0,0.0
2023-10-26 00:00:00-04:00,486.5,492.0,474.010009765625,477.7799987792969,454.4800109863281,1545600,0.0,0.0
2023-10-27 00:00:00-04:00,474.989990234375,478.5199890136719,468.8999938964844,473.07000732421875,449.999755859375,805700,0.0,0.0
2023-10-30 00:00:00-04:00,473.6700134277344,475.0,467.3999938964844,468.67999267578125,445.82379150390625,1032600,0.0,0.0
2023-10-31 00:00:00-04:00,470.3299865722656,471.8999938964844,463.8399963378906,471.42999267578125,448.439697265625,1089700,0.0,0.0
2023-11-01 00:00:00-04:00,474.75,474.75,467.1400146484375,468.260009765625,445.42425537109375,841000,0.0,0.0
2023-11-02 00:00:00-04:00,465.32000732421875,476.1000061035156,463.69000244140625,475.7699890136719,452.5680236816406,1353400,0.0,0.0
2023-11-03 00:00:00-04:00,475.79998779296875,477.0,470.1300048828125,470.5799865722656,447.631103515625,785700,0.0,0.0
2023-11-06 00:00:00-05:00,472.6199951171875,474.3699951171875,469.70001220703125,471.0,448.0306701660156,636800,0.0,0.0
2023-11-07 00:00:00-05:00,473.29998779296875,473.29998779296875,464.7699890136719,467.70001220703125,444.8915710449219,1009700,0.0,0.0
2023-11-08 00:00:00-05:00,467.6700134277344,469.5799865722656,459.5199890136719,460.4800109863281,438.0237121582031,952700,0.0,0.0
2023-11-09 00:00:00-05:00,461.25,462.45001220703125,457.1600036621094,461.0899963378906,438.60394287109375,971300,0.0,0.0
2023-11-10 00:00:00-05:00,461.54998779296875,464.239990234375,458.3399963378906,463.2699890136719,440.6776428222656,758500,0.0,0.0
2023-11-13 00:00:00-05:00,464.0299987792969,466.2099914550781,462.0299987792969,464.3800048828125,441.7334899902344,1020300,0.0,0.0
2023-11-14 00:00:00-05:00,463.0,468.67999267578125,460.57000732421875,466.8299865722656,444.0639953613281,1064800,0.0,0.0
2023-11-15 00:00:00-05:00,466.0,467.8399963378906,462.75,464.989990234375,442.313720703125,649600,0.0,0.0
2023-11-16 00:00:00-05:00,466.1499938964844,467.0799865722656,462.8500061035156,463.8800048828125,441.2578430175781,429900,0.0,0.0
2023-11-17 00:00:00-05:00,464.3399963378906,466.2699890136719,463.2099914550781,464.1700134277344,441.53375244140625,519800,0.0,0.0
2023-11-20 00:00:00-05:00,464.5199890136719,467.9200134277344,462.8699951171875,465.82000732421875,443.103271484375,594200,0.0,0.0
2023-11-21 00:00:00-05:00,465.82000732421875,472.0199890136719,462.510009765625,471.07000732421875,448.0972900390625,449000,0.0,0.0
2023-11-22 00:00:00-05:00,468.7099914550781,472.94000244140625,467.760009765625,471.45001220703125,448.4587097167969,589900,0.0,0.0
2023-11-24 00:00:00-05:00,471.5,473.6099853515625,470.3399963378906,471.5199890136719,450.3114929199219,191200,1.87,0.0
2023-11-27 00:00:00-05:00,470.80999755859375,470.80999755859375,465.55999755859375,468.3900146484375,447.3222351074219,482200,0.0,0.0
2023-11-28 00:00:00-05:00,470.5299987792969,473.57000732421875,468.80999755859375,470.0799865722656,448.9361877441406,550500,0.0,0.0
2023-11-29 00:00:00-05:00,470.2799987792969,471.4100036621094,464.44000244140625,467.4100036621094,446.3863525390625,554500,0.0,0.0
2023-11-30 00:00:00-05:00,469.2200012207031,476.2699890136719,468.3900146484375,475.1600036621094,453.7877197265625,701300,0.0,0.0
2023-12-01 00:00:00-05:00,476.3900146484375,480.5799865722656,475.1099853515625,479.8399963378906,458.2572326660156,696100,0.0,0.0
2023-12-04 00:00:00-05:00,478.489990234375,480.55999755859375,474.9599914550781,480.3299865722656,458.7251892089844,1079100,0.0,0.0
2023-12-05 00:00:00-05:00,480.42999267578125,480.42999267578125,475.2799987792969,476.6099853515625,455.1724853515625,637000,0.0,0.0
2023-12-06 00:00:00-05:00,475.2099914550781,481.1400146484375,475.2099914550781,480.2900085449219,458.68695068359375,446300,0.0,0.0
2023-12-07 00:00:00-05:00,482.2200012207031,483.6600036621094,476.3399963378906,477.4800109863281,456.00335693359375,530500,0.0,0.0
2023-12-08 00:00:00-05:00,478.7200012207031,479.8399963378906,475.3599853515625,476.25,454.8287353515625,411300,0.0,0.0
2023-12-11 00:00:00-05:00,476.9700012207031,480.92999267578125,476.9100036621094,478.760009765625,457.2257995605469,429300,0.0,0.0
2023-12-12 00:00:00-05:00,479.54998779296875,481.69000244140625,477.4700012207031,479.25,457.69378662109375,379400,0.0,0.0
2023-12-13 00:00:00-05:00,480.42999267578125,486.3999938964844,478.9800109863281,485.010009765625,463.1947326660156,778300,0.0,0.0
2023-12-14 00:00:00-05:00,479.5899963378906,480.0,461.69000244140625,463.6600036621094,442.8050231933594,1205400,0.0,0.0
2023-12-15 00:00:00-05:00,460.6000061035156,462.4800109863281,455.0,461.04998779296875,440.3123779296875,1746600,0.0,0.0
2023-12-18 00:00:00-05:00,462.2699890136719,466.760009765625,460.510009765625,465.4200134277344,444.48583984375,757900,0.0,0.0
2023-12-19 00:00:00-05:00,465.0400085449219,467.3299865722656,462.5899963378906,464.1600036621094,443.282470703125,600000,0.0,0.0
2023-12-20 00:00:00-05:00,462.7099914550781,463.8500061035156,457.1400146484375,457.1600036621094,436.5973815917969,598400,0.0,0.0
2023-12-21 00:00:00-05:00,458.6000061035156,461.8900146484375,458.2900085449219,459.2200012207031,438.5646667480469,484000,0.0,0.0
2023-12-22 00:00:00-05:00,461.45001220703125,465.42999267578125,461.45001220703125,463.1300048828125,442.2987976074219,362300,0.0,0.0
2023-12-26 00:00:00-05:00,462.55999755859375,465.760009765625,462.3999938964844,464.5,443.6072082519531,420000,0.0,0.0
2023-12-27 00:00:00-05:00,462.8999938964844,465.8500061035156,462.6000061035156,464.2200012207031,443.33984375,378400,0.0,0.0
2023-12-28 00:00:00-05:00,463.3999938964844,467.4100036621094,463.20001220703125,465.67999267578125,444.734130859375,387700,0.0,0.0
2023-12-29 00:00:00-05:00,466.2099914550781,468.92999267578125,465.0199890136719,468.1400146484375,447.08349609375,403400,0.0,0.0
2024-01-02 00:00:00-05:00,469.19000244140625,476.3599853515625,467.2699890136719,470.0899963378906,448.9457702636719,742500,0.0,0.0
2024-01-03 00:00:00-05:00,474.44000244140625,483.8299865722656,470.8399963378906,474.8800048828125,453.5203552246094,773500,0.0,0.0
2024-01-04 00:00:00-05:00,481.30999755859375,483.7799987792969,471.6499938964844,471.7300109863281,450.51202392578125,791600,0.0,0.0
2024-01-05 00:00:00-05:00,472.7200012207031,472.7200012207031,467.20001220703125,469.8900146484375,448.75469970703125,511500,0.0,0.0
2024-01-08 00:00:00-05:00,466.0299987792969,475.3999938964844,465.2099914550781,475.260009765625,453.88323974609375,658900,0.0,0.0
2024-01-09 00:00:00-05:00,475.29998779296875,477.82000732421875,470.0,472.2300109863281,450.989501953125,617500,0.0,0.0
2024-01-10 00:00:00-05:00,472.0,477.0799865722656,471.1099853515625,471.95001220703125,450.7221374511719,499300,0.0,0.0
2024-01-11 00:00:00-05:00,472.6099853515625,473.04998779296875,465.3299865722656,467.3399963378906,446.3194885253906,544600,0.0,0.0
2024-01-12 00:00:00-05:00,468.7699890136719,481.4599914550781,468.7699890136719,481.0799865722656,459.44146728515625,701200,0.0,0.0
2024-01-16 00:00:00-05:00,481.5,482.1700134277344,476.0299987792969,477.8999938964844,456.4044494628906,734600,0.0,0.0
2024-01-17 00:00:00-05:00,477.3399963378906,482.8999938964844,473.5799865722656,473.8800048828125,452.5653076171875,612100,0.0,0.0
2024-01-18 00:00:00-05:00,475.1400146484375,476.2200012207031,468.5199890136719,474.6300048828125,453.28155517578125,875800,0.0,0.0
2024-01-19 00:00:00-05:00,475.3699951171875,475.3699951171875,469.3599853515625,470.4800109863281,449.31829833984375,1369200,0.0,0.0
2024-01-22 00:00:00-05:00,469.4200134277344,470.7699890136719,466.2900085449219,466.6199951171875,445.6318664550781,871200,0.0,0.0
2024-01-23 00:00:00-05:00,466.5400085449219,470.8900146484375,464.82000732421875,467.9200134277344,446.8733825683594,1083800,0.0,0.0
2024-01-24 00:00:00-05:00,466.6199951171875,472.989990234375,462.80999755859375,463.9200134277344,443.0533142089844,1194800,0.0,0.0
2024-01-25 00:00:00-05:00,446.6000061035156,449.0,426.0,434.54998779296875,415.0042724609375,2293200,0.0,0.0
2024-01-26 00:00:00-05:00,435.739990234375,439.2699890136719,431.5199890136719,437.9599914550781,418.2610168457031,1147600,0.0,0.0
2024-01-29 00:00:00-05:00,440.0,442.55999755859375,435.1499938964844,438.30999755859375,418.5952453613281,857100,0.0,0.0
2024-01-30 00:00:00-05:00,443.0,445.05999755859375,437.3299865722656,443.5,423.5517883300781,2324800,0.0,0.0
2024-01-31 00:00:00-05:00,445.3800048828125,449.70001220703125,444.5400085449219,446.760009765625,426.6651611328125,3213800,0.0,0.0
2024-02-01 00:00:00-05:00,446.7699890136719,447.7699890136719,442.70001220703125,446.2200012207031,426.1493835449219,2179400,0.0,0.0
2024-02-02 00:00:00-05:00,445.7799987792969,447.739990234375,441.5,446.5799865722656,426.49322509765625,1616400,0.0,0.0
2024-02-05 00:00:00-05:00,443.92999267578125,445.82000732421875,440.239990234375,442.2799987792969,422.3866882324219,1656000,0.0,0.0
2024-02-06 00:00:00-05:00,442.0,449.9200134277344,440.94000244140625,448.1700134277344,428.0116882324219,587900,0.0,0.0
2024-02-07 00:00:00-05:00,448.1700134277344,453.92999267578125,448.1700134277344,453.8999938964844,433.4839782714844,748100,0.0,0.0
2024-02-08 00:00:00-05:00,452.8599853515625,454.1499938964844,449.80999755859375,451.2200012207031,430.92449951171875,527800,0.0,0.0
2024-02-09 00:00:00-05:00,452.1099853515625,455.55999755859375,450.5199890136719,454.9200134277344,434.4581604003906,906700,0.0,0.0
2024-02-12 00:00:00-05:00,455.0,455.6400146484375,451.30999755859375,451.4700012207031,431.16326904296875,723400,0.0,0.0
2024-02-13 00:00:00-05:00,453.760009765625,455.5799865722656,443.1499938964844,446.1700134277344,426.1017150878906,1020200,0.0,0.0
2024-02-14 00:00:00-05:00,447.5,450.0,443.0,446.3699951171875,426.2926940917969,1002200,0.0,0.0
2024-02-15 00:00:00-05:00,447.25,451.6600036621094,446.45001220703125,450.0,429.7594299316406,974700,0.0,0.0
2024-02-16 00:00:00-05:00,450.3699951171875,452.8699951171875,448.010009765625,450.9599914550781,430.67620849609375,1016300,0.0,0.0
2024-02-20 00:00:00-05:00,453.2200012207031,460.5400085449219,452.8500061035156,453.9100036621094,433.4935607910156,1367700,0.0,0.0
2024-02-21 00:00:00-05:00,454.67999267578125,461.0899963378906,453.760009765625,460.0,439.30963134765625,1284300,0.0,0.0
2024-02-22 00:00:00-05:00,458.67999267578125,459.44000244140625,451.510009765625,457.04998779296875,436.4923400878906,1801300,0.0,0.0
2024-02-23 00:00:00-05:00,455.82000732421875,461.55999755859375,455.5400085449219,461.1000061035156,442.16925048828125,574600,1.87,0.0
2024-02-26 00:00:00-05:00,462.2699890136719,465.75,458.8800048828125,459.3399963378906,440.4815368652344,618600,0.0,0.0
2024-02-27 00:00:00-05:00,457.5799865722656,459.2699890136719,454.0,458.3599853515625,439.5416564941406,421100,0.0,0.0
2024-02-28 00:00:00-05:00,459.6099853515625,462.0799865722656,457.2099914550781,458.95001220703125,440.1075439453125,535600,0.0,0.0
2024-02-29 00:00:00-05:00,458.3800048828125,461.5,455.4100036621094,461.0199890136719,442.092529296875,927200,0.0,0.0
2024-03-01 00:00:00-05:00,461.0,461.0,453.82000732421875,454.8999938964844,436.2237854003906,1272600,0.0,0.0
2024-03-04 00:00:00-05:00,456.0,461.2300109863281,455.45001220703125,460.0799865722656,441.1911315917969,692700,0.0,0.0
2024-03-05 00:00:00-05:00,463.2300109863281,464.5799865722656,457.9599914550781,458.260009765625,439.44586181640625,1450500,0.0,0.0
2024-03-06 00:00:00-05:00,458.1600036621094,463.8399963378906,457.8800048828125,461.07000732421875,442.14044189453125,546100,0.0,0.0
2024-03-07 00:00:00-05:00,459.2099914550781,459.5899963378906,454.260009765625,456.3999938964844,437.66217041015625,796300,0.0,0.0
2024-03-08 00:00:00-05:00,455.010009765625,459.8900146484375,453.1400146484375,459.5,440.63494873046875,475600,0.0,0.0
2024-03-11 00:00:00-04:00,459.4800109863281,462.239990234375,458.3500061035156,459.25,440.3952331542969,552500,0.0,0.0
2024-03-12 00:00:00-04:00,456.54998779296875,460.8999938964844,454.5299987792969,458.8399963378906,440.0020446777344,1213600,0.0,0.0
2024-03-13 00:00:00-04:00,458.55999755859375,462.20001220703125,458.0299987792969,458.2300109863281,439.4170837402344,698500,0.0,0.0
2024-03-14 00:00:00-04:00,458.0,461.3900146484375,457.2300109863281,460.8599853515625,441.9391174316406,669900,0.0,0.0
2024-03-15 00:00:00-04:00,457.8800048828125,464.3900146484375,457.8800048828125,461.75,442.7925720214844,1000000,0.0,0.0
2024-03-18 00:00:00-04:00,461.0,463.5199890136719,459.04998779296875,462.3900146484375,443.4063720703125,540800,0.0,0.0
2024-03-19 00:00:00-04:00,465.0,467.5,462.6300048828125,467.4800109863281,448.2873229980469,726800,0.0,0.0
2024-03-20 00:00:00-04:00,468.6300048828125,471.4100036621094,466.6199951171875,470.75,451.4230651855469,617300,0.0,0.0
2024-03-21 00:00:00-04:00,471.94000244140625,473.55999755859375,467.29998779296875,467.489990234375,448.296875,798000,0.0,0.0
2024-03-22 00:00:00-04:00,468.9700012207031,471.2900085449219,467.6000061035156,468.75,449.50518798828125,615400,0.0,0.0
2024-03-25 00:00:00-04:00,471.32000732421875,472.0,467.9100036621094,469.32000732421875,450.0517272949219,446900,0.0,0.0
2024-03-26 00:00:00-04:00,469.5,473.05999755859375,468.6000061035156,469.9100036621094,450.61749267578125,503900,0.0,0.0
2024-03-27 00:00:00-04:00,472.8299865722656,477.8900146484375,471.9599914550781,477.3599853515625,457.76165771484375,823100,0.0,0.0
2024-03-28 00:00:00-04:00,479.0,480.75,478.0,478.6600036621094,459.00830078125,632500,0.0,0.0
2024-04-01 00:00:00-04:00,478.3900146484375,478.82000732421875,470.9200134277344,471.3500061035156,451.9984130859375,794700,0.0,0.0
2024-04-02 00:00:00-04:00,472.0899963378906,473.989990234375,465.010009765625,466.3599853515625,447.2132873535156,801700,0.0,0.0
2024-04-03 00:00:00-04:00,465.3299865722656,467.6000061035156,456.80999755859375,457.010009765625,438.2471923828125,1271600,0.0,0.0
2024-04-04 00:00:00-04:00,458.0,464.6499938964844,455.6000061035156,459.4800109863281,440.61578369140625,2219400,0.0,0.0
2024-04-05 00:00:00-04:00,457.510009765625,459.0199890136719,452.5,454.5,435.8402404785156,1533800,0.0,0.0
2024-04-08 00:00:00-04:00,456.1199951171875,457.9599914550781,454.80999755859375,456.3599853515625,437.6238708496094,1509600,0.0,0.0
2024-04-09 00:00:00-04:00,452.8299865722656,455.1000061035156,450.42999267578125,454.6600036621094,435.9936828613281,855400,0.0,0.0
2024-04-10 00:00:00-04:00,452.6000061035156,458.760009765625,449.7699890136719,457.9100036621094,439.1102294921875,983100,0.0,0.0
2024-04-11 00:00:00-04:00,456.5899963378906,459.92999267578125,454.7799987792969,457.8299865722656,439.0334777832031,692800,0.0,0.0
2024-04-12 00:00:00-04:00,462.0299987792969,468.2099914550781,455.82000732421875,456.1099853515625,437.3840637207031,1046000,0.0,0.0
2024-04-15 00:00:00-04:00,461.9599914550781,464.6099853515625,446.2200012207031,451.2900085449219,432.76202392578125,2007800,0.0,0.0
2024-04-16 00:00:00-04:00,453.0799865722656,456.1499938964844,450.04998779296875,450.3500061035156,431.8606262207031,953200,0.0,0.0
2024-04-17 00:00:00-04:00,452.9200134277344,453.8500061035156,448.44000244140625,452.04998779296875,433.4908447265625,818200,0.0,0.0
2024-04-18 00:00:00-04:00,449.8800048828125,456.70001220703125,449.8800048828125,452.5,433.9222717285156,846300,0.0,0.0
2024-04-19 00:00:00-04:00,455.5899963378906,463.5,453.07000732421875,462.5799865722656,443.5885009765625,1213900,0.0,0.0
2024-04-22 00:00:00-04:00,464.92999267578125,472.45001220703125,462.07000732421875,470.9800109863281,451.6436767578125,1006300,0.0,0.0
2024-04-23 00:00:00-04:00,473.5799865722656,476.7699890136719,470.4100036621094,474.67999267578125,455.1916809082031,1365400,0.0,0.0
2024-04-24 00:00:00-04:00,475.0899963378906,477.1199951171875,470.7799987792969,474.57000732421875,455.0863037109375,1124100,0.0,0.0
2024-04-25 00:00:00-04:00,468.7699890136719,490.6000061035156,465.0,488.05999755859375,468.0223388671875,1365400,0.0,0.0
2024-04-26 00:00:00-04:00,487.55999755859375,488.3500061035156,477.7099914550781,480.45001220703125,460.7248229980469,1371900,0.0,0.0
2024-04-29 00:00:00-04:00,481.5,486.2799987792969,480.75,486.2200012207031,466.2579040527344,714400,0.0,0.0
2024-04-30 00:00:00-04:00,486.45001220703125,488.05999755859375,483.5299987792969,485.0299987792969,465.1167907714844,909000,0.0,0.0
2024-05-01 00:00:00-04:00,485.1199951171875,490.2699890136719,483.4100036621094,486.3699951171875,466.40179443359375,1157300,0.0,0.0
2024-05-02 00:00:00-04:00,484.9100036621094,488.4800109863281,474.3299865722656,475.0,455.4985656738281,1373000,0.0,0.0
2024-05-03 00:00:00-04:00,475.6499938964844,477.5199890136719,465.2300109863281,469.0899963378906,449.8312072753906,1443400,0.0,0.0
2024-05-06 00:00:00-04:00,470.3399963378906,471.260009765625,467.30999755859375,468.8599853515625,449.61065673828125,862300,0.0,0.0
2024-05-07 00:00:00-04:00,470.69000244140625,474.8500061035156,468.9599914550781,473.75,454.29986572265625,734300,0.0,0.0
2024-05-08 00:00:00-04:00,474.6099853515625,475.760009765625,471.3599853515625,471.6099853515625,452.24774169921875,866600,0.0,0.0
2024-05-09 00:00:00-04:00,471.5400085449219,474.5199890136719,471.5400085449219,473.42999267578125,453.9930419921875,868900,0.0,0.0
2024-05-10 00:00:00-04:00,474.260009765625,476.29998779296875,472.4200134277344,474.79998779296875,455.3067932128906,579000,0.0,0.0
2024-05-13 00:00:00-04:00,475.20001220703125,480.7300109863281,475.20001220703125,476.6499938964844,457.080810546875,507000,0.0,0.0
2024-05-14 00:00:00-04:00,477.75,479.2099914550781,473.8500061035156,474.07000732421875,454.6068115234375,505700,0.0,0.0
2024-05-15 00:00:00-04:00,471.8500061035156,473.2300109863281,466.3299865722656,469.6499938964844,450.3681640625,682300,0.0,0.0
2024-05-16 00:00:00-04:00,470.32000732421875,472.4200134277344,467.6300048828125,470.69000244140625,451.3655090332031,842400,0.0,0.0
2024-05-17 00:00:00-04:00,471.8699951171875,471.8699951171875,468.2099914550781,470.2200012207031,450.914794921875,966700,0.0,0.0
2024-05-20 00:00:00-04:00,471.8999938964844,472.0899963378906,468.0899963378906,468.94000244140625,449.6873779296875,689400,0.0,0.0
2024-05-21 00:00:00-04:00,470.7200012207031,473.9599914550781,468.57000732421875,471.8999938964844,452.5258483886719,579600,0.0,0.0
2024-05-22 00:00:00-04:00,470.9700012207031,475.3399963378906,470.3500061035156,474.69000244140625,455.20135498046875,556400,0.0,0.0
2024-05-23 00:00:00-04:00,472.0799865722656,475.04998779296875,466.239990234375,467.2099914550781,448.0284118652344,947100,0.0,0.0
2024-05-24 00:00:00-04:00,465.45001220703125,467.5199890136719,464.8599853515625,466.42999267578125,449.26123046875,420800,2.06,0.0
2024-05-28 00:00:00-04:00,465.1300048828125,465.1300048828125,455.05999755859375,455.5,438.73358154296875,848400,0.0,0.0
2024-05-29 00:00:00-04:00,453.6000061035156,453.760009765625,446.19000244140625,446.3900146484375,429.95892333984375,1340700,0.0,0.0
2024-05-30 00:00:00-04:00,448.4800109863281,450.1600036621094,444.8299865722656,446.5199890136719,430.0841369628906,1257000,0.0,0.0
2024-05-31 00:00:00-04:00,446.29998779296875,451.92999267578125,445.32000732421875,450.7699890136719,434.17767333984375,2867200,0.0,0.0
2024-06-03 00:00:00-04:00,449.20001220703125,453.3999938964844,448.8399963378906,449.3299865722656,432.79071044921875,1085600,0.0,0.0
2024-06-04 00:00:00-04:00,449.2900085449219,450.25,447.3500061035156,448.3900146484375,431.8853454589844,530700,0.0,0.0
2024-06-05 00:00:00-04:00,447.6600036621094,448.17999267578125,441.29998779296875,442.3699951171875,426.08685302734375,993800,0.0,0.0
2024-06-06 00:00:00-04:00,442.3999938964844,446.3699951171875,441.5,444.7799987792969,428.4081726074219,673500,0.0,0.0
2024-06-07 00:00:00-04:00,443.8500061035156,445.8500061035156,439.82000732421875,440.0400085449219,423.8426818847656,716600,0.0,0.0
2024-06-10 00:00:00-04:00,440.0,441.8699951171875,435.07000732421875,435.7699890136719,419.7298583984375,1013900,0.0,0.0
2024-06-11 00:00:00-04:00,434.25,436.0,428.9700012207031,429.82000732421875,413.99884033203125,1385000,0.0,0.0
2024-06-12 00:00:00-04:00,430.2300109863281,432.30999755859375,424.3999938964844,427.1499938964844,411.4270935058594,1326200,0.0,0.0
2024-06-13 00:00:00-04:00,426.5799865722656,426.80999755859375,420.25,423.4200134277344,407.8344421386719,1393800,0.0,0.0
2024-06-14 00:00:00-04:00,422.0899963378906,424.1099853515625,418.6000061035156,424.0899963378906,408.4797668457031,1085600,0.0,0.0
2024-06-17 00:00:00-04:00,423.0400085449219,431.0400085449219,422.19000244140625,429.7799987792969,413.9602966308594,1033400,0.0,0.0
2024-06-18 00:00:00-04:00,430.2900085449219,432.8900146484375,424.95001220703125,425.8299865722656,410.15570068359375,963100,0.0,0.0
2024-06-20 00:00:00-04:00,425.55999755859375,436.79998779296875,425.55999755859375,434.4800109863281,418.4873352050781,863800,0.0,0.0
2024-06-21 00:00:00-04:00,431.739990234375,433.5299987792969,427.0199890136719,432.0899963378906,416.185302734375,1888800,0.0,0.0
2024-06-24 00:00:00-04:00,433.8999938964844,437.70001220703125,428.8399963378906,430.6700134277344,414.8175964355469,1077500,0.0,0.0
2024-06-25 00:00:00-04:00,430.9100036621094,431.55999755859375,428.42999267578125,428.4800109863281,412.7081604003906,724000,0.0,0.0
2024-06-26 00:00:00-04:00,430.3299865722656,433.2300109863281,427.1099853515625,431.489990234375,415.6073303222656,779500,0.0,0.0
2024-06-27 00:00:00-04:00,432.5400085449219,437.6000061035156,431.989990234375,434.9100036621094,418.9014892578125,981600,0.0,0.0
2024-06-28 00:00:00-04:00,436.30999755859375,438.1000061035156,433.95001220703125,435.95001220703125,419.9032287597656,1103100,0.0,0.0
2024-07-01 00:00:00-04:00,437.6000061035156,440.5,433.2300109863281,435.0,418.9881286621094,719100,0.0,0.0
2024-07-02 00:00:00-04:00,434.7200012207031,437.4800109863281,433.6600036621094,437.3699951171875,421.27093505859375,504000,0.0,0.0
2024-07-03 00:00:00-04:00,436.9800109863281,438.510009765625,434.8500061035156,437.0899963378906,421.0012512207031,304000,0.0,0.0
2024-07-05 00:00:00-04:00,437.0899963378906,437.0899963378906,432.489990234375,434.7300109863281,418.72808837890625,436700,0.0,0.0
2024-07-08 00:00:00-04:00,435.1499938964844,436.1300048828125,429.4100036621094,430.25,414.4130554199219,727900,0.0,0.0
2024-07-09 00:00:00-04:00,430.0,430.3900146484375,423.67999267578125,423.7300109863281,408.1330261230469,910300,0.0,0.0
2024-07-10 00:00:00-04:00,422.69000244140625,426.5899963378906,422.69000244140625,426.239990234375,410.55059814453125,717700,0.0,0.0
2024-07-11 00:00:00-04:00,425.05999755859375,433.20001220703125,424.6600036621094,432.0199890136719,416.11785888671875,761200,0.0,0.0
2024-07-12 00:00:00-04:00,435.0,437.69000244140625,431.6300048828125,432.239990234375,416.3297424316406,692100,0.0,0.0
2024-07-15 00:00:00-04:00,434.010009765625,436.45001220703125,431.07000732421875,431.9200134277344,416.02154541015625,624400,0.0,0.0
2024-07-16 00:00:00-04:00,431.2099914550781,436.04998779296875,431.20001220703125,435.1600036621094,419.1422424316406,641300,0.0,0.0
2024-07-17 00:00:00-04:00,434.7099914550781,441.8299865722656,433.94000244140625,440.1700134277344,423.9678955078125,1140100,0.0,0.0
2024-07-18 00:00:00-04:00,437.44000244140625,445.8599853515625,437.44000244140625,439.6099853515625,423.4284973144531,891200,0.0,0.0
2024-07-19 00:00:00-04:00,442.54998779296875,442.54998779296875,434.79998779296875,437.94000244140625,421.8199157714844,720000,0.0,0.0
2024-07-22 00:00:00-04:00,437.6000061035156,438.8699951171875,435.1099853515625,438.1000061035156,421.9740905761719,790700,0.0,0.0
2024-07-23 00:00:00-04:00,439.44000244140625,443.6400146484375,437.0,442.29998779296875,426.01947021484375,681200,0.0,0.0
2024-07-24 00:00:00-04:00,444.44000244140625,445.95001220703125,437.0199890136719,442.1199951171875,425.8460998535156,1301000,0.0,0.0
2024-07-25 00:00:00-04:00,460.92999267578125,472.8299865722656,458.92999267578125,470.57000732421875,453.2488708496094,2050800,0.0,0.0
2024-07-26 00:00:00-04:00,477.55999755859375,484.45001220703125,472.1099853515625,480.29998779296875,462.6207275390625,1164600,0.0,0.0
2024-07-29 00:00:00-04:00,481.04998779296875,482.5400085449219,475.239990234375,477.2900085449219,459.7215270996094,877300,0.0,0.0
2024-07-30 00:00:00-04:00,476.5799865722656,489.05999755859375,475.0199890136719,486.7300109863281,468.81402587890625,745000,0.0,0.0
2024-07-31 00:00:00-04:00,486.5400085449219,489.3800048828125,482.8500061035156,484.32000732421875,466.4928283691406,1454400,0.0,0.0
2024-08-01 00:00:00-04:00,485.79998779296875,494.6499938964844,483.4100036621094,493.3599853515625,475.1999816894531,997800,0.0,0.0
2024-08-02 00:00:00-04:00,495.9800109863281,505.0,485.70001220703125,494.54998779296875,476.34625244140625,1045600,0.0,0.0
2024-08-05 00:00:00-04:00,497.4800109863281,506.8299865722656,486.2900085449219,492.6300048828125,474.49688720703125,967500,0.0,0.0
2024-08-06 00:00:00-04:00,493.2300109863281,495.5,485.9599914550781,486.5299987792969,468.6214294433594,741500,0.0,0.0
2024-08-07 00:00:00-04:00,483.3599853515625,495.04998779296875,480.67999267578125,489.75,471.7228698730469,739800,0.0,0.0
2024-08-08 00:00:00-04:00,487.6700134277344,495.32000732421875,484.8599853515625,491.32000732421875,473.2350769042969,544400,0.0,0.0
2024-08-09 00:00:00-04:00,492.4700012207031,495.8599853515625,487.0,494.3399963378906,476.1439514160156,519100,0.0,0.0
2024-08-12 00:00:00-04:00,495.489990234375,502.69000244140625,492.0,501.6600036621094,483.1945495605469,922800,0.0,0.0
2024-08-13 00:00:00-04:00,501.489990234375,502.510009765625,496.45001220703125,502.3800048828125,483.88800048828125,781000,0.0,0.0
2024-08-14 00:00:00-04:00,501.4700012207031,507.5299987792969,500.8299865722656,505.0,486.4115295410156,720100,0.0,0.0
2024-08-15 00:00:00-04:00,504.6300048828125,505.239990234375,501.32000732421875,503.70001220703125,485.159423828125,611800,0.0,0.0
2024-08-16 00:00:00-04:00,504.4200134277344,507.7300109863281,502.1199951171875,506.6600036621094,488.010498046875,580300,0.0,0.0
2024-08-19 00:00:00-04:00,506.75,508.4700012207031,503.5199890136719,504.8699951171875,486.286376953125,344300,0.0,0.0
2024-08-20 00:00:00-04:00,504.5,508.05999755859375,500.5199890136719,508.0400085449219,489.3397216796875,452900,0.0,0.0
2024-08-21 00:00:00-04:00,508.9100036621094,509.4200134277344,504.8699951171875,506.8599853515625,488.20306396484375,527300,0.0,0.0
2024-08-22 00:00:00-04:00,506.2099914550781,511.8699951171875,506.2099914550781,509.6300048828125,490.8711242675781,500800,0.0,0.0
2024-08-23 00:00:00-04:00,510.0,510.3999938964844,505.239990234375,509.3399963378906,490.5918273925781,554900,0.0,0.0
2024-08-26 00:00:00-04:00,510.3599853515625,512.3400268554688,508.80999755859375,512.0,493.1539001464844,515000,0.0,0.0
2024-08-27 00:00:00-04:00,512.0499877929688,513.9099731445312,508.0,512.4400024414062,493.5777282714844,434000,0.0,0.0
2024-08-28 00:00:00-04:00,515.5599975585938,517.47998046875,510.1400146484375,513.5599975585938,494.6564636230469,638700,0.0,0.0
2024-08-29 00:00:00-04:00,514.0,521.52001953125,512.2000122070312,519.3499755859375,500.2333679199219,509500,0.0,0.0
2024-08-30 00:00:00-04:00,516.5,523.6199951171875,516.1699829101562,523.2100219726562,503.9513244628906,712700,0.0,0.0
2024-09-03 00:00:00-04:00,522.6500244140625,526.6599731445312,520.510009765625,522.6900024414062,505.4405212402344,810700,2.06,0.0
2024-09-04 00:00:00-04:00,524.010009765625,528.760009765625,520.2000122070312,523.6799926757812,506.3977966308594,580100,0.0,0.0
2024-09-05 00:00:00-04:00,524.739990234375,525.7999877929688,516.3300170898438,519.3900146484375,502.2494201660156,384300,0.0,0.0
2024-09-06 00:00:00-04:00,519.3900146484375,522.8900146484375,514.72998046875,515.0,498.0042419433594,535700,0.0,0.0
2024-09-09 00:00:00-04:00,517.0,525.0999755859375,517.0,524.2100219726562,506.9102478027344,642000,0.0,0.0
2024-09-10 00:00:00-04:00,525.52001953125,527.010009765625,519.3200073242188,519.969970703125,502.81011962890625,561500,0.0,0.0
2024-09-11 00:00:00-04:00,517.469970703125,518.4500122070312,508.1300048828125,515.9299926757812,498.9035339355469,650200,0.0,0.0
2024-09-12 00:00:00-04:00,512.5900268554688,519.0499877929688,512.5900268554688,518.5399780273438,501.4273986816406,447500,0.0,0.0
2024-09-13 00:00:00-04:00,517.3400268554688,521.530029296875,516.0900268554688,519.780029296875,502.6264953613281,292800,0.0,0.0
2024-09-16 00:00:00-04:00,524.1599731445312,527.5,519.5399780273438,521.27001953125,504.06732177734375,338500,0.0,0.0
2024-09-17 00:00:00-04:00,515.0,521.9099731445312,513.219970703125,520.75,503.56451416015625,423000,0.0,0.0
2024-09-18 00:00:00-04:00,520.75,526.719970703125,516.9400024414062,521.6300048828125,504.4154357910156,532600,0.0,0.0
2024-09-19 00:00:00-04:00,522.72998046875,523.1699829101562,517.4400024414062,522.260009765625,505.0245666503906,468400,0.0,0.0
2024-09-20 00:00:00-04:00,521.0900268554688,526.8200073242188,518.22998046875,525.1300048828125,507.79998779296875,1330400,0.0,0.0
2024-09-23 00:00:00-04:00,525.239990234375,534.6099853515625,523.5499877929688,533.1400146484375,515.5455322265625,524000,0.0,0.0
2024-09-24 00:00:00-04:00,531.030029296875,533.77001953125,526.52001953125,529.8599853515625,512.3739013671875,528100,0.0,0.0
2024-09-25 00:00:00-04:00,532.1799926757812,533.0,525.0900268554688,528.1099853515625,510.6816101074219,437300,0.0,0.0
2024-09-26 00:00:00-04:00,524.3300170898438,530.5999755859375,523.2100219726562,524.3099975585938,507.0069885253906,426100,0.0,0.0
2024-09-27 00:00:00-04:00,523.489990234375,528.9299926757812,521.969970703125,526.7899780273438,509.40521240234375,528800,0.0,0.0
2024-09-30 00:00:00-04:00,526.719970703125,528.9400024414062,521.9000244140625,528.0700073242188,510.6429138183594,957200,0.0,0.0
2024-10-01 00:00:00-04:00,528.1799926757812,555.5700073242188,525.780029296875,543.8800048828125,525.9310913085938,1200800,0.0,0.0
2024-10-02 00:00:00-04:00,544.489990234375,547.22998046875,538.2899780273438,538.8699951171875,521.0864868164062,690900,0.0,0.0
2024-10-03 00:00:00-04:00,539.8499755859375,543.5999755859375,535.0,537.5800170898438,519.839111328125,443700,0.0,0.0
2024-10-04 00:00:00-04:00,535.8200073242188,538.5599975585938,534.0599975585938,536.739990234375,519.0267944335938,393900,0.0,0.0
2024-10-07 00:00:00-04:00,536.260009765625,539.2999877929688,531.4600219726562,533.969970703125,516.34814453125,436200,0.0,0.0
2024-10-08 00:00:00-04:00,536.010009765625,536.6199951171875,531.6400146484375,532.6500244140625,515.0718383789062,422500,0.0,0.0
2024-10-09 00:00:00-04:00,531.5499877929688,534.530029296875,528.77001953125,532.22998046875,514.6656494140625,428500,0.0,0.0
2024-10-10 00:00:00-04:00,532.2100219726562,532.2100219726562,525.8800048828125,527.0900268554688,509.6952819824219,372800,0.0,0.0
2024-10-11 00:00:00-04:00,529.010009765625,531.0,526.530029296875,528.7000122070312,511.25213623046875,325100,0.0,0.0
2024-10-14 00:00:00-04:00,530.6500244140625,535.0,527.8300170898438,534.0700073242188,516.4449462890625,334000,0.0,0.0
2024-10-15 00:00:00-04:00,535.27001953125,536.1199951171875,525.8800048828125,526.9299926757812,509.5405578613281,710700,0.0,0.0
2024-10-16 00:00:00-04:00,525.0800170898438,531.6699829101562,525.0,531.4299926757812,513.8920288085938,541200,0.0,0.0
2024-10-17 00:00:00-04:00,525.1699829101562,529.4299926757812,522.1199951171875,527.969970703125,510.54620361328125,909200,0.0,0.0
2024-10-18 00:00:00-04:00,528.2100219726562,530.9299926757812,525.5999755859375,530.7899780273438,513.2730712890625,1245900,0.0,0.0
2024-10-21 00:00:00-04:00,533.72998046875,536.8900146484375,525.8300170898438,529.6500244140625,512.1708374023438,579700,0.0,0.0
2024-10-22 00:00:00-04:00,529.7999877929688,529.7999877929688,517.8200073242188,520.2000122070312,503.0325927734375,677400,0.0,0.0
2024-10-23 00:00:00-04:00,522.1099853515625,522.9000244140625,515.4400024414062,516.4000244140625,499.3580322265625,919500,0.0,0.0
2024-10-24 00:00:00-04:00,515.9099731445312,531.0,515.739990234375,523.6799926757812,506.3977966308594,1310300,0.0,0.0
2024-10-25 00:00:00-04:00,525.8300170898438,527.75,518.5700073242188,519.3499755859375,502.210693359375,516100,0.0,0.0
2024-10-28 00:00:00-04:00,519.27001953125,519.27001953125,511.45001220703125,512.1500244140625,495.2483215332031,680700,0.0,0.0
2024-10-29 00:00:00-04:00,512.5,512.6599731445312,504.010009765625,504.04998779296875,487.41558837890625,582000,0.0,0.0
2024-10-30 00:00:00-04:00,504.04998779296875,509.3699951171875,501.8500061035156,505.3399963378906,488.6630554199219,799200,0.0,0.0
2024-10-31 00:00:00-04:00,505.6099853515625,511.70001220703125,504.05999755859375,509.0199890136719,492.2215881347656,908100,0.0,0.0
2024-11-01 00:00:00-04:00,513.9000244140625,513.9000244140625,506.3299865722656,506.95001220703125,490.2198791503906,497900,0.0,0.0
2024-11-04 00:00:00-05:00,507.7900085449219,510.989990234375,502.1400146484375,507.44000244140625,490.6937255859375,455400,0.0,0.0
2024-11-05 00:00:00-05:00,508.94000244140625,513.1900024414062,505.4800109863281,512.9000244140625,495.97357177734375,695400,0.0,0.0
2024-11-06 00:00:00-05:00,529.3499755859375,529.3499755859375,515.4400024414062,523.1400146484375,505.8756408691406,965700,0.0,0.0
2024-11-07 00:00:00-05:00,525.9199829101562,525.9199829101562,517.4500122070312,520.5800170898438,503.40008544921875,671600,0.0,0.0
2024-11-08 00:00:00-05:00,523.3699951171875,531.27001953125,522.22998046875,528.989990234375,511.53253173828125,495800,0.0,0.0
2024-11-11 00:00:00-05:00,532.9299926757812,539.760009765625,532.510009765625,533.7000122070312,516.0870971679688,538400,0.0,0.0
2024-11-12 00:00:00-05:00,536.1500244140625,536.1500244140625,529.9099731445312,531.3900146484375,513.8534545898438,649900,0.0,0.0
2024-11-13 00:00:00-05:00,528.75,529.9000244140625,518.8400268554688,520.4199829101562,503.245361328125,773400,0.0,0.0
2024-11-14 00:00:00-05:00,521.0,521.0,492.1300048828125,500.3399963378906,483.82806396484375,1187600,0.0,0.0
2024-11-15 00:00:00-05:00,497.55999755859375,504.239990234375,490.8699951171875,493.989990234375,477.68756103515625,1428600,0.0,0.0
2024-11-18 00:00:00-05:00,494.8500061035156,498.32000732421875,487.6400146484375,488.67999267578125,472.5528564453125,875900,0.0,0.0
2024-11-19 00:00:00-05:00,494.1199951171875,497.94000244140625,489.6499938964844,491.0199890136719,474.81561279296875,795200,0.0,0.0
2024-11-20 00:00:00-05:00,490.32000732421875,492.95001220703125,487.44000244140625,491.9800109863281,475.7439270019531,533500,0.0,0.0
2024-11-21 00:00:00-05:00,493.8999938964844,496.8999938964844,489.1700134277344,496.4100036621094,480.02777099609375,609800,0.0,0.0
2024-11-22 00:00:00-05:00,497.9800109863281,500.0,494.30999755859375,496.8699951171875,480.4725036621094,507500,0.0,0.0
2024-11-25 00:00:00-05:00,493.5,493.989990234375,478.4200134277344,485.2699890136719,469.2553405761719,1805800,0.0,0.0
2024-11-26 00:00:00-05:00,486.55999755859375,491.739990234375,482.57000732421875,488.42999267578125,472.31109619140625,849300,0.0,0.0
2024-11-27 00:00:00-05:00,488.2699890136719,492.4200134277344,488.0,489.0799865722656,472.9396667480469,583400,0.0,0.0
2024-11-29 00:00:00-05:00,489.8999938964844,490.6199951171875,486.6000061035156,489.6499938964844,473.4908447265625,336700,0.0,0.0
2024-12-02 00:00:00-05:00,487.0,489.17999267578125,481.9100036621094,484.75,470.73297119140625,479600,2.06,0.0
2024-12-03 00:00:00-05:00,485.67999267578125,486.29998779296875,483.1300048828125,485.2099914550781,471.17962646484375,683800,0.0,0.0
2024-12-04 00:00:00-05:00,482.739990234375,487.8399963378906,481.05999755859375,486.6199951171875,472.5488586425781,804600,0.0,0.0
2024-12-05 00:00:00-05:00,485.79998779296875,486.5899963378906,478.1400146484375,479.57000732421875,465.7027282714844,932500,0.0,0.0
2024-12-06 00:00:00-05:00,479.6099853515625,480.04998779296875,470.54998779296875,473.6499938964844,459.95391845703125,915700,0.0,0.0
2024-12-09 00:00:00-05:00,471.45001220703125,482.010009765625,470.6000061035156,479.1700134277344,465.31427001953125,930200,0.0,0.0
2024-12-10 00:00:00-05:00,477.7099914550781,480.67999267578125,473.2900085449219,480.17999267578125,466.29510498046875,789600,0.0,0.0
2024-12-11 00:00:00-05:00,480.29998779296875,480.8599853515625,474.0,475.6199951171875,461.8669128417969,1058100,0.0,0.0
2024-12-12 00:00:00-05:00,477.0,486.2200012207031,473.7699890136719,481.510009765625,467.586669921875,1317400,0.0,0.0
2024-12-13 00:00:00-05:00,479.989990234375,484.0199890136719,477.6700134277344,480.0,466.12030029296875,699600,0.0,0.0
2024-12-16 00:00:00-05:00,478.8399963378906,484.6499938964844,477.489990234375,482.6000061035156,468.6451110839844,859200,0.0,0.0
2024-12-17 00:00:00-05:00,480.95001220703125,486.8900146484375,478.3900146484375,480.2900085449219,466.4018859863281,747300,0.0,0.0
2024-12-18 00:00:00-05:00,480.8800048828125,483.5,467.1199951171875,467.6600036621094,454.13714599609375,839200,0.0,0.0
2024-12-19 00:00:00-05:00,466.2799987792969,470.9700012207031,462.80999755859375,467.1300048828125,453.6224365234375,730200,0.0,0.0
2024-12-20 00:00:00-05:00,467.489990234375,474.3999938964844,464.3500061035156,469.5400085449219,455.9627685546875,1283900,0.0,0.0
2024-12-23 00:00:00-05:00,469.3699951171875,470.260009765625,464.1199951171875,467.20001220703125,453.6903991699219,581900,0.0,0.0
2024-12-24 00:00:00-05:00,466.69000244140625,471.7900085449219,465.8999938964844,471.0899963378906,457.4679260253906,235100,0.0,0.0
2024-12-26 00:00:00-05:00,471.0899963378906,474.0199890136719,469.6700134277344,472.2300109863281,458.574951171875,294600,0.0,0.0
2024-12-27 00:00:00-05:00,469.6199951171875,474.6499938964844,469.0299987792969,471.3500061035156,457.72039794921875,376000,0.0,0.0
2024-12-30 00:00:00-05:00,467.82000732421875,469.05999755859375,465.17999267578125,466.5199890136719,453.0300598144531,440200,0.0,0.0
2024-12-31 00:00:00-05:00,466.5199890136719,470.5199890136719,465.30999755859375,469.2900085449219,455.7200012207031,439900,0.0,0.0
2025-01-02 00:00:00-05:00,471.989990234375,476.0899963378906,466.2799987792969,468.010009765625,454.47705078125,598300,0.0,0.0
2025-01-03 00:00:00-05:00,467.55999755859375,469.6099853515625,466.4599914550781,467.82000732421875,454.2925109863281,624500,0.0,0.0
2025-01-06 00:00:00-05:00,465.2699890136719,466.2200012207031,453.9599914550781,455.1400146484375,441.9791259765625,873300,0.0,0.0
2025-01-07 00:00:00-05:00,454.19000244140625,458.54998779296875,450.80999755859375,452.3900146484375,439.30865478515625,1100000,0.0,0.0
2025-01-08 00:00:00-05:00,456.0199890136719,464.6199951171875,453.9599914550781,462.2099914550781,448.8447265625,746600,0.0,0.0
2025-01-10 00:00:00-05:00,461.3599853515625,464.3800048828125,455.42999267578125,458.69000244140625,445.426513671875,626400,0.0,0.0
2025-01-13 00:00:00-05:00,458.69000244140625,477.3900146484375,458.69000244140625,472.3800048828125,458.72064208984375,964500,0.0,0.0
2025-01-14 00:00:00-05:00,473.510009765625,475.9800109863281,471.5799865722656,475.5,461.7503967285156,554000,0.0,0.0
2025-01-15 00:00:00-05:00,476.5299987792969,477.70001220703125,470.19000244140625,472.29998779296875,458.6429138183594,646400,0.0,0.0
2025-01-16 00:00:00-05:00,471.3299865722656,481.3299865722656,470.7699890136719,481.19000244140625,467.2759094238281,706600,0.0,0.0
2025-01-17 00:00:00-05:00,480.4200134277344,483.42999267578125,477.3599853515625,482.3800048828125,468.43145751953125,1091500,0.0,0.0
2025-01-21 00:00:00-05:00,490.0,507.6700134277344,489.5400085449219,504.45001220703125,489.86328125,1309900,0.0,0.0
2025-01-22 00:00:00-05:00,504.0,505.260009765625,497.1700134277344,502.4100036621094,487.88226318359375,1326500,0.0,0.0
2025-01-23 00:00:00-05:00,506.0,507.6400146484375,493.2300109863281,499.7699890136719,485.3186340332031,780200,0.0,0.0
2025-01-24 00:00:00-05:00,497.92999267578125,500.0,496.6600036621094,497.0199890136719,482.64813232421875,556400,0.0,0.0
2025-01-27 00:00:00-05:00,502.3900146484375,507.3800048828125,497.0,503.2300109863281,488.6785583496094,738100,0.0,0.0
2025-01-28 00:00:00-05:00,501.1099853515625,502.9100036621094,485.4800109863281,486.6400146484375,472.56829833984375,1036700,0.0,0.0
2025-01-29 00:00:00-05:00,486.6400146484375,492.760009765625,480.25,481.5400085449219,467.61578369140625,873500,0.0,0.0
2025-01-30 00:00:00-05:00,472.0,485.0,469.7300109863281,483.3699951171875,469.392822265625,1468400,0.0,0.0
2025-01-31 00:00:00-05:00,484.0,488.1000061035156,478.5,487.2699890136719,473.1800537109375,794400,0.0,0.0
2025-02-03 00:00:00-05:00,488.4100036621094,493.3299865722656,481.6600036621094,487.75,473.6462097167969,763400,0.0,0.0
2025-02-04 00:00:00-05:00,486.6000061035156,487.7900085449219,481.4200134277344,482.3900146484375,468.44122314453125,525900,0.0,0.0
2025-02-05 00:00:00-05:00,484.989990234375,486.0,470.92999267578125,472.3399963378906,458.6817626953125,1080000,0.0,0.0
2025-02-06 00:00:00-05:00,470.8500061035156,472.75,462.239990234375,466.54998779296875,453.0592041015625,789800,0.0,0.0
2025-02-07 00:00:00-05:00,468.3599853515625,474.1499938964844,465.8699951171875,468.5799865722656,455.0304870605469,820000,0.0,0.0
2025-02-10 00:00:00-05:00,469.80999755859375,477.0799865722656,468.5299987792969,474.3699951171875,460.6531066894531,804800,0.0,0.0
2025-02-11 00:00:00-05:00,475.6199951171875,475.8299865722656,468.4200134277344,473.8399963378906,460.138427734375,539000,0.0,0.0
2025-02-12 00:00:00-05:00,472.239990234375,477.4700012207031,469.260009765625,470.8599853515625,457.24456787109375,807100,0.0,0.0
2025-02-13 00:00:00-05:00,472.260009765625,474.739990234375,453.6199951171875,455.05999755859375,441.9014892578125,1245400,0.0,0.0
2025-02-14 00:00:00-05:00,453.739990234375,454.0,434.1499938964844,438.8999938964844,426.208740234375,2036200,0.0,0.0
2025-02-18 00:00:00-05:00,445.3500061035156,448.95001220703125,439.45001220703125,441.3599853515625,428.59759521484375,1074500,0.0,0.0
2025-02-19 00:00:00-05:00,443.4700012207031,451.0799865722656,430.0,433.45001220703125,420.91632080078125,1784300,0.0,0.0
2025-02-20 00:00:00-05:00,429.0799865722656,439.0,426.239990234375,438.1099853515625,425.4415588378906,1218800,0.0,0.0
2025-02-21 00:00:00-05:00,437.8299865722656,450.0899963378906,437.8299865722656,447.9599914550781,435.0067443847656,1677700,0.0,0.0
2025-02-24 00:00:00-05:00,450.2300109863281,456.510009765625,449.2099914550781,449.94000244140625,436.9294738769531,1507500,0.0,0.0
2025-02-25 00:00:00-05:00,451.8500061035156,462.55999755859375,450.8399963378906,461.010009765625,447.6794128417969,1241300,0.0,0.0
2025-02-26 00:00:00-05:00,458.2699890136719,458.9100036621094,452.7300109863281,454.8699951171875,441.7169494628906,738900,0.0,0.0
2025-02-27 00:00:00-05:00,455.9700012207031,464.0,455.8800048828125,459.9700012207031,446.66943359375,1130800,0.0,0.0
2025-02-28 00:00:00-05:00,460.75,464.92999267578125,455.92999267578125,461.739990234375,448.3883056640625,901000,0.0,0.0
2025-03-03 00:00:00-05:00,466.3599853515625,473.80999755859375,463.1600036621094,473.4100036621094,461.78106689453125,1255700,2.06,0.0
2025-03-04 00:00:00-05:00,471.42999267578125,480.8800048828125,463.1400146484375,463.8299865722656,452.4363708496094,1335800,0.0,0.0
2025-03-05 00:00:00-05:00,466.739990234375,479.6400146484375,466.5899963378906,474.20001220703125,462.5516357421875,1188400,0.0,0.0
2025-03-06 00:00:00-05:00,475.6499938964844,477.07000732421875,465.20001220703125,475.20001220703125,463.5270690917969,941500,0.0,0.0
2025-03-07 00:00:00-05:00,473.1199951171875,491.1000061035156,472.2300109863281,486.5199890136719,474.5690002441406,1027200,0.0,0.0
2025-03-10 00:00:00-04:00,486.44000244140625,510.2099914550781,483.7099914550781,495.45001220703125,483.2796630859375,1567100,0.0,0.0
2025-03-11 00:00:00-04:00,494.0,495.45001220703125,484.80999755859375,494.1099853515625,481.9725646972656,1554900,0.0,0.0
2025-03-12 00:00:00-04:00,489.0400085449219,492.0,474.5,475.1000061035156,463.4295349121094,1136400,0.0,0.0
2025-03-13 00:00:00-04:00,474.6099853515625,492.6000061035156,471.8900146484375,490.5899963378906,478.5390625,1330500,0.0,0.0
2025-03-14 00:00:00-04:00,487.2900085449219,497.3599853515625,483.07000732421875,484.92999267578125,473.01806640625,1402900,0.0,0.0
2025-03-17 00:00:00-04:00,484.4800109863281,492.989990234375,484.19000244140625,490.5,478.4512023925781,748300,0.0,0.0
2025-03-18 00:00:00-04:00,491.0,494.20001220703125,488.2300109863281,489.80999755859375,477.7781677246094,620000,0.0,0.0
2025-03-19 00:00:00-04:00,490.5799865722656,497.6600036621094,486.0,491.5199890136719,479.4461669921875,846800,0.0,0.0
2025-03-20 00:00:00-04:00,490.5,492.8399963378906,487.0199890136719,489.2300109863281,477.2124328613281,685600,0.0,0.0
2025-03-21 00:00:00-04:00,490.2099914550781,494.7900085449219,483.989990234375,490.7200012207031,478.66583251953125,2084700,0.0,0.0
2025-03-24 00:00:00-04:00,491.0,495.5,489.0899963378906,495.0799865722656,482.918701171875,626700,0.0,0.0
2025-03-25 00:00:00-04:00,498.0,509.4200134277344,496.0,506.6199951171875,494.1752624511719,991400,0.0,0.0
2025-03-26 00:00:00-04:00,508.80999755859375,510.9100036621094,504.7699890136719,507.1400146484375,494.6824645996094,821100,0.0,0.0
2025-03-27 00:00:00-04:00,514.0599975585938,518.6900024414062,511.9100036621094,513.8200073242188,501.19842529296875,929000,0.0,0.0
2025-03-28 00:00:00-04:00,513.6400146484375,516.8499755859375,507.1300048828125,512.1900024414062,499.6084289550781,730500,0.0,0.0
2025-03-31 00:00:00-04:00,512.0,518.8900146484375,508.4800109863281,512.010009765625,499.432861328125,981900,0.0,0.0
2025-04-01 00:00:00-04:00,514.5399780273438,517.3099975585938,509.3800048828125,513.0999755859375,500.4960632324219,710600,0.0,0.0
2025-04-02 00:00:00-04:00,510.6099853515625,514.5,508.0400085449219,512.1799926757812,499.5986633300781,750800,0.0,0.0
2025-04-03 00:00:00-04:00,512.5599975585938,525.0,512.5,515.1699829101562,502.51519775390625,1055800,0.0,0.0
2025-04-04 00:00:00-04:00,513.5,516.780029296875,484.8900146484375,485.5199890136719,473.59356689453125,1692400,0.0,0.0
2025-04-07 00:00:00-04:00,480.1400146484375,495.0,472.9599914550781,481.57000732421875,469.7406005859375,1967300,0.0,0.0
2025-04-08 00:00:00-04:00,500.0,503.010009765625,487.5799865722656,491.9700012207031,479.8851318359375,1226000,0.0,0.0
2025-04-09 00:00:00-04:00,483.1099853515625,519.5,480.8999938964844,512.2999877929688,499.7157287597656,1608200,0.0,0.0
2025-04-10 00:00:00-04:00,511.4700012207031,521.5499877929688,503.2900085449219,516.0900268554688,503.41265869140625,1071800,0.0,0.0
2025-04-11 00:00:00-04:00,516.0900268554688,537.75,514.1900024414062,533.989990234375,520.8729248046875,1178800,0.0,0.0
2025-04-14 00:00:00-04:00,529.8400268554688,538.6799926757812,525.7100219726562,535.8200073242188,522.6580200195312,714400,0.0,0.0
2025-04-15 00:00:00-04:00,534.6099853515625,536.5499877929688,528.0,529.3599853515625,516.3567504882812,926900,0.0,0.0
2025-04-16 00:00:00-04:00,537.1099853515625,544.0,534.1300048828125,537.510009765625,524.3064575195312,1381400,0.0,0.0
2025-04-17 00:00:00-04:00,530.0800170898438,544.760009765625,530.0800170898438,540.3900146484375,527.11572265625,1102300,0.0,0.0
2025-04-21 00:00:00-04:00,540.0,540.0,526.4500122070312,531.3300170898438,518.2782592773438,1342900,0.0,0.0
2025-04-22 00:00:00-04:00,484.75,494.20001220703125,450.1300048828125,464.0799865722656,452.68023681640625,4788400,0.0,0.0
2025-04-23 00:00:00-04:00,466.6700134277344,478.82000732421875,460.3599853515625,472.6499938964844,461.0397033691406,1929100,0.0,0.0
2025-04-24 00:00:00-04:00,469.55999755859375,471.25,462.4800109863281,463.07000732421875,451.695068359375,1805100,0.0,0.0
2025-04-25 00:00:00-04:00,465.29998779296875,473.489990234375,458.3500061035156,473.20001220703125,461.57623291015625,1329300,0.0,0.0
2025-04-28 00:00:00-04:00,475.54998779296875,487.0,475.54998779296875,483.30999755859375,471.4378662109375,1817300,0.0,0.0
2025-04-29 00:00:00-04:00,483.7900085449219,487.1199951171875,480.0,482.1000061035156,470.257568359375,977200,0.0,0.0
2025-04-30 00:00:00-04:00,484.0899963378906,487.82000732421875,475.5400085449219,486.5,474.54949951171875,1312300,0.0,0.0
2025-05-01 00:00:00-04:00,485.1700134277344,488.1700134277344,482.0899963378906,486.6700134277344,474.7153625488281,1194000,0.0,0.0
2025-05-02 00:00:00-04:00,492.7200012207031,498.5299987792969,478.7699890136719,491.4200134277344,479.3486328125,1728600,0.0,0.0
2025-05-05 00:00:00-04:00,493.5799865722656,496.2099914550781,489.4800109863281,493.3299865722656,481.2117004394531,830400,0.0,0.0
2025-05-06 00:00:00-04:00,491.4800109863281,493.0899963378906,484.9800109863281,487.4800109863281,475.50543212890625,655000,0.0,0.0
2025-05-07 00:00:00-04:00,486.7300109863281,488.70001220703125,481.0,486.0400085449219,474.100830078125,875400,0.0,0.0
2025-05-08 00:00:00-04:00,486.67999267578125,489.8399963378906,483.6300048828125,484.3699951171875,472.4718017578125,920800,0.0,0.0
2025-05-09 00:00:00-04:00,484.8599853515625,485.1199951171875,475.8800048828125,482.6199951171875,470.76483154296875,639600,0.0,0.0
2025-05-12 00:00:00-04:00,479.95001220703125,482.7900085449219,471.54998779296875,479.1600036621094,467.3898010253906,1292100,0.0,0.0
2025-05-13 00:00:00-04:00,478.70001220703125,479.9800109863281,470.6300048828125,470.6700134277344,459.1083679199219,883900,0.0,0.0
2025-05-14 00:00:00-04:00,461.3800048828125,465.0,453.010009765625,456.29998779296875,445.0913391113281,1272400,0.0,0.0
2025-05-15 00:00:00-04:00,461.44000244140625,470.8900146484375,459.25,469.04998779296875,457.5281066894531,1116100,0.0,0.0
2025-05-16 00:00:00-04:00,469.6099853515625,473.55999755859375,466.3800048828125,473.1700134277344,461.5469055175781,1148300,0.0,0.0
2025-05-19 00:00:00-04:00,476.1199951171875,476.1199951171875,469.2799987792969,471.1199951171875,459.5472717285156,959000,0.0,0.0
2025-05-20 00:00:00-04:00,469.8900146484375,477.8699951171875,469.8900146484375,476.6000061035156,464.8926696777344,1001400,0.0,0.0
2025-05-21 00:00:00-04:00,481.1099853515625,481.1099853515625,472.3399963378906,473.8999938964844,462.25897216796875,902900,0.0,0.0
2025-05-22 00:00:00-04:00,471.5299987792969,475.6499938964844,468.9800109863281,472.8800048828125,461.2640380859375,922300,0.0,0.0
2025-05-23 00:00:00-04:00,472.07000732421875,472.9700012207031,468.2900085449219,471.4599914550781,459.8789367675781,679200,0.0,0.0
2025-05-27 00:00:00-04:00,471.6199951171875,475.6600036621094,470.29998779296875,475.4700012207031,463.7904357910156,868700,0.0,0.0
2025-05-28 00:00:00-04:00,477.739990234375,478.0899963378906,473.70001220703125,475.32000732421875,463.6441345214844,924300,0.0,0.0
2025-05-29 00:00:00-04:00,471.17999267578125,480.25,468.5,479.3900146484375,467.6141357421875,864000,0.0,0.0
2025-05-30 00:00:00-04:00,480.0,485.989990234375,475.05999755859375,484.7699890136719,472.86199951171875,1304500,0.0,0.0
2025-06-02 00:00:00-04:00,481.1300048828125,483.8500061035156,478.9200134277344,483.3800048828125,473.7637023925781,765300,2.31,0.0
2025-06-03 00:00:00-04:00,483.0,488.6300048828125,481.75,488.2200012207031,478.5074157714844,578400,0.0,0.0
2025-06-04 00:00:00-04:00,490.0,495.8999938964844,488.04998779296875,491.2900085449219,481.516357421875,766800,0.0,0.0
2025-06-05 00:00:00-04:00,492.95001220703125,492.95001220703125,484.5299987792969,488.1199951171875,478.4093933105469,634300,0.0,0.0
2025-06-06 00:00:00-04:00,488.5899963378906,491.42999267578125,486.55999755859375,489.4100036621094,479.6737365722656,372400,0.0,0.0
2025-06-09 00:00:00-04:00,490.0,492.1099853515625,483.760009765625,491.3599853515625,481.5849304199219,617700,0.0,0.0
2025-06-10 00:00:00-04:00,491.5299987792969,491.5299987792969,486.6400146484375,488.79998779296875,479.07586669921875,535800,0.0,0.0
2025-06-11 00:00:00-04:00,483.57000732421875,488.7099914550781,472.0199890136719,488.4599914550781,478.7426452636719,895200,0.0,0.0
2025-06-12 00:00:00-04:00,488.82000732421875,497.32000732421875,487.95001220703125,497.1300048828125,487.2401428222656,635100,0.0,0.0
2025-06-13 00:00:00-04:00,504.0,519.4299926757812,503.20001220703125,516.719970703125,506.4403991699219,1844000,0.0,0.0
2025-06-16 00:00:00-04:00,510.80999755859375,515.0,495.5799865722656,497.5199890136719,487.6224060058594,1168700,0.0,0.0
2025-06-17 00:00:00-04:00,502.0,505.8500061035156,498.05999755859375,503.9700012207031,493.9440612792969,764300,0.0,0.0
2025-06-18 00:00:00-04:00,504.4200134277344,506.6000061035156,493.5799865722656,494.6499938964844,484.80950927734375,792400,0.0,0.0
2025-06-20 00:00:00-04:00,496.6199951171875,499.8599853515625,488.0,497.70001220703125,487.7987976074219,916000,0.0,0.0
2025-06-23 00:00:00-04:00,500.80999755859375,508.32000732421875,496.44000244140625,499.6700134277344,489.7296142578125,978800,0.0,0.0
2025-06-24 00:00:00-04:00,494.79998779296875,495.1199951171875,481.2799987792969,484.0,474.371337890625,930600,0.0,0.0
2025-06-25 00:00:00-04:00,488.0,488.4599914550781,483.8399963378906,486.9200134277344,477.2332763671875,724600,0.0,0.0
2025-06-26 00:00:00-04:00,489.19000244140625,497.0400085449219,487.67999267578125,493.6600036621094,483.8392028808594,876400,0.0,0.0
2025-06-27 00:00:00-04:00,490.95001220703125,494.67999267578125,489.260009765625,494.0,484.17242431640625,874400,0.0,0.0
2025-06-30 00:00:00-04:00,495.30999755859375,501.0799865722656,493.9599914550781,499.9800109863281,490.033447265625,644100,0.0,0.0
2025-07-01 00:00:00-04:00,499.95001220703125,504.80999755859375,496.3800048828125,503.5299987792969,493.5128479003906,651300,0.0,0.0
2025-07-02 00:00:00-04:00,493.0,499.0199890136719,489.5199890136719,498.8999938964844,488.9749450683594,817400,0.0,0.0
2025-07-03 00:00:00-04:00,500.260009765625,505.19000244140625,498.6099853515625,504.20001220703125,494.1695251464844,381800,0.0,0.0
2025-07-07 00:00:00-04:00,506.20001220703125,509.6000061035156,503.20001220703125,507.9200134277344,497.8155212402344,653400,0.0,0.0
2025-07-08 00:00:00-04:00,501.0,506.92999267578125,500.8399963378906,504.8500061035156,494.80657958984375,669600,0.0,0.0
2025-07-09 00:00:00-04:00,505.80999755859375,508.4100036621094,502.29998779296875,507.94000244140625,497.83514404296875,608900,0.0,0.0
2025-07-10 00:00:00-04:00,506.54998779296875,514.9299926757812,504.9800109863281,513.8699951171875,503.6471252441406,624000,0.0,0.0
2025-07-11 00:00:00-04:00,513.7000122070312,515.2000122070312,508.0199890136719,514.5999755859375,504.36260986328125,748900,0.0,0.0
2025-07-14 00:00:00-04:00,517.0,523.760009765625,513.3300170898438,521.1099853515625,510.7430725097656,790200,0.0,0.0
2025-07-15 00:00:00-04:00,519.4000244140625,523.4600219726562,516.1500244140625,516.8200073242188,506.5384216308594,539500,0.0,0.0
2025-07-16 00:00:00-04:00,516.8400268554688,520.780029296875,514.0599975585938,519.7000122070312,509.3611145019531,483500,0.0,0.0
2025-07-17 00:00:00-04:00,519.0,525.52001953125,518.6400146484375,523.8300170898438,513.4089965820312,620900,0.0,0.0
2025-07-18 00:00:00-04:00,523.3499755859375,528.27001953125,515.6400146484375,519.0399780273438,508.7142639160156,873900,0.0,0.0
2025-07-21 00:00:00-04:00,518.3099975585938,523.97998046875,514.3900146484375,515.2899780273438,505.03887939453125,832500,0.0,0.0
2025-07-22 00:00:00-04:00,536.010009765625,567.1199951171875,535.52001953125,563.7899780273438,552.573974609375,2395100,0.0,0.0
2025-07-23 00:00:00-04:00,562.3499755859375,568.6699829101562,551.7999877929688,568.5,557.1903076171875,1250900,0.0,0.0
2025-07-24 00:00:00-04:00,568.25,576.8599853515625,566.5800170898438,568.47998046875,557.170654296875,974800,0.0,0.0
2025-07-25 00:00:00-04:00,568.0,570.1599731445312,563.2999877929688,569.739990234375,558.4057006835938,635700,0.0,0.0
2025-07-28 00:00:00-04:00,569.239990234375,570.0,563.6400146484375,568.6199951171875,557.3079223632812,679600,0.0,0.0
2025-07-29 00:00:00-04:00,571.4000244140625,573.2999877929688,568.1900024414062,573.219970703125,561.81640625,682800,0.0,0.0
2025-07-30 00:00:00-04:00,572.9400024414062,573.8099975585938,568.7100219726562,572.8099975585938,561.4146118164062,661500,0.0,0.0
2025-07-31 00:00:00-04:00,572.0,577.3800048828125,568.8900146484375,576.6099853515625,565.1389770507812,850700,0.0,0.0
2025-08-01 00:00:00-04:00,577.1400146484375,587.8800048828125,572.9500122070312,586.4400024414062,574.7733764648438,1006400,0.0,0.0
2025-08-04 00:00:00-04:00,585.6900024414062,592.1599731445312,584.1300048828125,589.75,578.017578125,970300,0.0,0.0
2025-08-05 00:00:00-04:00,590.219970703125,594.6799926757812,586.010009765625,589.9500122070312,578.213623046875,905700,0.0,0.0
2025-08-06 00:00:00-04:00,590.0,593.47998046875,586.7000122070312,589.2899780273438,577.566650390625,992400,0.0,0.0
2025-08-07 00:00:00-04:00,583.2100219726562,588.22998046875,580.0,587.3800048828125,575.6947631835938,626600,0.0,0.0
2025-08-08 00:00:00-04:00,587.7100219726562,591.0700073242188,579.1500244140625,581.1099853515625,569.5494995117188,749400,0.0,0.0
2025-08-11 00:00:00-04:00,579.8099975585938,583.780029296875,575.4500122070312,580.239990234375,568.69677734375,744700,0.0,0.0
2025-08-12 00:00:00-04:00,579.2100219726562,581.6300048828125,577.6199951171875,580.7999877929688,569.24560546875,643800,0.0,0.0
2025-08-13 00:00:00-04:00,582.489990234375,586.8900146484375,576.219970703125,582.0900268554688,570.510009765625,745600,0.0,0.0
2025-08-14 00:00:00-04:00,583.8900146484375,585.2899780273438,580.9299926757812,583.719970703125,572.1075439453125,543300,0.0,0.0
2025-08-15 00:00:00-04:00,583.4099731445312,586.75,580.9199829101562,583.9600219726562,572.3427734375,667300,0.0,0.0
2025-08-18 00:00:00-04:00,587.469970703125,592.22998046875,583.5399780273438,584.8200073242188,573.1856689453125,922300,0.0,0.0
2025-08-19 00:00:00-04:00,584.0,589.47998046875,582.219970703125,586.22998046875,574.5675659179688,470700,0.0,0.0
2025-08-20 00:00:00-04:00,589.8400268554688,595.3200073242188,587.77001953125,592.5399780273438,580.7520751953125,610400,0.0,0.0
2025-08-21 00:00:00-04:00,593.0,598.8300170898438,591.3099975585938,597.2100219726562,585.3292236328125,610200,0.0,0.0
2025-08-22 00:00:00-04:00,599.7899780273438,600.989990234375,591.3699951171875,592.4400024414062,580.654052734375,616600,0.0,0.0
2025-08-25 00:00:00-04:00,592.0,595.4000244140625,586.0499877929688,586.739990234375,575.0675048828125,478100,0.0,0.0
2025-08-26 00:00:00-04:00,588.3900146484375,595.8499755859375,588.1199951171875,593.02001953125,581.2225952148438,1002100,0.0,0.0
2025-08-27 00:00:00-04:00,594.5499877929688,594.5499877929688,585.0399780273438,586.6099853515625,574.9400024414062,679300,0.0,0.0
2025-08-28 00:00:00-04:00,586.6099853515625,587.9400024414062,580.9000244140625,587.9000244140625,576.2044677734375,479100,0.0,0.0
2025-08-29 00:00:00-04:00,587.9000244140625,591.5700073242188,587.0800170898438,590.0399780273438,578.3018188476562,528600,0.0,0.0
2025-09-02 00:00:00-04:00,591.8800048828125,596.1599731445312,585.260009765625,589.3200073242188,579.8663330078125,635600,2.31,0.0
2025-09-03 00:00:00-04:00,586.530029296875,588.0,577.6900024414062,581.010009765625,571.6896362304688,463200,0.0,0.0
2025-09-04 00:00:00-04:00,581.7100219726562,581.9400024414062,576.0,579.760009765625,570.459716796875,505500,0.0,0.0
2025-09-05 00:00:00-04:00,579.3400268554688,581.1699829101562,574.8200073242188,580.7999877929688,571.4829711914062,633600,0.0,0.0
2025-09-08 00:00:00-04:00,574.989990234375,582.1300048828125,571.3699951171875,581.9000244140625,572.5653686523438,814100,0.0,0.0
2025-09-09 00:00:00-04:00,580.4600219726562,580.489990234375,571.4400024414062,571.6300048828125,562.4601440429688,482500,0.0,0.0
2025-09-10 00:00:00-04:00,571.239990234375,580.8400268554688,570.0,579.8699951171875,570.5679321289062,547300,0.0,0.0
2025-09-11 00:00:00-04:00,579.3099975585938,585.760009765625,578.0,582.9500122070312,573.5985717773438,901100,0.0,0.0
2025-09-12 00:00:00-04:00,582.3400268554688,583.1300048828125,575.1799926757812,575.9600219726562,566.7205810546875,717900,0.0,0.0
2025-09-15 00:00:00-04:00,574.0,576.469970703125,571.1199951171875,574.5399780273438,565.3234252929688,804600,0.0,0.0
2025-09-16 00:00:00-04:00,578.0,587.239990234375,575.9500122070312,579.3599853515625,570.0661010742188,1104500,0.0,0.0
2025-09-17 00:00:00-04:00,579.0999755859375,585.0,576.3900146484375,577.0800170898438,567.8226928710938,790200,0.0,0.0
2025-09-18 00:00:00-04:00,572.0,576.97998046875,568.3200073242188,573.75,564.5460205078125,798900,0.0,0.0
2025-09-19 00:00:00-04:00,571.9099731445312,576.1500244140625,565.5,573.030029296875,563.8377075195312,1478200,0.0,0.0
2025-09-22 00:00:00-04:00,573.6900024414062,577.6500244140625,570.260009765625,576.1500244140625,566.9076538085938,566700,0.0,0.0
2025-09-23 00:00:00-04:00,576.0,580.6699829101562,571.0800170898438,577.0800170898438,567.8226928710938,656300,0.0,0.0
2025-09-24 00:00:00-04:00,580.6400146484375,589.5999755859375,577.0,586.27001953125,576.865234375,784200,0.0,0.0
2025-09-25 00:00:00-04:00,590.0,593.75,582.489990234375,585.77001953125,576.3732299804688,1073900,0.0,0.0
2025-09-26 00:00:00-04:00,589.489990234375,594.9600219726562,586.8499755859375,594.52001953125,584.9829711914062,510900,0.0,0.0
2025-09-29 00:00:00-04:00,598.3099975585938,604.1300048828125,591.510009765625,593.989990234375,584.4613647460938,777100,0.0,0.0
2025-09-30 00:00:00-04:00,593.0999755859375,610.1199951171875,593.0999755859375,609.3200073242188,599.5455322265625,802800,0.0,0.0
2025-10-01 00:00:00-04:00,607.219970703125,610.8499755859375,603.010009765625,605.4199829101562,595.7080688476562,558300,0.0,0.0
2025-10-02 00:00:00-04:00,603.7999877929688,607.260009765625,601.9600219726562,605.010009765625,595.3046264648438,453900,0.0,0.0
2025-10-03 00:00:00-04:00,607.0,610.6400146484375,605.2999877929688,609.5399780273438,599.7619018554688,435900,0.0,0.0
2025-10-06 00:00:00-04:00,609.1199951171875,619.7100219726562,609.0,618.52001953125,608.597900390625,540200,0.0,0.0
2025-10-07 00:00:00-04:00,622.8499755859375,627.8099975585938,618.4000244140625,621.6300048828125,611.6580810546875,838200,0.0,0.0
2025-10-08 00:00:00-04:00,630.0,638.5399780273438,625.5499877929688,637.9500122070312,627.7161865234375,938800,0.0,0.0
2025-10-09 00:00:00-04:00,638.0,640.9000244140625,631.3699951171875,635.010009765625,624.8233642578125,1007400,0.0,0.0
2025-10-10 00:00:00-04:00,633.3599853515625,635.25,619.4099731445312,623.489990234375,613.4881591796875,659700,0.0,0.0
2025-10-13 00:00:00-04:00,619.969970703125,624.0499877929688,616.9000244140625,618.8800048828125,608.9520874023438,452600,0.0,0.0
2025-10-14 00:00:00-04:00,619.47998046875,627.4099731445312,618.0700073242188,626.9299926757812,616.8729858398438,437500,0.0,0.0
2025-10-15 00:00:00-04:00,625.0499877929688,627.0499877929688,600.0800170898438,608.9299926757812,599.1617431640625,666700,0.0,0.0
2025-10-16 00:00:00-04:00,611.0,611.7999877929688,597.5999755859375,598.97998046875,589.371337890625,781900,0.0,0.0
2025-10-17 00:00:00-04:00,597.0,601.6500244140625,591.6799926757812,594.5,584.9631958007812,825200,0.0,0.0
2025-10-20 00:00:00-04:00,599.6599731445312,602.9000244140625,596.2100219726562,602.0,592.3428955078125,1084100,0.0,0.0
2025-10-21 00:00:00-04:00,589.9600219726562,604.8900146484375,571.3599853515625,599.3499755859375,589.7353515625,1750700,0.0,0.0
2025-10-22 00:00:00-04:00,597.0700073242188,605.9600219726562,595.6500244140625,596.47998046875,586.9114379882812,1122800,0.0,0.0
2025-10-23 00:00:00-04:00,599.72998046875,609.8200073242188,598.010009765625,605.739990234375,596.02294921875,655500,0.0,0.0
2025-10-24 00:00:00-04:00,606.3499755859375,608.5,597.0800170898438,605.5800170898438,595.865478515625,564700,0.0,0.0
2025-10-27 00:00:00-04:00,604.8699951171875,605.6500244140625,595.0,595.9500122070312,586.3900146484375,501200,0.0,0.0
2025-10-28 00:00:00-04:00,594.5,598.9500122070312,591.239990234375,595.0499877929688,585.50439453125,714700,0.0,0.0
2025-10-29 00:00:00-04:00,590.0,594.219970703125,582.510009765625,584.989990234375,575.6057739257812,723200,0.0,0.0
2025-10-30 00:00:00-04:00,585.9400024414062,591.72998046875,577.739990234375,578.5999755859375,569.3182373046875,1102800,0.0,0.0
2025-10-31 00:00:00-04:00,579.1500244140625,586.6300048828125,575.8200073242188,583.4500122070312,574.0905151367188,840200,0.0,0.0
2025-11-03 00:00:00-05:00,580.4400024414062,581.1900024414062,571.6799926757812,575.4099731445312,566.1793823242188,657800,0.0,0.0
2025-11-04 00:00:00-05:00,574.489990234375,579.5900268554688,568.4000244140625,577.1400146484375,567.8817749023438,494200,0.0,0.0
2025-11-05 00:00:00-05:00,572.77001953125,579.530029296875,569.739990234375,570.5,561.3482666015625,535800,0.0,0.0
2025-11-06 00:00:00-05:00,570.0,578.0399780273438,569.9500122070312,571.9600219726562,562.7848510742188,610700,0.0,0.0
2025-11-07 00:00:00-05:00,571.969970703125,571.969970703125,562.4400024414062,568.6099853515625,559.488525390625,646000,0.0,0.0
2025-11-10 00:00:00-05:00,564.7999877929688,567.0599975585938,557.3900146484375,562.97998046875,553.9487915039062,1075600,0.0,0.0
2025-11-11 00:00:00-05:00,564.47998046875,570.7899780273438,559.0,566.739990234375,557.6485595703125,743300,0.0,0.0
2025-11-12 00:00:00-05:00,565.1799926757812,569.1500244140625,558.4000244140625,558.5700073242188,549.609619140625,669600,0.0,0.0
2025-11-13 00:00:00-05:00,563.239990234375,563.4099731445312,556.8400268554688,558.0,549.0487060546875,828400,0.0,0.0
2025-11-14 00:00:00-05:00,557.75,562.030029296875,553.3699951171875,558.0,549.0487060546875,742500,0.0,0.0
2025-11-17 00:00:00-05:00,559.97998046875,563.0800170898438,556.2899780273438,563.030029296875,553.998046875,912800,0.0,0.0
2025-11-18 00:00:00-05:00,565.0,573.3099975585938,564.1799926757812,566.760009765625,557.6682739257812,1047000,0.0,0.0
2025-11-19 00:00:00-05:00,560.3900146484375,567.2000122070312,557.4600219726562,565.0,555.9364624023438,665400,0.0,0.0
2025-11-20 00:00:00-05:00,570.8800048828125,573.260009765625,563.510009765625,567.3499755859375,558.2487182617188,688100,0.0,0.0
2025-11-21 00:00:00-05:00,568.280029296875,571.6699829101562,563.0800170898438,566.7000122070312,557.6091918945312,943900,0.0,0.0
2025-11-24 00:00:00-05:00,562.9199829101562,566.27001953125,560.0,565.5599975585938,556.4874267578125,731700,0.0,0.0
2025-11-25 00:00:00-05:00,565.7000122070312,574.5,565.7000122070312,569.4199829101562,560.2855834960938,919500,0.0,0.0
2025-11-26 00:00:00-05:00,569.6099853515625,582.5999755859375,567.0800170898438,567.1099853515625,558.0125122070312,445800,0.0,0.0
2025-11-28 00:00:00-05:00,567.3499755859375,573.6799926757812,566.6300048828125,572.25,563.0701904296875,421800,0.0,0.0
2025-12-01 00:00:00-05:00,567.72998046875,568.5,543.6599731445312,545.510009765625,538.9346313476562,794700,2.31,0.0
2025-12-02 00:00:00-05:00,546.6799926757812,551.280029296875,545.1699829101562,546.969970703125,540.3770141601562,779300,0.0,0.0
2025-12-03 00:00:00-05:00,549.5599975585938,554.52001953125,546.489990234375,553.3200073242188,546.6505126953125,890000,0.0,0.0
2025-12-04 00:00:00-05:00,552.8400268554688,560.0,551.5599975585938,553.0,546.3342895507812,753000,0.0,0.0
2025-12-05 00:00:00-05:00,551.5,552.280029296875,544.1599731445312,548.969970703125,542.3529052734375,785500,0.0,0.0
2025-12-08 00:00:00-05:00,549.0,553.6199951171875,546.510009765625,553.5599975585938,546.8875732421875,706000,0.0,0.0
2025-12-09 00:00:00-05:00,554.1199951171875,557.739990234375,550.25,550.6300048828125,543.992919921875,410900,0.0,0.0
2025-12-10 00:00:00-05:00,549.0,558.6099853515625,546.52001953125,555.3599853515625,548.6658935546875,680000,0.0,0.0
2025-12-11 00:00:00-05:00,557.5599975585938,568.6599731445312,556.9299926757812,560.0399780273438,553.2894287109375,618200,0.0,0.0
2025-12-12 00:00:00-05:00,563.1900024414062,571.5999755859375,560.5,569.760009765625,562.8923950195312,784400,0.0,0.0
2025-12-15 00:00:00-05:00,569.1400146484375,575.7899780273438,568.5700073242188,575.7899780273438,568.849609375,448800,0.0,0.0
2025-12-16 00:00:00-05:00,573.5,574.2000122070312,565.8400268554688,568.719970703125,561.8648071289062,488200,0.0,0.0
2025-12-17 00:00:00-05:00,562.7899780273438,572.2999877929688,557.5900268554688,564.1900024414062,557.3894653320312,761800,0.0,0.0
2025-12-18 00:00:00-05:00,564.0,569.9299926757812,558.0599975585938,559.52001953125,552.7757568359375,950200,0.0,0.0
2025-12-19 00:00:00-05:00,558.469970703125,570.9600219726562,557.97998046875,568.4600219726562,561.6080322265625,1329800,0.0,0.0
2025-12-22 00:00:00-05:00,568.9000244140625,585.280029296875,568.9000244140625,584.6599731445312,577.6127319335938,530100,0.0,0.0
2025-12-23 00:00:00-05:00,585.280029296875,586.0,576.7000122070312,580.0599975585938,573.0681762695312,564700,0.0,0.0
2025-12-24 00:00:00-05:00,581.22998046875,587.2899780273438,581.1400146484375,582.3499755859375,575.33056640625,202600,0.0,0.0
2025-12-26 00:00:00-05:00,582.7100219726562,582.7100219726562,575.4500122070312,577.3699951171875,570.4105834960938,230400,0.0,0.0
2025-12-29 00:00:00-05:00,577.9199829101562,580.760009765625,576.8800048828125,577.780029296875,570.815673828125,250000,0.0,0.0
2025-12-30 00:00:00-05:00,578.8900146484375,580.1199951171875,574.3099975585938,574.5700073242188,567.6443481445312,526200,0.0,0.0
2025-12-31 00:00:00-05:00,575.2100219726562,577.0,570.02001953125,570.2100219726562,563.3369140625,419600,0.0,0.0
2026-01-02 00:00:00-05:00,569.5900268554688,585.8499755859375,564.5,585.6599731445312,578.6006469726562,477400,0.0,0.0
2026-01-05 00:00:00-05:00,593.9600219726562,611.3699951171875,591.2000122070312,611.3200073242188,603.951416015625,941700,0.0,0.0
2026-01-06 00:00:00-05:00,614.5599975585938,619.2000122070312,606.8200073242188,610.6099853515625,603.2498779296875,997900,0.0,0.0
2026-01-07 00:00:00-05:00,616.4199829101562,617.989990234375,574.510009765625,577.010009765625,570.0549926757812,1674500,0.0,0.0
2026-01-08 00:00:00-05:00,617.8800048828125,638.8400268554688,585.9500122070312,590.7899780273438,583.6688232421875,3608000,0.0,0.0
2026-01-09 00:00:00-05:00,590.6799926757812,619.7899780273438,590.6799926757812,618.8200073242188,611.3610229492188,1449800,0.0,0.0
2026-01-12 00:00:00-05:00,623.6300048828125,635.760009765625,623.3800048828125,629.3200073242188,621.734375,1262600,0.0,0.0
2026-01-13 00:00:00-05:00,639.1599731445312,639.7899780273438,619.6799926757812,625.5,617.96044921875,1153800,0.0,0.0
2026-01-14 00:00:00-05:00,625.0,654.52001953125,624.8599853515625,653.1400146484375,645.2672729492188,1480900,0.0,0.0
2026-01-15 00:00:00-05:00,640.3699951171875,658.4099731445312,632.97998046875,654.6099853515625,646.7196044921875,965600,0.0,0.0
2026-01-16 00:00:00-05:00,657.5999755859375,669.6799926757812,657.260009765625,666.9000244140625,658.8615112304688,968900,0.0,0.0
2026-01-20 00:00:00-05:00,665.9299926757812,674.75,653.02001953125,657.2999877929688,649.3771362304688,1000500,0.0,0.0
2026-01-21 00:00:00-05:00,658.969970703125,669.6300048828125,654.6599731445312,664.1599731445312,656.1544189453125,1011100,0.0,0.0
2026-01-22 00:00:00-05:00,661.1799926757812,671.0999755859375,660.0,670.4400024414062,662.3588256835938,601900,0.0,0.0
2026-01-23 00:00:00-05:00,674.2000122070312,677.2999877929688,668.510009765625,672.9500122070312,664.8385009765625,597600,0.0,0.0
2026-01-26 00:00:00-05:00,670.0,671.4500122070312,659.1099853515625,660.969970703125,653.0028686523438,1024600,0.0,0.0
2026-01-27 00:00:00-05:00,649.6500244140625,683.010009765625,636.0,678.739990234375,670.5587158203125,1363400,0.0,0.0
2026-01-28 00:00:00-05:00,674.4600219726562,690.739990234375,664.0,689.1300048828125,680.823486328125,1222400,0.0,0.0
2026-01-29 00:00:00-05:00,695.4500122070312,705.4500122070312,686.0499877929688,695.3499755859375,686.968505859375,1064200,0.0,0.0
2026-01-30 00:00:00-05:00,688.0,697.6699829101562,681.0999755859375,692.260009765625,683.915771484375,953100,0.0,0.0
2026-02-02 00:00:00-05:00,685.0,690.469970703125,675.4000244140625,685.02001953125,676.7630615234375,1180100,0.0,0.0
2026-02-03 00:00:00-05:00,694.2000122070312,707.6599731445312,685.5,704.97998046875,696.482421875,942500,0.0,0.0
2026-02-04 00:00:00-05:00,705.75,709.3900146484375,677.3900146484375,689.75,681.4359741210938,1732000,0.0,0.0
2026-02-05 00:00:00-05:00,680.25,704.1799926757812,679.0,696.5,688.1046142578125,845300,0.0,0.0
2026-02-06 00:00:00-05:00,702.0,711.8800048828125,699.530029296875,709.1099853515625,700.5626220703125,634800,0.0,0.0
2026-02-09 00:00:00-05:00,712.1500244140625,715.6099853515625,698.0,698.02001953125,689.6063842773438,693900,0.0,0.0
2026-02-10 00:00:00-05:00,702.3200073242188,702.3200073242188,684.3699951171875,685.0,676.7432861328125,956100,0.0,0.0
2026-02-11 00:00:00-05:00,682.3400268554688,688.1099853515625,674.75,678.8300170898438,670.6476440429688,865000,0.0,0.0
2026-02-12 00:00:00-05:00,680.75,696.719970703125,679.9199829101562,695.0599975585938,686.6820068359375,887400,0.0,0.0
2026-02-13 00:00:00-05:00,696.7999877929688,709.0,696.260009765625,702.5700073242188,694.1015014648438,676200,0.0,0.0
2026-02-17 00:00:00-05:00,702.5599975585938,708.0,698.72998046875,701.1199951171875,692.6689453125,614500,0.0,0.0
2026-02-18 00:00:00-05:00,709.969970703125,725.5499877929688,702.489990234375,724.8300170898438,716.0932006835938,1194600,0.0,0.0
2026-02-19 00:00:00-05:00,727.260009765625,745.5499877929688,727.260009765625,736.8699951171875,727.9880981445312,1008400,0.0,0.0
2026-02-20 00:00:00-05:00,735.0,737.75,718.010009765625,723.5599975585938,714.8384399414062,744100,0.0,0.0
2026-02-23 00:00:00-05:00,721.260009765625,731.4500122070312,719.4199829101562,725.3900146484375,718.9417114257812,567200,2.31,0.0
2026-02-24 00:00:00-05:00,726.5599975585938,734.5800170898438,710.469970703125,727.72998046875,721.2608642578125,735000,0.0,0.0
2026-02-25 00:00:00-05:00,727.4000244140625,728.5,691.030029296875,703.6500244140625,697.3949584960938,1634900,0.0,0.0
2026-02-26 00:00:00-05:00,703.0,713.8099975585938,700.1699829101562,710.9000244140625,704.5805053710938,588000,0.0,0.0
2026-02-27 00:00:00-05:00,720.0,727.2899780273438,714.8099975585938,724.3800048828125,717.940673828125,896400,0.0,0.0
2026-03-02 00:00:00-05:00,745.0,768.219970703125,739.8099975585938,768.02001953125,761.1927490234375,1474400,0.0,0.0
2026-03-03 00:00:00-05:00,768.8499755859375,774.0,751.8699951171875,759.1099853515625,752.3618774414062,1304800,0.0,0.0
2026-03-04 00:00:00-05:00,757.5,758.280029296875,737.75,753.8400268554688,747.1388549804688,1205100,0.0,0.0
2026-03-05 00:00:00-05:00,749.6400146484375,751.9400024414062,734.3599853515625,740.010009765625,733.4317016601562,918800,0.0,0.0
2026-03-06 00:00:00-05:00,742.27001953125,758.6799926757812,738.010009765625,756.1300048828125,749.4083862304688,772900,0.0,0.0
2026-03-09 00:00:00-04:00,763.0,765.5800170898438,744.5700073242188,747.3400268554688,740.6965942382812,910400,0.0,0.0
2026-03-10 00:00:00-04:00,738.0,744.969970703125,730.1900024414062,734.97998046875,728.4464111328125,642000,0.0,0.0
2026-03-11 00:00:00-04:00,730.739990234375,742.0999755859375,728.5700073242188,733.1799926757812,726.6624145507812,622200,0.0,0.0
2026-03-12 00:00:00-04:00,736.4400024414062,746.1799926757812,726.5800170898438,736.2999877929688,729.7546997070312,753200,0.0,0.0
2026-03-13 00:00:00-04:00,739.9500122070312,746.8900146484375,728.3400268554688,733.7100219726562,727.187744140625,481900,0.0,0.0
2026-03-16 00:00:00-04:00,733.530029296875,737.4000244140625,726.1699829101562,735.9600219726562,729.417724609375,604600,0.0,0.0
2026-03-17 00:00:00-04:00,734.4400024414062,736.8699951171875,720.7999877929688,724.030029296875,717.5938110351562,764400,0.0,0.0
2026-03-18 00:00:00-04:00,729.989990234375,731.1799926757812,720.0,724.8400268554688,718.3966064453125,545500,0.0,0.0
2026-03-19 00:00:00-04:00,719.0800170898438,728.0,707.010009765625,714.1500244140625,707.8016357421875,849700,0.0,0.0
2026-03-20 00:00:00-04:00,714.719970703125,717.3400268554688,701.0,706.9500122070312,700.6656494140625,1718000,0.0,0.0
2026-03-23 00:00:00-04:00,705.8499755859375,706.72998046875,678.75,680.0,673.9552001953125,1225900,0.0,0.0
2026-03-24 00:00:00-04:00,670.0,689.2899780273438,668.2000122070312,682.1599731445312,676.095947265625,730600,0.0,0.0
2026-03-25 00:00:00-04:00,685.47998046875,692.7899780273438,681.7999877929688,691.2100219726562,685.0655517578125,579500,0.0,0.0
2026-03-26 00:00:00-04:00,689.6500244140625,696.9299926757812,687.47998046875,691.989990234375,685.8385620117188,543100,0.0,0.0
2026-03-27 00:00:00-04:00,692.260009765625,693.8499755859375,677.9600219726562,679.0,672.964111328125,581800,0.0,0.0
2026-03-30 00:00:00-04:00,689.0399780273438,693.010009765625,663.9299926757812,671.5900268554688,665.6199951171875,927300,0.0,0.0
2026-03-31 00:00:00-04:00,679.8599853515625,685.52001953125,667.280029296875,682.239990234375,676.1752319335938,551200,0.0,0.0
2026-04-01 00:00:00-04:00,689.3400268554688,702.1799926757812,684.75,697.0,690.8040161132812,551300,0.0,0.0
2026-04-02 00:00:00-04:00,700.7000122070312,708.5499877929688,698.1900024414062,702.5,696.255126953125,613000,0.0,0.0
2026-04-06 00:00:00-04:00,701.0,703.0599975585938,687.9500122070312,695.7899780273438,689.6047973632812,792500,0.0,0.0
2026-04-07 00:00:00-04:00,690.1400146484375,696.7899780273438,686.3900146484375,690.5,684.36181640625,608500,0.0,0.0
2026-04-08 00:00:00-04:00,677.469970703125,690.7899780273438,673.5,687.469970703125,681.3587036132812,1300700,0.0,0.0
2026-04-09 00:00:00-04:00,689.7000122070312,698.530029296875,685.0,690.5700073242188,684.4312133789062,777200,0.0,0.0
2026-04-10 00:00:00-04:00,685.3400268554688,687.0,665.0,673.72998046875,667.7409057617188,499800,0.0,0.0
2026-04-13 00:00:00-04:00,677.719970703125,683.8699951171875,677.010009765625,681.3099975585938,675.2535400390625,515900,0.0,0.0
2026-04-14 00:00:00-04:00,678.4600219726562,681.6799926757812,674.5499877929688,680.1300048828125,674.083984375,535100,0.0,0.0
2026-04-15 00:00:00-04:00,680.6599731445312,682.8800048828125,676.0,678.5900268554688,672.5577392578125,547300,0.0,0.0
2026-04-16 00:00:00-04:00,679.0999755859375,680.4099731445312,669.9000244140625,672.77001953125,666.7894897460938,670300,0.0,0.0
2026-04-17 00:00:00-04:00,671.02001953125,677.75,663.02001953125,665.260009765625,659.34619140625,745100,0.0,0.0
2026-04-20 00:00:00-04:00,667.0,673.3400268554688,653.3599853515625,656.97998046875,651.1397705078125,787900,0.0,0.0
2026-04-21 00:00:00-04:00,640.0,653.0,610.3900146484375,611.1300048828125,605.6973876953125,1632000,0.0,0.0
2026-04-22 00:00:00-04:00,611.0999755859375,615.0,583.5,589.6199951171875,584.3786010742188,1304900,0.0,0.0
2026-04-23 00:00:00-04:00,592.5700073242188,596.5,583.22998046875,587.6599731445312,582.4359741210938,1386800,0.0,0.0
2026-04-24 00:00:00-04:00,582.3200073242188,582.780029296875,569.0,575.1099853515625,569.99755859375,1041200,0.0,0.0
2026-04-27 00:00:00-04:00,577.0,588.260009765625,569.5599975585938,575.280029296875,570.1661376953125,932200,0.0,0.0
2026-04-28 00:00:00-04:00,581.9600219726562,582.989990234375,570.6599731445312,577.8200073242188,572.6835327148438,585900,0.0,0.0
2026-04-29 00:00:00-04:00,578.0,582.1300048828125,567.3300170898438,572.4099731445312,567.3215942382812,683900,0.0,0.0
2026-04-30 00:00:00-04:00,574.1400146484375,580.739990234375,573.25,579.47998046875,574.3286743164062,649600,0.0,0.0
2026-05-01 00:00:00-04:00,578.75,580.8599853515625,568.0900268554688,568.1400146484375,563.089599609375,647100,0.0,0.0
2026-05-04 00:00:00-04:00,567.3099975585938,577.5,565.1900024414062,567.0,561.9596557617188,708100,0.0,0.0
2026-05-05 00:00:00-04:00,570.0499877929688,570.5,553.4099731445312,558.5999755859375,553.63427734375,923300,0.0,0.0
2026-05-06 00:00:00-04:00,558.969970703125,560.6199951171875,551.25,559.5999755859375,554.62548828125,772400,0.0,0.0
2026-05-07 00:00:00-04:00,559.22998046875,561.3200073242188,548.2999877929688,552.27001953125,547.3606567382812,841500,0.0,0.0
2026-05-08 00:00:00-04:00,554.969970703125,555.030029296875,544.239990234375,549.52001953125,544.6350708007812,742700,0.0,0.0
2026-05-11 00:00:00-04:00,546.0,554.25,544.1199951171875,548.2100219726562,543.3367309570312,667400,0.0,0.0
2026-05-12 00:00:00-04:00,550.0,559.4600219726562,546.5700073242188,558.2999877929688,553.3370361328125,684900,0.0,0.0
2026-05-13 00:00:00-04:00,554.3499755859375,554.3499755859375,544.0999755859375,551.7999877929688,546.8948364257812,568100,0.0,0.0
2026-05-14 00:00:00-04:00,553.5399780273438,555.969970703125,547.2899780273438,548.6500244140625,543.7728271484375,524600,0.0,0.0
2026-05-15 00:00:00-04:00,548.719970703125,552.7999877929688,539.1400146484375,540.6900024414062,535.883544921875,648900,0.0,0.0
2026-05-18 00:00:00-04:00,540.0,552.75,539.0,550.0,545.11083984375,1286200,0.0,0.0
2026-05-19 00:00:00-04:00,552.9500122070312,557.0900268554688,550.0800170898438,556.3400268554688,551.3944702148438,829500,0.0,0.0
2026-05-20 00:00:00-04:00,556.0599975585938,556.0599975585938,547.5700073242188,552.1699829101562,547.261474609375,966000,0.0,0.0
2026-05-21 00:00:00-04:00,553.6199951171875,555.9600219726562,546.760009765625,551.5800170898438,546.6767578125,799100,0.0,0.0
2026-05-22 00:00:00-04:00,552.5399780273438,557.6900024414062,550.489990234375,555.5800170898438,550.6411743164062,652000,0.0,0.0
2026-05-26 00:00:00-04:00,557.72998046875,558.989990234375,550.3400268554688,556.7999877929688,551.850341796875,606900,0.0,0.0
2026-05-27 00:00:00-04:00,552.3499755859375,555.489990234375,548.5499877929688,551.3400268554688,546.43896484375,520700,0.0,0.0
2026-05-28 00:00:00-04:00,552.260009765625,560.5499877929688,551.3400268554688,559.2899780273438,554.3181762695312,1059200,0.0,0.0
2026-05-29 00:00:00-04:00,561.3099975585938,563.9299926757812,551.030029296875,563.6799926757812,558.669189453125,1975500,0.0,0.0
2026-06-01 00:00:00-04:00,559.9299926757812,559.9299926757812,538.6199951171875,539.219970703125,536.7786865234375,1321700,2.47,0.0
2026-06-02 00:00:00-04:00,535.1699829101562,538.4299926757812,531.7999877929688,536.5900268554688,534.16064453125,1333400,0.0,0.0
2026-06-03 00:00:00-04:00,533.5399780273438,538.4299926757812,525.72998046875,526.0599975585938,523.6783447265625,1220500,0.0,0.0
2026-06-04 00:00:00-04:00,532.5,545.4299926757812,531.3300170898438,545.1699829101562,542.7017822265625,1014300,0.0,0.0
2026-06-05 00:00:00-04:00,550.0,551.9600219726562,540.1699829101562,544.4000244140625,541.935302734375,1069700,0.0,0.0
2026-06-08 00:00:00-04:00,542.030029296875,546.8599853515625,531.5,540.8099975585938,538.3615112304688,1033200,0.0,0.0
2026-06-09 00:00:00-04:00,538.3499755859375,548.75,537.4400024414062,548.6699829101562,546.1859130859375,968200,0.0,0.0
2026-06-10 00:00:00-04:00,552.9000244140625,552.9199829101562,541.0,542.1400146484375,539.685546875,751200,0.0,0.0
2026-06-11 00:00:00-04:00,543.8699951171875,559.7000122070312,541.3800048828125,552.52001953125,550.0185546875,896900,0.0,0.0
2026-06-12 00:00:00-04:00,553.0,554.0599975585938,546.989990234375,550.3300170898438,547.8384399414062,800700,0.0,0.0
2026-06-15 00:00:00-04:00,542.3499755859375,546.0700073242188,536.739990234375,544.72998046875,542.2637939453125,1073300,0.0,0.0
2026-06-16 00:00:00-04:00,545.9000244140625,554.2000122070312,544.3499755859375,551.2100219726562,548.7144775390625,741200,0.0,0.0
2026-06-17 00:00:00-04:00,549.0,558.7999877929688,544.3499755859375,550.1500244140625,547.6593017578125,709400,0.0,0.0
2026-06-18 00:00:00-04:00,552.1400146484375,553.5,515.3800048828125,521.5,519.1389770507812,2402900,0.0,0.0
2026-06-22 00:00:00-04:00,515.5900268554688,516.0700073242188,503.67999267578125,507.3299865722656,505.0331115722656,1123000,0.0,0.0
2026-06-23 00:00:00-04:00,519.0700073242188,519.6300048828125,509.4800109863281,513.219970703125,510.89642333984375,790800,0.0,0.0
2026-06-24 00:00:00-04:00,515.1400146484375,517.1300048828125,502.7699890136719,503.010009765625,500.7326965332031,1222600,0.0,0.0
2026-06-25 00:00:00-04:00,501.0,512.4400024414062,498.75,499.3299865722656,497.0693359375,774800,0.0,0.0
2026-06-26 00:00:00-04:00,501.75,507.2799987792969,498.1300048828125,500.0299987792969,497.76617431640625,1584100,0.0,0.0
2026-06-29 00:00:00-04:00,502.0,503.80999755859375,493.8399963378906,496.0199890136719,493.7743225097656,1149300,0.0,0.0
2026-06-30 00:00:00-04:00,499.760009765625,509.57000732421875,495.1000061035156,509.30999755859375,507.004150390625,1293300,0.0,0.0
2026-07-01 00:00:00-04:00,514.4400024414062,525.3099975585938,511.0799865722656,519.9500122070312,517.5960083007812,902800,0.0,0.0
2026-07-02 00:00:00-04:00,527.8900146484375,549.010009765625,527.8900146484375,549.010009765625,546.5244140625,1741600,0.0,0.0
2026-07-06 00:00:00-04:00,547.0,548.510009765625,537.3699951171875,547.75,545.2701416015625,917800,0.0,0.0
2026-07-07 00:00:00-04:00,551.0399780273438,552.6300048828125,544.280029296875,549.0399780273438,546.5542602539062,702800,0.0,0.0
2026-07-08 00:00:00-04:00,546.0399780273438,548.1500244140625,539.0,545.1099853515625,542.64208984375,955400,0.0,0.0
2026-07-09 00:00:00-04:00,537.5499877929688,539.6500244140625,528.02001953125,532.22998046875,529.8203735351562,938000,0.0,0.0
2026-07-10 00:00:00-04:00,534.6699829101562,541.0800170898438,529.9400024414062,539.6300048828125,537.1868896484375,455700,0.0,0.0
2026-07-13 00:00:00-04:00,540.52001953125,545.5399780273438,536.8499755859375,541.8200073242188,539.3670043945312,633600,0.0,0.0
2026-07-14 00:00:00-04:00,536.8800048828125,544.1099853515625,527.9400024414062,528.6699829101562,526.2764892578125,773500,0.0,0.0
2026-07-15 00:00:00-04:00,531.8800048828125,535.9199829101562,524.8699951171875,525.219970703125,522.8421020507812,824500,0.0,0.0
2026-07-16 00:00:00-04:00,525.8099975585938,529.4400024414062,517.1599731445312,518.6500244140625,516.3018798828125,1270200,0.0,0.0
2026-07-17 00:00:00-04:00,525.0700073242188,538.9600219726562,520.6599731445312,521.5700073242188,519.2086791992188,1047500,0.0,0.0
2026-07-20 00:00:00-04:00,523.47998046875,533.0700073242188,522.75,523.9600219726562,521.5878295898438,1032000,0.0,0.0
2026-07-21 00:00:00-04:00,490.0,514.1400146484375,479.0199890136719,512.2899780273438,509.97064208984375,2447000,0.0,0.0
2026-07-22 00:00:00-04:00,523.0900268554688,535.6400146484375,518.469970703125,525.280029296875,522.90185546875,1056500,0.0,0.0
2026-07-23 00:00:00-04:00,537.1900024414062,546.760009765625,526.3599853515625,533.47998046875,531.064697265625,1083600,0.0,0.0
2026-07-24 00:00:00-04:00,535.5,544.6699829101562,534.4500122070312,542.239990234375,539.7850341796875,654900,0.0,0.0
2026-07-27 00:00:00-04:00,542.4400024414062,552.0,542.219970703125,547.5800170898438,545.1008911132812,680100,0.0,0.0
2026-07-28 00:00:00-04:00,558.0,565.4199829101562,548.5800170898438,549.219970703125,546.7334594726562,944000,0.0,0.0
2026-07-29 00:00:00-04:00,554.3499755859375,554.9299926757812,534.239990234375,535.0499877929688,532.6276245117188,760300,0.0,0.0
2026-07-30 00:00:00-04:00,529.0700073242188,535.030029296875,519.77001953125,534.8499755859375,532.4285278320312,774600,0.0,0.0
2026-07-31 00:00:00-04:00,534.8499755859375,545.219970703125,530.0800170898438,542.47998046875,540.0239868164062,852900,0.0,0.0
2026-08-03 00:00:00-04:00,546.02001953125,557.6099853515625,543.530029296875,548.469970703125,545.98681640625,672800,0.0,0.0
2026-08-04 00:00:00-04:00,547.77001953125,555.0,541.0900268554688,551.5499877929688,549.0529174804688,753100,0.0,0.0
2026-08-05 00:00:00-04:00,555.8800048828125,557.5700073242188,549.77001953125,557.469970703125,554.9461059570312,627900,0.0,0.0
2026-08-06 00:00:00-04:00,563.8099975585938,568.6799926757812,559.0,567.739990234375,565.1696166992188,603900,0.0,0.0
2026-08-07 00:00:00-04:00,566.7999877929688,572.75,560.5399780273438,571.5800170898438,568.9922485351562,442900,0.0,0.0
2026-08-10 00:00:00-04:00,575.0,581.5900268554688,573.1099853515625,577.8900146484375,575.273681640625,643000,0.0,0.0
2026-08-11 00:00:00-04:00,575.9400024414062,580.75,572.97998046875,575.6900024414062,573.0836181640625,430400,0.0,0.0
2026-08-12 00:00:00-04:00,571.0700073242188,580.0399780273438,569.510009765625,577.3200073242188,574.7062377929688,626600,0.0,0.0
2026-08-13 00:00:00-04:00,578.719970703125,579.9400024414062,571.9199829101562,574.739990234375,572.137939453125,409500,0.0,0.0
2026-08-14 00:00:00-04:00,579.3599853515625,586.3599853515625,574.4400024414062,585.8699951171875,583.217529296875,599200,0.0,0.0
2026-08-17 00:00:00-04:00,581.8499755859375,584.9600219726562,569.25,570.2000122070312,567.6184692382812,659800,0.0,0.0
2026-08-18 00:00:00-04:00,579.0700073242188,594.510009765625,576.2000122070312,589.1400146484375,586.4727783203125,763800,0.0,0.0
2026-08-19 00:00:00-04:00,583.3499755859375,591.5499877929688,578.8499755859375,582.8400268554688,580.2012939453125,671700,0.0,0.0
2026-08-20 00:00:00-04:00,580.739990234375,586.0,563.4299926757812,563.8599853515625,561.3071899414062,1236100,0.0,0.0
2026-08-21 00:00:00-04:00,566.1400146484375,567.510009765625,550.1799926757812,551.030029296875,548.5352783203125,926700,0.0,0.0
2026-08-24 00:00:00-04:00,553.0,553.0,546.5,549.280029296875,546.793212890625,440900,0.0,0.0
2026-08-25 00:00:00-04:00,547.8200073242188,549.7899780273438,540.0399780273438,542.52001953125,540.0638427734375,554000,0.0,0.0
2026-08-26 00:00:00-04:00,543.0800170898438,553.6099853515625,543.0800170898438,549.9500122070312,547.4601440429688,561200,0.0,0.0
2026-08-27 00:00:00-04:00,547.0599975585938,548.3099975585938,542.739990234375,545.1300048828125,542.6619873046875,814000,0.0,0.0
2026-08-28 00:00:00-04:00,547.3699951171875,547.6799926757812,542.7899780273438,545.5700073242188,543.0999755859375,392900,0.0,0.0
2026-08-31 00:00:00-04:00,539.6300048828125,541.2999877929688,537.0,539.7000122070312,539.7000122070312,764900,2.47,0.0
2026-09-01 00:00:00-04:00,543.0999755859375,549.77001953125,530.1300048828125,532.9099731445312,532.9099731445312,499300,0.0,0.0
2026-09-02 00:00:00-04:00,534.8400268554688,535.8599853515625,523.719970703125,523.8200073242188,523.8200073242188,759300,0.0,0.0
2026-09-03 00:00:00-04:00,529.2000122070312,534.7000122070312,521.6599731445312,528.239990234375,528.239990234375,874100,0.0,0.0
2026-09-04 00:00:00-04:00,525.5599975585938,525.5599975585938,512.5399780273438,514.97998046875,514.97998046875,912200,0.0,0.0
2026-09-08 00:00:00-04:00,516.0,523.6699829101562,515.0599975585938,518.5800170898438,518.5800170898438,1207400,0.0,0.0
2026-09-09 00:00:00-04:00,521.6699829101562,526.9400024414062,515.510009765625,515.5700073242188,515.5700073242188,698500,0.0,0.0
2026-09-10 00:00:00-04:00,517.0499877929688,523.3800048828125,516.0,518.9500122070312,518.9500122070312,934000,0.0,0.0
2026-09-11 00:00:00-04:00,522.0,523.010009765625,515.25,518.969970703125,518.969970703125,588100,0.0,0.0
2026-09-14 00:00:00-04:00,524.3699951171875,534.2999877929688,521.010009765625,527.3900146484375,527.3900146484375,887200,0.0,0.0
2026-09-15 00:00:00-04:00,529.3099975585938,536.6199951171875,524.3599853515625,531.25,531.25,771200,0.0,0.0
2026-09-16 00:00:00-04:00,530.0,534.4000244140625,527.22998046875,530.780029296875,530.780029296875,538000,0.0,0.0
2026-09-17 00:00:00-04:00,530.2100219726562,534.8599853515625,518.3400268554688,524.0,524.0,1100000,0.0,0.0
2026-09-18 00:00:00-04:00,523.6799926757812,528.27001953125,519.9000244140625,527.3900146484375,527.3900146484375,1257800,0.0,0.0
2026-09-21 00:00:00-04:00,524.489990234375,527.030029296875,517.469970703125,526.6599731445312,526.6599731445312,1077400,0.0,0.0
