Date,Open,High,Low,Close,Adj Close,Volume,Dividends,Stock Splits
2015-01-02 00:00:00-05:00,49.900001525878906,50.349998474121094,49.529998779296875,49.91999816894531,24.27613067626953,1569200,0.0,0.0
2015-01-05 00:00:00-05:00,49.25,49.279998779296875,46.970001220703125,47.060001373291016,22.88531494140625,2151200,0.0,0.0
2015-01-06 00:00:00-05:00,47.060001373291016,47.349998474121094,44.77000045776367,45.099998474121094,21.932167053222656,2959800,0.0,0.0
2015-01-07 00:00:00-05:00,45.61000061035156,45.84000015258789,44.369998931884766,44.77000045776367,21.771684646606445,2441900,0.0,0.0
2015-01-08 00:00:00-05:00,45.38999938964844,45.599998474121094,44.939998626708984,45.2599983215332,22.00997543334961,1624100,0.0,0.0
2015-01-09 00:00:00-05:00,45.150001525878906,45.439998626708984,43.2400016784668,43.720001220703125,21.261070251464844,2742300,0.0,0.0
2015-01-12 00:00:00-05:00,43.06999969482422,43.16999816894531,40.47999954223633,41.099998474121094,19.986967086791992,4277300,0.0,0.0
2015-01-13 00:00:00-05:00,41.189998626708984,41.97999954223633,39.529998779296875,40.22999954223633,19.563880920410156,2929800,0.0,0.0
2015-01-14 00:00:00-05:00,40.33000183105469,42.369998931884766,39.88999938964844,42.31999969482422,20.58025360107422,4809900,0.0,0.0
2015-01-15 00:00:00-05:00,42.63999938964844,43.63999938964844,42.22999954223633,42.29999923706055,20.570520401000977,3498000,0.0,0.0
2015-01-16 00:00:00-05:00,42.130001068115234,43.119998931884766,42.02000045776367,42.88999938964844,20.857446670532227,2134100,0.0,0.0
2015-01-20 00:00:00-05:00,43.08000183105469,43.75,42.5,43.689998626708984,21.246479034423828,2797600,0.0,0.0
2015-01-21 00:00:00-05:00,43.79999923706055,45.43000030517578,43.75,45.369998931884766,22.06346893310547,3137600,0.0,0.0
2015-01-22 00:00:00-05:00,45.939998626708984,46.2400016784668,44.15999984741211,44.5,21.6403865814209,4600900,0.0,0.0
2015-01-23 00:00:00-05:00,44.38999938964844,44.86000061035156,43.7599983215332,44.060001373291016,21.426410675048828,2130600,0.0,0.0
2015-01-26 00:00:00-05:00,44.209999084472656,45.22999954223633,44.060001373291016,45.029998779296875,21.898122787475586,1252400,0.0,0.0
2015-01-27 00:00:00-05:00,44.84000015258789,45.439998626708984,44.31999969482422,44.689998626708984,21.732786178588867,1662200,0.0,0.0
2015-01-28 00:00:00-05:00,44.209999084472656,44.560001373291016,42.060001373291016,42.16999816894531,20.788740158081055,2225900,0.605,0.0
2015-01-29 00:00:00-05:00,42.400001525878906,43.11000061035156,41.47999954223633,43.029998779296875,21.21269416809082,1611100,0.0,0.0
2015-01-30 00:00:00-05:00,42.7400016784668,44.34000015258789,42.369998931884766,44.029998779296875,21.70566749572754,2573500,0.0,0.0
2015-02-02 00:00:00-05:00,44.400001525878906,45.2599983215332,44.130001068115234,45.189998626708984,22.27753257751465,2076900,0.0,0.0
2015-02-03 00:00:00-05:00,45.439998626708984,46.9900016784668,45.36000061035156,46.779998779296875,23.061349868774414,2221200,0.0,0.0
2015-02-04 00:00:00-05:00,45.75,46.09000015258789,44.77000045776367,45.470001220703125,22.415550231933594,2213800,0.0,0.0
2015-02-05 00:00:00-05:00,46.15999984741211,47.83000183105469,45.90999984741211,47.220001220703125,23.278255462646484,1835200,0.0,0.0
2015-02-06 00:00:00-05:00,47.31999969482422,47.43000030517578,46.0,46.880001068115234,23.110652923583984,2105500,0.0,0.0
2015-02-09 00:00:00-05:00,46.95000076293945,47.380001068115234,46.0,46.20000076293945,22.775419235229492,1420100,0.0,0.0
2015-02-10 00:00:00-05:00,46.439998626708984,46.5,45.130001068115234,46.130001068115234,22.740917205810547,1662200,0.0,0.0
2015-02-11 00:00:00-05:00,45.720001220703125,45.93000030517578,45.099998474121094,45.66999816894531,22.51415252685547,1370600,0.0,0.0
2015-02-12 00:00:00-05:00,46.27000045776367,48.02000045776367,46.0099983215332,47.279998779296875,23.307836532592773,2981600,0.0,0.0
2015-02-13 00:00:00-05:00,47.7400016784668,48.290000915527344,47.08000183105469,47.31999969482422,23.327560424804688,2571700,0.0,0.0
2015-02-17 00:00:00-05:00,47.310001373291016,48.650001525878906,46.63999938964844,48.5099983215332,23.91419792175293,2618100,0.0,0.0
2015-02-18 00:00:00-05:00,48.34000015258789,48.66999816894531,47.7599983215332,48.220001220703125,23.771224975585938,2030200,0.0,0.0
2015-02-19 00:00:00-05:00,47.5099983215332,48.189998626708984,47.15999984741211,47.5,23.416296005249023,2007000,0.0,0.0
2015-02-20 00:00:00-05:00,47.470001220703125,47.939998626708984,47.16999816894531,47.66999816894531,23.500097274780273,1670800,0.0,0.0
2015-02-23 00:00:00-05:00,47.18000030517578,47.68000030517578,46.02000045776367,47.41999816894531,23.376855850219727,2466100,0.0,0.0
2015-02-24 00:00:00-05:00,46.20000076293945,46.220001220703125,44.72999954223633,45.099998474121094,22.233152389526367,3532700,0.0,0.0
2015-02-25 00:00:00-05:00,44.970001220703125,45.5099983215332,44.52000045776367,45.38999938964844,22.376108169555664,2563800,0.0,0.0
2015-02-26 00:00:00-05:00,45.150001525878906,45.27000045776367,43.59000015258789,43.970001220703125,21.67609214782715,2315100,0.0,0.0
2015-02-27 00:00:00-05:00,44.29999923706055,44.349998474121094,43.58000183105469,44.2599983215332,21.81905174255371,1609400,0.0,0.0
2015-03-02 00:00:00-05:00,44.2599983215332,44.290000915527344,43.59000015258789,44.06999969482422,21.725391387939453,1397500,0.0,0.0
2015-03-03 00:00:00-05:00,44.09000015258789,45.279998779296875,44.04999923706055,45.22999954223633,22.297239303588867,1563700,0.0,0.0
2015-03-04 00:00:00-05:00,45.20000076293945,45.27000045776367,44.34000015258789,45.029998779296875,22.198646545410156,1842800,0.0,0.0
2015-03-05 00:00:00-05:00,45.119998931884766,46.130001068115234,45.099998474121094,45.9900016784668,22.671899795532227,1774100,0.0,0.0
2015-03-06 00:00:00-05:00,45.459999084472656,47.15999984741211,45.349998474121094,47.130001068115234,23.2338924407959,3267800,0.0,0.0
2015-03-09 00:00:00-04:00,47.560001373291016,48.279998779296875,46.66999816894531,46.9900016784668,23.16486930847168,3905200,0.0,0.0
2015-03-10 00:00:00-04:00,46.38999938964844,46.880001068115234,46.11000061035156,46.369998931884766,22.85922622680664,2268300,0.0,0.0
2015-03-11 00:00:00-04:00,45.72999954223633,46.63999938964844,45.72999954223633,46.11000061035156,22.73105812072754,1729100,0.0,0.0
2015-03-12 00:00:00-04:00,46.34000015258789,46.4900016784668,45.88999938964844,46.34000015258789,22.844449996948242,1612300,0.0,0.0
2015-03-13 00:00:00-04:00,46.27000045776367,46.310001373291016,44.310001373291016,44.869998931884766,22.119773864746094,2630000,0.0,0.0
2015-03-16 00:00:00-04:00,44.84000015258789,45.15999984741211,44.16999816894531,45.130001068115234,22.247941970825195,2323900,0.0,0.0
2015-03-17 00:00:00-04:00,44.849998474121094,45.849998474121094,44.720001220703125,45.779998779296875,22.568378448486328,1614300,0.0,0.0
2015-03-18 00:00:00-04:00,45.880001068115234,47.5,45.31999969482422,47.43000030517578,23.381786346435547,2345800,0.0,0.0
2015-03-19 00:00:00-04:00,47.11000061035156,47.189998626708984,46.130001068115234,46.41999816894531,22.883880615234375,1683600,0.0,0.0
2015-03-20 00:00:00-04:00,46.959999084472656,47.880001068115234,46.75,47.369998931884766,23.352201461791992,5568700,0.0,0.0
2015-03-23 00:00:00-04:00,47.369998931884766,48.720001220703125,47.369998931884766,48.619998931884766,23.968425750732422,1869100,0.0,0.0
2015-03-24 00:00:00-04:00,48.52000045776367,48.540000915527344,46.77000045776367,46.95000076293945,23.14515495300293,2153000,0.0,0.0
2015-03-25 00:00:00-04:00,47.11000061035156,47.619998931884766,46.790000915527344,47.060001373291016,23.19938087463379,1432300,0.0,0.0
2015-03-26 00:00:00-04:00,47.849998474121094,47.849998474121094,46.77000045776367,47.15999984741211,23.248689651489258,1013500,0.0,0.0
2015-03-27 00:00:00-04:00,46.939998626708984,47.4900016784668,46.310001373291016,47.04999923706055,23.19445037841797,1213300,0.0,0.0
2015-03-30 00:00:00-04:00,47.439998626708984,48.18000030517578,47.2599983215332,48.040000915527344,23.6825008392334,2092500,0.0,0.0
2015-03-31 00:00:00-04:00,47.810001373291016,48.709999084472656,47.70000076293945,48.2400016784668,23.781091690063477,2363700,0.0,0.0
2015-04-01 00:00:00-04:00,48.220001220703125,49.150001525878906,48.220001220703125,48.34000015258789,23.830392837524414,1620600,0.0,0.0
2015-04-02 00:00:00-04:00,48.25,49.099998474121094,47.75,48.06999969482422,23.69728660583496,1272800,0.0,0.0
2015-04-06 00:00:00-04:00,48.15999984741211,49.099998474121094,48.150001525878906,48.869998931884766,24.091665267944336,1491400,0.0,0.0
2015-04-07 00:00:00-04:00,48.790000915527344,48.90999984741211,48.2400016784668,48.45000076293945,23.884611129760742,1658500,0.0,0.0
2015-04-08 00:00:00-04:00,48.63999938964844,48.869998931884766,47.540000915527344,47.66999816894531,23.500097274780273,1274800,0.0,0.0
2015-04-09 00:00:00-04:00,47.790000915527344,48.220001220703125,47.560001373291016,48.08000183105469,23.702224731445312,1100900,0.0,0.0
2015-04-10 00:00:00-04:00,48.189998626708984,48.439998626708984,48.06999969482422,48.25,23.786020278930664,879400,0.0,0.0
2015-04-13 00:00:00-04:00,48.34000015258789,48.54999923706055,47.2599983215332,47.650001525878906,23.490234375,1469800,0.0,0.0
2015-04-14 00:00:00-04:00,47.970001220703125,49.220001220703125,47.869998931884766,49.20000076293945,24.254344940185547,1380500,0.0,0.0
2015-04-15 00:00:00-04:00,49.5,51.529998779296875,49.25,51.06999969482422,25.176219940185547,2730400,0.0,0.0
2015-04-16 00:00:00-04:00,50.83000183105469,50.970001220703125,49.779998779296875,50.34000015258789,24.816335678100586,1296000,0.0,0.0
2015-04-17 00:00:00-04:00,49.95000076293945,50.099998474121094,49.220001220703125,49.540000915527344,24.421968460083008,1420700,0.0,0.0
2015-04-20 00:00:00-04:00,49.56999969482422,49.97999954223633,49.06999969482422,49.130001068115234,24.21984100341797,1993100,0.0,0.0
2015-04-21 00:00:00-04:00,49.380001068115234,49.470001220703125,47.869998931884766,48.060001373291016,23.69234848022461,2178900,0.0,0.0
2015-04-22 00:00:00-04:00,48.31999969482422,48.97999954223633,47.77000045776367,48.939998626708984,24.126182556152344,1581000,0.0,0.0
2015-04-23 00:00:00-04:00,49.04999923706055,49.77000045776367,49.0099983215332,49.2599983215332,24.28392219543457,867800,0.0,0.0
2015-04-24 00:00:00-04:00,49.29999923706055,49.61000061035156,48.959999084472656,49.22999954223633,24.269134521484375,1035300,0.0,0.0
2015-04-27 00:00:00-04:00,49.439998626708984,49.5099983215332,48.4900016784668,48.56999969482422,23.943775177001953,1320400,0.0,0.0
2015-04-28 00:00:00-04:00,47.959999084472656,48.470001220703125,47.7400016784668,48.2400016784668,24.081045150756836,1424500,0.605,0.0
2015-04-29 00:00:00-04:00,47.970001220703125,48.709999084472656,47.77000045776367,48.59000015258789,24.255775451660156,994200,0.0,0.0
2015-04-30 00:00:00-04:00,48.59000015258789,48.77000045776367,47.2599983215332,48.099998474121094,24.011167526245117,2809400,0.0,0.0
2015-05-01 00:00:00-04:00,48.119998931884766,48.720001220703125,47.849998474121094,48.65999984741211,24.29071807861328,1318400,0.0,0.0
2015-05-04 00:00:00-04:00,48.650001525878906,48.86000061035156,48.11000061035156,48.119998931884766,24.021148681640625,1470300,0.0,0.0
2015-05-05 00:00:00-04:00,48.36000061035156,48.970001220703125,47.90999984741211,47.95000076293945,23.93628692626953,1916600,0.0,0.0
2015-05-06 00:00:00-04:00,46.88999938964844,46.88999938964844,44.2599983215332,44.84000015258789,22.383792877197266,7018700,0.0,0.0
2015-05-07 00:00:00-04:00,44.77000045776367,44.90999984741211,43.279998779296875,43.91999816894531,21.924541473388672,3742800,0.0,0.0
2015-05-08 00:00:00-04:00,44.209999084472656,44.83000183105469,43.43000030517578,44.75,22.3388729095459,2672400,0.0,0.0
2015-05-11 00:00:00-04:00,44.790000915527344,44.790000915527344,43.27000045776367,43.380001068115234,21.65497589111328,1911800,0.0,0.0
2015-05-12 00:00:00-04:00,43.31999969482422,43.619998931884766,42.90999984741211,43.36000061035156,21.64499282836914,2570500,0.0,0.0
2015-05-13 00:00:00-04:00,44.400001525878906,47.290000915527344,44.209999084472656,44.5099983215332,22.219058990478516,5342000,0.0,0.0
2015-05-14 00:00:00-04:00,44.650001525878906,44.84000015258789,44.31999969482422,44.63999938964844,22.283964157104492,1452400,0.0,0.0
2015-05-15 00:00:00-04:00,44.630001068115234,45.939998626708984,44.18000030517578,45.689998626708984,22.808109283447266,1750200,0.0,0.0
2015-05-18 00:00:00-04:00,45.52000045776367,46.220001220703125,45.220001220703125,45.849998474121094,22.887983322143555,1531100,0.0,0.0
2015-05-19 00:00:00-04:00,45.38999938964844,45.65999984741211,44.720001220703125,45.11000061035156,22.518577575683594,1835500,0.0,0.0
2015-05-20 00:00:00-04:00,45.189998626708984,45.29999923706055,44.68000030517578,45.150001525878906,22.538549423217773,1165100,0.0,0.0
2015-05-21 00:00:00-04:00,45.20000076293945,45.93000030517578,44.95000076293945,45.09000015258789,22.50859260559082,1445100,0.0,0.0
2015-05-22 00:00:00-04:00,44.86000061035156,45.02000045776367,44.09000015258789,44.150001525878906,22.03936004638672,1690900,0.0,0.0
2015-05-26 00:00:00-04:00,43.869998931884766,44.2400016784668,43.630001068115234,43.650001525878906,21.78976058959961,1358200,0.0,0.0
2015-05-27 00:00:00-04:00,43.65999984741211,43.9900016784668,42.779998779296875,43.099998474121094,21.515207290649414,1747500,0.0,0.0
2015-05-28 00:00:00-04:00,42.86000061035156,43.04999923706055,41.83000183105469,42.209999084472656,21.0709228515625,2404100,0.0,0.0
2015-05-29 00:00:00-04:00,42.25,42.36000061035156,41.61000061035156,41.91999816894531,20.926151275634766,2346500,0.0,0.0
2015-06-01 00:00:00-04:00,41.880001068115234,42.04999923706055,41.22999954223633,41.310001373291016,20.62164878845215,1750900,0.0,0.0
2015-06-02 00:00:00-04:00,41.34000015258789,42.06999969482422,41.27000045776367,41.56999969482422,20.751434326171875,1569700,0.0,0.0
2015-06-03 00:00:00-04:00,41.2599983215332,41.380001068115234,40.689998626708984,40.689998626708984,20.312149047851562,1781900,0.0,0.0
2015-06-04 00:00:00-04:00,40.400001525878906,40.70000076293945,39.720001220703125,39.75,19.842912673950195,2019200,0.0,0.0
2015-06-05 00:00:00-04:00,39.119998931884766,40.09000015258789,38.63999938964844,39.88999938964844,19.912797927856445,4608700,0.0,0.0
2015-06-08 00:00:00-04:00,39.70000076293945,40.040000915527344,39.34000015258789,39.459999084472656,19.698144912719727,2163600,0.0,0.0
2015-06-09 00:00:00-04:00,39.77000045776367,40.0099983215332,39.33000183105469,39.439998626708984,19.688154220581055,1811700,0.0,0.0
2015-06-10 00:00:00-04:00,39.959999084472656,40.04999923706055,39.290000915527344,39.31999969482422,19.628252029418945,2336200,0.0,0.0
2015-06-11 00:00:00-04:00,39.459999084472656,39.66999816894531,39.099998474121094,39.380001068115234,19.658201217651367,3169400,0.0,0.0
2015-06-12 00:00:00-04:00,39.20000076293945,39.209999084472656,38.439998626708984,38.83000183105469,19.383647918701172,3557400,0.0,0.0
2015-06-15 00:00:00-04:00,38.59000015258789,39.529998779296875,38.529998779296875,39.02000045776367,19.478496551513672,2526700,0.0,0.0
2015-06-16 00:00:00-04:00,39.0,39.380001068115234,38.5099983215332,38.95000076293945,19.443553924560547,2475700,0.0,0.0
2015-06-17 00:00:00-04:00,39.06999969482422,39.290000915527344,38.66999816894531,39.209999084472656,19.57334327697754,1709100,0.0,0.0
2015-06-18 00:00:00-04:00,39.290000915527344,39.4900016784668,38.75,39.27000045776367,19.60329818725586,1688600,0.0,0.0
2015-06-19 00:00:00-04:00,39.189998626708984,39.54999923706055,38.810001373291016,39.040000915527344,19.488479614257812,2078700,0.0,0.0
2015-06-22 00:00:00-04:00,39.790000915527344,41.29999923706055,39.790000915527344,40.790000915527344,20.36207389831543,3713800,0.0,0.0
2015-06-23 00:00:00-04:00,40.81999969482422,41.08000183105469,40.59000015258789,40.63999938964844,20.287187576293945,1801600,0.0,0.0
2015-06-24 00:00:00-04:00,40.540000915527344,40.81999969482422,40.27000045776367,40.36000061035156,20.147417068481445,1501200,0.0,0.0
2015-06-25 00:00:00-04:00,40.209999084472656,40.36000061035156,39.29999923706055,39.310001373291016,19.623262405395508,1796300,0.0,0.0
2015-06-26 00:00:00-04:00,39.2599983215332,39.93000030517578,38.939998626708984,39.91999816894531,19.927762985229492,1906600,0.0,0.0
2015-06-29 00:00:00-04:00,39.349998474121094,39.880001068115234,39.06999969482422,39.11000061035156,19.52342414855957,1582300,0.0,0.0
2015-06-30 00:00:00-04:00,39.45000076293945,39.630001068115234,38.959999084472656,39.47999954223633,19.708127975463867,2106100,0.0,0.0
2015-07-01 00:00:00-04:00,39.540000915527344,39.7400016784668,38.63999938964844,38.79999923706055,19.368675231933594,2362700,0.0,0.0
2015-07-02 00:00:00-04:00,39.06999969482422,39.529998779296875,38.7599983215332,39.220001220703125,19.578336715698242,1136500,0.0,0.0
2015-07-06 00:00:00-04:00,38.77000045776367,38.97999954223633,37.779998779296875,37.93000030517578,18.934377670288086,1708500,0.0,0.0
2015-07-07 00:00:00-04:00,37.86000061035156,39.22999954223633,37.459999084472656,39.119998931884766,19.528419494628906,2565500,0.0,0.0
2015-07-08 00:00:00-04:00,38.93000030517578,39.7599983215332,38.279998779296875,38.5099983215332,19.223913192749023,2173000,0.0,0.0
2015-07-09 00:00:00-04:00,39.2400016784668,39.93000030517578,39.04999923706055,39.13999938964844,19.538400650024414,1893600,0.0,0.0
2015-07-10 00:00:00-04:00,39.15999984741211,39.61000061035156,38.79999923706055,39.540000915527344,19.738073348999023,1693700,0.0,0.0
2015-07-13 00:00:00-04:00,39.95000076293945,41.380001068115234,39.95000076293945,41.20000076293945,20.56673812866211,2168400,0.0,0.0
2015-07-14 00:00:00-04:00,41.130001068115234,41.4900016784668,41.02000045776367,41.400001525878906,20.666574478149414,1890900,0.0,0.0
2015-07-15 00:00:00-04:00,41.0,41.189998626708984,40.31999969482422,40.630001068115234,20.282196044921875,1924800,0.0,0.0
2015-07-16 00:00:00-04:00,40.77000045776367,41.0,40.54999923706055,40.97999954223633,20.45691680908203,1638400,0.0,0.0
2015-07-17 00:00:00-04:00,40.81999969482422,40.880001068115234,40.27000045776367,40.38999938964844,20.16238784790039,2053300,0.0,0.0
2015-07-20 00:00:00-04:00,40.25,40.400001525878906,38.84000015258789,39.09000015258789,19.51344108581543,2581200,0.0,0.0
2015-07-21 00:00:00-04:00,39.09000015258789,39.619998931884766,38.900001525878906,39.47999954223633,19.708127975463867,2749800,0.0,0.0
2015-07-22 00:00:00-04:00,39.2599983215332,39.279998779296875,38.02000045776367,38.29999923706055,19.119081497192383,2938900,0.0,0.0
2015-07-23 00:00:00-04:00,38.31999969482422,38.72999954223633,37.95000076293945,38.66999816894531,19.303773880004883,3573900,0.0,0.0
2015-07-24 00:00:00-04:00,38.77000045776367,38.81999969482422,37.599998474121094,37.68000030517578,18.80957794189453,2937800,0.0,0.0
2015-07-27 00:00:00-04:00,37.400001525878906,38.150001525878906,36.91999816894531,37.869998931884766,18.9044246673584,1830400,0.0,0.0
2015-07-28 00:00:00-04:00,37.84000015258789,39.20000076293945,37.599998474121094,38.7599983215332,19.348705291748047,2537200,0.0,0.0
2015-07-29 00:00:00-04:00,38.59000015258789,40.08000183105469,38.13999938964844,40.0,19.967708587646484,2572100,0.0,0.0
2015-07-30 00:00:00-04:00,39.130001068115234,39.790000915527344,37.40999984741211,37.90999984741211,19.21501922607422,2686500,0.605,0.0
2015-07-31 00:00:00-04:00,38.040000915527344,38.380001068115234,37.72999954223633,37.790000915527344,19.15419578552246,2633800,0.0,0.0
2015-08-03 00:00:00-04:00,37.54999923706055,37.54999923706055,36.40999984741211,36.56999969482422,18.53582763671875,2783200,0.0,0.0
2015-08-04 00:00:00-04:00,36.5,36.650001525878906,35.52000045776367,35.689998626708984,18.089786529541016,3039800,0.0,0.0
2015-08-05 00:00:00-04:00,38.52000045776367,38.869998931884766,34.630001068115234,34.81999969482422,17.648822784423828,5601700,0.0,0.0
2015-08-06 00:00:00-04:00,34.77000045776367,35.63999938964844,33.720001220703125,35.310001373291016,17.897186279296875,3157900,0.0,0.0
2015-08-07 00:00:00-04:00,35.18000030517578,35.7599983215332,34.150001525878906,34.31999969482422,17.395395278930664,1911700,0.0,0.0
2015-08-10 00:00:00-04:00,34.779998779296875,35.720001220703125,34.540000915527344,35.70000076293945,18.09486198425293,2419000,0.0,0.0
2015-08-11 00:00:00-04:00,35.16999816894531,36.060001373291016,34.720001220703125,36.040000915527344,18.26719093322754,2545300,0.0,0.0
2015-08-12 00:00:00-04:00,35.869998931884766,37.939998626708984,35.869998931884766,37.7599983215332,19.138986587524414,2472100,0.0,0.0
2015-08-13 00:00:00-04:00,37.529998779296875,38.220001220703125,35.959999084472656,36.34000015258789,18.41925048828125,5006800,0.0,0.0
2015-08-14 00:00:00-04:00,36.5099983215332,36.77000045776367,35.91999816894531,36.279998779296875,18.388843536376953,3051500,0.0,0.0
2015-08-17 00:00:00-04:00,36.2599983215332,36.790000915527344,36.15999984741211,36.59000015258789,18.54596710205078,2615700,0.0,0.0
2015-08-18 00:00:00-04:00,36.849998474121094,36.91999816894531,34.84000015258789,35.619998931884766,18.054306030273438,3506900,0.0,0.0
2015-08-19 00:00:00-04:00,35.279998779296875,35.560001373291016,33.75,34.9900016784668,17.734987258911133,4263200,0.0,0.0
2015-08-20 00:00:00-04:00,35.029998779296875,35.70000076293945,34.529998779296875,34.880001068115234,17.679235458374023,4488700,0.0,0.0
2015-08-21 00:00:00-04:00,34.58000183105469,35.15999984741211,33.9900016784668,34.130001068115234,17.299087524414062,3383500,0.0,0.0
2015-08-24 00:00:00-04:00,32.81999969482422,33.68000030517578,31.43000030517578,32.16999816894531,16.305648803710938,4431900,0.0,0.0
2015-08-25 00:00:00-04:00,33.540000915527344,33.540000915527344,31.6200008392334,31.6299991607666,16.03194808959961,3818000,0.0,0.0
2015-08-26 00:00:00-04:00,32.599998474121094,32.61000061035156,31.59000015258789,32.560001373291016,16.503326416015625,3317900,0.0,0.0
2015-08-27 00:00:00-04:00,32.959999084472656,34.66999816894531,32.5099983215332,34.47999954223633,17.47649383544922,2767900,0.0,0.0
2015-08-28 00:00:00-04:00,34.54999923706055,36.08000183105469,34.4900016784668,35.630001068115234,18.05938148498535,3194300,0.0,0.0
2015-08-31 00:00:00-04:00,35.310001373291016,36.36000061035156,34.56999969482422,36.0099983215332,18.251985549926758,3446300,0.0,0.0
2015-09-01 00:00:00-04:00,34.79999923706055,35.40999984741211,34.689998626708984,34.939998626708984,17.70965003967285,4036500,0.0,0.0
2015-09-02 00:00:00-04:00,35.630001068115234,35.70000076293945,34.220001220703125,35.34000015258789,17.912391662597656,2606100,0.0,0.0
2015-09-03 00:00:00-04:00,35.59000015258789,36.459999084472656,35.18000030517578,35.66999816894531,18.079648971557617,2218700,0.0,0.0
2015-09-04 00:00:00-04:00,34.52000045776367,35.599998474121094,34.349998474121094,35.400001525878906,17.94280242919922,3084300,0.0,0.0
2015-09-08 00:00:00-04:00,35.369998931884766,36.47999954223633,35.2400016784668,36.43000030517578,18.464868545532227,2414000,0.0,0.0
2015-09-09 00:00:00-04:00,36.31999969482422,36.939998626708984,35.709999084472656,35.84000015258789,18.16582489013672,2607600,0.0,0.0
2015-09-10 00:00:00-04:00,36.08000183105469,36.279998779296875,35.290000915527344,36.15999984741211,18.328014373779297,2126200,0.0,0.0
2015-09-11 00:00:00-04:00,35.380001068115234,35.7599983215332,34.689998626708984,35.189998626708984,17.836360931396484,1935400,0.0,0.0
2015-09-14 00:00:00-04:00,35.029998779296875,35.11000061035156,34.369998931884766,34.5,17.48662757873535,2105000,0.0,0.0
2015-09-15 00:00:00-04:00,34.959999084472656,35.209999084472656,34.56999969482422,34.849998474121094,17.664030075073242,2458700,0.0,0.0
2015-09-16 00:00:00-04:00,35.15999984741211,36.220001220703125,35.15999984741211,36.06999969482422,18.282390594482422,3049300,0.0,0.0
2015-09-17 00:00:00-04:00,36.290000915527344,37.060001373291016,35.939998626708984,36.279998779296875,18.388843536376953,2219900,0.0,0.0
2015-09-18 00:00:00-04:00,35.56999969482422,35.88999938964844,35.13999938964844,35.7400016784668,18.115137100219727,4600700,0.0,0.0
2015-09-21 00:00:00-04:00,35.95000076293945,36.68000030517578,35.56999969482422,36.4900016784668,18.495277404785156,1682700,0.0,0.0
2015-09-22 00:00:00-04:00,35.66999816894531,37.220001220703125,35.630001068115234,36.709999084472656,18.606788635253906,2499900,0.0,0.0
2015-09-23 00:00:00-04:00,36.77000045776367,37.189998626708984,35.2599983215332,35.33000183105469,17.907323837280273,1950200,0.0,0.0
2015-09-24 00:00:00-04:00,35.16999816894531,35.2400016784668,33.86000061035156,34.83000183105469,17.65389633178711,2217900,0.0,0.0
2015-09-25 00:00:00-04:00,35.09000015258789,35.279998779296875,34.599998474121094,35.189998626708984,17.836360931396484,1736400,0.0,0.0
2015-09-28 00:00:00-04:00,34.689998626708984,34.93000030517578,32.869998931884766,33.0,16.72634506225586,2774000,0.0,0.0
2015-09-29 00:00:00-04:00,33.290000915527344,33.56999969482422,30.670000076293945,30.860000610351562,15.641666412353516,4358600,0.0,0.0
2015-09-30 00:00:00-04:00,31.270000457763672,32.2400016784668,30.84000015258789,32.20000076293945,16.32085609436035,3112700,0.0,0.0
2015-10-01 00:00:00-04:00,32.5,33.0,32.189998626708984,32.779998779296875,16.614837646484375,3053800,0.0,0.0
2015-10-02 00:00:00-04:00,32.31999969482422,34.630001068115234,32.220001220703125,34.599998474121094,17.53731346130371,3265600,0.0,0.0
2015-10-05 00:00:00-04:00,35.150001525878906,36.97999954223633,35.11000061035156,36.939998626708984,18.723365783691406,2782200,0.0,0.0
2015-10-06 00:00:00-04:00,36.869998931884766,38.52000045776367,36.81999969482422,37.84000015258789,19.17953872680664,2435700,0.0,0.0
2015-10-07 00:00:00-04:00,38.380001068115234,39.459999084472656,38.11000061035156,38.869998931884766,19.70159912109375,2471100,0.0,0.0
2015-10-08 00:00:00-04:00,38.869998931884766,39.369998931884766,38.06999969482422,39.099998474121094,19.81818199157715,1847900,0.0,0.0
2015-10-09 00:00:00-04:00,39.2400016784668,39.869998931884766,38.91999816894531,39.58000183105469,20.061471939086914,2203400,0.0,0.0
2015-10-12 00:00:00-04:00,39.58000183105469,39.619998931884766,38.209999084472656,38.79999923706055,19.66612434387207,1469900,0.0,0.0
2015-10-13 00:00:00-04:00,38.349998474121094,39.02000045776367,38.06999969482422,38.130001068115234,19.32653045654297,1559200,0.0,0.0
2015-10-14 00:00:00-04:00,38.220001220703125,38.689998626708984,37.349998474121094,37.810001373291016,19.16433334350586,1980400,0.0,0.0
2015-10-15 00:00:00-04:00,37.79999923706055,38.70000076293945,36.7599983215332,38.61000061035156,19.569828033447266,2223900,0.0,0.0
2015-10-16 00:00:00-04:00,38.72999954223633,39.06999969482422,38.06999969482422,38.83000183105469,19.68132781982422,1396900,0.0,0.0
2015-10-19 00:00:00-04:00,38.5099983215332,38.599998474121094,37.470001220703125,38.33000183105469,19.427902221679688,2298500,0.0,0.0
2015-10-20 00:00:00-04:00,38.16999816894531,38.77000045776367,37.849998474121094,38.130001068115234,19.32653045654297,1254500,0.0,0.0
2015-10-21 00:00:00-04:00,38.040000915527344,38.36000061035156,37.20000076293945,37.400001525878906,18.956514358520508,1420800,0.0,0.0
2015-10-22 00:00:00-04:00,37.400001525878906,37.47999954223633,36.130001068115234,36.68000030517578,18.59158706665039,2699700,0.0,0.0
2015-10-23 00:00:00-04:00,36.689998626708984,38.0099983215332,35.720001220703125,36.22999954223633,18.363494873046875,1876200,0.0,0.0
2015-10-26 00:00:00-04:00,36.060001373291016,36.189998626708984,34.54999923706055,34.599998474121094,17.53731346130371,1993400,0.0,0.0
2015-10-27 00:00:00-04:00,33.959999084472656,33.9900016784668,32.65999984741211,33.27000045776367,16.863191604614258,2868400,0.0,0.0
2015-10-28 00:00:00-04:00,33.45000076293945,34.02000045776367,32.97999954223633,33.63999938964844,17.05073356628418,2666900,0.0,0.0
2015-10-29 00:00:00-04:00,32.88999938964844,33.709999084472656,32.18000030517578,33.279998779296875,17.182390213012695,1164900,0.615,0.0
2015-10-30 00:00:00-04:00,33.43000030517578,34.20000076293945,32.869998931884766,33.91999816894531,17.512819290161133,1643200,0.0,0.0
2015-11-02 00:00:00-05:00,33.5,34.61000061035156,33.439998626708984,34.400001525878906,17.760639190673828,1886000,0.0,0.0
2015-11-03 00:00:00-05:00,34.41999816894531,34.900001525878906,33.7599983215332,34.06999969482422,17.590261459350586,2316300,0.0,0.0
2015-11-04 00:00:00-05:00,34.65999984741211,35.650001525878906,32.900001525878906,33.560001373291016,17.326953887939453,2587100,0.0,0.0
2015-11-05 00:00:00-05:00,33.31999969482422,33.5,30.790000915527344,31.3700008392334,16.196260452270508,3391200,0.0,0.0
2015-11-06 00:00:00-05:00,31.06999969482422,31.6299991607666,30.1299991607666,31.600000381469727,16.31500816345215,2997200,0.0,0.0
2015-11-09 00:00:00-05:00,31.600000381469727,31.93000030517578,30.530000686645508,30.799999237060547,15.901968002319336,2654100,0.0,0.0
2015-11-10 00:00:00-05:00,30.75,31.010000228881836,30.309999465942383,30.780000686645508,15.891644477844238,1973400,0.0,0.0
2015-11-11 00:00:00-05:00,30.780000686645508,30.989999771118164,29.360000610351562,29.5,15.23078441619873,2633100,0.0,0.0
2015-11-12 00:00:00-05:00,29.3700008392334,29.43000030517578,28.139999389648438,28.219999313354492,14.569918632507324,2299100,0.0,0.0
2015-11-13 00:00:00-05:00,28.34000015258789,28.559999465942383,27.440000534057617,28.489999771118164,14.709321022033691,3573900,0.0,0.0
2015-11-16 00:00:00-05:00,28.639999389648438,29.739999771118164,28.40999984741211,29.719999313354492,15.344372749328613,2715100,0.0,0.0
2015-11-17 00:00:00-05:00,29.5,29.5,28.3700008392334,28.459999084472656,14.693836212158203,2128800,0.0,0.0
2015-11-18 00:00:00-05:00,28.6299991607666,29.8700008392334,28.59000015258789,29.299999237060547,15.127525329589844,2683400,0.0,0.0
2015-11-19 00:00:00-05:00,29.15999984741211,29.34000015258789,28.639999389648438,28.979999542236328,14.962310791015625,1633500,0.0,0.0
2015-11-20 00:00:00-05:00,28.899999618530273,29.25,28.399999618530273,28.600000381469727,14.76611614227295,1762300,0.0,0.0
2015-11-23 00:00:00-05:00,28.6200008392334,29.479999542236328,28.420000076293945,29.09000015258789,15.0191011428833,1762100,0.0,0.0
2015-11-24 00:00:00-05:00,29.139999389648438,30.389999389648438,29.110000610351562,30.280000686645508,15.633503913879395,2544800,0.0,0.0
2015-11-25 00:00:00-05:00,29.93000030517578,30.6299991607666,29.510000228881836,30.40999984741211,15.700615882873535,2389000,0.0,0.0
2015-11-27 00:00:00-05:00,29.940000534057617,30.43000030517578,29.40999984741211,29.459999084472656,15.210132598876953,957600,0.0,0.0
2015-11-30 00:00:00-05:00,29.6299991607666,29.8700008392334,29.15999984741211,29.479999542236328,15.220454216003418,2214900,0.0,0.0
2015-12-01 00:00:00-05:00,29.40999984741211,29.889999389648438,28.899999618530273,29.209999084472656,15.081055641174316,2410100,0.0,0.0
2015-12-02 00:00:00-05:00,28.809999465942383,28.8799991607666,26.920000076293945,26.989999771118164,13.934877395629883,3441400,0.0,0.0
2015-12-03 00:00:00-05:00,27.209999084472656,27.420000076293945,26.5,26.790000915527344,13.831615447998047,2912200,0.0,0.0
2015-12-04 00:00:00-05:00,26.649999618530273,26.899999618530273,24.600000381469727,24.799999237060547,12.804183959960938,4683200,0.0,0.0
2015-12-07 00:00:00-05:00,23.969999313354492,23.969999313354492,21.09000015258789,21.6200008392334,11.162357330322266,6363900,0.0,0.0
2015-12-08 00:00:00-05:00,21.110000610351562,22.299999237060547,20.90999984741211,21.459999084472656,11.079750061035156,5883400,0.0,0.0
2015-12-09 00:00:00-05:00,21.850000381469727,22.989999771118164,21.540000915527344,22.200000762939453,11.461812019348145,5529200,0.0,0.0
2015-12-10 00:00:00-05:00,22.170000076293945,22.920000076293945,21.799999237060547,22.299999237060547,11.513439178466797,3150500,0.0,0.0
2015-12-11 00:00:00-05:00,21.920000076293945,21.969999313354492,20.010000228881836,20.309999465942383,10.486004829406738,5705400,0.0,0.0
2015-12-14 00:00:00-05:00,20.110000610351562,20.610000610351562,19.68000030517578,20.600000381469727,10.635736465454102,4529800,0.0,0.0
2015-12-15 00:00:00-05:00,20.829999923706055,21.559999465942383,20.790000915527344,21.34000015258789,11.017792701721191,4748400,0.0,0.0
2015-12-16 00:00:00-05:00,21.079999923706055,21.6200008392334,20.559999465942383,20.8799991607666,10.780295372009277,3761600,0.0,0.0
2015-12-17 00:00:00-05:00,20.809999465942383,21.0,19.1200008392334,19.860000610351562,10.25367259979248,6815100,0.0,0.0
2015-12-18 00:00:00-05:00,19.809999465942383,20.1299991607666,18.84000015258789,18.93000030517578,9.773513793945312,9886000,0.0,0.0
2015-12-21 00:00:00-05:00,19.40999984741211,21.8700008392334,19.34000015258789,21.850000381469727,11.281107902526855,10064100,0.0,0.0
2015-12-22 00:00:00-05:00,21.770000457763672,23.65999984741211,21.479999542236328,23.1200008392334,11.936802864074707,7306300,0.0,0.0
2015-12-23 00:00:00-05:00,23.780000686645508,24.969999313354492,23.1200008392334,24.290000915527344,12.540873527526855,4638000,0.0,0.0
2015-12-24 00:00:00-05:00,24.350000381469727,24.719999313354492,23.8799991607666,24.1200008392334,12.453099250793457,2207600,0.0,0.0
2015-12-28 00:00:00-05:00,24.0,24.190000534057617,23.229999542236328,24.1200008392334,12.453099250793457,3239100,0.0,0.0
2015-12-29 00:00:00-05:00,24.5,24.8799991607666,23.649999618530273,24.049999237060547,12.416962623596191,3020000,0.0,0.0
2015-12-30 00:00:00-05:00,23.940000534057617,24.469999313354492,23.350000381469727,23.440000534057617,12.102017402648926,2354600,0.0,0.0
2015-12-31 00:00:00-05:00,23.860000610351562,24.790000915527344,23.31999969482422,24.65999984741211,12.73189926147461,3905200,0.0,0.0
2016-01-04 00:00:00-05:00,24.65999984741211,25.559999465942383,24.479999542236328,25.350000381469727,13.088147163391113,4140600,0.0,0.0
2016-01-05 00:00:00-05:00,25.309999465942383,25.65999984741211,24.969999313354492,25.3700008392334,13.098471641540527,3638600,0.0,0.0
2016-01-06 00:00:00-05:00,24.610000610351562,24.6299991607666,23.43000030517578,24.219999313354492,12.50473403930664,5046500,0.0,0.0
2016-01-07 00:00:00-05:00,23.75,24.1299991607666,22.670000076293945,22.780000686645508,11.761260032653809,3153600,0.0,0.0
2016-01-08 00:00:00-05:00,23.0,23.649999618530273,22.389999389648438,23.049999237060547,11.900662422180176,4032000,0.0,0.0
2016-01-11 00:00:00-05:00,23.709999084472656,23.81999969482422,22.200000762939453,22.610000610351562,11.673490524291992,3377300,0.0,0.0
2016-01-12 00:00:00-05:00,23.940000534057617,23.940000534057617,20.639999389648438,21.850000381469727,11.281107902526855,5058800,0.0,0.0
2016-01-13 00:00:00-05:00,22.049999237060547,22.25,20.3700008392334,20.969999313354492,10.826761245727539,5252700,0.0,0.0
2016-01-14 00:00:00-05:00,21.100000381469727,22.8700008392334,20.729999542236328,22.780000686645508,11.761260032653809,5665800,0.0,0.0
2016-01-15 00:00:00-05:00,21.290000915527344,22.200000762939453,20.979999542236328,21.940000534057617,11.327574729919434,4009800,0.0,0.0
2016-01-19 00:00:00-05:00,22.229999542236328,22.420000076293945,20.229999542236328,20.790000915527344,10.733832359313965,4104900,0.0,0.0
2016-01-20 00:00:00-05:00,20.809999465942383,21.1299991607666,18.979999542236328,20.040000915527344,10.34660530090332,6006400,0.0,0.0
2016-01-21 00:00:00-05:00,20.15999984741211,23.079999923706055,20.020000457763672,22.6200008392334,11.678654670715332,5255700,0.0,0.0
2016-01-22 00:00:00-05:00,23.649999618530273,25.149999618530273,23.25,25.100000381469727,12.959071159362793,8188000,0.0,0.0
2016-01-25 00:00:00-05:00,24.40999984741211,25.959999084472656,23.610000610351562,23.6200008392334,12.194952011108398,4500000,0.0,0.0
2016-01-26 00:00:00-05:00,24.260000228881836,24.790000915527344,23.420000076293945,24.299999237060547,12.546032905578613,3677400,0.0,0.0
2016-01-27 00:00:00-05:00,24.270000457763672,24.5,22.90999984741211,23.1299991607666,11.941967010498047,4562800,0.0,0.0
2016-01-28 00:00:00-05:00,23.420000076293945,24.190000534057617,23.18000030517578,23.90999984741211,12.681875228881836,4295900,0.615,0.0
2016-01-29 00:00:00-05:00,24.110000610351562,25.030000686645508,23.84000015258789,24.90999984741211,13.212272644042969,3715300,0.0,0.0
2016-02-01 00:00:00-05:00,24.110000610351562,24.15999984741211,22.850000381469727,23.440000534057617,12.432586669921875,3169700,0.0,0.0
2016-02-02 00:00:00-05:00,22.729999542236328,23.579999923706055,22.440000534057617,23.1200008392334,12.262858390808105,2672900,0.0,0.0
2016-02-03 00:00:00-05:00,23.739999771118164,24.75,22.649999618530273,24.639999389648438,13.06906795501709,3213700,0.0,0.0
2016-02-04 00:00:00-05:00,24.780000686645508,25.989999771118164,24.6299991607666,25.489999771118164,13.519906997680664,3751700,0.0,0.0
2016-02-05 00:00:00-05:00,25.100000381469727,25.719999313354492,24.540000915527344,25.540000915527344,13.546422958374023,4144500,0.0,0.0
2016-02-08 00:00:00-05:00,24.299999237060547,24.450000762939453,21.790000915527344,23.15999984741211,12.284072875976562,5770900,0.0,0.0
2016-02-09 00:00:00-05:00,21.809999465942383,22.139999389648438,19.860000610351562,20.6299991607666,10.942161560058594,9079500,0.0,0.0
2016-02-10 00:00:00-05:00,20.670000076293945,21.5,19.799999237060547,20.90999984741211,11.09067153930664,3969100,0.0,0.0
2016-02-11 00:00:00-05:00,20.100000381469727,20.770000457763672,18.8799991607666,19.6200008392334,10.406457901000977,5340700,0.0,0.0
2016-02-12 00:00:00-05:00,20.270000457763672,20.450000762939453,19.299999237060547,20.18000030517578,10.703481674194336,3936700,0.0,0.0
2016-02-16 00:00:00-05:00,20.479999542236328,21.149999618530273,20.260000228881836,21.030000686645508,11.154319763183594,3656000,0.0,0.0
2016-02-17 00:00:00-05:00,21.600000381469727,22.219999313354492,20.690000534057617,21.729999542236328,11.525603294372559,6085400,0.0,0.0
2016-02-18 00:00:00-05:00,22.1299991607666,22.200000762939453,20.5,21.190000534057617,11.239188194274902,3732500,0.0,0.0
2016-02-19 00:00:00-05:00,20.700000762939453,20.860000610351562,20.110000610351562,20.65999984741211,10.958073616027832,2798800,0.0,0.0
2016-02-22 00:00:00-05:00,21.149999618530273,21.75,21.06999969482422,21.399999618530273,11.350568771362305,4101600,0.0,0.0
2016-02-23 00:00:00-05:00,21.31999969482422,21.639999389648438,20.549999237060547,21.309999465942383,11.302831649780273,4627200,0.0,0.0
2016-02-24 00:00:00-05:00,20.700000762939453,21.709999084472656,19.940000534057617,21.520000457763672,11.414216995239258,5525400,0.0,0.0
2016-02-25 00:00:00-05:00,21.31999969482422,21.6200008392334,20.5,21.3700008392334,11.334659576416016,4214000,0.0,0.0
2016-02-26 00:00:00-05:00,21.979999542236328,23.68000030517578,21.780000686645508,23.010000228881836,12.204511642456055,5623500,0.0,0.0
2016-02-29 00:00:00-05:00,23.110000610351562,24.3700008392334,22.829999923706055,24.0,12.729612350463867,4217200,0.0,0.0
2016-03-01 00:00:00-05:00,24.229999542236328,24.5,23.34000015258789,24.200000762939453,12.835692405700684,2681700,0.0,0.0
2016-03-02 00:00:00-05:00,24.0,25.59000015258789,23.799999237060547,25.56999969482422,13.562341690063477,3211700,0.0,0.0
2016-03-03 00:00:00-05:00,25.329999923706055,26.899999618530273,25.31999969482422,26.600000381469727,14.108651161193848,4329400,0.0,0.0
2016-03-04 00:00:00-05:00,26.950000762939453,28.030000686645508,25.610000610351562,26.360000610351562,13.981358528137207,4675600,0.0,0.0
2016-03-07 00:00:00-05:00,26.3700008392334,28.170000076293945,26.3700008392334,27.6299991607666,14.6549654006958,4148300,0.0,0.0
2016-03-08 00:00:00-05:00,27.43000030517578,27.520000457763672,26.020000457763672,26.219999313354492,13.907103538513184,4921200,0.0,0.0
2016-03-09 00:00:00-05:00,26.719999313354492,27.110000610351562,25.719999313354492,26.469999313354492,14.039701461791992,3217800,0.0,0.0
2016-03-10 00:00:00-05:00,26.25,27.670000076293945,26.020000457763672,27.43000030517578,14.548882484436035,3834400,0.0,0.0
2016-03-11 00:00:00-05:00,27.780000686645508,28.56999969482422,27.670000076293945,28.309999465942383,15.015633583068848,3140100,0.0,0.0
2016-03-14 00:00:00-04:00,27.850000381469727,28.43000030517578,27.520000457763672,28.18000030517578,14.946690559387207,2279500,0.0,0.0
2016-03-15 00:00:00-04:00,27.600000381469727,27.739999771118164,26.790000915527344,27.719999313354492,14.70269775390625,1871900,0.0,0.0
2016-03-16 00:00:00-04:00,27.940000534057617,29.559999465942383,27.899999618530273,29.510000228881836,15.652114868164062,2350000,0.0,0.0
2016-03-17 00:00:00-04:00,29.700000762939453,30.479999542236328,29.219999313354492,30.219999313354492,16.028701782226562,2555200,0.0,0.0
2016-03-18 00:00:00-04:00,30.559999465942383,30.989999771118164,29.690000534057617,30.81999969482422,16.346939086914062,8541400,0.0,0.0
2016-03-21 00:00:00-04:00,30.780000686645508,30.81999969482422,29.31999969482422,29.690000534057617,15.747589111328125,2889500,0.0,0.0
2016-03-22 00:00:00-04:00,29.229999542236328,30.450000762939453,29.049999237060547,30.209999084472656,16.023395538330078,2352800,0.0,0.0
2016-03-23 00:00:00-04:00,29.790000915527344,30.0,28.40999984741211,28.440000534057617,15.084589004516602,2394600,0.0,0.0
2016-03-24 00:00:00-04:00,27.90999984741211,28.729999542236328,27.469999313354492,28.68000030517578,15.211885452270508,3202800,0.0,0.0
2016-03-28 00:00:00-04:00,28.399999618530273,28.790000915527344,28.059999465942383,28.329999923706055,15.026246070861816,1986200,0.0,0.0
2016-03-29 00:00:00-04:00,27.760000228881836,28.639999389648438,27.350000381469727,28.459999084472656,15.095199584960938,2624700,0.0,0.0
2016-03-30 00:00:00-04:00,28.850000381469727,29.479999542236328,28.520000457763672,29.040000915527344,15.402833938598633,2323600,0.0,0.0
2016-03-31 00:00:00-04:00,29.010000228881836,29.93000030517578,28.850000381469727,29.860000610351562,15.837756156921387,2565700,0.0,0.0
2016-04-01 00:00:00-04:00,29.079999923706055,29.459999084472656,28.5,28.729999542236328,15.238401412963867,2655300,0.0,0.0
2016-04-04 00:00:00-04:00,28.600000381469727,29.40999984741211,28.299999237060547,28.3700008392334,15.04746150970459,2119200,0.0,0.0
2016-04-05 00:00:00-04:00,28.100000381469727,29.06999969482422,27.90999984741211,28.43000030517578,15.079288482666016,2425500,0.0,0.0
2016-04-06 00:00:00-04:00,28.760000228881836,29.56999969482422,28.6200008392334,29.219999313354492,15.498305320739746,1724000,0.0,0.0
2016-04-07 00:00:00-04:00,28.889999389648438,29.639999389648438,28.559999465942383,28.950000762939453,15.355090141296387,1889100,0.0,0.0
2016-04-08 00:00:00-04:00,29.68000030517578,30.540000915527344,29.6299991607666,29.989999771118164,15.906709671020508,1855700,0.0,0.0
2016-04-11 00:00:00-04:00,30.350000381469727,30.799999237060547,29.81999969482422,30.049999237060547,15.938530921936035,2338900,0.0,0.0
2016-04-12 00:00:00-04:00,30.40999984741211,32.65999984741211,30.200000762939453,32.349998474121094,17.15845489501953,3074300,0.0,0.0
2016-04-13 00:00:00-04:00,32.4900016784668,32.58000183105469,31.739999771118164,31.860000610351562,16.898561477661133,2295400,0.0,0.0
2016-04-14 00:00:00-04:00,31.860000610351562,32.09000015258789,31.3799991607666,31.729999542236328,16.829605102539062,1534700,0.0,0.0
2016-04-15 00:00:00-04:00,31.510000228881836,32.02000045776367,31.040000915527344,31.670000076293945,16.797780990600586,1751600,0.0,0.0
2016-04-18 00:00:00-04:00,30.56999969482422,32.810001373291016,30.440000534057617,32.15999984741211,17.057676315307617,3280100,0.0,0.0
2016-04-19 00:00:00-04:00,32.560001373291016,34.40999984741211,32.560001373291016,34.38999938964844,18.240468978881836,3192500,0.0,0.0
2016-04-20 00:00:00-04:00,34.02000045776367,35.209999084472656,33.869998931884766,34.79999923706055,18.45793914794922,3386700,0.0,0.0
2016-04-21 00:00:00-04:00,34.849998474121094,35.599998474121094,34.369998931884766,34.810001373291016,18.463237762451172,2505300,0.0,0.0
2016-04-22 00:00:00-04:00,34.7599983215332,36.029998779296875,34.7599983215332,35.810001373291016,18.993635177612305,2738900,0.0,0.0
2016-04-25 00:00:00-04:00,35.79999923706055,36.060001373291016,34.93000030517578,35.380001068115234,18.765565872192383,2783500,0.0,0.0
2016-04-26 00:00:00-04:00,35.779998779296875,36.41999816894531,35.5099983215332,36.2400016784668,19.221715927124023,2555300,0.0,0.0
2016-04-27 00:00:00-04:00,36.529998779296875,38.439998626708984,36.52000045776367,37.06999969482422,19.661945343017578,4204200,0.0,0.0
2016-04-28 00:00:00-04:00,36.33000183105469,36.5099983215332,35.33000183105469,35.560001373291016,19.17923355102539,3780700,0.615,0.0
2016-04-29 00:00:00-04:00,35.779998779296875,36.720001220703125,35.58000183105469,36.150001525878906,19.49744987487793,3742600,0.0,0.0
2016-05-02 00:00:00-04:00,35.959999084472656,36.099998474121094,34.88999938964844,35.97999954223633,19.40575408935547,2413600,0.0,0.0
2016-05-03 00:00:00-04:00,35.029998779296875,35.900001525878906,34.560001373291016,35.790000915527344,19.30327606201172,3645100,0.0,0.0
2016-05-04 00:00:00-04:00,36.459999084472656,38.79999923706055,36.22999954223633,38.16999816894531,20.586925506591797,6083200,0.0,0.0
2016-05-05 00:00:00-04:00,38.7400016784668,39.75,38.5,38.959999084472656,21.01301383972168,3594400,0.0,0.0
2016-05-06 00:00:00-04:00,38.630001068115234,39.959999084472656,38.5099983215332,39.77000045776367,21.449880599975586,2408600,0.0,0.0
2016-05-09 00:00:00-04:00,40.0,40.529998779296875,38.56999969482422,39.2400016784668,21.164033889770508,2644100,0.0,0.0
2016-05-10 00:00:00-04:00,39.709999084472656,40.65999984741211,39.4900016784668,40.08000183105469,21.617080688476562,2776000,0.0,0.0
2016-05-11 00:00:00-04:00,40.08000183105469,40.790000915527344,39.279998779296875,40.06999969482422,21.6116886138916,2858300,0.0,0.0
2016-05-12 00:00:00-04:00,40.68000030517578,41.130001068115234,39.689998626708984,40.290000915527344,21.7303524017334,2456500,0.0,0.0
2016-05-13 00:00:00-04:00,40.13999938964844,41.779998779296875,40.099998474121094,41.040000915527344,22.13486099243164,2589300,0.0,0.0
2016-05-16 00:00:00-04:00,41.72999954223633,42.18000030517578,41.290000915527344,41.810001373291016,22.55015754699707,2316400,0.0,0.0
2016-05-17 00:00:00-04:00,41.68000030517578,42.56999969482422,41.459999084472656,42.02000045776367,22.663419723510742,2864000,0.0,0.0
2016-05-18 00:00:00-04:00,41.599998474121094,41.689998626708984,39.849998474121094,40.130001068115234,21.64405632019043,4001000,0.0,0.0
2016-05-19 00:00:00-04:00,39.560001373291016,41.709999084472656,39.220001220703125,41.540000915527344,22.404529571533203,2662300,0.0,0.0
2016-05-20 00:00:00-04:00,41.61000061035156,42.06999969482422,40.66999816894531,42.040000915527344,22.67420196533203,2086800,0.0,0.0
2016-05-23 00:00:00-04:00,41.5099983215332,42.20000076293945,41.150001525878906,41.66999816894531,22.474637985229492,2183900,0.0,0.0
2016-05-24 00:00:00-04:00,41.540000915527344,41.93000030517578,41.11000061035156,41.70000076293945,22.490835189819336,3002700,0.0,0.0
2016-05-25 00:00:00-04:00,42.0,43.41999816894531,41.810001373291016,43.06999969482422,23.2297306060791,2435400,0.0,0.0
2016-05-26 00:00:00-04:00,43.47999954223633,43.5099983215332,42.31999969482422,42.56999969482422,22.960063934326172,1492200,0.0,0.0
2016-05-27 00:00:00-04:00,42.2599983215332,43.02000045776367,41.880001068115234,42.72999954223633,23.046350479125977,1929600,0.0,0.0
2016-05-31 00:00:00-04:00,42.93000030517578,44.290000915527344,42.75,43.25,23.326820373535156,2990200,0.0,0.0
2016-06-01 00:00:00-04:00,43.25,43.880001068115234,42.45000076293945,43.77000045776367,23.60728645324707,2896100,0.0,0.0
2016-06-02 00:00:00-04:00,43.11000061035156,43.869998931884766,42.70000076293945,43.72999954223633,23.58570098876953,1907200,0.0,0.0
2016-06-03 00:00:00-04:00,43.779998779296875,44.279998779296875,43.61000061035156,44.029998779296875,23.747509002685547,2145400,0.0,0.0
2016-06-06 00:00:00-04:00,44.41999816894531,45.7400016784668,44.33000183105469,45.099998474121094,24.324609756469727,2280200,0.0,0.0
2016-06-07 00:00:00-04:00,45.369998931884766,46.060001373291016,45.029998779296875,45.7599983215332,24.680580139160156,2014600,0.0,0.0
2016-06-08 00:00:00-04:00,45.880001068115234,46.029998779296875,45.2599983215332,45.65999984741211,24.626649856567383,2304500,0.0,0.0
2016-06-09 00:00:00-04:00,44.83000183105469,46.790000915527344,44.63999938964844,46.529998779296875,25.09587287902832,2466400,0.0,0.0
2016-06-10 00:00:00-04:00,45.650001525878906,46.060001373291016,44.790000915527344,45.189998626708984,24.37315559387207,2883000,0.0,0.0
2016-06-13 00:00:00-04:00,44.79999923706055,45.52000045776367,44.349998474121094,44.97999954223633,24.259897232055664,2323300,0.0,0.0
2016-06-14 00:00:00-04:00,44.86000061035156,45.72999954223633,44.380001068115234,45.68000030517578,24.637434005737305,2804700,0.0,0.0
2016-06-15 00:00:00-04:00,45.47999954223633,45.689998626708984,44.5,45.02000045776367,24.281471252441406,2908400,0.0,0.0
2016-06-16 00:00:00-04:00,44.599998474121094,45.13999938964844,43.72999954223633,44.900001525878906,24.21674346923828,2862100,0.0,0.0
2016-06-17 00:00:00-04:00,44.959999084472656,45.86000061035156,44.58000183105469,45.56999969482422,24.57811164855957,5527500,0.0,0.0
2016-06-20 00:00:00-04:00,46.29999923706055,46.65999984741211,45.88999938964844,46.040000915527344,24.831592559814453,3649300,0.0,0.0
2016-06-21 00:00:00-04:00,45.959999084472656,47.2599983215332,45.25,46.810001373291016,25.24690055847168,3127900,0.0,0.0
2016-06-22 00:00:00-04:00,47.220001220703125,47.34000015258789,46.349998474121094,46.400001525878906,25.02577018737793,2392200,0.0,0.0
2016-06-23 00:00:00-04:00,47.04999923706055,47.08000183105469,46.130001068115234,46.86000061035156,25.273860931396484,2180200,0.0,0.0
2016-06-24 00:00:00-04:00,44.869998931884766,47.130001068115234,44.86000061035156,45.81999969482422,24.712940216064453,4944500,0.0,0.0
2016-06-27 00:00:00-04:00,45.540000915527344,46.58000183105469,44.13999938964844,44.619998931884766,24.065723419189453,3475500,0.0,0.0
2016-06-28 00:00:00-04:00,45.619998931884766,46.470001220703125,44.5099983215332,45.88999938964844,24.750690460205078,2890900,0.0,0.0
2016-06-29 00:00:00-04:00,46.470001220703125,47.630001068115234,46.04999923706055,47.33000183105469,25.52736473083496,2674600,0.0,0.0
2016-06-30 00:00:00-04:00,47.279998779296875,47.4900016784668,46.310001373291016,47.45000076293945,25.592084884643555,2831000,0.0,0.0
2016-07-01 00:00:00-04:00,47.4900016784668,47.7599983215332,47.2599983215332,47.56999969482422,25.656803131103516,1817400,0.0,0.0
2016-07-05 00:00:00-04:00,47.11000061035156,47.27000045776367,46.15999984741211,47.130001068115234,25.41948699951172,2721300,0.0,0.0
2016-07-06 00:00:00-04:00,46.97999954223633,47.45000076293945,46.0,47.40999984741211,25.57050895690918,3338400,0.0,0.0
2016-07-07 00:00:00-04:00,47.810001373291016,48.779998779296875,46.4900016784668,46.9900016784668,25.343982696533203,2868300,0.0,0.0
2016-07-08 00:00:00-04:00,47.52000045776367,47.810001373291016,47.0099983215332,47.36000061035156,25.543540954589844,1920600,0.0,0.0
2016-07-11 00:00:00-04:00,47.470001220703125,48.2599983215332,47.43000030517578,47.439998626708984,25.586681365966797,1781500,0.0,0.0
2016-07-12 00:00:00-04:00,47.939998626708984,49.09000015258789,47.939998626708984,48.52000045776367,26.16918182373047,2399700,0.0,0.0
2016-07-13 00:00:00-04:00,48.29999923706055,48.7400016784668,47.119998931884766,47.34000015258789,25.532751083374023,2964400,0.0,0.0
2016-07-14 00:00:00-04:00,47.810001373291016,48.04999923706055,47.11000061035156,47.4900016784668,25.613656997680664,2141800,0.0,0.0
2016-07-15 00:00:00-04:00,47.75,48.349998474121094,47.599998474121094,48.119998931884766,25.953439712524414,2008600,0.0,0.0
2016-07-18 00:00:00-04:00,47.81999969482422,47.95000076293945,47.33000183105469,47.70000076293945,25.726919174194336,1777800,0.0,0.0
2016-07-19 00:00:00-04:00,47.7599983215332,47.79999923706055,47.040000915527344,47.5099983215332,25.62444305419922,2237200,0.0,0.0
2016-07-20 00:00:00-04:00,47.310001373291016,47.59000015258789,46.029998779296875,47.2400016784668,25.47882080078125,2204000,0.0,0.0
2016-07-21 00:00:00-04:00,47.25,47.81999969482422,46.150001525878906,46.279998779296875,24.96103858947754,1753400,0.0,0.0
2016-07-22 00:00:00-04:00,46.63999938964844,46.9900016784668,45.56999969482422,46.04999923706055,24.83699607849121,1886200,0.0,0.0
2016-07-25 00:00:00-04:00,45.529998779296875,45.959999084472656,44.849998474121094,45.43000030517578,24.502605438232422,2445300,0.0,0.0
2016-07-26 00:00:00-04:00,45.220001220703125,45.7400016784668,45.0,45.31999969482422,24.443265914916992,2035600,0.0,0.0
2016-07-27 00:00:00-04:00,45.310001373291016,45.84000015258789,43.61000061035156,43.959999084472656,23.70975685119629,3251300,0.0,0.0
2016-07-28 00:00:00-04:00,43.88999938964844,44.40999984741211,43.369998931884766,44.08000183105469,23.77448081970215,2428300,0.0,0.0
2016-07-29 00:00:00-04:00,43.779998779296875,44.939998626708984,43.529998779296875,44.790000915527344,24.15740966796875,2609000,0.0,0.0
2016-08-01 00:00:00-04:00,44.38999938964844,44.689998626708984,42.790000915527344,42.9900016784668,23.186580657958984,2889700,0.0,0.0
2016-08-02 00:00:00-04:00,43.4900016784668,44.13999938964844,42.86000061035156,43.939998626708984,23.6989688873291,3427900,0.0,0.0
2016-08-03 00:00:00-04:00,44.5,45.880001068115234,42.869998931884766,45.849998474121094,24.729124069213867,3436800,0.0,0.0
2016-08-04 00:00:00-04:00,44.58000183105469,45.470001220703125,44.45000076293945,45.0,24.60065460205078,2552100,0.615,0.0
2016-08-05 00:00:00-04:00,44.779998779296875,45.16999816894531,44.27000045776367,44.90999984741211,24.55145263671875,1703200,0.0,0.0
2016-08-08 00:00:00-04:00,45.33000183105469,46.36000061035156,45.150001525878906,45.58000183105469,24.9177303314209,2146400,0.0,0.0
2016-08-09 00:00:00-04:00,45.83000183105469,46.04999923706055,45.15999984741211,45.2599983215332,24.7427978515625,1248600,0.0,0.0
2016-08-10 00:00:00-04:00,45.56999969482422,46.0,44.81999969482422,44.9900016784668,24.595184326171875,1792900,0.0,0.0
2016-08-11 00:00:00-04:00,45.380001068115234,46.59000015258789,44.97999954223633,46.11000061035156,25.20746612548828,1715000,0.0,0.0
2016-08-12 00:00:00-04:00,46.400001525878906,47.66999816894531,46.18000030517578,46.849998474121094,25.61200714111328,1906000,0.0,0.0
2016-08-15 00:00:00-04:00,47.099998474121094,47.59000015258789,46.72999954223633,46.77000045776367,25.568275451660156,2325900,0.0,0.0
2016-08-16 00:00:00-04:00,46.779998779296875,47.65999984741211,46.4900016784668,47.11000061035156,25.754150390625,1483400,0.0,0.0
2016-08-17 00:00:00-04:00,46.9900016784668,47.97999954223633,46.619998931884766,47.95000076293945,26.213367462158203,1768500,0.0,0.0
2016-08-18 00:00:00-04:00,48.209999084472656,49.630001068115234,48.130001068115234,49.619998931884766,27.126319885253906,2131100,0.0,0.0
2016-08-19 00:00:00-04:00,49.439998626708984,49.86000061035156,48.939998626708984,49.709999084472656,27.175519943237305,2282000,0.0,0.0
2016-08-22 00:00:00-04:00,49.029998779296875,49.029998779296875,47.90999984741211,48.06999969482422,26.27897071838379,2091500,0.0,0.0
2016-08-23 00:00:00-04:00,47.9900016784668,48.65999984741211,47.9900016784668,48.279998779296875,26.393768310546875,1715200,0.0,0.0
2016-08-24 00:00:00-04:00,47.9900016784668,48.0099983215332,46.97999954223633,47.119998931884766,25.759607315063477,1308800,0.0,0.0
2016-08-25 00:00:00-04:00,47.189998626708984,47.31999969482422,46.7400016784668,47.02000045776367,25.7049503326416,1376900,0.0,0.0
2016-08-26 00:00:00-04:00,47.220001220703125,47.91999816894531,46.59000015258789,46.97999954223633,25.68308448791504,1308300,0.0,0.0
2016-08-29 00:00:00-04:00,46.97999954223633,47.41999816894531,46.560001373291016,47.36000061035156,25.89081573486328,1412900,0.0,0.0
2016-08-30 00:00:00-04:00,47.599998474121094,47.869998931884766,46.93000030517578,47.15999984741211,25.781482696533203,1509500,0.0,0.0
2016-08-31 00:00:00-04:00,46.86000061035156,47.38999938964844,46.560001373291016,46.88999938964844,25.633880615234375,2114200,0.0,0.0
2016-09-01 00:00:00-04:00,46.72999954223633,47.22999954223633,46.2599983215332,47.209999084472656,25.80881690979004,1731700,0.0,0.0
2016-09-02 00:00:00-04:00,47.79999923706055,48.869998931884766,47.72999954223633,48.2599983215332,26.382835388183594,1905600,0.0,0.0
2016-09-06 00:00:00-04:00,48.560001373291016,49.459999084472656,48.54999923706055,49.2599983215332,26.929519653320312,1775000,0.0,0.0
2016-09-07 00:00:00-04:00,49.31999969482422,50.13999938964844,49.220001220703125,49.91999816894531,27.290325164794922,1907200,0.0,0.0
2016-09-08 00:00:00-04:00,50.459999084472656,51.130001068115234,50.209999084472656,51.0,27.880739212036133,2285500,0.0,0.0
2016-09-09 00:00:00-04:00,50.22999954223633,50.29999923706055,48.70000076293945,48.810001373291016,26.68350601196289,2039600,0.0,0.0
2016-09-12 00:00:00-04:00,48.279998779296875,49.86000061035156,47.5,49.29999923706055,26.951387405395508,2556400,0.0,0.0
2016-09-13 00:00:00-04:00,48.5099983215332,48.630001068115234,46.470001220703125,46.95000076293945,25.66667938232422,3825500,0.0,0.0
2016-09-14 00:00:00-04:00,46.779998779296875,48.209999084472656,46.4900016784668,46.70000076293945,25.53000831604004,2598800,0.0,0.0
2016-09-15 00:00:00-04:00,46.90999984741211,47.599998474121094,46.66999816894531,46.83000183105469,25.601076126098633,2154600,0.0,0.0
2016-09-16 00:00:00-04:00,46.2400016784668,46.540000915527344,45.88999938964844,46.08000183105469,25.191064834594727,3731500,0.0,0.0
2016-09-19 00:00:00-04:00,46.540000915527344,47.86000061035156,46.369998931884766,47.38999938964844,25.9072208404541,1882700,0.0,0.0
2016-09-20 00:00:00-04:00,47.41999816894531,47.88999938964844,46.9900016784668,47.02000045776367,25.7049503326416,1534300,0.0,0.0
2016-09-21 00:00:00-04:00,47.70000076293945,48.9900016784668,47.560001373291016,48.939998626708984,26.754575729370117,2609300,0.0,0.0
2016-09-22 00:00:00-04:00,49.70000076293945,50.119998931884766,49.22999954223633,49.63999938964844,27.137252807617188,2203400,0.0,0.0
2016-09-23 00:00:00-04:00,49.38999938964844,50.029998779296875,48.459999084472656,48.619998931884766,26.579639434814453,2040700,0.0,0.0
2016-09-26 00:00:00-04:00,48.86000061035156,49.43000030517578,48.45000076293945,48.84000015258789,26.699913024902344,1609500,0.0,0.0
2016-09-27 00:00:00-04:00,48.13999938964844,48.880001068115234,47.5,48.79999923706055,26.67803192138672,1571600,0.0,0.0
2016-09-28 00:00:00-04:00,49.27000045776367,51.720001220703125,48.81999969482422,51.2400016784668,28.011945724487305,2787800,0.0,0.0
2016-09-29 00:00:00-04:00,51.0,51.560001373291016,50.369998931884766,50.939998626708984,27.84794044494629,2177000,0.0,0.0
2016-09-30 00:00:00-04:00,51.4900016784668,51.599998474121094,50.849998474121094,51.38999938964844,28.093950271606445,2050800,0.0,0.0
2016-10-03 00:00:00-04:00,51.43000030517578,51.619998931884766,50.40999984741211,51.11000061035156,27.940872192382812,1496100,0.0,0.0
2016-10-04 00:00:00-04:00,50.47999954223633,50.97999954223633,49.04999923706055,49.540000915527344,27.082595825195312,1959000,0.0,0.0
2016-10-05 00:00:00-04:00,50.04999923706055,50.45000076293945,49.349998474121094,49.58000183105469,27.104459762573242,1998000,0.0,0.0
2016-10-06 00:00:00-04:00,49.77000045776367,50.20000076293945,49.119998931884766,49.66999816894531,27.15364646911621,1421400,0.0,0.0
2016-10-07 00:00:00-04:00,49.970001220703125,50.08000183105469,49.040000915527344,49.36000061035156,26.98418426513672,1529900,0.0,0.0
2016-10-10 00:00:00-04:00,50.0,50.900001525878906,49.91999816894531,50.349998474121094,27.525402069091797,1346500,0.0,0.0
2016-10-11 00:00:00-04:00,50.34000015258789,50.52000045776367,49.27000045776367,49.81999969482422,27.235654830932617,1114900,0.0,0.0
2016-10-12 00:00:00-04:00,49.5,50.31999969482422,49.16999816894531,50.209999084472656,27.448863983154297,1091300,0.0,0.0
2016-10-13 00:00:00-04:00,49.689998626708984,50.130001068115234,48.959999084472656,49.79999923706055,27.2247257232666,1736200,0.0,0.0
2016-10-14 00:00:00-04:00,50.04999923706055,50.68000030517578,49.970001220703125,50.130001068115234,27.405132293701172,1838300,0.0,0.0
2016-10-17 00:00:00-04:00,50.029998779296875,50.290000915527344,49.400001525878906,49.45000076293945,27.033390045166016,1103100,0.0,0.0
2016-10-18 00:00:00-04:00,50.16999816894531,50.25,49.22999954223633,50.029998779296875,27.350460052490234,1015200,0.0,0.0
2016-10-19 00:00:00-04:00,50.63999938964844,51.66999816894531,50.529998779296875,51.040000915527344,27.902612686157227,1376200,0.0,0.0
2016-10-20 00:00:00-04:00,50.54999923706055,50.9900016784668,50.04999923706055,50.90999984741211,27.831539154052734,1010600,0.0,0.0
2016-10-21 00:00:00-04:00,50.5,50.72999954223633,50.310001373291016,50.630001068115234,27.678470611572266,806300,0.0,0.0
2016-10-24 00:00:00-04:00,50.630001068115234,51.20000076293945,49.56999969482422,50.369998931884766,27.536331176757812,976600,0.0,0.0
2016-10-25 00:00:00-04:00,50.380001068115234,50.540000915527344,49.11000061035156,49.16999816894531,26.88031768798828,1480800,0.0,0.0
2016-10-26 00:00:00-04:00,48.68000030517578,49.38999938964844,48.150001525878906,49.22999954223633,26.913116455078125,2409100,0.0,0.0
2016-10-27 00:00:00-04:00,48.90999984741211,49.33000183105469,48.459999084472656,48.5099983215332,26.854984283447266,1550700,0.615,0.0
2016-10-28 00:00:00-04:00,48.52000045776367,49.15999984741211,47.779998779296875,48.18000030517578,26.672300338745117,1048600,0.0,0.0
2016-10-31 00:00:00-04:00,47.959999084472656,48.630001068115234,47.66999816894531,48.43000030517578,26.81069564819336,1945900,0.0,0.0
2016-11-01 00:00:00-04:00,48.97999954223633,49.04999923706055,47.790000915527344,48.560001373291016,26.882667541503906,2096500,0.0,0.0
2016-11-02 00:00:00-04:00,47.61000061035156,48.0,45.40999984741211,46.59000015258789,25.792081832885742,4499700,0.0,0.0
2016-11-03 00:00:00-04:00,46.880001068115234,46.95000076293945,46.2599983215332,46.439998626708984,25.709043502807617,1672300,0.0,0.0
2016-11-04 00:00:00-04:00,46.349998474121094,47.2400016784668,46.040000915527344,46.650001525878906,25.825300216674805,1729500,0.0,0.0
2016-11-07 00:00:00-05:00,47.470001220703125,48.119998931884766,47.34000015258789,48.08000183105469,26.6169376373291,1600900,0.0,0.0
2016-11-08 00:00:00-05:00,48.0,49.77000045776367,47.880001068115234,49.5,27.403047561645508,1729000,0.0,0.0
2016-11-09 00:00:00-05:00,49.040000915527344,49.95000076293945,48.310001373291016,49.38999938964844,27.34214973449707,2364700,0.0,0.0
2016-11-10 00:00:00-05:00,49.52000045776367,49.560001373291016,48.18000030517578,49.04999923706055,27.153926849365234,2151500,0.0,0.0
2016-11-11 00:00:00-05:00,48.790000915527344,48.9900016784668,47.43000030517578,47.91999816894531,26.52835464477539,1708300,0.0,0.0
2016-11-14 00:00:00-05:00,47.790000915527344,48.060001373291016,46.81999969482422,47.810001373291016,26.46746253967285,2029100,0.0,0.0
2016-11-15 00:00:00-05:00,48.709999084472656,50.20000076293945,48.4900016784668,49.93000030517578,27.64109992980957,2114200,0.0,0.0
2016-11-16 00:00:00-05:00,49.66999816894531,50.099998474121094,49.2400016784668,49.689998626708984,27.50823402404785,1676100,0.0,0.0
2016-11-17 00:00:00-05:00,50.099998474121094,50.619998931884766,49.790000915527344,49.83000183105469,27.585737228393555,1531400,0.0,0.0
2016-11-18 00:00:00-05:00,50.06999969482422,50.599998474121094,49.86000061035156,50.41999816894531,27.9123592376709,1099600,0.0,0.0
2016-11-21 00:00:00-05:00,51.11000061035156,52.86000061035156,50.689998626708984,52.720001220703125,29.185630798339844,3236200,0.0,0.0
2016-11-22 00:00:00-05:00,52.95000076293945,53.619998931884766,52.33000183105469,53.459999084472656,29.59528350830078,3277000,0.0,0.0
2016-11-23 00:00:00-05:00,52.90999984741211,54.2599983215332,52.56999969482422,53.95000076293945,29.866554260253906,1778900,0.0,0.0
2016-11-25 00:00:00-05:00,53.56999969482422,53.939998626708984,53.20000076293945,53.75,29.755836486816406,625300,0.0,0.0
2016-11-28 00:00:00-05:00,54.25,54.5,52.75,52.81999969482422,29.240978240966797,1194100,0.0,0.0
2016-11-29 00:00:00-05:00,51.650001525878906,52.91999816894531,50.959999084472656,52.439998626708984,29.030622482299805,2107000,0.0,0.0
2016-11-30 00:00:00-05:00,54.380001068115234,55.75,54.040000915527344,54.93000030517578,30.409072875976562,2972000,0.0,0.0
2016-12-01 00:00:00-05:00,55.88999938964844,56.0,54.0,54.41999816894531,30.126747131347656,1652600,0.0,0.0
2016-12-02 00:00:00-05:00,54.459999084472656,55.45000076293945,54.220001220703125,54.689998626708984,30.27619743347168,1524300,0.0,0.0
2016-12-05 00:00:00-05:00,55.130001068115234,56.5,54.81999969482422,56.41999816894531,31.23394203186035,2266200,0.0,0.0
2016-12-06 00:00:00-05:00,55.939998626708984,56.33000183105469,55.189998626708984,56.119998931884766,31.067861557006836,1684500,0.0,0.0
2016-12-07 00:00:00-05:00,56.11000061035156,57.09000015258789,55.209999084472656,57.09000015258789,31.60484504699707,1861800,0.0,0.0
2016-12-08 00:00:00-05:00,56.970001220703125,57.959999084472656,56.34000015258789,57.90999984741211,32.05879211425781,1910400,0.0,0.0
2016-12-09 00:00:00-05:00,57.9900016784668,58.13999938964844,56.939998626708984,57.0099983215332,31.560550689697266,1491900,0.0,0.0
2016-12-12 00:00:00-05:00,58.560001373291016,58.79999923706055,56.93000030517578,57.209999084472656,31.671279907226562,1745700,0.0,0.0
2016-12-13 00:00:00-05:00,57.18000030517578,58.290000915527344,56.849998474121094,57.77000045776367,31.981285095214844,2221300,0.0,0.0
2016-12-14 00:00:00-05:00,57.220001220703125,58.470001220703125,56.95000076293945,57.36000061035156,31.754314422607422,2735800,0.0,0.0
2016-12-15 00:00:00-05:00,56.810001373291016,58.47999954223633,56.290000915527344,57.720001220703125,31.953611373901367,2114900,0.0,0.0
2016-12-16 00:00:00-05:00,57.79999923706055,58.56999969482422,57.58000183105469,58.41999816894531,32.341129302978516,5068000,0.0,0.0
2016-12-19 00:00:00-05:00,58.61000061035156,58.630001068115234,57.880001068115234,58.099998474121094,32.16398239135742,1028800,0.0,0.0
2016-12-20 00:00:00-05:00,58.31999969482422,59.060001373291016,58.04999923706055,58.66999816894531,32.47952651977539,1460500,0.0,0.0
2016-12-21 00:00:00-05:00,58.77000045776367,59.189998626708984,58.540000915527344,58.540000915527344,32.40755081176758,1244100,0.0,0.0
2016-12-22 00:00:00-05:00,58.52000045776367,58.880001068115234,57.77000045776367,57.90999984741211,32.05879211425781,2058400,0.0,0.0
2016-12-23 00:00:00-05:00,58.040000915527344,58.810001373291016,57.790000915527344,58.689998626708984,32.490596771240234,886000,0.0,0.0
2016-12-27 00:00:00-05:00,58.97999954223633,59.470001220703125,58.4900016784668,59.029998779296875,32.67882537841797,1232400,0.0,0.0
2016-12-28 00:00:00-05:00,59.02000045776367,59.22999954223633,57.63999938964844,57.66999816894531,31.925931930541992,1275500,0.0,0.0
2016-12-29 00:00:00-05:00,57.65999984741211,58.119998931884766,57.58000183105469,57.97999954223633,32.0975456237793,995600,0.0,0.0
2016-12-30 00:00:00-05:00,58.0099983215332,58.2400016784668,57.15999984741211,57.40999984741211,31.782011032104492,1271200,0.0,0.0
2017-01-03 00:00:00-05:00,58.13999938964844,58.849998474121094,57.45000076293945,58.75,32.52381896972656,1812500,0.0,0.0
2017-01-04 00:00:00-05:00,59.04999923706055,59.150001525878906,58.45000076293945,58.599998474121094,32.44077682495117,1721300,0.0,0.0
2017-01-05 00:00:00-05:00,58.84000015258789,59.119998931884766,58.279998779296875,58.83000183105469,32.568111419677734,1342700,0.0,0.0
2017-01-06 00:00:00-05:00,59.040000915527344,59.099998474121094,57.689998626708984,57.900001525878906,32.05326461791992,2212500,0.0,0.0
2017-01-09 00:00:00-05:00,57.630001068115234,58.13999938964844,57.15999984741211,57.47999954223633,31.82075309753418,2111100,0.0,0.0
2017-01-10 00:00:00-05:00,57.150001525878906,57.150001525878906,56.029998779296875,56.06999969482422,31.04018211364746,2595000,0.0,0.0
2017-01-11 00:00:00-05:00,56.369998931884766,57.29999923706055,56.22999954223633,57.2599983215332,31.698957443237305,1540900,0.0,0.0
2017-01-12 00:00:00-05:00,56.56999969482422,57.2599983215332,56.130001068115234,56.56999969482422,31.316972732543945,1929900,0.0,0.0
2017-01-13 00:00:00-05:00,56.380001068115234,56.90999984741211,56.220001220703125,56.310001373291016,31.173053741455078,1023700,0.0,0.0
2017-01-17 00:00:00-05:00,56.779998779296875,56.939998626708984,56.220001220703125,56.310001373291016,31.173053741455078,1699400,0.0,0.0
2017-01-18 00:00:00-05:00,55.939998626708984,56.93000030517578,55.5,56.560001373291016,31.311452865600586,1488800,0.0,0.0
2017-01-19 00:00:00-05:00,56.540000915527344,56.75,55.779998779296875,55.959999084472656,30.979278564453125,999800,0.0,0.0
2017-01-20 00:00:00-05:00,56.66999816894531,56.810001373291016,56.2599983215332,56.59000015258789,31.32805633544922,1398500,0.0,0.0
2017-01-23 00:00:00-05:00,56.310001373291016,56.7599983215332,55.83000183105469,55.88999938964844,30.940528869628906,1245500,0.0,0.0
2017-01-24 00:00:00-05:00,56.13999938964844,56.439998626708984,55.380001068115234,56.279998779296875,31.156436920166016,1337200,0.0,0.0
2017-01-25 00:00:00-05:00,54.47999954223633,55.86000061035156,53.84000015258789,55.54999923706055,30.75230598449707,2727700,0.0,0.0
2017-01-26 00:00:00-05:00,54.97999954223633,55.869998931884766,54.65999984741211,54.93000030517578,30.749500274658203,2064900,0.615,0.0
2017-01-27 00:00:00-05:00,54.65999984741211,55.040000915527344,54.25,54.90999984741211,30.738311767578125,1444900,0.0,0.0
2017-01-30 00:00:00-05:00,54.619998931884766,54.7400016784668,53.5099983215332,53.77000045776367,30.100139617919922,1336900,0.0,0.0
2017-01-31 00:00:00-05:00,54.18000030517578,55.25,53.650001525878906,55.11000061035156,30.85027313232422,1999300,0.0,0.0
2017-02-01 00:00:00-05:00,58.27000045776367,59.29999923706055,52.86000061035156,54.0,30.228893280029297,20726000,0.0,0.0
2017-02-02 00:00:00-05:00,54.189998626708984,56.0099983215332,53.72999954223633,55.560001373291016,31.102174758911133,5375400,0.0,0.0
2017-02-03 00:00:00-05:00,55.880001068115234,56.79999923706055,55.689998626708984,56.45000076293945,31.600399017333984,3973900,0.0,0.0
2017-02-06 00:00:00-05:00,56.619998931884766,56.66999816894531,55.09000015258789,55.310001373291016,30.962234497070312,3365500,0.0,0.0
2017-02-07 00:00:00-05:00,55.16999816894531,55.61000061035156,53.970001220703125,54.369998931884766,30.43602180480957,2804600,0.0,0.0
2017-02-08 00:00:00-05:00,53.86000061035156,54.68000030517578,53.25,54.400001525878906,30.452821731567383,2393900,0.0,0.0
2017-02-09 00:00:00-05:00,54.400001525878906,55.65999984741211,54.400001525878906,55.119998931884766,30.855863571166992,2528400,0.0,0.0
2017-02-10 00:00:00-05:00,55.72999954223633,55.72999954223633,54.72999954223633,55.310001373291016,30.962234497070312,2728000,0.0,0.0
2017-02-13 00:00:00-05:00,55.029998779296875,55.25,54.540000915527344,55.02000045776367,30.799888610839844,1971400,0.0,0.0
2017-02-14 00:00:00-05:00,55.130001068115234,55.40999984741211,54.16999816894531,54.95000076293945,30.760709762573242,2476100,0.0,0.0
2017-02-15 00:00:00-05:00,54.66999816894531,55.02000045776367,54.36000061035156,54.4900016784668,30.503206253051758,1822900,0.0,0.0
2017-02-16 00:00:00-05:00,54.75,55.09000015258789,53.939998626708984,54.029998779296875,30.245695114135742,1918100,0.0,0.0
2017-02-17 00:00:00-05:00,53.83000183105469,53.970001220703125,53.31999969482422,53.63999938964844,30.027379989624023,1889400,0.0,0.0
2017-02-21 00:00:00-05:00,54.06999969482422,54.41999816894531,53.59000015258789,54.220001220703125,30.3520565032959,2163100,0.0,0.0
2017-02-22 00:00:00-05:00,53.7599983215332,54.09000015258789,53.459999084472656,53.52000045776367,29.960206985473633,2063200,0.0,0.0
2017-02-23 00:00:00-05:00,54.40999984741211,54.939998626708984,53.77000045776367,54.63999938964844,30.58717155456543,2931500,0.0,0.0
2017-02-24 00:00:00-05:00,54.43000030517578,54.540000915527344,52.79999923706055,53.15999984741211,29.758663177490234,2479800,0.0,0.0
2017-02-27 00:00:00-05:00,53.27000045776367,53.599998474121094,52.709999084472656,53.349998474121094,29.86503028869629,3491500,0.0,0.0
2017-02-28 00:00:00-05:00,53.619998931884766,55.52000045776367,53.25,54.04999923706055,30.25688934326172,6183800,0.0,0.0
2017-03-01 00:00:00-05:00,54.43000030517578,55.81999969482422,54.349998474121094,55.38999938964844,31.007009506225586,2965400,0.0,0.0
2017-03-02 00:00:00-05:00,55.08000183105469,55.5099983215332,54.70000076293945,55.25,30.92864227294922,3650700,0.0,0.0
2017-03-03 00:00:00-05:00,55.25,56.65999984741211,55.060001373291016,56.41999816894531,31.58361053466797,3046000,0.0,0.0
2017-03-06 00:00:00-05:00,56.18000030517578,56.7599983215332,55.83000183105469,56.61000061035156,31.689966201782227,3468700,0.0,0.0
2017-03-07 00:00:00-05:00,56.83000183105469,56.95000076293945,56.22999954223633,56.58000183105469,31.67316436767578,3327700,0.0,0.0
2017-03-08 00:00:00-05:00,56.599998474121094,56.7599983215332,54.709999084472656,54.77000045776367,30.65993309020996,2386500,0.0,0.0
2017-03-09 00:00:00-05:00,54.619998931884766,54.63999938964844,53.38999938964844,54.5099983215332,30.514394760131836,3147100,0.0,0.0
2017-03-10 00:00:00-05:00,55.0,55.060001373291016,54.09000015258789,54.33000183105469,30.41363525390625,2285800,0.0,0.0
2017-03-13 00:00:00-04:00,54.25,54.470001220703125,53.75,53.97999954223633,30.21770668029785,3041000,0.0,0.0
2017-03-14 00:00:00-04:00,53.5,53.5,51.9900016784668,52.20000076293945,29.22127342224121,3880100,0.0,0.0
2017-03-15 00:00:00-04:00,52.75,53.869998931884766,52.5099983215332,53.63999938964844,30.027379989624023,4193800,0.0,0.0
2017-03-16 00:00:00-04:00,53.869998931884766,54.06999969482422,52.709999084472656,53.2400016784668,29.8034610748291,2475700,0.0,0.0
2017-03-17 00:00:00-04:00,53.470001220703125,53.63999938964844,52.47999954223633,52.81999969482422,29.568336486816406,8199000,0.0,0.0
2017-03-20 00:00:00-04:00,52.459999084472656,53.349998474121094,52.209999084472656,53.2400016784668,29.8034610748291,2467100,0.0,0.0
2017-03-21 00:00:00-04:00,53.470001220703125,53.630001068115234,52.029998779296875,52.279998779296875,29.26605987548828,2089400,0.0,0.0
2017-03-22 00:00:00-04:00,52.22999954223633,52.869998931884766,51.959999084472656,52.70000076293945,29.501171112060547,2181000,0.0,0.0
2017-03-23 00:00:00-04:00,52.54999923706055,52.779998779296875,52.119998931884766,52.25,29.249258041381836,2051800,0.0,0.0
2017-03-24 00:00:00-04:00,52.38999938964844,53.52000045776367,52.369998931884766,53.099998474121094,29.72507667541504,2821600,0.0,0.0
2017-03-27 00:00:00-04:00,52.529998779296875,53.25,52.220001220703125,53.09000015258789,29.719486236572266,2186500,0.0,0.0
2017-03-28 00:00:00-04:00,53.310001373291016,53.61000061035156,52.880001068115234,53.060001373291016,29.702693939208984,1681500,0.0,0.0
2017-03-29 00:00:00-04:00,53.040000915527344,54.939998626708984,52.9900016784668,54.72999954223633,30.637540817260742,2670000,0.0,0.0
2017-03-30 00:00:00-04:00,54.970001220703125,55.06999969482422,54.2400016784668,54.91999816894531,30.743911743164062,3402000,0.0,0.0
2017-03-31 00:00:00-04:00,54.52000045776367,56.0,54.52000045776367,55.439998626708984,31.034996032714844,3421200,0.0,0.0
2017-04-03 00:00:00-04:00,55.54999923706055,55.75,54.40999984741211,55.310001373291016,30.962234497070312,2735000,0.0,0.0
2017-04-04 00:00:00-04:00,55.34000015258789,55.959999084472656,54.86000061035156,55.939998626708984,31.31489372253418,1762500,0.0,0.0
2017-04-05 00:00:00-04:00,56.310001373291016,57.15999984741211,55.88999938964844,55.93000030517578,31.309297561645508,3344500,0.0,0.0
2017-04-06 00:00:00-04:00,56.20000076293945,56.47999954223633,55.86000061035156,56.33000183105469,31.533220291137695,2821200,0.0,0.0
2017-04-07 00:00:00-04:00,56.279998779296875,56.90999984741211,55.9900016784668,56.189998626708984,31.45484733581543,2158800,0.0,0.0
2017-04-10 00:00:00-04:00,56.5,56.5,55.849998474121094,55.93000030517578,31.309297561645508,2037500,0.0,0.0
2017-04-11 00:00:00-04:00,55.93000030517578,56.099998474121094,55.36000061035156,55.720001220703125,31.19174575805664,1367300,0.0,0.0
2017-04-12 00:00:00-04:00,55.720001220703125,55.81999969482422,55.099998474121094,55.33000183105469,30.97342872619629,1802500,0.0,0.0
2017-04-13 00:00:00-04:00,55.439998626708984,55.5099983215332,54.560001373291016,54.619998931884766,30.57597541809082,1674300,0.0,0.0
2017-04-17 00:00:00-04:00,54.650001525878906,55.0,54.220001220703125,54.40999984741211,30.458410263061523,2071500,0.0,0.0
2017-04-18 00:00:00-04:00,54.40999984741211,55.13999938964844,54.119998931884766,54.81999969482422,30.687929153442383,2564200,0.0,0.0
2017-04-19 00:00:00-04:00,54.91999816894531,55.029998779296875,53.790000915527344,53.91999816894531,30.184112548828125,2473400,0.0,0.0
2017-04-20 00:00:00-04:00,54.029998779296875,54.47999954223633,53.709999084472656,53.790000915527344,30.111331939697266,1852600,0.0,0.0
2017-04-21 00:00:00-04:00,53.7400016784668,53.86000061035156,52.779998779296875,53.529998779296875,29.965797424316406,2866000,0.0,0.0
2017-04-24 00:00:00-04:00,54.029998779296875,54.2400016784668,53.33000183105469,53.869998931884766,30.156126022338867,2031500,0.0,0.0
2017-04-25 00:00:00-04:00,53.86000061035156,54.779998779296875,53.689998626708984,54.72999954223633,30.637540817260742,1662000,0.0,0.0
2017-04-26 00:00:00-04:00,54.5,55.06999969482422,54.400001525878906,54.5,30.5087947845459,2039300,0.0,0.0
2017-04-27 00:00:00-04:00,53.470001220703125,54.06999969482422,52.560001373291016,53.0099983215332,30.013389587402344,2511000,0.615,0.0
2017-04-28 00:00:00-04:00,53.310001373291016,53.310001373291016,52.2599983215332,52.61000061035156,29.786911010742188,2710500,0.0,0.0
2017-05-01 00:00:00-04:00,52.779998779296875,53.189998626708984,52.470001220703125,53.02000045776367,30.0190486907959,2141000,0.0,0.0
2017-05-02 00:00:00-04:00,53.220001220703125,53.220001220703125,51.869998931884766,52.29999923706055,29.61140251159668,3154200,0.0,0.0
2017-05-03 00:00:00-04:00,52.599998474121094,52.88999938964844,51.689998626708984,52.13999938964844,29.52080726623535,2967500,0.0,0.0
2017-05-04 00:00:00-04:00,51.66999816894531,51.88999938964844,49.13999938964844,49.34000015258789,27.93549156188965,3964100,0.0,0.0
2017-05-05 00:00:00-04:00,49.369998931884766,50.68000030517578,49.0,50.63999938964844,28.671531677246094,4144700,0.0,0.0
2017-05-08 00:00:00-04:00,50.540000915527344,51.20000076293945,50.31999969482422,51.040000915527344,28.89801025390625,2908900,0.0,0.0
2017-05-09 00:00:00-04:00,51.0,51.060001373291016,50.11000061035156,50.47999954223633,28.580942153930664,1795500,0.0,0.0
2017-05-10 00:00:00-04:00,50.720001220703125,51.59000015258789,50.560001373291016,51.119998931884766,28.943302154541016,2424300,0.0,0.0
2017-05-11 00:00:00-04:00,51.619998931884766,51.619998931884766,50.939998626708984,51.27000045776367,29.028228759765625,1931000,0.0,0.0
2017-05-12 00:00:00-04:00,51.310001373291016,51.68000030517578,50.90999984741211,51.0,28.875362396240234,2929200,0.0,0.0
2017-05-15 00:00:00-04:00,51.79999923706055,52.0099983215332,51.0,51.279998779296875,29.03389549255371,2169100,0.0,0.0
2017-05-16 00:00:00-04:00,51.22999954223633,51.459999084472656,50.720001220703125,50.88999938964844,28.813074111938477,1871500,0.0,0.0
2017-05-17 00:00:00-04:00,50.88999938964844,50.88999938964844,49.720001220703125,49.75,28.167631149291992,2002600,0.0,0.0
2017-05-18 00:00:00-04:00,49.54999923706055,50.08000183105469,49.310001373291016,49.81999969482422,28.207260131835938,2156600,0.0,0.0
2017-05-19 00:00:00-04:00,50.31999969482422,51.880001068115234,50.099998474121094,51.43000030517578,29.118820190429688,2146300,0.0,0.0
2017-05-22 00:00:00-04:00,51.68000030517578,51.7599983215332,51.20000076293945,51.65999984741211,29.249042510986328,1748700,0.0,0.0
2017-05-23 00:00:00-04:00,51.79999923706055,52.5,51.56999969482422,52.22999954223633,29.57176399230957,2389600,0.0,0.0
2017-05-24 00:00:00-04:00,52.119998931884766,53.0099983215332,52.11000061035156,52.779998779296875,29.883167266845703,3410300,0.0,0.0
2017-05-25 00:00:00-04:00,52.36000061035156,53.099998474121094,51.529998779296875,51.65999984741211,29.249042510986328,4524500,0.0,0.0
2017-05-26 00:00:00-04:00,51.58000183105469,51.84000015258789,51.119998931884766,51.689998626708984,29.266019821166992,2201100,0.0,0.0
2017-05-30 00:00:00-04:00,51.2400016784668,51.349998474121094,49.849998474121094,49.849998474121094,28.224252700805664,2667700,0.0,0.0
2017-05-31 00:00:00-04:00,49.54999923706055,49.83000183105469,48.93000030517578,49.68000030517578,28.127994537353516,3416000,0.0,0.0
2017-06-01 00:00:00-04:00,49.86000061035156,50.560001373291016,49.54999923706055,50.45000076293945,28.563953399658203,2157300,0.0,0.0
2017-06-02 00:00:00-04:00,50.27000045776367,50.45000076293945,49.52000045776367,49.54999923706055,28.05440330505371,1560200,0.0,0.0
2017-06-05 00:00:00-04:00,48.72999954223633,49.689998626708984,48.72999954223633,49.31999969482422,27.92416763305664,1785100,0.0,0.0
2017-06-06 00:00:00-04:00,49.11000061035156,50.08000183105469,49.04999923706055,50.0,28.309173583984375,2343500,0.0,0.0
2017-06-07 00:00:00-04:00,49.79999923706055,50.22999954223633,48.5,48.869998931884766,27.669387817382812,2101600,0.0,0.0
2017-06-08 00:00:00-04:00,48.869998931884766,49.04999923706055,48.400001525878906,48.4900016784668,27.454248428344727,3029200,0.0,0.0
2017-06-09 00:00:00-04:00,48.54999923706055,49.4900016784668,48.54999923706055,49.45000076293945,27.997777938842773,1670000,0.0,0.0
2017-06-12 00:00:00-04:00,49.45000076293945,50.45000076293945,49.45000076293945,49.9900016784668,28.303508758544922,1997500,0.0,0.0
2017-06-13 00:00:00-04:00,49.849998474121094,50.45000076293945,49.779998779296875,50.209999084472656,28.428075790405273,1674300,0.0,0.0
2017-06-14 00:00:00-04:00,50.31999969482422,51.0,49.5,49.790000915527344,28.19026756286621,3738800,0.0,0.0
2017-06-15 00:00:00-04:00,49.439998626708984,50.02000045776367,48.869998931884766,48.97999954223633,27.731670379638672,2666700,0.0,0.0
2017-06-16 00:00:00-04:00,49.27000045776367,50.9900016784668,49.189998626708984,50.970001220703125,28.858381271362305,3278000,0.0,0.0
2017-06-19 00:00:00-04:00,51.0,51.189998626708984,50.04999923706055,50.209999084472656,28.428075790405273,2127200,0.0,0.0
2017-06-20 00:00:00-04:00,49.59000015258789,49.7599983215332,47.13999938964844,47.5,26.893718719482422,3463800,0.0,0.0
2017-06-21 00:00:00-04:00,48.06999969482422,48.630001068115234,47.150001525878906,47.40999984741211,26.84275245666504,4225600,0.0,0.0
2017-06-22 00:00:00-04:00,47.7400016784668,48.630001068115234,47.369998931884766,47.790000915527344,27.057905197143555,3438700,0.0,0.0
2017-06-23 00:00:00-04:00,47.91999816894531,49.2400016784668,47.65999984741211,49.189998626708984,27.850557327270508,2562900,0.0,0.0
2017-06-26 00:00:00-04:00,49.31999969482422,51.20000076293945,49.31999969482422,50.540000915527344,28.614913940429688,5206200,0.0,0.0
2017-06-27 00:00:00-04:00,50.61000061035156,51.36000061035156,50.529998779296875,50.68000030517578,28.69417953491211,3299300,0.0,0.0
2017-06-28 00:00:00-04:00,50.72999954223633,51.45000076293945,50.41999816894531,50.900001525878906,28.818742752075195,3315700,0.0,0.0
2017-06-29 00:00:00-04:00,51.08000183105469,52.439998626708984,50.869998931884766,51.52000045776367,29.16977310180664,5416000,0.0,0.0
2017-06-30 00:00:00-04:00,52.0099983215332,52.40999984741211,51.59000015258789,52.15999984741211,29.53213882446289,42639900,0.0,0.0
2017-07-03 00:00:00-04:00,52.209999084472656,52.45000076293945,51.5,52.029998779296875,29.458520889282227,4810200,0.0,0.0
2017-07-05 00:00:00-04:00,52.0099983215332,52.56999969482422,50.5,50.75,28.733808517456055,31997200,0.0,0.0
2017-07-06 00:00:00-04:00,51.27000045776367,52.689998626708984,51.08000183105469,52.599998474121094,29.781251907348633,17187000,0.0,0.0
2017-07-07 00:00:00-04:00,52.5,52.7400016784668,51.459999084472656,51.689998626708984,29.266019821166992,10667300,0.0,0.0
2017-07-10 00:00:00-04:00,51.47999954223633,51.5,50.7400016784668,51.0,28.875362396240234,7057200,0.0,0.0
2017-07-11 00:00:00-04:00,51.029998779296875,51.29999923706055,50.529998779296875,50.880001068115234,28.807418823242188,4107300,0.0,0.0
2017-07-12 00:00:00-04:00,51.4900016784668,52.400001525878906,51.279998779296875,52.04999923706055,29.46985626220703,3737500,0.0,0.0
2017-07-13 00:00:00-04:00,52.189998626708984,52.77000045776367,51.97999954223633,52.459999084472656,29.701988220214844,2813200,0.0,0.0
2017-07-14 00:00:00-04:00,52.68000030517578,53.38999938964844,52.470001220703125,53.15999984741211,30.09830665588379,2082000,0.0,0.0
2017-07-17 00:00:00-04:00,53.15999984741211,53.65999984741211,53.09000015258789,53.56999969482422,30.330446243286133,4586300,0.0,0.0
2017-07-18 00:00:00-04:00,53.95000076293945,53.97999954223633,53.08000183105469,53.56999969482422,30.330446243286133,3650900,0.0,0.0
2017-07-19 00:00:00-04:00,53.65999984741211,54.40999984741211,53.400001525878906,54.38999938964844,30.79471778869629,4453600,0.0,0.0
2017-07-20 00:00:00-04:00,54.810001373291016,55.36000061035156,54.45000076293945,54.790000915527344,31.021188735961914,4916600,0.0,0.0
2017-07-21 00:00:00-04:00,54.70000076293945,54.95000076293945,54.29999923706055,54.45000076293945,30.828691482543945,2554600,0.0,0.0
2017-07-24 00:00:00-04:00,54.52000045776367,55.060001373291016,54.43000030517578,54.880001068115234,31.07215118408203,2636700,0.0,0.0
2017-07-25 00:00:00-04:00,55.63999938964844,55.97999954223633,55.54999923706055,55.779998779296875,31.581724166870117,2912200,0.0,0.0
2017-07-26 00:00:00-04:00,55.9900016784668,56.40999984741211,55.560001373291016,55.59000015258789,31.474138259887695,2474500,0.0,0.0
2017-07-27 00:00:00-04:00,55.59000015258789,56.619998931884766,55.59000015258789,56.619998931884766,32.057308197021484,2237600,0.0,0.0
2017-07-28 00:00:00-04:00,56.61000061035156,57.25,56.45000076293945,56.459999084472656,31.96671485900879,2403800,0.0,0.0
2017-07-31 00:00:00-04:00,56.470001220703125,56.58000183105469,55.88999938964844,56.56999969482422,32.028995513916016,2833400,0.0,0.0
2017-08-01 00:00:00-04:00,56.56999969482422,56.84000015258789,56.04999923706055,56.72999954223633,32.119590759277344,3670400,0.0,0.0
2017-08-02 00:00:00-04:00,55.86000061035156,56.209999084472656,55.0,55.36000061035156,31.343914031982422,3010200,0.0,0.0
2017-08-03 00:00:00-04:00,54.5,54.77000045776367,53.790000915527344,53.849998474121094,30.90487289428711,2803600,0.745,0.0
2017-08-04 00:00:00-04:00,53.95000076293945,54.38999938964844,53.45000076293945,53.529998779296875,30.721233367919922,2805000,0.0,0.0
2017-08-07 00:00:00-04:00,53.20000076293945,53.29999923706055,52.470001220703125,53.06999969482422,30.457231521606445,3561500,0.0,0.0
2017-08-08 00:00:00-04:00,52.79999923706055,53.41999816894531,52.25,52.54999923706055,30.158796310424805,2568600,0.0,0.0
2017-08-09 00:00:00-04:00,52.689998626708984,53.0,52.470001220703125,52.7599983215332,30.279319763183594,2455000,0.0,0.0
2017-08-10 00:00:00-04:00,53.0,53.11000061035156,52.11000061035156,52.209999084472656,29.963668823242188,2783300,0.0,0.0
2017-08-11 00:00:00-04:00,52.060001373291016,52.439998626708984,51.900001525878906,52.40999984741211,30.078454971313477,2237900,0.0,0.0
2017-08-14 00:00:00-04:00,52.72999954223633,53.189998626708984,52.279998779296875,52.31999969482422,30.02680206298828,2690400,0.0,0.0
2017-08-15 00:00:00-04:00,52.31999969482422,52.380001068115234,50.689998626708984,50.95000076293945,29.24054718017578,5037000,0.0,0.0
2017-08-16 00:00:00-04:00,51.060001373291016,51.2400016784668,50.279998779296875,50.61000061035156,29.0454158782959,2645200,0.0,0.0
2017-08-17 00:00:00-04:00,50.369998931884766,50.90999984741211,50.31999969482422,50.36000061035156,28.901945114135742,2090500,0.0,0.0
2017-08-18 00:00:00-04:00,50.349998474121094,51.09000015258789,50.099998474121094,50.93000030517578,29.229080200195312,2213500,0.0,0.0
2017-08-21 00:00:00-04:00,50.880001068115234,51.08000183105469,50.560001373291016,50.970001220703125,29.252033233642578,2216300,0.0,0.0
2017-08-22 00:00:00-04:00,51.13999938964844,52.97999954223633,51.06999969482422,52.88999938964844,30.353931427001953,3455500,0.0,0.0
2017-08-23 00:00:00-04:00,52.470001220703125,53.81999969482422,52.470001220703125,53.34000015258789,30.6121883392334,3060600,0.0,0.0
2017-08-24 00:00:00-04:00,53.2599983215332,53.86000061035156,53.2599983215332,53.470001220703125,30.68679428100586,2814900,0.0,0.0
2017-08-25 00:00:00-04:00,53.650001525878906,53.84000015258789,53.47999954223633,53.65999984741211,30.795833587646484,1892800,0.0,0.0
2017-08-28 00:00:00-04:00,53.66999816894531,53.849998474121094,52.43000030517578,52.95000076293945,30.388364791870117,2083200,0.0,0.0
2017-08-29 00:00:00-04:00,52.650001525878906,53.38999938964844,52.47999954223633,53.220001220703125,30.543315887451172,2117700,0.0,0.0
2017-08-30 00:00:00-04:00,52.880001068115234,54.25,52.79999923706055,54.0099983215332,30.9966983795166,3410200,0.0,0.0
2017-08-31 00:00:00-04:00,54.400001525878906,54.400001525878906,53.720001220703125,54.15999984741211,31.08279037475586,3619600,0.0,0.0
2017-09-01 00:00:00-04:00,54.400001525878906,54.810001373291016,54.06999969482422,54.630001068115234,31.35253143310547,2077800,0.0,0.0
2017-09-05 00:00:00-04:00,55.0,55.70000076293945,54.33000183105469,54.849998474121094,31.47878074645996,3561300,0.0,0.0
2017-09-06 00:00:00-04:00,55.220001220703125,56.400001525878906,54.91999816894531,56.34000015258789,32.33391189575195,5613300,0.0,0.0
2017-09-07 00:00:00-04:00,56.13999938964844,56.939998626708984,56.11000061035156,56.470001220703125,32.40851593017578,3299200,0.0,0.0
2017-09-08 00:00:00-04:00,56.29999923706055,56.77000045776367,55.95000076293945,56.220001220703125,32.265037536621094,3295800,0.0,0.0
2017-09-11 00:00:00-04:00,56.560001373291016,57.0,56.16999816894531,56.52000045776367,32.437217712402344,2986700,0.0,0.0
2017-09-12 00:00:00-04:00,56.52000045776367,56.599998474121094,55.91999816894531,56.09000015258789,32.190433502197266,3041500,0.0,0.0
2017-09-13 00:00:00-04:00,56.25,56.58000183105469,55.959999084472656,56.47999954223633,32.414241790771484,5403500,0.0,0.0
2017-09-14 00:00:00-04:00,56.5099983215332,57.09000015258789,56.380001068115234,56.880001068115234,32.64381408691406,5226400,0.0,0.0
2017-09-15 00:00:00-04:00,56.959999084472656,57.0,56.189998626708984,56.20000076293945,32.253570556640625,13014900,0.0,0.0
2017-09-18 00:00:00-04:00,56.09000015258789,56.599998474121094,55.90999984741211,56.099998474121094,32.196163177490234,5500300,0.0,0.0
2017-09-19 00:00:00-04:00,56.150001525878906,56.27000045776367,55.290000915527344,56.11000061035156,32.201908111572266,4691900,0.0,0.0
2017-09-20 00:00:00-04:00,56.13999938964844,56.33000183105469,55.880001068115234,56.09000015258789,32.190433502197266,2637400,0.0,0.0
2017-09-21 00:00:00-04:00,55.810001373291016,56.029998779296875,54.63999938964844,55.060001373291016,31.599308013916016,3548100,0.0,0.0
2017-09-22 00:00:00-04:00,55.040000915527344,55.060001373291016,54.20000076293945,54.70000076293945,31.392704010009766,2765700,0.0,0.0
2017-09-25 00:00:00-04:00,55.150001525878906,55.900001525878906,55.08000183105469,55.5,31.851831436157227,3165400,0.0,0.0
2017-09-26 00:00:00-04:00,55.209999084472656,55.45000076293945,54.849998474121094,55.220001220703125,31.69113540649414,2551200,0.0,0.0
2017-09-27 00:00:00-04:00,55.25,55.58000183105469,54.900001525878906,55.54999923706055,31.880516052246094,2524400,0.0,0.0
2017-09-28 00:00:00-04:00,55.25,55.470001220703125,54.7599983215332,55.41999816894531,31.8059139251709,3381800,0.0,0.0
2017-09-29 00:00:00-04:00,55.220001220703125,55.61000061035156,55.11000061035156,55.40999984741211,31.8001766204834,2496200,0.0,0.0
2017-10-02 00:00:00-04:00,54.97999954223633,55.880001068115234,54.709999084472656,55.84000015258789,32.046958923339844,2627300,0.0,0.0
2017-10-03 00:00:00-04:00,55.849998474121094,56.369998931884766,55.40999984741211,56.189998626708984,32.247802734375,2758700,0.0,0.0
2017-10-04 00:00:00-04:00,56.290000915527344,56.599998474121094,56.099998474121094,56.29999923706055,32.310951232910156,2113200,0.0,0.0
2017-10-05 00:00:00-04:00,56.400001525878906,57.08000183105469,56.2400016784668,56.70000076293945,32.54050827026367,2570100,0.0,0.0
2017-10-06 00:00:00-04:00,56.189998626708984,56.43000030517578,55.540000915527344,56.189998626708984,32.247802734375,1866100,0.0,0.0
2017-10-09 00:00:00-04:00,56.33000183105469,56.689998626708984,56.029998779296875,56.06999969482422,32.178958892822266,2409200,0.0,0.0
2017-10-10 00:00:00-04:00,56.58000183105469,56.58000183105469,55.900001525878906,56.02000045776367,32.1502571105957,1828800,0.0,0.0
2017-10-11 00:00:00-04:00,55.900001525878906,56.54999923706055,55.779998779296875,56.380001068115234,32.35686492919922,1518900,0.0,0.0
2017-10-12 00:00:00-04:00,55.97999954223633,56.58000183105469,55.68000030517578,56.40999984741211,32.37407684326172,2335900,0.0,0.0
2017-10-13 00:00:00-04:00,56.869998931884766,56.97999954223633,56.2599983215332,56.470001220703125,32.40851593017578,2089200,0.0,0.0
2017-10-16 00:00:00-04:00,56.369998931884766,56.599998474121094,56.09000015258789,56.25,32.28225326538086,1633000,0.0,0.0
2017-10-17 00:00:00-04:00,56.25,56.45000076293945,56.08000183105469,56.41999816894531,32.37982177734375,1400500,0.0,0.0
2017-10-18 00:00:00-04:00,56.459999084472656,56.54999923706055,55.220001220703125,55.369998931884766,31.777217864990234,2109000,0.0,0.0
2017-10-19 00:00:00-04:00,55.04999923706055,55.81999969482422,55.04999923706055,55.810001373291016,32.029727935791016,1382300,0.0,0.0
2017-10-20 00:00:00-04:00,55.939998626708984,56.13999938964844,55.720001220703125,56.0,32.13877868652344,2309100,0.0,0.0
2017-10-23 00:00:00-04:00,56.130001068115234,56.220001220703125,54.97999954223633,55.04999923706055,31.593564987182617,2341900,0.0,0.0
2017-10-24 00:00:00-04:00,55.279998779296875,56.11000061035156,54.869998931884766,55.939998626708984,32.104339599609375,3530400,0.0,0.0
2017-10-25 00:00:00-04:00,55.959999084472656,55.959999084472656,53.47999954223633,53.709999084472656,30.824527740478516,3262100,0.0,0.0
2017-10-26 00:00:00-04:00,54.0,54.189998626708984,52.81999969482422,53.43000030517578,30.66383934020996,2909500,0.0,0.0
2017-10-27 00:00:00-04:00,53.130001068115234,54.34000015258789,52.79999923706055,54.08000183105469,31.036882400512695,2053400,0.0,0.0
2017-10-30 00:00:00-04:00,54.150001525878906,54.619998931884766,53.880001068115234,54.040000915527344,31.013919830322266,1973700,0.0,0.0
2017-10-31 00:00:00-04:00,54.0,54.369998931884766,53.7599983215332,54.27000045776367,31.14592170715332,2072400,0.0,0.0
2017-11-01 00:00:00-04:00,54.75,55.75,53.959999084472656,54.529998779296875,31.295133590698242,2724500,0.0,0.0
2017-11-02 00:00:00-04:00,54.2400016784668,54.4900016784668,52.66999816894531,53.349998474121094,30.617921829223633,3027900,0.0,0.0
2017-11-03 00:00:00-04:00,52.369998931884766,52.900001525878906,51.70000076293945,52.650001525878906,30.644113540649414,2110000,0.745,0.0
2017-11-06 00:00:00-05:00,52.650001525878906,52.9900016784668,52.220001220703125,52.79999923706055,30.731426239013672,3077800,0.0,0.0
2017-11-07 00:00:00-05:00,52.86000061035156,53.369998931884766,52.43000030517578,53.16999816894531,30.946775436401367,2142000,0.0,0.0
2017-11-08 00:00:00-05:00,53.060001373291016,53.54999923706055,52.84000015258789,53.099998474121094,30.90602684020996,2162800,0.0,0.0
2017-11-09 00:00:00-05:00,52.810001373291016,53.349998474121094,52.529998779296875,52.9900016784668,30.84201431274414,2040200,0.0,0.0
2017-11-10 00:00:00-05:00,53.09000015258789,53.189998626708984,52.0,52.400001525878906,30.49860954284668,2437900,0.0,0.0
2017-11-13 00:00:00-05:00,52.43000030517578,52.83000183105469,52.119998931884766,52.209999084472656,30.388015747070312,2336600,0.0,0.0
2017-11-14 00:00:00-05:00,52.2400016784668,52.560001373291016,51.27000045776367,51.380001068115234,29.904930114746094,2921700,0.0,0.0
2017-11-15 00:00:00-05:00,51.150001525878906,51.18000030517578,50.52000045776367,50.83000183105469,29.584810256958008,2611400,0.0,0.0
2017-11-16 00:00:00-05:00,50.849998474121094,51.02000045776367,50.33000183105469,50.650001525878906,29.480045318603516,2175500,0.0,0.0
2017-11-17 00:00:00-05:00,50.7599983215332,50.77000045776367,50.29999923706055,50.66999816894531,29.49169158935547,1526500,0.0,0.0
2017-11-20 00:00:00-05:00,50.650001525878906,50.9900016784668,50.38999938964844,50.83000183105469,29.584810256958008,1964300,0.0,0.0
2017-11-21 00:00:00-05:00,51.20000076293945,51.349998474121094,50.08000183105469,50.20000076293945,29.218128204345703,2348100,0.0,0.0
2017-11-22 00:00:00-05:00,50.470001220703125,50.63999938964844,50.20000076293945,50.58000183105469,29.43930435180664,2233000,0.0,0.0
2017-11-24 00:00:00-05:00,50.83000183105469,51.34000015258789,50.81999969482422,51.040000915527344,29.707048416137695,1056000,0.0,0.0
2017-11-27 00:00:00-05:00,50.79999923706055,51.029998779296875,49.650001525878906,50.02000045776367,29.113367080688477,2638100,0.0,0.0
2017-11-28 00:00:00-05:00,50.060001373291016,50.380001068115234,49.68000030517578,50.060001373291016,29.136646270751953,1854000,0.0,0.0
2017-11-29 00:00:00-05:00,49.90999984741211,50.439998626708984,49.7599983215332,50.43000030517578,29.352005004882812,2074800,0.0,0.0
2017-11-30 00:00:00-05:00,50.630001068115234,52.06999969482422,50.630001068115234,51.900001525878906,30.207592010498047,4323100,0.0,0.0
2017-12-01 00:00:00-05:00,52.27000045776367,52.400001525878906,51.59000015258789,52.11000061035156,30.329824447631836,3260300,0.0,0.0
2017-12-04 00:00:00-05:00,52.130001068115234,52.880001068115234,51.959999084472656,52.290000915527344,30.434587478637695,3566700,0.0,0.0
2017-12-05 00:00:00-05:00,52.369998931884766,52.58000183105469,52.150001525878906,52.34000015258789,30.463687896728516,2302900,0.0,0.0
2017-12-06 00:00:00-05:00,52.29999923706055,52.34000015258789,51.45000076293945,51.79999923706055,30.14939308166504,1733400,0.0,0.0
2017-12-07 00:00:00-05:00,51.810001373291016,52.41999816894531,51.650001525878906,52.40999984741211,30.504426956176758,1848500,0.0,0.0
2017-12-08 00:00:00-05:00,52.72999954223633,53.119998931884766,52.599998474121094,53.0099983215332,30.853652954101562,2106700,0.0,0.0
2017-12-11 00:00:00-05:00,53.13999938964844,54.150001525878906,53.0,53.400001525878906,31.080650329589844,3076000,0.0,0.0
2017-12-12 00:00:00-05:00,53.47999954223633,53.86000061035156,53.11000061035156,53.400001525878906,31.080650329589844,2427500,0.0,0.0
2017-12-13 00:00:00-05:00,53.470001220703125,53.540000915527344,53.099998474121094,53.220001220703125,30.975879669189453,1861700,0.0,0.0
2017-12-14 00:00:00-05:00,52.880001068115234,53.470001220703125,52.720001220703125,52.7400016784668,30.696502685546875,2280200,0.0,0.0
2017-12-15 00:00:00-05:00,52.880001068115234,53.02000045776367,52.060001373291016,52.15999984741211,30.35892677307129,5325700,0.0,0.0
2017-12-18 00:00:00-05:00,52.47999954223633,52.779998779296875,52.15999984741211,52.349998474121094,30.469499588012695,3723800,0.0,0.0
2017-12-19 00:00:00-05:00,52.70000076293945,52.70000076293945,51.84000015258789,51.86000061035156,30.184316635131836,2434100,0.0,0.0
2017-12-20 00:00:00-05:00,52.25,52.25,51.470001220703125,51.5099983215332,29.9805965423584,3059000,0.0,0.0
2017-12-21 00:00:00-05:00,51.43000030517578,52.400001525878906,51.279998779296875,52.220001220703125,30.393836975097656,3014900,0.0,0.0
2017-12-22 00:00:00-05:00,52.220001220703125,53.439998626708984,52.13999938964844,53.209999084472656,30.970056533813477,2940400,0.0,0.0
2017-12-26 00:00:00-05:00,53.29999923706055,53.720001220703125,53.119998931884766,53.2599983215332,30.999160766601562,1621000,0.0,0.0
2017-12-27 00:00:00-05:00,53.349998474121094,53.400001525878906,53.029998779296875,53.16999816894531,30.946775436401367,2609000,0.0,0.0
2017-12-28 00:00:00-05:00,53.16999816894531,53.5099983215332,52.959999084472656,53.4900016784668,31.133026123046875,2078000,0.0,0.0
2017-12-29 00:00:00-05:00,53.619998931884766,53.88999938964844,53.33000183105469,53.45000076293945,31.10973358154297,2527700,0.0,0.0
2018-01-02 00:00:00-05:00,53.7599983215332,54.75,53.560001373291016,54.650001525878906,31.80818748474121,2547900,0.0,0.0
2018-01-03 00:00:00-05:00,54.689998626708984,55.84000015258789,54.56999969482422,55.540000915527344,32.32619857788086,2539100,0.0,0.0
2018-01-04 00:00:00-05:00,55.689998626708984,56.33000183105469,55.45000076293945,56.20000076293945,32.7103385925293,2790800,0.0,0.0
2018-01-05 00:00:00-05:00,55.25,56.290000915527344,55.06999969482422,56.060001373291016,32.628849029541016,10159500,0.0,0.0
2018-01-08 00:00:00-05:00,56.18000030517578,56.959999084472656,55.93000030517578,56.63999938964844,32.9664306640625,3640600,0.0,0.0
2018-01-09 00:00:00-05:00,56.689998626708984,56.959999084472656,56.33000183105469,56.4900016784668,32.87913131713867,2056000,0.0,0.0
2018-01-10 00:00:00-05:00,56.540000915527344,57.0,56.40999984741211,56.7400016784668,33.02463912963867,2517400,0.0,0.0
2018-01-11 00:00:00-05:00,57.400001525878906,58.54999923706055,57.09000015258789,58.36000061035156,33.967525482177734,3359500,0.0,0.0
2018-01-12 00:00:00-05:00,58.4900016784668,58.900001525878906,57.84000015258789,58.66999816894531,34.14796447753906,2965200,0.0,0.0
2018-01-16 00:00:00-05:00,59.0,60.060001373291016,58.720001220703125,58.79999923706055,34.223628997802734,4511900,0.0,0.0
2018-01-17 00:00:00-05:00,59.459999084472656,59.790000915527344,58.65999984741211,59.40999984741211,34.57865905761719,4204200,0.0,0.0
2018-01-18 00:00:00-05:00,59.25,59.369998931884766,58.119998931884766,58.13999938964844,33.83949279785156,3439100,0.0,0.0
2018-01-19 00:00:00-05:00,58.06999969482422,58.34000015258789,57.13999938964844,58.31999969482422,33.94424819946289,8657000,0.0,0.0
2018-01-22 00:00:00-05:00,58.34000015258789,59.880001068115234,58.34000015258789,59.880001068115234,34.85222244262695,4065600,0.0,0.0
2018-01-23 00:00:00-05:00,60.0,60.709999084472656,59.59000015258789,60.47999954223633,35.201446533203125,3110500,0.0,0.0
2018-01-24 00:00:00-05:00,60.88999938964844,61.36000061035156,60.61000061035156,60.709999084472656,35.3353157043457,2818600,0.0,0.0
2018-01-25 00:00:00-05:00,60.95000076293945,61.11000061035156,60.27000045776367,60.58000183105469,35.25965118408203,2412400,0.0,0.0
2018-01-26 00:00:00-05:00,60.0,60.38999938964844,59.72999954223633,60.150001525878906,35.46009826660156,2590800,0.77,0.0
2018-01-29 00:00:00-05:00,59.86000061035156,60.130001068115234,59.45000076293945,59.4900016784668,35.071014404296875,4023800,0.0,0.0
2018-01-30 00:00:00-05:00,58.900001525878906,59.130001068115234,58.18000030517578,58.72999954223633,34.62297058105469,2008700,0.0,0.0
2018-01-31 00:00:00-05:00,58.83000183105469,59.459999084472656,58.689998626708984,58.86000061035156,34.6995964050293,2467300,0.0,0.0
2018-02-01 00:00:00-05:00,58.97999954223633,60.040000915527344,58.869998931884766,59.7400016784668,35.21837615966797,1858600,0.0,0.0
2018-02-02 00:00:00-05:00,59.099998474121094,59.220001220703125,57.61000061035156,57.75,34.045223236083984,2459900,0.0,0.0
2018-02-05 00:00:00-05:00,57.20000076293945,57.61000061035156,54.779998779296875,55.560001373291016,32.75415802001953,3529800,0.0,0.0
2018-02-06 00:00:00-05:00,54.540000915527344,56.650001525878906,54.380001068115234,56.41999816894531,33.26115036010742,3572800,0.0,0.0
2018-02-07 00:00:00-05:00,56.33000183105469,57.540000915527344,56.31999969482422,56.58000183105469,33.3554801940918,2495400,0.0,0.0
2018-02-08 00:00:00-05:00,56.540000915527344,56.880001068115234,54.369998931884766,54.400001525878906,32.070308685302734,2720300,0.0,0.0
2018-02-09 00:00:00-05:00,54.939998626708984,55.220001220703125,52.38999938964844,54.33000183105469,32.02904510498047,3602900,0.0,0.0
2018-02-12 00:00:00-05:00,55.27000045776367,56.9900016784668,55.040000915527344,56.54999923706055,33.33779525756836,2582600,0.0,0.0
2018-02-13 00:00:00-05:00,56.2400016784668,57.31999969482422,55.91999816894531,56.84000015258789,33.508758544921875,2030500,0.0,0.0
2018-02-14 00:00:00-05:00,56.27000045776367,57.880001068115234,56.16999816894531,57.470001220703125,33.880157470703125,3417100,0.0,0.0
2018-02-15 00:00:00-05:00,57.630001068115234,57.939998626708984,57.119998931884766,57.79999923706055,34.07470703125,3163700,0.0,0.0
2018-02-16 00:00:00-05:00,57.56999969482422,57.68000030517578,56.619998931884766,56.90999984741211,33.550018310546875,2343400,0.0,0.0
2018-02-20 00:00:00-05:00,57.0,57.68000030517578,56.709999084472656,57.02000045776367,33.614864349365234,1468700,0.0,0.0
2018-02-21 00:00:00-05:00,56.939998626708984,57.400001525878906,56.09000015258789,56.099998474121094,33.07249450683594,2010700,0.0,0.0
2018-02-22 00:00:00-05:00,56.619998931884766,58.369998931884766,56.36000061035156,57.18000030517578,33.70919418334961,3773500,0.0,0.0
2018-02-23 00:00:00-05:00,57.43000030517578,58.34000015258789,57.04999923706055,58.02000045776367,34.20439147949219,2595900,0.0,0.0
2018-02-26 00:00:00-05:00,58.31999969482422,58.34000015258789,56.7599983215332,57.470001220703125,33.880157470703125,3330300,0.0,0.0
2018-02-27 00:00:00-05:00,57.79999923706055,58.040000915527344,56.560001373291016,57.0,33.60306930541992,3969700,0.0,0.0
2018-02-28 00:00:00-05:00,57.2599983215332,58.08000183105469,56.220001220703125,56.33000183105469,33.208091735839844,3880200,0.0,0.0
2018-03-01 00:00:00-05:00,56.349998474121094,56.880001068115234,55.709999084472656,56.5099983215332,33.314212799072266,3106600,0.0,0.0
2018-03-02 00:00:00-05:00,56.0,57.2599983215332,55.16999816894531,57.08000183105469,33.650238037109375,2415000,0.0,0.0
2018-03-05 00:00:00-05:00,56.720001220703125,57.29999923706055,56.15999984741211,56.90999984741211,33.550018310546875,2535400,0.0,0.0
2018-03-06 00:00:00-05:00,57.150001525878906,57.459999084472656,56.63999938964844,57.02000045776367,33.614864349365234,1537400,0.0,0.0
2018-03-07 00:00:00-05:00,56.43000030517578,57.470001220703125,56.41999816894531,56.709999084472656,33.43210983276367,2265300,0.0,0.0
2018-03-08 00:00:00-05:00,56.689998626708984,56.959999084472656,55.900001525878906,56.599998474121094,33.36726379394531,2253100,0.0,0.0
2018-03-09 00:00:00-05:00,56.9900016784668,57.380001068115234,56.88999938964844,57.310001373291016,33.785831451416016,2060400,0.0,0.0
2018-03-12 00:00:00-04:00,57.25,57.849998474121094,57.20000076293945,57.59000015258789,33.95090103149414,3031500,0.0,0.0
2018-03-13 00:00:00-04:00,57.81999969482422,57.970001220703125,57.36000061035156,57.7599983215332,34.05111312866211,2205300,0.0,0.0
2018-03-14 00:00:00-04:00,57.88999938964844,58.060001373291016,57.08000183105469,57.15999984741211,33.697410583496094,2304400,0.0,0.0
2018-03-15 00:00:00-04:00,57.380001068115234,58.09000015258789,54.45000076293945,56.63999938964844,33.39085006713867,7757400,0.0,0.0
2018-03-16 00:00:00-04:00,56.72999954223633,58.31999969482422,56.63999938964844,57.810001373291016,34.080596923828125,7013500,0.0,0.0
2018-03-19 00:00:00-04:00,57.599998474121094,57.70000076293945,56.040000915527344,56.470001220703125,33.29063034057617,3371400,0.0,0.0
2018-03-20 00:00:00-04:00,57.689998626708984,58.470001220703125,57.380001068115234,57.63999938964844,33.980377197265625,3788500,0.0,0.0
2018-03-21 00:00:00-04:00,57.97999954223633,58.849998474121094,57.70000076293945,58.459999084472656,34.46378707885742,3186800,0.0,0.0
2018-03-22 00:00:00-04:00,57.90999984741211,58.33000183105469,57.279998779296875,57.33000183105469,33.79762268066406,2754700,0.0,0.0
2018-03-23 00:00:00-04:00,57.619998931884766,57.619998931884766,56.75,56.75,33.4556999206543,3591800,0.0,0.0
2018-03-26 00:00:00-04:00,57.34000015258789,57.45000076293945,56.310001373291016,57.02000045776367,33.614864349365234,2414800,0.0,0.0
2018-03-27 00:00:00-04:00,57.029998779296875,57.869998931884766,56.41999816894531,56.959999084472656,33.579498291015625,3790400,0.0,0.0
2018-03-28 00:00:00-04:00,56.880001068115234,57.130001068115234,55.58000183105469,55.630001068115234,32.79541778564453,3115200,0.0,0.0
2018-03-29 00:00:00-04:00,55.7400016784668,57.20000076293945,55.5,56.91999816894531,33.55592346191406,2701700,0.0,0.0
2018-04-02 00:00:00-04:00,56.7599983215332,57.47999954223633,55.45000076293945,56.13999938964844,33.09608840942383,3108700,0.0,0.0
2018-04-03 00:00:00-04:00,56.310001373291016,56.630001068115234,55.150001525878906,56.599998474121094,33.36726379394531,2454300,0.0,0.0
2018-04-04 00:00:00-04:00,55.540000915527344,56.68000030517578,55.2599983215332,56.52000045776367,33.320106506347656,2379600,0.0,0.0
2018-04-05 00:00:00-04:00,56.7400016784668,57.599998474121094,56.58000183105469,57.439998626708984,33.86246871948242,1750400,0.0,0.0
2018-04-06 00:00:00-04:00,57.130001068115234,57.470001220703125,56.119998931884766,56.689998626708984,33.420326232910156,2169900,0.0,0.0
2018-04-09 00:00:00-04:00,56.95000076293945,57.68000030517578,56.41999816894531,56.75,33.4556999206543,1879700,0.0,0.0
2018-04-10 00:00:00-04:00,57.59000015258789,58.88999938964844,57.369998931884766,58.310001373291016,34.3753662109375,2558100,0.0,0.0
2018-04-11 00:00:00-04:00,58.08000183105469,58.869998931884766,58.0,58.619998931884766,34.5581169128418,2014400,0.0,0.0
2018-04-12 00:00:00-04:00,58.59000015258789,58.70000076293945,57.790000915527344,58.31999969482422,34.381248474121094,2190800,0.0,0.0
2018-04-13 00:00:00-04:00,58.540000915527344,58.97999954223633,58.08000183105469,58.5099983215332,34.493263244628906,1604100,0.0,0.0
2018-04-16 00:00:00-04:00,58.83000183105469,59.88999938964844,58.459999084472656,59.75,35.224281311035156,2173800,0.0,0.0
2018-04-17 00:00:00-04:00,59.810001373291016,60.099998474121094,59.52000045776367,59.66999816894531,35.177120208740234,1964100,0.0,0.0
2018-04-18 00:00:00-04:00,60.33000183105469,60.619998931884766,59.83000183105469,59.83000183105469,35.27144241333008,2676600,0.0,0.0
2018-04-19 00:00:00-04:00,59.9900016784668,60.61000061035156,59.63999938964844,59.7400016784668,35.21837615966797,1874500,0.0,0.0
2018-04-20 00:00:00-04:00,59.86000061035156,59.90999984741211,59.279998779296875,59.540000915527344,35.10048294067383,1777300,0.0,0.0
2018-04-23 00:00:00-04:00,59.5,60.279998779296875,59.2599983215332,59.959999084472656,35.34809494018555,1649300,0.0,0.0
2018-04-24 00:00:00-04:00,60.06999969482422,60.119998931884766,58.81999969482422,59.38999938964844,35.01204299926758,1654400,0.0,0.0
2018-04-25 00:00:00-04:00,58.970001220703125,59.61000061035156,58.65999984741211,59.599998474121094,35.1358528137207,1824600,0.0,0.0
2018-04-26 00:00:00-04:00,59.810001373291016,60.33000183105469,59.619998931884766,60.130001068115234,35.44830322265625,2547400,0.0,0.0
2018-04-27 00:00:00-04:00,59.11000061035156,60.279998779296875,58.380001068115234,59.880001068115234,35.773902893066406,1617500,0.795,0.0
2018-04-30 00:00:00-04:00,59.779998779296875,60.630001068115234,59.61000061035156,60.220001220703125,35.977020263671875,2145200,0.0,0.0
2018-05-01 00:00:00-04:00,60.0,60.7599983215332,59.91999816894531,60.4900016784668,36.138328552246094,2209300,0.0,0.0
2018-05-02 00:00:00-04:00,60.56999969482422,63.150001525878906,60.56999969482422,62.56999969482422,37.38096618652344,3924300,0.0,0.0
2018-05-03 00:00:00-04:00,62.560001373291016,63.16999816894531,62.279998779296875,62.84000015258789,37.54228973388672,2347700,0.0,0.0
2018-05-04 00:00:00-04:00,62.68000030517578,63.72999954223633,62.560001373291016,63.45000076293945,37.90671157836914,1843700,0.0,0.0
2018-05-07 00:00:00-04:00,64.18000030517578,64.76000213623047,63.540000915527344,64.06999969482422,38.27711868286133,2542300,0.0,0.0
2018-05-08 00:00:00-04:00,63.91999816894531,64.19999694824219,62.47999954223633,63.939998626708984,38.19944763183594,2310300,0.0,0.0
2018-05-09 00:00:00-04:00,64.61000061035156,65.48999786376953,64.4000015258789,64.70999908447266,38.659461975097656,2188000,0.0,0.0
2018-05-10 00:00:00-04:00,65.19999694824219,65.45999908447266,64.6500015258789,65.30000305175781,39.01195526123047,1905500,0.0,0.0
2018-05-11 00:00:00-04:00,65.56999969482422,66.04000091552734,65.36000061035156,65.81999969482422,39.32261276245117,2549100,0.0,0.0
2018-05-14 00:00:00-04:00,65.91999816894531,66.7699966430664,65.86000061035156,66.58999633789062,39.78263854980469,1810500,0.0,0.0
2018-05-15 00:00:00-04:00,66.63999938964844,66.83000183105469,65.94000244140625,66.66999816894531,39.83041763305664,2378600,0.0,0.0
2018-05-16 00:00:00-04:00,66.51000213623047,66.77999877929688,66.1500015258789,66.6500015258789,39.8184814453125,2137100,0.0,0.0
2018-05-17 00:00:00-04:00,66.88999938964844,67.30999755859375,66.30000305175781,66.5199966430664,39.740814208984375,1732000,0.0,0.0
2018-05-18 00:00:00-04:00,66.54000091552734,66.66999816894531,65.80000305175781,66.2699966430664,39.5914421081543,1865300,0.0,0.0
2018-05-21 00:00:00-04:00,66.55000305175781,66.5999984741211,66.0199966430664,66.48999786376953,39.7228889465332,1941600,0.0,0.0
2018-05-22 00:00:00-04:00,66.61000061035156,66.91000366210938,65.94999694824219,66.05999755859375,39.46599197387695,1847100,0.0,0.0
2018-05-23 00:00:00-04:00,65.80000305175781,66.87000274658203,65.41999816894531,66.7300033569336,39.866268157958984,1989200,0.0,0.0
2018-05-24 00:00:00-04:00,66.16999816894531,66.58999633789062,65.87000274658203,66.37999725341797,39.657169342041016,2113400,0.0,0.0
2018-05-25 00:00:00-04:00,65.33000183105469,65.94999694824219,64.70999908447266,65.88999938964844,39.36442947387695,1708500,0.0,0.0
2018-05-29 00:00:00-04:00,65.61000061035156,66.58000183105469,65.51000213623047,66.30000305175781,39.609375,2786300,0.0,0.0
2018-05-30 00:00:00-04:00,66.66000366210938,68.41000366210938,66.56999969482422,68.2300033569336,40.762413024902344,2586600,0.0,0.0
2018-05-31 00:00:00-04:00,67.7699966430664,68.87999725341797,67.76000213623047,68.16000366210938,40.72058868408203,3821200,0.0,0.0
2018-06-01 00:00:00-04:00,68.3499984741211,68.94999694824219,67.9000015258789,68.51000213623047,40.929691314697266,1745100,0.0,0.0
2018-06-04 00:00:00-04:00,68.9000015258789,69.11000061035156,67.8499984741211,68.30000305175781,40.80422592163086,1506600,0.0,0.0
2018-06-05 00:00:00-04:00,68.19999694824219,69.25,68.08000183105469,68.56999969482422,40.96554183959961,2515000,0.0,0.0
2018-06-06 00:00:00-04:00,68.66000366210938,68.8499984741211,67.41000366210938,67.66000366210938,40.42189025878906,1954900,0.0,0.0
2018-06-07 00:00:00-04:00,68.29000091552734,68.62999725341797,68.02999877929688,68.55000305175781,40.953590393066406,1727300,0.0,0.0
2018-06-08 00:00:00-04:00,68.66999816894531,68.93000030517578,67.9000015258789,68.44999694824219,40.89384078979492,2173400,0.0,0.0
2018-06-11 00:00:00-04:00,68.29000091552734,69.37999725341797,67.8499984741211,69.0199966430664,41.234375,1680900,0.0,0.0
2018-06-12 00:00:00-04:00,69.08000183105469,69.83999633789062,68.94999694824219,69.23999786376953,41.365806579589844,1736100,0.0,0.0
2018-06-13 00:00:00-04:00,69.11000061035156,69.11000061035156,68.4000015258789,68.87000274658203,41.144771575927734,2603300,0.0,0.0
2018-06-14 00:00:00-04:00,69.06999969482422,69.70999908447266,68.98999786376953,69.33999633789062,41.42555618286133,2362700,0.0,0.0
2018-06-15 00:00:00-04:00,69.2300033569336,69.45999908447266,67.6500015258789,67.77999877929688,40.49356460571289,4014900,0.0,0.0
2018-06-18 00:00:00-04:00,67.83999633789062,68.8499984741211,67.75,68.5199966430664,40.93566131591797,3584900,0.0,0.0
2018-06-19 00:00:00-04:00,67.83000183105469,68.91000366210938,67.5,68.79000091552734,41.09696960449219,2281900,0.0,0.0
2018-06-20 00:00:00-04:00,69.2300033569336,70.30999755859375,69.16000366210938,70.06999969482422,41.861671447753906,1912700,0.0,0.0
2018-06-21 00:00:00-04:00,69.7300033569336,69.86000061035156,68.68000030517578,68.77999877929688,41.09099578857422,1751100,0.0,0.0
2018-06-22 00:00:00-04:00,70.20999908447266,70.7699966430664,69.80000305175781,69.98999786376953,41.813873291015625,4425400,0.0,0.0
2018-06-25 00:00:00-04:00,69.81999969482422,69.91999816894531,68.38999938964844,68.69999694824219,41.04319763183594,1630800,0.0,0.0
2018-06-26 00:00:00-04:00,68.94999694824219,69.88999938964844,68.80000305175781,69.72000122070312,41.65258026123047,1605000,0.0,0.0
2018-06-27 00:00:00-04:00,70.29000091552734,70.98999786376953,69.52999877929688,69.75,41.67049026489258,1883000,0.0,0.0
2018-06-28 00:00:00-04:00,69.93000030517578,70.30999755859375,69.05000305175781,69.93000030517578,41.77803421020508,1628900,0.0,0.0
2018-06-29 00:00:00-04:00,70.29000091552734,70.48999786376953,69.55000305175781,69.83000183105469,41.718292236328125,1877900,0.0,0.0
2018-07-02 00:00:00-04:00,69.55999755859375,69.76000213623047,68.72000122070312,68.94999694824219,41.19255447387695,1751200,0.0,0.0
2018-07-03 00:00:00-04:00,69.5,70.5,69.27999877929688,69.33000183105469,41.419586181640625,1108900,0.0,0.0
2018-07-05 00:00:00-04:00,69.95999908447266,70.5999984741211,69.88999938964844,70.2300033569336,41.95726776123047,1905600,0.0,0.0
2018-07-06 00:00:00-04:00,70.16999816894531,71.33999633789062,69.97000122070312,71.20999908447266,42.54273986816406,1603200,0.0,0.0
2018-07-09 00:00:00-04:00,71.4800033569336,71.7699966430664,71.19000244140625,71.30999755859375,42.60247802734375,2269800,0.0,0.0
2018-07-10 00:00:00-04:00,71.75,71.98999786376953,71.05000305175781,71.22000122070312,42.54871368408203,1901100,0.0,0.0
2018-07-11 00:00:00-04:00,70.86000061035156,71.13999938964844,69.7300033569336,70.30999755859375,42.00505828857422,1960800,0.0,0.0
2018-07-12 00:00:00-04:00,70.5999984741211,70.9800033569336,70.11000061035156,70.86000061035156,42.333641052246094,1640700,0.0,0.0
2018-07-13 00:00:00-04:00,70.83000183105469,71.70999908447266,70.83000183105469,71.4000015258789,42.6562614440918,2752400,0.0,0.0
2018-07-16 00:00:00-04:00,70.86000061035156,70.9800033569336,69.8499984741211,70.01000213623047,41.825836181640625,2478500,0.0,0.0
2018-07-17 00:00:00-04:00,69.97000122070312,70.61000061035156,69.7699966430664,70.33000183105469,42.01700973510742,2683500,0.0,0.0
2018-07-18 00:00:00-04:00,69.76000213623047,70.80999755859375,69.36000061035156,70.12999725341797,41.897518157958984,2737800,0.0,0.0
2018-07-19 00:00:00-04:00,70.16000366210938,71.08000183105469,70.0199966430664,70.44000244140625,42.08271789550781,2278500,0.0,0.0
2018-07-20 00:00:00-04:00,70.51000213623047,70.7699966430664,69.70999908447266,69.93000030517578,41.77803421020508,2109200,0.0,0.0
2018-07-23 00:00:00-04:00,70.16999816894531,70.38999938964844,69.55999755859375,70.1500015258789,41.90946960449219,1586300,0.0,0.0
2018-07-24 00:00:00-04:00,70.37999725341797,70.76000213623047,70.0,70.37999725341797,42.046875,1987700,0.0,0.0
2018-07-25 00:00:00-04:00,70.26000213623047,71.11000061035156,70.12999725341797,70.88999938964844,42.3515625,2011200,0.0,0.0
2018-07-26 00:00:00-04:00,70.88999938964844,71.41999816894531,70.61000061035156,71.29000091552734,42.59054183959961,1242300,0.0,0.0
2018-07-27 00:00:00-04:00,71.12999725341797,71.29000091552734,69.83999633789062,70.12000274658203,41.891536712646484,2191100,0.0,0.0
2018-07-30 00:00:00-04:00,70.55000305175781,70.77999877929688,70.05000305175781,70.58000183105469,42.16636276245117,1833500,0.0,0.0
2018-07-31 00:00:00-04:00,70.69999694824219,71.16999816894531,70.05999755859375,70.44000244140625,42.08271789550781,4583600,0.0,0.0
2018-08-01 00:00:00-04:00,71.04000091552734,71.04000091552734,67.62000274658203,68.12000274658203,40.696693420410156,3540200,0.0,0.0
2018-08-02 00:00:00-04:00,67.83000183105469,69.0199966430664,67.55999755859375,68.5,40.923709869384766,3500700,0.0,0.0
2018-08-03 00:00:00-04:00,67.69999694824219,68.1500015258789,67.2300033569336,67.51000213623047,40.82394790649414,2726400,0.825,0.0
2018-08-06 00:00:00-04:00,67.63999938964844,68.30000305175781,67.30000305175781,68.20999908447266,41.24721908569336,2034600,0.0,0.0
2018-08-07 00:00:00-04:00,68.76000213623047,68.76000213623047,68.12000274658203,68.23999786376953,41.2653694152832,1964400,0.0,0.0
2018-08-08 00:00:00-04:00,67.95999908447266,68.66999816894531,67.7699966430664,68.61000061035156,41.48911666870117,1623600,0.0,0.0
2018-08-09 00:00:00-04:00,68.7300033569336,69.26000213623047,68.52999877929688,68.73999786376953,41.56771469116211,1752500,0.0,0.0
2018-08-10 00:00:00-04:00,68.66000366210938,69.23999786376953,68.5999984741211,68.9000015258789,41.66447448730469,2107300,0.0,0.0
2018-08-13 00:00:00-04:00,68.9000015258789,69.08000183105469,68.0,68.04000091552734,41.14443588256836,1530800,0.0,0.0
2018-08-14 00:00:00-04:00,68.45999908447266,68.91999816894531,68.43000030517578,68.55000305175781,41.45284652709961,2509100,0.0,0.0
2018-08-15 00:00:00-04:00,68.08999633789062,68.08999633789062,66.52999877929688,66.94999694824219,40.485294342041016,2001200,0.0,0.0
2018-08-16 00:00:00-04:00,67.27999877929688,67.7699966430664,66.8499984741211,67.1500015258789,40.60624313354492,1935800,0.0,0.0
2018-08-17 00:00:00-04:00,67.26000213623047,67.77999877929688,67.06999969482422,67.5199966430664,40.829978942871094,1551500,0.0,0.0
2018-08-20 00:00:00-04:00,67.63999938964844,67.97000122070312,67.41000366210938,67.83999633789062,41.02348327636719,1424300,0.0,0.0
2018-08-21 00:00:00-04:00,68.31999969482422,68.41999816894531,67.37999725341797,67.47000122070312,40.79975509643555,1312300,0.0,0.0
2018-08-22 00:00:00-04:00,67.73999786376953,68.3499984741211,67.73999786376953,68.22000122070312,41.25328826904297,1733700,0.0,0.0
2018-08-23 00:00:00-04:00,68.12999725341797,68.16999816894531,67.0999984741211,67.22000122070312,40.6485710144043,1352200,0.0,0.0
2018-08-24 00:00:00-04:00,67.58000183105469,67.9000015258789,67.30999755859375,67.48999786376953,40.81185531616211,2043600,0.0,0.0
2018-08-27 00:00:00-04:00,67.47000122070312,67.9000015258789,67.2300033569336,67.80999755859375,41.005348205566406,2137000,0.0,0.0
2018-08-28 00:00:00-04:00,67.7699966430664,68.26000213623047,67.19999694824219,67.31999969482422,40.709049224853516,1779900,0.0,0.0
2018-08-29 00:00:00-04:00,67.31999969482422,67.37999725341797,66.61000061035156,66.68000030517578,40.32202911376953,2193500,0.0,0.0
2018-08-30 00:00:00-04:00,66.5999984741211,66.83999633789062,66.06999969482422,66.44999694824219,40.18294906616211,2100600,0.0,0.0
2018-08-31 00:00:00-04:00,66.20999908447266,66.38999938964844,65.61000061035156,65.91000366210938,39.85640335083008,1876700,0.0,0.0
2018-09-04 00:00:00-04:00,65.91000366210938,66.12000274658203,65.4800033569336,65.69999694824219,39.729408264160156,1947900,0.0,0.0
2018-09-05 00:00:00-04:00,65.62000274658203,66.08999633789062,64.87999725341797,66.08000183105469,39.95920944213867,1928200,0.0,0.0
2018-09-06 00:00:00-04:00,66.0999984741211,66.62999725341797,65.62000274658203,66.01000213623047,39.916873931884766,2182600,0.0,0.0
2018-09-07 00:00:00-04:00,65.69000244140625,66.30000305175781,65.41999816894531,65.83999633789062,39.8140754699707,1392400,0.0,0.0
2018-09-10 00:00:00-04:00,66.08999633789062,66.38999938964844,64.5,64.55999755859375,39.040042877197266,2766900,0.0,0.0
2018-09-11 00:00:00-04:00,64.5199966430664,65.54000091552734,64.33999633789062,65.0199966430664,39.318206787109375,2585900,0.0,0.0
2018-09-12 00:00:00-04:00,65.3499984741211,65.45999908447266,64.77999877929688,65.11000061035156,39.37263488769531,1775300,0.0,0.0
2018-09-13 00:00:00-04:00,64.9800033569336,65.9800033569336,64.91999816894531,65.95999908447266,39.886634826660156,2084200,0.0,0.0
2018-09-14 00:00:00-04:00,65.80999755859375,66.54000091552734,65.36000061035156,66.38999938964844,40.14666748046875,2256800,0.0,0.0
2018-09-17 00:00:00-04:00,66.66000366210938,68.5999984741211,66.41000366210938,67.97000122070312,41.10210418701172,3835100,0.0,0.0
2018-09-18 00:00:00-04:00,68.55999755859375,70.01000213623047,68.51000213623047,69.13999938964844,41.80961990356445,3041300,0.0,0.0
2018-09-19 00:00:00-04:00,69.31999969482422,69.66999816894531,69.06999969482422,69.5199966430664,42.039405822753906,3252100,0.0,0.0
2018-09-20 00:00:00-04:00,69.62999725341797,69.62999725341797,68.31999969482422,68.61000061035156,41.48911666870117,3115000,0.0,0.0
2018-09-21 00:00:00-04:00,68.86000061035156,69.31999969482422,66.9000015258789,69.11000061035156,41.79147720336914,5101500,0.0,0.0
2018-09-24 00:00:00-04:00,69.5,69.5,67.55999755859375,67.87000274658203,41.04163360595703,3352500,0.0,0.0
2018-09-25 00:00:00-04:00,68.19000244140625,68.48999786376953,67.37000274658203,68.43000030517578,41.38025665283203,3232700,0.0,0.0
2018-09-26 00:00:00-04:00,68.23999786376953,69.81999969482422,68.18000030517578,68.41000366210938,41.368167877197266,2473500,0.0,0.0
2018-09-27 00:00:00-04:00,68.69999694824219,68.69999694824219,67.8499984741211,68.18000030517578,41.22908401489258,2132600,0.0,0.0
2018-09-28 00:00:00-04:00,68.08000183105469,68.47000122070312,67.75,67.79000091552734,40.993255615234375,2237400,0.0,0.0
2018-10-01 00:00:00-04:00,68.08000183105469,69.16999816894531,67.80000305175781,68.94999694824219,41.6947135925293,2155900,0.0,0.0
2018-10-02 00:00:00-04:00,68.8499984741211,69.0999984741211,67.55999755859375,67.87999725341797,41.04767990112305,2555700,0.0,0.0
2018-10-03 00:00:00-04:00,68.0999984741211,68.55999755859375,67.27999877929688,68.43000030517578,41.38025665283203,2714100,0.0,0.0
2018-10-04 00:00:00-04:00,68.44999694824219,68.83000183105469,68.06999969482422,68.4800033569336,41.4105110168457,1807800,0.0,0.0
2018-10-05 00:00:00-04:00,68.41000366210938,68.94999694824219,68.25,68.61000061035156,41.48911666870117,1582900,0.0,0.0
2018-10-08 00:00:00-04:00,68.36000061035156,68.94000244140625,67.9800033569336,68.4000015258789,41.362125396728516,1451400,0.0,0.0
2018-10-09 00:00:00-04:00,68.48999786376953,68.88999938964844,68.20999908447266,68.72000122070312,41.555641174316406,1333300,0.0,0.0
2018-10-10 00:00:00-04:00,68.69999694824219,68.98999786376953,67.25,67.30999755859375,40.702980041503906,2428900,0.0,0.0
2018-10-11 00:00:00-04:00,66.88999938964844,66.88999938964844,64.97000122070312,65.22000122070312,39.43916320800781,3041500,0.0,0.0
2018-10-12 00:00:00-04:00,65.38999938964844,66.01000213623047,63.59000015258789,65.0199966430664,39.318206787109375,2532100,0.0,0.0
2018-10-15 00:00:00-04:00,65.0,65.41000366210938,64.30000305175781,64.80999755859375,39.19121551513672,1590000,0.0,0.0
2018-10-16 00:00:00-04:00,65.63999938964844,67.98999786376953,65.33999633789062,67.45999908447266,40.793701171875,2864800,0.0,0.0
2018-10-17 00:00:00-04:00,67.44999694824219,67.4800033569336,66.38999938964844,67.0199966430664,40.52762985229492,1582600,0.0,0.0
2018-10-18 00:00:00-04:00,66.58999633789062,67.95999908447266,66.36000061035156,66.91999816894531,40.4671516418457,1771000,0.0,0.0
2018-10-19 00:00:00-04:00,67.44999694824219,68.48999786376953,67.44000244140625,67.79000091552734,40.993255615234375,3165000,0.0,0.0
2018-10-22 00:00:00-04:00,67.81999969482422,67.87999725341797,66.37999725341797,66.9800033569336,40.50344467163086,1949600,0.0,0.0
2018-10-23 00:00:00-04:00,66.0199966430664,66.37999725341797,64.02999877929688,65.9000015258789,39.85035705566406,2870800,0.0,0.0
2018-10-24 00:00:00-04:00,66.0,66.0,63.59000015258789,63.63999938964844,38.483707427978516,2232500,0.0,0.0
2018-10-25 00:00:00-04:00,64.51000213623047,65.38999938964844,63.900001525878906,64.61000061035156,39.070281982421875,2245800,0.0,0.0
2018-10-26 00:00:00-04:00,64.2699966430664,64.44000244140625,62.459999084472656,63.34000015258789,38.30229949951172,2872400,0.0,0.0
2018-10-29 00:00:00-04:00,63.900001525878906,64.25,62.459999084472656,63.22999954223633,38.235782623291016,2449300,0.0,0.0
2018-10-30 00:00:00-04:00,63.209999084472656,63.81999969482422,62.20000076293945,63.27000045776367,38.25996398925781,2377200,0.0,0.0
2018-10-31 00:00:00-04:00,64.70999908447266,66.9000015258789,64.5,65.5999984741211,39.66893768310547,4456800,0.0,0.0
2018-11-01 00:00:00-04:00,65.91999816894531,65.91999816894531,64.0999984741211,64.80999755859375,39.19121551513672,2443600,0.0,0.0
2018-11-02 00:00:00-04:00,64.5999984741211,64.80999755859375,61.849998474121094,62.529998779296875,38.317989349365234,2757900,0.855,0.0
2018-11-05 00:00:00-05:00,63.220001220703125,63.97999954223633,62.790000915527344,63.95000076293945,39.18815231323242,2460900,0.0,0.0
2018-11-06 00:00:00-05:00,63.75,63.97999954223633,62.5099983215332,63.689998626708984,39.02883529663086,1945100,0.0,0.0
2018-11-07 00:00:00-05:00,64.05999755859375,64.91999816894531,63.380001068115234,64.06999969482422,39.26169204711914,2706900,0.0,0.0
2018-11-08 00:00:00-05:00,64.08999633789062,64.94000244140625,63.66999816894531,63.970001220703125,39.20041275024414,2435800,0.0,0.0
2018-11-09 00:00:00-05:00,63.13999938964844,63.54999923706055,62.25,63.09000015258789,38.66115951538086,2410400,0.0,0.0
2018-11-12 00:00:00-05:00,63.5099983215332,63.7400016784668,62.20000076293945,62.38999938964844,38.232200622558594,1981000,0.0,0.0
2018-11-13 00:00:00-05:00,62.33000183105469,62.849998474121094,60.790000915527344,61.0099983215332,37.38654708862305,1791900,0.0,0.0
2018-11-14 00:00:00-05:00,61.939998626708984,62.25,60.27000045776367,60.369998931884766,36.994354248046875,2230700,0.0,0.0
2018-11-15 00:00:00-05:00,60.119998931884766,61.369998931884766,59.65999984741211,61.36000061035156,37.60102081298828,2305900,0.0,0.0
2018-11-16 00:00:00-05:00,61.54999923706055,62.41999816894531,61.0,62.20000076293945,38.11577224731445,2324900,0.0,0.0
2018-11-19 00:00:00-05:00,61.779998779296875,62.59000015258789,60.79999923706055,62.279998779296875,38.16478729248047,2222200,0.0,0.0
2018-11-20 00:00:00-05:00,61.56999969482422,61.689998626708984,59.97999954223633,60.34000015258789,36.975975036621094,2274200,0.0,0.0
2018-11-21 00:00:00-05:00,60.560001373291016,61.619998931884766,60.34000015258789,60.9900016784668,37.37428665161133,2069700,0.0,0.0
2018-11-23 00:00:00-05:00,59.54999923706055,59.90999984741211,58.709999084472656,59.099998474121094,36.21610641479492,876900,0.0,0.0
2018-11-26 00:00:00-05:00,59.77000045776367,60.130001068115234,59.25,59.529998779296875,36.47960662841797,1914000,0.0,0.0
2018-11-27 00:00:00-05:00,59.4900016784668,60.18000030517578,59.400001525878906,59.75,36.61442184448242,2053500,0.0,0.0
2018-11-28 00:00:00-05:00,59.66999816894531,60.70000076293945,58.869998931884766,60.52000045776367,37.086273193359375,2275100,0.0,0.0
2018-11-29 00:00:00-05:00,61.36000061035156,61.86000061035156,60.7400016784668,61.34000015258789,37.58876037597656,2331800,0.0,0.0
2018-11-30 00:00:00-05:00,60.869998931884766,61.709999084472656,60.41999816894531,61.43000030517578,37.643917083740234,3127900,0.0,0.0
2018-12-03 00:00:00-05:00,62.68000030517578,63.11000061035156,61.72999954223633,62.75,38.45281219482422,2281900,0.0,0.0
2018-12-04 00:00:00-05:00,62.619998931884766,62.970001220703125,60.31999969482422,60.599998474121094,37.135292053222656,3004900,0.0,0.0
2018-12-06 00:00:00-05:00,59.560001373291016,59.65999984741211,57.779998779296875,59.369998931884766,36.381561279296875,2815600,0.0,0.0
2018-12-07 00:00:00-05:00,60.369998931884766,61.79999923706055,59.880001068115234,59.9900016784668,36.761497497558594,2554000,0.0,0.0
2018-12-10 00:00:00-05:00,59.369998931884766,59.849998474121094,57.43000030517578,59.15999984741211,36.25287628173828,2836200,0.0,0.0
2018-12-11 00:00:00-05:00,60.0,60.220001220703125,58.31999969482422,58.97999954223633,36.142578125,2437200,0.0,0.0
2018-12-12 00:00:00-05:00,59.720001220703125,60.2599983215332,59.290000915527344,59.709999084472656,36.58991241455078,1874700,0.0,0.0
2018-12-13 00:00:00-05:00,59.45000076293945,61.59000015258789,59.45000076293945,61.45000076293945,37.65617370605469,3024300,0.0,0.0
2018-12-14 00:00:00-05:00,60.97999954223633,61.58000183105469,59.95000076293945,60.189998626708984,36.88404846191406,2386600,0.0,0.0
2018-12-17 00:00:00-05:00,59.970001220703125,60.470001220703125,58.16999816894531,58.599998474121094,35.909706115722656,2856400,0.0,0.0
2018-12-18 00:00:00-05:00,58.4900016784668,58.72999954223633,56.189998626708984,56.470001220703125,34.60446548461914,3115100,0.0,0.0
2018-12-19 00:00:00-05:00,56.75,58.130001068115234,55.38999938964844,55.88999938964844,34.24904251098633,3144500,0.0,0.0
2018-12-20 00:00:00-05:00,55.20000076293945,56.040000915527344,53.75,54.52000045776367,33.40951156616211,3595700,0.0,0.0
2018-12-21 00:00:00-05:00,53.72999954223633,55.56999969482422,53.560001373291016,53.900001525878906,33.02959060668945,5180600,0.0,0.0
2018-12-24 00:00:00-05:00,53.29999923706055,53.439998626708984,50.790000915527344,50.790000915527344,31.12379264831543,1621200,0.0,0.0
2018-12-26 00:00:00-05:00,51.2400016784668,53.720001220703125,50.2599983215332,53.70000076293945,32.90701675415039,2738500,0.0,0.0
2018-12-27 00:00:00-05:00,52.61000061035156,53.369998931884766,50.959999084472656,53.31999969482422,32.674156188964844,3919800,0.0,0.0
2018-12-28 00:00:00-05:00,53.63999938964844,53.95000076293945,51.84000015258789,52.97999954223633,32.46581268310547,4146400,0.0,0.0
2018-12-31 00:00:00-05:00,53.220001220703125,54.0,53.06999969482422,53.95000076293945,33.06022262573242,2875000,0.0,0.0
2019-01-02 00:00:00-05:00,53.04999923706055,55.04999923706055,52.720001220703125,54.40999984741211,33.34210968017578,3539500,0.0,0.0
2019-01-03 00:00:00-05:00,54.58000183105469,55.0,53.52000045776367,54.279998779296875,33.262451171875,3715100,0.0,0.0
2019-01-04 00:00:00-05:00,55.4900016784668,56.83000183105469,54.91999816894531,56.650001525878906,34.71477508544922,2704800,0.0,0.0
2019-01-07 00:00:00-05:00,56.849998474121094,58.119998931884766,56.349998474121094,57.63999938964844,35.3214225769043,2975300,0.0,0.0
2019-01-08 00:00:00-05:00,58.310001373291016,59.18000030517578,57.93000030517578,58.869998931884766,36.07517623901367,2696800,0.0,0.0
2019-01-09 00:00:00-05:00,59.63999938964844,60.279998779296875,58.95000076293945,59.72999954223633,36.6021728515625,4147400,0.0,0.0
2019-01-10 00:00:00-05:00,59.16999816894531,60.11000061035156,58.959999084472656,60.040000915527344,36.79213333129883,2874700,0.0,0.0
2019-01-11 00:00:00-05:00,60.029998779296875,60.47999954223633,59.47999954223633,59.79999923706055,36.64506530761719,3108100,0.0,0.0
2019-01-14 00:00:00-05:00,59.09000015258789,59.91999816894531,58.45000076293945,59.369998931884766,36.381561279296875,2102500,0.0,0.0
2019-01-15 00:00:00-05:00,59.66999816894531,61.08000183105469,59.61000061035156,60.959999084472656,37.35590362548828,2653100,0.0,0.0
2019-01-16 00:00:00-05:00,61.060001373291016,61.619998931884766,60.790000915527344,61.16999816894531,37.48459243774414,2464900,0.0,0.0
2019-01-17 00:00:00-05:00,60.7400016784668,62.08000183105469,60.7400016784668,61.900001525878906,37.931922912597656,2389200,0.0,0.0
2019-01-18 00:00:00-05:00,62.560001373291016,63.689998626708984,62.2599983215332,63.189998626708984,38.722434997558594,3428900,0.0,0.0
2019-01-22 00:00:00-05:00,62.7400016784668,63.2599983215332,62.18000030517578,62.58000183105469,38.34864044189453,3419000,0.0,0.0
2019-01-23 00:00:00-05:00,62.790000915527344,63.15999984741211,61.7400016784668,62.54999923706055,38.330238342285156,3913300,0.0,0.0
2019-01-24 00:00:00-05:00,62.43000030517578,63.099998474121094,62.02000045776367,62.650001525878906,38.39152908325195,2795100,0.0,0.0
2019-01-25 00:00:00-05:00,62.27000045776367,62.5,61.86000061035156,62.439998626708984,38.79538345336914,2854600,0.86,0.0
2019-01-28 00:00:00-05:00,61.689998626708984,62.31999969482422,61.290000915527344,62.290000915527344,38.70219421386719,2574700,0.0,0.0
2019-01-29 00:00:00-05:00,62.560001373291016,64.2300033569336,62.36000061035156,63.599998474121094,39.51611328125,5111200,0.0,0.0
2019-01-30 00:00:00-05:00,63.90999984741211,64.48999786376953,63.61000061035156,64.19999694824219,39.888912200927734,1911400,0.0,0.0
2019-01-31 00:00:00-05:00,64.62000274658203,64.62000274658203,63.529998779296875,64.20999908447266,39.8951301574707,2524400,0.0,0.0
2019-02-01 00:00:00-05:00,64.63999938964844,65.16999816894531,63.970001220703125,65.16000366210938,40.48538589477539,2212300,0.0,0.0
2019-02-04 00:00:00-05:00,64.56999969482422,66.0,64.51000213623047,65.98999786376953,41.0010871887207,2518200,0.0,0.0
2019-02-05 00:00:00-05:00,65.77999877929688,66.30000305175781,65.44999694824219,66.20999908447266,41.137779235839844,2346700,0.0,0.0
2019-02-06 00:00:00-05:00,65.83000183105469,66.02999877929688,65.44000244140625,65.7699966430664,40.864383697509766,2368600,0.0,0.0
2019-02-07 00:00:00-05:00,65.43000030517578,65.61000061035156,64.58999633789062,65.13999938964844,40.47296905517578,2763200,0.0,0.0
2019-02-08 00:00:00-05:00,65.05999755859375,65.19000244140625,63.810001373291016,65.0199966430664,40.39839553833008,2271400,0.0,0.0
2019-02-11 00:00:00-05:00,64.62000274658203,65.1500015258789,64.41999816894531,65.05000305175781,40.41703796386719,2637300,0.0,0.0
2019-02-12 00:00:00-05:00,65.95999908447266,66.16999816894531,64.97000122070312,65.20999908447266,40.516448974609375,2687600,0.0,0.0
2019-02-13 00:00:00-05:00,65.45999908447266,66.27999877929688,65.3499984741211,66.08000183105469,41.05699920654297,1900200,0.0,0.0
2019-02-14 00:00:00-05:00,65.72000122070312,67.94999694824219,65.56999969482422,66.68000030517578,41.4297981262207,4027400,0.0,0.0
2019-02-15 00:00:00-05:00,67.29000091552734,67.9800033569336,67.20999908447266,67.70999908447266,42.06975555419922,4623400,0.0,0.0
2019-02-19 00:00:00-05:00,67.4000015258789,69.16000366210938,67.30000305175781,68.58000183105469,42.61031723022461,3353700,0.0,0.0
2019-02-20 00:00:00-05:00,68.44999694824219,68.7699966430664,68.0,68.12000274658203,42.324501037597656,3123600,0.0,0.0
2019-02-21 00:00:00-05:00,68.08000183105469,68.27999877929688,67.27999877929688,67.80000305175781,42.12569046020508,2545000,0.0,0.0
2019-02-22 00:00:00-05:00,68.31999969482422,68.31999969482422,67.55000305175781,67.87000274658203,42.169166564941406,2304200,0.0,0.0
2019-02-25 00:00:00-05:00,67.9000015258789,68.13999938964844,67.41000366210938,67.6500015258789,42.03248596191406,4639700,0.0,0.0
2019-02-26 00:00:00-05:00,66.16000366210938,66.83999633789062,64.08999633789062,64.29000091552734,39.94483947753906,6081400,0.0,0.0
2019-02-27 00:00:00-05:00,64.75,65.43000030517578,64.12000274658203,65.1500015258789,40.47917175292969,3153900,0.0,0.0
2019-02-28 00:00:00-05:00,65.1500015258789,65.2300033569336,64.05000305175781,64.26000213623047,39.92620086669922,5854400,0.0,0.0
2019-03-01 00:00:00-05:00,64.68000030517578,65.94999694824219,64.58000183105469,65.87000274658203,40.9265251159668,3167400,0.0,0.0
2019-03-04 00:00:00-05:00,66.44000244140625,66.44000244140625,64.7300033569336,65.9000015258789,40.94516372680664,2677100,0.0,0.0
2019-03-05 00:00:00-05:00,66.0199966430664,66.12000274658203,65.36000061035156,65.94999694824219,40.97623062133789,2694700,0.0,0.0
2019-03-06 00:00:00-05:00,65.5,65.81999969482422,65.20999908447266,65.43000030517578,40.653141021728516,2413300,0.0,0.0
2019-03-07 00:00:00-05:00,65.5199966430664,66.33000183105469,65.36000061035156,65.88999938964844,40.938941955566406,2798400,0.0,0.0
2019-03-08 00:00:00-05:00,65.02999877929688,65.66999816894531,64.5199966430664,65.58000183105469,40.746341705322266,2375100,0.0,0.0
2019-03-11 00:00:00-04:00,65.93000030517578,66.43000030517578,65.62000274658203,66.29000091552734,41.1874885559082,2291500,0.0,0.0
2019-03-12 00:00:00-04:00,66.5,67.41999816894531,66.3499984741211,66.75,41.47328567504883,2416500,0.0,0.0
2019-03-13 00:00:00-04:00,67.33999633789062,67.44999694824219,66.83999633789062,67.30999755859375,41.82121658325195,2178500,0.0,0.0
2019-03-14 00:00:00-04:00,67.26000213623047,67.4000015258789,66.97000122070312,67.12000274658203,41.70317840576172,1787000,0.0,0.0
2019-03-15 00:00:00-04:00,66.79000091552734,67.23999786376953,66.55999755859375,66.8499984741211,41.53541946411133,4470100,0.0,0.0
2019-03-18 00:00:00-04:00,67.12000274658203,68.58000183105469,66.95999908447266,68.37000274658203,42.479835510253906,2874700,0.0,0.0
2019-03-19 00:00:00-04:00,68.5999984741211,68.83999633789062,68.08000183105469,68.30999755859375,42.44255065917969,2129400,0.0,0.0
2019-03-20 00:00:00-04:00,68.31999969482422,69.54000091552734,68.0199966430664,68.80000305175781,42.74699783325195,2666700,0.0,0.0
2019-03-21 00:00:00-04:00,68.63999938964844,69.86000061035156,68.63999938964844,69.8499984741211,43.39937973022461,1788900,0.0,0.0
2019-03-22 00:00:00-04:00,69.31999969482422,69.79000091552734,68.66999816894531,69.01000213623047,42.87749099731445,2344200,0.0,0.0
2019-03-25 00:00:00-04:00,68.87000274658203,69.37000274658203,68.33999633789062,69.27999877929688,43.04522705078125,1770900,0.0,0.0
2019-03-26 00:00:00-04:00,69.8499984741211,70.43000030517578,69.0199966430664,69.29000091552734,43.05146026611328,1966000,0.0,0.0
2019-03-27 00:00:00-04:00,68.88999938964844,69.4000015258789,68.38999938964844,68.83999633789062,42.7718505859375,1760500,0.0,0.0
2019-03-28 00:00:00-04:00,68.55999755859375,69.41000366210938,68.36000061035156,69.37999725341797,43.107364654541016,2610900,0.0,0.0
2019-03-29 00:00:00-04:00,69.9800033569336,70.04000091552734,69.36000061035156,69.83999633789062,43.393165588378906,3037500,0.0,0.0
2019-04-01 00:00:00-04:00,70.01000213623047,70.4000015258789,69.62000274658203,70.3499984741211,43.71005630493164,2008400,0.0,0.0
2019-04-02 00:00:00-04:00,70.48999786376953,70.61000061035156,70.05999755859375,70.20999908447266,43.62306213378906,1795800,0.0,0.0
2019-04-03 00:00:00-04:00,70.38999938964844,70.38999938964844,68.87999725341797,69.31999969482422,43.07009506225586,2167700,0.0,0.0
2019-04-04 00:00:00-04:00,69.36000061035156,69.48999786376953,68.83000183105469,69.4800033569336,43.16949462890625,1686600,0.0,0.0
2019-04-05 00:00:00-04:00,69.51000213623047,70.83000183105469,69.30000305175781,70.54000091552734,43.82810974121094,2202300,0.0,0.0
2019-04-08 00:00:00-04:00,70.54000091552734,70.80000305175781,70.22000122070312,70.5199966430664,43.815670013427734,1598000,0.0,0.0
2019-04-09 00:00:00-04:00,70.33999633789062,70.33999633789062,69.51000213623047,69.87000274658203,43.411808013916016,1428600,0.0,0.0
2019-04-10 00:00:00-04:00,70.0999984741211,70.5199966430664,69.68000030517578,69.80999755859375,43.3745231628418,1391300,0.0,0.0
2019-04-11 00:00:00-04:00,69.7699966430664,70.08000183105469,69.48999786376953,70.04000091552734,43.51744079589844,1146300,0.0,0.0
2019-04-12 00:00:00-04:00,70.2300033569336,70.76000213623047,70.12000274658203,70.5999984741211,43.865379333496094,1468400,0.0,0.0
2019-04-15 00:00:00-04:00,70.41000366210938,70.72000122070312,69.72000122070312,70.08999633789062,43.54850387573242,1589300,0.0,0.0
2019-04-16 00:00:00-04:00,70.30000305175781,70.5199966430664,70.05999755859375,70.23999786376953,43.641700744628906,1459500,0.0,0.0
2019-04-17 00:00:00-04:00,70.33999633789062,70.5,69.70999908447266,69.7300033569336,43.324832916259766,1525400,0.0,0.0
2019-04-18 00:00:00-04:00,69.62000274658203,69.83999633789062,69.0,69.13999938964844,42.958251953125,1695600,0.0,0.0
2019-04-22 00:00:00-04:00,69.41000366210938,70.01000213623047,68.9800033569336,69.93000030517578,43.449092864990234,2011200,0.0,0.0
2019-04-23 00:00:00-04:00,70.0,70.08999633789062,69.26000213623047,69.87000274658203,43.411808013916016,1622100,0.0,0.0
2019-04-24 00:00:00-04:00,70.0,70.13999938964844,69.63999938964844,70.02999877929688,43.5112190246582,1631100,0.0,0.0
2019-04-25 00:00:00-04:00,69.81999969482422,70.52999877929688,69.58000183105469,69.76000213623047,43.34345245361328,1516900,0.0,0.0
2019-04-26 00:00:00-04:00,68.87999725341797,68.98999786376953,67.97000122070312,68.7300033569336,43.239662170410156,1833000,0.865,0.0
2019-04-29 00:00:00-04:00,68.58999633789062,68.97000122070312,68.3499984741211,68.62000274658203,43.17045211791992,1317300,0.0,0.0
2019-04-30 00:00:00-04:00,69.01000213623047,69.01000213623047,67.6500015258789,67.93000030517578,42.73637390136719,2410200,0.0,0.0
2019-05-01 00:00:00-04:00,67.97000122070312,68.58000183105469,66.7300033569336,67.58000183105469,42.51616668701172,3316700,0.0,0.0
2019-05-02 00:00:00-04:00,67.18000030517578,67.52999877929688,66.29000091552734,66.8499984741211,42.05691146850586,3476800,0.0,0.0
2019-05-03 00:00:00-04:00,67.37999725341797,67.58000183105469,66.86000061035156,66.88999938964844,42.08207321166992,2088100,0.0,0.0
2019-05-06 00:00:00-04:00,66.3499984741211,66.87999725341797,66.08000183105469,66.22000122070312,41.66056442260742,1987700,0.0,0.0
2019-05-07 00:00:00-04:00,65.80000305175781,66.33000183105469,64.95999908447266,66.33000183105469,41.729759216308594,2400400,0.0,0.0
2019-05-08 00:00:00-04:00,66.12000274658203,66.72000122070312,65.97000122070312,66.0199966430664,41.53472900390625,1409900,0.0,0.0
2019-05-09 00:00:00-04:00,65.58000183105469,66.0999984741211,65.16000366210938,66.04000091552734,41.54732131958008,1959200,0.0,0.0
2019-05-10 00:00:00-04:00,65.97000122070312,67.4000015258789,65.73999786376953,67.22000122070312,42.28968811035156,1802600,0.0,0.0
2019-05-13 00:00:00-04:00,67.12999725341797,67.12999725341797,65.66000366210938,66.48999786376953,41.83042526245117,2322800,0.0,0.0
2019-05-14 00:00:00-04:00,66.79000091552734,67.58999633789062,66.62999725341797,66.97000122070312,42.13240432739258,1368900,0.0,0.0
2019-05-15 00:00:00-04:00,67.0999984741211,67.5999984741211,66.88999938964844,67.25,42.308555603027344,1296200,0.0,0.0
2019-05-16 00:00:00-04:00,67.61000061035156,68.37999725341797,67.47000122070312,68.0999984741211,42.843326568603516,1646800,0.0,0.0
2019-05-17 00:00:00-04:00,67.80999755859375,68.79000091552734,67.80999755859375,68.16999816894531,42.887359619140625,1380500,0.0,0.0
2019-05-20 00:00:00-04:00,68.29000091552734,68.29000091552734,67.0199966430664,67.04000091552734,42.176448822021484,1724300,0.0,0.0
2019-05-21 00:00:00-04:00,67.38999938964844,68.3499984741211,67.25,67.97000122070312,42.761539459228516,1947900,0.0,0.0
2019-05-22 00:00:00-04:00,67.7699966430664,67.86000061035156,66.5999984741211,66.91000366210938,42.09465789794922,1966000,0.0,0.0
2019-05-23 00:00:00-04:00,66.05999755859375,66.05999755859375,64.36000061035156,65.33000183105469,41.10063934326172,2925300,0.0,0.0
2019-05-24 00:00:00-04:00,65.87000274658203,65.98999786376953,65.23999786376953,65.66000366210938,41.308250427246094,1440900,0.0,0.0
2019-05-28 00:00:00-04:00,65.75,65.8499984741211,64.04000091552734,64.26000213623047,40.427486419677734,2865600,0.0,0.0
2019-05-29 00:00:00-04:00,63.459999084472656,63.9900016784668,63.130001068115234,63.84000015258789,40.163238525390625,2410400,0.0,0.0
2019-05-30 00:00:00-04:00,63.81999969482422,64.38999938964844,63.810001373291016,64.12999725341797,40.345699310302734,1211600,0.0,0.0
2019-05-31 00:00:00-04:00,63.470001220703125,64.31999969482422,63.380001068115234,63.619998931884766,40.024845123291016,2298400,0.0,0.0
2019-06-03 00:00:00-04:00,64.12000274658203,64.44000244140625,63.52000045776367,63.779998779296875,40.12550354003906,1870700,0.0,0.0
2019-06-04 00:00:00-04:00,64.29000091552734,65.12000274658203,63.939998626708984,65.0999984741211,40.9559440612793,1635100,0.0,0.0
2019-06-05 00:00:00-04:00,65.12999725341797,65.37000274658203,64.83999633789062,65.25,41.050315856933594,1590300,0.0,0.0
2019-06-06 00:00:00-04:00,65.44999694824219,66.70999908447266,65.20999908447266,65.9800033569336,41.50957489013672,2790700,0.0,0.0
2019-06-07 00:00:00-04:00,66.11000061035156,66.87000274658203,65.87999725341797,65.98999786376953,41.515869140625,1730200,0.0,0.0
2019-06-10 00:00:00-04:00,66.12000274658203,66.30999755859375,65.63999938964844,65.81999969482422,41.40891647338867,1355300,0.0,0.0
2019-06-11 00:00:00-04:00,66.20999908447266,66.25,65.58999633789062,65.72000122070312,41.34599685668945,1376700,0.0,0.0
2019-06-12 00:00:00-04:00,65.33999633789062,65.88999938964844,64.11000061035156,64.44999694824219,40.54701232910156,2187200,0.0,0.0
2019-06-13 00:00:00-04:00,65.04000091552734,65.1500015258789,64.62999725341797,65.02999877929688,40.91190719604492,1874400,0.0,0.0
2019-06-14 00:00:00-04:00,65.04000091552734,65.13999938964844,64.05000305175781,64.45999908447266,40.553306579589844,1573900,0.0,0.0
2019-06-17 00:00:00-04:00,64.3499984741211,65.06999969482422,64.19000244140625,64.80999755859375,40.773494720458984,1775700,0.0,0.0
2019-06-18 00:00:00-04:00,65.37000274658203,65.83000183105469,65.05999755859375,65.66999816894531,41.314552307128906,1844600,0.0,0.0
2019-06-19 00:00:00-04:00,65.72000122070312,66.45999908447266,65.4000015258789,66.25,41.679439544677734,2100900,0.0,0.0
2019-06-20 00:00:00-04:00,67.02999877929688,67.87999725341797,66.91000366210938,67.76000213623047,42.62941360473633,2536900,0.0,0.0
2019-06-21 00:00:00-04:00,67.5999984741211,68.95999908447266,67.5999984741211,68.94000244140625,43.37178039550781,3847100,0.0,0.0
2019-06-24 00:00:00-04:00,69.01000213623047,69.30999755859375,67.0199966430664,67.29000091552734,42.3337287902832,2389200,0.0,0.0
2019-06-25 00:00:00-04:00,67.25,67.29000091552734,66.6500015258789,66.72000122070312,41.97512435913086,1389200,0.0,0.0
2019-06-26 00:00:00-04:00,67.27999877929688,67.83999633789062,66.83999633789062,67.3499984741211,42.37148666381836,1483700,0.0,0.0
2019-06-27 00:00:00-04:00,67.27999877929688,67.55000305175781,67.0999984741211,67.4000015258789,42.40292739868164,1261000,0.0,0.0
2019-06-28 00:00:00-04:00,67.52999877929688,68.83999633789062,67.45999908447266,68.80999755859375,43.28998947143555,2657200,0.0,0.0
2019-07-01 00:00:00-04:00,69.63999938964844,69.98999786376953,69.30000305175781,69.58999633789062,43.780704498291016,2278300,0.0,0.0
2019-07-02 00:00:00-04:00,69.43000030517578,69.58999633789062,68.76000213623047,69.36000061035156,43.6359977722168,2044600,0.0,0.0
2019-07-03 00:00:00-04:00,69.4800033569336,70.2300033569336,69.29000091552734,70.19999694824219,44.16447067260742,1226400,0.0,0.0
2019-07-05 00:00:00-04:00,69.9800033569336,70.29000091552734,69.52999877929688,70.27999877929688,44.21480941772461,1287000,0.0,0.0
2019-07-08 00:00:00-04:00,70.16000366210938,70.31999969482422,69.30000305175781,69.56999969482422,43.768123626708984,1688500,0.0,0.0
2019-07-09 00:00:00-04:00,69.62999725341797,69.93000030517578,69.19000244140625,69.81999969482422,43.9254035949707,1770900,0.0,0.0
2019-07-10 00:00:00-04:00,70.08000183105469,70.72000122070312,69.87999725341797,70.44999694824219,44.32175064086914,1686200,0.0,0.0
2019-07-11 00:00:00-04:00,70.7300033569336,71.16000366210938,70.48999786376953,71.05999755859375,44.70552062988281,1951100,0.0,0.0
2019-07-12 00:00:00-04:00,71.26000213623047,71.41000366210938,70.91000366210938,71.30000305175781,44.856510162353516,1376800,0.0,0.0
2019-07-15 00:00:00-04:00,71.38999938964844,71.43000030517578,70.70999908447266,70.9800033569336,44.655189514160156,1542400,0.0,0.0
2019-07-16 00:00:00-04:00,70.9000015258789,70.9000015258789,69.7699966430664,70.1500015258789,44.13301467895508,1925600,0.0,0.0
2019-07-17 00:00:00-04:00,70.31999969482422,70.31999969482422,69.5,69.63999938964844,43.812164306640625,1995700,0.0,0.0
2019-07-18 00:00:00-04:00,69.33999633789062,69.41999816894531,68.80999755859375,69.16000366210938,43.51018524169922,1908200,0.0,0.0
2019-07-19 00:00:00-04:00,69.18000030517578,69.41999816894531,68.5199966430664,68.52999877929688,43.11384201049805,1881500,0.0,0.0
2019-07-22 00:00:00-04:00,68.58999633789062,69.2300033569336,68.36000061035156,69.13999938964844,43.49760437011719,1552600,0.0,0.0
2019-07-23 00:00:00-04:00,69.05999755859375,69.19999694824219,68.37000274658203,68.51000213623047,43.101253509521484,1203700,0.0,0.0
2019-07-24 00:00:00-04:00,68.33999633789062,68.58000183105469,67.51000213623047,68.43000030517578,43.0509147644043,1255900,0.0,0.0
2019-07-25 00:00:00-04:00,69.0,69.0,68.25,68.56999969482422,43.13900375366211,1697100,0.0,0.0
2019-07-26 00:00:00-04:00,68.69000244140625,68.79000091552734,68.0199966430664,68.48999786376953,43.08866882324219,1496600,0.0,0.0
2019-07-29 00:00:00-04:00,68.55999755859375,68.55999755859375,66.66999816894531,66.80000305175781,42.025455474853516,2474700,0.0,0.0
2019-07-30 00:00:00-04:00,66.54000091552734,67.27999877929688,66.1500015258789,67.20999908447266,42.28339767456055,1923200,0.0,0.0
2019-07-31 00:00:00-04:00,67.52999877929688,71.47000122070312,67.23999786376953,70.08000183105469,44.0889778137207,4271100,0.0,0.0
2019-08-01 00:00:00-04:00,69.93000030517578,72.37999725341797,69.7699966430664,70.98999786376953,44.66147994995117,3845600,0.0,0.0
2019-08-02 00:00:00-04:00,71.4000015258789,72.0199966430664,70.3499984741211,70.98999786376953,44.66147994995117,2183500,0.0,0.0
2019-08-05 00:00:00-04:00,69.0,69.16000366210938,67.04000091552734,67.66999816894531,43.11330032348633,2560900,0.89,0.0
2019-08-06 00:00:00-04:00,68.16999816894531,68.48999786376953,67.30999755859375,68.0999984741211,43.38726043701172,1895500,0.0,0.0
2019-08-07 00:00:00-04:00,67.0,67.43000030517578,65.97000122070312,66.76000213623047,42.53352737426758,2850400,0.0,0.0
2019-08-08 00:00:00-04:00,67.18000030517578,68.94999694824219,66.8499984741211,68.94000244140625,43.922428131103516,2434300,0.0,0.0
2019-08-09 00:00:00-04:00,69.05000305175781,69.95999908447266,68.70999908447266,69.05000305175781,43.99251937866211,1750900,0.0,0.0
2019-08-12 00:00:00-04:00,69.75,70.3499984741211,68.88999938964844,69.2699966430664,44.1326789855957,2253800,0.0,0.0
2019-08-13 00:00:00-04:00,69.16000366210938,69.80999755859375,68.77999877929688,69.63999938964844,44.3684196472168,2069000,0.0,0.0
2019-08-14 00:00:00-04:00,68.66999816894531,69.01000213623047,67.5199966430664,67.70999908447266,43.1387825012207,2742300,0.0,0.0
2019-08-15 00:00:00-04:00,67.63999938964844,68.58999633789062,67.55999755859375,67.94999694824219,43.291683197021484,1300000,0.0,0.0
2019-08-16 00:00:00-04:00,68.1500015258789,69.48999786376953,68.11000061035156,69.30000305175781,44.15179443359375,2117100,0.0,0.0
2019-08-19 00:00:00-04:00,70.08000183105469,71.08000183105469,69.58000183105469,70.91000366210938,45.17753982543945,1677800,0.0,0.0
2019-08-20 00:00:00-04:00,70.88999938964844,72.08999633789062,70.55999755859375,71.05999755859375,45.27310562133789,1579000,0.0,0.0
2019-08-21 00:00:00-04:00,71.56999969482422,71.9000015258789,70.91000366210938,71.18000030517578,45.34956359863281,1971000,0.0,0.0
2019-08-22 00:00:00-04:00,71.36000061035156,71.44000244140625,70.13999938964844,70.27999877929688,44.77615737915039,1809600,0.0,0.0
2019-08-23 00:00:00-04:00,69.55000305175781,69.81999969482422,67.16000366210938,67.41000366210938,42.94765853881836,2500800,0.0,0.0
2019-08-26 00:00:00-04:00,68.22000122070312,68.55999755859375,67.88999938964844,68.19999694824219,43.45098114013672,1395800,0.0,0.0
2019-08-27 00:00:00-04:00,68.48999786376953,69.22000122070312,67.80000305175781,68.31999969482422,43.52742385864258,1481700,0.0,0.0
2019-08-28 00:00:00-04:00,68.69000244140625,69.73999786376953,68.52999877929688,69.52999877929688,44.29833221435547,1672200,0.0,0.0
2019-08-29 00:00:00-04:00,70.0199966430664,70.91000366210938,69.80999755859375,70.81999969482422,45.12021255493164,1672600,0.0,0.0
2019-08-30 00:00:00-04:00,71.25,71.52999877929688,70.27999877929688,71.27999877929688,45.41327667236328,1868100,0.0,0.0
2019-09-03 00:00:00-04:00,70.30999755859375,70.97000122070312,70.05999755859375,70.61000061035156,44.98641586303711,2154600,0.0,0.0
2019-09-04 00:00:00-04:00,71.27999877929688,71.44999694824219,70.87000274658203,71.04000091552734,45.26036834716797,1571700,0.0,0.0
2019-09-05 00:00:00-04:00,71.62000274658203,71.88999938964844,70.88999938964844,71.0199966430664,45.24761962890625,1810400,0.0,0.0
2019-09-06 00:00:00-04:00,70.69999694824219,71.87000274658203,70.16000366210938,71.83000183105469,45.7636833190918,1767200,0.0,0.0
2019-09-09 00:00:00-04:00,72.19999694824219,73.95999908447266,72.05999755859375,73.66999816894531,46.93597412109375,2353200,0.0,0.0
2019-09-10 00:00:00-04:00,73.66000366210938,74.37999725341797,73.02999877929688,73.5199966430664,46.84039306640625,2057600,0.0,0.0
2019-09-11 00:00:00-04:00,73.62999725341797,74.18000030517578,73.20999908447266,74.05999755859375,47.1844367980957,1777600,0.0,0.0
2019-09-12 00:00:00-04:00,73.63999938964844,74.6500015258789,73.63999938964844,73.93000030517578,47.101619720458984,1726800,0.0,0.0
2019-09-13 00:00:00-04:00,74.1500015258789,74.97000122070312,74.11000061035156,74.4800033569336,47.4520378112793,1797700,0.0,0.0
2019-09-16 00:00:00-04:00,76.13999938964844,77.20999908447266,75.43000030517578,75.83000183105469,48.312129974365234,2866900,0.0,0.0
2019-09-17 00:00:00-04:00,75.97000122070312,76.77999877929688,75.2699966430664,76.19999694824219,48.54785919189453,2132700,0.0,0.0
2019-09-18 00:00:00-04:00,75.77999877929688,76.54000091552734,75.5,76.5,48.738990783691406,2020000,0.0,0.0
2019-09-19 00:00:00-04:00,76.93000030517578,76.94999694824219,74.52999877929688,75.08999633789062,47.84067153930664,2716700,0.0,0.0
2019-09-20 00:00:00-04:00,75.33999633789062,75.8499984741211,74.76000213623047,75.7699966430664,48.27389907836914,3109600,0.0,0.0
2019-09-23 00:00:00-04:00,75.33999633789062,75.88999938964844,74.7699966430664,74.80999755859375,47.66228103637695,2261000,0.0,0.0
2019-09-24 00:00:00-04:00,74.9800033569336,75.19000244140625,73.45999908447266,74.13999938964844,47.235416412353516,2426400,0.0,0.0
2019-09-25 00:00:00-04:00,73.7699966430664,74.05000305175781,73.30999755859375,73.62999725341797,46.910491943359375,3102600,0.0,0.0
2019-09-26 00:00:00-04:00,73.31999969482422,73.66999816894531,72.83999633789062,73.48999786376953,46.8212890625,3012200,0.0,0.0
2019-09-27 00:00:00-04:00,73.31999969482422,73.8499984741211,73.04000091552734,73.30000305175781,46.70024108886719,1651600,0.0,0.0
2019-09-30 00:00:00-04:00,73.0999984741211,73.73999786376953,73.0999984741211,73.69000244140625,46.9487190246582,1775300,0.0,0.0
2019-10-01 00:00:00-04:00,73.94999694824219,74.22000122070312,72.69000244140625,72.70999908447266,46.3243408203125,1618600,0.0,0.0
2019-10-02 00:00:00-04:00,72.36000061035156,72.44000244140625,71.56999969482422,71.62999725341797,45.636253356933594,1873300,0.0,0.0
2019-10-03 00:00:00-04:00,71.18000030517578,72.30999755859375,70.66000366210938,71.98999786376953,45.865623474121094,1448100,0.0,0.0
2019-10-04 00:00:00-04:00,71.98999786376953,72.44000244140625,71.62999725341797,72.02999877929688,45.89109802246094,1400900,0.0,0.0
2019-10-07 00:00:00-04:00,72.05000305175781,72.11000061035156,70.72000122070312,70.72000122070312,45.05648422241211,1398600,0.0,0.0
2019-10-08 00:00:00-04:00,70.19999694824219,70.51000213623047,68.08000183105469,68.19999694824219,43.45098114013672,2990000,0.0,0.0
2019-10-09 00:00:00-04:00,68.9000015258789,69.45999908447266,68.5,68.61000061035156,43.712188720703125,1902900,0.0,0.0
2019-10-10 00:00:00-04:00,68.7300033569336,69.33999633789062,68.16000366210938,68.97000122070312,43.94155502319336,1697600,0.0,0.0
2019-10-11 00:00:00-04:00,69.52999877929688,70.05999755859375,69.1500015258789,69.51000213623047,44.28558349609375,1960500,0.0,0.0
2019-10-14 00:00:00-04:00,69.12999725341797,69.31999969482422,68.33000183105469,69.13999938964844,44.04986572265625,1387400,0.0,0.0
2019-10-15 00:00:00-04:00,69.05999755859375,70.08000183105469,69.04000091552734,69.25,44.119937896728516,1844200,0.0,0.0
2019-10-16 00:00:00-04:00,68.81999969482422,69.11000061035156,68.19999694824219,68.44999694824219,43.61024475097656,1915300,0.0,0.0
2019-10-17 00:00:00-04:00,68.51000213623047,68.91999816894531,68.06999969482422,68.66999816894531,43.75041580200195,1324600,0.0,0.0
2019-10-18 00:00:00-04:00,68.7300033569336,69.58000183105469,68.66999816894531,69.19999694824219,44.08808517456055,1772900,0.0,0.0
2019-10-21 00:00:00-04:00,69.33999633789062,69.66999816894531,69.08000183105469,69.5999984741211,44.342933654785156,1314400,0.0,0.0
2019-10-22 00:00:00-04:00,69.81999969482422,71.66000366210938,69.70999908447266,70.33000183105469,44.80802536010742,2900600,0.0,0.0
2019-10-23 00:00:00-04:00,70.04000091552734,70.97000122070312,69.52999877929688,70.91000366210938,45.17753982543945,1687800,0.0,0.0
2019-10-24 00:00:00-04:00,71.47000122070312,72.01000213623047,71.08000183105469,71.29000091552734,45.41965103149414,1674900,0.0,0.0
2019-10-25 00:00:00-04:00,71.33000183105469,71.69000244140625,70.75,71.55000305175781,45.58529281616211,1287300,0.0,0.0
2019-10-28 00:00:00-04:00,71.7699966430664,72.47000122070312,70.88999938964844,71.18000030517578,45.34956359863281,1878000,0.0,0.0
2019-10-29 00:00:00-04:00,70.94999694824219,71.91999816894531,70.66000366210938,71.62000274658203,45.62989044189453,2352000,0.0,0.0
2019-10-30 00:00:00-04:00,71.33999633789062,72.5,69.18000030517578,69.98999786376953,44.591400146484375,2964500,0.0,0.0
2019-10-31 00:00:00-04:00,69.69000244140625,70.33999633789062,69.06999969482422,69.83000183105469,44.489463806152344,2631500,0.0,0.0
2019-11-01 00:00:00-04:00,69.16999816894531,70.30999755859375,68.66000366210938,70.25,45.35130310058594,1747300,0.915,0.0
2019-11-04 00:00:00-05:00,71.36000061035156,72.13999938964844,70.95999908447266,71.91999816894531,46.42940139770508,2153800,0.0,0.0
2019-11-05 00:00:00-05:00,72.26000213623047,72.55999755859375,71.18000030517578,71.83999633789062,46.37775802612305,1613600,0.0,0.0
2019-11-06 00:00:00-05:00,71.55000305175781,72.02999877929688,70.54000091552734,70.76000213623047,45.680538177490234,2005000,0.0,0.0
2019-11-07 00:00:00-05:00,71.2300033569336,71.38999938964844,69.5199966430664,69.7699966430664,45.041439056396484,2083100,0.0,0.0
2019-11-08 00:00:00-05:00,69.77999877929688,70.5,69.30999755859375,70.4800033569336,45.49977493286133,1755000,0.0,0.0
2019-11-11 00:00:00-05:00,69.72000122070312,70.26000213623047,69.52999877929688,69.91999816894531,45.13826370239258,1528500,0.0,0.0
2019-11-12 00:00:00-05:00,70.05999755859375,70.91999816894531,69.94000244140625,70.19999694824219,45.31901931762695,1742900,0.0,0.0
2019-11-13 00:00:00-05:00,70.13999938964844,71.13999938964844,69.70999908447266,70.66000366210938,45.61598205566406,1498200,0.0,0.0
2019-11-14 00:00:00-05:00,70.94000244140625,71.08000183105469,69.9000015258789,70.16000366210938,45.29319763183594,1667400,0.0,0.0
2019-11-15 00:00:00-05:00,70.54000091552734,71.36000061035156,70.4800033569336,71.29000091552734,46.022705078125,1731500,0.0,0.0
2019-11-18 00:00:00-05:00,71.04000091552734,71.16999816894531,70.55000305175781,70.79000091552734,45.69990539550781,1489800,0.0,0.0
2019-11-19 00:00:00-05:00,70.47000122070312,70.56999969482422,69.72000122070312,69.76000213623047,45.03496170043945,1756200,0.0,0.0
2019-11-20 00:00:00-05:00,69.69999694824219,71.0999984741211,69.58000183105469,70.79000091552734,45.69990539550781,1738200,0.0,0.0
2019-11-21 00:00:00-05:00,71.01000213623047,71.45999908447266,70.2300033569336,71.41999816894531,46.10661697387695,1661800,0.0,0.0
2019-11-22 00:00:00-05:00,71.69000244140625,72.2300033569336,71.5,71.62999725341797,46.2421875,1455600,0.0,0.0
2019-11-25 00:00:00-05:00,71.7300033569336,72.1500015258789,71.58999633789062,71.98999786376953,46.4745979309082,1214300,0.0,0.0
2019-11-26 00:00:00-05:00,71.98999786376953,72.29000091552734,71.33000183105469,71.80999755859375,46.358394622802734,2062700,0.0,0.0
2019-11-27 00:00:00-05:00,71.94999694824219,71.94999694824219,70.41000366210938,71.43000030517578,46.11307907104492,1740100,0.0,0.0
2019-11-29 00:00:00-05:00,71.16000366210938,71.52999877929688,70.6500015258789,71.05000305175781,45.86776351928711,967400,0.0,0.0
2019-12-02 00:00:00-05:00,71.31999969482422,71.79000091552734,70.68000030517578,70.81999969482422,45.71928024291992,1913500,0.0,0.0
2019-12-03 00:00:00-05:00,70.47000122070312,70.5,69.79000091552734,70.19000244140625,45.31256866455078,1683200,0.0,0.0
2019-12-04 00:00:00-05:00,70.5999984741211,71.30999755859375,70.4000015258789,70.83000183105469,45.7257194519043,1840700,0.0,0.0
2019-12-05 00:00:00-05:00,71.0,71.44000244140625,70.7300033569336,70.9800033569336,45.82257080078125,1315600,0.0,0.0
2019-12-06 00:00:00-05:00,71.12999725341797,71.83999633789062,70.88999938964844,71.58999633789062,46.21635818481445,1541200,0.0,0.0
2019-12-09 00:00:00-05:00,71.0199966430664,72.3499984741211,71.0,72.19999694824219,46.61015701293945,1567900,0.0,0.0
2019-12-10 00:00:00-05:00,71.87000274658203,72.98999786376953,71.87000274658203,72.5,46.803836822509766,1952600,0.0,0.0
2019-12-11 00:00:00-05:00,72.97000122070312,73.52999877929688,72.30000305175781,72.58999633789062,46.8619270324707,1920100,0.0,0.0
2019-12-12 00:00:00-05:00,72.47000122070312,73.87000274658203,72.30999755859375,72.91000366210938,47.06851577758789,2120200,0.0,0.0
2019-12-13 00:00:00-05:00,73.0,73.41999816894531,72.44000244140625,73.16999816894531,47.236351013183594,2410800,0.0,0.0
2019-12-16 00:00:00-05:00,73.5,73.75,73.08000183105469,73.38999938964844,47.37839126586914,1690500,0.0,0.0
2019-12-17 00:00:00-05:00,73.58999633789062,74.02999877929688,73.12999725341797,73.36000061035156,47.3590202331543,2004800,0.0,0.0
2019-12-18 00:00:00-05:00,73.69999694824219,74.87000274658203,73.4000015258789,73.88999938964844,47.70118713378906,3682800,0.0,0.0
2019-12-19 00:00:00-05:00,73.94000244140625,74.43000030517578,73.79000091552734,73.9800033569336,47.75928497314453,2297600,0.0,0.0
2019-12-20 00:00:00-05:00,74.19999694824219,75.33999633789062,73.77999877929688,75.19000244140625,48.54041290283203,5168300,0.0,0.0
2019-12-23 00:00:00-05:00,75.13999938964844,76.1500015258789,74.91000366210938,75.98999786376953,49.056880950927734,1808100,0.0,0.0
2019-12-24 00:00:00-05:00,76.0999984741211,76.16000366210938,75.52999877929688,75.5999984741211,48.80509948730469,644000,0.0,0.0
2019-12-26 00:00:00-05:00,75.87999725341797,76.5999984741211,75.30000305175781,76.12999725341797,49.147247314453125,1226400,0.0,0.0
2019-12-27 00:00:00-05:00,76.12000274658203,76.25,75.68000030517578,75.70999908447266,48.87611770629883,1321400,0.0,0.0
2019-12-30 00:00:00-05:00,75.66999816894531,76.2300033569336,75.12000274658203,75.41999816894531,48.68889236450195,1151200,0.0,0.0
2019-12-31 00:00:00-05:00,74.93000030517578,75.70999908447266,74.7300033569336,75.66999816894531,48.85029220581055,1677400,0.0,0.0
2020-01-02 00:00:00-05:00,75.91999816894531,76.11000061035156,75.04000091552734,75.70999908447266,48.87611770629883,1943600,0.0,0.0
2020-01-03 00:00:00-05:00,75.91999816894531,76.75,75.6500015258789,76.58000183105469,49.437767028808594,1727600,0.0,0.0
2020-01-06 00:00:00-05:00,76.30000305175781,77.13999938964844,76.12000274658203,76.91000366210938,49.65080261230469,2109700,0.0,0.0
2020-01-07 00:00:00-05:00,76.70999908447266,76.94999694824219,76.26000213623047,76.8499984741211,49.612056732177734,1364600,0.0,0.0
2020-01-08 00:00:00-05:00,76.91999816894531,77.02999877929688,75.6500015258789,75.6500015258789,48.83737564086914,2153900,0.0,0.0
2020-01-09 00:00:00-05:00,75.62999725341797,75.7300033569336,74.87000274658203,75.61000061035156,48.81156539916992,1726800,0.0,0.0
2020-01-10 00:00:00-05:00,75.5999984741211,75.91000366210938,75.16999816894531,75.52999877929688,48.75992202758789,1445000,0.0,0.0
2020-01-13 00:00:00-05:00,75.52999877929688,76.4800033569336,74.9800033569336,76.23999786376953,49.21826934814453,1368000,0.0,0.0
2020-01-14 00:00:00-05:00,76.19000244140625,76.30999755859375,75.19000244140625,75.97000122070312,49.04395294189453,2308400,0.0,0.0
2020-01-15 00:00:00-05:00,75.94999694824219,76.37000274658203,75.69000244140625,75.91000366210938,49.00522994995117,1410300,0.0,0.0
2020-01-16 00:00:00-05:00,76.66999816894531,77.08000183105469,76.29000091552734,76.77999877929688,49.56687545776367,1637600,0.0,0.0
2020-01-17 00:00:00-05:00,76.87999725341797,77.18000030517578,76.30999755859375,77.16999816894531,49.81865692138672,1774700,0.0,0.0
2020-01-21 00:00:00-05:00,77.13999938964844,77.26000213623047,75.88999938964844,75.91000366210938,49.00522994995117,2469200,0.0,0.0
2020-01-22 00:00:00-05:00,75.91000366210938,76.0199966430664,75.2699966430664,75.5999984741211,48.80509948730469,1687300,0.0,0.0
2020-01-23 00:00:00-05:00,75.22000122070312,76.31999969482422,74.95999908447266,76.29000091552734,49.25053787231445,1585500,0.0,0.0
2020-01-24 00:00:00-05:00,75.43000030517578,75.52999877929688,74.4000015258789,74.83999633789062,48.9139518737793,1774700,0.935,0.0
2020-01-27 00:00:00-05:00,73.52999877929688,74.47000122070312,73.5,74.0,48.36494445800781,1841100,0.0,0.0
2020-01-28 00:00:00-05:00,74.38999938964844,75.45999908447266,74.30000305175781,75.05000305175781,49.05120849609375,1735900,0.0,0.0
2020-01-29 00:00:00-05:00,75.26000213623047,75.45999908447266,74.80000305175781,74.94000244140625,48.979305267333984,1496000,0.0,0.0
2020-01-30 00:00:00-05:00,74.33999633789062,75.62000274658203,74.33999633789062,75.47000122070312,49.325714111328125,2782400,0.0,0.0
2020-01-31 00:00:00-05:00,74.72000122070312,75.08999633789062,74.22000122070312,74.87000274658203,48.93355178833008,3381500,0.0,0.0
2020-02-03 00:00:00-05:00,74.91999816894531,75.31999969482422,74.27999877929688,74.44000244140625,48.65251159667969,2725500,0.0,0.0
2020-02-04 00:00:00-05:00,75.2699966430664,75.86000061035156,74.69999694824219,74.91000366210938,48.9597053527832,2495300,0.0,0.0
2020-02-05 00:00:00-05:00,75.77999877929688,76.54000091552734,75.77999877929688,76.06999969482422,49.71784973144531,1575600,0.0,0.0
2020-02-06 00:00:00-05:00,76.04000091552734,76.4000015258789,75.48999786376953,75.8499984741211,49.574066162109375,1124400,0.0,0.0
2020-02-07 00:00:00-05:00,75.4000015258789,76.16999816894531,75.19999694824219,75.36000061035156,49.25381851196289,1147200,0.0,0.0
2020-02-10 00:00:00-05:00,74.9800033569336,75.9000015258789,74.6500015258789,75.56999969482422,49.39106750488281,1471400,0.0,0.0
2020-02-11 00:00:00-05:00,76.19999694824219,76.66999816894531,75.73999786376953,75.94000244140625,49.632877349853516,1363300,0.0,0.0
2020-02-12 00:00:00-05:00,76.68000030517578,76.80000305175781,75.94999694824219,76.41000366210938,49.940067291259766,1389500,0.0,0.0
2020-02-13 00:00:00-05:00,76.16999816894531,76.31999969482422,75.73999786376953,76.22000122070312,49.815887451171875,1910300,0.0,0.0
2020-02-14 00:00:00-05:00,76.47000122070312,76.9800033569336,76.36000061035156,76.9800033569336,50.312618255615234,1397900,0.0,0.0
2020-02-18 00:00:00-05:00,76.61000061035156,76.94999694824219,76.19999694824219,76.94000244140625,50.286468505859375,1702200,0.0,0.0
2020-02-19 00:00:00-05:00,77.02999877929688,77.1500015258789,76.29000091552734,76.75,50.16228485107422,1528500,0.0,0.0
2020-02-20 00:00:00-05:00,76.94999694824219,78.4800033569336,76.75,77.5199966430664,50.6655387878418,2111600,0.0,0.0
2020-02-21 00:00:00-05:00,76.93000030517578,77.4800033569336,76.3499984741211,77.05999755859375,50.36490249633789,2509000,0.0,0.0
2020-02-24 00:00:00-05:00,75.79000091552734,75.83000183105469,74.61000061035156,75.06999969482422,49.064273834228516,2722400,0.0,0.0
2020-02-25 00:00:00-05:00,76.0,78.43000030517578,73.58999633789062,73.61000061035156,48.11004638671875,5339300,0.0,0.0
2020-02-26 00:00:00-05:00,74.08000183105469,75.44999694824219,72.62999725341797,73.29000091552734,47.900901794433594,3156500,0.0,0.0
2020-02-27 00:00:00-05:00,71.87000274658203,72.0,67.2699966430664,67.55000305175781,44.149349212646484,7202200,0.0,0.0
2020-02-28 00:00:00-05:00,65.26000213623047,66.72000122070312,63.77000045776367,66.72000122070312,43.60687255859375,7515600,0.0,0.0
2020-03-02 00:00:00-05:00,67.6500015258789,69.5199966430664,66.81999969482422,69.12999725341797,45.182003021240234,5239000,0.0,0.0
2020-03-03 00:00:00-05:00,71.0,71.91999816894531,68.12000274658203,68.25,44.60686111450195,4096900,0.0,0.0
2020-03-04 00:00:00-05:00,69.5,70.70999908447266,68.88999938964844,70.66000366210938,46.181983947753906,2808900,0.0,0.0
2020-03-05 00:00:00-05:00,69.08000183105469,70.13999938964844,67.69000244140625,68.69000244140625,44.89442825317383,3373800,0.0,0.0
2020-03-06 00:00:00-05:00,66.4800033569336,66.69999694824219,59.88999938964844,61.209999084472656,40.005645751953125,6582400,0.0,0.0
2020-03-09 00:00:00-04:00,48.0099983215332,48.0099983215332,36.369998931884766,38.099998474121094,24.901409149169922,18613800,0.0,0.0
2020-03-10 00:00:00-04:00,41.880001068115234,42.68000030517578,30.459999084472656,38.029998779296875,24.855655670166016,17038700,0.0,0.0
2020-03-11 00:00:00-04:00,36.40999984741211,38.279998779296875,34.220001220703125,35.939998626708984,23.48967933654785,8734900,0.0,0.0
2020-03-12 00:00:00-04:00,32.209999084472656,32.27000045776367,28.0,28.459999084472656,18.600893020629883,10384900,0.0,0.0
2020-03-13 00:00:00-04:00,31.1299991607666,31.34000015258789,26.8700008392334,30.719999313354492,20.07798957824707,14265000,0.0,0.0
2020-03-16 00:00:00-04:00,27.5,27.940000534057617,24.6299991607666,25.010000228881836,16.34604263305664,10466400,0.0,0.0
2020-03-17 00:00:00-04:00,25.149999618530273,25.3700008392334,20.280000686645508,21.489999771118164,14.045442581176758,11579200,0.0,0.0
2020-03-18 00:00:00-04:00,20.040000915527344,20.299999237060547,12.15999984741211,15.369999885559082,10.04552936553955,16012300,0.0,0.0
2020-03-19 00:00:00-04:00,16.100000381469727,20.93000030517578,13.960000038146973,20.489999771118164,13.391860008239746,15640400,0.0,0.0
2020-03-20 00:00:00-04:00,22.739999771118164,24.850000381469727,20.010000228881836,20.670000076293945,13.509506225585938,14406500,0.0,0.0
2020-03-23 00:00:00-04:00,20.209999084472656,20.600000381469727,18.59000015258789,19.600000381469727,12.810172080993652,8324800,0.0,0.0
2020-03-24 00:00:00-04:00,22.5,22.540000915527344,20.200000762939453,22.049999237060547,14.411443710327148,8129700,0.0,0.0
2020-03-25 00:00:00-04:00,23.670000076293945,24.799999237060547,20.610000610351562,23.110000610351562,15.104239463806152,9679600,0.0,0.0
2020-03-26 00:00:00-04:00,23.450000762939453,24.989999771118164,22.229999542236328,24.360000610351562,15.921218872070312,8073200,0.0,0.0
2020-03-27 00:00:00-04:00,23.450000762939453,23.600000381469727,20.489999771118164,20.940000534057617,13.685972213745117,7804100,0.0,0.0
2020-03-30 00:00:00-04:00,20.56999969482422,20.600000381469727,18.540000915527344,20.040000915527344,13.09775161743164,8803400,0.0,0.0
2020-03-31 00:00:00-04:00,20.559999465942383,22.84000015258789,20.309999465942383,21.809999465942383,14.254587173461914,10287800,0.0,0.0
2020-04-01 00:00:00-04:00,20.5,20.860000610351562,19.190000534057617,19.200000762939453,12.54874038696289,6732200,0.0,0.0
2020-04-02 00:00:00-04:00,19.979999542236328,24.719999313354492,19.479999542236328,21.6299991607666,14.136943817138672,9885500,0.0,0.0
2020-04-03 00:00:00-04:00,22.780000686645508,23.75,20.030000686645508,21.639999389648438,14.143474578857422,9613600,0.0,0.0
2020-04-06 00:00:00-04:00,22.0,24.1299991607666,22.0,23.329999923706055,15.248028755187988,7392800,0.0,0.0
2020-04-07 00:00:00-04:00,25.510000228881836,26.450000762939453,24.0,24.280000686645508,15.868932723999023,8775800,0.0,0.0
2020-04-08 00:00:00-04:00,25.200000762939453,26.739999771118164,25.100000381469727,26.450000762939453,17.28719711303711,6875900,0.0,0.0
2020-04-09 00:00:00-04:00,28.59000015258789,30.290000915527344,27.239999771118164,28.399999618530273,18.561681747436523,10657500,0.0,0.0
2020-04-13 00:00:00-04:00,30.5,30.940000534057617,27.81999969482422,29.219999313354492,19.097618103027344,8141600,0.0,0.0
2020-04-14 00:00:00-04:00,29.889999389648438,30.510000228881836,28.959999084472656,30.469999313354492,19.914594650268555,7603300,0.0,0.0
2020-04-15 00:00:00-04:00,28.690000534057617,29.25,27.299999237060547,27.40999984741211,17.914634704589844,7821400,0.0,0.0
2020-04-16 00:00:00-04:00,27.309999465942383,27.309999465942383,25.920000076293945,26.56999969482422,17.36562728881836,5513700,0.0,0.0
2020-04-17 00:00:00-04:00,27.489999771118164,29.540000915527344,27.450000762939453,29.3799991607666,19.202190399169922,6398500,0.0,0.0
2020-04-20 00:00:00-04:00,27.0,29.469999313354492,26.700000762939453,28.209999084472656,18.437501907348633,8428700,0.0,0.0
2020-04-21 00:00:00-04:00,26.850000381469727,27.489999771118164,25.559999465942383,26.93000030517578,17.60091781616211,8532100,0.0,0.0
2020-04-22 00:00:00-04:00,28.0,28.1299991607666,26.030000686645508,27.309999465942383,17.849275588989258,7861600,0.0,0.0
2020-04-23 00:00:00-04:00,28.229999542236328,29.540000915527344,28.010000228881836,29.200000762939453,19.08453941345215,8158900,0.0,0.0
2020-04-24 00:00:00-04:00,28.75,29.459999084472656,27.479999542236328,27.65999984741211,18.676050186157227,8930200,0.935,0.0
2020-04-27 00:00:00-04:00,27.15999984741211,28.690000534057617,26.270000457763672,28.520000457763672,19.256717681884766,6242000,0.0,0.0
2020-04-28 00:00:00-04:00,29.290000915527344,30.600000381469727,28.479999542236328,30.530000686645508,20.613872528076172,6169800,0.0,0.0
2020-04-29 00:00:00-04:00,31.440000534057617,32.63999938964844,29.059999465942383,30.920000076293945,20.877201080322266,9853700,0.0,0.0
2020-04-30 00:00:00-04:00,30.549999237060547,31.280000686645508,29.6299991607666,29.93000030517578,20.20875358581543,7156300,0.0,0.0
2020-05-01 00:00:00-04:00,28.56999969482422,29.139999389648438,27.670000076293945,27.940000534057617,18.865102767944336,4875500,0.0,0.0
2020-05-04 00:00:00-04:00,27.0,29.209999084472656,26.899999618530273,29.190000534057617,19.709102630615234,5440200,0.0,0.0
2020-05-05 00:00:00-04:00,30.0,30.3700008392334,29.1299991607666,29.93000030517578,20.20875358581543,4784200,0.0,0.0
2020-05-06 00:00:00-04:00,29.93000030517578,30.399999618530273,28.649999618530273,28.649999618530273,19.34449577331543,3614700,0.0,0.0
2020-05-07 00:00:00-04:00,29.5,30.530000686645508,29.43000030517578,29.75,20.087217330932617,4700800,0.0,0.0
2020-05-08 00:00:00-04:00,30.440000534057617,31.520000457763672,30.209999084472656,31.329999923706055,21.154033660888672,5073000,0.0,0.0
2020-05-11 00:00:00-04:00,30.760000228881836,31.940000534057617,30.639999389648438,31.3799991607666,21.187795639038086,3687100,0.0,0.0
2020-05-12 00:00:00-04:00,31.799999237060547,33.970001220703125,31.719999313354492,32.939998626708984,22.24110221862793,7975000,0.0,0.0
2020-05-13 00:00:00-04:00,31.84000015258789,32.18000030517578,29.780000686645508,30.479999542236328,20.580114364624023,8373200,0.0,0.0
2020-05-14 00:00:00-04:00,29.93000030517578,31.399999618530273,28.809999465942383,30.709999084472656,20.735408782958984,5431200,0.0,0.0
2020-05-15 00:00:00-04:00,30.600000381469727,32.4900016784668,30.31999969482422,32.38999938964844,21.8697452545166,5533800,0.0,0.0
2020-05-18 00:00:00-04:00,34.5,35.72999954223633,34.29999923706055,35.06999969482422,23.67928123474121,6030500,0.0,0.0
2020-05-19 00:00:00-04:00,35.0,35.68000030517578,34.2400016784668,35.11000061035156,23.706296920776367,5968400,0.0,0.0
2020-05-20 00:00:00-04:00,36.13999938964844,37.29999923706055,36.0,36.5099983215332,24.651578903198242,6634900,0.0,0.0
2020-05-21 00:00:00-04:00,36.70000076293945,37.0,35.36000061035156,36.02000045776367,24.320722579956055,4125700,0.0,0.0
2020-05-22 00:00:00-04:00,35.5,36.279998779296875,34.7599983215332,36.20000076293945,24.442258834838867,3766300,0.0,0.0
2020-05-26 00:00:00-04:00,37.779998779296875,38.310001373291016,37.11000061035156,37.619998931884766,25.401044845581055,4840700,0.0,0.0
2020-05-27 00:00:00-04:00,38.29999923706055,38.4900016784668,35.900001525878906,37.599998474121094,25.387540817260742,5428700,0.0,0.0
2020-05-28 00:00:00-04:00,37.939998626708984,38.209999084472656,36.599998474121094,37.279998779296875,25.171476364135742,5023500,0.0,0.0
2020-05-29 00:00:00-04:00,36.709999084472656,37.34000015258789,35.630001068115234,36.689998626708984,24.773107528686523,9140400,0.0,0.0
2020-06-01 00:00:00-04:00,36.56999969482422,38.189998626708984,35.779998779296875,38.13999938964844,25.752147674560547,4395700,0.0,0.0
2020-06-02 00:00:00-04:00,38.72999954223633,39.66999816894531,38.04999923706055,39.630001068115234,26.75819969177246,4456100,0.0,0.0
2020-06-03 00:00:00-04:00,39.63999938964844,40.90999984741211,39.63999938964844,40.58000183105469,27.399641036987305,5557800,0.0,0.0
2020-06-04 00:00:00-04:00,40.34000015258789,41.15999984741211,39.709999084472656,40.709999084472656,27.487415313720703,5622900,0.0,0.0
2020-06-05 00:00:00-04:00,44.119998931884766,47.119998931884766,43.40999984741211,45.349998474121094,30.620349884033203,8042600,0.0,0.0
2020-06-08 00:00:00-04:00,47.08000183105469,48.36000061035156,46.459999084472656,48.040000915527344,32.4366340637207,6238900,0.0,0.0
2020-06-09 00:00:00-04:00,45.970001220703125,46.029998779296875,44.209999084472656,44.439998626708984,30.00591278076172,5534400,0.0,0.0
2020-06-10 00:00:00-04:00,43.630001068115234,43.88999938964844,41.97999954223633,41.97999954223633,28.344921112060547,5524000,0.0,0.0
2020-06-11 00:00:00-04:00,36.63999938964844,37.959999084472656,34.16999816894531,35.33000183105469,23.85483741760254,14947900,0.0,0.0
2020-06-12 00:00:00-04:00,33.63999938964844,34.290000915527344,32.40999984741211,34.09000015258789,23.01758575439453,31498500,0.0,0.0
2020-06-15 00:00:00-04:00,32.5,36.97999954223633,32.27000045776367,36.439998626708984,24.604305267333984,12268600,0.0,0.0
2020-06-16 00:00:00-04:00,37.91999816894531,38.7400016784668,36.29999923706055,38.400001525878906,25.927705764770508,9837200,0.0,0.0
2020-06-17 00:00:00-04:00,38.400001525878906,38.779998779296875,36.16999816894531,36.16999816894531,24.422000885009766,5267100,0.0,0.0
2020-06-18 00:00:00-04:00,35.7599983215332,36.9900016784668,35.529998779296875,36.349998474121094,24.54353904724121,4244400,0.0,0.0
2020-06-19 00:00:00-04:00,37.58000183105469,37.90999984741211,35.08000183105469,35.16999816894531,23.746801376342773,14396300,0.0,0.0
2020-06-22 00:00:00-04:00,35.029998779296875,36.0099983215332,34.380001068115234,35.91999816894531,24.25320053100586,5648100,0.0,0.0
2020-06-23 00:00:00-04:00,36.709999084472656,36.939998626708984,35.33000183105469,35.36000061035156,23.875089645385742,5902600,0.0,0.0
2020-06-24 00:00:00-04:00,34.900001525878906,34.900001525878906,31.649999618530273,32.29999923706055,21.80898094177246,8752000,0.0,0.0
2020-06-25 00:00:00-04:00,31.709999084472656,33.43000030517578,31.559999465942383,32.70000076293945,22.07906150817871,6171300,0.0,0.0
2020-06-26 00:00:00-04:00,32.43000030517578,32.560001373291016,30.549999237060547,30.809999465942383,20.802928924560547,10206000,0.0,0.0
2020-06-29 00:00:00-04:00,31.020000457763672,32.099998474121094,30.549999237060547,31.809999465942383,21.47812843322754,4921700,0.0,0.0
2020-06-30 00:00:00-04:00,31.3799991607666,33.400001525878906,31.200000762939453,33.220001220703125,22.430166244506836,4855100,0.0,0.0
2020-07-01 00:00:00-04:00,33.279998779296875,34.0099983215332,32.119998931884766,32.18000030517578,21.72795295715332,3741800,0.0,0.0
2020-07-02 00:00:00-04:00,32.9900016784668,33.470001220703125,32.0,32.150001525878906,21.707700729370117,3518700,0.0,0.0
2020-07-06 00:00:00-04:00,32.95000076293945,33.060001373291016,27.8799991607666,28.290000915527344,19.101423263549805,15253000,0.0,0.0
2020-07-07 00:00:00-04:00,27.75,28.75,27.040000915527344,27.579999923706055,18.622034072875977,9019700,0.0,0.0
2020-07-08 00:00:00-04:00,27.489999771118164,27.93000030517578,26.65999984741211,27.360000610351562,18.47348976135254,7265100,0.0,0.0
2020-07-09 00:00:00-04:00,27.5,27.5,25.84000015258789,26.149999618530273,17.656496047973633,6424300,0.0,0.0
2020-07-10 00:00:00-04:00,26.049999237060547,26.899999618530273,25.639999389648438,26.719999313354492,18.041357040405273,6004100,0.0,0.0
2020-07-13 00:00:00-04:00,27.149999618530273,27.489999771118164,26.280000686645508,26.59000015258789,17.953584671020508,6702000,0.0,0.0
2020-07-14 00:00:00-04:00,26.3700008392334,27.299999237060547,26.18000030517578,27.219999313354492,18.378963470458984,5843100,0.0,0.0
2020-07-15 00:00:00-04:00,28.149999618530273,29.110000610351562,28.040000915527344,28.829999923706055,19.466032028198242,6842500,0.0,0.0
2020-07-16 00:00:00-04:00,28.520000457763672,29.170000076293945,27.90999984741211,28.850000381469727,19.479534149169922,3999800,0.0,0.0
2020-07-17 00:00:00-04:00,28.979999542236328,29.399999618530273,28.3799991607666,28.670000076293945,19.35800552368164,3515900,0.0,0.0
2020-07-20 00:00:00-04:00,28.6200008392334,29.190000534057617,28.18000030517578,28.25,19.07441520690918,2953500,0.0,0.0
2020-07-21 00:00:00-04:00,28.81999969482422,30.3700008392334,28.760000228881836,29.979999542236328,20.24251365661621,5350900,0.0,0.0
2020-07-22 00:00:00-04:00,28.790000915527344,29.559999465942383,28.3700008392334,29.5,19.918418884277344,4153800,0.0,0.0
2020-07-23 00:00:00-04:00,29.940000534057617,29.940000534057617,28.3799991607666,28.959999084472656,19.553808212280273,6662200,0.0,0.0
2020-07-24 00:00:00-04:00,29.049999237060547,29.329999923706055,28.600000381469727,28.719999313354492,19.39175796508789,3267200,0.0,0.0
2020-07-27 00:00:00-04:00,28.65999984741211,28.8700008392334,27.760000228881836,28.020000457763672,18.91912269592285,6858000,0.0,0.0
2020-07-28 00:00:00-04:00,28.0,28.56999969482422,27.799999237060547,28.059999465942383,18.946128845214844,5688000,0.0,0.0
2020-07-29 00:00:00-04:00,27.489999771118164,29.760000228881836,26.700000762939453,29.719999313354492,20.06696128845215,10764700,0.0,0.0
2020-07-30 00:00:00-04:00,28.950000762939453,29.479999542236328,28.56999969482422,29.040000915527344,19.60782241821289,5774500,0.0,0.0
2020-07-31 00:00:00-04:00,28.950000762939453,28.950000762939453,27.049999237060547,27.90999984741211,19.471782684326172,7236200,0.935,0.0
2020-08-03 00:00:00-04:00,27.709999084472656,28.43000030517578,27.530000686645508,28.1200008392334,19.6182918548584,3838200,0.0,0.0
2020-08-04 00:00:00-04:00,28.030000686645508,29.43000030517578,27.989999771118164,29.190000534057617,20.364788055419922,4397000,0.0,0.0
2020-08-05 00:00:00-04:00,30.010000228881836,31.360000610351562,29.290000915527344,30.489999771118164,21.271753311157227,8123600,0.0,0.0
2020-08-06 00:00:00-04:00,30.270000457763672,30.469999313354492,29.040000915527344,29.110000610351562,20.30897331237793,5669800,0.0,0.0
2020-08-07 00:00:00-04:00,28.760000228881836,29.559999465942383,28.600000381469727,29.469999313354492,20.560134887695312,3068900,0.0,0.0
2020-08-10 00:00:00-04:00,29.690000534057617,30.729999542236328,29.649999618530273,30.219999313354492,21.083383560180664,3871100,0.0,0.0
2020-08-11 00:00:00-04:00,30.989999771118164,31.209999084472656,30.020000457763672,30.030000686645508,20.950828552246094,5251900,0.0,0.0
2020-08-12 00:00:00-04:00,30.649999618530273,31.079999923706055,29.690000534057617,29.940000534057617,20.88803482055664,5877300,0.0,0.0
2020-08-13 00:00:00-04:00,29.760000228881836,29.969999313354492,28.579999923706055,28.809999465942383,20.099681854248047,4313200,0.0,0.0
2020-08-14 00:00:00-04:00,28.81999969482422,29.950000762939453,28.59000015258789,29.489999771118164,20.574085235595703,3175500,0.0,0.0
2020-08-17 00:00:00-04:00,29.479999542236328,29.68000030517578,28.90999984741211,28.979999542236328,20.218280792236328,3152700,0.0,0.0
2020-08-18 00:00:00-04:00,28.979999542236328,29.1299991607666,27.969999313354492,28.079999923706055,19.59038734436035,5420700,0.0,0.0
2020-08-19 00:00:00-04:00,28.079999923706055,28.549999237060547,27.739999771118164,27.860000610351562,19.43689727783203,2736400,0.0,0.0
2020-08-20 00:00:00-04:00,27.5,27.850000381469727,27.239999771118164,27.549999237060547,19.22062110900879,2963900,0.0,0.0
2020-08-21 00:00:00-04:00,27.350000381469727,27.350000381469727,26.479999542236328,26.8799991607666,18.753190994262695,3851200,0.0,0.0
2020-08-24 00:00:00-04:00,27.0,27.489999771118164,26.579999923706055,27.260000228881836,19.018301010131836,3545000,0.0,0.0
2020-08-25 00:00:00-04:00,27.600000381469727,27.860000610351562,26.510000228881836,27.260000228881836,19.018301010131836,4236900,0.0,0.0
2020-08-26 00:00:00-04:00,27.229999542236328,27.34000015258789,26.459999084472656,26.559999465942383,18.529935836791992,4181000,0.0,0.0
2020-08-27 00:00:00-04:00,26.6200008392334,27.170000076293945,26.579999923706055,27.040000915527344,18.86481475830078,3168600,0.0,0.0
2020-08-28 00:00:00-04:00,27.6299991607666,28.260000228881836,27.25,28.079999923706055,19.59038734436035,3353100,0.0,0.0
2020-08-31 00:00:00-04:00,28.020000457763672,28.049999237060547,27.270000457763672,27.479999542236328,19.171783447265625,3497100,0.0,0.0
2020-09-01 00:00:00-04:00,27.25,27.520000457763672,26.860000610351562,27.149999618530273,18.941553115844727,3243400,0.0,0.0
2020-09-02 00:00:00-04:00,27.030000686645508,27.670000076293945,26.899999618530273,27.309999465942383,19.05318260192871,3003100,0.0,0.0
2020-09-03 00:00:00-04:00,27.299999237060547,27.850000381469727,26.56999969482422,26.90999984741211,18.774118423461914,3941100,0.0,0.0
2020-09-04 00:00:00-04:00,27.1200008392334,27.489999771118164,26.1200008392334,26.760000228881836,18.669466018676758,3426100,0.0,0.0
2020-09-08 00:00:00-04:00,26.34000015258789,26.489999771118164,25.530000686645508,26.149999618530273,18.243892669677734,4448600,0.0,0.0
2020-09-09 00:00:00-04:00,26.43000030517578,26.719999313354492,26.1299991607666,26.479999542236328,18.47412109375,2850100,0.0,0.0
2020-09-10 00:00:00-04:00,26.639999389648438,26.84000015258789,26.010000228881836,26.030000686645508,18.160175323486328,3190800,0.0,0.0
2020-09-11 00:00:00-04:00,26.139999389648438,26.549999237060547,25.8700008392334,26.34000015258789,18.376449584960938,3256800,0.0,0.0
2020-09-14 00:00:00-04:00,26.579999923706055,27.6200008392334,26.34000015258789,27.299999237060547,19.046207427978516,4100000,0.0,0.0
2020-09-15 00:00:00-04:00,27.350000381469727,27.639999389648438,26.059999465942383,26.290000915527344,18.34156608581543,5131200,0.0,0.0
2020-09-16 00:00:00-04:00,26.520000457763672,28.459999084472656,26.459999084472656,28.06999969482422,19.58340835571289,4638000,0.0,0.0
2020-09-17 00:00:00-04:00,27.399999618530273,28.31999969482422,27.010000228881836,28.030000686645508,19.55550193786621,4414200,0.0,0.0
2020-09-18 00:00:00-04:00,27.770000457763672,27.8700008392334,27.170000076293945,27.540000915527344,19.213647842407227,8246000,0.0,0.0
2020-09-21 00:00:00-04:00,26.420000076293945,26.940000534057617,25.790000915527344,26.440000534057617,18.44621467590332,5262900,0.0,0.0
2020-09-22 00:00:00-04:00,26.790000915527344,27.3700008392334,25.579999923706055,25.670000076293945,17.909011840820312,4608600,0.0,0.0
2020-09-23 00:00:00-04:00,25.75,26.15999984741211,24.520000457763672,24.540000915527344,17.120656967163086,4809000,0.0,0.0
2020-09-24 00:00:00-04:00,24.649999618530273,24.989999771118164,23.280000686645508,24.479999542236328,17.078798294067383,5503600,0.0,0.0
2020-09-25 00:00:00-04:00,24.139999389648438,25.079999923706055,24.110000610351562,25.010000228881836,17.448558807373047,3508000,0.0,0.0
2020-09-28 00:00:00-04:00,25.479999542236328,26.260000228881836,25.270000457763672,26.010000228881836,18.146221160888672,3967100,0.0,0.0
2020-09-29 00:00:00-04:00,26.6200008392334,26.899999618530273,26.219999313354492,26.670000076293945,18.60667610168457,5829400,0.0,0.0
2020-09-30 00:00:00-04:00,26.610000610351562,27.270000457763672,25.889999389648438,25.979999542236328,18.125289916992188,5967900,0.0,0.0
2020-10-01 00:00:00-04:00,25.75,26.18000030517578,25.139999389648438,25.270000457763672,17.62994956970215,3733000,0.0,0.0
2020-10-02 00:00:00-04:00,24.6299991607666,26.739999771118164,24.559999465942383,26.530000686645508,18.50900650024414,4413500,0.0,0.0
2020-10-05 00:00:00-04:00,27.510000228881836,27.989999771118164,26.989999771118164,27.610000610351562,19.262479782104492,3806600,0.0,0.0
2020-10-06 00:00:00-04:00,28.200000762939453,28.440000534057617,26.559999465942383,27.059999465942383,18.878765106201172,4789600,0.0,0.0
2020-10-07 00:00:00-04:00,27.18000030517578,27.950000762939453,26.989999771118164,27.809999465942383,19.402013778686523,3377800,0.0,0.0
2020-10-08 00:00:00-04:00,28.079999923706055,29.440000534057617,27.68000030517578,29.40999984741211,20.51827621459961,4541800,0.0,0.0
2020-10-09 00:00:00-04:00,29.700000762939453,29.770000457763672,28.93000030517578,29.049999237060547,20.267118453979492,3762900,0.0,0.0
2020-10-12 00:00:00-04:00,29.020000457763672,29.299999237060547,28.719999313354492,29.170000076293945,20.350831985473633,2916000,0.0,0.0
2020-10-13 00:00:00-04:00,28.760000228881836,29.56999969482422,28.559999465942383,29.450000762939453,20.546180725097656,3796500,0.0,0.0
2020-10-14 00:00:00-04:00,29.479999542236328,30.649999618530273,29.43000030517578,29.950000762939453,20.89501190185547,4564200,0.0,0.0
2020-10-15 00:00:00-04:00,28.559999465942383,29.84000015258789,28.489999771118164,29.81999969482422,20.804317474365234,5486300,0.0,0.0
2020-10-16 00:00:00-04:00,29.829999923706055,29.93000030517578,28.889999389648438,28.899999618530273,20.162471771240234,3849900,0.0,0.0
2020-10-19 00:00:00-04:00,29.049999237060547,29.489999771118164,28.239999771118164,28.290000915527344,19.736892700195312,3966700,0.0,0.0
2020-10-20 00:00:00-04:00,28.799999237060547,29.3799991607666,28.479999542236328,28.920000076293945,20.176420211791992,3753600,0.0,0.0
2020-10-21 00:00:00-04:00,28.6299991607666,28.860000610351562,28.3700008392334,28.43000030517578,19.834566116333008,3035200,0.0,0.0
2020-10-22 00:00:00-04:00,28.600000381469727,30.799999237060547,28.56999969482422,30.670000076293945,21.3973331451416,5228700,0.0,0.0
2020-10-23 00:00:00-04:00,31.0,31.030000686645508,30.079999923706055,30.549999237060547,21.31361198425293,5381500,0.0,0.0
2020-10-26 00:00:00-04:00,30.1299991607666,30.170000076293945,29.100000381469727,29.510000228881836,20.588045120239258,5358200,0.0,0.0
2020-10-27 00:00:00-04:00,29.459999084472656,29.950000762939453,29.25,29.31999969482422,20.455486297607422,4699500,0.0,0.0
2020-10-28 00:00:00-04:00,30.34000015258789,30.6200008392334,28.1299991607666,29.09000015258789,20.295028686523438,8053700,0.0,0.0
2020-10-29 00:00:00-04:00,28.899999618530273,30.530000686645508,28.010000228881836,30.399999618530273,21.20895767211914,6073000,0.0,0.0
2020-10-30 00:00:00-04:00,29.399999618530273,29.739999771118164,28.260000228881836,29.0,20.874256134033203,5618600,0.935,0.0
2020-11-02 00:00:00-05:00,29.149999618530273,29.559999465942383,28.600000381469727,29.229999542236328,21.039810180664062,4531100,0.0,0.0
2020-11-03 00:00:00-05:00,29.59000015258789,29.950000762939453,28.8700008392334,28.920000076293945,20.816669464111328,4369900,0.0,0.0
2020-11-04 00:00:00-05:00,29.0,29.459999084472656,28.139999389648438,28.600000381469727,20.586334228515625,6195600,0.0,0.0
2020-11-05 00:00:00-05:00,28.59000015258789,29.100000381469727,28.260000228881836,28.540000915527344,20.54314422607422,4462700,0.0,0.0
2020-11-06 00:00:00-05:00,28.420000076293945,29.280000686645508,26.760000228881836,26.889999389648438,19.3554744720459,5948400,0.0,0.0
2020-11-09 00:00:00-05:00,29.75,31.959999084472656,29.5,31.350000381469727,22.5657901763916,10360900,0.0,0.0
2020-11-10 00:00:00-05:00,31.90999984741211,32.650001525878906,31.010000228881836,32.540000915527344,23.422353744506836,6096500,0.0,0.0
2020-11-11 00:00:00-05:00,33.0,33.150001525878906,31.809999465942383,32.119998931884766,23.120038986206055,4145200,0.0,0.0
2020-11-12 00:00:00-05:00,31.489999771118164,32.0,30.149999618530273,30.770000457763672,22.14830780029297,4237400,0.0,0.0
2020-11-13 00:00:00-05:00,31.3700008392334,31.93000030517578,30.850000381469727,31.65999984741211,22.78893280029297,3616600,0.0,0.0
2020-11-16 00:00:00-05:00,32.720001220703125,33.34000015258789,31.969999313354492,32.349998474121094,23.285593032836914,4764700,0.0,0.0
2020-11-17 00:00:00-05:00,31.90999984741211,33.31999969482422,31.719999313354492,33.310001373291016,23.976600646972656,3777600,0.0,0.0
2020-11-18 00:00:00-05:00,33.22999954223633,34.189998626708984,32.29999923706055,32.310001373291016,23.256803512573242,4443100,0.0,0.0
2020-11-19 00:00:00-05:00,31.920000076293945,33.439998626708984,31.6200008392334,33.29999923706055,23.969406127929688,3363600,0.0,0.0
2020-11-20 00:00:00-05:00,33.18000030517578,33.529998779296875,32.66999816894531,32.959999084472656,23.724668502807617,2743400,0.0,0.0
2020-11-23 00:00:00-05:00,33.5099983215332,35.220001220703125,33.439998626708984,35.18000030517578,25.3226318359375,3369100,0.0,0.0
2020-11-24 00:00:00-05:00,36.90999984741211,37.88999938964844,36.34000015258789,37.65999984741211,27.107742309570312,5659300,0.0,0.0
2020-11-25 00:00:00-05:00,37.29999923706055,38.439998626708984,36.599998474121094,37.540000915527344,27.02136993408203,4082700,0.0,0.0
2020-11-27 00:00:00-05:00,37.18000030517578,37.70000076293945,36.81999969482422,37.22999954223633,26.79822540283203,1554300,0.0,0.0
2020-11-30 00:00:00-05:00,36.810001373291016,37.209999084472656,35.599998474121094,35.869998931884766,25.819292068481445,5533100,0.0,0.0
2020-12-01 00:00:00-05:00,37.0,37.189998626708984,36.08000183105469,36.470001220703125,26.25118064880371,3278500,0.0,0.0
2020-12-02 00:00:00-05:00,36.130001068115234,37.95000076293945,36.099998474121094,37.470001220703125,26.970975875854492,3113000,0.0,0.0
2020-12-03 00:00:00-05:00,37.54999923706055,39.06999969482422,37.16999816894531,38.4900016784668,27.70517349243164,3526800,0.0,0.0
2020-12-04 00:00:00-05:00,39.470001220703125,40.709999084472656,39.43000030517578,40.630001068115234,29.24555015563965,3932000,0.0,0.0
2020-12-07 00:00:00-05:00,40.15999984741211,40.61000061035156,39.220001220703125,40.310001373291016,29.01521873474121,4464400,0.0,0.0
2020-12-08 00:00:00-05:00,39.93000030517578,41.560001373291016,39.810001373291016,40.790000915527344,29.3607234954834,3292300,0.0,0.0
2020-12-09 00:00:00-05:00,41.459999084472656,41.939998626708984,39.650001525878906,40.220001220703125,28.950435638427734,3292900,0.0,0.0
2020-12-10 00:00:00-05:00,40.33000183105469,41.95000076293945,40.2599983215332,41.75,30.05173683166504,4082400,0.0,0.0
2020-12-11 00:00:00-05:00,41.08000183105469,41.65999984741211,40.7400016784668,41.56999969482422,29.922161102294922,2691900,0.0,0.0
2020-12-14 00:00:00-05:00,42.0,42.15999984741211,39.93000030517578,40.13999938964844,28.892847061157227,4106900,0.0,0.0
2020-12-15 00:00:00-05:00,40.61000061035156,41.459999084472656,39.93000030517578,41.310001373291016,29.735015869140625,3601600,0.0,0.0
2020-12-16 00:00:00-05:00,41.29999923706055,41.380001068115234,40.29999923706055,40.650001525878906,29.25994873046875,3013300,0.0,0.0
2020-12-17 00:00:00-05:00,41.0099983215332,41.22999954223633,40.08000183105469,40.72999954223633,29.317527770996094,3289300,0.0,0.0
2020-12-18 00:00:00-05:00,40.68000030517578,40.90999984741211,39.630001068115234,39.869998931884766,28.698503494262695,7019800,0.0,0.0
2020-12-21 00:00:00-05:00,38.369998931884766,39.810001373291016,38.029998779296875,39.38999938964844,28.352994918823242,3845900,0.0,0.0
2020-12-22 00:00:00-05:00,39.41999816894531,39.95000076293945,38.599998474121094,38.630001068115234,27.80594825744629,2767200,0.0,0.0
2020-12-23 00:00:00-05:00,39.0,39.58000183105469,38.470001220703125,38.79999923706055,27.92831802368164,2321600,0.0,0.0
2020-12-24 00:00:00-05:00,38.81999969482422,38.849998474121094,37.900001525878906,38.79999923706055,27.92831802368164,1344100,0.0,0.0
2020-12-28 00:00:00-05:00,38.880001068115234,39.2599983215332,38.0099983215332,38.40999984741211,27.64759063720703,2945700,0.0,0.0
2020-12-29 00:00:00-05:00,38.650001525878906,38.7400016784668,37.66999816894531,38.130001068115234,27.446046829223633,2752400,0.0,0.0
2020-12-30 00:00:00-05:00,38.02000045776367,38.7400016784668,37.95000076293945,38.119998931884766,27.4388484954834,2462900,0.0,0.0
2020-12-31 00:00:00-05:00,37.90999984741211,38.470001220703125,37.65999984741211,38.380001068115234,27.625993728637695,2191000,0.0,0.0
2021-01-04 00:00:00-05:00,39.0,39.11000061035156,37.38999938964844,37.5,26.992572784423828,3516300,0.0,0.0
2021-01-05 00:00:00-05:00,37.849998474121094,40.400001525878906,37.83000183105469,39.380001068115234,28.345794677734375,3416700,0.0,0.0
2021-01-06 00:00:00-05:00,40.0,40.47999954223633,39.130001068115234,39.83000183105469,28.669710159301758,3329000,0.0,0.0
2021-01-07 00:00:00-05:00,40.4900016784668,40.83000183105469,39.79999923706055,40.70000076293945,29.29593849182129,2952000,0.0,0.0
2021-01-08 00:00:00-05:00,41.04999923706055,41.099998474121094,39.56999969482422,39.93000030517578,28.741689682006836,3470400,0.0,0.0
2021-01-11 00:00:00-05:00,39.08000183105469,41.380001068115234,38.65999984741211,41.22999954223633,29.677431106567383,2948300,0.0,0.0
2021-01-12 00:00:00-05:00,41.720001220703125,43.619998931884766,41.439998626708984,43.5099983215332,31.318580627441406,3423700,0.0,0.0
2021-01-13 00:00:00-05:00,43.400001525878906,44.439998626708984,43.04999923706055,43.709999084472656,31.462543487548828,2668200,0.0,0.0
2021-01-14 00:00:00-05:00,44.11000061035156,45.709999084472656,44.02000045776367,44.7599983215332,32.21833801269531,3518000,0.0,0.0
2021-01-15 00:00:00-05:00,44.5,44.709999084472656,43.02000045776367,44.16999816894531,31.793651580810547,2775300,0.0,0.0
2021-01-19 00:00:00-05:00,44.459999084472656,44.540000915527344,43.70000076293945,44.11000061035156,31.75045394897461,2708500,0.0,0.0
2021-01-20 00:00:00-05:00,44.47999954223633,44.650001525878906,43.439998626708984,44.0099983215332,31.678489685058594,2470300,0.0,0.0
2021-01-21 00:00:00-05:00,44.0,44.18000030517578,42.220001220703125,42.869998931884766,30.857900619506836,2924100,0.0,0.0
2021-01-22 00:00:00-05:00,41.779998779296875,42.959999084472656,41.43000030517578,42.84000015258789,30.836307525634766,2903600,0.0,0.0
2021-01-25 00:00:00-05:00,42.56999969482422,42.689998626708984,41.33000183105469,42.22999954223633,30.39723014831543,3294000,0.0,0.0
2021-01-26 00:00:00-05:00,42.689998626708984,44.209999084472656,42.029998779296875,42.119998931884766,30.31805419921875,3676800,0.0,0.0
2021-01-27 00:00:00-05:00,42.0,42.0,40.45000076293945,40.54999923706055,29.187965393066406,4027100,0.0,0.0
2021-01-28 00:00:00-05:00,40.93000030517578,42.290000915527344,40.709999084472656,42.11000061035156,30.310853958129883,3516000,0.0,0.0
2021-01-29 00:00:00-05:00,40.61000061035156,41.29999923706055,39.33000183105469,39.83000183105469,29.320743560791016,3867900,0.935,0.0
2021-02-01 00:00:00-05:00,40.36000061035156,40.75,38.900001525878906,40.02000045776367,29.46060562133789,2786700,0.0,0.0
2021-02-02 00:00:00-05:00,41.040000915527344,41.599998474121094,40.45000076293945,41.209999084472656,30.33662223815918,2514300,0.0,0.0
2021-02-03 00:00:00-05:00,41.38999938964844,42.849998474121094,41.279998779296875,42.47999954223633,31.27152442932129,2872700,0.0,0.0
2021-02-04 00:00:00-05:00,42.70000076293945,42.939998626708984,42.08000183105469,42.459999084472656,31.256813049316406,1864300,0.0,0.0
2021-02-05 00:00:00-05:00,43.400001525878906,43.72999954223633,42.709999084472656,42.84000015258789,31.53653907775879,2628300,0.0,0.0
2021-02-08 00:00:00-05:00,43.04999923706055,43.79999923706055,42.84000015258789,43.43000030517578,31.97087287902832,2564200,0.0,0.0
2021-02-09 00:00:00-05:00,43.400001525878906,43.54999923706055,42.650001525878906,43.36000061035156,31.91934585571289,2037600,0.0,0.0
2021-02-10 00:00:00-05:00,43.810001373291016,44.77000045776367,43.599998474121094,44.75,32.942588806152344,3132700,0.0,0.0
2021-02-11 00:00:00-05:00,44.61000061035156,45.20000076293945,43.540000915527344,44.279998779296875,32.59658432006836,2727500,0.0,0.0
2021-02-12 00:00:00-05:00,44.16999816894531,45.2599983215332,44.02000045776367,45.11000061035156,33.20759201049805,3049600,0.0,0.0
2021-02-16 00:00:00-05:00,46.0,46.65999984741211,45.810001373291016,45.95000076293945,33.825958251953125,2879400,0.0,0.0
2021-02-17 00:00:00-05:00,46.150001525878906,46.349998474121094,45.060001373291016,45.9900016784668,33.855403900146484,1987100,0.0,0.0
2021-02-18 00:00:00-05:00,45.63999938964844,45.720001220703125,44.45000076293945,44.86000061035156,33.023563385009766,2349000,0.0,0.0
2021-02-19 00:00:00-05:00,44.91999816894531,45.9900016784668,44.790000915527344,45.81999969482422,33.730262756347656,2050400,0.0,0.0
2021-02-22 00:00:00-05:00,45.93000030517578,46.900001525878906,45.81999969482422,46.099998474121094,33.936378479003906,2757500,0.0,0.0
2021-02-23 00:00:00-05:00,45.5,45.880001068115234,42.54999923706055,45.619998931884766,33.583030700683594,5428000,0.0,0.0
2021-02-24 00:00:00-05:00,46.09000015258789,47.130001068115234,44.91999816894531,46.709999084472656,34.385433197021484,3087700,0.0,0.0
2021-02-25 00:00:00-05:00,47.099998474121094,47.189998626708984,45.099998474121094,45.400001525878906,33.421085357666016,2840400,0.0,0.0
2021-02-26 00:00:00-05:00,45.150001525878906,45.599998474121094,43.41999816894531,44.290000915527344,32.60395050048828,4410200,0.0,0.0
2021-03-01 00:00:00-05:00,45.5099983215332,47.9900016784668,45.33000183105469,47.470001220703125,34.94491195678711,4078200,0.0,0.0
2021-03-02 00:00:00-05:00,47.29999923706055,47.630001068115234,46.72999954223633,46.88999938964844,34.51793670654297,2787800,0.0,0.0
2021-03-03 00:00:00-05:00,47.349998474121094,49.400001525878906,47.290000915527344,47.77000045776367,35.165748596191406,2832500,0.0,0.0
2021-03-04 00:00:00-05:00,48.09000015258789,49.4900016784668,47.34000015258789,48.25,35.51909255981445,3347200,0.0,0.0
2021-03-05 00:00:00-05:00,49.5,49.790000915527344,47.31999969482422,49.56999969482422,36.49081039428711,3065900,0.0,0.0
2021-03-08 00:00:00-05:00,50.0,51.220001220703125,49.29999923706055,49.540000915527344,36.46872329711914,3562900,0.0,0.0
2021-03-09 00:00:00-05:00,49.47999954223633,50.720001220703125,48.41999816894531,48.63999938964844,35.80619430541992,3111500,0.0,0.0
2021-03-10 00:00:00-05:00,49.0,51.099998474121094,48.70000076293945,50.95000076293945,37.50669860839844,2717800,0.0,0.0
2021-03-11 00:00:00-05:00,50.95000076293945,51.65999984741211,50.349998474121094,50.400001525878906,37.10181427001953,2282700,0.0,0.0
2021-03-12 00:00:00-05:00,51.060001373291016,51.599998474121094,50.400001525878906,51.599998474121094,37.985191345214844,3151300,0.0,0.0
2021-03-15 00:00:00-04:00,51.599998474121094,51.90999984741211,50.20000076293945,51.290000915527344,37.756988525390625,2529900,0.0,0.0
2021-03-16 00:00:00-04:00,50.56999969482422,50.709999084472656,49.38999938964844,49.540000915527344,36.46872329711914,2502900,0.0,0.0
2021-03-17 00:00:00-04:00,49.099998474121094,50.52000045776367,48.720001220703125,50.31999969482422,37.04291915893555,2014800,0.0,0.0
2021-03-18 00:00:00-04:00,50.06999969482422,50.220001220703125,47.970001220703125,48.20000076293945,35.4822998046875,2491700,0.0,0.0
2021-03-19 00:00:00-04:00,48.34000015258789,49.720001220703125,47.83000183105469,48.459999084472656,35.67369079589844,8491900,0.0,0.0
2021-03-22 00:00:00-04:00,49.09000015258789,49.29999923706055,48.310001373291016,48.4900016784668,35.695770263671875,3175300,0.0,0.0
2021-03-23 00:00:00-04:00,47.5,48.5099983215332,47.0099983215332,47.45000076293945,34.9301872253418,3606800,0.0,0.0
2021-03-24 00:00:00-04:00,48.25,49.5,48.20000076293945,48.7400016784668,35.87980651855469,3065200,0.0,0.0
2021-03-25 00:00:00-04:00,47.650001525878906,49.900001525878906,47.349998474121094,49.689998626708984,36.57915496826172,2662600,0.0,0.0
2021-03-26 00:00:00-04:00,50.380001068115234,51.2400016784668,49.91999816894531,51.18000030517578,37.67601013183594,2718800,0.0,0.0
2021-03-29 00:00:00-04:00,50.900001525878906,51.09000015258789,49.7400016784668,50.56999969482422,37.22697067260742,2333300,0.0,0.0
2021-03-30 00:00:00-04:00,50.0,50.5,49.75,50.2599983215332,36.99874496459961,1950600,0.0,0.0
2021-03-31 00:00:00-04:00,50.2599983215332,50.81999969482422,50.029998779296875,50.65999984741211,37.293212890625,2326500,0.0,0.0
2021-04-01 00:00:00-04:00,50.81999969482422,51.36000061035156,49.849998474121094,51.349998474121094,37.80115509033203,2525400,0.0,0.0
2021-04-05 00:00:00-04:00,51.349998474121094,51.45000076293945,50.599998474121094,51.029998779296875,37.565589904785156,2189000,0.0,0.0
2021-04-06 00:00:00-04:00,51.310001373291016,52.11000061035156,51.189998626708984,51.2599983215332,37.734893798828125,2962900,0.0,0.0
2021-04-07 00:00:00-04:00,51.630001068115234,51.900001525878906,50.869998931884766,51.13999938964844,37.64657211303711,2495000,0.0,0.0
2021-04-08 00:00:00-04:00,50.79999923706055,50.79999923706055,49.709999084472656,50.459999084472656,37.1459846496582,3479300,0.0,0.0
2021-04-09 00:00:00-04:00,50.130001068115234,51.11000061035156,50.040000915527344,50.91999816894531,37.48460388183594,2011800,0.0,0.0
2021-04-12 00:00:00-04:00,51.099998474121094,51.4900016784668,50.63999938964844,50.90999984741211,37.47724533081055,2091500,0.0,0.0
2021-04-13 00:00:00-04:00,50.849998474121094,51.369998931884766,50.220001220703125,51.09000015258789,37.60975646972656,2621100,0.0,0.0
2021-04-14 00:00:00-04:00,51.45000076293945,52.380001068115234,51.310001373291016,51.5099983215332,37.918941497802734,3085000,0.0,0.0
2021-04-15 00:00:00-04:00,51.88999938964844,52.529998779296875,51.209999084472656,52.38999938964844,38.566749572753906,2520300,0.0,0.0
2021-04-16 00:00:00-04:00,52.75,52.77000045776367,51.400001525878906,51.599998474121094,37.985191345214844,2257100,0.0,0.0
2021-04-19 00:00:00-04:00,51.849998474121094,52.18000030517578,51.04999923706055,51.779998779296875,38.11769485473633,2470800,0.0,0.0
2021-04-20 00:00:00-04:00,51.65999984741211,51.75,49.970001220703125,50.630001068115234,37.27112579345703,2665800,0.0,0.0
2021-04-21 00:00:00-04:00,50.189998626708984,52.29999923706055,49.93000030517578,52.15999984741211,38.39743423461914,2524900,0.0,0.0
2021-04-22 00:00:00-04:00,52.220001220703125,52.29999923706055,51.02000045776367,51.040000915527344,37.57294464111328,3364400,0.0,0.0
2021-04-23 00:00:00-04:00,50.41999816894531,50.66999816894531,49.66999816894531,50.599998474121094,37.94414138793945,4133200,0.935,0.0
2021-04-26 00:00:00-04:00,50.40999984741211,50.7599983215332,50.209999084472656,50.459999084472656,37.83915710449219,2641300,0.0,0.0
2021-04-27 00:00:00-04:00,50.5099983215332,51.040000915527344,50.369998931884766,50.880001068115234,38.154109954833984,2752300,0.0,0.0
2021-04-28 00:00:00-04:00,51.189998626708984,52.5,51.040000915527344,52.130001068115234,39.09146499633789,4328600,0.0,0.0
2021-04-29 00:00:00-04:00,52.63999938964844,53.66999816894531,51.849998474121094,52.599998474121094,39.44390869140625,2918900,0.0,0.0
2021-04-30 00:00:00-04:00,52.029998779296875,53.34000015258789,51.779998779296875,52.34000015258789,39.248939514160156,2695500,0.0,0.0
2021-05-03 00:00:00-04:00,52.88999938964844,53.0,52.15999984741211,52.720001220703125,39.533897399902344,2526300,0.0,0.0
2021-05-04 00:00:00-04:00,52.970001220703125,53.060001373291016,52.08000183105469,52.58000183105469,39.42891311645508,2206200,0.0,0.0
2021-05-05 00:00:00-04:00,53.060001373291016,53.959999084472656,52.66999816894531,53.150001525878906,39.85634231567383,2548200,0.0,0.0
2021-05-06 00:00:00-04:00,53.27000045776367,53.54999923706055,52.33000183105469,53.40999984741211,40.05131530761719,2497600,0.0,0.0
2021-05-07 00:00:00-04:00,52.81999969482422,53.7599983215332,52.650001525878906,53.380001068115234,40.0288200378418,2973800,0.0,0.0
2021-05-10 00:00:00-04:00,53.93000030517578,54.779998779296875,53.790000915527344,53.959999084472656,40.46375274658203,3625000,0.0,0.0
2021-05-11 00:00:00-04:00,53.0,53.439998626708984,51.90999984741211,53.27000045776367,39.94633865356445,2556200,0.0,0.0
2021-05-12 00:00:00-04:00,53.41999816894531,54.56999969482422,52.380001068115234,52.560001373291016,39.413917541503906,3413600,0.0,0.0
2021-05-13 00:00:00-04:00,52.119998931884766,53.47999954223633,51.63999938964844,52.779998779296875,39.578887939453125,2195200,0.0,0.0
2021-05-14 00:00:00-04:00,53.75,54.5099983215332,53.529998779296875,54.349998474121094,40.756202697753906,2286000,0.0,0.0
2021-05-17 00:00:00-04:00,54.209999084472656,55.060001373291016,53.77000045776367,55.0099983215332,41.251129150390625,2336900,0.0,0.0
2021-05-18 00:00:00-04:00,54.83000183105469,55.099998474121094,53.959999084472656,53.97999954223633,40.4787483215332,2004300,0.0,0.0
2021-05-19 00:00:00-04:00,52.900001525878906,53.22999954223633,52.099998474121094,52.86000061035156,39.63887405395508,3147100,0.0,0.0
2021-05-20 00:00:00-04:00,52.560001373291016,53.91999816894531,52.13999938964844,53.689998626708984,40.26128005981445,2236400,0.0,0.0
2021-05-21 00:00:00-04:00,54.08000183105469,54.470001220703125,53.209999084472656,53.2599983215332,39.93882751464844,3390800,0.0,0.0
2021-05-24 00:00:00-04:00,53.869998931884766,54.400001525878906,53.27000045776367,54.13999938964844,40.598731994628906,2611200,0.0,0.0
2021-05-25 00:00:00-04:00,54.099998474121094,54.400001525878906,52.59000015258789,52.65999984741211,39.48890686035156,2212800,0.0,0.0
2021-05-26 00:00:00-04:00,52.88999938964844,52.95000076293945,51.779998779296875,52.5099983215332,39.37641906738281,4200400,0.0,0.0
2021-05-27 00:00:00-04:00,53.0,53.459999084472656,52.380001068115234,52.79999923706055,39.593894958496094,3534500,0.0,0.0
2021-05-28 00:00:00-04:00,53.25,53.25,52.45000076293945,52.7400016784668,39.54890060424805,3098600,0.0,0.0
2021-06-01 00:00:00-04:00,53.65999984741211,54.119998931884766,53.43000030517578,53.77000045776367,40.32126998901367,2260500,0.0,0.0
2021-06-02 00:00:00-04:00,53.9900016784668,54.709999084472656,53.65999984741211,54.25,40.68122100830078,2093200,0.0,0.0
2021-06-03 00:00:00-04:00,53.9900016784668,54.540000915527344,53.61000061035156,53.720001220703125,40.283775329589844,2608400,0.0,0.0
2021-06-04 00:00:00-04:00,54.04999923706055,54.310001373291016,53.34000015258789,53.95000076293945,40.45624923706055,2323200,0.0,0.0
2021-06-07 00:00:00-04:00,54.0099983215332,55.459999084472656,54.0,55.16999816894531,41.37111282348633,3535900,0.0,0.0
2021-06-08 00:00:00-04:00,55.040000915527344,56.09000015258789,54.7400016784668,55.779998779296875,41.828548431396484,4537700,0.0,0.0
2021-06-09 00:00:00-04:00,55.95000076293945,56.18000030517578,54.81999969482422,54.84000015258789,41.123653411865234,2205000,0.0,0.0
2021-06-10 00:00:00-04:00,55.5,55.7400016784668,54.06999969482422,54.779998779296875,41.07865524291992,3056900,0.0,0.0
2021-06-11 00:00:00-04:00,55.04999923706055,55.27000045776367,54.779998779296875,55.060001373291016,41.28862762451172,2735400,0.0,0.0
2021-06-14 00:00:00-04:00,55.70000076293945,56.189998626708984,54.869998931884766,55.439998626708984,41.573577880859375,3533300,0.0,0.0
2021-06-15 00:00:00-04:00,55.7400016784668,56.150001525878906,55.20000076293945,55.97999954223633,41.97852325439453,3494500,0.0,0.0
2021-06-16 00:00:00-04:00,56.0,57.189998626708984,55.779998779296875,57.02000045776367,42.75839614868164,3380100,0.0,0.0
2021-06-17 00:00:00-04:00,56.900001525878906,57.220001220703125,53.380001068115234,54.15999984741211,40.61372756958008,4597600,0.0,0.0
2021-06-18 00:00:00-04:00,53.43000030517578,54.099998474121094,53.0,53.02000045776367,39.75886917114258,6967700,0.0,0.0
2021-06-21 00:00:00-04:00,53.59000015258789,55.72999954223633,53.45000076293945,55.59000015258789,41.686058044433594,2859900,0.0,0.0
2021-06-22 00:00:00-04:00,55.40999984741211,55.540000915527344,54.70000076293945,55.470001220703125,41.5960807800293,2079600,0.0,0.0
2021-06-23 00:00:00-04:00,55.869998931884766,56.11000061035156,55.220001220703125,55.22999954223633,41.41610336303711,1340300,0.0,0.0
2021-06-24 00:00:00-04:00,55.41999816894531,55.93000030517578,54.880001068115234,55.88999938964844,41.9110221862793,2632800,0.0,0.0
2021-06-25 00:00:00-04:00,56.16999816894531,56.54999923706055,55.65999984741211,56.54999923706055,42.40595245361328,2754700,0.0,0.0
2021-06-28 00:00:00-04:00,56.279998779296875,56.290000915527344,54.630001068115234,55.439998626708984,41.573577880859375,2567900,0.0,0.0
2021-06-29 00:00:00-04:00,55.70000076293945,55.95000076293945,55.15999984741211,55.18000030517578,41.37861251831055,1920600,0.0,0.0
2021-06-30 00:00:00-04:00,55.29999923706055,56.41999816894531,55.25,55.63999938964844,41.72356033325195,2524700,0.0,0.0
2021-07-01 00:00:00-04:00,56.5,57.04999923706055,55.88999938964844,56.93000030517578,42.69090270996094,2369400,0.0,0.0
2021-07-02 00:00:00-04:00,56.599998474121094,57.5,56.4900016784668,57.38999938964844,43.035858154296875,1718400,0.0,0.0
2021-07-06 00:00:00-04:00,57.36000061035156,57.38999938964844,55.959999084472656,56.4900016784668,42.360958099365234,2471000,0.0,0.0
2021-07-07 00:00:00-04:00,56.369998931884766,56.779998779296875,55.34000015258789,55.439998626708984,41.573577880859375,2191500,0.0,0.0
2021-07-08 00:00:00-04:00,54.5,56.11000061035156,54.220001220703125,55.380001068115234,41.528587341308594,2250400,0.0,0.0
2021-07-09 00:00:00-04:00,56.15999984741211,57.54999923706055,55.61000061035156,57.52000045776367,43.13334655761719,2668300,0.0,0.0
2021-07-12 00:00:00-04:00,56.810001373291016,57.43000030517578,56.540000915527344,56.91999816894531,42.68341064453125,1690500,0.0,0.0
2021-07-13 00:00:00-04:00,56.560001373291016,56.86000061035156,55.86000061035156,55.91999816894531,41.933528900146484,1995400,0.0,0.0
2021-07-14 00:00:00-04:00,56.18000030517578,56.560001373291016,54.540000915527344,54.880001068115234,41.15364074707031,2144700,0.0,0.0
2021-07-15 00:00:00-04:00,54.25,54.810001373291016,53.900001525878906,54.470001220703125,40.84619903564453,2497900,0.0,0.0
2021-07-16 00:00:00-04:00,54.880001068115234,54.97999954223633,53.22999954223633,53.310001373291016,39.97632598876953,1882400,0.0,0.0
2021-07-19 00:00:00-04:00,51.650001525878906,51.959999084472656,49.75,50.20000076293945,37.64419174194336,5003600,0.0,0.0
2021-07-20 00:00:00-04:00,50.58000183105469,52.84000015258789,50.25,52.380001068115234,39.278934478759766,3405700,0.0,0.0
2021-07-21 00:00:00-04:00,53.400001525878906,54.45000076293945,53.15999984741211,53.459999084472656,40.088809967041016,2716500,0.0,0.0
2021-07-22 00:00:00-04:00,53.439998626708984,53.4900016784668,52.52000045776367,53.09000015258789,39.81134796142578,1666200,0.0,0.0
2021-07-23 00:00:00-04:00,52.869998931884766,53.060001373291016,52.060001373291016,52.95000076293945,39.70637130737305,2178500,0.0,0.0
2021-07-26 00:00:00-04:00,53.0099983215332,54.11000061035156,53.0,53.83000183105469,40.36626434326172,2443700,0.0,0.0
2021-07-27 00:00:00-04:00,53.2599983215332,53.349998474121094,52.220001220703125,52.91999816894531,39.683868408203125,2274500,0.0,0.0
2021-07-28 00:00:00-04:00,53.0,53.83000183105469,52.31999969482422,53.34000015258789,39.99882507324219,1930500,0.0,0.0
2021-07-29 00:00:00-04:00,53.86000061035156,54.27000045776367,53.5,53.79999923706055,40.34376907348633,2022600,0.0,0.0
2021-07-30 00:00:00-04:00,53.380001068115234,53.95000076293945,51.65999984741211,51.970001220703125,39.66075134277344,2838800,0.935,0.0
2021-08-02 00:00:00-04:00,52.04999923706055,53.2599983215332,51.2599983215332,51.349998474121094,39.18760299682617,1864300,0.0,0.0
2021-08-03 00:00:00-04:00,51.2599983215332,51.63999938964844,50.119998931884766,51.43000030517578,39.2486572265625,2759500,0.0,0.0
2021-08-04 00:00:00-04:00,50.650001525878906,53.08000183105469,50.349998474121094,51.720001220703125,39.469974517822266,4506500,0.0,0.0
2021-08-05 00:00:00-04:00,52.04999923706055,52.91999816894531,51.75,52.209999084472656,39.84391403198242,2313900,0.0,0.0
2021-08-06 00:00:00-04:00,52.7599983215332,52.939998626708984,52.150001525878906,52.560001373291016,40.11101531982422,1606700,0.0,0.0
2021-08-09 00:00:00-04:00,52.040000915527344,52.290000915527344,51.4900016784668,51.75,39.49286651611328,1963200,0.0,0.0
2021-08-10 00:00:00-04:00,52.029998779296875,52.810001373291016,51.86000061035156,52.70000076293945,40.21784973144531,1676200,0.0,0.0
2021-08-11 00:00:00-04:00,52.779998779296875,52.97999954223633,52.15999984741211,52.83000183105469,40.31705856323242,1460400,0.0,0.0
2021-08-12 00:00:00-04:00,52.9900016784668,53.38999938964844,52.59000015258789,53.369998931884766,40.72916030883789,1719700,0.0,0.0
2021-08-13 00:00:00-04:00,53.33000183105469,53.4900016784668,52.38999938964844,52.45000076293945,40.027061462402344,1244200,0.0,0.0
2021-08-16 00:00:00-04:00,51.95000076293945,52.599998474121094,51.52000045776367,51.75,39.49286651611328,1976000,0.0,0.0
2021-08-17 00:00:00-04:00,51.25,52.08000183105469,50.41999816894531,51.279998779296875,39.134178161621094,2137300,0.0,0.0
2021-08-18 00:00:00-04:00,51.0,51.720001220703125,50.43000030517578,50.560001373291016,38.584716796875,1961600,0.0,0.0
2021-08-19 00:00:00-04:00,49.83000183105469,50.34000015258789,48.5099983215332,49.27000045776367,37.60025405883789,3274100,0.0,0.0
2021-08-20 00:00:00-04:00,48.959999084472656,50.439998626708984,48.79999923706055,50.43000030517578,38.48551559448242,2129900,0.0,0.0
2021-08-23 00:00:00-04:00,51.5,52.11000061035156,51.16999816894531,51.97999954223633,39.66838455200195,2374800,0.0,0.0
2021-08-24 00:00:00-04:00,52.2599983215332,53.16999816894531,52.13999938964844,52.959999084472656,40.4162712097168,2220800,0.0,0.0
2021-08-25 00:00:00-04:00,52.900001525878906,54.02000045776367,52.66999816894531,53.459999084472656,40.7978401184082,1738900,0.0,0.0
2021-08-26 00:00:00-04:00,53.369998931884766,53.58000183105469,52.52000045776367,52.54999923706055,40.10337448120117,1490400,0.0,0.0
2021-08-27 00:00:00-04:00,53.11000061035156,54.2400016784668,53.0,53.84000015258789,41.087833404541016,1726300,0.0,0.0
2021-08-30 00:00:00-04:00,53.939998626708984,54.04999923706055,53.02000045776367,53.040000915527344,40.47732162475586,1578900,0.0,0.0
2021-08-31 00:00:00-04:00,52.79999923706055,53.099998474121094,52.36000061035156,52.52000045776367,40.080482482910156,2946100,0.0,0.0
2021-09-01 00:00:00-04:00,52.5099983215332,52.68000030517578,52.040000915527344,52.08000183105469,39.744693756103516,1643800,0.0,0.0
2021-09-02 00:00:00-04:00,52.47999954223633,53.41999816894531,52.439998626708984,53.290000915527344,40.66810607910156,1557100,0.0,0.0
2021-09-03 00:00:00-04:00,53.349998474121094,53.689998626708984,52.84000015258789,53.16999816894531,40.576534271240234,1207500,0.0,0.0
2021-09-07 00:00:00-04:00,52.84000015258789,53.470001220703125,52.31999969482422,52.470001220703125,40.04233169555664,1983300,0.0,0.0
2021-09-08 00:00:00-04:00,52.70000076293945,53.279998779296875,52.16999816894531,52.36000061035156,39.9583854675293,1454900,0.0,0.0
2021-09-09 00:00:00-04:00,52.150001525878906,53.08000183105469,51.70000076293945,52.400001525878906,39.988914489746094,1545700,0.0,0.0
2021-09-10 00:00:00-04:00,53.09000015258789,53.20000076293945,52.400001525878906,52.4900016784668,40.057586669921875,1560300,0.0,0.0
2021-09-13 00:00:00-04:00,53.189998626708984,54.0,53.029998779296875,53.40999984741211,40.759681701660156,2243600,0.0,0.0
2021-09-14 00:00:00-04:00,53.88999938964844,53.88999938964844,52.689998626708984,53.04999923706055,40.484947204589844,1748000,0.0,0.0
2021-09-15 00:00:00-04:00,53.310001373291016,55.72999954223633,53.2400016784668,55.709999084472656,42.51492691040039,3784700,0.0,0.0
2021-09-16 00:00:00-04:00,55.709999084472656,56.06999969482422,55.0,55.56999969482422,42.4080810546875,2389800,0.0,0.0
2021-09-17 00:00:00-04:00,55.38999938964844,55.95000076293945,54.93000030517578,55.16999816894531,42.102813720703125,4598700,0.0,0.0
2021-09-20 00:00:00-04:00,53.66999816894531,53.66999816894531,52.11000061035156,52.9900016784668,40.43916320800781,4309100,0.0,0.0
2021-09-21 00:00:00-04:00,53.79999923706055,54.08000183105469,52.849998474121094,53.310001373291016,40.68336868286133,2838500,0.0,0.0
2021-09-22 00:00:00-04:00,54.04999923706055,55.38999938964844,54.04999923706055,54.849998474121094,41.85861587524414,2257700,0.0,0.0
2021-09-23 00:00:00-04:00,55.900001525878906,57.66999816894531,55.43000030517578,57.459999084472656,43.850425720214844,3559000,0.0,0.0
2021-09-24 00:00:00-04:00,57.11000061035156,57.7400016784668,56.81999969482422,57.470001220703125,43.858055114746094,3197700,0.0,0.0
2021-09-27 00:00:00-04:00,58.380001068115234,59.66999816894531,58.150001525878906,58.900001525878906,44.94936752319336,3343400,0.0,0.0
2021-09-28 00:00:00-04:00,59.45000076293945,59.779998779296875,58.060001373291016,58.279998779296875,44.47621154785156,2713300,0.0,0.0
2021-09-29 00:00:00-04:00,58.58000183105469,59.459999084472656,57.900001525878906,58.810001373291016,44.88067626953125,2228100,0.0,0.0
2021-09-30 00:00:00-04:00,59.02000045776367,59.02000045776367,57.93000030517578,57.9900016784668,44.25489807128906,2663300,0.0,0.0
2021-10-01 00:00:00-04:00,58.310001373291016,59.70000076293945,57.779998779296875,59.45000076293945,45.36909103393555,2052400,0.0,0.0
2021-10-04 00:00:00-04:00,60.06999969482422,61.47999954223633,59.79999923706055,60.060001373291016,45.83461380004883,3036500,0.0,0.0
2021-10-05 00:00:00-04:00,61.09000015258789,61.58000183105469,59.880001068115234,60.220001220703125,45.95671844482422,2351200,0.0,0.0
2021-10-06 00:00:00-04:00,59.56999969482422,60.2599983215332,58.529998779296875,60.099998474121094,45.86513900756836,2414400,0.0,0.0
2021-10-07 00:00:00-04:00,60.20000076293945,61.189998626708984,60.18000030517578,60.75,46.361183166503906,1924600,0.0,0.0
2021-10-08 00:00:00-04:00,61.18000030517578,61.90999984741211,60.939998626708984,61.630001068115234,47.03275680541992,1455400,0.0,0.0
2021-10-11 00:00:00-04:00,62.31999969482422,62.779998779296875,61.619998931884766,61.900001525878906,47.238807678222656,1885500,0.0,0.0
2021-10-12 00:00:00-04:00,62.0,63.5099983215332,61.619998931884766,62.95000076293945,48.04011154174805,2165700,0.0,0.0
2021-10-13 00:00:00-04:00,62.27000045776367,63.41999816894531,61.779998779296875,63.27000045776367,48.28432083129883,2036300,0.0,0.0
2021-10-14 00:00:00-04:00,64.0999984741211,64.7699966430664,63.7599983215332,64.55000305175781,49.26114273071289,1924400,0.0,0.0
2021-10-15 00:00:00-04:00,65.0,65.69000244140625,64.94999694824219,65.12000274658203,49.69613265991211,1960600,0.0,0.0
2021-10-18 00:00:00-04:00,65.51000213623047,66.29000091552734,64.69000244140625,65.19000244140625,49.74956130981445,2919600,0.0,0.0
2021-10-19 00:00:00-04:00,65.44999694824219,65.7699966430664,64.83000183105469,65.13999938964844,49.711402893066406,1748100,0.0,0.0
2021-10-20 00:00:00-04:00,65.04000091552734,65.91999816894531,64.73999786376953,65.12999725341797,49.70376968383789,1702400,0.0,0.0
2021-10-21 00:00:00-04:00,64.80000305175781,65.23999786376953,63.599998474121094,64.30999755859375,49.07798385620117,3054700,0.0,0.0
2021-10-22 00:00:00-04:00,64.30999755859375,64.91999816894531,63.619998931884766,64.80999755859375,49.45956039428711,2285000,0.0,0.0
2021-10-25 00:00:00-04:00,65.38999938964844,65.98999786376953,65.19000244140625,65.87000274658203,50.268497467041016,1771900,0.0,0.0
2021-10-26 00:00:00-04:00,66.0,66.77999877929688,65.79000091552734,65.8499984741211,50.253231048583984,2060600,0.0,0.0
2021-10-27 00:00:00-04:00,65.44999694824219,65.93000030517578,64.97000122070312,65.20999908447266,49.764827728271484,1975300,0.0,0.0
2021-10-28 00:00:00-04:00,65.05000305175781,65.76000213623047,64.87999725341797,65.5,49.98612976074219,1744100,0.0,0.0
2021-10-29 00:00:00-04:00,64.55000305175781,64.70999908447266,63.279998779296875,63.619998931884766,49.2545166015625,2444400,0.935,0.0
2021-11-01 00:00:00-04:00,64.0,64.38999938964844,63.5,64.13999938964844,49.657100677490234,1637700,0.0,0.0
2021-11-02 00:00:00-04:00,64.0,64.55000305175781,63.630001068115234,64.06999969482422,49.6029052734375,3198000,0.0,0.0
2021-11-03 00:00:00-04:00,63.900001525878906,65.66000366210938,63.279998779296875,63.91999816894531,49.486778259277344,3246500,0.0,0.0
2021-11-04 00:00:00-04:00,64.70999908447266,64.97000122070312,62.630001068115234,63.439998626708984,49.11515808105469,2554100,0.0,0.0
2021-11-05 00:00:00-04:00,64.29000091552734,64.75,63.88999938964844,64.72000122070312,50.10612869262695,1851200,0.0,0.0
2021-11-08 00:00:00-05:00,65.29000091552734,65.5,64.5999984741211,64.87999725341797,50.22999954223633,2158100,0.0,0.0
2021-11-09 00:00:00-05:00,64.87000274658203,64.87999725341797,63.75,64.66999816894531,50.06742477416992,2397500,0.0,0.0
2021-11-10 00:00:00-05:00,64.31999969482422,64.83999633789062,62.040000915527344,62.86000061035156,48.66613006591797,2670400,0.0,0.0
2021-11-11 00:00:00-05:00,62.75,63.529998779296875,62.619998931884766,63.349998474121094,49.04548645019531,2068400,0.0,0.0
2021-11-12 00:00:00-05:00,62.90999984741211,63.349998474121094,62.5,63.09000015258789,48.84418869018555,1718700,0.0,0.0
2021-11-15 00:00:00-05:00,63.099998474121094,63.61000061035156,62.27000045776367,63.36000061035156,49.05322265625,2334500,0.0,0.0
2021-11-16 00:00:00-05:00,63.599998474121094,63.810001373291016,62.56999969482422,63.15999984741211,48.89838790893555,2006000,0.0,0.0
2021-11-17 00:00:00-05:00,62.79999923706055,64.06999969482422,62.7400016784668,63.5,49.161617279052734,2088400,0.0,0.0
2021-11-18 00:00:00-05:00,63.5,64.0,62.619998931884766,63.54999923706055,49.200321197509766,1785300,0.0,0.0
2021-11-19 00:00:00-05:00,62.45000076293945,62.88999938964844,61.209999084472656,61.380001068115234,47.52030944824219,2983700,0.0,0.0
2021-11-22 00:00:00-05:00,61.400001525878906,62.95000076293945,61.29999923706055,61.939998626708984,47.953857421875,3019500,0.0,0.0
2021-11-23 00:00:00-05:00,62.93000030517578,64.22000122070312,62.77000045776367,64.01000213623047,49.556453704833984,2375400,0.0,0.0
2021-11-24 00:00:00-05:00,63.70000076293945,64.91000366210938,63.52000045776367,64.80999755859375,50.175811767578125,2372700,0.0,0.0
2021-11-26 00:00:00-05:00,62.04999923706055,63.029998779296875,60.810001373291016,62.470001220703125,48.36418914794922,1911600,0.0,0.0
2021-11-29 00:00:00-05:00,63.720001220703125,63.86000061035156,62.20000076293945,62.459999084472656,48.3564567565918,2118900,0.0,0.0
2021-11-30 00:00:00-05:00,61.16999816894531,61.619998931884766,59.58000183105469,59.84000015258789,46.328041076660156,4330200,0.0,0.0
2021-12-01 00:00:00-05:00,61.5,61.790000915527344,58.630001068115234,58.650001525878906,45.40675735473633,2856100,0.0,0.0
2021-12-02 00:00:00-05:00,58.72999954223633,60.90999984741211,57.70000076293945,60.689998626708984,46.98611068725586,3848000,0.0,0.0
2021-12-03 00:00:00-05:00,61.380001068115234,61.720001220703125,59.52000045776367,60.0099983215332,46.45966339111328,2423700,0.0,0.0
2021-12-06 00:00:00-05:00,60.959999084472656,61.630001068115234,59.68000030517578,60.88999938964844,47.14095687866211,2168700,0.0,0.0
2021-12-07 00:00:00-05:00,61.939998626708984,63.369998931884766,61.75,62.68000030517578,48.52676773071289,3298700,0.0,0.0
2021-12-08 00:00:00-05:00,63.0,63.16999816894531,62.349998474121094,62.36000061035156,48.27902603149414,2056300,0.0,0.0
2021-12-09 00:00:00-05:00,61.81999969482422,62.18000030517578,61.400001525878906,61.72999954223633,47.791282653808594,1471300,0.0,0.0
2021-12-10 00:00:00-05:00,62.279998779296875,62.41999816894531,61.08000183105469,62.0,48.00032043457031,1662900,0.0,0.0
2021-12-13 00:00:00-05:00,61.470001220703125,61.59000015258789,59.86000061035156,60.20000076293945,46.60675048828125,2050600,0.0,0.0
2021-12-14 00:00:00-05:00,59.83000183105469,60.81999969482422,59.040000915527344,59.369998931884766,45.96417236328125,2727600,0.0,0.0
2021-12-15 00:00:00-05:00,59.349998474121094,59.970001220703125,57.97999954223633,59.560001373291016,46.11128234863281,2410000,0.0,0.0
2021-12-16 00:00:00-05:00,59.209999084472656,60.150001525878906,58.13999938964844,58.310001373291016,45.14352035522461,2954000,0.0,0.0
2021-12-17 00:00:00-05:00,58.130001068115234,58.45000076293945,56.83000183105469,57.849998474121094,44.787391662597656,5655300,0.0,0.0
2021-12-20 00:00:00-05:00,56.61000061035156,57.36000061035156,55.650001525878906,56.529998779296875,43.76544189453125,2770400,0.0,0.0
2021-12-21 00:00:00-05:00,57.25,58.2400016784668,57.25,57.90999984741211,44.83383560180664,2457600,0.0,0.0
2021-12-22 00:00:00-05:00,57.88999938964844,58.06999969482422,57.02000045776367,57.779998779296875,44.73320388793945,1471400,0.0,0.0
2021-12-23 00:00:00-05:00,58.189998626708984,58.599998474121094,58.0099983215332,58.02000045776367,44.91900634765625,1739400,0.0,0.0
2021-12-27 00:00:00-05:00,58.119998931884766,59.470001220703125,57.77000045776367,59.40999984741211,45.995147705078125,1485700,0.0,0.0
2021-12-28 00:00:00-05:00,59.400001525878906,59.75,58.849998474121094,59.400001525878906,45.987396240234375,1194700,0.0,0.0
2021-12-29 00:00:00-05:00,58.939998626708984,59.20000076293945,58.38999938964844,58.77000045776367,45.49964904785156,1358400,0.0,0.0
2021-12-30 00:00:00-05:00,58.75,59.04999923706055,58.439998626708984,58.47999954223633,45.2751350402832,1397500,0.0,0.0
2021-12-31 00:00:00-05:00,58.380001068115234,59.130001068115234,58.25,58.7599983215332,45.491912841796875,1202600,0.0,0.0
2022-01-03 00:00:00-05:00,58.959999084472656,60.08000183105469,58.790000915527344,59.9900016784668,46.44417190551758,2471500,0.0,0.0
2022-01-04 00:00:00-05:00,60.650001525878906,61.75,60.45000076293945,61.400001525878906,47.53580093383789,2813800,0.0,0.0
2022-01-05 00:00:00-05:00,62.04999923706055,62.29999923706055,60.540000915527344,60.63999938964844,46.947410583496094,2102200,0.0,0.0
2022-01-06 00:00:00-05:00,62.20000076293945,62.349998474121094,60.68000030517578,61.650001525878906,47.729347229003906,2449500,0.0,0.0
2022-01-07 00:00:00-05:00,61.650001525878906,62.560001373291016,61.400001525878906,62.459999084472656,48.3564567565918,2242800,0.0,0.0
2022-01-10 00:00:00-05:00,61.72999954223633,62.279998779296875,59.7599983215332,60.779998779296875,47.055789947509766,3083000,0.0,0.0
2022-01-11 00:00:00-05:00,61.18000030517578,62.54999923706055,60.400001525878906,62.47999954223633,48.3719367980957,3134700,0.0,0.0
2022-01-12 00:00:00-05:00,62.939998626708984,63.54999923706055,62.349998474121094,62.5,48.387413024902344,2538400,0.0,0.0
2022-01-13 00:00:00-05:00,62.5,63.04999923706055,61.43000030517578,61.650001525878906,47.729347229003906,2334800,0.0,0.0
2022-01-14 00:00:00-05:00,61.900001525878906,62.77000045776367,61.540000915527344,62.61000061035156,48.472572326660156,2879700,0.0,0.0
2022-01-18 00:00:00-05:00,63.0,63.099998474121094,60.619998931884766,61.41999816894531,47.5512809753418,2839700,0.0,0.0
2022-01-19 00:00:00-05:00,61.900001525878906,62.0,60.189998626708984,60.209999084472656,46.614505767822266,3220900,0.0,0.0
2022-01-20 00:00:00-05:00,59.79999923706055,61.16999816894531,59.2599983215332,59.38999938964844,45.97964859008789,2741400,0.0,0.0
2022-01-21 00:00:00-05:00,58.70000076293945,59.61000061035156,58.029998779296875,58.529998779296875,45.313838958740234,3172700,0.0,0.0
2022-01-24 00:00:00-05:00,57.119998931884766,58.84000015258789,55.54999923706055,58.630001068115234,45.39126968383789,5177700,0.0,0.0
2022-01-25 00:00:00-05:00,58.130001068115234,60.11000061035156,57.0,59.59000015258789,46.13449478149414,3243500,0.0,0.0
2022-01-26 00:00:00-05:00,60.56999969482422,61.63999938964844,59.15999984741211,59.849998474121094,46.335784912109375,3723100,0.0,0.0
2022-01-27 00:00:00-05:00,60.970001220703125,61.470001220703125,59.11000061035156,60.16999816894531,46.58353042602539,2875600,0.0,0.0
2022-01-28 00:00:00-05:00,59.099998474121094,59.349998474121094,57.560001373291016,59.290000915527344,46.62678527832031,2445700,0.935,0.0
2022-01-31 00:00:00-05:00,59.2400016784668,60.70000076293945,58.61000061035156,60.68000030517578,47.71990966796875,2795400,0.0,0.0
2022-02-01 00:00:00-05:00,60.130001068115234,62.0,59.70000076293945,61.869998931884766,48.65574264526367,2535600,0.0,0.0
2022-02-02 00:00:00-05:00,62.060001373291016,63.040000915527344,61.529998779296875,62.88999938964844,49.4578971862793,3809400,0.0,0.0
2022-02-03 00:00:00-05:00,62.209999084472656,62.58000183105469,61.43000030517578,62.06999969482422,48.81303405761719,2088100,0.0,0.0
2022-02-04 00:00:00-05:00,62.38999938964844,63.470001220703125,62.16999816894531,62.88999938964844,49.4578971862793,2908100,0.0,0.0
2022-02-07 00:00:00-05:00,62.88999938964844,63.849998474121094,62.470001220703125,63.2599983215332,49.748863220214844,2093600,0.0,0.0
2022-02-08 00:00:00-05:00,63.209999084472656,63.380001068115234,62.099998474121094,62.72999954223633,49.332061767578125,2047900,0.0,0.0
2022-02-09 00:00:00-05:00,63.08000183105469,64.2699966430664,62.90999984741211,63.63999938964844,50.04770278930664,2107300,0.0,0.0
2022-02-10 00:00:00-05:00,63.11000061035156,64.80000305175781,62.5099983215332,63.02000045776367,49.560123443603516,2470000,0.0,0.0
2022-02-11 00:00:00-05:00,63.369998931884766,64.5999984741211,62.939998626708984,64.51000213623047,50.731903076171875,2585000,0.0,0.0
2022-02-14 00:00:00-05:00,64.22000122070312,64.38999938964844,62.650001525878906,62.91999816894531,49.48148727416992,2465700,0.0,0.0
2022-02-15 00:00:00-05:00,62.31999969482422,63.060001373291016,62.02000045776367,62.43000030517578,49.09613800048828,1907800,0.0,0.0
2022-02-16 00:00:00-05:00,62.880001068115234,63.540000915527344,62.130001068115234,62.650001525878906,49.26915740966797,2081400,0.0,0.0
2022-02-17 00:00:00-05:00,62.65999984741211,63.060001373291016,62.060001373291016,62.599998474121094,49.229827880859375,1901000,0.0,0.0
2022-02-18 00:00:00-05:00,61.970001220703125,62.75,61.45000076293945,61.810001373291016,48.60856628417969,2304800,0.0,0.0
2022-02-22 00:00:00-05:00,63.08000183105469,63.119998931884766,59.22999954223633,60.15999984741211,47.31096649169922,2840600,0.0,0.0
2022-02-23 00:00:00-05:00,60.36000061035156,61.38999938964844,60.18000030517578,60.779998779296875,47.798545837402344,2303700,0.0,0.0
2022-02-24 00:00:00-05:00,61.13999938964844,61.63999938964844,59.63999938964844,61.529998779296875,48.38836669921875,3600200,0.0,0.0
2022-02-25 00:00:00-05:00,61.779998779296875,64.02999877929688,61.65999984741211,64.0,50.330810546875,3735800,0.0,0.0
2022-02-28 00:00:00-05:00,63.529998779296875,65.7300033569336,63.369998931884766,65.30000305175781,51.35316467285156,6241000,0.0,0.0
2022-03-01 00:00:00-05:00,65.7300033569336,65.7300033569336,62.91999816894531,63.81999969482422,50.189266204833984,4844000,0.0,0.0
2022-03-02 00:00:00-05:00,65.22000122070312,67.55000305175781,64.62000274658203,67.08999633789062,52.76084518432617,5726800,0.0,0.0
2022-03-03 00:00:00-05:00,67.0,68.06999969482422,66.54000091552734,67.70999908447266,53.24843215942383,3629800,0.0,0.0
2022-03-04 00:00:00-05:00,67.36000061035156,68.48999786376953,67.11000061035156,68.41999816894531,53.80678939819336,2857600,0.0,0.0
2022-03-07 00:00:00-05:00,69.0,69.9000015258789,67.11000061035156,68.51000213623047,53.87757110595703,3256700,0.0,0.0
2022-03-08 00:00:00-05:00,69.55000305175781,69.9000015258789,66.31999969482422,66.73999786376953,52.48561477661133,3854400,0.0,0.0
2022-03-09 00:00:00-05:00,66.13999938964844,67.7300033569336,65.30999755859375,66.61000061035156,52.38337707519531,3065900,0.0,0.0
2022-03-10 00:00:00-05:00,66.80999755859375,67.81999969482422,66.5999984741211,67.51000213623047,53.09115219116211,2053200,0.0,0.0
2022-03-11 00:00:00-05:00,67.41999816894531,67.94000244140625,66.0199966430664,66.05999755859375,51.95083999633789,3287500,0.0,0.0
2022-03-14 00:00:00-04:00,65.36000061035156,66.44999694824219,63.459999084472656,64.5199966430664,50.739749908447266,4108800,0.0,0.0
2022-03-15 00:00:00-04:00,63.33000183105469,64.55999755859375,62.20000076293945,64.26000213623047,50.5352897644043,3613000,0.0,0.0
2022-03-16 00:00:00-04:00,64.47000122070312,64.86000061035156,63.2400016784668,64.66000366210938,50.849857330322266,3201400,0.0,0.0
2022-03-17 00:00:00-04:00,65.5,67.0999984741211,65.11000061035156,66.86000061035156,52.57997512817383,2924800,0.0,0.0
2022-03-18 00:00:00-04:00,67.0199966430664,67.41000366210938,66.43000030517578,67.0,52.69007873535156,8652800,0.0,0.0
2022-03-21 00:00:00-04:00,68.0,68.80000305175781,67.61000061035156,68.5199966430664,53.88542175292969,2197500,0.0,0.0
2022-03-22 00:00:00-04:00,68.37000274658203,68.7699966430664,67.62999725341797,68.30000305175781,53.71242141723633,1873500,0.0,0.0
2022-03-23 00:00:00-04:00,68.98999786376953,69.56999969482422,68.73999786376953,68.97000122070312,54.23932647705078,1957000,0.0,0.0
2022-03-24 00:00:00-04:00,69.43000030517578,71.0,69.36000061035156,70.43000030517578,55.38748550415039,3036700,0.0,0.0
2022-03-25 00:00:00-04:00,70.43000030517578,72.33999633789062,70.36000061035156,72.2699966430664,56.834503173828125,2310400,0.0,0.0
2022-03-28 00:00:00-04:00,71.0,71.38999938964844,70.54000091552734,71.04000091552734,55.86720657348633,1877300,0.0,0.0
2022-03-29 00:00:00-04:00,69.83999633789062,71.36000061035156,69.52999877929688,71.23999786376953,56.02448272705078,2140600,0.0,0.0
2022-03-30 00:00:00-04:00,71.75,72.16000366210938,71.18000030517578,71.70999908447266,56.39411544799805,1749900,0.0,0.0
2022-03-31 00:00:00-04:00,71.4000015258789,72.37000274658203,70.58000183105469,70.62999725341797,55.54476547241211,2834200,0.0,0.0
2022-04-01 00:00:00-04:00,70.75,71.91999816894531,70.63999938964844,71.43000030517578,56.17391586303711,2048900,0.0,0.0
2022-04-04 00:00:00-04:00,71.7699966430664,71.94999694824219,70.91000366210938,71.16999816894531,55.96943283081055,1749900,0.0,0.0
2022-04-05 00:00:00-04:00,71.44999694824219,71.91999816894531,69.77999877929688,69.83999633789062,54.923500061035156,2174200,0.0,0.0
2022-04-06 00:00:00-04:00,70.1500015258789,71.44000244140625,69.55000305175781,70.80000305175781,55.67847442626953,2193000,0.0,0.0
2022-04-07 00:00:00-04:00,71.0,71.4000015258789,69.58000183105469,70.88999938964844,55.74924850463867,1747200,0.0,0.0
2022-04-08 00:00:00-04:00,71.19000244140625,71.7699966430664,70.6500015258789,71.61000061035156,56.31547164916992,1907800,0.0,0.0
2022-04-11 00:00:00-04:00,71.0,71.31999969482422,69.95999908447266,70.26000213623047,55.2537956237793,2086600,0.0,0.0
2022-04-12 00:00:00-04:00,70.63999938964844,71.83000183105469,70.62999725341797,70.80999755859375,55.68632888793945,1661900,0.0,0.0
2022-04-13 00:00:00-04:00,71.33999633789062,71.87000274658203,70.63999938964844,71.30000305175781,56.07168960571289,1582500,0.0,0.0
2022-04-14 00:00:00-04:00,71.29000091552734,71.83999633789062,70.86000061035156,71.30000305175781,56.07168960571289,1702500,0.0,0.0
2022-04-18 00:00:00-04:00,71.7699966430664,73.37999725341797,71.26000213623047,72.5,57.01537322998047,4433700,0.0,0.0
2022-04-19 00:00:00-04:00,72.08000183105469,73.06999969482422,71.91999816894531,72.16999816894531,56.755855560302734,2317000,0.0,0.0
2022-04-20 00:00:00-04:00,72.5999984741211,73.86000061035156,72.38999938964844,73.62000274658203,57.89617156982422,2423200,0.0,0.0
2022-04-21 00:00:00-04:00,74.0,75.06999969482422,71.33999633789062,71.47000122070312,56.20537185668945,3750700,0.0,0.0
2022-04-22 00:00:00-04:00,71.29000091552734,71.44999694824219,69.19999694824219,69.27999877929688,54.48310852050781,3336600,0.0,0.0
2022-04-25 00:00:00-04:00,67.55000305175781,67.62999725341797,64.4000015258789,66.30000305175781,52.13958740234375,3516200,0.0,0.0
2022-04-26 00:00:00-04:00,66.63999938964844,67.19000244140625,65.2699966430664,65.2699966430664,51.329566955566406,2357300,0.0,0.0
2022-04-27 00:00:00-04:00,65.5,66.4000015258789,64.8499984741211,65.5,51.51044464111328,2383300,0.0,0.0
2022-04-28 00:00:00-04:00,65.95999908447266,67.3499984741211,64.94000244140625,66.91999816894531,52.62715148925781,2390600,0.0,0.0
2022-04-29 00:00:00-04:00,66.1500015258789,66.4800033569336,63.13999938964844,63.33000183105469,50.50963592529297,2719000,0.935,0.0
2022-05-02 00:00:00-04:00,63.150001525878906,63.9900016784668,62.33000183105469,63.869998931884766,50.940311431884766,2797900,0.0,0.0
2022-05-03 00:00:00-04:00,63.869998931884766,65.56999969482422,63.869998931884766,65.12000274658203,51.93727111816406,2992800,0.0,0.0
2022-05-04 00:00:00-04:00,65.97000122070312,67.70999908447266,64.69000244140625,67.3499984741211,53.7158317565918,3503500,0.0,0.0
2022-05-05 00:00:00-04:00,67.56999969482422,67.56999969482422,63.0099983215332,64.05000305175781,51.08388137817383,4076600,0.0,0.0
2022-05-06 00:00:00-04:00,64.52999877929688,65.66000366210938,62.70000076293945,65.5999984741211,52.320098876953125,2773400,0.0,0.0
2022-05-09 00:00:00-04:00,64.37999725341797,64.58999633789062,61.380001068115234,61.709999084472656,49.21757888793945,3943900,0.0,0.0
2022-05-10 00:00:00-04:00,62.349998474121094,64.16000366210938,61.52000045776367,62.47999954223633,49.83169937133789,3712600,0.0,0.0
2022-05-11 00:00:00-04:00,63.209999084472656,64.97000122070312,61.599998474121094,61.779998779296875,49.273414611816406,2903700,0.0,0.0
2022-05-12 00:00:00-04:00,61.91999816894531,63.060001373291016,61.349998474121094,62.790000915527344,50.07895278930664,2651600,0.0,0.0
2022-05-13 00:00:00-04:00,63.83000183105469,64.97000122070312,63.59000015258789,64.6500015258789,51.562416076660156,2148900,0.0,0.0
2022-05-16 00:00:00-04:00,64.81999969482422,65.83999633789062,64.7699966430664,65.19000244140625,51.993106842041016,1935900,0.0,0.0
2022-05-17 00:00:00-04:00,65.87999725341797,66.75,65.05000305175781,66.56999969482422,53.09374237060547,2398700,0.0,0.0
2022-05-18 00:00:00-04:00,66.8499984741211,66.87000274658203,64.06999969482422,64.79000091552734,51.67407989501953,2552300,0.0,0.0
2022-05-19 00:00:00-04:00,63.40999984741211,64.55000305175781,62.959999084472656,63.290000915527344,50.47772979736328,2294800,0.0,0.0
2022-05-20 00:00:00-04:00,63.79999923706055,64.06999969482422,62.13999938964844,63.540000915527344,50.6771240234375,2212300,0.0,0.0
2022-05-23 00:00:00-04:00,64.18000030517578,64.31999969482422,63.22999954223633,63.560001373291016,50.69307327270508,2407700,0.0,0.0
2022-05-24 00:00:00-04:00,63.13999938964844,63.880001068115234,62.189998626708984,63.72999954223633,50.82865524291992,2199900,0.0,0.0
2022-05-25 00:00:00-04:00,63.88999938964844,65.20999908447266,63.79999923706055,65.13999938964844,51.953224182128906,3153200,0.0,0.0
2022-05-26 00:00:00-04:00,65.5999984741211,66.2300033569336,65.41000366210938,65.81999969482422,52.495567321777344,1820900,0.0,0.0
2022-05-27 00:00:00-04:00,65.61000061035156,67.0999984741211,65.37999725341797,67.05000305175781,53.4765625,1752700,0.0,0.0
2022-05-31 00:00:00-04:00,67.41000366210938,67.8499984741211,65.45999908447266,65.8499984741211,52.519500732421875,5397500,0.0,0.0
2022-06-01 00:00:00-04:00,66.3499984741211,67.38999938964844,65.33000183105469,66.8499984741211,53.31705856323242,2558000,0.0,0.0
2022-06-02 00:00:00-04:00,66.5199966430664,67.6500015258789,66.29000091552734,67.41000366210938,53.76368713378906,1715100,0.0,0.0
2022-06-03 00:00:00-04:00,67.4000015258789,67.66000366210938,66.80000305175781,67.2699966430664,53.652015686035156,1539900,0.0,0.0
2022-06-06 00:00:00-04:00,67.70999908447266,67.88999938964844,66.83999633789062,67.13999938964844,53.548343658447266,1525600,0.0,0.0
2022-06-07 00:00:00-04:00,66.9000015258789,69.16999816894531,66.76000213623047,69.13999938964844,55.143470764160156,2094000,0.0,0.0
2022-06-08 00:00:00-04:00,68.95999908447266,69.72000122070312,68.02999877929688,68.48999786376953,54.62506866455078,1976400,0.0,0.0
2022-06-09 00:00:00-04:00,68.23999786376953,68.33000183105469,66.12000274658203,66.19000244140625,52.79066848754883,1747700,0.0,0.0
2022-06-10 00:00:00-04:00,65.0,65.5199966430664,63.849998474121094,64.73999786376953,51.63419723510742,2587700,0.0,0.0
2022-06-13 00:00:00-04:00,63.0,63.099998474121094,60.33000183105469,61.099998474121094,48.73106384277344,3858800,0.0,0.0
2022-06-14 00:00:00-04:00,61.45000076293945,62.15999984741211,59.689998626708984,60.38999938964844,48.164798736572266,2810400,0.0,0.0
2022-06-15 00:00:00-04:00,60.41999816894531,61.08000183105469,58.2599983215332,59.689998626708984,47.60649871826172,3090600,0.0,0.0
2022-06-16 00:00:00-04:00,58.04999923706055,58.310001373291016,55.38999938964844,55.72999954223633,44.44816207885742,4979100,0.0,0.0
2022-06-17 00:00:00-04:00,55.58000183105469,56.16999816894531,52.349998474121094,53.38999938964844,42.58186340332031,8283500,0.0,0.0
2022-06-21 00:00:00-04:00,54.7400016784668,56.08000183105469,54.369998931884766,55.540000915527344,44.29662322998047,3820300,0.0,0.0
2022-06-22 00:00:00-04:00,53.41999816894531,54.790000915527344,52.720001220703125,53.81999969482422,42.92481994628906,3740800,0.0,0.0
2022-06-23 00:00:00-04:00,54.13999938964844,54.31999969482422,52.189998626708984,53.310001373291016,42.51805877685547,3352200,0.0,0.0
2022-06-24 00:00:00-04:00,54.16999816894531,55.02000045776367,53.54999923706055,54.56999969482422,43.522987365722656,4258300,0.0,0.0
2022-06-27 00:00:00-04:00,55.099998474121094,57.08000183105469,55.099998474121094,56.66999816894531,45.19786834716797,3580600,0.0,0.0
2022-06-28 00:00:00-04:00,57.869998931884766,58.900001525878906,56.689998626708984,56.97999954223633,45.44511413574219,3288000,0.0,0.0
2022-06-29 00:00:00-04:00,57.83000183105469,57.900001525878906,55.79999923706055,56.130001068115234,44.767181396484375,2572300,0.0,0.0
2022-06-30 00:00:00-04:00,55.0,56.060001373291016,54.650001525878906,55.5,44.26472473144531,3841700,0.0,0.0
2022-07-01 00:00:00-04:00,55.849998474121094,57.0,54.439998626708984,56.75,45.26167297363281,3130800,0.0,0.0
2022-07-05 00:00:00-04:00,55.529998779296875,55.59000015258789,53.27000045776367,55.099998474121094,43.9456901550293,3492400,0.0,0.0
2022-07-06 00:00:00-04:00,54.380001068115234,55.560001373291016,52.959999084472656,54.22999954223633,43.25181198120117,4450000,0.0,0.0
2022-07-07 00:00:00-04:00,55.40999984741211,56.84000015258789,55.40999984741211,56.5099983215332,45.07025909423828,2539800,0.0,0.0
2022-07-08 00:00:00-04:00,56.84000015258789,57.400001525878906,55.77000045776367,56.81999969482422,45.3175048828125,2253600,0.0,0.0
2022-07-11 00:00:00-04:00,55.97999954223633,56.06999969482422,54.59000015258789,55.779998779296875,44.488040924072266,2911900,0.0,0.0
2022-07-12 00:00:00-04:00,54.689998626708984,55.5,54.189998626708984,55.0,43.865936279296875,2159300,0.0,0.0
2022-07-13 00:00:00-04:00,54.0,55.61000061035156,54.0,55.029998779296875,43.889862060546875,1857500,0.0,0.0
2022-07-14 00:00:00-04:00,53.36000061035156,54.93000030517578,52.7599983215332,54.849998474121094,43.74630355834961,3525100,0.0,0.0
2022-07-15 00:00:00-04:00,55.97999954223633,56.11000061035156,54.970001220703125,55.70000076293945,44.424232482910156,1963400,0.0,0.0
2022-07-18 00:00:00-04:00,56.5,57.400001525878906,56.43000030517578,56.959999084472656,45.429161071777344,2211400,0.0,0.0
2022-07-19 00:00:00-04:00,57.0,58.650001525878906,57.0,58.36000061035156,46.54574203491211,2111200,0.0,0.0
2022-07-20 00:00:00-04:00,58.029998779296875,58.88999938964844,57.470001220703125,58.43000030517578,46.60157775878906,2065900,0.0,0.0
2022-07-21 00:00:00-04:00,56.939998626708984,58.40999984741211,56.22999954223633,58.400001525878906,46.57765197753906,2752200,0.0,0.0
2022-07-22 00:00:00-04:00,58.83000183105469,59.279998779296875,57.58000183105469,57.9900016784668,46.25065231323242,1474500,0.0,0.0
2022-07-25 00:00:00-04:00,58.599998474121094,59.290000915527344,57.880001068115234,59.13999938964844,47.167850494384766,2579900,0.0,0.0
2022-07-26 00:00:00-04:00,59.619998931884766,60.400001525878906,59.369998931884766,60.040000915527344,47.88565444946289,2589200,0.0,0.0
2022-07-27 00:00:00-04:00,60.369998931884766,60.54999923706055,59.43000030517578,60.290000915527344,48.085044860839844,2144100,0.0,0.0
2022-07-28 00:00:00-04:00,60.880001068115234,60.970001220703125,59.2599983215332,60.369998931884766,48.14885330200195,2203700,0.0,0.0
2022-07-29 00:00:00-04:00,60.11000061035156,60.56999969482422,59.470001220703125,59.7400016784668,48.39593505859375,2843700,0.935,0.0
2022-08-01 00:00:00-04:00,58.9900016784668,59.400001525878906,57.849998474121094,59.119998931884766,47.8936653137207,2314700,0.0,0.0
2022-08-02 00:00:00-04:00,58.9900016784668,59.29999923706055,57.56999969482422,58.810001373291016,47.64252853393555,3496500,0.0,0.0
2022-08-03 00:00:00-04:00,59.29999923706055,59.70000076293945,58.29999923706055,58.97999954223633,47.780250549316406,2370800,0.0,0.0
2022-08-04 00:00:00-04:00,58.619998931884766,58.619998931884766,57.529998779296875,57.619998931884766,46.678497314453125,2583600,0.0,0.0
2022-08-05 00:00:00-04:00,57.20000076293945,58.72999954223633,56.75,58.54999923706055,47.4318962097168,2365700,0.0,0.0
2022-08-08 00:00:00-04:00,58.779998779296875,60.060001373291016,58.779998779296875,59.209999084472656,47.96657180786133,2631300,0.0,0.0
2022-08-09 00:00:00-04:00,59.56999969482422,61.59000015258789,59.5,61.380001068115234,49.72451400756836,3121200,0.0,0.0
2022-08-10 00:00:00-04:00,61.95000076293945,62.459999084472656,61.22999954223633,62.2599983215332,50.43740463256836,2251600,0.0,0.0
2022-08-11 00:00:00-04:00,63.2400016784668,65.41000366210938,62.959999084472656,64.95999908447266,52.62470245361328,3234900,0.0,0.0
2022-08-12 00:00:00-04:00,64.72000122070312,64.9000015258789,64.13999938964844,64.3499984741211,52.130531311035156,2113700,0.0,0.0
2022-08-15 00:00:00-04:00,62.84000015258789,63.790000915527344,62.29999923706055,63.47999954223633,51.425743103027344,1934000,0.0,0.0
2022-08-16 00:00:00-04:00,63.650001525878906,64.04000091552734,63.029998779296875,63.29999923706055,51.27991485595703,1840600,0.0,0.0
2022-08-17 00:00:00-04:00,62.91999816894531,63.630001068115234,62.29999923706055,62.959999084472656,51.00448989868164,1828900,0.0,0.0
2022-08-18 00:00:00-04:00,63.43000030517578,64.37999725341797,63.43000030517578,64.30000305175781,52.090030670166016,1739100,0.0,0.0
2022-08-19 00:00:00-04:00,64.11000061035156,64.36000061035156,63.720001220703125,63.95000076293945,51.80649185180664,1478200,0.0,0.0
2022-08-22 00:00:00-04:00,63.459999084472656,63.81999969482422,62.91999816894531,63.5,51.44194793701172,1954500,0.0,0.0
2022-08-23 00:00:00-04:00,64.29000091552734,65.33999633789062,64.16000366210938,64.80000305175781,52.495086669921875,2008000,0.0,0.0
2022-08-24 00:00:00-04:00,64.91000366210938,66.27999877929688,64.66000366210938,66.11000061035156,53.556331634521484,2441500,0.0,0.0
2022-08-25 00:00:00-04:00,66.41999816894531,66.86000061035156,65.98999786376953,66.6500015258789,53.99379348754883,1928400,0.0,0.0
2022-08-26 00:00:00-04:00,66.6500015258789,66.83000183105469,64.83999633789062,64.83999633789062,52.52749252319336,1650700,0.0,0.0
2022-08-29 00:00:00-04:00,64.55000305175781,65.31999969482422,64.19999694824219,64.5,52.25205612182617,1475900,0.0,0.0
2022-08-30 00:00:00-04:00,63.72999954223633,63.72999954223633,62.88999938964844,63.029998779296875,51.06119155883789,1848400,0.0,0.0
2022-08-31 00:00:00-04:00,61.90999984741211,62.599998474121094,61.02000045776367,61.22999954223633,49.60299301147461,3672200,0.0,0.0
2022-09-01 00:00:00-04:00,60.529998779296875,60.560001373291016,58.93000030517578,59.52000045776367,48.217708587646484,2535700,0.0,0.0
2022-09-02 00:00:00-04:00,60.95000076293945,61.560001373291016,60.16999816894531,60.54999923706055,49.0521240234375,2502900,0.0,0.0
2022-09-06 00:00:00-04:00,61.130001068115234,61.220001220703125,59.369998931884766,59.560001373291016,48.2501220703125,1947200,0.0,0.0
2022-09-07 00:00:00-04:00,58.77000045776367,60.54999923706055,58.36000061035156,60.380001068115234,48.91440963745117,1898100,0.0,0.0
2022-09-08 00:00:00-04:00,60.36000061035156,61.349998474121094,60.04999923706055,61.310001373291016,49.66781234741211,1687000,0.0,0.0
2022-09-09 00:00:00-04:00,62.22999954223633,62.77000045776367,61.79999923706055,62.4900016784668,50.623741149902344,1352900,0.0,0.0
2022-09-12 00:00:00-04:00,63.220001220703125,64.12999725341797,62.77000045776367,63.869998931884766,51.74168014526367,1572600,0.0,0.0
2022-09-13 00:00:00-04:00,62.560001373291016,63.310001373291016,61.310001373291016,61.68000030517578,49.96754837036133,3225200,0.0,0.0
2022-09-14 00:00:00-04:00,62.16999816894531,63.970001220703125,62.15999984741211,63.439998626708984,51.393333435058594,3735100,0.0,0.0
2022-09-15 00:00:00-04:00,62.279998779296875,63.619998931884766,62.06999969482422,62.459999084472656,50.59942626953125,2628800,0.0,0.0
2022-09-16 00:00:00-04:00,62.06999969482422,62.209999084472656,59.5,60.220001220703125,48.784786224365234,5467300,0.0,0.0
2022-09-19 00:00:00-04:00,58.75,60.900001525878906,58.72999954223633,60.900001525878906,49.335670471191406,1851900,0.0,0.0
2022-09-20 00:00:00-04:00,60.540000915527344,60.599998474121094,59.060001373291016,59.70000076293945,48.363529205322266,1999400,0.0,0.0
2022-09-21 00:00:00-04:00,60.709999084472656,60.790000915527344,58.41999816894531,58.43000030517578,47.334686279296875,2874500,0.0,0.0
2022-09-22 00:00:00-04:00,59.09000015258789,59.130001068115234,57.59000015258789,57.619998931884766,46.678497314453125,2168900,0.0,0.0
2022-09-23 00:00:00-04:00,55.720001220703125,55.7599983215332,51.880001068115234,52.7599983215332,42.741371154785156,4643700,0.0,0.0
2022-09-26 00:00:00-04:00,52.439998626708984,52.7599983215332,50.5,50.58000183105469,40.97533416748047,3765800,0.0,0.0
2022-09-27 00:00:00-04:00,51.59000015258789,52.36000061035156,50.560001373291016,50.97999954223633,41.29937744140625,3008300,0.0,0.0
2022-09-28 00:00:00-04:00,51.400001525878906,53.130001068115234,50.88999938964844,52.939998626708984,42.88718795776367,3812400,0.0,0.0
2022-09-29 00:00:00-04:00,52.439998626708984,52.439998626708984,50.75,51.97999954223633,42.10948181152344,3203500,0.0,0.0
2022-09-30 00:00:00-04:00,51.81999969482422,52.27000045776367,51.029998779296875,51.2400016784668,41.510009765625,3877200,0.0,0.0
2022-10-03 00:00:00-04:00,52.95000076293945,53.849998474121094,52.720001220703125,53.54999923706055,43.38136291503906,2579100,0.0,0.0
2022-10-04 00:00:00-04:00,54.56999969482422,56.380001068115234,54.34000015258789,56.31999969482422,45.62535858154297,2758500,0.0,0.0
2022-10-05 00:00:00-04:00,55.810001373291016,56.959999084472656,55.04999923706055,56.52000045776367,45.787384033203125,2367200,0.0,0.0
2022-10-06 00:00:00-04:00,55.97999954223633,57.290000915527344,55.38999938964844,55.630001068115234,45.06638717651367,2246000,0.0,0.0
2022-10-07 00:00:00-04:00,55.529998779296875,55.63999938964844,53.95000076293945,54.529998779296875,44.17525863647461,3595600,0.0,0.0
2022-10-10 00:00:00-04:00,54.43000030517578,55.4900016784668,53.18000030517578,53.290000915527344,43.17072296142578,1921800,0.0,0.0
2022-10-11 00:00:00-04:00,52.65999984741211,54.43000030517578,52.61000061035156,53.59000015258789,43.41375732421875,2358100,0.0,0.0
2022-10-12 00:00:00-04:00,53.08000183105469,53.75,52.470001220703125,53.459999084472656,43.30844497680664,1683800,0.0,0.0
2022-10-13 00:00:00-04:00,52.880001068115234,55.900001525878906,52.619998931884766,55.68000030517578,45.10688781738281,2243700,0.0,0.0
2022-10-14 00:00:00-04:00,55.40999984741211,56.08000183105469,53.7400016784668,54.06999969482422,43.80261993408203,2710600,0.0,0.0
2022-10-17 00:00:00-04:00,54.72999954223633,55.439998626708984,54.599998474121094,54.79999923706055,44.39398956298828,2576200,0.0,0.0
2022-10-18 00:00:00-04:00,55.56999969482422,56.380001068115234,54.880001068115234,55.66999816894531,45.09878921508789,2224700,0.0,0.0
2022-10-19 00:00:00-04:00,55.459999084472656,56.06999969482422,54.939998626708984,55.13999938964844,44.66943359375,2938300,0.0,0.0
2022-10-20 00:00:00-04:00,55.119998931884766,55.900001525878906,54.4900016784668,55.06999969482422,44.61271667480469,2697500,0.0,0.0
2022-10-21 00:00:00-04:00,55.43000030517578,56.72999954223633,54.75,56.599998474121094,45.8521842956543,2343400,0.0,0.0
2022-10-24 00:00:00-04:00,56.959999084472656,57.0,55.939998626708984,56.310001373291016,45.61725616455078,2228300,0.0,0.0
2022-10-25 00:00:00-04:00,56.150001525878906,57.650001525878906,55.880001068115234,57.59000015258789,46.654205322265625,1930600,0.0,0.0
2022-10-26 00:00:00-04:00,57.88999938964844,58.869998931884766,57.72999954223633,58.439998626708984,47.342796325683594,2663300,0.0,0.0
2022-10-27 00:00:00-04:00,59.41999816894531,59.630001068115234,58.709999084472656,58.900001525878906,47.7154426574707,2454700,0.0,0.0
2022-10-28 00:00:00-04:00,59.470001220703125,59.77000045776367,58.16999816894531,59.720001220703125,48.379737854003906,2544000,0.0,0.0
2022-10-31 00:00:00-04:00,58.560001373291016,59.63999938964844,58.310001373291016,59.31999969482422,48.82003402709961,2481000,0.935,0.0
2022-11-01 00:00:00-04:00,60.0,60.470001220703125,59.689998626708984,60.060001373291016,49.429054260253906,2505000,0.0,0.0
2022-11-02 00:00:00-04:00,60.25,61.20000076293945,58.91999816894531,59.060001373291016,48.60606002807617,3658200,0.0,0.0
2022-11-03 00:00:00-04:00,58.720001220703125,59.720001220703125,57.84000015258789,59.29999923706055,48.8035774230957,2100000,0.0,0.0
2022-11-04 00:00:00-04:00,60.369998931884766,61.04999923706055,59.04999923706055,60.7400016784668,49.98868179321289,2976700,0.0,0.0
2022-11-07 00:00:00-05:00,61.18000030517578,61.880001068115234,60.439998626708984,61.86000061035156,50.910438537597656,2129500,0.0,0.0
2022-11-08 00:00:00-05:00,61.939998626708984,62.900001525878906,61.400001525878906,62.65999984741211,51.56882858276367,2090300,0.0,0.0
2022-11-09 00:00:00-05:00,62.27000045776367,62.349998474121094,60.75,60.86000061035156,50.08744812011719,3000600,0.0,0.0
2022-11-10 00:00:00-05:00,62.5,63.45000076293945,62.02000045776367,63.400001525878906,52.17784881591797,2627200,0.0,0.0
2022-11-11 00:00:00-05:00,64.0999984741211,64.98999786376953,63.619998931884766,64.6500015258789,53.20659255981445,2695700,0.0,0.0
2022-11-14 00:00:00-05:00,64.87000274658203,65.80000305175781,64.31999969482422,64.37999725341797,52.98439025878906,2393600,0.0,0.0
2022-11-15 00:00:00-05:00,64.83999633789062,65.88999938964844,64.37999725341797,65.25,53.70038986206055,2267000,0.0,0.0
2022-11-16 00:00:00-05:00,64.73999786376953,65.22000122070312,64.1500015258789,64.70999908447266,53.2559814453125,1586300,0.0,0.0
2022-11-17 00:00:00-05:00,63.709999084472656,63.790000915527344,62.5,63.599998474121094,52.34244918823242,1862000,0.0,0.0
2022-11-18 00:00:00-05:00,63.209999084472656,64.51000213623047,62.75,64.47000122070312,53.05845260620117,3050800,0.0,0.0
2022-11-21 00:00:00-05:00,63.72999954223633,63.810001373291016,61.61000061035156,63.20000076293945,52.01325225830078,2594400,0.0,0.0
2022-11-22 00:00:00-05:00,64.18000030517578,65.62000274658203,63.91999816894531,65.41999816894531,53.84029769897461,4121000,0.0,0.0
2022-11-23 00:00:00-05:00,64.76000213623047,65.91000366210938,64.5199966430664,65.62000274658203,54.00489807128906,1558400,0.0,0.0
2022-11-25 00:00:00-05:00,65.75,66.11000061035156,65.30999755859375,65.41999816894531,53.84029769897461,757200,0.0,0.0
2022-11-28 00:00:00-05:00,64.12000274658203,64.79000091552734,63.68000030517578,63.720001220703125,52.44121551513672,1680400,0.0,0.0
2022-11-29 00:00:00-05:00,64.30000305175781,65.12000274658203,64.08000183105469,64.91000366210938,53.42057418823242,2158700,0.0,0.0
2022-11-30 00:00:00-05:00,65.33000183105469,67.5,64.8499984741211,66.91999816894531,55.074790954589844,6810700,0.0,0.0
2022-12-01 00:00:00-05:00,67.38999938964844,68.16999816894531,66.94999694824219,67.19999694824219,55.30522537231445,2824900,0.0,0.0
2022-12-02 00:00:00-05:00,66.52999877929688,67.55999755859375,66.30000305175781,67.19999694824219,55.30522537231445,1883900,0.0,0.0
2022-12-05 00:00:00-05:00,67.45999908447266,67.58000183105469,64.8499984741211,65.30999755859375,53.7497673034668,2261500,0.0,0.0
2022-12-06 00:00:00-05:00,65.19000244140625,65.8499984741211,63.06999969482422,63.599998474121094,52.34244918823242,2240100,0.0,0.0
2022-12-07 00:00:00-05:00,63.56999969482422,64.5,63.310001373291016,63.849998474121094,52.548194885253906,1793200,0.0,0.0
2022-12-08 00:00:00-05:00,64.76000213623047,65.05999755859375,63.52000045776367,64.12000274658203,52.77040481567383,2397500,0.0,0.0
2022-12-09 00:00:00-05:00,63.720001220703125,64.81999969482422,63.5,63.54999923706055,52.301307678222656,2060500,0.0,0.0
2022-12-12 00:00:00-05:00,63.91999816894531,65.9800033569336,63.810001373291016,65.94999694824219,54.276485443115234,2751900,0.0,0.0
2022-12-13 00:00:00-05:00,67.19999694824219,67.77999877929688,66.13999938964844,66.95999908447266,55.10770797729492,2993200,0.0,0.0
2022-12-14 00:00:00-05:00,67.08000183105469,67.5199966430664,66.27999877929688,66.58999633789062,54.80319595336914,2410600,0.0,0.0
2022-12-15 00:00:00-05:00,65.9000015258789,65.9000015258789,64.19999694824219,64.68000030517578,53.231285095214844,2176900,0.0,0.0
2022-12-16 00:00:00-05:00,63.77000045776367,64.81999969482422,63.16999816894531,64.48999786376953,53.074913024902344,5863800,0.0,0.0
2022-12-19 00:00:00-05:00,64.75,65.0999984741211,63.029998779296875,63.369998931884766,52.15316390991211,2117000,0.0,0.0
2022-12-20 00:00:00-05:00,63.29999923706055,63.849998474121094,62.95000076293945,63.5,52.260154724121094,2952100,0.0,0.0
2022-12-21 00:00:00-05:00,64.4000015258789,65.33000183105469,64.05000305175781,65.01000213623047,53.50288009643555,2099300,0.0,0.0
2022-12-22 00:00:00-05:00,64.63999938964844,64.79000091552734,62.66999816894531,64.11000061035156,52.76218032836914,1973700,0.0,0.0
2022-12-23 00:00:00-05:00,64.36000061035156,65.58000183105469,64.29000091552734,65.55999755859375,53.95552444458008,1419800,0.0,0.0
2022-12-27 00:00:00-05:00,65.77999877929688,66.33999633789062,65.43000030517578,66.08999633789062,54.39169692993164,1566700,0.0,0.0
2022-12-28 00:00:00-05:00,66.0199966430664,66.08999633789062,64.31999969482422,64.51000213623047,53.09137725830078,1298700,0.0,0.0
2022-12-29 00:00:00-05:00,64.44999694824219,66.33000183105469,64.2300033569336,65.94999694824219,54.276485443115234,1276400,0.0,0.0
2022-12-30 00:00:00-05:00,65.55000305175781,65.93000030517578,65.20999908447266,65.69999694824219,54.07073211669922,1921600,0.0,0.0
2023-01-03 00:00:00-05:00,65.63999938964844,65.91999816894531,63.2599983215332,63.939998626708984,52.62227249145508,2847900,0.0,0.0
2023-01-04 00:00:00-05:00,63.34000015258789,64.93000030517578,63.2400016784668,64.44000244140625,53.03376007080078,2833900,0.0,0.0
2023-01-05 00:00:00-05:00,64.05000305175781,65.2300033569336,63.7599983215332,64.83000183105469,53.354736328125,2319100,0.0,0.0
2023-01-06 00:00:00-05:00,65.75,67.0199966430664,65.62999725341797,66.56999969482422,54.7867431640625,1968700,0.0,0.0
2023-01-09 00:00:00-05:00,67.41000366210938,68.04000091552734,67.02999877929688,67.69000244140625,55.70849609375,2321500,0.0,0.0
2023-01-10 00:00:00-05:00,68.33999633789062,69.37999725341797,67.45999908447266,69.30999755859375,57.041744232177734,2697000,0.0,0.0
2023-01-11 00:00:00-05:00,69.70999908447266,70.23999786376953,69.08999633789062,70.08999633789062,57.68368911743164,2565200,0.0,0.0
2023-01-12 00:00:00-05:00,70.43000030517578,71.38999938964844,69.94000244140625,70.93000030517578,58.375,2537300,0.0,0.0
2023-01-13 00:00:00-05:00,70.70999908447266,70.94000244140625,70.19999694824219,70.83000183105469,58.292694091796875,1598300,0.0,0.0
2023-01-17 00:00:00-05:00,71.0,71.56999969482422,69.66999816894531,70.12000274658203,57.70838165283203,2365100,0.0,0.0
2023-01-18 00:00:00-05:00,70.87000274658203,71.19000244140625,68.52999877929688,68.6500015258789,56.49857711791992,1828800,0.0,0.0
2023-01-19 00:00:00-05:00,68.33000183105469,70.1500015258789,68.0,69.5999984741211,57.28041076660156,3154200,0.0,0.0
2023-01-20 00:00:00-05:00,69.76000213623047,70.12999725341797,68.93000030517578,69.70999908447266,57.370948791503906,2210700,0.0,0.0
2023-01-23 00:00:00-05:00,70.0,70.41000366210938,69.30999755859375,69.7300033569336,57.387413024902344,2127400,0.0,0.0
2023-01-24 00:00:00-05:00,67.58999633789062,69.72000122070312,67.58999633789062,69.51000213623047,57.20634460449219,2973900,0.0,0.0
2023-01-25 00:00:00-05:00,68.9000015258789,69.11000061035156,67.7699966430664,69.04000091552734,56.81953811645508,2782600,0.0,0.0
2023-01-26 00:00:00-05:00,69.75,69.83000183105469,68.69000244140625,69.54000091552734,57.23103713989258,2373900,0.0,0.0
2023-01-27 00:00:00-05:00,68.55000305175781,68.5999984741211,67.58999633789062,68.23999786376953,56.94314956665039,2498700,0.955,0.0
2023-01-30 00:00:00-05:00,67.68000030517578,67.94000244140625,67.22000122070312,67.27999877929688,56.14207458496094,2366000,0.0,0.0
2023-01-31 00:00:00-05:00,67.45999908447266,68.55000305175781,66.75,68.4800033569336,57.143428802490234,2568300,0.0,0.0
2023-02-01 00:00:00-05:00,67.77999877929688,68.9000015258789,67.19000244140625,68.23999786376953,56.94314956665039,2241600,0.0,0.0
2023-02-02 00:00:00-05:00,68.52999877929688,68.7699966430664,67.70999908447266,68.70999908447266,57.3353385925293,2390000,0.0,0.0
2023-02-03 00:00:00-05:00,68.80000305175781,69.33000183105469,68.12999725341797,68.55999755859375,57.210174560546875,1966700,0.0,0.0
2023-02-06 00:00:00-05:00,68.33999633789062,68.72000122070312,67.41000366210938,68.19999694824219,56.90976333618164,1953900,0.0,0.0
2023-02-07 00:00:00-05:00,68.43000030517578,69.30999755859375,67.86000061035156,69.08999633789062,57.652435302734375,1830000,0.0,0.0
2023-02-08 00:00:00-05:00,68.97000122070312,69.37999725341797,68.31999969482422,68.75,57.368717193603516,1654600,0.0,0.0
2023-02-09 00:00:00-05:00,69.08000183105469,69.2699966430664,67.72000122070312,67.97000122070312,56.71784973144531,1858100,0.0,0.0
2023-02-10 00:00:00-05:00,68.62000274658203,69.58000183105469,68.31999969482422,69.44999694824219,57.95283126831055,2879400,0.0,0.0
2023-02-13 00:00:00-05:00,69.4000015258789,70.1500015258789,69.12000274658203,69.9000015258789,58.32834243774414,1583900,0.0,0.0
2023-02-14 00:00:00-05:00,69.77999877929688,70.68000030517578,69.23999786376953,69.7699966430664,58.21985626220703,1965300,0.0,0.0
2023-02-15 00:00:00-05:00,69.0,69.73999786376953,68.37000274658203,69.66999816894531,58.13642120361328,1828300,0.0,0.0
2023-02-16 00:00:00-05:00,69.08000183105469,69.80000305175781,68.7699966430664,69.19000244140625,57.73588943481445,1529600,0.0,0.0
2023-02-17 00:00:00-05:00,68.25,68.54000091552734,67.2300033569336,67.26000213623047,56.12538528442383,3815700,0.0,0.0
2023-02-21 00:00:00-05:00,66.77999877929688,66.93000030517578,65.62000274658203,66.12999725341797,55.18244934082031,2323000,0.0,0.0
2023-02-22 00:00:00-05:00,66.04000091552734,67.08000183105469,65.68000030517578,66.37999725341797,55.39106369018555,2234000,0.0,0.0
2023-02-23 00:00:00-05:00,67.41000366210938,68.12999725341797,66.7300033569336,67.9800033569336,56.726192474365234,1888200,0.0,0.0
2023-02-24 00:00:00-05:00,67.26000213623047,67.88999938964844,66.9800033569336,67.55999755859375,56.37571716308594,2364100,0.0,0.0
2023-02-27 00:00:00-05:00,67.77999877929688,68.33000183105469,67.47000122070312,67.94000244140625,56.692813873291016,2254800,0.0,0.0
2023-02-28 00:00:00-05:00,68.12999725341797,68.43000030517578,65.22000122070312,65.44999694824219,54.61502456665039,5990900,0.0,0.0
2023-03-01 00:00:00-05:00,65.68000030517578,66.33999633789062,65.33000183105469,66.16000366210938,55.207489013671875,2606400,0.0,0.0
2023-03-02 00:00:00-05:00,66.12000274658203,66.72000122070312,65.5,66.66999816894531,55.633060455322266,2635800,0.0,0.0
2023-03-03 00:00:00-05:00,66.44000244140625,68.18000030517578,66.27999877929688,67.8499984741211,56.617713928222656,2313000,0.0,0.0
2023-03-06 00:00:00-05:00,67.81999969482422,68.80000305175781,67.66999816894531,68.6500015258789,57.285274505615234,2252300,0.0,0.0
2023-03-07 00:00:00-05:00,68.3499984741211,68.63999938964844,67.5,67.5199966430664,56.34234619140625,2253800,0.0,0.0
2023-03-08 00:00:00-05:00,67.43000030517578,67.87999725341797,66.36000061035156,67.08999633789062,55.9835205078125,1785100,0.0,0.0
2023-03-09 00:00:00-05:00,67.52999877929688,68.26000213623047,65.5999984741211,65.63999938964844,54.7735710144043,1750100,0.0,0.0
2023-03-10 00:00:00-05:00,65.7699966430664,65.87000274658203,64.02999877929688,64.4000015258789,53.73884582519531,2652600,0.0,0.0
2023-03-13 00:00:00-04:00,63.150001525878906,65.0,61.77000045776367,63.63999938964844,53.10466003417969,3446500,0.0,0.0
2023-03-14 00:00:00-04:00,64.43000030517578,65.94999694824219,63.31999969482422,64.37999725341797,53.7221565246582,3174000,0.0,0.0
2023-03-15 00:00:00-04:00,62.52000045776367,62.52000045776367,59.959999084472656,60.880001068115234,50.801570892333984,4705100,0.0,0.0
2023-03-16 00:00:00-04:00,59.849998474121094,61.189998626708984,58.16999816894531,61.02000045776367,50.91838455200195,4312700,0.0,0.0
2023-03-17 00:00:00-04:00,60.72999954223633,60.72999954223633,58.90999984741211,59.4900016784668,49.64167785644531,8938400,0.0,0.0
2023-03-20 00:00:00-04:00,59.86000061035156,61.2400016784668,59.66999816894531,60.7599983215332,50.70143508911133,2663000,0.0,0.0
2023-03-21 00:00:00-04:00,61.709999084472656,62.369998931884766,61.29999923706055,61.869998931884766,51.6276741027832,3106800,0.0,0.0
2023-03-22 00:00:00-04:00,61.7599983215332,62.18000030517578,60.16999816894531,60.220001220703125,50.250831604003906,2435900,0.0,0.0
2023-03-23 00:00:00-04:00,60.439998626708984,60.84000015258789,58.189998626708984,58.63999938964844,48.9323844909668,2835700,0.0,0.0
2023-03-24 00:00:00-04:00,57.540000915527344,59.56999969482422,57.13999938964844,59.47999954223633,49.633338928222656,2202500,0.0,0.0
2023-03-27 00:00:00-04:00,60.369998931884766,61.11000061035156,59.849998474121094,60.65999984741211,50.61799240112305,1954000,0.0,0.0
2023-03-28 00:00:00-04:00,60.220001220703125,61.25,60.11000061035156,60.97999954223633,50.885009765625,1632000,0.0,0.0
2023-03-29 00:00:00-04:00,61.790000915527344,62.13999938964844,61.560001373291016,62.0099983215332,51.74449920654297,2171100,0.0,0.0
2023-03-30 00:00:00-04:00,62.75,62.83000183105469,62.15999984741211,62.529998779296875,52.17841720581055,1461500,0.0,0.0
2023-03-31 00:00:00-04:00,62.849998474121094,63.59000015258789,62.560001373291016,63.540000915527344,53.021217346191406,2112700,0.0,0.0
2023-04-03 00:00:00-04:00,65.2300033569336,66.08000183105469,64.62999725341797,65.05999755859375,54.28958511352539,3229700,0.0,0.0
2023-04-04 00:00:00-04:00,65.55000305175781,66.18000030517578,64.0999984741211,65.04000091552734,54.27289581298828,3626600,0.0,0.0
2023-04-05 00:00:00-04:00,65.19999694824219,66.05000305175781,64.83999633789062,65.98999786376953,55.06562423706055,2640600,0.0,0.0
2023-04-06 00:00:00-04:00,66.13999938964844,66.33000183105469,65.48999786376953,65.69000244140625,54.815284729003906,2031400,0.0,0.0
2023-04-10 00:00:00-04:00,65.61000061035156,66.19000244140625,65.36000061035156,66.06999969482422,55.13237762451172,1450400,0.0,0.0
2023-04-11 00:00:00-04:00,66.4800033569336,66.97000122070312,66.08000183105469,66.43000030517578,55.43278884887695,1552900,0.0,0.0
2023-04-12 00:00:00-04:00,66.72000122070312,66.91999816894531,66.05999755859375,66.25,55.28258514404297,1940000,0.0,0.0
2023-04-13 00:00:00-04:00,66.22000122070312,67.01000213623047,66.08999633789062,66.7699966430664,55.71649932861328,1496500,0.0,0.0
2023-04-14 00:00:00-04:00,66.80000305175781,67.36000061035156,66.70999908447266,67.02999877929688,55.93346405029297,1685600,0.0,0.0
2023-04-17 00:00:00-04:00,67.11000061035156,67.4800033569336,66.08000183105469,66.41000366210938,55.41610336303711,1409100,0.0,0.0
2023-04-18 00:00:00-04:00,66.37000274658203,66.77999877929688,66.06999969482422,66.73999786376953,55.691471099853516,1476700,0.0,0.0
2023-04-19 00:00:00-04:00,66.48999786376953,66.48999786376953,65.81999969482422,66.3499984741211,55.366031646728516,1242400,0.0,0.0
2023-04-20 00:00:00-04:00,65.44999694824219,66.06999969482422,65.05000305175781,66.05000305175781,55.11569595336914,1636900,0.0,0.0
2023-04-21 00:00:00-04:00,66.4800033569336,66.48999786376953,65.58000183105469,66.30000305175781,55.32431411743164,1444000,0.0,0.0
2023-04-24 00:00:00-04:00,66.37999725341797,67.16000366210938,66.2699966430664,66.98999786376953,55.90008544921875,2112600,0.0,0.0
2023-04-25 00:00:00-04:00,66.48999786376953,66.5199966430664,65.5199966430664,65.55000305175781,54.698463439941406,1632300,0.0,0.0
2023-04-26 00:00:00-04:00,65.19999694824219,66.08000183105469,64.45999908447266,64.72000122070312,54.00587844848633,1982600,0.0,0.0
2023-04-27 00:00:00-04:00,64.62000274658203,65.4800033569336,64.26000213623047,65.30000305175781,54.48986053466797,1690000,0.0,0.0
2023-04-28 00:00:00-04:00,64.19000244140625,65.7699966430664,64.08999633789062,65.41000366210938,55.39173889160156,1955900,0.955,0.0
2023-05-01 00:00:00-04:00,64.9800033569336,65.91999816894531,64.87000274658203,65.38999938964844,55.37480926513672,1740100,0.0,0.0
2023-05-02 00:00:00-04:00,65.0,65.12999725341797,61.939998626708984,62.7400016784668,53.13067626953125,2662700,0.0,0.0
2023-05-03 00:00:00-04:00,62.099998474121094,64.19000244140625,61.599998474121094,62.81999969482422,53.19842529296875,3589200,0.0,0.0
2023-05-04 00:00:00-04:00,62.849998474121094,63.20000076293945,61.36000061035156,62.630001068115234,53.037532806396484,2610400,0.0,0.0
2023-05-05 00:00:00-04:00,63.970001220703125,64.9000015258789,63.83000183105469,64.51000213623047,54.62958526611328,1706000,0.0,0.0
2023-05-08 00:00:00-04:00,65.1500015258789,65.2300033569336,63.18000030517578,63.52000045776367,53.79121780395508,1658400,0.0,0.0
2023-05-09 00:00:00-04:00,62.97999954223633,64.47000122070312,62.849998474121094,63.86000061035156,54.079139709472656,2096000,0.0,0.0
2023-05-10 00:00:00-04:00,64.43000030517578,64.51000213623047,62.5,63.209999084472656,53.52869415283203,1979000,0.0,0.0
2023-05-11 00:00:00-04:00,62.470001220703125,63.56999969482422,62.470001220703125,62.83000183105469,53.20689392089844,2293000,0.0,0.0
2023-05-12 00:00:00-04:00,63.25,63.77000045776367,62.880001068115234,63.720001220703125,53.9605827331543,2501500,0.0,0.0
2023-05-15 00:00:00-04:00,59.45000076293945,60.220001220703125,56.47999954223633,57.95000076293945,49.074317932128906,20718300,0.0,0.0
2023-05-16 00:00:00-04:00,57.54999923706055,57.91999816894531,56.08000183105469,56.58000183105469,47.914154052734375,9415800,0.0,0.0
2023-05-17 00:00:00-04:00,57.060001373291016,57.75,55.90999984741211,57.20000076293945,48.4391975402832,5842500,0.0,0.0
2023-05-18 00:00:00-04:00,56.709999084472656,58.470001220703125,56.54999923706055,58.380001068115234,49.43846893310547,4901300,0.0,0.0
2023-05-19 00:00:00-04:00,58.810001373291016,59.13999938964844,58.119998931884766,58.52000045776367,49.55701446533203,3587700,0.0,0.0
2023-05-22 00:00:00-04:00,58.25,58.81999969482422,57.68000030517578,58.09000015258789,49.19287872314453,2957300,0.0,0.0
2023-05-23 00:00:00-04:00,58.439998626708984,59.380001068115234,58.11000061035156,58.540000915527344,49.57395553588867,3996900,0.0,0.0
2023-05-24 00:00:00-04:00,58.7599983215332,58.83000183105469,57.84000015258789,58.540000915527344,49.57395553588867,2546700,0.0,0.0
2023-05-25 00:00:00-04:00,57.88999938964844,58.0099983215332,56.959999084472656,57.56999969482422,48.752525329589844,2978700,0.0,0.0
2023-05-26 00:00:00-04:00,57.869998931884766,57.95000076293945,57.04999923706055,57.29999923706055,48.52387237548828,2790400,0.0,0.0
2023-05-30 00:00:00-04:00,56.880001068115234,57.7599983215332,56.7599983215332,57.369998931884766,48.58315658569336,3025500,0.0,0.0
2023-05-31 00:00:00-04:00,56.61000061035156,56.9900016784668,56.189998626708984,56.65999984741211,47.981895446777344,5094200,0.0,0.0
2023-06-01 00:00:00-04:00,56.79999923706055,57.47999954223633,56.209999084472656,56.90999984741211,48.193607330322266,3434000,0.0,0.0
2023-06-02 00:00:00-04:00,58.0,58.91999816894531,57.25,58.7400016784668,49.74332809448242,3452100,0.0,0.0
2023-06-05 00:00:00-04:00,59.33000183105469,59.33000183105469,58.5,58.720001220703125,49.726383209228516,1897200,0.0,0.0
2023-06-06 00:00:00-04:00,58.029998779296875,59.43000030517578,58.0,59.310001373291016,50.22602462768555,2512500,0.0,0.0
2023-06-07 00:00:00-04:00,59.81999969482422,60.5,59.380001068115234,60.43000030517578,51.17448806762695,2695300,0.0,0.0
2023-06-08 00:00:00-04:00,60.45000076293945,60.7400016784668,59.52000045776367,60.709999084472656,51.41159439086914,3159700,0.0,0.0
2023-06-09 00:00:00-04:00,60.52000045776367,60.65999984741211,59.63999938964844,59.84000015258789,50.67484664916992,2816400,0.0,0.0
2023-06-12 00:00:00-04:00,59.38999938964844,60.310001373291016,59.310001373291016,59.79999923706055,50.64097213745117,2914200,0.0,0.0
2023-06-13 00:00:00-04:00,60.34000015258789,61.08000183105469,60.2400016784668,60.279998779296875,51.04745101928711,4780300,0.0,0.0
2023-06-14 00:00:00-04:00,60.650001525878906,61.060001373291016,60.02000045776367,60.43000030517578,51.17448806762695,2526700,0.0,0.0
2023-06-15 00:00:00-04:00,60.540000915527344,61.400001525878906,60.40999984741211,61.11000061035156,51.750335693359375,2992800,0.0,0.0
2023-06-16 00:00:00-04:00,61.20000076293945,61.459999084472656,60.68000030517578,60.95000076293945,51.614837646484375,7633300,0.0,0.0
2023-06-20 00:00:00-04:00,60.560001373291016,60.56999969482422,59.060001373291016,59.31999969482422,50.23448944091797,3237600,0.0,0.0
2023-06-21 00:00:00-04:00,58.95000076293945,59.380001068115234,58.560001373291016,59.08000183105469,50.031253814697266,4272500,0.0,0.0
2023-06-22 00:00:00-04:00,58.970001220703125,59.0,57.900001525878906,58.189998626708984,49.277557373046875,3053800,0.0,0.0
2023-06-23 00:00:00-04:00,57.540000915527344,58.06999969482422,57.369998931884766,57.689998626708984,48.85414123535156,3427800,0.0,0.0
2023-06-26 00:00:00-04:00,57.849998474121094,58.91999816894531,57.849998474121094,58.599998474121094,49.6247673034668,2138100,0.0,0.0
2023-06-27 00:00:00-04:00,58.599998474121094,59.790000915527344,58.5099983215332,59.5,50.38692092895508,2918000,0.0,0.0
2023-06-28 00:00:00-04:00,59.66999816894531,60.560001373291016,59.060001373291016,60.52000045776367,51.25069808959961,2623200,0.0,0.0
2023-06-29 00:00:00-04:00,60.75,61.54999923706055,60.65999984741211,61.4900016784668,52.07213592529297,2428900,0.0,0.0
2023-06-30 00:00:00-04:00,62.459999084472656,62.459999084472656,61.540000915527344,61.720001220703125,52.26689910888672,2603500,0.0,0.0
2023-07-03 00:00:00-04:00,61.83000183105469,62.65999984741211,61.77000045776367,62.400001525878906,52.84275436401367,1166400,0.0,0.0
2023-07-05 00:00:00-04:00,62.2400016784668,62.61000061035156,61.279998779296875,61.59000015258789,52.15681838989258,2096700,0.0,0.0
2023-07-06 00:00:00-04:00,61.11000061035156,61.2400016784668,60.52000045776367,60.939998626708984,51.60636901855469,2070000,0.0,0.0
2023-07-07 00:00:00-04:00,60.70000076293945,62.220001220703125,60.70000076293945,62.16999816894531,52.647979736328125,3614400,0.0,0.0
2023-07-10 00:00:00-04:00,62.04999923706055,62.779998779296875,61.91999816894531,62.400001525878906,52.84275436401367,2635500,0.0,0.0
2023-07-11 00:00:00-04:00,62.84000015258789,63.72999954223633,62.75,63.34000015258789,53.63878631591797,3015700,0.0,0.0
2023-07-12 00:00:00-04:00,64.01000213623047,64.43000030517578,63.68000030517578,64.37000274658203,54.511024475097656,2462900,0.0,0.0
2023-07-13 00:00:00-04:00,64.7300033569336,65.36000061035156,64.5,65.31999969482422,55.315521240234375,3182200,0.0,0.0
2023-07-14 00:00:00-04:00,64.76000213623047,64.83000183105469,63.560001373291016,63.72999954223633,53.96904754638672,2661400,0.0,0.0
2023-07-17 00:00:00-04:00,63.77000045776367,64.05999755859375,63.290000915527344,63.40999984741211,53.698062896728516,1942900,0.0,0.0
2023-07-18 00:00:00-04:00,63.209999084472656,64.80000305175781,63.18000030517578,64.31999969482422,54.468685150146484,2506400,0.0,0.0
2023-07-19 00:00:00-04:00,64.31999969482422,65.20999908447266,64.30999755859375,64.7699966430664,54.84976577758789,2310200,0.0,0.0
2023-07-20 00:00:00-04:00,65.19999694824219,65.9800033569336,64.91000366210938,65.93000030517578,55.83209991455078,2264900,0.0,0.0
2023-07-21 00:00:00-04:00,66.30000305175781,66.69000244140625,65.68000030517578,66.48999786376953,56.30632781982422,2014500,0.0,0.0
2023-07-24 00:00:00-04:00,66.76000213623047,67.8499984741211,66.68000030517578,67.25,56.949928283691406,2417100,0.0,0.0
2023-07-25 00:00:00-04:00,67.30999755859375,67.77999877929688,66.83000183105469,67.54000091552734,57.19550704956055,3117800,0.0,0.0
2023-07-26 00:00:00-04:00,67.12999725341797,68.12000274658203,67.12999725341797,67.5999984741211,57.24631881713867,1836700,0.0,0.0
2023-07-27 00:00:00-04:00,67.7699966430664,68.0999984741211,66.93000030517578,66.94000244140625,56.687408447265625,2858900,0.0,0.0
2023-07-28 00:00:00-04:00,67.30999755859375,67.68000030517578,66.9000015258789,67.22000122070312,56.92451858520508,2325500,0.0,0.0
2023-07-31 00:00:00-04:00,66.5,67.04000091552734,66.44999694824219,67.04000091552734,57.59028625488281,5122300,0.955,0.0
2023-08-01 00:00:00-04:00,66.80000305175781,66.91999816894531,65.83000183105469,66.5999984741211,57.212303161621094,2438300,0.0,0.0
2023-08-02 00:00:00-04:00,65.94000244140625,65.94000244140625,65.06999969482422,65.5199966430664,56.2845344543457,2151300,0.0,0.0
2023-08-03 00:00:00-04:00,65.5,66.47000122070312,65.4000015258789,65.95999908447266,56.66250991821289,1988300,0.0,0.0
2023-08-04 00:00:00-04:00,66.18000030517578,66.87999725341797,65.19999694824219,65.25,56.05258560180664,2312800,0.0,0.0
2023-08-07 00:00:00-04:00,65.25,65.5999984741211,64.88999938964844,65.19999694824219,56.0096321105957,3257300,0.0,0.0
2023-08-08 00:00:00-04:00,64.58999633789062,64.7699966430664,63.04999923706055,64.1500015258789,55.107643127441406,3240200,0.0,0.0
2023-08-09 00:00:00-04:00,64.5,65.19999694824219,63.93000030517578,64.3499984741211,55.27945327758789,2867700,0.0,0.0
2023-08-10 00:00:00-04:00,64.86000061035156,65.55000305175781,64.6500015258789,65.1500015258789,55.96668243408203,2226900,0.0,0.0
2023-08-11 00:00:00-04:00,65.30000305175781,66.36000061035156,65.22000122070312,66.23999786376953,56.903038024902344,1856800,0.0,0.0
2023-08-14 00:00:00-04:00,66.4800033569336,66.93000030517578,65.2699966430664,65.94999694824219,56.65391540527344,1913600,0.0,0.0
2023-08-15 00:00:00-04:00,65.51000213623047,65.76000213623047,65.12000274658203,65.43000030517578,56.207218170166016,1942800,0.0,0.0
2023-08-16 00:00:00-04:00,65.25,65.87000274658203,65.0199966430664,65.23999786376953,56.04399490356445,2605200,0.0,0.0
2023-08-17 00:00:00-04:00,65.66999816894531,66.02999877929688,64.95999908447266,65.33999633789062,56.12989807128906,3269600,0.0,0.0
2023-08-18 00:00:00-04:00,64.77999877929688,65.8499984741211,64.7699966430664,65.5999984741211,56.3532600402832,2182400,0.0,0.0
2023-08-21 00:00:00-04:00,65.7300033569336,65.93000030517578,64.88999938964844,65.26000213623047,56.06118392944336,1782500,0.0,0.0
2023-08-22 00:00:00-04:00,65.4000015258789,65.63999938964844,64.83000183105469,64.86000061035156,55.71756362915039,1509800,0.0,0.0
2023-08-23 00:00:00-04:00,64.38999938964844,64.91000366210938,63.63999938964844,64.69999694824219,55.58011245727539,1577600,0.0,0.0
2023-08-24 00:00:00-04:00,64.37000274658203,65.36000061035156,64.37000274658203,64.37999725341797,55.30521774291992,1941700,0.0,0.0
2023-08-25 00:00:00-04:00,64.81999969482422,65.48999786376953,64.68000030517578,64.94999694824219,55.79487609863281,2239200,0.0,0.0
2023-08-28 00:00:00-04:00,65.33999633789062,65.69999694824219,65.08999633789062,65.37999725341797,56.16425704956055,1342800,0.0,0.0
2023-08-29 00:00:00-04:00,65.4000015258789,65.48999786376953,65.05000305175781,65.25,56.05258560180664,1733900,0.0,0.0
2023-08-30 00:00:00-04:00,65.4000015258789,65.8499984741211,65.23999786376953,65.43000030517578,56.207218170166016,1896000,0.0,0.0
2023-08-31 00:00:00-04:00,65.69999694824219,65.83999633789062,65.16000366210938,65.19999694824219,56.0096321105957,3436400,0.0,0.0
2023-09-01 00:00:00-04:00,65.94999694824219,66.37000274658203,65.19000244140625,65.55000305175781,56.31029510498047,2897500,0.0,0.0
2023-09-05 00:00:00-04:00,65.73999786376953,66.19000244140625,65.5199966430664,65.66000366210938,56.4047966003418,2414500,0.0,0.0
2023-09-06 00:00:00-04:00,65.3499984741211,65.38999938964844,63.29999923706055,63.650001525878906,54.678123474121094,4068200,0.0,0.0
2023-09-07 00:00:00-04:00,63.41999816894531,64.69000244140625,63.029998779296875,64.30999755859375,55.245086669921875,5663700,0.0,0.0
2023-09-08 00:00:00-04:00,64.69000244140625,65.25,64.56999969482422,64.7699966430664,55.64025115966797,3357700,0.0,0.0
2023-09-11 00:00:00-04:00,65.25,65.45999908447266,64.20999908447266,64.52999877929688,55.434078216552734,2727700,0.0,0.0
2023-09-12 00:00:00-04:00,64.87000274658203,66.61000061035156,64.77999877929688,66.31999969482422,56.971763610839844,3909600,0.0,0.0
2023-09-13 00:00:00-04:00,66.41000366210938,67.08999633789062,65.94000244140625,67.0,57.55590057373047,3478200,0.0,0.0
2023-09-14 00:00:00-04:00,67.72000122070312,68.61000061035156,67.62999725341797,68.52999877929688,58.87024688720703,4497300,0.0,0.0
2023-09-15 00:00:00-04:00,68.0,68.7300033569336,67.41999816894531,67.54000091552734,58.019798278808594,7156300,0.0,0.0
2023-09-18 00:00:00-04:00,68.0199966430664,68.31999969482422,67.08000183105469,68.19000244140625,58.57817459106445,4689600,0.0,0.0
2023-09-19 00:00:00-04:00,68.6500015258789,68.6500015258789,67.12000274658203,67.77999877929688,58.2259635925293,4403300,0.0,0.0
2023-09-20 00:00:00-04:00,67.69999694824219,68.22000122070312,66.95999908447266,67.01000213623047,57.564510345458984,5947400,0.0,0.0
2023-09-21 00:00:00-04:00,66.88999938964844,67.22000122070312,65.55999755859375,65.98999786376953,56.68827819824219,8684000,0.0,0.0
2023-09-22 00:00:00-04:00,66.95999908447266,67.43000030517578,65.77999877929688,66.19000244140625,56.86009216308594,15192600,0.0,0.0
2023-09-25 00:00:00-04:00,65.69999694824219,66.9000015258789,65.5199966430664,66.54000091552734,57.16075134277344,59253300,0.0,0.0
2023-09-26 00:00:00-04:00,66.19000244140625,66.51000213623047,64.20999908447266,64.4800033569336,55.3911247253418,8473900,0.0,0.0
2023-09-27 00:00:00-04:00,64.8499984741211,65.13999938964844,64.19000244140625,64.51000213623047,55.41689682006836,8827800,0.0,0.0
2023-09-28 00:00:00-04:00,64.41999816894531,65.44000244140625,64.41999816894531,64.88999938964844,55.743324279785156,8411700,0.0,0.0
2023-09-29 00:00:00-04:00,64.94000244140625,65.0,63.15999984741211,63.43000030517578,54.48912811279297,6587900,0.0,0.0
2023-10-02 00:00:00-04:00,63.68000030517578,63.90999984741211,61.61000061035156,61.849998474121094,53.1318359375,5811900,0.0,0.0
2023-10-03 00:00:00-04:00,61.369998931884766,61.9900016784668,60.70000076293945,61.97999954223633,53.24351501464844,6405200,0.0,0.0
2023-10-04 00:00:00-04:00,61.130001068115234,61.70000076293945,60.58000183105469,61.349998474121094,52.70231628417969,5428800,0.0,0.0
2023-10-05 00:00:00-04:00,60.79999923706055,62.63999938964844,60.790000915527344,62.439998626708984,53.63867950439453,5458300,0.0,0.0
2023-10-06 00:00:00-04:00,62.4900016784668,63.970001220703125,61.91999816894531,63.5,54.54926300048828,5106100,0.0,0.0
2023-10-09 00:00:00-04:00,64.6500015258789,66.16000366210938,64.3499984741211,65.94999694824219,56.65391540527344,5414200,0.0,0.0
2023-10-10 00:00:00-04:00,65.91000366210938,66.9800033569336,65.91000366210938,66.86000061035156,57.435646057128906,4060500,0.0,0.0
2023-10-11 00:00:00-04:00,66.8499984741211,67.55999755859375,66.5999984741211,67.45999908447266,57.951072692871094,3936900,0.0,0.0
2023-10-12 00:00:00-04:00,67.81999969482422,68.4000015258789,67.58999633789062,68.0999984741211,58.50086975097656,3669700,0.0,0.0
2023-10-13 00:00:00-04:00,69.0,69.44999694824219,68.61000061035156,69.12000274658203,59.37709426879883,3597600,0.0,0.0
2023-10-16 00:00:00-04:00,69.5,70.33000183105469,69.27999877929688,70.06999969482422,60.19317626953125,4143600,0.0,0.0
2023-10-17 00:00:00-04:00,70.0999984741211,70.55999755859375,69.11000061035156,69.51000213623047,59.71211242675781,4641200,0.0,0.0
2023-10-18 00:00:00-04:00,69.51000213623047,69.75,68.45999908447266,68.63999938964844,58.96474838256836,3802800,0.0,0.0
2023-10-19 00:00:00-04:00,68.62999725341797,69.80000305175781,68.29000091552734,69.20999908447266,59.45439529418945,4445200,0.0,0.0
2023-10-20 00:00:00-04:00,68.95999908447266,69.04000091552734,67.26000213623047,67.58000183105469,58.05415725708008,4004400,0.0,0.0
2023-10-23 00:00:00-04:00,67.06999969482422,67.31999969482422,66.58999633789062,66.73999786376953,57.33256530761719,3006700,0.0,0.0
2023-10-24 00:00:00-04:00,66.94999694824219,67.29000091552734,66.30999755859375,66.5999984741211,57.212303161621094,2935500,0.0,0.0
2023-10-25 00:00:00-04:00,66.55000305175781,66.95999908447266,65.97000122070312,66.2699966430664,56.92881393432617,2913000,0.0,0.0
2023-10-26 00:00:00-04:00,65.52999877929688,66.79000091552734,65.47000122070312,66.31999969482422,56.971763610839844,2497900,0.0,0.0
2023-10-27 00:00:00-04:00,66.43000030517578,66.43000030517578,65.04000091552734,65.44000244140625,56.2158088684082,3265400,0.0,0.0
2023-10-30 00:00:00-04:00,65.73999786376953,66.16999816894531,64.83000183105469,65.61000061035156,56.36184310913086,3515500,0.0,0.0
2023-10-31 00:00:00-04:00,64.5199966430664,65.19999694824219,64.08999633789062,65.19999694824219,56.83692932128906,4062200,0.955,0.0
2023-11-01 00:00:00-04:00,65.56999969482422,65.95999908447266,64.0,64.54000091552734,56.261592864990234,4952300,0.0,0.0
2023-11-02 00:00:00-04:00,64.0999984741211,66.69000244140625,64.0999984741211,66.6500015258789,58.1009521484375,5098100,0.0,0.0
2023-11-03 00:00:00-04:00,66.69000244140625,67.33000183105469,66.27999877929688,66.83999633789062,58.26657485961914,3466800,0.0,0.0
2023-11-06 00:00:00-05:00,67.13999938964844,67.23999786376953,66.1500015258789,66.27999877929688,57.77840805053711,2703800,0.0,0.0
2023-11-07 00:00:00-05:00,65.41999816894531,65.68000030517578,64.58000183105469,64.69999694824219,56.40107345581055,3465600,0.0,0.0
2023-11-08 00:00:00-05:00,64.33999633789062,64.58000183105469,63.33000183105469,63.630001068115234,55.468318939208984,2941400,0.0,0.0
2023-11-09 00:00:00-05:00,64.41999816894531,64.43000030517578,63.810001373291016,63.83000183105469,55.642669677734375,3344500,0.0,0.0
2023-11-10 00:00:00-05:00,64.4800033569336,64.94000244140625,64.11000061035156,64.36000061035156,56.10468292236328,3039200,0.0,0.0
2023-11-13 00:00:00-05:00,64.16999816894531,64.93000030517578,63.77000045776367,64.66000366210938,56.36620330810547,2912000,0.0,0.0
2023-11-14 00:00:00-05:00,65.56999969482422,66.2699966430664,65.44000244140625,65.7300033569336,57.29895782470703,3281200,0.0,0.0
2023-11-15 00:00:00-05:00,65.83000183105469,67.05000305175781,65.70999908447266,66.12000274658203,57.63893508911133,2881200,0.0,0.0
2023-11-16 00:00:00-05:00,65.6500015258789,66.19999694824219,64.68000030517578,65.5199966430664,57.11589050292969,3224600,0.0,0.0
2023-11-17 00:00:00-05:00,66.0,67.0,65.69000244140625,66.62999725341797,58.08351516723633,3071900,0.0,0.0
2023-11-20 00:00:00-05:00,66.9800033569336,67.36000061035156,66.52999877929688,66.88999938964844,58.31016540527344,3198700,0.0,0.0
2023-11-21 00:00:00-05:00,66.87999725341797,67.05999755859375,66.12999725341797,66.91000366210938,58.32760238647461,2606100,0.0,0.0
2023-11-22 00:00:00-05:00,66.08000183105469,66.75,65.66000366210938,66.66000366210938,58.10967254638672,2479600,0.0,0.0
2023-11-24 00:00:00-05:00,66.7300033569336,67.38999938964844,66.63999938964844,67.31999969482422,58.68501281738281,1054700,0.0,0.0
2023-11-27 00:00:00-05:00,67.02999877929688,67.29000091552734,66.54000091552734,67.20999908447266,58.58911895751953,2370800,0.0,0.0
2023-11-28 00:00:00-05:00,67.44000244140625,67.73999786376953,66.97000122070312,66.98999786376953,58.397335052490234,2393500,0.0,0.0
2023-11-29 00:00:00-05:00,67.25,67.58000183105469,66.97000122070312,67.38999938964844,58.746028900146484,2818500,0.0,0.0
2023-11-30 00:00:00-05:00,67.7300033569336,68.94000244140625,67.63999938964844,68.8499984741211,60.01875305175781,6675900,0.0,0.0
2023-12-01 00:00:00-05:00,68.7699966430664,70.18000030517578,68.63999938964844,69.87000274658203,60.907936096191406,3775900,0.0,0.0
2023-12-04 00:00:00-05:00,70.44999694824219,70.87000274658203,69.94999694824219,70.20999908447266,61.20431137084961,4073500,0.0,0.0
2023-12-05 00:00:00-05:00,70.1500015258789,70.36000061035156,69.20999908447266,69.27999877929688,60.39360809326172,2777400,0.0,0.0
2023-12-06 00:00:00-05:00,69.41999816894531,69.7300033569336,68.41999816894531,68.47000122070312,59.68750762939453,3599400,0.0,0.0
2023-12-07 00:00:00-05:00,68.72000122070312,68.93000030517578,67.20999908447266,67.2699966430664,58.641414642333984,4458700,0.0,0.0
2023-12-08 00:00:00-05:00,67.58000183105469,68.44000244140625,67.45999908447266,68.23999786376953,59.48699951171875,3533200,0.0,0.0
2023-12-11 00:00:00-05:00,68.0,68.12999725341797,67.16999816894531,67.2300033569336,58.60655212402344,4128400,0.0,0.0
2023-12-12 00:00:00-05:00,66.75,66.77999877929688,65.56999969482422,66.05999755859375,57.58662414550781,3787900,0.0,0.0
2023-12-13 00:00:00-05:00,65.98999786376953,67.31999969482422,65.48999786376953,67.30999755859375,58.67628860473633,6489300,0.0,0.0
2023-12-14 00:00:00-05:00,67.8499984741211,69.45999908447266,67.80999755859375,68.61000061035156,59.80955123901367,6583600,0.0,0.0
2023-12-15 00:00:00-05:00,68.08000183105469,68.70999908447266,67.20999908447266,67.93000030517578,59.21677017211914,23075300,0.0,0.0
2023-12-18 00:00:00-05:00,68.83000183105469,69.37999725341797,68.12999725341797,68.25,59.4957275390625,5001500,0.0,0.0
2023-12-19 00:00:00-05:00,68.44999694824219,69.2300033569336,68.30000305175781,69.13999938964844,60.27156066894531,4757800,0.0,0.0
2023-12-20 00:00:00-05:00,69.1500015258789,69.62999725341797,68.36000061035156,68.44999694824219,59.67005920410156,2616800,0.0,0.0
2023-12-21 00:00:00-05:00,68.68000030517578,69.56999969482422,68.5,69.52999877929688,60.611549377441406,2415300,0.0,0.0
2023-12-22 00:00:00-05:00,70.0,70.48999786376953,69.76000213623047,70.16000366210938,61.160736083984375,2226200,0.0,0.0
2023-12-26 00:00:00-05:00,70.5,71.29000091552734,70.19000244140625,71.13999938964844,62.0150260925293,1971100,0.0,0.0
2023-12-27 00:00:00-05:00,70.83000183105469,71.44000244140625,70.56999969482422,70.9800033569336,61.87554931640625,1819000,0.0,0.0
2023-12-28 00:00:00-05:00,70.80999755859375,71.19000244140625,70.27999877929688,70.5199966430664,61.47454071044922,1654000,0.0,0.0
2023-12-29 00:00:00-05:00,70.70999908447266,70.70999908447266,70.13999938964844,70.22000122070312,61.213043212890625,2244900,0.0,0.0
2024-01-02 00:00:00-05:00,70.54000091552734,71.44000244140625,70.44999694824219,71.0199966430664,61.91041564941406,2854400,0.0,0.0
2024-01-03 00:00:00-05:00,70.91000366210938,72.13999938964844,70.69999694824219,71.73999786376953,62.53806686401367,3016300,0.0,0.0
2024-01-04 00:00:00-05:00,72.05000305175781,72.5199966430664,70.73999786376953,70.87000274658203,61.77965545654297,2993300,0.0,0.0
2024-01-05 00:00:00-05:00,71.12999725341797,71.9000015258789,71.01000213623047,71.58999633789062,62.40729904174805,2775500,0.0,0.0
2024-01-08 00:00:00-05:00,70.52999877929688,71.31999969482422,69.94999694824219,71.2699966430664,62.128353118896484,2249300,0.0,0.0
2024-01-09 00:00:00-05:00,71.0,71.05999755859375,70.22000122070312,70.38999938964844,61.36122512817383,2316300,0.0,0.0
2024-01-10 00:00:00-05:00,70.7699966430664,71.2699966430664,70.19000244140625,70.86000061035156,61.77094268798828,2850200,0.0,0.0
2024-01-11 00:00:00-05:00,70.93000030517578,71.0,69.30999755859375,70.12000274658203,61.1258659362793,3809000,0.0,0.0
2024-01-12 00:00:00-05:00,71.30000305175781,71.3499984741211,70.38999938964844,70.6500015258789,61.5878791809082,3362500,0.0,0.0
2024-01-16 00:00:00-05:00,70.45999908447266,70.5,69.47000122070312,69.5999984741211,60.67255401611328,4326700,0.0,0.0
2024-01-17 00:00:00-05:00,68.98999786376953,70.01000213623047,68.63999938964844,69.05999755859375,60.20182418823242,4145500,0.0,0.0
2024-01-18 00:00:00-05:00,69.87000274658203,71.5999984741211,69.44999694824219,71.25,62.11091995239258,5018300,0.0,0.0
2024-01-19 00:00:00-05:00,71.25,71.37000274658203,69.8499984741211,70.04000091552734,61.056121826171875,3850800,0.0,0.0
2024-01-22 00:00:00-05:00,69.93000030517578,70.55000305175781,69.27999877929688,69.37999725341797,60.480770111083984,3573500,0.0,0.0
2024-01-23 00:00:00-05:00,69.19999694824219,69.68000030517578,68.83000183105469,68.9800033569336,60.132083892822266,3137200,0.0,0.0
2024-01-24 00:00:00-05:00,69.4000015258789,69.5,68.38999938964844,68.86000061035156,60.02748107910156,2731100,0.0,0.0
2024-01-25 00:00:00-05:00,69.30999755859375,70.30000305175781,68.98999786376953,70.29000091552734,61.27406692504883,2570300,0.0,0.0
2024-01-26 00:00:00-05:00,70.25,70.5199966430664,69.91999816894531,70.44000244140625,61.40481185913086,2757700,0.0,0.0
2024-01-29 00:00:00-05:00,69.44999694824219,69.66999816894531,68.5999984741211,69.6500015258789,61.58164978027344,2691000,0.99,0.0
2024-01-30 00:00:00-05:00,69.05999755859375,69.93000030517578,69.0,69.83000183105469,61.74079895019531,2381700,0.0,0.0
2024-01-31 00:00:00-05:00,69.94999694824219,70.0199966430664,68.20999908447266,68.25,60.34382629394531,3324200,0.0,0.0
2024-02-01 00:00:00-05:00,68.41999816894531,69.51000213623047,68.0999984741211,68.4800033569336,60.547183990478516,2844900,0.0,0.0
2024-02-02 00:00:00-05:00,68.0999984741211,68.6500015258789,67.22000122070312,68.29000091552734,60.379188537597656,2391400,0.0,0.0
2024-02-05 00:00:00-05:00,67.7300033569336,68.5999984741211,67.05000305175781,68.08999633789062,60.20235061645508,2480100,0.0,0.0
2024-02-06 00:00:00-05:00,68.08000183105469,68.37999725341797,67.66999816894531,67.94000244140625,60.069740295410156,2473100,0.0,0.0
2024-02-07 00:00:00-05:00,68.26000213623047,68.61000061035156,67.80999755859375,68.54000091552734,60.60022735595703,2643300,0.0,0.0
2024-02-08 00:00:00-05:00,68.77999877929688,69.04000091552734,68.20999908447266,68.97000122070312,60.98042678833008,2667100,0.0,0.0
2024-02-09 00:00:00-05:00,68.94000244140625,69.48999786376953,68.70999908447266,69.04000091552734,61.04230880737305,2143400,0.0,0.0
2024-02-12 00:00:00-05:00,69.23999786376953,70.3499984741211,69.23999786376953,70.2300033569336,62.09446334838867,2704100,0.0,0.0
2024-02-13 00:00:00-05:00,70.05999755859375,70.3499984741211,68.98999786376953,69.4800033569336,61.431331634521484,3168000,0.0,0.0
2024-02-14 00:00:00-05:00,70.16999816894531,70.29000091552734,68.6500015258789,69.11000061035156,61.104209899902344,3221700,0.0,0.0
2024-02-15 00:00:00-05:00,69.01000213623047,71.41999816894531,69.01000213623047,71.05999755859375,62.82830810546875,3600900,0.0,0.0
2024-02-16 00:00:00-05:00,71.0,72.51000213623047,70.94000244140625,71.98999786376953,63.650569915771484,3233700,0.0,0.0
2024-02-20 00:00:00-05:00,72.02999877929688,72.3499984741211,71.51000213623047,71.69000244140625,63.38532638549805,2838300,0.0,0.0
2024-02-21 00:00:00-05:00,71.91000366210938,73.4000015258789,71.8499984741211,73.33000183105469,64.8353500366211,2896600,0.0,0.0
2024-02-22 00:00:00-05:00,73.0999984741211,73.83000183105469,72.72000122070312,73.72000122070312,65.18016815185547,3242200,0.0,0.0
2024-02-23 00:00:00-05:00,73.44000244140625,73.55999755859375,72.91999816894531,72.97000122070312,64.51705169677734,3076200,0.0,0.0
2024-02-26 00:00:00-05:00,72.77999877929688,73.66999816894531,72.44000244140625,72.91000366210938,64.46400451660156,3664700,0.0,0.0
2024-02-27 00:00:00-05:00,73.87999725341797,75.68000030517578,73.4000015258789,74.37000274658203,65.7548828125,6118100,0.0,0.0
2024-02-28 00:00:00-05:00,74.37000274658203,74.8499984741211,73.88999938964844,74.37000274658203,65.7548828125,2884300,0.0,0.0
2024-02-29 00:00:00-05:00,74.5,75.33000183105469,74.38999938964844,75.12000274658203,66.41799926757812,5043200,0.0,0.0
2024-03-01 00:00:00-05:00,75.47000122070312,75.5,74.80999755859375,75.12999725341797,66.42682647705078,2465900,0.0,0.0
2024-03-04 00:00:00-05:00,76.86000061035156,76.87999725341797,75.69000244140625,76.55999755859375,67.69116973876953,4357900,0.0,0.0
2024-03-05 00:00:00-05:00,76.68000030517578,78.19000244140625,76.3499984741211,77.5199966430664,68.53997802734375,3530000,0.0,0.0
2024-03-06 00:00:00-05:00,77.7699966430664,77.91000366210938,76.86000061035156,77.58999633789062,68.60185241699219,2625100,0.0,0.0
2024-03-07 00:00:00-05:00,78.0,78.18000030517578,77.33999633789062,77.44000244140625,68.46925354003906,1868400,0.0,0.0
2024-03-08 00:00:00-05:00,77.2300033569336,77.69000244140625,76.9000015258789,77.16000366210938,68.22168731689453,2111700,0.0,0.0
2024-03-11 00:00:00-04:00,76.73999786376953,77.52999877929688,76.7300033569336,77.29000091552734,68.33661651611328,2364700,0.0,0.0
2024-03-12 00:00:00-04:00,77.26000213623047,77.76000213623047,77.04000091552734,77.6500015258789,68.65492248535156,2002600,0.0,0.0
2024-03-13 00:00:00-04:00,78.05000305175781,78.37000274658203,77.04000091552734,77.12000274658203,68.18631744384766,2603000,0.0,0.0
2024-03-14 00:00:00-04:00,77.2300033569336,77.4000015258789,76.30999755859375,77.11000061035156,68.1774673461914,2622100,0.0,0.0
2024-03-15 00:00:00-04:00,76.79000091552734,77.91000366210938,76.79000091552734,77.0,68.08020782470703,9522300,0.0,0.0
2024-03-18 00:00:00-04:00,77.37000274658203,77.88999938964844,76.94000244140625,77.79000091552734,68.77870178222656,2306800,0.0,0.0
2024-03-19 00:00:00-04:00,78.0,78.62000274658203,77.69000244140625,78.38999938964844,69.30918884277344,2085400,0.0,0.0
2024-03-20 00:00:00-04:00,78.0999984741211,79.19000244140625,78.02999877929688,78.93000030517578,69.7866439819336,1872700,0.0,0.0
2024-03-21 00:00:00-04:00,79.11000061035156,79.88999938964844,78.83000183105469,79.47000122070312,70.26409149169922,2787800,0.0,0.0
2024-03-22 00:00:00-04:00,79.66999816894531,79.77999877929688,78.94999694824219,79.02999877929688,69.87505340576172,2406500,0.0,0.0
2024-03-25 00:00:00-04:00,79.30000305175781,80.22000122070312,78.98999786376953,79.31999969482422,70.13146209716797,2547700,0.0,0.0
2024-03-26 00:00:00-04:00,79.25,79.48999786376953,78.58000183105469,78.66999816894531,69.5567626953125,2639100,0.0,0.0
2024-03-27 00:00:00-04:00,78.69000244140625,79.61000061035156,78.62000274658203,79.5999984741211,70.3790283203125,3381400,0.0,0.0
2024-03-28 00:00:00-04:00,79.9000015258789,80.52999877929688,79.51000213623047,80.16999816894531,70.88298797607422,3070600,0.0,0.0
2024-04-01 00:00:00-04:00,80.19999694824219,80.19999694824219,79.31999969482422,79.70999908447266,70.47628784179688,1657100,0.0,0.0
2024-04-02 00:00:00-04:00,79.94999694824219,80.22000122070312,79.51000213623047,80.0,70.73270416259766,2186100,0.0,0.0
2024-04-03 00:00:00-04:00,80.16000366210938,80.44000244140625,79.80000305175781,80.1500015258789,70.86531829833984,2822700,0.0,0.0
2024-04-04 00:00:00-04:00,80.44999694824219,80.80999755859375,79.0199966430664,79.22000122070312,70.04304504394531,3102600,0.0,0.0
2024-04-05 00:00:00-04:00,79.25,79.79000091552734,78.66000366210938,79.6500015258789,70.42323303222656,1978000,0.0,0.0
2024-04-08 00:00:00-04:00,79.94999694824219,80.69000244140625,79.6500015258789,79.9800033569336,70.71501159667969,2324200,0.0,0.0
2024-04-09 00:00:00-04:00,80.26000213623047,80.26000213623047,78.94999694824219,79.87000274658203,70.61774444580078,2676200,0.0,0.0
2024-04-10 00:00:00-04:00,79.29000091552734,79.5,78.55000305175781,79.05999755859375,69.90157318115234,3399100,0.0,0.0
2024-04-11 00:00:00-04:00,79.30999755859375,79.37000274658203,78.45999908447266,79.33999633789062,70.1491470336914,3246500,0.0,0.0
2024-04-12 00:00:00-04:00,79.52999877929688,80.25,78.33999633789062,78.69999694824219,69.58326721191406,3692800,0.0,0.0
2024-04-15 00:00:00-04:00,79.26000213623047,79.63999938964844,77.55000305175781,77.8499984741211,68.83174896240234,2720100,0.0,0.0
2024-04-16 00:00:00-04:00,77.94999694824219,78.27999877929688,76.29000091552734,77.08000183105469,68.15094757080078,3633600,0.0,0.0
2024-04-17 00:00:00-04:00,77.44999694824219,78.19999694824219,77.01000213623047,77.68000030517578,68.68143463134766,2647200,0.0,0.0
2024-04-18 00:00:00-04:00,77.72000122070312,78.22000122070312,77.37999725341797,77.87999725341797,68.85826110839844,2314700,0.0,0.0
2024-04-19 00:00:00-04:00,78.0999984741211,79.94999694824219,77.91999816894531,79.62999725341797,70.40553283691406,3044500,0.0,0.0
2024-04-22 00:00:00-04:00,79.55999755859375,80.83999633789062,78.88999938964844,79.91000366210938,70.65312957763672,2566900,0.0,0.0
2024-04-23 00:00:00-04:00,79.66999816894531,80.47000122070312,79.31999969482422,80.3499984741211,71.0421371459961,2184600,0.0,0.0
2024-04-24 00:00:00-04:00,80.0,81.12000274658203,79.55999755859375,80.94999694824219,71.57264709472656,1864800,0.0,0.0
2024-04-25 00:00:00-04:00,80.87000274658203,81.80999755859375,80.27999877929688,81.37999725341797,71.95282745361328,2076400,0.0,0.0
2024-04-26 00:00:00-04:00,81.30000305175781,81.41000366210938,80.58999633789062,81.05999755859375,71.66989135742188,1555100,0.0,0.0
2024-04-29 00:00:00-04:00,80.83999633789062,81.44000244140625,80.83999633789062,81.41999816894531,71.98818969726562,2590700,0.0,0.0
2024-04-30 00:00:00-04:00,80.36000061035156,80.44999694824219,78.83000183105469,79.12000274658203,70.81568908691406,4163700,0.99,0.0
2024-05-01 00:00:00-04:00,77.58999633789062,79.0,76.56999969482422,76.91999816894531,68.84659576416016,4848200,0.0,0.0
2024-05-02 00:00:00-04:00,77.9800033569336,78.19000244140625,76.66000366210938,76.94999694824219,68.87345123291016,2666500,0.0,0.0
2024-05-03 00:00:00-04:00,77.04000091552734,77.33999633789062,76.2300033569336,77.2300033569336,69.12406921386719,2235400,0.0,0.0
2024-05-06 00:00:00-04:00,77.62000274658203,78.58999633789062,77.37000274658203,78.06999969482422,69.87589263916016,2391000,0.0,0.0
2024-05-07 00:00:00-04:00,78.5199966430664,79.01000213623047,78.25,78.37000274658203,70.14441680908203,2366100,0.0,0.0
2024-05-08 00:00:00-04:00,78.02999877929688,79.30999755859375,77.63999938964844,79.13999938964844,70.83358764648438,2228500,0.0,0.0
2024-05-09 00:00:00-04:00,79.2300033569336,80.05000305175781,79.06999969482422,80.02999877929688,71.63017272949219,1834100,0.0,0.0
2024-05-10 00:00:00-04:00,80.4000015258789,80.66999816894531,79.62999725341797,80.06999969482422,71.66598510742188,1695200,0.0,0.0
2024-05-13 00:00:00-04:00,80.25,81.11000061035156,80.16000366210938,80.5999984741211,72.14035034179688,2577100,0.0,0.0
2024-05-14 00:00:00-04:00,80.62000274658203,81.80000305175781,80.43000030517578,81.68000030517578,73.10700225830078,2366100,0.0,0.0
2024-05-15 00:00:00-04:00,81.72000122070312,82.2699966430664,81.2699966430664,81.61000061035156,73.04434204101562,2535200,0.0,0.0
2024-05-16 00:00:00-04:00,81.5,82.81999969482422,81.5,82.23999786376953,73.60820770263672,2007500,0.0,0.0
2024-05-17 00:00:00-04:00,82.62000274658203,83.05000305175781,81.87999725341797,82.62999725341797,73.95728302001953,2176100,0.0,0.0
2024-05-20 00:00:00-04:00,83.0,83.08999633789062,82.44999694824219,82.70999908447266,74.02889251708984,1682800,0.0,0.0
2024-05-21 00:00:00-04:00,82.70999908447266,83.30999755859375,82.48999786376953,83.01000213623047,74.29740905761719,1462900,0.0,0.0
2024-05-22 00:00:00-04:00,82.72000122070312,82.72000122070312,81.25,81.66000366210938,73.08909606933594,1914700,0.0,0.0
2024-05-23 00:00:00-04:00,81.7699966430664,81.97000122070312,80.16999816894531,80.19000244140625,71.77338409423828,2095000,0.0,0.0
2024-05-24 00:00:00-04:00,80.58999633789062,81.12000274658203,80.55000305175781,80.8499984741211,72.36410522460938,1462700,0.0,0.0
2024-05-28 00:00:00-04:00,81.0,81.54000091552734,80.62000274658203,80.95999908447266,72.46257019042969,2756700,0.0,0.0
2024-05-29 00:00:00-04:00,80.75,80.75,79.38999938964844,79.58999633789062,71.2363510131836,2683400,0.0,0.0
2024-05-30 00:00:00-04:00,79.58000183105469,80.22000122070312,79.58000183105469,79.94000244140625,71.54962921142578,1961600,0.0,0.0
2024-05-31 00:00:00-04:00,79.94999694824219,81.06999969482422,79.94000244140625,81.0,72.49836730957031,5168500,0.0,0.0
2024-06-03 00:00:00-04:00,80.76000213623047,80.94999694824219,78.69000244140625,79.54000091552734,71.19160461425781,2998900,0.0,0.0
2024-06-04 00:00:00-04:00,78.75,79.13999938964844,77.87999725341797,79.04000091552734,70.74408721923828,3096000,0.0,0.0
2024-06-05 00:00:00-04:00,79.16999816894531,79.33999633789062,78.41000366210938,79.16000366210938,70.85149383544922,2675400,0.0,0.0
2024-06-06 00:00:00-04:00,78.87999725341797,79.30999755859375,78.37000274658203,78.94999694824219,70.66352844238281,2644700,0.0,0.0
2024-06-07 00:00:00-04:00,78.6500015258789,79.06999969482422,77.80000305175781,78.6500015258789,70.39501953125,2514300,0.0,0.0
2024-06-10 00:00:00-04:00,78.91999816894531,80.33000183105469,78.69000244140625,80.0199966430664,71.62123107910156,2589300,0.0,0.0
2024-06-11 00:00:00-04:00,79.56999969482422,79.94000244140625,78.79000091552734,79.63999938964844,71.2811050415039,2219900,0.0,0.0
2024-06-12 00:00:00-04:00,80.30000305175781,80.55999755859375,79.83000183105469,80.19000244140625,71.77338409423828,2006700,0.0,0.0
2024-06-13 00:00:00-04:00,79.75,80.0999984741211,78.5999984741211,78.76000213623047,70.49346923828125,3066100,0.0,0.0
2024-06-14 00:00:00-04:00,78.5199966430664,78.77999877929688,77.81999969482422,78.0999984741211,69.90274047851562,2508600,0.0,0.0
2024-06-17 00:00:00-04:00,78.12000274658203,79.52999877929688,77.81999969482422,79.05000305175781,70.75304412841797,2305600,0.0,0.0
2024-06-18 00:00:00-04:00,79.19999694824219,80.37000274658203,79.08000183105469,80.05999755859375,71.65702056884766,2250900,0.0,0.0
2024-06-20 00:00:00-04:00,79.9800033569336,81.29000091552734,79.80000305175781,81.05000305175781,72.5431137084961,2945000,0.0,0.0
2024-06-21 00:00:00-04:00,81.41000366210938,81.4800033569336,79.58999633789062,79.87999725341797,71.49592590332031,6799600,0.0,0.0
2024-06-24 00:00:00-04:00,79.87999725341797,81.3499984741211,79.87999725341797,80.88999938964844,72.39990997314453,2303400,0.0,0.0
2024-06-25 00:00:00-04:00,80.91000366210938,81.0999984741211,80.55000305175781,81.0199966430664,72.5162582397461,2162400,0.0,0.0
2024-06-26 00:00:00-04:00,81.0999984741211,81.20999908447266,80.43000030517578,80.52999877929688,72.07769012451172,1988700,0.0,0.0
2024-06-27 00:00:00-04:00,80.77999877929688,81.13999938964844,80.37000274658203,80.75,72.27461242675781,1578900,0.0,0.0
2024-06-28 00:00:00-04:00,81.27999877929688,81.63999938964844,80.63999938964844,81.55000305175781,72.99063873291016,4256000,0.0,0.0
2024-07-01 00:00:00-04:00,81.75,81.94999694824219,80.94999694824219,81.72000122070312,73.14278411865234,1709300,0.0,0.0
2024-07-02 00:00:00-04:00,82.33999633789062,82.66000366210938,81.72000122070312,82.33000183105469,73.68876647949219,1836100,0.0,0.0
2024-07-03 00:00:00-04:00,82.2300033569336,83.25,82.0999984741211,82.80000305175781,74.10944366455078,1564900,0.0,0.0
2024-07-05 00:00:00-04:00,82.68000030517578,82.73999786376953,81.88999938964844,82.25,73.6171646118164,1314800,0.0,0.0
2024-07-08 00:00:00-04:00,82.12000274658203,82.69999694824219,81.91999816894531,82.0,73.39340209960938,1409200,0.0,0.0
2024-07-09 00:00:00-04:00,81.81999969482422,82.86000061035156,81.70999908447266,82.41999816894531,73.76931762695312,1584800,0.0,0.0
2024-07-10 00:00:00-04:00,82.08999633789062,82.38999938964844,81.79000091552734,82.31999969482422,73.67981719970703,1395300,0.0,0.0
2024-07-11 00:00:00-04:00,82.25,83.33999633789062,81.98999786376953,82.9000015258789,74.19893646240234,1460400,0.0,0.0
2024-07-12 00:00:00-04:00,83.5,84.83999633789062,83.19000244140625,84.66000366210938,75.77422332763672,2202800,0.0,0.0
2024-07-15 00:00:00-04:00,85.0,85.7699966430664,84.58999633789062,84.68000030517578,75.79212188720703,2057700,0.0,0.0
2024-07-16 00:00:00-04:00,84.66999816894531,85.1500015258789,84.27999877929688,85.05999755859375,76.13223266601562,1562600,0.0,0.0
2024-07-17 00:00:00-04:00,85.33999633789062,86.19999694824219,85.08000183105469,85.37000274658203,76.40970611572266,2125900,0.0,0.0
2024-07-18 00:00:00-04:00,84.80000305175781,84.80000305175781,82.58000183105469,83.44000244140625,74.68228149414062,4857700,0.0,0.0
2024-07-19 00:00:00-04:00,83.5999984741211,84.7699966430664,83.30000305175781,83.47000122070312,74.70912170410156,3093300,0.0,0.0
2024-07-22 00:00:00-04:00,83.47000122070312,84.48999786376953,83.0199966430664,84.43000030517578,75.56835174560547,2979500,0.0,0.0
2024-07-23 00:00:00-04:00,84.1500015258789,84.5999984741211,83.05000305175781,83.2300033569336,74.49431610107422,2327100,0.0,0.0
2024-07-24 00:00:00-04:00,83.2300033569336,83.41999816894531,82.0999984741211,82.16000366210938,73.53662872314453,2372500,0.0,0.0
2024-07-25 00:00:00-04:00,82.0199966430664,82.13999938964844,81.30000305175781,81.4000015258789,72.85639953613281,2640400,0.0,0.0
2024-07-26 00:00:00-04:00,81.73999786376953,82.44999694824219,81.23999786376953,82.0199966430664,73.41131591796875,1826800,0.0,0.0
2024-07-29 00:00:00-04:00,82.2300033569336,82.33999633789062,81.06999969482422,82.19999694824219,73.57242584228516,2147500,0.0,0.0
2024-07-30 00:00:00-04:00,82.30999755859375,83.1500015258789,82.0999984741211,82.79000091552734,74.1004867553711,1989500,0.0,0.0
2024-07-31 00:00:00-04:00,83.66999816894531,84.0199966430664,82.86000061035156,83.33000183105469,74.58381652832031,3324400,0.0,0.0
2024-08-01 00:00:00-04:00,82.58000183105469,83.01000213623047,81.52999877929688,82.05999755859375,74.33019256591797,2088600,0.99,0.0
2024-08-02 00:00:00-04:00,81.18000030517578,81.48999786376953,78.94999694824219,80.16999816894531,72.61822509765625,3390500,0.0,0.0
2024-08-05 00:00:00-04:00,78.04000091552734,78.87999725341797,76.91000366210938,78.62000274658203,71.2142333984375,3528700,0.0,0.0
2024-08-06 00:00:00-04:00,79.36000061035156,83.02999877929688,78.97000122070312,82.31999969482422,74.56570434570312,5484200,0.0,0.0
2024-08-07 00:00:00-04:00,83.52999877929688,84.91999816894531,82.97000122070312,83.05999755859375,75.23600006103516,3701900,0.0,0.0
2024-08-08 00:00:00-04:00,83.30000305175781,85.44000244140625,82.98999786376953,85.33000183105469,77.29216766357422,2777100,0.0,0.0
2024-08-09 00:00:00-04:00,85.33000183105469,85.44000244140625,84.23999786376953,85.0,76.99325561523438,2569500,0.0,0.0
2024-08-12 00:00:00-04:00,85.5,85.52999877929688,84.47000122070312,85.18000030517578,77.15630340576172,2101900,0.0,0.0
2024-08-13 00:00:00-04:00,85.06999969482422,86.01000213623047,84.56999969482422,85.73999786376953,77.66353607177734,2616200,0.0,0.0
2024-08-14 00:00:00-04:00,85.66999816894531,86.5199966430664,85.47000122070312,86.33999633789062,78.20702362060547,2156100,0.0,0.0
2024-08-15 00:00:00-04:00,87.0,87.13999938964844,86.02999877929688,86.97000122070312,78.7776870727539,2555300,0.0,0.0
2024-08-16 00:00:00-04:00,86.66999816894531,87.73999786376953,86.5,87.45999908447266,79.22151947021484,5610600,0.0,0.0
2024-08-19 00:00:00-04:00,87.5,88.68000030517578,87.4000015258789,88.4000015258789,80.07298278808594,2074500,0.0,0.0
2024-08-20 00:00:00-04:00,88.16999816894531,88.36000061035156,86.19999694824219,86.58999633789062,78.43346405029297,2219000,0.0,0.0
2024-08-21 00:00:00-04:00,87.12999725341797,87.45999908447266,86.68000030517578,87.02999877929688,78.83203125,1809500,0.0,0.0
2024-08-22 00:00:00-04:00,87.08000183105469,87.87999725341797,87.08000183105469,87.5,79.25775146484375,1694100,0.0,0.0
2024-08-23 00:00:00-04:00,88.0,88.19000244140625,87.33999633789062,88.06999969482422,79.7740707397461,1557200,0.0,0.0
2024-08-26 00:00:00-04:00,88.7699966430664,89.27999877929688,88.3499984741211,88.5999984741211,80.25413513183594,1497900,0.0,0.0
2024-08-27 00:00:00-04:00,88.41999816894531,88.77999877929688,88.11000061035156,88.44000244140625,80.10921478271484,1351000,0.0,0.0
2024-08-28 00:00:00-04:00,88.16999816894531,88.7699966430664,87.73999786376953,88.20999908447266,79.90087890625,1670400,0.0,0.0
2024-08-29 00:00:00-04:00,88.41000366210938,90.66000366210938,88.19999694824219,90.1500015258789,81.65813446044922,4178600,0.0,0.0
2024-08-30 00:00:00-04:00,89.93000030517578,92.61000061035156,89.77999877929688,92.36000061035156,83.65995788574219,4921700,0.0,0.0
2024-09-03 00:00:00-04:00,91.80999755859375,92.83999633789062,91.0,92.23999786376953,83.55126190185547,3684700,0.0,0.0
2024-09-04 00:00:00-04:00,92.73999786376953,93.0,90.81999969482422,91.31999969482422,82.71792602539062,3158900,0.0,0.0
2024-09-05 00:00:00-04:00,91.91999816894531,92.4000015258789,91.2300033569336,91.80999755859375,83.16175842285156,2733400,0.0,0.0
2024-09-06 00:00:00-04:00,91.88999938964844,92.41999816894531,90.52999877929688,91.05999755859375,82.48241424560547,3207300,0.0,0.0
2024-09-09 00:00:00-04:00,91.55999755859375,92.7699966430664,90.9000015258789,92.04000091552734,83.3700942993164,2825500,0.0,0.0
2024-09-10 00:00:00-04:00,92.06999969482422,92.88999938964844,90.38999938964844,91.72000122070312,83.08025360107422,3441400,0.0,0.0
2024-09-11 00:00:00-04:00,91.44000244140625,91.55000305175781,89.0,90.23999786376953,81.73966217041016,3434500,0.0,0.0
2024-09-12 00:00:00-04:00,90.51000213623047,90.73999786376953,90.05999755859375,90.5,81.97515869140625,2333200,0.0,0.0
2024-09-13 00:00:00-04:00,90.75,91.38999938964844,90.26000213623047,91.37000274658203,82.76322937011719,1851500,0.0,0.0
2024-09-16 00:00:00-04:00,92.86000061035156,93.87999725341797,92.36000061035156,93.68000030517578,84.85562133789062,2286100,0.0,0.0
2024-09-17 00:00:00-04:00,93.69999694824219,94.94999694824219,93.37000274658203,94.66000366210938,85.74331665039062,2464200,0.0,0.0
2024-09-18 00:00:00-04:00,94.69999694824219,95.26000213623047,93.8499984741211,93.9000015258789,85.05489349365234,1824100,0.0,0.0
2024-09-19 00:00:00-04:00,95.18000030517578,95.27999877929688,93.27999877929688,93.7699966430664,84.93714141845703,2124200,0.0,0.0
2024-09-20 00:00:00-04:00,93.23999786376953,94.5199966430664,93.05000305175781,93.97000122070312,85.11830139160156,6023200,0.0,0.0
2024-09-23 00:00:00-04:00,94.18000030517578,95.37999725341797,94.13999938964844,95.2699966430664,86.29584503173828,2299100,0.0,0.0
2024-09-24 00:00:00-04:00,95.87999725341797,96.05000305175781,94.87999725341797,95.2300033569336,86.25960540771484,1883200,0.0,0.0
2024-09-25 00:00:00-04:00,95.30999755859375,95.66000366210938,94.20999908447266,94.69000244140625,85.7704849243164,2640900,0.0,0.0
2024-09-26 00:00:00-04:00,92.72000122070312,93.56999969482422,88.83000183105469,89.1500015258789,80.7523193359375,5757300,0.0,0.0
2024-09-27 00:00:00-04:00,89.19999694824219,90.6500015258789,88.73999786376953,90.23999786376953,81.73966217041016,3154800,0.0,0.0
2024-09-30 00:00:00-04:00,90.41999816894531,91.22000122070312,89.4000015258789,91.12999725341797,82.54582977294922,2491500,0.0,0.0
2024-10-01 00:00:00-04:00,90.44999694824219,92.7699966430664,90.0,92.27999877929688,83.58749389648438,2751300,0.0,0.0
2024-10-02 00:00:00-04:00,92.95999908447266,93.5,91.81999969482422,93.4000015258789,84.60198974609375,2396700,0.0,0.0
2024-10-03 00:00:00-04:00,93.62000274658203,95.12000274658203,92.97000122070312,94.70999908447266,85.7885971069336,2763300,0.0,0.0
2024-10-04 00:00:00-04:00,95.41000366210938,95.5199966430664,94.55000305175781,95.2300033569336,86.25960540771484,1861300,0.0,0.0
2024-10-07 00:00:00-04:00,95.08000183105469,95.58999633789062,94.56999969482422,94.83999633789062,85.90634155273438,1597900,0.0,0.0
2024-10-08 00:00:00-04:00,94.56999969482422,94.56999969482422,92.94000244140625,93.5999984741211,84.78315734863281,2100300,0.0,0.0
2024-10-09 00:00:00-04:00,93.16999816894531,94.88999938964844,92.94999694824219,94.75,85.82483673095703,1884300,0.0,0.0
2024-10-10 00:00:00-04:00,95.05000305175781,95.5,94.29000091552734,94.69000244140625,85.7704849243164,1372700,0.0,0.0
2024-10-11 00:00:00-04:00,94.79000091552734,96.63999938964844,94.66999816894531,96.61000061035156,87.5096206665039,4026300,0.0,0.0
2024-10-14 00:00:00-04:00,96.3499984741211,98.01000213623047,96.05000305175781,97.5,88.31578063964844,1962700,0.0,0.0
2024-10-15 00:00:00-04:00,95.87000274658203,96.25,94.52999877929688,94.9800033569336,86.03316497802734,3075800,0.0,0.0
2024-10-16 00:00:00-04:00,95.31999969482422,96.0,94.93000030517578,95.6500015258789,86.64004516601562,2085000,0.0,0.0
2024-10-17 00:00:00-04:00,96.0,96.94000244140625,95.94000244140625,96.44000244140625,87.35562896728516,2203100,0.0,0.0
2024-10-18 00:00:00-04:00,96.63999938964844,97.25,95.94999694824219,97.2300033569336,88.07122802734375,2123100,0.0,0.0
2024-10-21 00:00:00-04:00,97.75,98.43000030517578,96.20999908447266,96.81999969482422,87.69984436035156,1506700,0.0,0.0
2024-10-22 00:00:00-04:00,97.05000305175781,97.73999786376953,96.87000274658203,97.37000274658203,88.19804382324219,1922300,0.0,0.0
2024-10-23 00:00:00-04:00,96.98999786376953,97.9800033569336,96.45999908447266,96.76000213623047,87.64550018310547,1836100,0.0,0.0
2024-10-24 00:00:00-04:00,97.2699966430664,97.70999908447266,96.77999877929688,97.41999816894531,88.24331665039062,1818000,0.0,0.0
2024-10-25 00:00:00-04:00,97.86000061035156,97.86000061035156,96.12999725341797,96.66000366210938,87.5549087524414,2171200,0.0,0.0
2024-10-28 00:00:00-04:00,95.19999694824219,96.1500015258789,95.0,96.0199966430664,86.9751968383789,2442600,0.0,0.0
2024-10-29 00:00:00-04:00,95.87999725341797,95.94999694824219,94.95999908447266,95.55000305175781,86.54948425292969,2898900,0.0,0.0
2024-10-30 00:00:00-04:00,95.5999984741211,97.55999755859375,95.0,96.16000366210938,87.10200500488281,3921500,0.0,0.0
2024-10-31 00:00:00-04:00,96.93000030517578,98.05999755859375,96.5999984741211,96.87999725341797,87.75418090820312,3456600,0.0,0.0
2024-11-01 00:00:00-04:00,96.66000366210938,96.69000244140625,92.83000183105469,93.36000061035156,85.43885040283203,3165200,0.99,0.0
2024-11-04 00:00:00-05:00,93.68000030517578,95.79000091552734,93.52999877929688,95.63999938964844,87.52539825439453,3006100,0.0,0.0
2024-11-05 00:00:00-05:00,96.0,98.6500015258789,95.7699966430664,98.61000061035156,90.243408203125,3043000,0.0,0.0
2024-11-06 00:00:00-05:00,101.06999969482422,103.12000274658203,100.2300033569336,102.19999694824219,93.52881622314453,4402000,0.0,0.0
2024-11-07 00:00:00-05:00,102.18000030517578,104.5,101.66999816894531,104.13999938964844,95.30421447753906,3438100,0.0,0.0
2024-11-08 00:00:00-05:00,104.5,107.19999694824219,104.41999816894531,107.16000366210938,98.06798553466797,3579800,0.0,0.0
2024-11-11 00:00:00-05:00,107.83999633789062,109.18000030517578,106.8499984741211,109.04000091552734,99.78848266601562,2974000,0.0,0.0
2024-11-12 00:00:00-05:00,108.94000244140625,109.20999908447266,106.72000122070312,107.81999969482422,98.67198181152344,2934700,0.0,0.0
2024-11-13 00:00:00-05:00,108.44999694824219,108.83000183105469,107.45999908447266,108.16999816894531,98.99227905273438,4370500,0.0,0.0
2024-11-14 00:00:00-05:00,109.0,109.16999816894531,107.08000183105469,107.87999725341797,98.72688293457031,2640300,0.0,0.0
2024-11-15 00:00:00-05:00,107.7699966430664,110.05000305175781,107.55000305175781,109.80999755859375,100.49313354492188,3500500,0.0,0.0
2024-11-18 00:00:00-05:00,110.62999725341797,112.93000030517578,110.2300033569336,112.51000213623047,102.96405792236328,3637300,0.0,0.0
2024-11-19 00:00:00-05:00,111.52999877929688,113.2300033569336,111.22000122070312,113.11000061035156,103.51315307617188,3238200,0.0,0.0
2024-11-20 00:00:00-05:00,113.80000305175781,114.33000183105469,112.27999877929688,113.16000366210938,103.55890655517578,2506400,0.0,0.0
2024-11-21 00:00:00-05:00,113.9000015258789,117.23999786376953,113.81999969482422,116.75,106.84430694580078,3104000,0.0,0.0
2024-11-22 00:00:00-05:00,116.75,118.06999969482422,116.5999984741211,117.05000305175781,107.11885833740234,3662800,0.0,0.0
2024-11-25 00:00:00-05:00,117.0,117.55000305175781,108.87000274658203,111.5199966430664,102.05805206298828,10525700,0.0,0.0
2024-11-26 00:00:00-05:00,112.44999694824219,114.13999938964844,111.9000015258789,113.44999694824219,103.82428741455078,4953100,0.0,0.0
2024-11-27 00:00:00-05:00,112.58999633789062,113.27999877929688,111.73999786376953,112.58999633789062,103.0372543334961,2144200,0.0,0.0
2024-11-29 00:00:00-05:00,113.26000213623047,114.2699966430664,112.91999816894531,113.5999984741211,103.9615707397461,1704000,0.0,0.0
2024-12-02 00:00:00-05:00,113.62999725341797,113.62999725341797,109.80000305175781,110.44000244140625,101.06968688964844,3318900,0.0,0.0
2024-12-03 00:00:00-05:00,110.9000015258789,111.55000305175781,110.0199966430664,110.51000213623047,101.13375091552734,2518900,0.0,0.0
2024-12-04 00:00:00-05:00,110.29000091552734,110.29000091552734,107.70999908447266,108.73999786376953,99.51392364501953,3064300,0.0,0.0
2024-12-05 00:00:00-05:00,109.08999633789062,110.69999694824219,108.8499984741211,110.12000274658203,100.77684020996094,2182500,0.0,0.0
2024-12-06 00:00:00-05:00,110.0999984741211,110.38999938964844,108.12999725341797,109.0,99.75186157226562,2160000,0.0,0.0
2024-12-09 00:00:00-05:00,109.44000244140625,109.51000213623047,104.81999969482422,105.12000274658203,96.20105743408203,3093000,0.0,0.0
2024-12-10 00:00:00-05:00,105.95999908447266,105.95999908447266,104.08000183105469,104.33999633789062,95.48724365234375,2628600,0.0,0.0
2024-12-11 00:00:00-05:00,105.0999984741211,105.87999725341797,104.1500015258789,104.33000183105469,95.47809600830078,2681200,0.0,0.0
2024-12-12 00:00:00-05:00,104.19999694824219,105.27999877929688,103.80000305175781,104.47000122070312,95.60621643066406,2015100,0.0,0.0
2024-12-13 00:00:00-05:00,104.55000305175781,105.0,103.5199966430664,104.02999877929688,95.20353698730469,1801800,0.0,0.0
2024-12-16 00:00:00-05:00,103.95999908447266,104.05000305175781,102.33999633789062,102.8499984741211,94.12366485595703,2957800,0.0,0.0
2024-12-17 00:00:00-05:00,101.87999725341797,102.23999786376953,100.12000274658203,101.77999877929688,93.14444732666016,3707100,0.0,0.0
2024-12-18 00:00:00-05:00,101.41999816894531,101.51000213623047,97.58999633789062,97.63999938964844,89.35570526123047,3847200,0.0,0.0
2024-12-19 00:00:00-05:00,98.62999725341797,99.20999908447266,97.38999938964844,97.66000366210938,89.3740234375,3719400,0.0,0.0
2024-12-20 00:00:00-05:00,97.69999694824219,100.5199966430664,97.22000122070312,100.08000183105469,91.58868408203125,8590500,0.0,0.0
2024-12-23 00:00:00-05:00,99.62999725341797,101.16999816894531,98.61000061035156,100.97000122070312,92.4031753540039,2249600,0.0,0.0
2024-12-24 00:00:00-05:00,101.45999908447266,102.30999755859375,100.91999816894531,102.19000244140625,93.5196533203125,1153900,0.0,0.0
2024-12-26 00:00:00-05:00,101.91000366210938,102.04000091552734,100.7699966430664,101.25,92.65941619873047,1971600,0.0,0.0
2024-12-27 00:00:00-05:00,100.79000091552734,101.51000213623047,100.20999908447266,100.83000183105469,92.27505493164062,1928300,0.0,0.0
2024-12-30 00:00:00-05:00,100.72000122070312,101.47000122070312,99.52999877929688,100.77999877929688,92.22928619384766,2434300,0.0,0.0
2024-12-31 00:00:00-05:00,101.0,101.43000030517578,100.04000091552734,100.4000015258789,91.88153839111328,2318700,0.0,0.0
2025-01-02 00:00:00-05:00,101.4800033569336,102.44000244140625,100.81999969482422,101.7699966430664,93.13529205322266,2577600,0.0,0.0
2025-01-03 00:00:00-05:00,102.4800033569336,103.7699966430664,102.2300033569336,102.9000015258789,94.16943359375,2399000,0.0,0.0
2025-01-06 00:00:00-05:00,103.5,103.73999786376953,101.12999725341797,101.62000274658203,92.9980239868164,3011200,0.0,0.0
2025-01-07 00:00:00-05:00,102.0199966430664,102.66000366210938,101.0,101.61000061035156,92.98887634277344,2105500,0.0,0.0
2025-01-08 00:00:00-05:00,101.31999969482422,103.19000244140625,101.16999816894531,102.8499984741211,94.12366485595703,2736200,0.0,0.0
2025-01-10 00:00:00-05:00,102.8499984741211,103.56999969482422,100.91000366210938,101.75,93.11699676513672,3023600,0.0,0.0
2025-01-13 00:00:00-05:00,101.9000015258789,104.38999938964844,101.25,103.9800033569336,95.15779113769531,3495600,0.0,0.0
2025-01-14 00:00:00-05:00,104.1500015258789,107.16999816894531,103.94999694824219,106.04000091552734,97.04300689697266,2569700,0.0,0.0
2025-01-15 00:00:00-05:00,107.22000122070312,107.47000122070312,105.94999694824219,106.87999725341797,97.81172943115234,2771200,0.0,0.0
2025-01-16 00:00:00-05:00,106.97000122070312,108.68000030517578,106.72000122070312,108.66000366210938,99.44071197509766,2850900,0.0,0.0
2025-01-17 00:00:00-05:00,108.56999969482422,110.02999877929688,107.69999694824219,108.95999908447266,99.71525573730469,3233900,0.0,0.0
2025-01-21 00:00:00-05:00,108.80000305175781,111.0199966430664,108.80000305175781,109.8499984741211,100.52973937988281,3287200,0.0,0.0
2025-01-22 00:00:00-05:00,110.61000061035156,110.62000274658203,105.9800033569336,106.30000305175781,97.28095245361328,3191600,0.0,0.0
2025-01-23 00:00:00-05:00,107.16999816894531,107.5,103.77999877929688,104.88999938964844,95.9905776977539,3095900,0.0,0.0
2025-01-24 00:00:00-05:00,104.75,105.86000061035156,104.12999725341797,104.52999877929688,95.66111755371094,3080300,0.0,0.0
2025-01-27 00:00:00-05:00,102.94999694824219,103.18000030517578,99.52999877929688,100.44999694824219,91.92727661132812,5436300,0.0,0.0
2025-01-28 00:00:00-05:00,100.98999786376953,101.36000061035156,99.5199966430664,100.5999984741211,92.06456756591797,4488800,0.0,0.0
2025-01-29 00:00:00-05:00,100.66999816894531,102.25,99.52999877929688,100.37999725341797,91.86323547363281,5078000,0.0,0.0
2025-01-30 00:00:00-05:00,101.3499984741211,101.58000183105469,99.61000061035156,99.87000274658203,91.3965072631836,15943500,0.0,0.0
2025-01-31 00:00:00-05:00,99.94999694824219,101.44999694824219,96.81999969482422,97.16999816894531,88.92559051513672,5956400,0.0,0.0
2025-02-03 00:00:00-05:00,95.20999908447266,98.1500015258789,94.56999969482422,97.62999725341797,90.30377197265625,4699600,1.03,0.0
2025-02-04 00:00:00-05:00,99.0,99.25,96.7300033569336,97.0199966430664,89.73954010009766,4225900,0.0,0.0
2025-02-05 00:00:00-05:00,97.7699966430664,98.5999984741211,97.04000091552734,97.91000366210938,90.5627670288086,3666300,0.0,0.0
2025-02-06 00:00:00-05:00,97.97000122070312,98.26000213623047,95.11000061035156,95.81999969482422,88.62959289550781,3962900,0.0,0.0
2025-02-07 00:00:00-05:00,95.75,96.3499984741211,94.7699966430664,95.80999755859375,88.62034606933594,3746700,0.0,0.0
2025-02-10 00:00:00-05:00,97.25,100.05000305175781,96.87000274658203,98.69000244140625,91.28424072265625,5103900,0.0,0.0
2025-02-11 00:00:00-05:00,98.41000366210938,99.79000091552734,97.44000244140625,98.93000030517578,91.50621795654297,3359300,0.0,0.0
2025-02-12 00:00:00-05:00,97.45999908447266,100.05000305175781,97.2699966430664,97.62000274658203,90.29452514648438,3754000,0.0,0.0
2025-02-13 00:00:00-05:00,97.48999786376953,99.19999694824219,97.08999633789062,98.97000122070312,91.54322052001953,4336500,0.0,0.0
2025-02-14 00:00:00-05:00,99.0999984741211,99.69000244140625,97.80999755859375,97.8499984741211,90.50727081298828,2814000,0.0,0.0
2025-02-18 00:00:00-05:00,97.98999786376953,99.25,97.04000091552734,98.63999938964844,91.23798370361328,3457600,0.0,0.0
2025-02-19 00:00:00-05:00,98.51000213623047,100.01000213623047,98.2699966430664,99.19999694824219,91.7559585571289,2729800,0.0,0.0
2025-02-20 00:00:00-05:00,98.80999755859375,98.88999938964844,96.5999984741211,98.62999725341797,91.22872161865234,2986200,0.0,0.0
2025-02-21 00:00:00-05:00,97.95999908447266,99.45999908447266,97.31999969482422,98.0999984741211,90.73851013183594,4112800,0.0,0.0
2025-02-24 00:00:00-05:00,98.70999908447266,99.93000030517578,97.30000305175781,98.12000274658203,90.75700378417969,4545200,0.0,0.0
2025-02-25 00:00:00-05:00,98.16000366210938,98.87999725341797,92.36000061035156,95.7699966430664,88.58333587646484,7094300,0.0,0.0
2025-02-26 00:00:00-05:00,95.20999908447266,96.31999969482422,94.4000015258789,95.76000213623047,88.57410430908203,3242300,0.0,0.0
2025-02-27 00:00:00-05:00,95.9800033569336,97.69000244140625,95.1500015258789,96.63999938964844,89.38805389404297,3178200,0.0,0.0
2025-02-28 00:00:00-05:00,97.05000305175781,100.44000244140625,96.97000122070312,100.38999938964844,92.85665893554688,7100800,0.0,0.0
2025-03-03 00:00:00-05:00,100.38999938964844,101.4800033569336,96.0,96.76000213623047,89.49906158447266,3557300,0.0,0.0
2025-03-04 00:00:00-05:00,95.16000366210938,95.76000213623047,92.63999938964844,93.79000091552734,86.7519302368164,4215900,0.0,0.0
2025-03-05 00:00:00-05:00,92.55999755859375,93.5,90.41000366210938,91.87000274658203,84.97600555419922,4906900,0.0,0.0
2025-03-06 00:00:00-05:00,91.0,91.37999725341797,88.56999969482422,89.73999786376953,83.00582885742188,4589300,0.0,0.0
2025-03-07 00:00:00-05:00,89.69000244140625,90.4800033569336,87.36000061035156,89.56999969482422,82.84858703613281,4077200,0.0,0.0
2025-03-10 00:00:00-04:00,89.79000091552734,92.58999633789062,88.47000122070312,91.41999816894531,84.55976867675781,5995400,0.0,0.0
2025-03-11 00:00:00-04:00,91.70999908447266,93.62999725341797,91.54000091552734,92.62000274658203,85.66973876953125,5919800,0.0,0.0
2025-03-12 00:00:00-04:00,93.80000305175781,94.80000305175781,92.77999877929688,92.97000122070312,85.99346160888672,3186500,0.0,0.0
2025-03-13 00:00:00-04:00,93.04000091552734,94.72000122070312,92.5999984741211,93.5,86.48368835449219,4146100,0.0,0.0
2025-03-14 00:00:00-04:00,94.44000244140625,96.87999725341797,93.9000015258789,96.43000030517578,89.1938247680664,2944400,0.0,0.0
2025-03-17 00:00:00-04:00,96.30000305175781,99.45999908447266,96.18000030517578,98.44000244140625,91.05299377441406,2878900,0.0,0.0
2025-03-18 00:00:00-04:00,99.13999938964844,99.72000122070312,97.68000030517578,98.01000213623047,90.65525817871094,2728700,0.0,0.0
2025-03-19 00:00:00-04:00,98.55000305175781,100.88999938964844,98.3499984741211,100.05000305175781,92.54217529296875,3153200,0.0,0.0
2025-03-20 00:00:00-04:00,99.61000061035156,100.95999908447266,99.08999633789062,100.6500015258789,93.09713745117188,2753400,0.0,0.0
2025-03-21 00:00:00-04:00,100.12000274658203,100.47000122070312,98.66999816894531,99.33999633789062,91.88545227050781,9379300,0.0,0.0
2025-03-24 00:00:00-04:00,100.20999908447266,102.7300033569336,99.7699966430664,102.30000305175781,94.62332916259766,3284700,0.0,0.0
2025-03-25 00:00:00-04:00,102.83999633789062,103.63999938964844,102.18000030517578,102.37999725341797,94.69732666015625,2672800,0.0,0.0
2025-03-26 00:00:00-04:00,103.30999755859375,103.61000061035156,100.88999938964844,101.26000213623047,93.66136932373047,2731400,0.0,0.0
2025-03-27 00:00:00-04:00,101.2699966430664,101.2699966430664,98.2300033569336,98.68000030517578,91.27497100830078,2849400,0.0,0.0
2025-03-28 00:00:00-04:00,98.83000183105469,99.12000274658203,97.29000091552734,98.4800033569336,91.0899887084961,2167800,0.0,0.0
2025-03-31 00:00:00-04:00,98.1500015258789,99.70999908447266,97.97000122070312,99.22000122070312,91.77445983886719,3715300,0.0,0.0
2025-04-01 00:00:00-04:00,98.54000091552734,99.69999694824219,97.62999725341797,99.5,92.03343963623047,2037300,0.0,0.0
2025-04-02 00:00:00-04:00,98.27999877929688,100.56999969482422,98.20999908447266,100.37000274658203,92.83816528320312,2150400,0.0,0.0
2025-04-03 00:00:00-04:00,95.81999969482422,97.41000366210938,92.5199966430664,92.69999694824219,85.74372100830078,5845700,0.0,0.0
2025-04-04 00:00:00-04:00,88.44999694824219,89.5999984741211,80.45999908447266,80.86000061035156,74.79219818115234,11054300,0.0,0.0
2025-04-07 00:00:00-04:00,77.98999786376953,83.8499984741211,75.47000122070312,80.91000366210938,74.83844757080078,11180900,0.0,0.0
2025-04-08 00:00:00-04:00,83.87999725341797,84.5,77.2699966430664,78.70999908447266,72.80354309082031,6621800,0.0,0.0
2025-04-09 00:00:00-04:00,77.44000244140625,85.9800033569336,75.55000305175781,84.86000061035156,78.4920425415039,7617100,0.0,0.0
2025-04-10 00:00:00-04:00,82.45999908447266,82.9000015258789,78.55000305175781,81.23999786376953,75.14368438720703,5158800,0.0,0.0
2025-04-11 00:00:00-04:00,81.5999984741211,82.91000366210938,78.81999969482422,82.55999755859375,76.3646240234375,3777800,0.0,0.0
2025-04-14 00:00:00-04:00,84.5,84.9000015258789,82.30999755859375,83.37999725341797,77.12310028076172,3239200,0.0,0.0
2025-04-15 00:00:00-04:00,83.69000244140625,86.06999969482422,83.47000122070312,84.16000366210938,77.84457397460938,3286200,0.0,0.0
2025-04-16 00:00:00-04:00,84.30999755859375,86.22000122070312,84.16000366210938,84.80000305175781,78.4365463256836,2675700,0.0,0.0
2025-04-17 00:00:00-04:00,86.0199966430664,88.12999725341797,85.9000015258789,86.2300033569336,79.75923919677734,2758000,0.0,0.0
2025-04-21 00:00:00-04:00,84.98999786376953,85.7300033569336,80.94000244140625,81.81999969482422,75.68017578125,3477200,0.0,0.0
2025-04-22 00:00:00-04:00,83.47000122070312,84.44000244140625,82.30000305175781,84.05000305175781,77.7428207397461,2884800,0.0,0.0
2025-04-23 00:00:00-04:00,85.20999908447266,87.29000091552734,84.02999877929688,84.66000366210938,78.30705261230469,4243300,0.0,0.0
2025-04-24 00:00:00-04:00,85.31999969482422,86.88999938964844,85.0199966430664,86.27999877929688,79.80548858642578,3494400,0.0,0.0
2025-04-25 00:00:00-04:00,85.5,86.5199966430664,85.5,86.30999755859375,79.83323669433594,1831800,0.0,0.0
2025-04-28 00:00:00-04:00,86.22000122070312,88.1500015258789,86.1500015258789,87.87000274658203,81.27616882324219,3578200,0.0,0.0
2025-04-29 00:00:00-04:00,87.12000274658203,88.19000244140625,86.58000183105469,87.86000061035156,81.26692199707031,3491300,0.0,0.0
2025-04-30 00:00:00-04:00,84.25,84.37999725341797,80.80000305175781,82.16000366210938,75.9946517944336,7058300,0.0,0.0
2025-05-01 00:00:00-04:00,81.20999908447266,83.5199966430664,80.55000305175781,80.93000030517578,74.8569564819336,5276000,0.0,0.0
2025-05-02 00:00:00-04:00,82.19999694824219,83.18000030517578,80.94000244140625,82.77999877929688,76.56812286376953,5505900,0.0,0.0
2025-05-05 00:00:00-04:00,81.20999908447266,81.45999908447266,79.29000091552734,80.1500015258789,75.06954193115234,3588600,1.03,0.0
2025-05-06 00:00:00-04:00,80.0999984741211,80.44999694824219,78.56999969482422,79.29000091552734,74.2640609741211,3996200,0.0,0.0
2025-05-07 00:00:00-04:00,79.48999786376953,80.62999725341797,79.05999755859375,80.25,75.1632080078125,3285100,0.0,0.0
2025-05-08 00:00:00-04:00,81.25,83.02999877929688,80.7699966430664,82.25,77.03643035888672,4868800,0.0,0.0
2025-05-09 00:00:00-04:00,83.58999633789062,83.94000244140625,82.06999969482422,82.30000305175781,77.08326721191406,2885300,0.0,0.0
2025-05-12 00:00:00-04:00,85.29000091552734,86.75,84.16999816894531,85.04000091552734,79.64958953857422,3386300,0.0,0.0
2025-05-13 00:00:00-04:00,85.30000305175781,87.9800033569336,84.98999786376953,86.51000213623047,81.02640533447266,3358000,0.0,0.0
2025-05-14 00:00:00-04:00,86.23999786376953,86.7300033569336,85.5,86.61000061035156,81.12007141113281,3385200,0.0,0.0
2025-05-15 00:00:00-04:00,85.25,86.0999984741211,84.69999694824219,86.02999877929688,80.57683563232422,3368100,0.0,0.0
2025-05-16 00:00:00-04:00,86.19000244140625,86.43000030517578,84.58999633789062,85.66999816894531,80.23963928222656,2983800,0.0,0.0
2025-05-19 00:00:00-04:00,84.0,85.06999969482422,83.77999877929688,84.7300033569336,79.35923767089844,2320500,0.0,0.0
2025-05-20 00:00:00-04:00,84.36000061035156,84.70999908447266,83.47000122070312,83.70999908447266,78.40388488769531,2488600,0.0,0.0
2025-05-21 00:00:00-04:00,83.1500015258789,83.70999908447266,81.72000122070312,81.83000183105469,76.64305114746094,2725300,0.0,0.0
2025-05-22 00:00:00-04:00,81.4000015258789,81.8499984741211,80.30999755859375,81.37000274658203,76.21221160888672,2558000,0.0,0.0
2025-05-23 00:00:00-04:00,80.30999755859375,81.51000213623047,80.30999755859375,81.13999938964844,75.99679565429688,2115500,0.0,0.0
2025-05-27 00:00:00-04:00,82.0,82.0999984741211,80.76000213623047,81.73999786376953,76.55876159667969,3064000,0.0,0.0
2025-05-28 00:00:00-04:00,82.37999725341797,82.37999725341797,80.4800033569336,80.58999633789062,75.48164367675781,3571100,0.0,0.0
2025-05-29 00:00:00-04:00,80.0,80.69999694824219,79.23999786376953,80.68000030517578,75.56594848632812,3399100,0.0,0.0
2025-05-30 00:00:00-04:00,79.87000274658203,80.83999633789062,79.08000183105469,80.83999633789062,75.71580505371094,8053600,0.0,0.0
2025-06-02 00:00:00-04:00,82.33000183105469,82.75,80.45999908447266,82.51000213623047,77.27995300292969,4111500,0.0,0.0
2025-06-03 00:00:00-04:00,82.62999725341797,83.81999969482422,81.66999816894531,83.23999786376953,77.96367645263672,3902000,0.0,0.0
2025-06-04 00:00:00-04:00,82.88999938964844,83.87000274658203,80.26000213623047,80.5199966430664,75.41609191894531,6153200,0.0,0.0
2025-06-05 00:00:00-04:00,81.3499984741211,81.7699966430664,80.29000091552734,81.19000244140625,76.04362487792969,5371600,0.0,0.0
2025-06-06 00:00:00-04:00,82.01000213623047,82.54000091552734,81.30999755859375,81.72000122070312,76.54002380371094,3617100,0.0,0.0
2025-06-09 00:00:00-04:00,82.0,82.4800033569336,80.69000244140625,81.12000274658203,75.97806549072266,4771100,0.0,0.0
2025-06-10 00:00:00-04:00,81.79000091552734,82.44000244140625,81.26000213623047,81.72000122070312,76.54002380371094,3525600,0.0,0.0
2025-06-11 00:00:00-04:00,82.56999969482422,83.55999755859375,81.88999938964844,82.9000015258789,77.64522552490234,4631700,0.0,0.0
2025-06-12 00:00:00-04:00,82.88999938964844,83.56999969482422,82.47000122070312,82.6500015258789,77.41107940673828,4512200,0.0,0.0
2025-06-13 00:00:00-04:00,84.30000305175781,85.1500015258789,83.5999984741211,83.75,78.44135284423828,5358100,0.0,0.0
2025-06-16 00:00:00-04:00,83.4800033569336,84.08999633789062,81.26000213623047,82.1500015258789,76.9427719116211,5530100,0.0,0.0
2025-06-17 00:00:00-04:00,82.68000030517578,83.19999694824219,81.16999816894531,81.36000061035156,76.2028579711914,3513800,0.0,0.0
2025-06-18 00:00:00-04:00,81.62000274658203,82.08000183105469,80.51000213623047,81.16999816894531,76.02488708496094,3660300,0.0,0.0
2025-06-20 00:00:00-04:00,81.88999938964844,82.66000366210938,81.62000274658203,82.37000274658203,77.1488265991211,7507300,0.0,0.0
2025-06-23 00:00:00-04:00,83.02999877929688,83.44000244140625,79.23999786376953,79.8499984741211,74.78855895996094,4196100,0.0,0.0
2025-06-24 00:00:00-04:00,79.2300033569336,80.9000015258789,79.08999633789062,80.55999755859375,75.45354461669922,3257300,0.0,0.0
2025-06-25 00:00:00-04:00,80.5,80.68000030517578,79.36000061035156,80.19000244140625,75.10700988769531,3101000,0.0,0.0
2025-06-26 00:00:00-04:00,80.0,81.3499984741211,79.69999694824219,81.31999969482422,76.16537475585938,3336000,0.0,0.0
2025-06-27 00:00:00-04:00,81.19000244140625,82.0199966430664,80.66999816894531,81.25,76.09981536865234,3206200,0.0,0.0
2025-06-30 00:00:00-04:00,81.30000305175781,81.88999938964844,80.77999877929688,81.62999725341797,76.45572662353516,2863700,0.0,0.0
2025-07-01 00:00:00-04:00,81.62999725341797,81.62999725341797,80.05000305175781,80.98999786376953,75.85629272460938,3969500,0.0,0.0
2025-07-02 00:00:00-04:00,82.0,82.13999938964844,80.37999725341797,82.13999938964844,76.93339538574219,3055900,0.0,0.0
2025-07-03 00:00:00-04:00,82.4000015258789,82.79000091552734,81.7699966430664,82.13999938964844,76.93339538574219,1757600,0.0,0.0
2025-07-07 00:00:00-04:00,81.12000274658203,81.72000122070312,79.18000030517578,80.16999816894531,75.08827209472656,3929000,0.0,0.0
2025-07-08 00:00:00-04:00,80.08000183105469,81.6500015258789,79.69000244140625,81.5999984741211,76.42762756347656,4188300,0.0,0.0
2025-07-09 00:00:00-04:00,81.98999786376953,82.0,80.75,81.16000366210938,76.01551818847656,3242900,0.0,0.0
2025-07-10 00:00:00-04:00,80.61000061035156,81.08999633789062,80.06999969482422,80.91000366210938,75.7813720703125,2666300,0.0,0.0
2025-07-11 00:00:00-04:00,80.55999755859375,81.44000244140625,80.44000244140625,81.33999633789062,76.18411254882812,2315900,0.0,0.0
2025-07-14 00:00:00-04:00,81.18000030517578,81.68000030517578,80.72000122070312,81.58000183105469,76.40889739990234,2586100,0.0,0.0
2025-07-15 00:00:00-04:00,81.7699966430664,81.77999877929688,79.73999786376953,79.94000244140625,74.87285614013672,2566100,0.0,0.0
2025-07-16 00:00:00-04:00,79.9000015258789,80.19999694824219,78.94999694824219,79.16999816894531,74.15165710449219,3481900,0.0,0.0
2025-07-17 00:00:00-04:00,79.36000061035156,81.37000274658203,79.0999984741211,81.23999786376953,76.09044647216797,3352600,0.0,0.0
2025-07-18 00:00:00-04:00,81.91000366210938,83.91000366210938,81.63999938964844,83.30000305175781,78.01988220214844,4553700,0.0,0.0
2025-07-21 00:00:00-04:00,83.44999694824219,83.48999786376953,80.23999786376953,80.37999725341797,75.28496551513672,3683300,0.0,0.0
2025-07-22 00:00:00-04:00,80.4000015258789,81.43000030517578,79.91999816894531,80.73999786376953,75.62214660644531,3029500,0.0,0.0
2025-07-23 00:00:00-04:00,81.12999725341797,81.83000183105469,80.73999786376953,81.66999816894531,76.49319458007812,2658300,0.0,0.0
2025-07-24 00:00:00-04:00,81.54000091552734,82.62999725341797,81.33000183105469,82.01000213623047,76.8116455078125,3424000,0.0,0.0
2025-07-25 00:00:00-04:00,82.0199966430664,82.20999908447266,81.29000091552734,81.54000091552734,76.3714370727539,3124100,0.0,0.0
2025-07-28 00:00:00-04:00,82.06999969482422,82.5999984741211,81.45999908447266,81.80999755859375,76.62432861328125,2337700,0.0,0.0
2025-07-29 00:00:00-04:00,82.5,83.58000183105469,82.1500015258789,83.47000122070312,78.17910766601562,3246300,0.0,0.0
2025-07-30 00:00:00-04:00,82.83999633789062,83.30999755859375,81.69999694824219,82.19000244140625,76.98023986816406,3208300,0.0,0.0
2025-07-31 00:00:00-04:00,81.55999755859375,83.05000305175781,81.30000305175781,82.11000061035156,76.90530395507812,4208500,0.0,0.0
2025-08-01 00:00:00-04:00,80.27999877929688,80.31999969482422,77.75,78.98999786376953,74.92291259765625,3671700,1.03,0.0
2025-08-04 00:00:00-04:00,79.05000305175781,79.97000122070312,78.83000183105469,79.83000183105469,75.71967315673828,3438800,0.0,0.0
2025-08-05 00:00:00-04:00,79.0,79.26000213623047,74.2300033569336,75.69999694824219,71.80232238769531,9328100,0.0,0.0
2025-08-06 00:00:00-04:00,76.73999786376953,77.0,74.87000274658203,75.2300033569336,71.35652160644531,4758300,0.0,0.0
2025-08-07 00:00:00-04:00,75.69000244140625,76.95999908447266,75.4000015258789,75.4800033569336,71.59364318847656,3414800,0.0,0.0
2025-08-08 00:00:00-04:00,75.5,76.0199966430664,74.41999816894531,74.45999908447266,70.62615966796875,3161200,0.0,0.0
2025-08-11 00:00:00-04:00,74.62000274658203,75.01000213623047,73.51000213623047,73.6500015258789,69.85787200927734,3681200,0.0,0.0
2025-08-12 00:00:00-04:00,73.5,74.3499984741211,73.0199966430664,74.05000305175781,70.2372817993164,3637500,0.0,0.0
2025-08-13 00:00:00-04:00,74.0,75.3499984741211,73.70999908447266,75.33000183105469,71.45137023925781,3504500,0.0,0.0
2025-08-14 00:00:00-04:00,74.8499984741211,75.52999877929688,74.06999969482422,74.80000305175781,70.94865417480469,3107000,0.0,0.0
2025-08-15 00:00:00-04:00,74.87000274658203,75.44000244140625,73.8499984741211,73.93000030517578,70.12345123291016,3670100,0.0,0.0
2025-08-18 00:00:00-04:00,73.58999633789062,73.76000213623047,72.75,73.04000091552734,69.2792739868164,2517500,0.0,0.0
2025-08-19 00:00:00-04:00,72.8499984741211,73.69000244140625,72.18000030517578,73.5,69.71558380126953,2382700,0.0,0.0
2025-08-20 00:00:00-04:00,73.44999694824219,74.05000305175781,72.9800033569336,73.68000030517578,69.88632202148438,2714900,0.0,0.0
2025-08-21 00:00:00-04:00,73.76000213623047,74.55999755859375,73.5,74.0199966430664,70.20880889892578,3340000,0.0,0.0
2025-08-22 00:00:00-04:00,74.26000213623047,75.44000244140625,74.20999908447266,74.83999633789062,70.9865951538086,2382300,0.0,0.0
2025-08-25 00:00:00-04:00,74.81999969482422,75.6500015258789,74.37999725341797,74.43000030517578,70.59770965576172,2757000,0.0,0.0
2025-08-26 00:00:00-04:00,74.0999984741211,74.4800033569336,73.41000366210938,74.41999816894531,70.58821868896484,7253900,0.0,0.0
2025-08-27 00:00:00-04:00,74.23999786376953,75.55000305175781,74.12999725341797,75.08000183105469,71.21424102783203,2302000,0.0,0.0
2025-08-28 00:00:00-04:00,75.37000274658203,76.0199966430664,74.70999908447266,75.88999938964844,71.98252868652344,2461000,0.0,0.0
2025-08-29 00:00:00-04:00,75.83000183105469,76.44000244140625,75.63999938964844,76.37999725341797,72.44730377197266,2652600,0.0,0.0
2025-09-02 00:00:00-04:00,75.91999816894531,76.2300033569336,73.62999725341797,74.62000274658203,70.77792358398438,4885000,0.0,0.0
2025-09-03 00:00:00-04:00,74.2699966430664,74.52999877929688,73.5999984741211,73.87000274658203,70.06653594970703,3394600,0.0,0.0
2025-09-04 00:00:00-04:00,74.05000305175781,74.5199966430664,73.58000183105469,74.37999725341797,70.55027770996094,2505800,0.0,0.0
2025-09-05 00:00:00-04:00,74.01000213623047,74.13999938964844,70.62999725341797,72.62999725341797,68.890380859375,4956300,0.0,0.0
2025-09-08 00:00:00-04:00,73.19000244140625,73.52999877929688,71.06999969482422,71.36000061035156,67.68577575683594,3914100,0.0,0.0
2025-09-09 00:00:00-04:00,71.9000015258789,72.5999984741211,71.61000061035156,71.83999633789062,68.14105987548828,3491000,0.0,0.0
2025-09-10 00:00:00-04:00,71.83999633789062,73.37000274658203,71.7300033569336,73.3499984741211,69.57331085205078,3402700,0.0,0.0
2025-09-11 00:00:00-04:00,72.5199966430664,73.48999786376953,72.36000061035156,73.30000305175781,69.52588653564453,2436600,0.0,0.0
2025-09-12 00:00:00-04:00,73.77999877929688,73.87000274658203,73.05000305175781,73.05000305175781,69.28876495361328,2452200,0.0,0.0
2025-09-15 00:00:00-04:00,73.45999908447266,73.48999786376953,72.52999877929688,72.61000061035156,68.87141418457031,2887200,0.0,0.0
2025-09-16 00:00:00-04:00,73.05999755859375,73.30999755859375,72.30999755859375,72.58000183105469,68.84295654296875,2645200,0.0,0.0
2025-09-17 00:00:00-04:00,72.41000366210938,73.7699966430664,72.30999755859375,72.86000061035156,69.1085433959961,2723600,0.0,0.0
2025-09-18 00:00:00-04:00,73.69999694824219,74.33999633789062,73.30000305175781,73.58000183105469,69.79147338867188,3301500,0.0,0.0
2025-09-19 00:00:00-04:00,73.68000030517578,73.7300033569336,71.0199966430664,71.55000305175781,67.8659896850586,8657100,0.0,0.0
2025-09-22 00:00:00-04:00,71.27999877929688,72.33999633789062,70.94000244140625,71.62000274658203,67.93238830566406,3827900,0.0,0.0
2025-09-23 00:00:00-04:00,72.0,73.43000030517578,71.80000305175781,72.5999984741211,68.86193084716797,3920600,0.0,0.0
2025-09-24 00:00:00-04:00,73.04000091552734,74.36000061035156,72.80999755859375,73.66999816894531,69.8768310546875,3418800,0.0,0.0
2025-09-25 00:00:00-04:00,73.3499984741211,74.01000213623047,73.05000305175781,73.44000244140625,69.65868377685547,3329500,0.0,0.0
2025-09-26 00:00:00-04:00,73.61000061035156,75.25,73.55999755859375,73.88999938964844,70.08550262451172,3983400,0.0,0.0
2025-09-29 00:00:00-04:00,74.08999633789062,74.12999725341797,72.0,73.0999984741211,69.336181640625,4410800,0.0,0.0
2025-09-30 00:00:00-04:00,72.13999938964844,73.20999908447266,71.80000305175781,72.97000122070312,69.21287536621094,6809000,0.0,0.0
2025-10-01 00:00:00-04:00,72.6500015258789,73.08999633789062,71.81999969482422,72.9800033569336,69.22237396240234,4859500,0.0,0.0
2025-10-02 00:00:00-04:00,72.98999786376953,73.61000061035156,72.1500015258789,72.47000122070312,68.73863220214844,3696500,0.0,0.0
2025-10-03 00:00:00-04:00,72.52999877929688,73.41999816894531,72.30999755859375,72.88999938964844,69.13699340820312,3141800,0.0,0.0
2025-10-06 00:00:00-04:00,73.13999938964844,73.44000244140625,72.41000366210938,72.7300033569336,68.98523712158203,3093400,0.0,0.0
2025-10-07 00:00:00-04:00,72.73999786376953,72.91000366210938,71.66000366210938,72.44999694824219,68.71965026855469,2926000,0.0,0.0
2025-10-08 00:00:00-04:00,72.30000305175781,72.66000366210938,71.05000305175781,72.37999725341797,68.65325164794922,3658100,0.0,0.0
2025-10-09 00:00:00-04:00,72.5,73.26000213623047,71.08000183105469,71.25,67.58143615722656,2888600,0.0,0.0
2025-10-10 00:00:00-04:00,71.0,72.0,69.08000183105469,69.08999633789062,65.53264617919922,3636300,0.0,0.0
2025-10-13 00:00:00-04:00,69.56999969482422,70.04000091552734,69.05000305175781,69.56999969482422,65.9879379272461,2887600,0.0,0.0
2025-10-14 00:00:00-04:00,68.6500015258789,69.94999694824219,68.25,69.58000183105469,65.99742126464844,3147400,0.0,0.0
2025-10-15 00:00:00-04:00,70.01000213623047,70.63999938964844,68.83000183105469,68.91999816894531,65.37140655517578,2970700,0.0,0.0
2025-10-16 00:00:00-04:00,69.02999877929688,69.0999984741211,67.08999633789062,67.22000122070312,63.75893783569336,4266900,0.0,0.0
2025-10-17 00:00:00-04:00,67.1500015258789,68.11000061035156,66.55999755859375,68.08999633789062,64.58413696289062,4025100,0.0,0.0
2025-10-20 00:00:00-04:00,68.41000366210938,68.94000244140625,67.86000061035156,68.52999877929688,65.0014877319336,2604200,0.0,0.0
2025-10-21 00:00:00-04:00,68.75,69.2699966430664,68.11000061035156,68.94999694824219,65.39986419677734,3041300,0.0,0.0
2025-10-22 00:00:00-04:00,69.4800033569336,69.80999755859375,68.44000244140625,69.58999633789062,66.00690460205078,3542800,0.0,0.0
2025-10-23 00:00:00-04:00,71.0999984741211,71.18000030517578,69.25,69.76000213623047,66.16815185546875,5126300,0.0,0.0
2025-10-24 00:00:00-04:00,70.16000366210938,70.16000366210938,68.4000015258789,68.61000061035156,65.0773696899414,3290400,0.0,0.0
2025-10-27 00:00:00-04:00,68.91000366210938,69.3499984741211,68.43000030517578,69.29000091552734,65.72235870361328,3320100,0.0,0.0
2025-10-28 00:00:00-04:00,69.08000183105469,69.3499984741211,68.05000305175781,69.0999984741211,65.54212951660156,4593600,0.0,0.0
2025-10-29 00:00:00-04:00,69.94999694824219,70.41000366210938,67.02999877929688,67.19999694824219,63.739967346191406,6515500,0.0,0.0
2025-10-30 00:00:00-04:00,67.16999816894531,67.79000091552734,66.3499984741211,66.72000122070312,63.28467559814453,4247900,0.0,0.0
2025-10-31 00:00:00-04:00,66.55000305175781,67.63999938964844,65.88999938964844,67.0,63.550254821777344,6249400,0.0,0.0
2025-11-03 00:00:00-05:00,66.0,66.48999786376953,64.27999877929688,65.36000061035156,62.96263885498047,5366700,1.03,0.0
2025-11-04 00:00:00-05:00,64.97000122070312,65.04000091552734,64.0199966430664,64.30999755859375,61.951148986816406,4355000,0.0,0.0
2025-11-05 00:00:00-05:00,64.31999969482422,66.8499984741211,64.13999938964844,66.2699966430664,63.839256286621094,6055600,0.0,0.0
2025-11-06 00:00:00-05:00,67.11000061035156,68.11000061035156,67.08999633789062,67.80999755859375,65.32276916503906,4284500,0.0,0.0
2025-11-07 00:00:00-05:00,68.0,68.30999755859375,67.16999816894531,68.12000274658203,65.62140655517578,2804200,0.0,0.0
2025-11-10 00:00:00-05:00,68.41000366210938,68.8499984741211,66.93000030517578,67.9000015258789,65.40947723388672,3271700,0.0,0.0
2025-11-11 00:00:00-05:00,68.36000061035156,69.47000122070312,68.0999984741211,69.08999633789062,66.55581665039062,3818300,0.0,0.0
2025-11-12 00:00:00-05:00,69.0999984741211,69.77999877929688,68.54000091552734,68.9000015258789,66.37279510498047,3878900,0.0,0.0
2025-11-13 00:00:00-05:00,69.11000061035156,70.0,68.88999938964844,69.44000244140625,66.89299011230469,4272300,0.0,0.0
2025-11-14 00:00:00-05:00,69.73999786376953,70.87999725341797,68.9000015258789,70.48999786376953,67.90447235107422,5543800,0.0,0.0
2025-11-17 00:00:00-05:00,70.0199966430664,70.16999816894531,68.41999816894531,68.86000061035156,66.33425903320312,5316600,0.0,0.0
2025-11-18 00:00:00-05:00,68.7300033569336,70.45999908447266,68.5999984741211,69.43000030517578,66.88335418701172,4401100,0.0,0.0
2025-11-19 00:00:00-05:00,68.80000305175781,69.83999633789062,68.19999694824219,69.44999694824219,66.90261840820312,3899300,0.0,0.0
2025-11-20 00:00:00-05:00,69.80000305175781,70.9000015258789,69.2300033569336,69.72000122070312,67.16271209716797,5422200,0.0,0.0
2025-11-21 00:00:00-05:00,70.20999908447266,71.16999816894531,69.86000061035156,70.52999877929688,67.94300079345703,4916900,0.0,0.0
2025-11-24 00:00:00-05:00,70.5,70.66999816894531,69.5,70.2300033569336,67.65400695800781,8520000,0.0,0.0
2025-11-25 00:00:00-05:00,69.94999694824219,71.04000091552734,69.81999969482422,70.87999725341797,68.28016662597656,3956200,0.0,0.0
2025-11-26 00:00:00-05:00,70.95999908447266,72.11000061035156,70.94000244140625,71.51000213623047,68.8870620727539,4007000,0.0,0.0
2025-11-28 00:00:00-05:00,71.63999938964844,72.91999816894531,71.58000183105469,72.81999969482422,70.14900207519531,2229200,0.0,0.0
2025-12-01 00:00:00-05:00,72.58000183105469,74.13999938964844,72.54000091552734,73.68000030517578,70.97746276855469,4820000,0.0,0.0
2025-12-02 00:00:00-05:00,73.54000091552734,73.87000274658203,73.02999877929688,73.0999984741211,70.41873931884766,4873300,0.0,0.0
2025-12-03 00:00:00-05:00,73.37999725341797,75.18000030517578,73.37999725341797,74.88999938964844,72.14308166503906,4663500,0.0,0.0
2025-12-04 00:00:00-05:00,75.05000305175781,76.18000030517578,75.0199966430664,76.16999816894531,73.37613677978516,3325200,0.0,0.0
2025-12-05 00:00:00-05:00,76.0,76.8499984741211,75.91000366210938,76.33999633789062,73.5398941040039,3288200,0.0,0.0
2025-12-08 00:00:00-05:00,76.19000244140625,76.19000244140625,74.62000274658203,74.93000030517578,72.1816177368164,4919700,0.0,0.0
2025-12-09 00:00:00-05:00,74.94999694824219,75.94999694824219,74.79000091552734,74.95999908447266,72.21051025390625,3556500,0.0,0.0
2025-12-10 00:00:00-05:00,75.02999877929688,75.12999725341797,73.27999877929688,73.77999877929688,71.07379913330078,4426900,0.0,0.0
2025-12-11 00:00:00-05:00,73.7699966430664,74.62999725341797,73.44000244140625,73.62000274658203,70.91967010498047,3023100,0.0,0.0
2025-12-12 00:00:00-05:00,74.0,74.41000366210938,73.04000091552734,73.58999633789062,70.89075469970703,2766300,0.0,0.0
2025-12-15 00:00:00-05:00,73.86000061035156,74.0,72.37000274658203,72.83000183105469,70.15863800048828,4256500,0.0,0.0
2025-12-16 00:00:00-05:00,72.5,72.83999633789062,70.93000030517578,71.12999725341797,68.52099609375,6595000,0.0,0.0
2025-12-17 00:00:00-05:00,71.13999938964844,73.22000122070312,70.69999694824219,73.05000305175781,70.37057495117188,4992000,0.0,0.0
2025-12-18 00:00:00-05:00,73.05000305175781,73.19000244140625,71.47000122070312,71.69000244140625,69.06045532226562,3219700,0.0,0.0
2025-12-19 00:00:00-05:00,71.7699966430664,72.7699966430664,71.62999725341797,71.66999816894531,69.04119110107422,8401500,0.0,0.0
2025-12-22 00:00:00-05:00,72.29000091552734,72.91000366210938,71.8499984741211,72.81999969482422,70.14900207519531,2816100,0.0,0.0
2025-12-23 00:00:00-05:00,72.94999694824219,73.5,72.66999816894531,73.45999908447266,70.76553344726562,2357700,0.0,0.0
2025-12-24 00:00:00-05:00,73.58000183105469,73.61000061035156,72.91999816894531,73.23999786376953,70.55360412597656,1210300,0.0,0.0
2025-12-26 00:00:00-05:00,73.25,73.3499984741211,72.36000061035156,72.8499984741211,70.17790985107422,1599000,0.0,0.0
2025-12-29 00:00:00-05:00,73.30000305175781,73.88999938964844,73.12999725341797,73.66000366210938,70.95819854736328,2616100,0.0,0.0
2025-12-30 00:00:00-05:00,73.80000305175781,74.12000274658203,73.69000244140625,73.81999969482422,71.1123275756836,2164300,0.0,0.0
2025-12-31 00:00:00-05:00,73.66000366210938,73.77999877929688,73.2300033569336,73.5,70.80406951904297,2522600,0.0,0.0
2026-01-02 00:00:00-05:00,73.45999908447266,74.9800033569336,72.55000305175781,74.33999633789062,71.6132583618164,2261600,0.0,0.0
2026-01-05 00:00:00-05:00,75.37999725341797,75.44999694824219,71.36000061035156,73.6500015258789,70.94857025146484,5280800,0.0,0.0
2026-01-06 00:00:00-05:00,73.5199966430664,73.54000091552734,70.62999725341797,70.87000274658203,68.27053833007812,4661400,0.0,0.0
2026-01-07 00:00:00-05:00,71.0,71.58000183105469,70.58000183105469,70.72000122070312,68.12603759765625,4099100,0.0,0.0
2026-01-08 00:00:00-05:00,70.52999877929688,72.98999786376953,70.41000366210938,72.33000183105469,69.67698669433594,3287400,0.0,0.0
2026-01-09 00:00:00-05:00,73.0,73.33000183105469,72.2699966430664,72.69999694824219,70.03340911865234,2561500,0.0,0.0
2026-01-12 00:00:00-05:00,72.77999877929688,73.33999633789062,72.11000061035156,72.48999786376953,69.83111572265625,3844400,0.0,0.0
2026-01-13 00:00:00-05:00,72.9800033569336,74.48999786376953,72.97000122070312,74.25,71.52656555175781,3472300,0.0,0.0
2026-01-14 00:00:00-05:00,74.38999938964844,76.7300033569336,74.33999633789062,75.8499984741211,73.06787109375,4926400,0.0,0.0
2026-01-15 00:00:00-05:00,74.87000274658203,75.0,73.19999694824219,73.3499984741211,70.6595687866211,4833800,0.0,0.0
2026-01-16 00:00:00-05:00,72.56999969482422,74.62999725341797,72.41999816894531,74.4000015258789,71.67105865478516,4680000,0.0,0.0
2026-01-20 00:00:00-05:00,74.41000366210938,75.41000366210938,73.70999908447266,74.05999755859375,71.34352111816406,3662000,0.0,0.0
2026-01-21 00:00:00-05:00,75.29000091552734,76.30999755859375,75.08000183105469,75.81999969482422,73.03897094726562,3305900,0.0,0.0
2026-01-22 00:00:00-05:00,76.26000213623047,78.68000030517578,75.94000244140625,78.55999755859375,75.67845916748047,7653300,0.0,0.0
2026-01-23 00:00:00-05:00,79.3499984741211,80.02999877929688,77.81999969482422,78.0,75.1390151977539,5347100,0.0,0.0
2026-01-26 00:00:00-05:00,78.54000091552734,79.0,76.63999938964844,77.5,74.6573486328125,4764200,0.0,0.0
2026-01-27 00:00:00-05:00,77.2300033569336,78.25,76.70999908447266,77.73999786376953,74.8885498046875,6048300,0.0,0.0
2026-01-28 00:00:00-05:00,78.0,79.9000015258789,77.5,79.26000213623047,76.35279846191406,4940300,0.0,0.0
2026-01-29 00:00:00-05:00,80.2699966430664,81.43000030517578,78.44999694824219,78.55999755859375,75.67845916748047,7729100,0.0,0.0
2026-01-30 00:00:00-05:00,78.4000015258789,79.25,77.23999786376953,79.19000244140625,76.28536987304688,5506600,0.0,0.0
2026-02-02 00:00:00-05:00,76.81999969482422,77.12000274658203,75.29000091552734,75.31999969482422,73.5511245727539,5096900,1.07,0.0
2026-02-03 00:00:00-05:00,75.58000183105469,78.48999786376953,75.55999755859375,78.2699966430664,76.43183898925781,5656100,0.0,0.0
2026-02-04 00:00:00-05:00,78.47000122070312,80.80999755859375,78.2699966430664,80.33999633789062,78.4532241821289,5422800,0.0,0.0
2026-02-05 00:00:00-05:00,80.30000305175781,80.75,78.52999877929688,80.45999908447266,78.5704116821289,5611300,0.0,0.0
2026-02-06 00:00:00-05:00,80.25,82.02999877929688,80.25,81.83999633789062,79.9179916381836,3846100,0.0,0.0
2026-02-09 00:00:00-05:00,81.55999755859375,83.4000015258789,81.13999938964844,83.12999725341797,81.17770385742188,4037300,0.0,0.0
2026-02-10 00:00:00-05:00,83.69999694824219,84.0199966430664,82.55999755859375,83.45999908447266,81.49996185302734,3224900,0.0,0.0
2026-02-11 00:00:00-05:00,84.0,85.38999938964844,83.80000305175781,84.9000015258789,82.90614318847656,3487800,0.0,0.0
2026-02-12 00:00:00-05:00,85.25,86.26000213623047,84.16999816894531,84.5999984741211,82.6131820678711,4604100,0.0,0.0
2026-02-13 00:00:00-05:00,84.5999984741211,86.55000305175781,84.37999725341797,86.11000061035156,84.08772277832031,3988000,0.0,0.0
2026-02-17 00:00:00-05:00,87.0,87.47000122070312,84.68000030517578,85.61000061035156,83.5994644165039,4795400,0.0,0.0
2026-02-18 00:00:00-05:00,86.61000061035156,87.22000122070312,85.87999725341797,86.79000091552734,84.75175476074219,6068000,0.0,0.0
2026-02-19 00:00:00-05:00,87.61000061035156,88.66000366210938,86.16000366210938,86.87999725341797,84.83963775634766,4137500,0.0,0.0
2026-02-20 00:00:00-05:00,86.80000305175781,87.3499984741211,86.0,87.33000183105469,85.2790756225586,4505300,0.0,0.0
2026-02-23 00:00:00-05:00,87.41999816894531,89.0,86.7300033569336,87.33000183105469,85.2790756225586,4744700,0.0,0.0
2026-02-24 00:00:00-05:00,86.98999786376953,87.44999694824219,81.30999755859375,82.88999938964844,80.94334411621094,8610200,0.0,0.0
2026-02-25 00:00:00-05:00,81.9800033569336,84.01000213623047,79.7300033569336,82.27999877929688,80.34766387939453,8864200,0.0,0.0
2026-02-26 00:00:00-05:00,82.44000244140625,84.33000183105469,81.58999633789062,84.0199966430664,82.04680633544922,5339400,0.0,0.0
2026-02-27 00:00:00-05:00,84.72000122070312,84.86000061035156,82.06999969482422,82.7699966430664,80.82615661621094,5880800,0.0,0.0
2026-03-02 00:00:00-05:00,84.48999786376953,86.69000244140625,82.77999877929688,86.12000274658203,84.09748840332031,6139400,0.0,0.0
2026-03-03 00:00:00-05:00,86.41999816894531,87.12999725341797,84.27999877929688,84.77999877929688,82.78895568847656,4375800,0.0,0.0
2026-03-04 00:00:00-05:00,84.27999877929688,85.12999725341797,83.72000122070312,84.76000213623047,82.7694320678711,3948800,0.0,0.0
2026-03-05 00:00:00-05:00,84.55999755859375,86.81999969482422,84.30999755859375,85.5999984741211,83.58969116210938,5703200,0.0,0.0
2026-03-06 00:00:00-05:00,86.30000305175781,87.05000305175781,84.73999786376953,86.93000030517578,84.88845825195312,5571000,0.0,0.0
2026-03-09 00:00:00-04:00,86.87999725341797,87.69999694824219,85.30000305175781,85.95999908447266,83.94124603271484,6132900,0.0,0.0
2026-03-10 00:00:00-04:00,85.76000213623047,86.52999877929688,84.23999786376953,84.68000030517578,82.69129943847656,4755800,0.0,0.0
2026-03-11 00:00:00-04:00,85.51000213623047,85.93000030517578,84.62999725341797,85.76000213623047,83.74594116210938,3153500,0.0,0.0
2026-03-12 00:00:00-04:00,85.94999694824219,87.33000183105469,84.93000030517578,84.93000030517578,82.93543243408203,4135500,0.0,0.0
2026-03-13 00:00:00-04:00,85.0,85.93000030517578,84.5,85.36000061035156,83.35533142089844,3426700,0.0,0.0
2026-03-16 00:00:00-04:00,85.56999969482422,85.87999725341797,84.66000366210938,85.31999969482422,83.31627655029297,3368600,0.0,0.0
2026-03-17 00:00:00-04:00,86.44999694824219,87.38999938964844,86.27999877929688,86.55999755859375,84.52715301513672,3275800,0.0,0.0
2026-03-18 00:00:00-04:00,86.5999984741211,86.5999984741211,84.88999938964844,86.19000244140625,84.16584014892578,4432300,0.0,0.0
2026-03-19 00:00:00-04:00,86.77999877929688,89.29000091552734,86.58000183105469,88.38999938964844,86.31417846679688,4901100,0.0,0.0
2026-03-20 00:00:00-04:00,89.47000122070312,92.13999938964844,89.0999984741211,89.20999908447266,87.11491394042969,19367300,0.0,0.0
2026-03-23 00:00:00-04:00,87.2699966430664,90.30999755859375,87.05000305175781,89.91999816894531,87.80824279785156,6466300,0.0,0.0
2026-03-24 00:00:00-04:00,90.44000244140625,92.0199966430664,90.29000091552734,90.94000244140625,88.80429077148438,4071300,0.0,0.0
2026-03-25 00:00:00-04:00,90.13999938964844,92.88999938964844,89.87999725341797,92.12000274658203,89.95658111572266,4923600,0.0,0.0
2026-03-26 00:00:00-04:00,91.8499984741211,94.29000091552734,91.80000305175781,93.56999969482422,91.37252807617188,3907700,0.0,0.0
2026-03-27 00:00:00-04:00,93.5999984741211,95.30000305175781,93.27999877929688,93.95999908447266,91.75336456298828,4820800,0.0,0.0
2026-03-30 00:00:00-04:00,94.58000183105469,95.20999908447266,92.5,92.95999908447266,90.77684783935547,4974000,0.0,0.0
2026-03-31 00:00:00-04:00,93.5999984741211,93.7699966430664,88.77999877929688,90.38999938964844,88.26720428466797,8704500,0.0,0.0
2026-04-01 00:00:00-04:00,89.19999694824219,90.08000183105469,86.06999969482422,87.36000061035156,85.30836486816406,5744200,0.0,0.0
2026-04-02 00:00:00-04:00,89.44999694824219,89.95999908447266,87.68000030517578,88.30000305175781,86.2262954711914,5134400,0.0,0.0
2026-04-06 00:00:00-04:00,87.86000061035156,88.75,87.7699966430664,88.5,86.42159271240234,2669500,0.0,0.0
2026-04-07 00:00:00-04:00,88.86000061035156,91.33999633789062,88.6500015258789,90.62999725341797,88.5015640258789,4281100,0.0,0.0
2026-04-08 00:00:00-04:00,85.44999694824219,86.97000122070312,84.0999984741211,86.7699966430664,84.73222351074219,7953700,0.0,0.0
2026-04-09 00:00:00-04:00,86.68000030517578,88.87000274658203,86.01000213623047,86.18000030517578,84.15608215332031,4138700,0.0,0.0
2026-04-10 00:00:00-04:00,85.51000213623047,86.7699966430664,85.08999633789062,86.20999908447266,84.18537139892578,3787800,0.0,0.0
2026-04-13 00:00:00-04:00,86.87999725341797,87.1500015258789,84.5999984741211,85.33000183105469,83.32603454589844,4269700,0.0,0.0
2026-04-14 00:00:00-04:00,84.54000091552734,84.9800033569336,82.80999755859375,84.83999633789062,82.84754180908203,3962000,0.0,0.0
2026-04-15 00:00:00-04:00,84.31999969482422,85.16000366210938,83.9800033569336,84.0999984741211,82.12492370605469,3250400,0.0,0.0
2026-04-16 00:00:00-04:00,84.29000091552734,85.55000305175781,84.0,85.20999908447266,83.20885467529297,2554400,0.0,0.0
2026-04-17 00:00:00-04:00,82.88999938964844,83.87999725341797,81.25,83.51000213623047,81.54878234863281,5343900,0.0,0.0
2026-04-20 00:00:00-04:00,83.19999694824219,84.33000183105469,82.77999877929688,83.77999877929688,81.81243896484375,3146700,0.0,0.0
2026-04-21 00:00:00-04:00,84.41000366210938,84.91000366210938,83.3499984741211,84.69000244140625,82.7010726928711,3592700,0.0,0.0
2026-04-22 00:00:00-04:00,85.3499984741211,86.70999908447266,85.3499984741211,86.05999755859375,84.03889465332031,4658200,0.0,0.0
2026-04-23 00:00:00-04:00,86.69999694824219,87.33000183105469,85.83000183105469,87.20999908447266,85.1618881225586,2839500,0.0,0.0
2026-04-24 00:00:00-04:00,87.19999694824219,87.80000305175781,86.5,87.5,85.44507598876953,3192200,0.0,0.0
2026-04-27 00:00:00-04:00,87.66999816894531,88.5199966430664,87.01000213623047,87.75,85.689208984375,5471800,0.0,0.0
2026-04-28 00:00:00-04:00,89.0,90.36000061035156,88.16999816894531,89.79000091552734,87.6812973022461,4890400,0.0,0.0
2026-04-29 00:00:00-04:00,90.9000015258789,91.2699966430664,88.33000183105469,89.31999969482422,87.22232818603516,6307100,0.0,0.0
2026-04-30 00:00:00-04:00,88.87000274658203,92.52999877929688,88.54000091552734,92.45999908447266,90.28858947753906,5873800,0.0,0.0
2026-05-01 00:00:00-04:00,92.25,92.43000030517578,89.87999725341797,90.36000061035156,88.23790740966797,3583100,0.0,0.0
2026-05-04 00:00:00-04:00,89.4800033569336,91.16000366210938,88.5,90.62999725341797,89.56211853027344,2949800,1.07,0.0
2026-05-05 00:00:00-04:00,90.16999816894531,90.94000244140625,89.44999694824219,90.0199966430664,88.95930480957031,3240100,0.0,0.0
2026-05-06 00:00:00-04:00,86.87000274658203,87.73999786376953,84.77999877929688,85.5999984741211,84.59138488769531,5451700,0.0,0.0
2026-05-07 00:00:00-04:00,84.4000015258789,86.08000183105469,83.66000366210938,85.87000274658203,84.85821533203125,5861500,0.0,0.0
2026-05-08 00:00:00-04:00,85.72000122070312,86.19999694824219,84.48999786376953,85.16000366210938,84.15657806396484,4063700,0.0,0.0
2026-05-11 00:00:00-04:00,85.63999938964844,87.91999816894531,85.33999633789062,87.79000091552734,86.75558471679688,5718200,0.0,0.0
2026-05-12 00:00:00-04:00,88.4800033569336,88.93000030517578,87.88999938964844,88.43000030517578,87.38804626464844,3595400,0.0,0.0
2026-05-13 00:00:00-04:00,88.30000305175781,88.94000244140625,87.26000213623047,88.79000091552734,87.74380493164062,2944700,0.0,0.0
2026-05-14 00:00:00-04:00,88.80999755859375,91.12000274658203,88.7300033569336,91.02999877929688,89.95740509033203,3990600,0.0,0.0
2026-05-15 00:00:00-04:00,92.02999877929688,92.66000366210938,91.12999725341797,92.31999969482422,91.23220825195312,3151700,0.0,0.0
2026-05-18 00:00:00-04:00,92.2300033569336,93.83000183105469,91.25,93.76000213623047,92.65524291992188,2527300,0.0,0.0
2026-05-19 00:00:00-04:00,94.20999908447266,95.6500015258789,93.41000366210938,95.23999786376953,94.1177978515625,4539200,0.0,0.0
2026-05-20 00:00:00-04:00,95.0999984741211,96.06999969482422,91.91999816894531,92.1500015258789,91.06421661376953,4767700,0.0,0.0
2026-05-21 00:00:00-04:00,93.08999633789062,93.77999877929688,91.6500015258789,92.62000274658203,91.52867889404297,2843900,0.0,0.0
2026-05-22 00:00:00-04:00,92.80999755859375,94.41999816894531,92.41000366210938,94.02999877929688,92.92205810546875,3099500,0.0,0.0
2026-05-26 00:00:00-04:00,93.54000091552734,93.83999633789062,90.36000061035156,90.44000244140625,89.3743667602539,4571300,0.0,0.0
2026-05-27 00:00:00-04:00,89.27999877929688,89.93000030517578,88.05000305175781,88.20999908447266,87.17063903808594,3529900,0.0,0.0
2026-05-28 00:00:00-04:00,89.25,89.51000213623047,87.01000213623047,87.0199966430664,85.9946517944336,3679900,0.0,0.0
2026-05-29 00:00:00-04:00,86.0,87.0,83.56999969482422,83.94000244140625,82.9509506225586,8262900,0.0,0.0
2026-06-01 00:00:00-04:00,84.91999816894531,86.72000122070312,84.51000213623047,84.94999694824219,83.94904327392578,3093900,0.0,0.0
2026-06-02 00:00:00-04:00,84.94999694824219,86.8499984741211,84.94999694824219,86.72000122070312,85.69819641113281,2277200,0.0,0.0
2026-06-03 00:00:00-04:00,86.7699966430664,88.69000244140625,86.69000244140625,86.75,85.72783660888672,3678800,0.0,0.0
2026-06-04 00:00:00-04:00,86.98999786376953,89.5199966430664,86.52999877929688,88.94999694824219,87.90191650390625,3477800,0.0,0.0
2026-06-05 00:00:00-04:00,88.83000183105469,89.6500015258789,88.04000091552734,88.25,87.21016693115234,2631500,0.0,0.0
2026-06-08 00:00:00-04:00,88.5199966430664,89.4800033569336,87.8499984741211,88.1500015258789,87.11134338378906,2205300,0.0,0.0
2026-06-09 00:00:00-04:00,87.68000030517578,88.37999725341797,86.56999969482422,87.79000091552734,86.75558471679688,2580200,0.0,0.0
2026-06-10 00:00:00-04:00,88.44000244140625,91.54000091552734,88.37000274658203,90.56999969482422,89.5028305053711,2956100,0.0,0.0
2026-06-11 00:00:00-04:00,91.29000091552734,92.13999938964844,89.1500015258789,89.19999694824219,88.14897155761719,3655800,0.0,0.0
2026-06-12 00:00:00-04:00,88.9000015258789,91.58000183105469,88.48999786376953,90.58999633789062,89.52259063720703,3022900,0.0,0.0
2026-06-15 00:00:00-04:00,87.41999816894531,88.9800033569336,86.13999938964844,87.44999694824219,86.41958618164062,3945600,0.0,0.0
2026-06-16 00:00:00-04:00,86.48999786376953,87.38999938964844,85.48999786376953,86.30999755859375,85.29302215576172,3712300,0.0,0.0
2026-06-17 00:00:00-04:00,85.95999908447266,86.54000091552734,85.18000030517578,85.58000183105469,84.57162475585938,3225000,0.0,0.0
2026-06-18 00:00:00-04:00,84.68000030517578,85.29000091552734,83.08000183105469,85.02999877929688,84.02810668945312,9496800,0.0,0.0
2026-06-22 00:00:00-04:00,85.0199966430664,86.41000366210938,84.1500015258789,86.29000091552734,85.27326202392578,5009800,0.0,0.0
2026-06-23 00:00:00-04:00,86.36000061035156,88.19000244140625,85.6500015258789,88.05999755859375,87.02239990234375,3943700,0.0,0.0
2026-06-24 00:00:00-04:00,87.0,87.66000366210938,86.11000061035156,87.30999755859375,86.28124237060547,3307000,0.0,0.0
2026-06-25 00:00:00-04:00,86.87000274658203,89.94000244140625,86.81999969482422,89.5199966430664,88.46519470214844,2974100,0.0,0.0
2026-06-26 00:00:00-04:00,89.63999938964844,90.48999786376953,89.01000213623047,89.22000122070312,88.16873931884766,5990400,0.0,0.0
2026-06-29 00:00:00-04:00,89.88999938964844,90.04000091552734,88.31999969482422,88.7300033569336,87.68451690673828,3621900,0.0,0.0
2026-06-30 00:00:00-04:00,88.8499984741211,89.62000274658203,86.9000015258789,86.94000244140625,85.91560363769531,6651300,0.0,0.0
2026-07-01 00:00:00-04:00,86.52999877929688,87.11000061035156,85.44999694824219,85.7300033569336,84.71986389160156,3177400,0.0,0.0
2026-07-02 00:00:00-04:00,86.6500015258789,88.02999877929688,86.02999877929688,87.83000183105469,86.79511260986328,3058700,0.0,0.0
2026-07-06 00:00:00-04:00,87.75,88.41999816894531,86.80000305175781,87.43000030517578,86.39982604980469,3115500,0.0,0.0
2026-07-07 00:00:00-04:00,88.4800033569336,91.38999938964844,88.44999694824219,90.66999816894531,89.60164642333984,2653000,0.0,0.0
2026-07-08 00:00:00-04:00,91.12999725341797,92.0999984741211,89.94000244140625,91.16000366210938,90.08588409423828,3273700,0.0,0.0
2026-07-09 00:00:00-04:00,90.87999725341797,91.13999938964844,89.43000030517578,89.5,88.4454345703125,2725500,0.0,0.0
2026-07-10 00:00:00-04:00,90.30999755859375,90.5,88.33000183105469,89.91999816894531,88.86048889160156,2420500,0.0,0.0
2026-07-13 00:00:00-04:00,91.48999786376953,93.08000183105469,91.05000305175781,92.19000244140625,91.10374450683594,3589800,0.0,0.0
2026-07-14 00:00:00-04:00,92.05000305175781,93.12999725341797,90.5999984741211,91.9000015258789,90.8171615600586,3041000,0.0,0.0
2026-07-15 00:00:00-04:00,91.80000305175781,92.33999633789062,90.19999694824219,91.02999877929688,89.95740509033203,3190200,0.0,0.0
2026-07-16 00:00:00-04:00,91.33000183105469,93.7699966430664,90.88999938964844,93.0,91.9041976928711,3002100,0.0,0.0
2026-07-17 00:00:00-04:00,93.51000213623047,94.0,92.72000122070312,93.5199966430664,92.4180679321289,3366400,0.0,0.0
2026-07-20 00:00:00-04:00,93.56999969482422,94.94000244140625,93.30999755859375,93.55999755859375,92.45759582519531,3293200,0.0,0.0
2026-07-21 00:00:00-04:00,93.55999755859375,93.9800033569336,91.62000274658203,91.83000183105469,90.74798583984375,3812400,0.0,0.0
2026-07-22 00:00:00-04:00,93.01000213623047,93.02999877929688,91.55999755859375,91.75,90.6689224243164,3672900,0.0,0.0
2026-07-23 00:00:00-04:00,93.0,93.54000091552734,92.41999816894531,93.2300033569336,92.1314926147461,3118200,0.0,0.0
2026-07-24 00:00:00-04:00,93.47000122070312,95.87999725341797,93.06999969482422,93.16000366210938,92.06231689453125,4436200,0.0,0.0
2026-07-27 00:00:00-04:00,90.86000061035156,91.72000122070312,89.38999938964844,89.45999908447266,88.4059066772461,4016200,0.0,0.0
2026-07-28 00:00:00-04:00,89.5199966430664,90.18000030517578,87.63999938964844,88.80000305175781,87.7536849975586,3999500,0.0,0.0
2026-07-29 00:00:00-04:00,90.26000213623047,91.30999755859375,89.19000244140625,90.0,88.93954467773438,3002500,0.0,0.0
2026-07-30 00:00:00-04:00,89.02999877929688,89.73999786376953,88.19000244140625,89.06999969482422,88.02050018310547,3107800,0.0,0.0
2026-07-31 00:00:00-04:00,89.30000305175781,90.94000244140625,88.73999786376953,90.80999755859375,89.73999786376953,5142100,0.0,0.0
2026-08-03 00:00:00-04:00,88.44000244140625,88.80000305175781,87.44999694824219,88.23999786376953,88.23999786376953,4526500,1.07,0.0
2026-08-04 00:00:00-04:00,87.66999816894531,87.7300033569336,83.4800033569336,87.6500015258789,87.6500015258789,7156600,0.0,0.0
2026-08-05 00:00:00-04:00,87.8499984741211,87.95999908447266,85.27999877929688,87.23999786376953,87.23999786376953,3984400,0.0,0.0
2026-08-06 00:00:00-04:00,88.81999969482422,89.01000213623047,86.73999786376953,87.93000030517578,87.93000030517578,5208400,0.0,0.0
2026-08-07 00:00:00-04:00,86.87000274658203,88.2300033569336,86.19999694824219,86.41999816894531,86.41999816894531,2740900,0.0,0.0
2026-08-10 00:00:00-04:00,87.31999969482422,90.37000274658203,87.31999969482422,90.33999633789062,90.33999633789062,3091800,0.0,0.0
2026-08-11 00:00:00-04:00,90.27999877929688,91.86000061035156,89.93000030517578,91.5199966430664,91.5199966430664,3344400,0.0,0.0
2026-08-12 00:00:00-04:00,90.93000030517578,92.48999786376953,90.83999633789062,92.47000122070312,92.47000122070312,3418500,0.0,0.0
2026-08-13 00:00:00-04:00,91.95999908447266,93.44999694824219,91.66000366210938,92.63999938964844,92.63999938964844,3476400,0.0,0.0
2026-08-14 00:00:00-04:00,93.5,95.05000305175781,92.81999969482422,94.98999786376953,94.98999786376953,2479100,0.0,0.0
2026-08-17 00:00:00-04:00,95.16999816894531,95.4800033569336,94.31999969482422,95.31999969482422,95.31999969482422,3815700,0.0,0.0
2026-08-18 00:00:00-04:00,96.54000091552734,97.9000015258789,96.33000183105469,97.06999969482422,97.06999969482422,5335500,0.0,0.0
2026-08-19 00:00:00-04:00,97.68000030517578,97.9000015258789,95.33000183105469,96.01000213623047,96.01000213623047,3227600,0.0,0.0
2026-08-20 00:00:00-04:00,97.04000091552734,97.55000305175781,94.41000366210938,94.5999984741211,94.5999984741211,2741000,0.0,0.0
2026-08-21 00:00:00-04:00,95.05000305175781,95.33999633789062,92.91000366210938,93.33000183105469,93.33000183105469,3108000,0.0,0.0
2026-08-24 00:00:00-04:00,93.29000091552734,93.94999694824219,92.16000366210938,93.0199966430664,93.0199966430664,3117700,0.0,0.0
2026-08-25 00:00:00-04:00,91.95999908447266,92.94000244140625,91.66000366210938,91.69999694824219,91.69999694824219,2982800,0.0,0.0
2026-08-26 00:00:00-04:00,91.4000015258789,95.02999877929688,91.12999725341797,94.9000015258789,94.9000015258789,3350100,0.0,0.0
2026-08-27 00:00:00-04:00,94.38999938964844,95.41000366210938,92.9000015258789,94.72000122070312,94.72000122070312,2555500,0.0,0.0
2026-08-28 00:00:00-04:00,95.25,95.87999725341797,94.55000305175781,94.76000213623047,94.76000213623047,2606000,0.0,0.0
2026-08-31 00:00:00-04:00,96.48999786376953,97.4800033569336,94.51000213623047,96.01000213623047,96.01000213623047,5214800,0.0,0.0
2026-09-01 00:00:00-04:00,97.69999694824219,99.8499984741211,95.27999877929688,95.69000244140625,95.69000244140625,4360800,0.0,0.0
2026-09-02 00:00:00-04:00,95.16000366210938,96.72000122070312,94.41000366210938,96.01000213623047,96.01000213623047,3563900,0.0,0.0
2026-09-03 00:00:00-04:00,96.45999908447266,96.9000015258789,95.44999694824219,95.75,95.75,2393800,0.0,0.0
2026-09-04 00:00:00-04:00,94.9000015258789,95.58999633789062,94.08000183105469,95.43000030517578,95.43000030517578,3419900,0.0,0.0
2026-09-08 00:00:00-04:00,96.0999984741211,97.83000183105469,95.0,97.51000213623047,97.51000213623047,2963600,0.0,0.0
2026-09-09 00:00:00-04:00,98.94000244140625,99.30000305175781,95.19999694824219,95.81999969482422,95.81999969482422,4236300,0.0,0.0
2026-09-10 00:00:00-04:00,96.66999816894531,96.66999816894531,94.95999908447266,95.72000122070312,95.72000122070312,2344700,0.0,0.0
2026-09-11 00:00:00-04:00,96.05999755859375,97.19000244140625,95.47000122070312,96.62000274658203,96.62000274658203,2810600,0.0,0.0
2026-09-14 00:00:00-04:00,97.5999984741211,99.04000091552734,95.97000122070312,96.97000122070312,96.97000122070312,3716700,0.0,0.0
2026-09-15 00:00:00-04:00,96.87999725341797,97.66000366210938,94.41999816894531,94.72000122070312,94.72000122070312,4158400,0.0,0.0
2026-09-16 00:00:00-04:00,93.3499984741211,94.43000030517578,91.87999725341797,92.69999694824219,92.69999694824219,2981200,0.0,0.0
2026-09-17 00:00:00-04:00,92.1500015258789,94.05000305175781,91.75,93.22000122070312,93.22000122070312,3504700,0.0,0.0
2026-09-18 00:00:00-04:00,92.62999725341797,95.01000213623047,92.27999877929688,93.45999908447266,93.45999908447266,12078000,0.0,0.0
2026-09-21 00:00:00-04:00,92.58000183105469,93.11000061035156,91.62999725341797,91.80000305175781,91.80000305175781,3255000,0.0,0.0
