Date,Open,High,Low,Close,Adj Close,Volume,Dividends,Stock Splits
2015-01-02 00:00:00-05:00,21.59000015258789,21.6200008392334,20.84000015258789,21.260000228881836,18.39124298095703,5481700,0.0,0.0
2015-01-05 00:00:00-05:00,21.190000534057617,21.190000534057617,20.809999465942383,20.950000762939453,18.123069763183594,5089100,0.0,0.0
2015-01-06 00:00:00-05:00,21.049999237060547,21.059999465942383,20.59000015258789,20.700000762939453,17.90680694580078,6824700,0.0,0.0
2015-01-07 00:00:00-05:00,20.8799991607666,22.1200008392334,20.84000015258789,21.719999313354492,18.789173126220703,11698900,0.0,0.0
2015-01-08 00:00:00-05:00,21.920000076293945,22.399999618530273,21.899999618530273,22.389999389648438,19.368759155273438,9457000,0.0,0.0
2015-01-09 00:00:00-05:00,22.479999542236328,22.81999969482422,22.360000610351562,22.639999389648438,19.58502960205078,6634100,0.0,0.0
2015-01-12 00:00:00-05:00,22.68000030517578,22.850000381469727,22.329999923706055,22.690000534057617,19.628284454345703,6798400,0.0,0.0
2015-01-13 00:00:00-05:00,23.100000381469727,23.280000686645508,21.68000030517578,22.1299991607666,19.143836975097656,11121900,0.0,0.0
2015-01-14 00:00:00-05:00,21.8700008392334,22.389999389648438,21.75,22.229999542236328,19.2303524017334,6075400,0.0,0.0
2015-01-15 00:00:00-05:00,22.25,22.579999923706055,20.739999771118164,21.030000686645508,18.19227409362793,10701600,0.0,0.0
2015-01-16 00:00:00-05:00,20.950000762939453,21.610000610351562,20.270000457763672,21.56999969482422,18.659406661987305,10363800,0.0,0.0
2015-01-20 00:00:00-05:00,21.219999313354492,21.290000915527344,20.3799991607666,20.799999237060547,17.993310928344727,8211200,0.0,0.0
2015-01-21 00:00:00-05:00,20.850000381469727,21.270000457763672,20.790000915527344,21.010000228881836,18.174978256225586,5478800,0.0,0.0
2015-01-22 00:00:00-05:00,21.1200008392334,21.200000762939453,20.780000686645508,20.93000030517578,18.105777740478516,5411800,0.0,0.0
2015-01-23 00:00:00-05:00,20.989999771118164,21.079999923706055,20.579999923706055,20.690000534057617,17.898151397705078,5026900,0.0,0.0
2015-01-26 00:00:00-05:00,20.950000762939453,21.25,20.790000915527344,21.209999084472656,18.347991943359375,6081400,0.0,0.0
2015-01-27 00:00:00-05:00,20.940000534057617,21.149999618530273,20.770000457763672,20.959999084472656,18.131725311279297,6191300,0.0,0.0
2015-01-28 00:00:00-05:00,21.09000015258789,21.18000030517578,20.549999237060547,20.579999923706055,17.80299949645996,10193600,0.0,0.0
2015-01-29 00:00:00-05:00,20.8799991607666,21.959999084472656,20.719999313354492,21.81999969482422,18.87567710876465,11779100,0.0,0.0
2015-01-30 00:00:00-05:00,21.399999618530273,21.450000762939453,20.229999542236328,20.59000015258789,17.811649322509766,18817300,0.0,0.0
2015-02-02 00:00:00-05:00,20.6299991607666,20.809999465942383,20.15999984741211,20.559999465942383,17.785694122314453,7245700,0.0,0.0
2015-02-03 00:00:00-05:00,20.549999237060547,21.200000762939453,20.540000915527344,21.09000015258789,18.244182586669922,6874200,0.0,0.0
2015-02-04 00:00:00-05:00,21.040000915527344,21.8799991607666,21.030000686645508,21.59000015258789,18.676712036132812,8005800,0.0,0.0
2015-02-05 00:00:00-05:00,21.540000915527344,21.799999237060547,21.15999984741211,21.479999542236328,18.58155632019043,5515400,0.0,0.0
2015-02-06 00:00:00-05:00,21.549999237060547,22.489999771118164,21.530000686645508,22.260000228881836,19.256305694580078,12548500,0.0,0.0
2015-02-09 00:00:00-05:00,22.270000457763672,22.479999542236328,22.229999542236328,22.31999969482422,19.308212280273438,4737000,0.0,0.0
2015-02-10 00:00:00-05:00,22.489999771118164,22.850000381469727,22.299999237060547,22.770000457763672,19.697481155395508,7324700,0.0,0.0
2015-02-11 00:00:00-05:00,22.84000015258789,22.989999771118164,22.25,22.40999984741211,19.386066436767578,6588400,0.0,0.0
2015-02-12 00:00:00-05:00,22.479999542236328,22.90999984741211,22.3700008392334,22.8700008392334,19.783998489379883,3248300,0.0,0.0
2015-02-13 00:00:00-05:00,22.770000457763672,22.899999618530273,22.450000762939453,22.889999389648438,19.801288604736328,5395800,0.0,0.0
2015-02-17 00:00:00-05:00,22.68000030517578,22.940000534057617,22.450000762939453,22.920000076293945,19.827241897583008,4648700,0.0,0.0
2015-02-18 00:00:00-05:00,22.920000076293945,22.950000762939453,22.479999542236328,22.709999084472656,19.64558219909668,4049300,0.0,0.0
2015-02-19 00:00:00-05:00,22.760000228881836,22.969999313354492,22.6200008392334,22.709999084472656,19.64558219909668,3105900,0.0,0.0
2015-02-20 00:00:00-05:00,22.649999618530273,22.790000915527344,22.450000762939453,22.75,19.68018913269043,3237700,0.0,0.0
2015-02-23 00:00:00-05:00,22.729999542236328,22.899999618530273,22.31999969482422,22.579999923706055,19.533130645751953,3610800,0.0,0.0
2015-02-24 00:00:00-05:00,22.920000076293945,23.360000610351562,22.729999542236328,23.239999771118164,20.104066848754883,6493500,0.0,0.0
2015-02-25 00:00:00-05:00,23.260000228881836,23.350000381469727,22.799999237060547,22.93000030517578,19.835895538330078,3769200,0.0,0.0
2015-02-26 00:00:00-05:00,22.84000015258789,22.920000076293945,22.40999984741211,22.65999984741211,19.602331161499023,3991600,0.0,0.0
2015-02-27 00:00:00-05:00,22.6200008392334,22.780000686645508,22.450000762939453,22.559999465942383,19.515825271606445,3258900,0.0,0.0
2015-03-02 00:00:00-05:00,22.6299991607666,22.760000228881836,22.290000915527344,22.43000030517578,19.403364181518555,4308900,0.0,0.0
2015-03-03 00:00:00-05:00,22.270000457763672,22.299999237060547,21.43000030517578,21.780000686645508,18.841075897216797,11055100,0.0,0.0
2015-03-04 00:00:00-05:00,21.719999313354492,22.270000457763672,21.670000076293945,22.149999618530273,19.16114044189453,4038300,0.0,0.0
2015-03-05 00:00:00-05:00,22.239999771118164,22.270000457763672,22.049999237060547,22.239999771118164,19.23900032043457,2881800,0.0,0.0
2015-03-06 00:00:00-05:00,22.059999465942383,22.059999465942383,20.979999542236328,21.219999313354492,18.356639862060547,8504600,0.0,0.0
2015-03-09 00:00:00-04:00,21.549999237060547,21.6200008392334,21.309999465942383,21.350000381469727,18.469093322753906,3949600,0.0,0.0
2015-03-10 00:00:00-04:00,21.139999389648438,21.329999923706055,21.040000915527344,21.040000915527344,18.269384384155273,3506600,0.08,0.0
2015-03-11 00:00:00-04:00,21.139999389648438,21.3700008392334,20.959999084472656,21.170000076293945,18.38226890563965,2857400,0.0,0.0
2015-03-12 00:00:00-04:00,21.200000762939453,21.579999923706055,21.15999984741211,21.280000686645508,18.477783203125,3541000,0.0,0.0
2015-03-13 00:00:00-04:00,21.15999984741211,21.389999389648438,20.969999313354492,21.049999237060547,18.278064727783203,3968800,0.0,0.0
2015-03-16 00:00:00-04:00,21.170000076293945,21.350000381469727,20.950000762939453,21.06999969482422,18.295438766479492,3276700,0.0,0.0
2015-03-17 00:00:00-04:00,20.979999542236328,21.0,20.59000015258789,20.950000762939453,18.191238403320312,5247700,0.0,0.0
2015-03-18 00:00:00-04:00,20.989999771118164,21.469999313354492,20.65999984741211,21.309999465942383,18.503826141357422,5680000,0.0,0.0
2015-03-19 00:00:00-04:00,21.5,21.690000534057617,21.110000610351562,21.3700008392334,18.555931091308594,3824900,0.0,0.0
2015-03-20 00:00:00-04:00,21.579999923706055,22.139999389648438,21.559999465942383,21.770000457763672,18.903257369995117,5050300,0.0,0.0
2015-03-23 00:00:00-04:00,21.760000228881836,21.969999313354492,21.540000915527344,21.540000915527344,18.703540802001953,3013500,0.0,0.0
2015-03-24 00:00:00-04:00,21.559999465942383,22.299999237060547,21.350000381469727,21.940000534057617,19.050861358642578,4952800,0.0,0.0
2015-03-25 00:00:00-04:00,22.0,22.1299991607666,21.59000015258789,21.600000381469727,18.75564193725586,3178000,0.0,0.0
2015-03-26 00:00:00-04:00,21.520000457763672,21.719999313354492,21.399999618530273,21.520000457763672,18.686180114746094,3548900,0.0,0.0
2015-03-27 00:00:00-04:00,21.530000686645508,22.209999084472656,21.510000228881836,22.020000457763672,19.12033462524414,7100500,0.0,0.0
2015-03-30 00:00:00-04:00,22.239999771118164,22.649999618530273,22.110000610351562,22.440000534057617,19.485027313232422,4119900,0.0,0.0
2015-03-31 00:00:00-04:00,22.40999984741211,22.770000457763672,22.149999618530273,22.229999542236328,19.302677154541016,6007600,0.0,0.0
2015-04-01 00:00:00-04:00,22.270000457763672,22.31999969482422,21.950000762939453,22.290000915527344,19.354778289794922,4487300,0.0,0.0
2015-04-02 00:00:00-04:00,22.270000457763672,22.719999313354492,22.239999771118164,22.700000762939453,19.710784912109375,3495400,0.0,0.0
2015-04-06 00:00:00-04:00,22.6299991607666,22.950000762939453,22.549999237060547,22.670000076293945,19.684738159179688,3016400,0.0,0.0
2015-04-07 00:00:00-04:00,22.670000076293945,22.700000762939453,22.1299991607666,22.170000076293945,19.250585556030273,4261800,0.0,0.0
2015-04-08 00:00:00-04:00,22.200000762939453,22.510000228881836,22.15999984741211,22.469999313354492,19.51108169555664,3313600,0.0,0.0
2015-04-09 00:00:00-04:00,21.989999771118164,22.420000076293945,21.81999969482422,22.309999465942383,19.372146606445312,6233000,0.0,0.0
2015-04-10 00:00:00-04:00,22.309999465942383,22.43000030517578,22.040000915527344,22.31999969482422,19.380826950073242,3098100,0.0,0.0
2015-04-13 00:00:00-04:00,22.3799991607666,22.530000686645508,22.200000762939453,22.229999542236328,19.302677154541016,2905700,0.0,0.0
2015-04-14 00:00:00-04:00,22.260000228881836,22.579999923706055,22.06999969482422,22.540000915527344,19.57185173034668,3219300,0.0,0.0
2015-04-15 00:00:00-04:00,22.649999618530273,22.899999618530273,22.5,22.780000686645508,19.780254364013672,3565000,0.0,0.0
2015-04-16 00:00:00-04:00,22.649999618530273,22.649999618530273,22.209999084472656,22.34000015258789,19.398195266723633,4059300,0.0,0.0
2015-04-17 00:00:00-04:00,22.110000610351562,22.260000228881836,21.709999084472656,22.190000534057617,19.267953872680664,5245100,0.0,0.0
2015-04-20 00:00:00-04:00,22.299999237060547,22.420000076293945,21.700000762939453,21.899999618530273,19.01613426208496,4519100,0.0,0.0
2015-04-21 00:00:00-04:00,21.950000762939453,22.3700008392334,21.950000762939453,22.209999084472656,19.285314559936523,5060600,0.0,0.0
2015-04-22 00:00:00-04:00,22.18000030517578,22.200000762939453,21.459999084472656,21.690000534057617,18.833786010742188,7439800,0.0,0.0
2015-04-23 00:00:00-04:00,20.520000457763672,20.739999771118164,19.649999618530273,19.969999313354492,17.340280532836914,27579300,0.0,0.0
2015-04-24 00:00:00-04:00,19.8700008392334,20.59000015258789,19.860000610351562,20.1200008392334,17.47053337097168,14884600,0.0,0.0
2015-04-27 00:00:00-04:00,20.239999771118164,20.31999969482422,19.739999771118164,19.8700008392334,17.25345802307129,7623400,0.0,0.0
2015-04-28 00:00:00-04:00,19.84000015258789,19.989999771118164,19.559999465942383,19.940000534057617,17.314241409301758,5308900,0.0,0.0
2015-04-29 00:00:00-04:00,19.700000762939453,19.889999389648438,19.469999313354492,19.860000610351562,17.244770050048828,5837300,0.0,0.0
2015-04-30 00:00:00-04:00,19.760000228881836,19.770000457763672,19.270000457763672,19.299999237060547,16.75851058959961,7395700,0.0,0.0
2015-05-01 00:00:00-04:00,19.389999389648438,19.799999237060547,19.309999465942383,19.6200008392334,17.03636932373047,4854400,0.0,0.0
2015-05-04 00:00:00-04:00,19.690000534057617,19.829999923706055,19.3700008392334,19.489999771118164,16.923490524291992,3736600,0.0,0.0
2015-05-05 00:00:00-04:00,19.530000686645508,19.68000030517578,19.350000381469727,19.459999084472656,16.89743995666504,7734700,0.0,0.0
2015-05-06 00:00:00-04:00,19.5,19.6299991607666,19.239999771118164,19.40999984741211,16.854028701782227,4240700,0.0,0.0
2015-05-07 00:00:00-04:00,19.360000610351562,19.780000686645508,19.329999923706055,19.700000762939453,17.105838775634766,4832100,0.0,0.0
2015-05-08 00:00:00-04:00,19.920000076293945,20.200000762939453,19.729999542236328,19.790000915527344,17.183996200561523,4635000,0.0,0.0
2015-05-11 00:00:00-04:00,19.81999969482422,19.889999389648438,19.459999084472656,19.520000457763672,16.949541091918945,4176200,0.0,0.0
2015-05-12 00:00:00-04:00,19.399999618530273,19.65999984741211,19.200000762939453,19.530000686645508,16.958227157592773,5748400,0.0,0.0
2015-05-13 00:00:00-04:00,19.559999465942383,19.780000686645508,19.329999923706055,19.43000030517578,16.87139320373535,4013900,0.0,0.0
2015-05-14 00:00:00-04:00,19.5,19.68000030517578,19.43000030517578,19.579999923706055,17.001646041870117,3480400,0.0,0.0
2015-05-15 00:00:00-04:00,19.440000534057617,20.030000686645508,19.399999618530273,19.889999389648438,17.27082061767578,7860700,0.0,0.0
2015-05-18 00:00:00-04:00,19.90999984741211,20.049999237060547,19.770000457763672,19.899999618530273,17.279499053955078,6608800,0.0,0.0
2015-05-19 00:00:00-04:00,20.270000457763672,20.440000534057617,19.8799991607666,20.049999237060547,17.409751892089844,8652900,0.0,0.0
2015-05-20 00:00:00-04:00,20.15999984741211,20.239999771118164,19.75,20.1200008392334,17.47053337097168,5861500,0.0,0.0
2015-05-21 00:00:00-04:00,20.1200008392334,20.18000030517578,19.940000534057617,20.0,17.36632537841797,5628500,0.0,0.0
2015-05-22 00:00:00-04:00,19.959999084472656,19.989999771118164,19.639999389648438,19.760000228881836,17.15793800354004,6721300,0.0,0.0
2015-05-26 00:00:00-04:00,19.68000030517578,19.809999465942383,19.469999313354492,19.489999771118164,16.923490524291992,4292300,0.0,0.0
2015-05-27 00:00:00-04:00,19.5,19.559999465942383,19.170000076293945,19.3799991607666,16.827980041503906,5550800,0.0,0.0
2015-05-28 00:00:00-04:00,19.31999969482422,19.68000030517578,19.299999237060547,19.43000030517578,16.87139320373535,5144800,0.0,0.0
2015-05-29 00:00:00-04:00,19.3700008392334,19.540000915527344,19.18000030517578,19.18000030517578,16.654312133789062,4264900,0.0,0.0
2015-06-01 00:00:00-04:00,19.290000915527344,19.459999084472656,19.239999771118164,19.270000457763672,16.732460021972656,4345900,0.0,0.0
2015-06-02 00:00:00-04:00,19.229999542236328,19.440000534057617,19.110000610351562,19.209999084472656,16.68036460876465,5075500,0.0,0.0
2015-06-03 00:00:00-04:00,19.34000015258789,19.65999984741211,19.190000534057617,19.34000015258789,16.79324722290039,6843100,0.0,0.0
2015-06-04 00:00:00-04:00,19.200000762939453,19.329999923706055,18.899999618530273,19.040000915527344,16.53274917602539,7702700,0.0,0.0
2015-06-05 00:00:00-04:00,18.950000762939453,19.15999984741211,18.829999923706055,19.079999923706055,16.567485809326172,3266900,0.0,0.0
2015-06-08 00:00:00-04:00,19.020000457763672,19.079999923706055,18.850000381469727,18.889999389648438,16.40250015258789,3328000,0.0,0.0
2015-06-09 00:00:00-04:00,18.780000686645508,18.950000762939453,18.610000610351562,18.850000381469727,16.4373836517334,4478700,0.08,0.0
2015-06-10 00:00:00-04:00,18.90999984741211,19.190000534057617,18.889999389648438,19.100000381469727,16.655384063720703,3219800,0.0,0.0
2015-06-11 00:00:00-04:00,19.190000534057617,19.43000030517578,19.170000076293945,19.229999542236328,16.76874351501465,4377800,0.0,0.0
2015-06-12 00:00:00-04:00,19.09000015258789,19.290000915527344,19.09000015258789,19.270000457763672,16.80362319946289,3405600,0.0,0.0
2015-06-15 00:00:00-04:00,19.200000762939453,19.65999984741211,19.170000076293945,19.3799991607666,16.899551391601562,5326100,0.0,0.0
2015-06-16 00:00:00-04:00,19.329999923706055,19.420000076293945,19.200000762939453,19.3799991607666,16.899551391601562,4448300,0.0,0.0
2015-06-17 00:00:00-04:00,19.399999618530273,19.489999771118164,19.260000228881836,19.469999313354492,16.978029251098633,3858900,0.0,0.0
2015-06-18 00:00:00-04:00,19.5,19.709999084472656,19.469999313354492,19.559999465942383,17.056499481201172,3281700,0.0,0.0
2015-06-19 00:00:00-04:00,19.639999389648438,20.149999618530273,19.6200008392334,19.989999771118164,17.431468963623047,6968800,0.0,0.0
2015-06-22 00:00:00-04:00,20.06999969482422,20.329999923706055,20.06999969482422,20.25,17.658201217651367,5536800,0.0,0.0
2015-06-23 00:00:00-04:00,20.31999969482422,20.600000381469727,20.170000076293945,20.309999465942383,17.710514068603516,5973500,0.0,0.0
2015-06-24 00:00:00-04:00,20.75,21.010000228881836,20.5,20.540000915527344,17.911081314086914,6345900,0.0,0.0
2015-06-25 00:00:00-04:00,20.600000381469727,20.809999465942383,20.420000076293945,20.420000076293945,17.806442260742188,4084300,0.0,0.0
2015-06-26 00:00:00-04:00,20.489999771118164,20.520000457763672,20.260000228881836,20.479999542236328,17.858755111694336,4449700,0.0,0.0
2015-06-29 00:00:00-04:00,20.290000915527344,20.510000228881836,20.049999237060547,20.079999923706055,17.509958267211914,3826300,0.0,0.0
2015-06-30 00:00:00-04:00,20.200000762939453,20.389999389648438,20.09000015258789,20.149999618530273,17.57099151611328,4948900,0.0,0.0
2015-07-01 00:00:00-04:00,20.309999465942383,20.459999084472656,20.139999389648438,20.43000030517578,17.81515884399414,5687600,0.0,0.0
2015-07-02 00:00:00-04:00,20.5,20.780000686645508,20.290000915527344,20.549999237060547,17.919801712036133,8672700,0.0,0.0
2015-07-06 00:00:00-04:00,20.3700008392334,20.90999984741211,20.31999969482422,20.56999969482422,17.93724250793457,5720000,0.0,0.0
2015-07-07 00:00:00-04:00,20.540000915527344,20.93000030517578,20.479999542236328,20.90999984741211,18.233722686767578,8037900,0.0,0.0
2015-07-08 00:00:00-04:00,20.75,20.90999984741211,20.350000381469727,20.450000762939453,17.832599639892578,4881700,0.0,0.0
2015-07-09 00:00:00-04:00,20.65999984741211,20.770000457763672,20.309999465942383,20.31999969482422,17.719234466552734,5905500,0.0,0.0
2015-07-10 00:00:00-04:00,20.5,20.780000686645508,20.459999084472656,20.690000534057617,18.04187774658203,2986100,0.0,0.0
2015-07-13 00:00:00-04:00,20.809999465942383,20.8799991607666,20.639999389648438,20.75,18.094196319580078,3109100,0.0,0.0
2015-07-14 00:00:00-04:00,20.809999465942383,20.940000534057617,20.729999542236328,20.889999389648438,18.21628189086914,2421000,0.0,0.0
2015-07-15 00:00:00-04:00,20.889999389648438,20.899999618530273,20.389999389648438,20.489999771118164,17.867483139038086,4233100,0.0,0.0
2015-07-16 00:00:00-04:00,20.610000610351562,20.68000030517578,20.309999465942383,20.489999771118164,17.867483139038086,4027600,0.0,0.0
2015-07-17 00:00:00-04:00,20.549999237060547,20.56999969482422,19.979999542236328,20.09000015258789,17.518672943115234,7770400,0.0,0.0
2015-07-20 00:00:00-04:00,20.1200008392334,20.139999389648438,19.700000762939453,19.729999542236328,17.204742431640625,6093600,0.0,0.0
2015-07-21 00:00:00-04:00,19.75,20.0,19.610000610351562,19.68000030517578,17.16115379333496,5305300,0.0,0.0
2015-07-22 00:00:00-04:00,19.670000076293945,20.229999542236328,19.65999984741211,20.15999984741211,17.579715728759766,6886400,0.0,0.0
2015-07-23 00:00:00-04:00,20.219999313354492,20.6200008392334,19.84000015258789,20.18000030517578,17.597158432006836,9921700,0.0,0.0
2015-07-24 00:00:00-04:00,20.25,20.25,19.3700008392334,19.489999771118164,16.995466232299805,8623700,0.0,0.0
2015-07-27 00:00:00-04:00,19.360000610351562,19.649999618530273,19.280000686645508,19.5,17.004192352294922,6646200,0.0,0.0
2015-07-28 00:00:00-04:00,19.559999465942383,19.90999984741211,19.3799991607666,19.690000534057617,17.169872283935547,6792200,0.0,0.0
2015-07-29 00:00:00-04:00,19.68000030517578,20.18000030517578,19.6200008392334,20.110000610351562,17.53611946105957,4287500,0.0,0.0
2015-07-30 00:00:00-04:00,19.979999542236328,20.450000762939453,19.90999984741211,20.399999618530273,17.78899383544922,3951500,0.0,0.0
2015-07-31 00:00:00-04:00,20.459999084472656,20.850000381469727,20.270000457763672,20.719999313354492,18.06803321838379,6876000,0.0,0.0
2015-08-03 00:00:00-04:00,20.65999984741211,20.780000686645508,20.540000915527344,20.709999084472656,18.059316635131836,5110700,0.0,0.0
2015-08-04 00:00:00-04:00,20.690000534057617,20.739999771118164,20.209999084472656,20.329999923706055,17.72796630859375,4062800,0.0,0.0
2015-08-05 00:00:00-04:00,20.40999984741211,20.459999084472656,19.8700008392334,19.959999084472656,17.40531349182129,3936900,0.0,0.0
2015-08-06 00:00:00-04:00,20.059999465942383,20.059999465942383,19.670000076293945,19.780000686645508,17.248355865478516,4282000,0.0,0.0
2015-08-07 00:00:00-04:00,19.719999313354492,19.860000610351562,19.6200008392334,19.739999771118164,17.21347427368164,3227900,0.0,0.0
2015-08-10 00:00:00-04:00,19.860000610351562,20.219999313354492,19.84000015258789,20.1200008392334,17.54483413696289,2824700,0.0,0.0
2015-08-11 00:00:00-04:00,20.100000381469727,20.579999923706055,19.950000762939453,20.549999237060547,17.919801712036133,5012300,0.0,0.0
2015-08-12 00:00:00-04:00,20.530000686645508,20.90999984741211,20.31999969482422,20.860000610351562,18.19012451171875,7946700,0.0,0.0
2015-08-13 00:00:00-04:00,20.84000015258789,21.549999237060547,20.84000015258789,21.34000015258789,18.60869026184082,8931700,0.0,0.0
2015-08-14 00:00:00-04:00,21.280000686645508,21.329999923706055,21.010000228881836,21.15999984741211,18.45172691345215,4701500,0.0,0.0
2015-08-17 00:00:00-04:00,21.079999923706055,21.469999313354492,21.0,21.3700008392334,18.634851455688477,3001200,0.0,0.0
2015-08-18 00:00:00-04:00,21.600000381469727,22.100000381469727,21.540000915527344,21.899999618530273,19.097009658813477,6898100,0.0,0.0
2015-08-19 00:00:00-04:00,21.780000686645508,22.059999465942383,21.639999389648438,22.020000457763672,19.201656341552734,5056900,0.0,0.0
2015-08-20 00:00:00-04:00,21.760000228881836,21.950000762939453,21.489999771118164,21.510000228881836,18.756929397583008,5204200,0.0,0.0
2015-08-21 00:00:00-04:00,21.31999969482422,21.360000610351562,20.809999465942383,20.93000030517578,18.251163482666016,6929400,0.0,0.0
2015-08-24 00:00:00-04:00,19.56999969482422,20.139999389648438,19.040000915527344,19.6200008392334,17.108823776245117,12343600,0.0,0.0
2015-08-25 00:00:00-04:00,20.270000457763672,20.3700008392334,18.899999618530273,18.90999984741211,16.489704132080078,7398700,0.0,0.0
2015-08-26 00:00:00-04:00,19.389999389648438,19.8700008392334,18.90999984741211,19.81999969482422,17.28323745727539,9403700,0.0,0.0
2015-08-27 00:00:00-04:00,20.049999237060547,20.479999542236328,19.829999923706055,20.459999084472656,17.841320037841797,6439700,0.0,0.0
2015-08-28 00:00:00-04:00,20.459999084472656,20.670000076293945,20.239999771118164,20.440000534057617,17.82387351989746,5226400,0.0,0.0
2015-08-31 00:00:00-04:00,20.389999389648438,20.850000381469727,20.309999465942383,20.690000534057617,18.04187774658203,6120800,0.0,0.0
2015-09-01 00:00:00-04:00,20.260000228881836,20.510000228881836,19.760000228881836,19.899999618530273,17.352991104125977,5066100,0.0,0.0
2015-09-02 00:00:00-04:00,20.110000610351562,20.350000381469727,19.770000457763672,20.350000381469727,17.745399475097656,5139900,0.0,0.0
2015-09-03 00:00:00-04:00,20.510000228881836,20.8700008392334,20.450000762939453,20.75,18.094196319580078,5966100,0.0,0.0
2015-09-04 00:00:00-04:00,20.3700008392334,20.68000030517578,20.15999984741211,20.239999771118164,17.649471282958984,3125600,0.0,0.0
2015-09-08 00:00:00-04:00,20.549999237060547,20.8700008392334,20.40999984741211,20.81999969482422,18.155242919921875,5624600,0.0,0.0
2015-09-09 00:00:00-04:00,21.049999237060547,21.110000610351562,20.489999771118164,20.600000381469727,17.963401794433594,4558200,0.0,0.0
2015-09-10 00:00:00-04:00,20.290000915527344,20.540000915527344,20.040000915527344,20.5,17.87619400024414,4355600,0.0,0.0
2015-09-11 00:00:00-04:00,20.59000015258789,20.950000762939453,20.43000030517578,20.950000762939453,18.268606185913086,4581400,0.0,0.0
2015-09-14 00:00:00-04:00,20.940000534057617,21.0,20.65999984741211,20.790000915527344,18.129085540771484,2975100,0.0,0.0
2015-09-15 00:00:00-04:00,20.889999389648438,20.889999389648438,20.59000015258789,20.719999313354492,18.06803321838379,4302200,0.0,0.0
2015-09-16 00:00:00-04:00,20.719999313354492,20.84000015258789,20.459999084472656,20.809999465942383,18.146520614624023,5424500,0.0,0.0
2015-09-17 00:00:00-04:00,20.860000610351562,21.5,20.75,21.030000686645508,18.33835792541504,6299700,0.0,0.0
2015-09-18 00:00:00-04:00,20.649999618530273,20.979999542236328,20.440000534057617,20.520000457763672,17.96196746826172,7676500,0.08,0.0
2015-09-21 00:00:00-04:00,20.729999542236328,20.940000534057617,20.139999389648438,20.239999771118164,17.71687126159668,4011100,0.0,0.0
2015-09-22 00:00:00-04:00,20.0,20.040000915527344,19.329999923706055,19.649999618530273,17.200422286987305,7997700,0.0,0.0
2015-09-23 00:00:00-04:00,19.600000381469727,19.8700008392334,19.489999771118164,19.540000915527344,17.10413360595703,3966800,0.0,0.0
2015-09-24 00:00:00-04:00,19.260000228881836,19.8700008392334,19.059999465942383,19.81999969482422,17.34922981262207,5450100,0.0,0.0
2015-09-25 00:00:00-04:00,19.979999542236328,20.329999923706055,19.84000015258789,19.959999084472656,17.471782684326172,3691000,0.0,0.0
2015-09-28 00:00:00-04:00,19.8799991607666,19.940000534057617,18.709999084472656,19.030000686645508,16.6577091217041,5596700,0.0,0.0
2015-09-29 00:00:00-04:00,19.040000915527344,19.290000915527344,18.530000686645508,18.719999313354492,16.386354446411133,6051900,0.0,0.0
2015-09-30 00:00:00-04:00,18.940000534057617,19.06999969482422,18.559999465942383,18.8700008392334,16.517656326293945,4973000,0.0,0.0
2015-10-01 00:00:00-04:00,18.8700008392334,19.139999389648438,18.600000381469727,19.1200008392334,16.736494064331055,5201300,0.0,0.0
2015-10-02 00:00:00-04:00,18.8799991607666,19.200000762939453,18.610000610351562,19.139999389648438,16.753995895385742,5635300,0.0,0.0
2015-10-05 00:00:00-04:00,19.219999313354492,20.0,19.219999313354492,19.979999542236328,17.48928451538086,3892800,0.0,0.0
2015-10-06 00:00:00-04:00,20.040000915527344,20.049999237060547,19.549999237060547,19.6200008392334,17.174158096313477,3193000,0.0,0.0
2015-10-07 00:00:00-04:00,19.75,20.020000457763672,19.670000076293945,20.0,17.50679588317871,5760200,0.0,0.0
2015-10-08 00:00:00-04:00,19.950000762939453,20.25,19.799999237060547,20.209999084472656,17.690610885620117,5299600,0.0,0.0
2015-10-09 00:00:00-04:00,20.18000030517578,20.270000457763672,19.920000076293945,20.1200008392334,17.611835479736328,4133600,0.0,0.0
2015-10-12 00:00:00-04:00,20.139999389648438,20.200000762939453,19.799999237060547,20.100000381469727,17.59432601928711,3032400,0.0,0.0
2015-10-13 00:00:00-04:00,19.639999389648438,19.979999542236328,19.40999984741211,19.5,17.069128036499023,10048200,0.0,0.0
2015-10-14 00:00:00-04:00,19.450000762939453,19.540000915527344,18.6299991607666,18.889999389648438,16.535165786743164,10474700,0.0,0.0
2015-10-15 00:00:00-04:00,18.979999542236328,19.149999618530273,18.649999618530273,19.100000381469727,16.71898651123047,6901700,0.0,0.0
2015-10-16 00:00:00-04:00,19.1299991607666,19.360000610351562,18.93000030517578,19.09000015258789,16.710233688354492,7521000,0.0,0.0
2015-10-19 00:00:00-04:00,19.059999465942383,19.15999984741211,18.920000076293945,19.1200008392334,16.736494064331055,6545500,0.0,0.0
2015-10-20 00:00:00-04:00,19.1299991607666,19.65999984741211,19.049999237060547,19.420000076293945,16.999094009399414,5728800,0.0,0.0
2015-10-21 00:00:00-04:00,19.530000686645508,19.610000610351562,19.239999771118164,19.450000762939453,17.025352478027344,4679000,0.0,0.0
2015-10-22 00:00:00-04:00,18.510000228881836,18.75,17.520000457763672,18.15999984741211,15.896169662475586,22656800,0.0,0.0
2015-10-23 00:00:00-04:00,18.200000762939453,18.43000030517578,17.610000610351562,18.34000015258789,16.053730010986328,14769200,0.0,0.0
2015-10-26 00:00:00-04:00,18.34000015258789,18.579999923706055,17.989999771118164,18.18000030517578,15.913675308227539,8843600,0.0,0.0
2015-10-27 00:00:00-04:00,18.09000015258789,18.149999618530273,17.8700008392334,18.040000915527344,15.791125297546387,8634000,0.0,0.0
2015-10-28 00:00:00-04:00,18.09000015258789,18.520000457763672,17.959999084472656,18.420000076293945,16.123762130737305,5619800,0.0,0.0
2015-10-29 00:00:00-04:00,18.260000228881836,18.309999465942383,17.770000457763672,17.959999084472656,15.721100807189941,5246100,0.0,0.0
2015-10-30 00:00:00-04:00,17.920000076293945,18.420000076293945,17.84000015258789,18.329999923706055,16.044973373413086,6024300,0.0,0.0
2015-11-02 00:00:00-05:00,18.31999969482422,18.5,18.239999771118164,18.389999389648438,16.097497940063477,4725400,0.0,0.0
2015-11-03 00:00:00-05:00,18.31999969482422,18.68000030517578,18.110000610351562,18.459999084472656,16.158761978149414,5595200,0.0,0.0
2015-11-04 00:00:00-05:00,18.489999771118164,18.6299991607666,18.260000228881836,18.34000015258789,16.053730010986328,5574600,0.0,0.0
2015-11-05 00:00:00-05:00,18.34000015258789,18.399999618530273,17.8799991607666,18.149999618530273,15.887413024902344,9302800,0.0,0.0
2015-11-06 00:00:00-05:00,17.979999542236328,18.190000534057617,17.75,17.90999984741211,15.677330017089844,5819000,0.0,0.0
2015-11-09 00:00:00-05:00,17.93000030517578,17.93000030517578,17.290000915527344,17.559999465942383,15.370960235595703,6021800,0.0,0.0
2015-11-10 00:00:00-05:00,17.559999465942383,18.219999313354492,17.520000457763672,18.190000534057617,15.9224214553833,9125800,0.0,0.0
2015-11-11 00:00:00-05:00,18.219999313354492,18.489999771118164,18.059999465942383,18.43000030517578,16.132509231567383,5596600,0.0,0.0
2015-11-12 00:00:00-05:00,18.209999084472656,18.229999542236328,17.829999923706055,17.920000076293945,15.686079978942871,4196000,0.0,0.0
2015-11-13 00:00:00-05:00,17.940000534057617,18.100000381469727,17.670000076293945,17.709999084472656,15.502264976501465,3596100,0.0,0.0
2015-11-16 00:00:00-05:00,17.670000076293945,18.489999771118164,17.649999618530273,18.440000534057617,16.14126205444336,6206900,0.0,0.0
2015-11-17 00:00:00-05:00,18.450000762939453,18.700000762939453,18.34000015258789,18.40999984741211,16.114999771118164,4325200,0.0,0.0
2015-11-18 00:00:00-05:00,18.360000610351562,19.0,18.34000015258789,18.969999313354492,16.605195999145508,5239200,0.0,0.0
2015-11-19 00:00:00-05:00,18.90999984741211,19.200000762939453,18.8799991607666,19.079999923706055,16.701473236083984,3424600,0.0,0.0
2015-11-20 00:00:00-05:00,19.170000076293945,19.360000610351562,18.989999771118164,19.200000762939453,16.806520462036133,2849900,0.0,0.0
2015-11-23 00:00:00-05:00,19.1299991607666,19.459999084472656,19.100000381469727,19.25,16.850284576416016,3423000,0.0,0.0
2015-11-24 00:00:00-05:00,19.059999465942383,19.600000381469727,19.010000228881836,19.510000228881836,17.077871322631836,4256500,0.0,0.0
2015-11-25 00:00:00-05:00,19.510000228881836,19.809999465942383,19.489999771118164,19.75,17.287952423095703,3926600,0.0,0.0
2015-11-27 00:00:00-05:00,19.760000228881836,19.799999237060547,19.610000610351562,19.65999984741211,17.209177017211914,2196100,0.0,0.0
2015-11-30 00:00:00-05:00,19.709999084472656,19.709999084472656,19.420000076293945,19.479999542236328,17.051618576049805,3362800,0.0,0.0
2015-12-01 00:00:00-05:00,19.549999237060547,19.700000762939453,19.34000015258789,19.649999618530273,17.200422286987305,3817700,0.0,0.0
2015-12-02 00:00:00-05:00,19.65999984741211,19.700000762939453,18.940000534057617,19.079999923706055,16.701473236083984,6428600,0.0,0.0
2015-12-03 00:00:00-05:00,19.200000762939453,19.25,18.739999771118164,18.889999389648438,16.535165786743164,5517100,0.0,0.0
2015-12-04 00:00:00-05:00,19.010000228881836,19.459999084472656,18.8799991607666,19.420000076293945,16.999094009399414,4002800,0.0,0.0
2015-12-07 00:00:00-05:00,19.329999923706055,19.520000457763672,19.229999542236328,19.3799991607666,16.96407699584961,3122900,0.0,0.0
2015-12-08 00:00:00-05:00,19.100000381469727,19.25,18.68000030517578,18.780000686645508,16.438880920410156,4466900,0.0,0.0
2015-12-09 00:00:00-05:00,18.59000015258789,18.760000228881836,17.969999313354492,18.020000457763672,15.77362060546875,7614500,0.0,0.0
2015-12-10 00:00:00-05:00,18.1200008392334,18.31999969482422,17.899999618530273,18.15999984741211,15.896169662475586,5134800,0.0,0.0
2015-12-11 00:00:00-05:00,17.81999969482422,17.889999389648438,17.579999923706055,17.639999389648438,15.517894744873047,4283000,0.09,0.0
2015-12-14 00:00:00-05:00,17.709999084472656,17.729999542236328,17.079999923706055,17.18000030517578,15.113231658935547,7051800,0.0,0.0
2015-12-15 00:00:00-05:00,17.290000915527344,17.549999237060547,17.149999618530273,17.389999389648438,15.297968864440918,6369700,0.0,0.0
2015-12-16 00:00:00-05:00,17.610000610351562,18.1200008392334,17.5,18.020000457763672,15.852185249328613,7394200,0.0,0.0
2015-12-17 00:00:00-05:00,18.100000381469727,18.170000076293945,17.670000076293945,17.75,15.614665985107422,5017300,0.0,0.0
2015-12-18 00:00:00-05:00,17.709999084472656,17.739999771118164,17.270000457763672,17.329999923706055,15.24519157409668,11039600,0.0,0.0
2015-12-21 00:00:00-05:00,17.530000686645508,17.889999389648438,17.469999313354492,17.770000457763672,15.632254600524902,3618800,0.0,0.0
2015-12-22 00:00:00-05:00,17.469999313354492,17.920000076293945,17.389999389648438,17.799999237060547,15.658645629882812,5549100,0.0,0.0
2015-12-23 00:00:00-05:00,17.90999984741211,18.200000762939453,17.770000457763672,18.1299991607666,15.94894790649414,3305200,0.0,0.0
2015-12-24 00:00:00-05:00,18.1200008392334,18.3799991607666,18.1200008392334,18.219999313354492,16.02811622619629,1446400,0.0,0.0
2015-12-28 00:00:00-05:00,18.1299991607666,18.190000534057617,17.81999969482422,18.100000381469727,15.922560691833496,2596200,0.0,0.0
2015-12-29 00:00:00-05:00,18.219999313354492,18.299999237060547,17.8700008392334,18.15999984741211,15.975341796875,2995700,0.0,0.0
2015-12-30 00:00:00-05:00,18.15999984741211,18.219999313354492,17.93000030517578,17.979999542236328,15.81698989868164,2270600,0.0,0.0
2015-12-31 00:00:00-05:00,17.899999618530273,18.06999969482422,17.799999237060547,17.81999969482422,15.676239013671875,2140500,0.0,0.0
2016-01-04 00:00:00-05:00,17.56999969482422,17.600000381469727,16.790000915527344,17.15999984741211,15.095637321472168,9365900,0.0,0.0
2016-01-05 00:00:00-05:00,17.200000762939453,17.479999542236328,17.100000381469727,17.31999969482422,15.236393928527832,9787600,0.0,0.0
2016-01-06 00:00:00-05:00,17.040000915527344,17.34000015258789,16.780000686645508,16.940000534057617,14.902108192443848,7968900,0.0,0.0
2016-01-07 00:00:00-05:00,16.25,16.770000457763672,16.170000076293945,16.219999313354492,14.268721580505371,6469200,0.0,0.0
2016-01-08 00:00:00-05:00,16.59000015258789,16.739999771118164,15.760000228881836,15.899999618530273,13.987215995788574,10622000,0.0,0.0
2016-01-11 00:00:00-05:00,16.049999237060547,16.3700008392334,15.829999923706055,16.15999984741211,14.215938568115234,9021000,0.0,0.0
2016-01-12 00:00:00-05:00,16.329999923706055,16.489999771118164,15.850000381469727,16.229999542236328,14.277522087097168,5682000,0.0,0.0
2016-01-13 00:00:00-05:00,16.65999984741211,17.079999923706055,16.270000457763672,16.299999237060547,14.339096069335938,13149700,0.0,0.0
2016-01-14 00:00:00-05:00,16.299999237060547,16.43000030517578,15.770000457763672,16.06999969482422,14.136767387390137,6004500,0.0,0.0
2016-01-15 00:00:00-05:00,15.619999885559082,16.139999389648438,15.5,15.9399995803833,14.022407531738281,8129600,0.0,0.0
2016-01-19 00:00:00-05:00,16.139999389648438,16.270000457763672,15.529999732971191,15.670000076293945,13.784887313842773,5967600,0.0,0.0
2016-01-20 00:00:00-05:00,15.359999656677246,15.699999809265137,14.609999656677246,15.569999694824219,13.696919441223145,8245400,0.0,0.0
2016-01-21 00:00:00-05:00,15.579999923706055,16.5,15.5,16.0,14.07519245147705,11470300,0.0,0.0
2016-01-22 00:00:00-05:00,16.270000457763672,17.020000457763672,16.270000457763672,16.600000381469727,14.603009223937988,9746000,0.0,0.0
2016-01-25 00:00:00-05:00,16.549999237060547,16.780000686645508,15.819999694824219,15.90999984741211,13.996017456054688,9450600,0.0,0.0
2016-01-26 00:00:00-05:00,16.0,16.479999542236328,15.579999923706055,16.329999923706055,14.365488052368164,7969000,0.0,0.0
2016-01-27 00:00:00-05:00,16.309999465942383,16.5,15.970000267028809,16.079999923706055,14.145564079284668,8417000,0.0,0.0
2016-01-28 00:00:00-05:00,16.530000686645508,16.799999237060547,16.049999237060547,16.389999389648438,14.4182710647583,11110800,0.0,0.0
2016-01-29 00:00:00-05:00,16.5,16.8700008392334,16.190000534057617,16.760000228881836,14.743758201599121,12647300,0.0,0.0
2016-02-01 00:00:00-05:00,16.56999969482422,16.81999969482422,16.440000534057617,16.510000228881836,14.523836135864258,6266600,0.0,0.0
2016-02-02 00:00:00-05:00,16.31999969482422,16.68000030517578,16.1200008392334,16.18000030517578,14.233538627624512,7395700,0.0,0.0
2016-02-03 00:00:00-05:00,16.40999984741211,16.479999542236328,15.9399995803833,16.3799991607666,14.409473419189453,5757200,0.0,0.0
2016-02-04 00:00:00-05:00,16.3700008392334,16.959999084472656,16.3700008392334,16.530000686645508,14.54143238067627,6605600,0.0,0.0
2016-02-05 00:00:00-05:00,16.530000686645508,16.729999542236328,16.040000915527344,16.229999542236328,14.277522087097168,6181300,0.0,0.0
2016-02-08 00:00:00-05:00,15.979999542236328,16.190000534057617,15.579999923706055,15.789999961853027,13.89045238494873,7276700,0.0,0.0
2016-02-09 00:00:00-05:00,15.550000190734863,16.100000381469727,15.5,16.0,14.07519245147705,6325400,0.0,0.0
2016-02-10 00:00:00-05:00,16.219999313354492,16.600000381469727,15.869999885559082,16.350000381469727,14.38308334350586,5870300,0.0,0.0
2016-02-11 00:00:00-05:00,16.049999237060547,16.1200008392334,15.210000038146973,15.359999656677246,13.51218318939209,7484300,0.0,0.0
2016-02-12 00:00:00-05:00,15.550000190734863,16.040000915527344,15.550000190734863,16.010000228881836,14.08398723602295,5444800,0.0,0.0
2016-02-16 00:00:00-05:00,16.239999771118164,16.68000030517578,16.010000228881836,16.670000076293945,14.66458797454834,5569900,0.0,0.0
2016-02-17 00:00:00-05:00,16.809999465942383,16.899999618530273,16.40999984741211,16.610000610351562,14.611807823181152,4463000,0.0,0.0
2016-02-18 00:00:00-05:00,16.649999618530273,16.719999313354492,16.260000228881836,16.610000610351562,14.611807823181152,4860700,0.0,0.0
2016-02-19 00:00:00-05:00,16.479999542236328,16.709999084472656,16.309999465942383,16.540000915527344,14.550223350524902,4222700,0.0,0.0
2016-02-22 00:00:00-05:00,16.739999771118164,17.209999084472656,16.700000762939453,17.200000762939453,15.130827903747559,4933200,0.0,0.0
2016-02-23 00:00:00-05:00,17.149999618530273,17.290000915527344,16.920000076293945,17.149999618530273,15.086840629577637,5522400,0.0,0.0
2016-02-24 00:00:00-05:00,16.940000534057617,17.18000030517578,16.770000457763672,17.100000381469727,15.042858123779297,6397300,0.0,0.0
2016-02-25 00:00:00-05:00,17.1200008392334,17.350000381469727,17.040000915527344,17.34000015258789,15.253985404968262,4720900,0.0,0.0
2016-02-26 00:00:00-05:00,17.440000534057617,17.6200008392334,17.299999237060547,17.389999389648438,15.297968864440918,4178700,0.0,0.0
2016-02-29 00:00:00-05:00,17.360000610351562,17.670000076293945,17.18000030517578,17.190000534057617,15.122031211853027,5239200,0.0,0.0
2016-03-01 00:00:00-05:00,17.350000381469727,17.68000030517578,17.200000762939453,17.520000457763672,15.412330627441406,8650500,0.0,0.0
2016-03-02 00:00:00-05:00,17.489999771118164,17.889999389648438,17.360000610351562,17.8700008392334,15.720223426818848,9080800,0.0,0.0
2016-03-03 00:00:00-05:00,17.889999389648438,18.309999465942383,17.809999465942383,18.15999984741211,15.975341796875,4554700,0.0,0.0
2016-03-04 00:00:00-05:00,18.149999618530273,18.280000686645508,17.770000457763672,17.93000030517578,15.773012161254883,4190400,0.0,0.0
2016-03-07 00:00:00-05:00,17.799999237060547,18.040000915527344,17.700000762939453,17.93000030517578,15.773012161254883,4372700,0.0,0.0
2016-03-08 00:00:00-05:00,17.760000228881836,18.06999969482422,17.59000015258789,17.799999237060547,15.737641334533691,6646600,0.09,0.0
2016-03-09 00:00:00-05:00,17.93000030517578,18.1200008392334,17.6299991607666,18.040000915527344,15.949835777282715,5040500,0.0,0.0
2016-03-10 00:00:00-05:00,18.09000015258789,18.3700008392334,17.649999618530273,17.959999084472656,15.879109382629395,4312200,0.0,0.0
2016-03-11 00:00:00-05:00,18.1200008392334,18.440000534057617,17.979999542236328,18.399999618530273,16.268123626708984,4099600,0.0,0.0
2016-03-14 00:00:00-04:00,18.3700008392334,18.510000228881836,18.170000076293945,18.34000015258789,16.21508026123047,3011100,0.0,0.0
2016-03-15 00:00:00-04:00,18.219999313354492,18.329999923706055,18.079999923706055,18.260000228881836,16.144344329833984,2895400,0.0,0.0
2016-03-16 00:00:00-04:00,17.940000534057617,18.3799991607666,17.799999237060547,18.209999084472656,16.10013771057129,6875700,0.0,0.0
2016-03-17 00:00:00-04:00,18.139999389648438,18.450000762939453,18.020000457763672,18.3700008392334,16.241607666015625,4453100,0.0,0.0
2016-03-18 00:00:00-04:00,18.360000610351562,18.81999969482422,18.350000381469727,18.649999618530273,16.489160537719727,5668000,0.0,0.0
2016-03-21 00:00:00-04:00,18.68000030517578,18.690000534057617,18.1299991607666,18.299999237060547,16.17970848083496,4007000,0.0,0.0
2016-03-22 00:00:00-04:00,18.170000076293945,18.530000686645508,18.149999618530273,18.280000686645508,16.162025451660156,2656000,0.0,0.0
2016-03-23 00:00:00-04:00,18.170000076293945,18.239999771118164,17.959999084472656,17.979999542236328,15.896783828735352,4321500,0.0,0.0
2016-03-24 00:00:00-04:00,18.049999237060547,18.06999969482422,17.850000381469727,17.90999984741211,15.834895133972168,4936500,0.0,0.0
2016-03-28 00:00:00-04:00,17.950000762939453,18.239999771118164,17.81999969482422,18.1200008392334,16.020566940307617,5318800,0.0,0.0
2016-03-29 00:00:00-04:00,18.209999084472656,18.600000381469727,18.09000015258789,18.510000228881836,16.365379333496094,7097900,0.0,0.0
2016-03-30 00:00:00-04:00,18.68000030517578,18.760000228881836,18.40999984741211,18.40999984741211,16.27696418762207,4365600,0.0,0.0
2016-03-31 00:00:00-04:00,18.3799991607666,18.760000228881836,18.31999969482422,18.709999084472656,16.542203903198242,3574600,0.0,0.0
2016-04-01 00:00:00-04:00,18.530000686645508,18.610000610351562,18.309999465942383,18.420000076293945,16.285818099975586,4038600,0.0,0.0
2016-04-04 00:00:00-04:00,18.43000030517578,18.6299991607666,16.600000381469727,17.209999084472656,15.215999603271484,22493400,0.0,0.0
2016-04-05 00:00:00-04:00,16.899999618530273,17.649999618530273,16.729999542236328,17.559999465942383,15.525449752807617,16094600,0.0,0.0
2016-04-06 00:00:00-04:00,17.700000762939453,18.049999237060547,17.700000762939453,17.979999542236328,15.896783828735352,9186200,0.0,0.0
2016-04-07 00:00:00-04:00,17.90999984741211,18.110000610351562,17.639999389648438,17.719999313354492,15.666915893554688,5763100,0.0,0.0
2016-04-08 00:00:00-04:00,17.8700008392334,18.030000686645508,17.729999542236328,17.799999237060547,15.737641334533691,3646000,0.0,0.0
2016-04-11 00:00:00-04:00,17.829999923706055,18.030000686645508,17.520000457763672,17.579999923706055,15.543133735656738,4728400,0.0,0.0
2016-04-12 00:00:00-04:00,17.59000015258789,17.920000076293945,17.5,17.829999923706055,15.764168739318848,5763500,0.0,0.0
2016-04-13 00:00:00-04:00,17.90999984741211,18.520000457763672,17.829999923706055,18.280000686645508,16.162025451660156,5725500,0.0,0.0
2016-04-14 00:00:00-04:00,18.229999542236328,18.40999984741211,18.1299991607666,18.329999923706055,16.206233978271484,3040800,0.0,0.0
2016-04-15 00:00:00-04:00,18.31999969482422,18.739999771118164,18.229999542236328,18.649999618530273,16.489160537719727,5351300,0.0,0.0
2016-04-18 00:00:00-04:00,18.510000228881836,18.739999771118164,18.440000534057617,18.510000228881836,16.365379333496094,6285800,0.0,0.0
2016-04-19 00:00:00-04:00,18.3700008392334,18.799999237060547,18.25,18.65999984741211,16.498001098632812,5403100,0.0,0.0
2016-04-20 00:00:00-04:00,18.639999389648438,19.309999465942383,18.489999771118164,19.18000030517578,16.957754135131836,10901400,0.0,0.0
2016-04-21 00:00:00-04:00,19.1299991607666,19.5,18.829999923706055,19.1299991607666,16.913545608520508,9684000,0.0,0.0
2016-04-22 00:00:00-04:00,19.25,19.489999771118164,18.979999542236328,19.049999237060547,16.842817306518555,6187800,0.0,0.0
2016-04-25 00:00:00-04:00,18.860000610351562,18.989999771118164,18.59000015258789,18.809999465942383,16.630624771118164,4943000,0.0,0.0
2016-04-26 00:00:00-04:00,18.809999465942383,19.1200008392334,18.809999465942383,18.979999542236328,16.78092384338379,4671900,0.0,0.0
2016-04-27 00:00:00-04:00,19.040000915527344,19.260000228881836,18.8799991607666,19.18000030517578,16.957754135131836,5225400,0.0,0.0
2016-04-28 00:00:00-04:00,19.0,19.049999237060547,18.469999313354492,18.520000457763672,16.374225616455078,8723200,0.0,0.0
2016-04-29 00:00:00-04:00,18.5,18.6299991607666,18.200000762939453,18.389999389648438,16.25928497314453,5883900,0.0,0.0
2016-05-02 00:00:00-04:00,18.469999313354492,18.65999984741211,18.360000610351562,18.440000534057617,16.303491592407227,6473700,0.0,0.0
2016-05-03 00:00:00-04:00,18.299999237060547,18.43000030517578,18.0,18.200000762939453,16.091297149658203,7043100,0.0,0.0
2016-05-04 00:00:00-04:00,18.010000228881836,18.360000610351562,17.899999618530273,18.299999237060547,16.17970848083496,8405800,0.0,0.0
2016-05-05 00:00:00-04:00,18.3799991607666,18.469999313354492,18.06999969482422,18.190000534057617,16.08245277404785,4794300,0.0,0.0
2016-05-06 00:00:00-04:00,18.110000610351562,18.450000762939453,18.030000686645508,18.229999542236328,16.11782455444336,4509200,0.0,0.0
2016-05-09 00:00:00-04:00,18.219999313354492,18.469999313354492,18.15999984741211,18.280000686645508,16.162025451660156,2430500,0.0,0.0
2016-05-10 00:00:00-04:00,18.360000610351562,18.40999984741211,18.139999389648438,18.239999771118164,16.126665115356445,4835300,0.0,0.0
2016-05-11 00:00:00-04:00,18.190000534057617,18.360000610351562,18.040000915527344,18.149999618530273,16.047090530395508,4846800,0.0,0.0
2016-05-12 00:00:00-04:00,18.239999771118164,18.31999969482422,18.079999923706055,18.190000534057617,16.08245277404785,3175300,0.0,0.0
2016-05-13 00:00:00-04:00,18.110000610351562,18.350000381469727,17.950000762939453,17.979999542236328,15.896783828735352,3792300,0.0,0.0
2016-05-16 00:00:00-04:00,18.020000457763672,18.260000228881836,18.010000228881836,18.209999084472656,16.10013771057129,2140600,0.0,0.0
2016-05-17 00:00:00-04:00,18.170000076293945,18.420000076293945,18.059999465942383,18.170000076293945,16.064773559570312,3300200,0.0,0.0
2016-05-18 00:00:00-04:00,18.1299991607666,18.399999618530273,17.93000030517578,18.030000686645508,15.940996170043945,4866400,0.0,0.0
2016-05-19 00:00:00-04:00,17.8700008392334,18.030000686645508,17.579999923706055,17.790000915527344,15.728800773620605,3345500,0.0,0.0
2016-05-20 00:00:00-04:00,17.8700008392334,18.1200008392334,17.780000686645508,18.059999465942383,15.96751880645752,3356400,0.0,0.0
2016-05-23 00:00:00-04:00,18.020000457763672,18.149999618530273,17.790000915527344,17.81999969482422,15.75532341003418,3061000,0.0,0.0
2016-05-24 00:00:00-04:00,18.190000534057617,18.860000610351562,17.969999313354492,18.729999542236328,16.55988311767578,6626800,0.0,0.0
2016-05-25 00:00:00-04:00,18.84000015258789,19.040000915527344,18.68000030517578,18.700000762939453,16.53336524963379,3291400,0.0,0.0
2016-05-26 00:00:00-04:00,18.709999084472656,18.93000030517578,18.639999389648438,18.860000610351562,16.67483139038086,3283800,0.0,0.0
2016-05-27 00:00:00-04:00,18.829999923706055,19.040000915527344,18.770000457763672,18.860000610351562,16.67483139038086,2645100,0.0,0.0
2016-05-31 00:00:00-04:00,18.889999389648438,18.899999618530273,18.690000534057617,18.760000228881836,16.586414337158203,3472700,0.0,0.0
2016-06-01 00:00:00-04:00,18.760000228881836,18.899999618530273,18.510000228881836,18.8700008392334,16.683670043945312,2945300,0.0,0.0
2016-06-02 00:00:00-04:00,18.770000457763672,18.940000534057617,18.65999984741211,18.889999389648438,16.701351165771484,8995600,0.0,0.0
2016-06-03 00:00:00-04:00,18.889999389648438,18.889999389648438,18.389999389648438,18.790000915527344,16.612939834594727,2415700,0.0,0.0
2016-06-06 00:00:00-04:00,18.850000381469727,18.889999389648438,18.6200008392334,18.700000762939453,16.53336524963379,5898300,0.0,0.0
2016-06-07 00:00:00-04:00,18.690000534057617,19.780000686645508,18.6200008392334,19.3700008392334,17.20855140686035,11730300,0.09,0.0
2016-06-08 00:00:00-04:00,19.459999084472656,19.799999237060547,19.350000381469727,19.700000762939453,17.50173568725586,5457500,0.0,0.0
2016-06-09 00:00:00-04:00,19.600000381469727,19.68000030517578,19.5,19.579999923706055,17.395126342773438,3059200,0.0,0.0
2016-06-10 00:00:00-04:00,19.3700008392334,19.440000534057617,19.149999618530273,19.219999313354492,17.07529640197754,3579900,0.0,0.0
2016-06-13 00:00:00-04:00,19.1200008392334,19.34000015258789,18.809999465942383,18.829999923706055,16.728816986083984,3665300,0.0,0.0
2016-06-14 00:00:00-04:00,18.790000915527344,18.940000534057617,18.489999771118164,18.59000015258789,16.51559829711914,2536900,0.0,0.0
2016-06-15 00:00:00-04:00,18.6299991607666,18.989999771118164,18.559999465942383,18.719999313354492,16.631092071533203,2548600,0.0,0.0
2016-06-16 00:00:00-04:00,18.610000610351562,18.700000762939453,18.5,18.670000076293945,16.58667755126953,2059500,0.0,0.0
2016-06-17 00:00:00-04:00,18.639999389648438,19.15999984741211,18.59000015258789,19.049999237060547,16.92426872253418,3801300,0.0,0.0
2016-06-20 00:00:00-04:00,19.280000686645508,19.43000030517578,19.079999923706055,19.09000015258789,16.959810256958008,3990500,0.0,0.0
2016-06-21 00:00:00-04:00,19.280000686645508,19.3700008392334,18.809999465942383,19.100000381469727,16.968692779541016,6572400,0.0,0.0
2016-06-22 00:00:00-04:00,19.09000015258789,19.190000534057617,18.850000381469727,18.8700008392334,16.764352798461914,3617700,0.0,0.0
2016-06-23 00:00:00-04:00,19.170000076293945,19.18000030517578,18.940000534057617,19.15999984741211,17.021995544433594,4986600,0.0,0.0
2016-06-24 00:00:00-04:00,18.350000381469727,18.8700008392334,18.329999923706055,18.399999618530273,16.3467960357666,9167500,0.0,0.0
2016-06-27 00:00:00-04:00,18.219999313354492,18.25,17.709999084472656,18.010000228881836,16.00031852722168,6377400,0.0,0.0
2016-06-28 00:00:00-04:00,18.260000228881836,18.690000534057617,18.200000762939453,18.559999465942383,16.488943099975586,3622600,0.0,0.0
2016-06-29 00:00:00-04:00,18.760000228881836,19.149999618530273,18.690000534057617,19.0,16.87984848022461,5416100,0.0,0.0
2016-06-30 00:00:00-04:00,19.06999969482422,19.510000228881836,18.950000762939453,19.489999771118164,17.315170288085938,4903300,0.0,0.0
2016-07-01 00:00:00-04:00,19.5,19.81999969482422,19.3799991607666,19.479999542236328,17.306283950805664,3613500,0.0,0.0
2016-07-05 00:00:00-04:00,19.420000076293945,19.43000030517578,19.040000915527344,19.270000457763672,17.119714736938477,8055000,0.0,0.0
2016-07-06 00:00:00-04:00,19.190000534057617,19.65999984741211,19.079999923706055,19.65999984741211,17.46620750427246,4253500,0.0,0.0
2016-07-07 00:00:00-04:00,19.670000076293945,20.049999237060547,19.6200008392334,19.969999313354492,17.741605758666992,4776900,0.0,0.0
2016-07-08 00:00:00-04:00,20.170000076293945,20.670000076293945,20.170000076293945,20.479999542236328,18.194704055786133,4054100,0.0,0.0
2016-07-11 00:00:00-04:00,20.510000228881836,20.649999618530273,20.389999389648438,20.40999984741211,18.132509231567383,3074700,0.0,0.0
2016-07-12 00:00:00-04:00,20.530000686645508,20.6299991607666,20.360000610351562,20.489999771118164,18.20357894897461,2715200,0.0,0.0
2016-07-13 00:00:00-04:00,20.510000228881836,20.649999618530273,20.309999465942383,20.43000030517578,18.150270462036133,2159300,0.0,0.0
2016-07-14 00:00:00-04:00,20.540000915527344,20.649999618530273,20.350000381469727,20.3700008392334,18.09697723388672,2219600,0.0,0.0
2016-07-15 00:00:00-04:00,20.459999084472656,20.530000686645508,20.15999984741211,20.3700008392334,18.09697723388672,2334600,0.0,0.0
2016-07-18 00:00:00-04:00,20.43000030517578,20.5,20.309999465942383,20.459999084472656,18.176929473876953,2059600,0.0,0.0
2016-07-19 00:00:00-04:00,20.489999771118164,20.540000915527344,20.280000686645508,20.3700008392334,18.09697723388672,2784600,0.0,0.0
2016-07-20 00:00:00-04:00,20.389999389648438,20.510000228881836,20.31999969482422,20.420000076293945,18.141389846801758,4333400,0.0,0.0
2016-07-21 00:00:00-04:00,21.030000686645508,21.790000915527344,20.649999618530273,21.510000228881836,19.109764099121094,13254900,0.0,0.0
2016-07-22 00:00:00-04:00,21.790000915527344,22.049999237060547,21.399999618530273,21.850000381469727,19.411827087402344,9533200,0.0,0.0
2016-07-25 00:00:00-04:00,22.290000915527344,22.399999618530273,21.739999771118164,21.940000534057617,19.491783142089844,9774500,0.0,0.0
2016-07-26 00:00:00-04:00,21.940000534057617,22.260000228881836,21.700000762939453,22.100000381469727,19.633930206298828,8093500,0.0,0.0
2016-07-27 00:00:00-04:00,22.170000076293945,22.399999618530273,21.989999771118164,22.110000610351562,19.642812728881836,4697900,0.0,0.0
2016-07-28 00:00:00-04:00,22.0,22.100000381469727,21.639999389648438,21.719999313354492,19.296323776245117,9137200,0.0,0.0
2016-07-29 00:00:00-04:00,21.719999313354492,21.84000015258789,21.06999969482422,21.18000030517578,18.81658363342285,11743900,0.0,0.0
2016-08-01 00:00:00-04:00,21.149999618530273,21.5,21.0,21.440000534057617,19.047576904296875,5443400,0.0,0.0
2016-08-02 00:00:00-04:00,21.34000015258789,21.450000762939453,20.8799991607666,20.950000762939453,18.612253189086914,5242200,0.0,0.0
2016-08-03 00:00:00-04:00,20.90999984741211,21.18000030517578,20.899999618530273,21.010000228881836,18.665559768676758,4516200,0.0,0.0
2016-08-04 00:00:00-04:00,21.06999969482422,21.15999984741211,20.739999771118164,21.040000915527344,18.692211151123047,5571600,0.0,0.0
2016-08-05 00:00:00-04:00,21.110000610351562,21.600000381469727,21.110000610351562,21.540000915527344,19.13641929626465,7951400,0.0,0.0
2016-08-08 00:00:00-04:00,21.549999237060547,21.639999389648438,21.200000762939453,21.260000228881836,18.887659072875977,5284700,0.0,0.0
2016-08-09 00:00:00-04:00,21.219999313354492,21.399999618530273,21.190000534057617,21.290000915527344,18.914321899414062,3766700,0.0,0.0
2016-08-10 00:00:00-04:00,21.34000015258789,21.389999389648438,21.110000610351562,21.219999313354492,18.85211944580078,3222400,0.0,0.0
2016-08-11 00:00:00-04:00,21.329999923706055,21.469999313354492,21.170000076293945,21.389999389648438,19.003149032592773,2310500,0.0,0.0
2016-08-12 00:00:00-04:00,21.389999389648438,21.479999542236328,20.989999771118164,21.149999618530273,18.789939880371094,2604400,0.0,0.0
2016-08-15 00:00:00-04:00,21.200000762939453,21.520000457763672,21.1200008392334,21.420000076293945,19.029808044433594,4748000,0.0,0.0
2016-08-16 00:00:00-04:00,21.40999984741211,21.6299991607666,21.239999771118164,21.360000610351562,18.97650718688965,3224100,0.0,0.0
2016-08-17 00:00:00-04:00,21.31999969482422,21.3700008392334,20.84000015258789,21.06999969482422,18.71886444091797,4136700,0.0,0.0
2016-08-18 00:00:00-04:00,21.110000610351562,21.260000228881836,21.040000915527344,21.139999389648438,18.781049728393555,3588900,0.0,0.0
2016-08-19 00:00:00-04:00,21.059999465942383,21.270000457763672,21.049999237060547,21.190000534057617,18.825471878051758,2353500,0.0,0.0
2016-08-22 00:00:00-04:00,21.170000076293945,21.34000015258789,21.09000015258789,21.31999969482422,18.940967559814453,2457600,0.0,0.0
2016-08-23 00:00:00-04:00,21.479999542236328,22.020000457763672,21.31999969482422,21.93000030517578,19.482898712158203,7253800,0.0,0.0
2016-08-24 00:00:00-04:00,21.8700008392334,21.979999542236328,21.540000915527344,21.56999969482422,19.163068771362305,4716200,0.0,0.0
2016-08-25 00:00:00-04:00,21.520000457763672,21.690000534057617,21.40999984741211,21.56999969482422,19.163068771362305,1875800,0.0,0.0
2016-08-26 00:00:00-04:00,21.56999969482422,21.729999542236328,21.040000915527344,21.190000534057617,18.825471878051758,3383200,0.0,0.0
2016-08-29 00:00:00-04:00,21.15999984741211,21.389999389648438,21.15999984741211,21.18000030517578,18.81658363342285,3908900,0.0,0.0
2016-08-30 00:00:00-04:00,21.219999313354492,21.399999618530273,21.18000030517578,21.360000610351562,18.97650718688965,2870200,0.0,0.0
2016-08-31 00:00:00-04:00,21.360000610351562,21.459999084472656,21.18000030517578,21.3700008392334,18.985389709472656,2801300,0.0,0.0
2016-09-01 00:00:00-04:00,21.399999618530273,21.559999465942383,21.040000915527344,21.100000381469727,18.74551773071289,4443100,0.0,0.0
2016-09-02 00:00:00-04:00,21.209999084472656,21.329999923706055,20.8700008392334,20.8799991607666,18.550060272216797,4635100,0.0,0.0
2016-09-06 00:00:00-04:00,20.899999618530273,21.079999923706055,20.739999771118164,20.84000015258789,18.5145320892334,4834400,0.0,0.0
2016-09-07 00:00:00-04:00,20.799999237060547,21.139999389648438,20.799999237060547,21.079999923706055,18.72774314880371,2809000,0.0,0.0
2016-09-08 00:00:00-04:00,21.06999969482422,21.079999923706055,20.850000381469727,20.8799991607666,18.550060272216797,2916700,0.0,0.0
2016-09-09 00:00:00-04:00,20.709999084472656,20.709999084472656,19.81999969482422,20.040000915527344,17.80379295349121,5448300,0.0,0.0
2016-09-12 00:00:00-04:00,19.8799991607666,20.270000457763672,19.799999237060547,20.209999084472656,17.954830169677734,5878300,0.0,0.0
2016-09-13 00:00:00-04:00,20.09000015258789,20.239999771118164,19.549999237060547,19.829999923706055,17.617229461669922,5735800,0.0,0.0
2016-09-14 00:00:00-04:00,19.799999237060547,20.0,19.649999618530273,19.8799991607666,17.66165542602539,5473600,0.0,0.0
2016-09-15 00:00:00-04:00,19.8700008392334,20.09000015258789,19.760000228881836,19.989999771118164,17.759376525878906,2662400,0.0,0.0
2016-09-16 00:00:00-04:00,19.739999771118164,19.829999923706055,19.420000076293945,19.56999969482422,17.464876174926758,4480300,0.09,0.0
2016-09-19 00:00:00-04:00,19.729999542236328,20.25,19.700000762939453,19.8700008392334,17.732603073120117,4408000,0.0,0.0
2016-09-20 00:00:00-04:00,19.639999389648438,19.68000030517578,19.100000381469727,19.290000915527344,17.214994430541992,6366900,0.0,0.0
2016-09-21 00:00:00-04:00,19.290000915527344,19.450000762939453,19.049999237060547,19.40999984741211,17.32208824157715,5265200,0.0,0.0
2016-09-22 00:00:00-04:00,19.549999237060547,19.920000076293945,19.459999084472656,19.860000610351562,17.723684310913086,5603400,0.0,0.0
2016-09-23 00:00:00-04:00,19.809999465942383,19.989999771118164,19.719999313354492,19.809999465942383,17.679052352905273,3918400,0.0,0.0
2016-09-26 00:00:00-04:00,19.690000534057617,19.860000610351562,19.6299991607666,19.770000457763672,17.64335823059082,3674300,0.0,0.0
2016-09-27 00:00:00-04:00,19.799999237060547,20.010000228881836,19.709999084472656,19.889999389648438,17.75045394897461,3538400,0.0,0.0
2016-09-28 00:00:00-04:00,19.90999984741211,20.15999984741211,19.850000381469727,20.139999389648438,17.973562240600586,3784200,0.0,0.0
2016-09-29 00:00:00-04:00,20.139999389648438,20.229999542236328,19.729999542236328,19.809999465942383,17.679052352905273,3544900,0.0,0.0
2016-09-30 00:00:00-04:00,19.920000076293945,20.079999923706055,19.700000762939453,20.040000915527344,17.88431739807129,3621800,0.0,0.0
2016-10-03 00:00:00-04:00,19.93000030517578,20.15999984741211,19.809999465942383,20.040000915527344,17.88431739807129,3084200,0.0,0.0
2016-10-04 00:00:00-04:00,20.0,20.25,19.979999542236328,20.09000015258789,17.928937911987305,4787600,0.0,0.0
2016-10-05 00:00:00-04:00,20.209999084472656,20.65999984741211,20.170000076293945,20.450000762939453,18.250215530395508,4555500,0.0,0.0
2016-10-06 00:00:00-04:00,20.389999389648438,20.450000762939453,20.200000762939453,20.34000015258789,18.152050018310547,4161400,0.0,0.0
2016-10-07 00:00:00-04:00,20.3799991607666,20.5,19.889999389648438,19.940000534057617,17.795076370239258,3869800,0.0,0.0
2016-10-10 00:00:00-04:00,20.059999465942383,20.270000457763672,19.93000030517578,19.93000030517578,17.786151885986328,2700000,0.0,0.0
2016-10-11 00:00:00-04:00,19.850000381469727,19.920000076293945,19.510000228881836,19.68000030517578,17.563045501708984,5081000,0.0,0.0
2016-10-12 00:00:00-04:00,19.68000030517578,19.899999618530273,19.6299991607666,19.75,17.625516891479492,4404200,0.0,0.0
2016-10-13 00:00:00-04:00,19.600000381469727,19.649999618530273,19.34000015258789,19.399999618530273,17.313167572021484,3543900,0.0,0.0
2016-10-14 00:00:00-04:00,19.520000457763672,19.670000076293945,19.350000381469727,19.43000030517578,17.339937210083008,4598400,0.0,0.0
2016-10-17 00:00:00-04:00,19.389999389648438,19.6299991607666,19.34000015258789,19.399999618530273,17.313167572021484,3324700,0.0,0.0
2016-10-18 00:00:00-04:00,19.610000610351562,19.860000610351562,19.450000762939453,19.809999465942383,17.679052352905273,3576400,0.0,0.0
2016-10-19 00:00:00-04:00,19.81999969482422,19.989999771118164,19.719999313354492,19.8799991607666,17.741531372070312,4510500,0.0,0.0
2016-10-20 00:00:00-04:00,19.489999771118164,20.040000915527344,18.68000030517578,19.200000762939453,17.134675979614258,11242500,0.0,0.0
2016-10-21 00:00:00-04:00,19.030000686645508,19.18000030517578,19.010000228881836,19.059999465942383,17.009735107421875,5864500,0.0,0.0
2016-10-24 00:00:00-04:00,19.200000762939453,19.329999923706055,19.0,19.09000015258789,17.03651237487793,5873700,0.0,0.0
2016-10-25 00:00:00-04:00,19.020000457763672,19.06999969482422,18.549999237060547,18.56999969482422,16.57244300842285,6626800,0.0,0.0
2016-10-26 00:00:00-04:00,18.420000076293945,18.780000686645508,18.360000610351562,18.579999923706055,16.58136749267578,4057400,0.0,0.0
2016-10-27 00:00:00-04:00,18.670000076293945,18.719999313354492,18.1299991607666,18.190000534057617,16.233318328857422,6789300,0.0,0.0
2016-10-28 00:00:00-04:00,18.200000762939453,18.700000762939453,18.200000762939453,18.510000228881836,16.518909454345703,4416800,0.0,0.0
2016-10-31 00:00:00-04:00,18.540000915527344,18.760000228881836,18.520000457763672,18.600000381469727,16.599214553833008,3175000,0.0,0.0
2016-11-01 00:00:00-04:00,18.6299991607666,18.799999237060547,18.350000381469727,18.6299991607666,16.625991821289062,7301700,0.0,0.0
2016-11-02 00:00:00-04:00,18.56999969482422,18.639999389648438,18.100000381469727,18.309999465942383,16.340410232543945,5617600,0.0,0.0
2016-11-03 00:00:00-04:00,18.360000610351562,18.450000762939453,17.959999084472656,18.010000228881836,16.07268524169922,5352200,0.0,0.0
2016-11-04 00:00:00-04:00,18.010000228881836,18.59000015258789,17.8799991607666,18.239999771118164,16.27794075012207,6939200,0.0,0.0
2016-11-07 00:00:00-05:00,18.549999237060547,18.719999313354492,18.479999542236328,18.600000381469727,16.599214553833008,4123500,0.0,0.0
2016-11-08 00:00:00-05:00,18.40999984741211,18.450000762939453,18.010000228881836,18.309999465942383,16.340410232543945,5460200,0.0,0.0
2016-11-09 00:00:00-05:00,17.989999771118164,18.329999923706055,17.690000534057617,18.040000915527344,16.09945297241211,10358400,0.0,0.0
2016-11-10 00:00:00-05:00,18.09000015258789,18.709999084472656,17.93000030517578,18.690000534057617,16.67953872680664,13626300,0.0,0.0
2016-11-11 00:00:00-05:00,18.65999984741211,18.799999237060547,18.309999465942383,18.31999969482422,16.349334716796875,9359300,0.0,0.0
2016-11-14 00:00:00-05:00,18.469999313354492,18.760000228881836,18.360000610351562,18.639999389648438,16.63491439819336,4715900,0.0,0.0
2016-11-15 00:00:00-05:00,18.540000915527344,18.780000686645508,18.25,18.65999984741211,16.652759552001953,4163400,0.0,0.0
2016-11-16 00:00:00-05:00,18.600000381469727,18.729999542236328,18.420000076293945,18.440000534057617,16.456424713134766,3077300,0.0,0.0
2016-11-17 00:00:00-05:00,18.649999618530273,19.020000457763672,18.639999389648438,18.940000534057617,16.902647018432617,5420900,0.0,0.0
2016-11-18 00:00:00-05:00,18.93000030517578,19.020000457763672,18.799999237060547,18.84000015258789,16.81340217590332,3629700,0.0,0.0
2016-11-21 00:00:00-05:00,18.889999389648438,19.020000457763672,18.3799991607666,18.90999984741211,16.87586212158203,8148300,0.0,0.0
2016-11-22 00:00:00-05:00,18.93000030517578,18.959999084472656,18.700000762939453,18.81999969482422,16.795551300048828,4823800,0.0,0.0
2016-11-23 00:00:00-05:00,18.850000381469727,19.1299991607666,18.780000686645508,18.989999771118164,16.947261810302734,6237800,0.0,0.0
2016-11-25 00:00:00-05:00,18.989999771118164,19.469999313354492,18.989999771118164,19.270000457763672,17.1971435546875,2361900,0.0,0.0
2016-11-28 00:00:00-05:00,19.290000915527344,19.290000915527344,18.989999771118164,19.100000381469727,17.045433044433594,7079000,0.0,0.0
2016-11-29 00:00:00-05:00,19.1299991607666,19.520000457763672,19.100000381469727,19.290000915527344,17.214994430541992,8458000,0.0,0.0
2016-11-30 00:00:00-05:00,19.329999923706055,19.459999084472656,18.850000381469727,18.860000610351562,16.831253051757812,7322100,0.0,0.0
2016-12-01 00:00:00-05:00,18.8700008392334,19.030000686645508,18.3700008392334,18.389999389648438,16.411808013916016,4991000,0.0,0.0
2016-12-02 00:00:00-05:00,18.40999984741211,18.700000762939453,18.290000915527344,18.309999465942383,16.340410232543945,4023100,0.0,0.0
2016-12-05 00:00:00-05:00,18.440000534057617,18.639999389648438,18.25,18.280000686645508,16.313631057739258,7624500,0.0,0.0
2016-12-06 00:00:00-05:00,18.579999923706055,18.770000457763672,18.350000381469727,18.68000030517578,16.670612335205078,8049400,0.0,0.0
2016-12-07 00:00:00-05:00,18.68000030517578,19.3700008392334,18.600000381469727,19.309999465942383,17.23283576965332,7103900,0.0,0.0
2016-12-08 00:00:00-05:00,19.389999389648438,20.170000076293945,19.3799991607666,19.850000381469727,17.714757919311523,7336600,0.0,0.0
2016-12-09 00:00:00-05:00,19.719999313354492,19.760000228881836,19.299999237060547,19.600000381469727,17.491649627685547,5453200,0.0,0.0
2016-12-12 00:00:00-05:00,19.510000228881836,19.93000030517578,19.489999771118164,19.829999923706055,17.69690704345703,5583600,0.0,0.0
2016-12-13 00:00:00-05:00,19.940000534057617,19.989999771118164,19.6299991607666,19.700000762939453,17.580888748168945,4255200,0.0,0.0
2016-12-14 00:00:00-05:00,19.700000762939453,19.770000457763672,19.059999465942383,19.09000015258789,17.03651237487793,5900000,0.0,0.0
2016-12-15 00:00:00-05:00,19.09000015258789,19.510000228881836,18.65999984741211,18.729999542236328,16.715238571166992,8311000,0.0,0.0
2016-12-16 00:00:00-05:00,18.709999084472656,19.0,18.6299991607666,18.829999923706055,16.88561248779297,8130300,0.09,0.0
2016-12-19 00:00:00-05:00,18.90999984741211,19.40999984741211,18.829999923706055,18.90999984741211,16.95735740661621,5561300,0.0,0.0
2016-12-20 00:00:00-05:00,18.920000076293945,19.170000076293945,18.889999389648438,19.09000015258789,17.118764877319336,4329700,0.0,0.0
2016-12-21 00:00:00-05:00,19.049999237060547,19.260000228881836,19.049999237060547,19.149999618530273,17.172569274902344,2759400,0.0,0.0
2016-12-22 00:00:00-05:00,19.110000610351562,19.170000076293945,18.5,18.549999237060547,16.634531021118164,4265000,0.0,0.0
2016-12-23 00:00:00-05:00,18.6299991607666,18.6299991607666,18.290000915527344,18.3799991607666,16.482080459594727,3559300,0.0,0.0
2016-12-27 00:00:00-05:00,18.43000030517578,18.6299991607666,18.399999618530273,18.6200008392334,16.697294235229492,2509200,0.0,0.0
2016-12-28 00:00:00-05:00,18.68000030517578,18.719999313354492,18.360000610351562,18.450000762939453,16.54486083984375,4147600,0.0,0.0
2016-12-29 00:00:00-05:00,18.520000457763672,18.610000610351562,18.479999542236328,18.5,16.589693069458008,1971200,0.0,0.0
2016-12-30 00:00:00-05:00,18.540000915527344,18.6200008392334,18.309999465942383,18.3799991607666,16.482080459594727,2948500,0.0,0.0
2017-01-03 00:00:00-05:00,18.549999237060547,18.670000076293945,18.18000030517578,18.549999237060547,16.634531021118164,3364100,0.0,0.0
2017-01-04 00:00:00-05:00,18.670000076293945,19.09000015258789,18.649999618530273,18.989999771118164,17.029088973999023,6343400,0.0,0.0
2017-01-05 00:00:00-05:00,18.90999984741211,19.079999923706055,18.68000030517578,18.93000030517578,16.975284576416016,5055500,0.0,0.0
2017-01-06 00:00:00-05:00,19.049999237060547,19.139999389648438,18.420000076293945,18.459999084472656,16.553821563720703,5333200,0.0,0.0
2017-01-09 00:00:00-05:00,18.43000030517578,18.610000610351562,18.239999771118164,18.530000686645508,16.61659812927246,3803800,0.0,0.0
2017-01-10 00:00:00-05:00,18.6200008392334,18.81999969482422,18.530000686645508,18.690000534057617,16.760068893432617,2743900,0.0,0.0
2017-01-11 00:00:00-05:00,18.670000076293945,18.8700008392334,18.549999237060547,18.84000015258789,16.894580841064453,2441900,0.0,0.0
2017-01-12 00:00:00-05:00,18.809999465942383,19.030000686645508,18.540000915527344,19.010000228881836,17.047025680541992,3431400,0.0,0.0
2017-01-13 00:00:00-05:00,19.0,19.209999084472656,19.0,19.190000534057617,17.208444595336914,3029600,0.0,0.0
2017-01-17 00:00:00-05:00,19.110000610351562,19.290000915527344,18.950000762939453,19.15999984741211,17.181535720825195,2914500,0.0,0.0
2017-01-18 00:00:00-05:00,19.18000030517578,19.299999237060547,19.049999237060547,19.209999084472656,17.226377487182617,3261200,0.0,0.0
2017-01-19 00:00:00-05:00,19.200000762939453,19.350000381469727,18.8700008392334,18.940000534057617,16.984254837036133,4995100,0.0,0.0
2017-01-20 00:00:00-05:00,18.959999084472656,19.149999618530273,18.8799991607666,19.1200008392334,17.145673751831055,5689400,0.0,0.0
2017-01-23 00:00:00-05:00,19.049999237060547,19.399999618530273,19.020000457763672,19.209999084472656,17.226377487182617,3767600,0.0,0.0
2017-01-24 00:00:00-05:00,19.6200008392334,20.350000381469727,19.59000015258789,20.34000015258789,18.23969078063965,7874600,0.0,0.0
2017-01-25 00:00:00-05:00,20.360000610351562,20.739999771118164,20.329999923706055,20.440000534057617,18.329374313354492,8528400,0.0,0.0
2017-01-26 00:00:00-05:00,21.049999237060547,21.989999771118164,21.010000228881836,21.18000030517578,18.992956161499023,13807400,0.0,0.0
2017-01-27 00:00:00-05:00,21.360000610351562,21.59000015258789,21.200000762939453,21.260000228881836,19.064693450927734,10768400,0.0,0.0
2017-01-30 00:00:00-05:00,21.219999313354492,21.489999771118164,20.920000076293945,21.389999389648438,19.181262969970703,7107800,0.0,0.0
2017-01-31 00:00:00-05:00,21.389999389648438,21.559999465942383,21.200000762939453,21.510000228881836,19.28888702392578,6857700,0.0,0.0
2017-02-01 00:00:00-05:00,21.540000915527344,21.639999389648438,21.18000030517578,21.209999084472656,19.019853591918945,8274500,0.0,0.0
2017-02-02 00:00:00-05:00,21.25,21.510000228881836,21.09000015258789,21.260000228881836,19.064693450927734,5562800,0.0,0.0
2017-02-03 00:00:00-05:00,21.40999984741211,21.549999237060547,21.18000030517578,21.389999389648438,19.181262969970703,4466700,0.0,0.0
2017-02-06 00:00:00-05:00,21.360000610351562,21.440000534057617,21.18000030517578,21.290000915527344,19.091602325439453,4649500,0.0,0.0
2017-02-07 00:00:00-05:00,21.6200008392334,21.6200008392334,21.139999389648438,21.25,19.055727005004883,5003200,0.0,0.0
2017-02-08 00:00:00-05:00,21.139999389648438,21.3700008392334,21.059999465942383,21.270000457763672,19.07366371154785,4153800,0.0,0.0
2017-02-09 00:00:00-05:00,21.299999237060547,21.459999084472656,21.1299991607666,21.399999618530273,19.190237045288086,3320700,0.0,0.0
2017-02-10 00:00:00-05:00,21.459999084472656,21.690000534057617,21.399999618530273,21.6200008392334,19.387521743774414,3532400,0.0,0.0
2017-02-13 00:00:00-05:00,21.700000762939453,21.75,21.510000228881836,21.520000457763672,19.297847747802734,3116800,0.0,0.0
2017-02-14 00:00:00-05:00,21.790000915527344,21.8799991607666,21.399999618530273,21.489999771118164,19.270944595336914,4346200,0.0,0.0
2017-02-15 00:00:00-05:00,21.399999618530273,21.709999084472656,21.280000686645508,21.6299991607666,19.396484375,4375800,0.0,0.0
2017-02-16 00:00:00-05:00,21.610000610351562,21.75,21.31999969482422,21.34000015258789,19.136436462402344,3727200,0.0,0.0
2017-02-17 00:00:00-05:00,21.290000915527344,21.40999984741211,21.1299991607666,21.399999618530273,19.190237045288086,3307700,0.0,0.0
2017-02-21 00:00:00-05:00,21.510000228881836,21.649999618530273,21.389999389648438,21.610000610351562,19.37855339050293,4343800,0.0,0.0
2017-02-22 00:00:00-05:00,21.93000030517578,21.93000030517578,21.6299991607666,21.709999084472656,19.468225479125977,7004100,0.0,0.0
2017-02-23 00:00:00-05:00,21.780000686645508,21.790000915527344,21.5,21.600000381469727,19.369586944580078,3746200,0.0,0.0
2017-02-24 00:00:00-05:00,21.530000686645508,21.770000457763672,21.309999465942383,21.729999542236328,19.486156463623047,4985500,0.0,0.0
2017-02-27 00:00:00-05:00,21.649999618530273,22.15999984741211,21.649999618530273,22.100000381469727,19.817955017089844,6539200,0.0,0.0
2017-02-28 00:00:00-05:00,22.06999969482422,22.190000534057617,21.920000076293945,22.049999237060547,19.773120880126953,6841600,0.0,0.0
2017-03-01 00:00:00-05:00,22.25,22.729999542236328,22.209999084472656,22.489999771118164,20.16767692565918,7511000,0.0,0.0
2017-03-02 00:00:00-05:00,22.510000228881836,22.709999084472656,22.360000610351562,22.420000076293945,20.104907989501953,4941900,0.0,0.0
2017-03-03 00:00:00-05:00,22.3700008392334,22.559999465942383,22.209999084472656,22.479999542236328,20.158714294433594,4989500,0.0,0.0
2017-03-06 00:00:00-05:00,22.329999923706055,22.56999969482422,22.200000762939453,22.459999084472656,20.140777587890625,6290000,0.0,0.0
2017-03-07 00:00:00-05:00,22.459999084472656,22.940000534057617,22.31999969482422,22.790000915527344,20.436708450317383,7282600,0.0,0.0
2017-03-08 00:00:00-05:00,22.729999542236328,23.25,22.719999313354492,23.15999984741211,20.85083770751953,10662900,0.09,0.0
2017-03-09 00:00:00-05:00,23.15999984741211,23.43000030517578,22.889999389648438,23.1200008392334,20.814834594726562,8812000,0.0,0.0
2017-03-10 00:00:00-05:00,23.40999984741211,23.81999969482422,23.299999237060547,23.530000686645508,21.18395233154297,10823200,0.0,0.0
2017-03-13 00:00:00-04:00,23.600000381469727,23.639999389648438,23.170000076293945,23.389999389648438,21.057905197143555,6187700,0.0,0.0
2017-03-14 00:00:00-04:00,23.270000457763672,23.270000457763672,22.8700008392334,23.18000030517578,20.86884880065918,6175700,0.0,0.0
2017-03-15 00:00:00-04:00,23.280000686645508,23.56999969482422,23.09000015258789,23.43000030517578,21.093921661376953,5107300,0.0,0.0
2017-03-16 00:00:00-04:00,23.5,24.049999237060547,23.489999771118164,23.809999465942383,21.4360294342041,7643300,0.0,0.0
2017-03-17 00:00:00-04:00,23.8700008392334,23.920000076293945,23.56999969482422,23.719999313354492,21.355005264282227,8350600,0.0,0.0
2017-03-20 00:00:00-04:00,23.700000762939453,23.799999237060547,23.530000686645508,23.739999771118164,21.373014450073242,3593500,0.0,0.0
2017-03-21 00:00:00-04:00,23.799999237060547,23.8799991607666,23.25,23.399999618530273,21.066909790039062,5417600,0.0,0.0
2017-03-22 00:00:00-04:00,23.399999618530273,23.450000762939453,23.09000015258789,23.3700008392334,21.039901733398438,7082000,0.0,0.0
2017-03-23 00:00:00-04:00,23.3700008392334,23.760000228881836,23.3700008392334,23.420000076293945,21.084909439086914,3601100,0.0,0.0
2017-03-24 00:00:00-04:00,23.530000686645508,23.65999984741211,23.299999237060547,23.489999771118164,21.147939682006836,3311600,0.0,0.0
2017-03-27 00:00:00-04:00,23.18000030517578,23.549999237060547,23.1299991607666,23.469999313354492,21.129926681518555,3722800,0.0,0.0
2017-03-28 00:00:00-04:00,23.399999618530273,23.809999465942383,23.3700008392334,23.729999542236328,21.364004135131836,3967600,0.0,0.0
2017-03-29 00:00:00-04:00,23.649999618530273,23.829999923706055,23.579999923706055,23.75,21.382015228271484,2555400,0.0,0.0
2017-03-30 00:00:00-04:00,23.739999771118164,23.8700008392334,23.639999389648438,23.829999923706055,21.454038619995117,2600700,0.0,0.0
2017-03-31 00:00:00-04:00,23.780000686645508,23.84000015258789,23.489999771118164,23.549999237060547,21.20195770263672,4572300,0.0,0.0
2017-04-03 00:00:00-04:00,23.649999618530273,23.719999313354492,23.31999969482422,23.479999542236328,21.13892936706543,3617900,0.0,0.0
2017-04-04 00:00:00-04:00,23.40999984741211,23.549999237060547,23.309999465942383,23.3700008392334,21.039901733398438,3169600,0.0,0.0
2017-04-05 00:00:00-04:00,23.450000762939453,23.729999542236328,23.200000762939453,23.290000915527344,20.967878341674805,5344600,0.0,0.0
2017-04-06 00:00:00-04:00,23.309999465942383,23.6200008392334,23.25,23.360000610351562,21.03089141845703,6105200,0.0,0.0
2017-04-07 00:00:00-04:00,23.299999237060547,23.459999084472656,23.239999771118164,23.280000686645508,20.95887565612793,7509000,0.0,0.0
2017-04-10 00:00:00-04:00,23.280000686645508,23.600000381469727,23.280000686645508,23.459999084472656,21.120922088623047,3311400,0.0,0.0
2017-04-11 00:00:00-04:00,23.450000762939453,23.829999923706055,23.389999389648438,23.760000228881836,21.391019821166992,4407800,0.0,0.0
2017-04-12 00:00:00-04:00,23.760000228881836,23.889999389648438,23.56999969482422,23.770000457763672,21.400026321411133,3901200,0.0,0.0
2017-04-13 00:00:00-04:00,23.760000228881836,23.969999313354492,23.68000030517578,23.709999084472656,21.34600257873535,4503300,0.0,0.0
2017-04-17 00:00:00-04:00,23.760000228881836,24.149999618530273,23.719999313354492,24.110000610351562,21.706111907958984,4580500,0.0,0.0
2017-04-18 00:00:00-04:00,24.040000915527344,24.309999465942383,23.829999923706055,24.200000762939453,21.787147521972656,4387400,0.0,0.0
2017-04-19 00:00:00-04:00,24.270000457763672,24.360000610351562,24.110000610351562,24.190000534057617,21.77814483642578,4227500,0.0,0.0
2017-04-20 00:00:00-04:00,24.3799991607666,24.43000030517578,23.18000030517578,23.34000015258789,21.012897491455078,9572700,0.0,0.0
2017-04-21 00:00:00-04:00,23.280000686645508,23.389999389648438,23.09000015258789,23.31999969482422,20.994888305664062,5754200,0.0,0.0
2017-04-24 00:00:00-04:00,23.610000610351562,23.6200008392334,22.899999618530273,23.079999923706055,20.778823852539062,9886500,0.0,0.0
2017-04-25 00:00:00-04:00,22.15999984741211,22.3700008392334,21.40999984741211,22.200000762939453,19.986557006835938,16840800,0.0,0.0
2017-04-26 00:00:00-04:00,22.149999618530273,22.899999618530273,22.110000610351562,22.700000762939453,20.436708450317383,10691500,0.0,0.0
2017-04-27 00:00:00-04:00,22.75,22.950000762939453,22.559999465942383,22.8700008392334,20.58975601196289,8270100,0.0,0.0
2017-04-28 00:00:00-04:00,22.829999923706055,22.860000610351562,22.450000762939453,22.670000076293945,20.409696578979492,6637300,0.0,0.0
2017-05-01 00:00:00-04:00,22.700000762939453,22.850000381469727,22.440000534057617,22.479999542236328,20.23863983154297,6710400,0.0,0.0
2017-05-02 00:00:00-04:00,22.469999313354492,22.520000457763672,22.18000030517578,22.31999969482422,20.094589233398438,5408300,0.0,0.0
2017-05-03 00:00:00-04:00,22.31999969482422,22.389999389648438,22.06999969482422,22.18000030517578,19.968549728393555,5667300,0.0,0.0
2017-05-04 00:00:00-04:00,22.200000762939453,22.350000381469727,22.139999389648438,22.149999618530273,19.941537857055664,5949300,0.0,0.0
2017-05-05 00:00:00-04:00,22.290000915527344,22.389999389648438,22.170000076293945,22.34000015258789,20.11260414123535,5997500,0.0,0.0
2017-05-08 00:00:00-04:00,22.31999969482422,22.440000534057617,22.149999618530273,22.25,20.031572341918945,6784200,0.0,0.0
2017-05-09 00:00:00-04:00,22.329999923706055,22.809999465942383,22.280000686645508,22.709999084472656,20.44569969177246,6664400,0.0,0.0
2017-05-10 00:00:00-04:00,22.6299991607666,22.889999389648438,22.479999542236328,22.889999389648438,20.607755661010742,4487400,0.0,0.0
2017-05-11 00:00:00-04:00,22.860000610351562,23.06999969482422,22.68000030517578,23.020000457763672,20.724803924560547,5652200,0.0,0.0
2017-05-12 00:00:00-04:00,23.0,23.059999465942383,22.690000534057617,22.75,20.481719970703125,2944500,0.0,0.0
2017-05-15 00:00:00-04:00,22.790000915527344,23.059999465942383,22.770000457763672,22.940000534057617,20.65277099609375,4436500,0.0,0.0
2017-05-16 00:00:00-04:00,23.020000457763672,23.139999389648438,22.8700008392334,23.06999969482422,20.76980972290039,3079900,0.0,0.0
2017-05-17 00:00:00-04:00,23.06999969482422,23.06999969482422,22.540000915527344,22.540000915527344,20.29265785217285,3660500,0.0,0.0
2017-05-18 00:00:00-04:00,22.5,22.860000610351562,22.299999237060547,22.75,20.481719970703125,3234000,0.0,0.0
2017-05-19 00:00:00-04:00,22.84000015258789,23.219999313354492,22.770000457763672,23.1299991607666,20.82382583618164,3835600,0.0,0.0
2017-05-22 00:00:00-04:00,23.149999618530273,23.3799991607666,23.1200008392334,23.290000915527344,20.967878341674805,3773400,0.0,0.0
2017-05-23 00:00:00-04:00,23.510000228881836,23.6200008392334,22.84000015258789,22.920000076293945,20.634767532348633,4505200,0.0,0.0
2017-05-24 00:00:00-04:00,22.8700008392334,23.09000015258789,22.739999771118164,23.079999923706055,20.778823852539062,3966600,0.0,0.0
2017-05-25 00:00:00-04:00,23.170000076293945,23.229999542236328,22.829999923706055,22.889999389648438,20.607755661010742,3380600,0.0,0.0
2017-05-26 00:00:00-04:00,22.8700008392334,22.90999984741211,22.799999237060547,22.84000015258789,20.562744140625,2457900,0.0,0.0
2017-05-30 00:00:00-04:00,22.799999237060547,22.8799991607666,22.520000457763672,22.670000076293945,20.409696578979492,3130300,0.0,0.0
2017-05-31 00:00:00-04:00,22.81999969482422,22.84000015258789,22.559999465942383,22.670000076293945,20.409696578979492,6094200,0.0,0.0
2017-06-01 00:00:00-04:00,22.690000534057617,23.079999923706055,22.6200008392334,23.079999923706055,20.778823852539062,4058900,0.0,0.0
2017-06-02 00:00:00-04:00,23.139999389648438,23.790000915527344,23.139999389648438,23.709999084472656,21.34600257873535,6980400,0.0,0.0
2017-06-05 00:00:00-04:00,23.649999618530273,23.709999084472656,23.270000457763672,23.399999618530273,21.066909790039062,3802700,0.0,0.0
2017-06-06 00:00:00-04:00,23.209999084472656,23.549999237060547,23.079999923706055,23.440000534057617,21.18440055847168,4027900,0.09,0.0
2017-06-07 00:00:00-04:00,23.450000762939453,23.68000030517578,23.389999389648438,23.59000015258789,21.319971084594727,5140600,0.0,0.0
2017-06-08 00:00:00-04:00,23.59000015258789,23.610000610351562,23.290000915527344,23.420000076293945,21.166322708129883,3824700,0.0,0.0
2017-06-09 00:00:00-04:00,23.450000762939453,23.520000457763672,23.209999084472656,23.440000534057617,21.18440055847168,3838100,0.0,0.0
2017-06-12 00:00:00-04:00,23.399999618530273,23.670000076293945,23.389999389648438,23.469999313354492,21.21150779724121,4368200,0.0,0.0
2017-06-13 00:00:00-04:00,23.489999771118164,24.15999984741211,23.469999313354492,24.1200008392334,21.798965454101562,5988700,0.0,0.0
2017-06-14 00:00:00-04:00,24.239999771118164,24.729999542236328,24.1200008392334,24.280000686645508,21.943571090698242,7297000,0.0,0.0
2017-06-15 00:00:00-04:00,24.040000915527344,24.25,23.950000762939453,24.079999923706055,21.7628173828125,4211500,0.0,0.0
2017-06-16 00:00:00-04:00,23.969999313354492,24.149999618530273,23.719999313354492,24.010000228881836,21.699552536010742,4161900,0.0,0.0
2017-06-19 00:00:00-04:00,24.170000076293945,24.360000610351562,24.030000686645508,24.15999984741211,21.835119247436523,5202700,0.0,0.0
2017-06-20 00:00:00-04:00,24.440000534057617,24.690000534057617,24.170000076293945,24.229999542236328,21.898387908935547,6400500,0.0,0.0
2017-06-21 00:00:00-04:00,24.219999313354492,24.469999313354492,24.0,24.280000686645508,21.943571090698242,4575100,0.0,0.0
2017-06-22 00:00:00-04:00,24.200000762939453,24.25,23.959999084472656,24.040000915527344,21.726667404174805,5489100,0.0,0.0
2017-06-23 00:00:00-04:00,24.219999313354492,24.43000030517578,24.110000610351562,24.149999618530273,21.826074600219727,6659400,0.0,0.0
2017-06-26 00:00:00-04:00,24.209999084472656,24.299999237060547,24.15999984741211,24.190000534057617,21.862234115600586,3664900,0.0,0.0
2017-06-27 00:00:00-04:00,24.18000030517578,24.399999618530273,24.010000228881836,24.06999969482422,21.7537784576416,7174700,0.0,0.0
2017-06-28 00:00:00-04:00,24.239999771118164,24.65999984741211,24.149999618530273,24.489999771118164,22.133359909057617,5145400,0.0,0.0
2017-06-29 00:00:00-04:00,24.43000030517578,24.469999313354492,23.899999618530273,24.059999465942383,21.744741439819336,8946900,0.0,0.0
2017-06-30 00:00:00-04:00,24.170000076293945,24.719999313354492,24.170000076293945,24.530000686645508,22.16951560974121,4704300,0.0,0.0
2017-07-03 00:00:00-04:00,24.59000015258789,24.700000762939453,24.459999084472656,24.489999771118164,22.133359909057617,1634900,0.0,0.0
2017-07-05 00:00:00-04:00,24.43000030517578,24.799999237060547,24.200000762939453,24.639999389648438,22.2689266204834,7304600,0.0,0.0
2017-07-06 00:00:00-04:00,24.56999969482422,24.65999984741211,24.40999984741211,24.40999984741211,22.061059951782227,8924700,0.0,0.0
2017-07-07 00:00:00-04:00,24.43000030517578,25.200000762939453,24.420000076293945,24.940000534057617,22.540061950683594,9620700,0.0,0.0
2017-07-10 00:00:00-04:00,24.65999984741211,25.170000076293945,24.649999618530273,25.06999969482422,22.657548904418945,8596000,0.0,0.0
2017-07-11 00:00:00-04:00,24.68000030517578,24.940000534057617,24.440000534057617,24.670000076293945,22.29604148864746,6306400,0.0,0.0
2017-07-12 00:00:00-04:00,24.809999465942383,25.0,24.270000457763672,24.389999389648438,22.04298210144043,5282700,0.0,0.0
2017-07-13 00:00:00-04:00,24.59000015258789,24.700000762939453,24.290000915527344,24.3700008392334,22.024913787841797,5842500,0.0,0.0
2017-07-14 00:00:00-04:00,24.360000610351562,24.600000381469727,24.309999465942383,24.360000610351562,22.015872955322266,4333900,0.0,0.0
2017-07-17 00:00:00-04:00,24.350000381469727,24.59000015258789,24.31999969482422,24.360000610351562,22.015872955322266,5936300,0.0,0.0
2017-07-18 00:00:00-04:00,24.280000686645508,24.389999389648438,23.809999465942383,24.15999984741211,21.835119247436523,3839800,0.0,0.0
2017-07-19 00:00:00-04:00,24.270000457763672,24.59000015258789,24.25,24.459999084472656,22.106252670288086,5182900,0.0,0.0
2017-07-20 00:00:00-04:00,24.479999542236328,24.5,24.079999923706055,24.290000915527344,21.952606201171875,3196200,0.0,0.0
2017-07-21 00:00:00-04:00,24.270000457763672,24.709999084472656,24.200000762939453,24.309999465942383,21.97068977355957,5755700,0.0,0.0
2017-07-24 00:00:00-04:00,24.290000915527344,24.610000610351562,24.200000762939453,24.420000076293945,22.070100784301758,4905900,0.0,0.0
2017-07-25 00:00:00-04:00,24.299999237060547,24.6299991607666,23.979999542236328,24.540000915527344,22.178550720214844,6650100,0.0,0.0
2017-07-26 00:00:00-04:00,24.3700008392334,24.709999084472656,24.260000228881836,24.290000915527344,21.952606201171875,4257100,0.0,0.0
2017-07-27 00:00:00-04:00,24.31999969482422,24.549999237060547,24.110000610351562,24.360000610351562,22.015872955322266,4336600,0.0,0.0
2017-07-28 00:00:00-04:00,24.299999237060547,24.5,24.149999618530273,24.350000381469727,22.006832122802734,3788600,0.0,0.0
2017-07-31 00:00:00-04:00,24.40999984741211,24.530000686645508,24.229999542236328,24.420000076293945,22.070100784301758,3638700,0.0,0.0
2017-08-01 00:00:00-04:00,24.469999313354492,25.049999237060547,24.43000030517578,24.889999389648438,22.494863510131836,4330100,0.0,0.0
2017-08-02 00:00:00-04:00,24.899999618530273,25.260000228881836,24.75,25.200000762939453,22.775041580200195,5021600,0.0,0.0
2017-08-03 00:00:00-04:00,25.260000228881836,25.510000228881836,25.18000030517578,25.290000915527344,22.85637855529785,5091200,0.0,0.0
2017-08-04 00:00:00-04:00,25.31999969482422,25.719999313354492,25.31999969482422,25.600000381469727,23.136547088623047,5808300,0.0,0.0
2017-08-07 00:00:00-04:00,25.6299991607666,25.739999771118164,25.350000381469727,25.459999084472656,23.0100154876709,4602200,0.0,0.0
2017-08-08 00:00:00-04:00,25.459999084472656,25.59000015258789,25.280000686645508,25.309999465942383,22.87445068359375,3860100,0.0,0.0
2017-08-09 00:00:00-04:00,25.209999084472656,25.43000030517578,25.139999389648438,25.309999465942383,22.87445068359375,3419100,0.0,0.0
2017-08-10 00:00:00-04:00,25.170000076293945,25.260000228881836,24.770000457763672,24.780000686645508,22.395458221435547,4520100,0.0,0.0
2017-08-11 00:00:00-04:00,24.729999542236328,25.0,24.65999984741211,24.84000015258789,22.449674606323242,2899300,0.0,0.0
2017-08-14 00:00:00-04:00,25.030000686645508,25.43000030517578,25.010000228881836,25.389999389648438,22.946752548217773,4411600,0.0,0.0
2017-08-15 00:00:00-04:00,25.399999618530273,25.559999465942383,25.329999923706055,25.530000686645508,23.073286056518555,2603500,0.0,0.0
2017-08-16 00:00:00-04:00,25.530000686645508,25.969999313354492,25.440000534057617,25.920000076293945,23.425752639770508,6375000,0.0,0.0
2017-08-17 00:00:00-04:00,25.829999923706055,26.0,25.420000076293945,25.440000534057617,22.991943359375,4597900,0.0,0.0
2017-08-18 00:00:00-04:00,25.360000610351562,25.59000015258789,25.25,25.280000686645508,22.847339630126953,3649700,0.0,0.0
2017-08-21 00:00:00-04:00,25.190000534057617,25.469999313354492,25.1299991607666,25.399999618530273,22.955793380737305,3554500,0.0,0.0
2017-08-22 00:00:00-04:00,25.350000381469727,25.420000076293945,24.940000534057617,25.270000457763672,22.838302612304688,4335300,0.0,0.0
2017-08-23 00:00:00-04:00,25.15999984741211,25.350000381469727,24.889999389648438,24.940000534057617,22.540061950683594,4775100,0.0,0.0
2017-08-24 00:00:00-04:00,25.06999969482422,25.139999389648438,24.860000610351562,24.90999984741211,22.512943267822266,2970900,0.0,0.0
2017-08-25 00:00:00-04:00,25.010000228881836,25.43000030517578,25.010000228881836,25.309999465942383,22.87445068359375,3184500,0.0,0.0
2017-08-28 00:00:00-04:00,25.34000015258789,25.3799991607666,25.149999618530273,25.299999237060547,22.865413665771484,2619700,0.0,0.0
2017-08-29 00:00:00-04:00,25.110000610351562,25.389999389648438,25.040000915527344,25.309999465942383,22.87445068359375,3058300,0.0,0.0
2017-08-30 00:00:00-04:00,25.309999465942383,25.579999923706055,25.280000686645508,25.510000228881836,23.055206298828125,3057100,0.0,0.0
2017-08-31 00:00:00-04:00,25.600000381469727,25.889999389648438,25.540000915527344,25.81999969482422,23.33538055419922,3618500,0.0,0.0
2017-09-01 00:00:00-04:00,25.8799991607666,26.049999237060547,25.799999237060547,25.8700008392334,23.380571365356445,2371000,0.0,0.0
2017-09-05 00:00:00-04:00,25.860000610351562,25.959999084472656,25.479999542236328,25.649999618530273,23.181737899780273,4248500,0.0,0.0
2017-09-06 00:00:00-04:00,25.709999084472656,25.950000762939453,25.559999465942383,25.6299991607666,23.163658142089844,3990900,0.0,0.0
2017-09-07 00:00:00-04:00,25.68000030517578,25.790000915527344,25.3799991607666,25.420000076293945,22.9738712310791,3921600,0.0,0.0
2017-09-08 00:00:00-04:00,25.43000030517578,25.979999542236328,25.350000381469727,25.760000228881836,23.281152725219727,2569600,0.0,0.0
2017-09-11 00:00:00-04:00,25.920000076293945,26.25,25.84000015258789,26.170000076293945,23.65169334411621,4351700,0.0,0.0
2017-09-12 00:00:00-04:00,26.209999084472656,26.5,26.09000015258789,26.469999313354492,23.922828674316406,3042100,0.0,0.0
2017-09-13 00:00:00-04:00,26.5,26.639999389648438,25.75,26.190000534057617,23.669771194458008,7016600,0.0,0.0
2017-09-14 00:00:00-04:00,26.1299991607666,26.479999542236328,26.010000228881836,26.3700008392334,23.83245086669922,3622900,0.0,0.0
2017-09-15 00:00:00-04:00,26.299999237060547,26.43000030517578,26.020000457763672,26.290000915527344,23.760149002075195,7211600,0.0,0.0
2017-09-18 00:00:00-04:00,26.329999923706055,26.43000030517578,26.139999389648438,26.329999923706055,23.8780460357666,4619000,0.09,0.0
2017-09-19 00:00:00-04:00,26.329999923706055,26.479999542236328,26.200000762939453,26.229999542236328,23.787353515625,5027500,0.0,0.0
2017-09-20 00:00:00-04:00,26.219999313354492,26.260000228881836,25.559999465942383,25.65999984741211,23.270431518554688,5170700,0.0,0.0
2017-09-21 00:00:00-04:00,25.709999084472656,25.760000228881836,25.489999771118164,25.649999618530273,23.261369705200195,3558100,0.0,0.0
2017-09-22 00:00:00-04:00,25.65999984741211,26.020000457763672,25.6299991607666,25.8799991607666,23.46994400024414,4243400,0.0,0.0
2017-09-25 00:00:00-04:00,25.760000228881836,26.25,25.739999771118164,26.170000076293945,23.73293685913086,3680100,0.0,0.0
2017-09-26 00:00:00-04:00,26.260000228881836,26.549999237060547,26.190000534057617,26.329999923706055,23.8780460357666,3162100,0.0,0.0
2017-09-27 00:00:00-04:00,26.469999313354492,26.639999389648438,26.200000762939453,26.530000686645508,24.059417724609375,2960300,0.0,0.0
2017-09-28 00:00:00-04:00,26.530000686645508,26.989999771118164,26.530000686645508,26.969999313354492,24.45844268798828,4358200,0.0,0.0
2017-09-29 00:00:00-04:00,27.040000915527344,27.510000228881836,27.040000915527344,27.329999923706055,24.784914016723633,4976500,0.0,0.0
2017-10-02 00:00:00-04:00,27.43000030517578,27.559999465942383,27.1299991607666,27.3700008392334,24.821197509765625,3392800,0.0,0.0
2017-10-03 00:00:00-04:00,27.600000381469727,27.760000228881836,27.040000915527344,27.510000228881836,24.948156356811523,4604900,0.0,0.0
2017-10-04 00:00:00-04:00,27.510000228881836,27.700000762939453,27.3700008392334,27.6299991607666,25.056978225708008,3237800,0.0,0.0
2017-10-05 00:00:00-04:00,27.68000030517578,27.719999313354492,27.190000534057617,27.200000762939453,24.667028427124023,4278200,0.0,0.0
2017-10-06 00:00:00-04:00,27.209999084472656,27.459999084472656,27.1200008392334,27.229999542236328,24.69423484802246,3281200,0.0,0.0
2017-10-09 00:00:00-04:00,27.260000228881836,27.3799991607666,26.950000762939453,27.149999618530273,24.62167739868164,2766100,0.0,0.0
2017-10-10 00:00:00-04:00,27.200000762939453,27.229999542236328,26.68000030517578,26.850000381469727,24.349618911743164,4769700,0.0,0.0
2017-10-11 00:00:00-04:00,26.860000610351562,27.020000457763672,26.760000228881836,26.969999313354492,24.45844268798828,5023700,0.0,0.0
2017-10-12 00:00:00-04:00,26.899999618530273,27.290000915527344,26.899999618530273,27.09000015258789,24.567272186279297,3667900,0.0,0.0
2017-10-13 00:00:00-04:00,27.1200008392334,27.18000030517578,26.989999771118164,27.06999969482422,24.549131393432617,1891900,0.0,0.0
2017-10-16 00:00:00-04:00,27.100000381469727,27.209999084472656,27.059999465942383,27.110000610351562,24.585405349731445,2105300,0.0,0.0
2017-10-17 00:00:00-04:00,27.149999618530273,27.43000030517578,27.010000228881836,27.31999969482422,24.775846481323242,3758500,0.0,0.0
2017-10-18 00:00:00-04:00,27.3700008392334,27.450000762939453,27.209999084472656,27.329999923706055,24.784914016723633,2320200,0.0,0.0
2017-10-19 00:00:00-04:00,27.309999465942383,27.860000610351562,27.059999465942383,27.780000686645508,25.193008422851562,5377900,0.0,0.0
2017-10-20 00:00:00-04:00,27.639999389648438,28.010000228881836,27.6299991607666,28.0,25.39252471923828,5478800,0.0,0.0
2017-10-23 00:00:00-04:00,28.0,28.190000534057617,27.81999969482422,27.899999618530273,25.301837921142578,4996700,0.0,0.0
2017-10-24 00:00:00-04:00,27.989999771118164,28.920000076293945,27.5,28.68000030517578,26.009197235107422,7605700,0.0,0.0
2017-10-25 00:00:00-04:00,29.399999618530273,29.799999237060547,29.010000228881836,29.229999542236328,26.507984161376953,7711700,0.0,0.0
2017-10-26 00:00:00-04:00,29.360000610351562,29.81999969482422,29.299999237060547,29.760000228881836,26.98862648010254,5457800,0.0,0.0
2017-10-27 00:00:00-04:00,29.790000915527344,30.15999984741211,29.56999969482422,30.06999969482422,27.26976203918457,4849300,0.0,0.0
2017-10-30 00:00:00-04:00,30.020000457763672,30.329999923706055,29.690000534057617,29.790000915527344,27.015840530395508,7692200,0.0,0.0
2017-10-31 00:00:00-04:00,29.799999237060547,30.3700008392334,29.709999084472656,30.229999542236328,27.41485595703125,5503200,0.0,0.0
2017-11-01 00:00:00-04:00,30.350000381469727,30.6200008392334,30.06999969482422,30.40999984741211,27.578096389770508,6414500,0.0,0.0
2017-11-02 00:00:00-04:00,30.3700008392334,30.479999542236328,29.270000457763672,30.09000015258789,27.287899017333984,10396800,0.0,0.0
2017-11-03 00:00:00-04:00,30.06999969482422,30.56999969482422,29.920000076293945,30.309999465942383,27.487409591674805,4877100,0.0,0.0
2017-11-06 00:00:00-05:00,30.3700008392334,30.6200008392334,30.18000030517578,30.5,27.659719467163086,4066600,0.0,0.0
2017-11-07 00:00:00-05:00,30.579999923706055,30.729999542236328,30.260000228881836,30.440000534057617,27.605300903320312,3202000,0.0,0.0
2017-11-08 00:00:00-05:00,30.350000381469727,30.989999771118164,30.1200008392334,30.90999984741211,28.031530380249023,3537800,0.0,0.0
2017-11-09 00:00:00-05:00,30.579999923706055,31.299999237060547,30.520000457763672,31.06999969482422,28.176639556884766,5034800,0.0,0.0
2017-11-10 00:00:00-05:00,30.969999313354492,31.360000610351562,30.829999923706055,31.149999618530273,28.24918556213379,5116500,0.0,0.0
2017-11-13 00:00:00-05:00,31.110000610351562,31.670000076293945,31.06999969482422,31.56999969482422,28.63007164001465,4867300,0.0,0.0
2017-11-14 00:00:00-05:00,31.110000610351562,31.8799991607666,31.040000915527344,31.770000457763672,28.811447143554688,4317700,0.0,0.0
2017-11-15 00:00:00-05:00,31.649999618530273,31.760000228881836,31.280000686645508,31.729999542236328,28.775175094604492,4009900,0.0,0.0
2017-11-16 00:00:00-05:00,31.780000686645508,32.27000045776367,31.690000534057617,31.899999618530273,28.929340362548828,7515900,0.0,0.0
2017-11-17 00:00:00-05:00,31.799999237060547,32.45000076293945,31.75,32.25,29.24675178527832,6316400,0.0,0.0
2017-11-20 00:00:00-05:00,32.27000045776367,32.79999923706055,32.25,32.45000076293945,29.42812156677246,6275200,0.0,0.0
2017-11-21 00:00:00-05:00,32.459999084472656,32.900001525878906,32.459999084472656,32.72999954223633,29.682044982910156,5239700,0.0,0.0
2017-11-22 00:00:00-05:00,32.779998779296875,32.95000076293945,32.560001373291016,32.84000015258789,29.781801223754883,3967900,0.0,0.0
2017-11-24 00:00:00-05:00,32.90999984741211,33.25,32.900001525878906,33.150001525878906,30.06293487548828,1626600,0.0,0.0
2017-11-27 00:00:00-05:00,33.099998474121094,33.119998931884766,32.7599983215332,32.790000915527344,29.736461639404297,3887100,0.0,0.0
2017-11-28 00:00:00-05:00,32.869998931884766,33.369998931884766,32.869998931884766,33.2400016784668,30.14454460144043,4144300,0.0,0.0
2017-11-29 00:00:00-05:00,33.29999923706055,33.869998931884766,33.22999954223633,33.810001373291016,30.661476135253906,5006600,0.0,0.0
2017-11-30 00:00:00-05:00,33.900001525878906,34.599998474121094,33.779998779296875,34.130001068115234,30.951683044433594,6814500,0.0,0.0
2017-12-01 00:00:00-05:00,34.0099983215332,34.209999084472656,33.04999923706055,33.939998626708984,30.779369354248047,5772800,0.0,0.0
2017-12-04 00:00:00-05:00,34.5,34.59000015258789,34.15999984741211,34.439998626708984,31.23280143737793,6466600,0.0,0.0
2017-12-05 00:00:00-05:00,33.7400016784668,33.779998779296875,32.880001068115234,33.4900016784668,30.37127685546875,8091600,0.0,0.0
2017-12-06 00:00:00-05:00,33.439998626708984,33.709999084472656,33.029998779296875,33.099998474121094,30.017589569091797,4990200,0.0,0.0
2017-12-07 00:00:00-05:00,33.59000015258789,33.689998626708984,32.97999954223633,33.59000015258789,30.46196174621582,5180200,0.0,0.0
2017-12-08 00:00:00-05:00,33.75,34.2400016784668,33.599998474121094,34.099998474121094,30.924463272094727,3956100,0.0,0.0
2017-12-11 00:00:00-05:00,34.0099983215332,34.13999938964844,33.599998474121094,33.810001373291016,30.742612838745117,4009400,0.09,0.0
2017-12-12 00:00:00-05:00,33.779998779296875,34.08000183105469,33.619998931884766,33.689998626708984,30.633502960205078,3353100,0.0,0.0
2017-12-13 00:00:00-05:00,33.810001373291016,33.86000061035156,33.279998779296875,33.31999969482422,30.297069549560547,4116800,0.0,0.0
2017-12-14 00:00:00-05:00,33.29999923706055,33.529998779296875,32.959999084472656,33.04999923706055,30.051563262939453,5642400,0.0,0.0
2017-12-15 00:00:00-05:00,33.27000045776367,33.4900016784668,33.029998779296875,33.43000030517578,30.397085189819336,8090100,0.0,0.0
2017-12-18 00:00:00-05:00,33.72999954223633,33.88999938964844,33.540000915527344,33.84000015258789,30.7698974609375,3459400,0.0,0.0
2017-12-19 00:00:00-05:00,33.88999938964844,34.09000015258789,33.36000061035156,33.369998931884766,30.342527389526367,3840300,0.0,0.0
2017-12-20 00:00:00-05:00,33.650001525878906,33.959999084472656,33.38999938964844,33.540000915527344,30.49710464477539,3069400,0.0,0.0
2017-12-21 00:00:00-05:00,33.63999938964844,33.97999954223633,33.630001068115234,33.77000045776367,30.706233978271484,2749300,0.0,0.0
2017-12-22 00:00:00-05:00,33.88999938964844,33.88999938964844,33.31999969482422,33.369998931884766,30.342527389526367,5198800,0.0,0.0
2017-12-26 00:00:00-05:00,33.439998626708984,33.790000915527344,33.41999816894531,33.560001373291016,30.515300750732422,2360900,0.0,0.0
2017-12-27 00:00:00-05:00,33.619998931884766,33.79999923706055,33.52000045776367,33.52000045776367,30.478919982910156,3150200,0.0,0.0
2017-12-28 00:00:00-05:00,33.59000015258789,33.7599983215332,33.5,33.720001220703125,30.660781860351562,1487800,0.0,0.0
2017-12-29 00:00:00-05:00,33.88999938964844,33.9900016784668,33.2400016784668,33.25,30.233415603637695,2527600,0.0,0.0
2018-01-02 00:00:00-05:00,33.45000076293945,33.66999816894531,32.900001525878906,33.369998931884766,30.342527389526367,2937900,0.0,0.0
2018-01-03 00:00:00-05:00,33.4900016784668,34.310001373291016,33.349998474121094,34.27000045776367,31.160879135131836,4296200,0.0,0.0
2018-01-04 00:00:00-05:00,34.310001373291016,34.38999938964844,33.54999923706055,33.83000183105469,30.760793685913086,4756000,0.0,0.0
2018-01-05 00:00:00-05:00,34.06999969482422,34.619998931884766,34.029998779296875,34.540000915527344,31.40639305114746,5040100,0.0,0.0
2018-01-08 00:00:00-05:00,34.59000015258789,34.72999954223633,34.29999923706055,34.439998626708984,31.315454483032227,4440800,0.0,0.0
2018-01-09 00:00:00-05:00,34.4900016784668,35.0099983215332,34.369998931884766,34.650001525878906,31.50640296936035,3595200,0.0,0.0
2018-01-10 00:00:00-05:00,34.41999816894531,34.52000045776367,33.58000183105469,33.66999816894531,30.615310668945312,5004600,0.0,0.0
2018-01-11 00:00:00-05:00,33.97999954223633,34.540000915527344,33.95000076293945,34.52000045776367,31.38820457458496,4285500,0.0,0.0
2018-01-12 00:00:00-05:00,34.599998474121094,34.599998474121094,34.22999954223633,34.47999954223633,31.351831436157227,2468900,0.0,0.0
2018-01-16 00:00:00-05:00,34.599998474121094,34.709999084472656,33.7400016784668,33.7599983215332,30.69715118408203,3075000,0.0,0.0
2018-01-17 00:00:00-05:00,34.04999923706055,34.45000076293945,33.86000061035156,34.400001525878906,31.279090881347656,2407600,0.0,0.0
2018-01-18 00:00:00-05:00,34.84000015258789,34.93000030517578,34.099998474121094,34.150001525878906,31.051767349243164,3070600,0.0,0.0
2018-01-19 00:00:00-05:00,34.349998474121094,34.599998474121094,34.09000015258789,34.599998474121094,31.460939407348633,3242400,0.0,0.0
2018-01-22 00:00:00-05:00,34.61000061035156,35.189998626708984,34.5,35.150001525878906,31.961061477661133,3933400,0.0,0.0
2018-01-23 00:00:00-05:00,35.150001525878906,35.209999084472656,34.459999084472656,34.93000030517578,31.76101303100586,3638000,0.0,0.0
2018-01-24 00:00:00-05:00,34.95000076293945,35.13999938964844,34.459999084472656,34.810001373291016,31.651893615722656,4339200,0.0,0.0
2018-01-25 00:00:00-05:00,34.880001068115234,34.88999938964844,33.369998931884766,34.2599983215332,31.151782989501953,5917900,0.0,0.0
2018-01-26 00:00:00-05:00,34.47999954223633,34.84000015258789,33.97999954223633,34.52000045776367,31.38820457458496,7041800,0.0,0.0
2018-01-29 00:00:00-05:00,34.31999969482422,34.36000061035156,33.04999923706055,33.43000030517578,30.397085189819336,11110200,0.0,0.0
2018-01-30 00:00:00-05:00,32.77000045776367,32.939998626708984,31.56999969482422,32.720001220703125,29.751502990722656,12481000,0.0,0.0
2018-01-31 00:00:00-05:00,33.25,33.75,31.770000457763672,31.829999923706055,28.942249298095703,8197100,0.0,0.0
2018-02-01 00:00:00-05:00,31.489999771118164,32.15999984741211,31.190000534057617,31.459999084472656,28.605812072753906,6764500,0.0,0.0
2018-02-02 00:00:00-05:00,31.139999389648438,31.329999923706055,30.510000228881836,30.700000762939453,27.914766311645508,5958300,0.0,0.0
2018-02-05 00:00:00-05:00,30.3799991607666,31.079999923706055,29.149999618530273,29.350000381469727,26.687246322631836,8708200,0.0,0.0
2018-02-06 00:00:00-05:00,28.530000686645508,30.360000610351562,28.329999923706055,30.15999984741211,27.423755645751953,6148900,0.0,0.0
2018-02-07 00:00:00-05:00,30.079999923706055,31.020000457763672,29.899999618530273,29.90999984741211,27.196435928344727,5598500,0.0,0.0
2018-02-08 00:00:00-05:00,29.959999084472656,30.149999618530273,28.670000076293945,28.670000076293945,26.06893539428711,5766600,0.0,0.0
2018-02-09 00:00:00-05:00,29.09000015258789,29.190000534057617,28.030000686645508,28.709999084472656,26.105304718017578,6870800,0.0,0.0
2018-02-12 00:00:00-05:00,29.06999969482422,29.489999771118164,28.889999389648438,29.18000030517578,26.53266716003418,6652400,0.0,0.0
2018-02-13 00:00:00-05:00,29.079999923706055,29.270000457763672,28.799999237060547,29.0,26.36899757385254,3918000,0.0,0.0
2018-02-14 00:00:00-05:00,28.790000915527344,29.639999389648438,28.670000076293945,29.459999084472656,26.78726577758789,6175000,0.0,0.0
2018-02-15 00:00:00-05:00,29.75,29.75,29.040000915527344,29.5,26.823633193969727,5303600,0.0,0.0
2018-02-16 00:00:00-05:00,29.610000610351562,30.020000457763672,29.530000686645508,29.739999771118164,27.041860580444336,4990100,0.0,0.0
2018-02-20 00:00:00-05:00,29.68000030517578,29.84000015258789,29.260000228881836,29.469999313354492,26.796358108520508,3534900,0.0,0.0
2018-02-21 00:00:00-05:00,29.59000015258789,30.420000076293945,29.34000015258789,29.34000015258789,26.67814826965332,5267800,0.0,0.0
2018-02-22 00:00:00-05:00,29.459999084472656,29.549999237060547,29.1299991607666,29.190000534057617,26.541759490966797,3544600,0.0,0.0
2018-02-23 00:00:00-05:00,29.229999542236328,29.3700008392334,28.75,29.270000457763672,26.614501953125,3880200,0.0,0.0
2018-02-26 00:00:00-05:00,29.459999084472656,29.5,28.959999084472656,29.34000015258789,26.67814826965332,2887800,0.0,0.0
2018-02-27 00:00:00-05:00,29.469999313354492,29.940000534057617,28.489999771118164,28.5,25.914358139038086,5758100,0.0,0.0
2018-02-28 00:00:00-05:00,28.56999969482422,28.739999771118164,27.84000015258789,28.06999969482422,25.52337646484375,8066300,0.0,0.0
2018-03-01 00:00:00-05:00,28.110000610351562,28.719999313354492,27.940000534057617,28.719999313354492,26.11440086364746,8429700,0.0,0.0
2018-03-02 00:00:00-05:00,28.43000030517578,29.010000228881836,28.209999084472656,28.950000762939453,26.323537826538086,5344800,0.0,0.0
2018-03-05 00:00:00-05:00,28.790000915527344,29.520000457763672,28.639999389648438,29.309999465942383,26.6508731842041,6868100,0.0,0.0
2018-03-06 00:00:00-05:00,29.489999771118164,29.93000030517578,29.190000534057617,29.899999618530273,27.18734359741211,4124700,0.0,0.0
2018-03-07 00:00:00-05:00,29.700000762939453,29.989999771118164,29.420000076293945,29.6200008392334,26.932748794555664,2835400,0.0,0.0
2018-03-08 00:00:00-05:00,29.729999542236328,29.760000228881836,29.170000076293945,29.520000457763672,26.841819763183594,3292100,0.0,0.0
2018-03-09 00:00:00-05:00,29.700000762939453,30.049999237060547,29.280000686645508,30.040000915527344,27.31464385986328,2742500,0.0,0.0
2018-03-12 00:00:00-04:00,30.0,30.299999237060547,29.920000076293945,30.18000030517578,27.441940307617188,3654300,0.0,0.0
2018-03-13 00:00:00-04:00,30.420000076293945,30.729999542236328,30.31999969482422,30.440000534057617,27.678354263305664,2917000,0.0,0.0
2018-03-14 00:00:00-04:00,30.469999313354492,30.469999313354492,29.520000457763672,29.549999237060547,26.86910057067871,7381800,0.0,0.0
2018-03-15 00:00:00-04:00,29.600000381469727,29.68000030517578,28.889999389648438,28.969999313354492,26.422197341918945,3618700,0.09,0.0
2018-03-16 00:00:00-04:00,28.969999313354492,29.479999542236328,28.610000610351562,29.3799991607666,26.796133041381836,6294500,0.0,0.0
2018-03-19 00:00:00-04:00,29.260000228881836,29.399999618530273,28.850000381469727,29.100000381469727,26.540761947631836,2344800,0.0,0.0
2018-03-20 00:00:00-04:00,29.170000076293945,29.389999389648438,28.889999389648438,28.93000030517578,26.385709762573242,2619200,0.0,0.0
2018-03-21 00:00:00-04:00,29.010000228881836,29.709999084472656,28.889999389648438,29.389999389648438,26.80525779724121,4559400,0.0,0.0
2018-03-22 00:00:00-04:00,29.110000610351562,29.75,29.0,29.0,26.449554443359375,4961000,0.0,0.0
2018-03-23 00:00:00-04:00,29.280000686645508,29.790000915527344,28.6200008392334,28.649999618530273,26.13033103942871,3064200,0.0,0.0
2018-03-26 00:00:00-04:00,29.06999969482422,29.350000381469727,28.65999984741211,29.170000076293945,26.604602813720703,3174600,0.0,0.0
2018-03-27 00:00:00-04:00,29.260000228881836,29.649999618530273,29.010000228881836,29.229999542236328,26.659326553344727,4211200,0.0,0.0
2018-03-28 00:00:00-04:00,29.18000030517578,29.459999084472656,28.899999618530273,29.079999923706055,26.52252197265625,3896400,0.0,0.0
2018-03-29 00:00:00-04:00,29.219999313354492,29.68000030517578,29.1299991607666,29.489999771118164,26.896453857421875,5930000,0.0,0.0
2018-04-02 00:00:00-04:00,29.40999984741211,29.440000534057617,27.950000762939453,28.56999969482422,26.057369232177734,5365200,0.0,0.0
2018-04-03 00:00:00-04:00,28.709999084472656,28.790000915527344,28.030000686645508,28.68000030517578,26.15769386291504,3574700,0.0,0.0
2018-04-04 00:00:00-04:00,28.56999969482422,30.65999984741211,28.360000610351562,30.5,27.817638397216797,7778900,0.0,0.0
2018-04-05 00:00:00-04:00,30.75,31.170000076293945,30.5,30.809999465942383,28.10036849975586,6343200,0.0,0.0
2018-04-06 00:00:00-04:00,30.520000457763672,30.90999984741211,29.579999923706055,30.030000686645508,27.38896942138672,5011400,0.0,0.0
2018-04-09 00:00:00-04:00,30.200000762939453,30.5,29.81999969482422,29.860000610351562,27.233919143676758,3067900,0.0,0.0
2018-04-10 00:00:00-04:00,30.139999389648438,30.440000534057617,29.729999542236328,29.829999923706055,27.206552505493164,3623500,0.0,0.0
2018-04-11 00:00:00-04:00,29.649999618530273,30.010000228881836,29.479999542236328,29.549999237060547,26.951183319091797,2901100,0.0,0.0
2018-04-12 00:00:00-04:00,29.690000534057617,29.729999542236328,28.90999984741211,29.110000610351562,26.549882888793945,5056900,0.0,0.0
2018-04-13 00:00:00-04:00,29.309999465942383,29.6299991607666,28.959999084472656,29.290000915527344,26.714052200317383,2863600,0.0,0.0
2018-04-16 00:00:00-04:00,29.440000534057617,29.860000610351562,29.170000076293945,29.56999969482422,26.969423294067383,3331700,0.0,0.0
2018-04-17 00:00:00-04:00,29.790000915527344,29.989999771118164,29.610000610351562,29.8700008392334,27.243043899536133,1890500,0.0,0.0
2018-04-18 00:00:00-04:00,30.049999237060547,30.260000228881836,29.940000534057617,29.950000762939453,27.316001892089844,2525500,0.0,0.0
2018-04-19 00:00:00-04:00,29.8799991607666,29.920000076293945,28.360000610351562,28.760000228881836,26.23065757751465,5059400,0.0,0.0
2018-04-20 00:00:00-04:00,28.799999237060547,29.06999969482422,28.459999084472656,28.540000915527344,26.030006408691406,4769400,0.0,0.0
2018-04-23 00:00:00-04:00,28.639999389648438,29.010000228881836,28.270000457763672,28.81999969482422,26.28538703918457,4216900,0.0,0.0
2018-04-24 00:00:00-04:00,30.190000534057617,30.670000076293945,29.170000076293945,29.649999618530273,27.04239845275879,9616400,0.0,0.0
2018-04-25 00:00:00-04:00,30.399999618530273,30.579999923706055,29.81999969482422,30.530000686645508,27.844999313354492,7606200,0.0,0.0
2018-04-26 00:00:00-04:00,31.079999923706055,31.229999542236328,30.309999465942383,31.06999969482422,28.337509155273438,6623300,0.0,0.0
2018-04-27 00:00:00-04:00,31.06999969482422,31.56999969482422,31.020000457763672,31.059999465942383,28.328384399414062,5071000,0.0,0.0
2018-04-30 00:00:00-04:00,31.079999923706055,31.3799991607666,30.239999771118164,30.360000610351562,27.6899471282959,6477900,0.0,0.0
2018-05-01 00:00:00-04:00,30.31999969482422,31.030000686645508,30.229999542236328,30.8799991607666,28.16421127319336,4096300,0.0,0.0
2018-05-02 00:00:00-04:00,30.829999923706055,31.100000381469727,30.389999389648438,30.559999465942383,27.87236213684082,5180500,0.0,0.0
2018-05-03 00:00:00-04:00,30.43000030517578,30.920000076293945,30.170000076293945,30.889999389648438,28.173330307006836,4447600,0.0,0.0
2018-05-04 00:00:00-04:00,30.829999923706055,31.18000030517578,30.610000610351562,30.979999542236328,28.255416870117188,2775800,0.0,0.0
2018-05-07 00:00:00-04:00,31.059999465942383,31.239999771118164,30.809999465942383,31.010000228881836,28.282787322998047,3916700,0.0,0.0
2018-05-08 00:00:00-04:00,31.0,31.600000381469727,30.920000076293945,31.170000076293945,28.4287109375,5537400,0.0,0.0
2018-05-09 00:00:00-04:00,31.239999771118164,31.290000915527344,30.079999923706055,30.760000228881836,28.054767608642578,5548700,0.0,0.0
2018-05-10 00:00:00-04:00,31.040000915527344,31.3799991607666,30.989999771118164,31.049999237060547,28.319265365600586,4201100,0.0,0.0
2018-05-11 00:00:00-04:00,31.0,31.56999969482422,31.0,31.31999969482422,28.565519332885742,2813400,0.0,0.0
2018-05-14 00:00:00-04:00,31.440000534057617,31.56999969482422,30.850000381469727,30.959999084472656,28.2371826171875,2788500,0.0,0.0
2018-05-15 00:00:00-04:00,30.649999618530273,30.68000030517578,29.200000762939453,29.299999237060547,26.723175048828125,7043800,0.0,0.0
2018-05-16 00:00:00-04:00,29.100000381469727,29.459999084472656,28.65999984741211,29.40999984741211,26.82349967956543,7072500,0.0,0.0
2018-05-17 00:00:00-04:00,29.389999389648438,29.809999465942383,29.260000228881836,29.579999923706055,26.978546142578125,4361300,0.0,0.0
2018-05-18 00:00:00-04:00,29.540000915527344,30.059999465942383,29.399999618530273,29.90999984741211,27.279521942138672,3360500,0.0,0.0
2018-05-21 00:00:00-04:00,30.079999923706055,30.270000457763672,29.700000762939453,29.899999618530273,27.270402908325195,3360400,0.0,0.0
2018-05-22 00:00:00-04:00,29.639999389648438,29.760000228881836,28.920000076293945,29.479999542236328,26.887346267700195,5195600,0.0,0.0
2018-05-23 00:00:00-04:00,29.309999465942383,30.229999542236328,29.299999237060547,30.010000228881836,27.3707275390625,3656800,0.0,0.0
2018-05-24 00:00:00-04:00,30.010000228881836,30.3700008392334,29.729999542236328,30.1200008392334,27.471054077148438,3018300,0.0,0.0
2018-05-25 00:00:00-04:00,30.1200008392334,30.90999984741211,30.1200008392334,30.469999313354492,27.79027557373047,2930300,0.0,0.0
2018-05-29 00:00:00-04:00,30.15999984741211,31.020000457763672,30.15999984741211,30.68000030517578,27.981813430786133,3016600,0.0,0.0
2018-05-30 00:00:00-04:00,30.90999984741211,31.010000228881836,30.209999084472656,30.25,27.589614868164062,3113800,0.0,0.0
2018-05-31 00:00:00-04:00,30.360000610351562,30.469999313354492,30.06999969482422,30.25,27.589614868164062,3563500,0.0,0.0
2018-06-01 00:00:00-04:00,30.43000030517578,30.540000915527344,30.100000381469727,30.360000610351562,27.6899471282959,2452800,0.0,0.0
2018-06-04 00:00:00-04:00,30.479999542236328,30.59000015258789,30.309999465942383,30.3700008392334,27.699068069458008,1984200,0.0,0.0
2018-06-05 00:00:00-04:00,30.309999465942383,30.760000228881836,30.290000915527344,30.719999313354492,28.01828384399414,3167400,0.0,0.0
2018-06-06 00:00:00-04:00,30.610000610351562,31.149999618530273,30.06999969482422,31.149999618530273,28.493947982788086,4349000,0.09,0.0
2018-06-07 00:00:00-04:00,31.18000030517578,31.549999237060547,31.100000381469727,31.350000381469727,28.676897048950195,3671000,0.0,0.0
2018-06-08 00:00:00-04:00,31.329999923706055,32.63999938964844,31.239999771118164,32.560001373291016,29.78372573852539,7211400,0.0,0.0
2018-06-11 00:00:00-04:00,32.560001373291016,32.66999816894531,32.09000015258789,32.2599983215332,29.509294509887695,3287700,0.0,0.0
2018-06-12 00:00:00-04:00,32.52000045776367,33.040000915527344,32.400001525878906,32.97999954223633,30.16790771484375,3681500,0.0,0.0
2018-06-13 00:00:00-04:00,32.75,32.779998779296875,30.579999923706055,30.780000686645508,28.15549659729004,9920400,0.0,0.0
2018-06-14 00:00:00-04:00,30.81999969482422,30.979999542236328,30.3700008392334,30.799999237060547,28.173784255981445,5191100,0.0,0.0
2018-06-15 00:00:00-04:00,30.780000686645508,30.940000534057617,29.670000076293945,30.3700008392334,27.780458450317383,7603500,0.0,0.0
2018-06-18 00:00:00-04:00,30.1299991607666,30.690000534057617,29.40999984741211,29.6200008392334,27.09440803527832,6173600,0.0,0.0
2018-06-19 00:00:00-04:00,29.579999923706055,29.860000610351562,29.1299991607666,29.43000030517578,26.920610427856445,5945600,0.0,0.0
2018-06-20 00:00:00-04:00,29.360000610351562,29.530000686645508,28.760000228881836,29.3799991607666,26.874866485595703,4521200,0.0,0.0
2018-06-21 00:00:00-04:00,29.399999618530273,29.59000015258789,29.100000381469727,29.170000076293945,26.682777404785156,2977200,0.0,0.0
2018-06-22 00:00:00-04:00,29.200000762939453,29.25,28.559999465942383,28.780000686645508,26.326034545898438,5248200,0.0,0.0
2018-06-25 00:00:00-04:00,28.670000076293945,28.81999969482422,28.020000457763672,28.239999771118164,25.83206558227539,4426200,0.0,0.0
2018-06-26 00:00:00-04:00,28.75,29.18000030517578,28.360000610351562,28.610000610351562,26.17052459716797,6301700,0.0,0.0
2018-06-27 00:00:00-04:00,28.719999313354492,28.719999313354492,28.09000015258789,28.170000076293945,25.768035888671875,4633200,0.0,0.0
2018-06-28 00:00:00-04:00,28.110000610351562,28.389999389648438,27.770000457763672,28.350000381469727,25.932695388793945,4292900,0.0,0.0
2018-06-29 00:00:00-04:00,28.790000915527344,29.139999389648438,28.610000610351562,28.75,26.298583984375,4035300,0.0,0.0
2018-07-02 00:00:00-04:00,28.549999237060547,28.8799991607666,28.459999084472656,28.8700008392334,26.408357620239258,2967500,0.0,0.0
2018-07-03 00:00:00-04:00,29.0,29.18000030517578,28.780000686645508,28.850000381469727,26.390058517456055,1864700,0.0,0.0
2018-07-05 00:00:00-04:00,29.040000915527344,29.209999084472656,28.709999084472656,29.170000076293945,26.682777404785156,2680800,0.0,0.0
2018-07-06 00:00:00-04:00,29.209999084472656,29.540000915527344,28.979999542236328,29.309999465942383,26.810836791992188,2199200,0.0,0.0
2018-07-09 00:00:00-04:00,29.520000457763672,29.790000915527344,29.290000915527344,29.639999389648438,27.112699508666992,4988800,0.0,0.0
2018-07-10 00:00:00-04:00,29.760000228881836,29.809999465942383,29.3700008392334,29.5,26.984636306762695,4013500,0.0,0.0
2018-07-11 00:00:00-04:00,29.299999237060547,29.6299991607666,29.200000762939453,29.389999389648438,26.884016036987305,3693600,0.0,0.0
2018-07-12 00:00:00-04:00,29.549999237060547,29.75,29.059999465942383,29.6299991607666,27.10354995727539,2432800,0.0,0.0
2018-07-13 00:00:00-04:00,29.6200008392334,29.850000381469727,29.3700008392334,29.649999618530273,27.121856689453125,2333600,0.0,0.0
2018-07-16 00:00:00-04:00,29.610000610351562,30.170000076293945,29.3700008392334,30.1299991607666,27.56092071533203,5129000,0.0,0.0
2018-07-17 00:00:00-04:00,30.1299991607666,30.969999313354492,30.1200008392334,30.920000076293945,28.283554077148438,4862100,0.0,0.0
2018-07-18 00:00:00-04:00,30.540000915527344,31.0,30.280000686645508,30.969999313354492,28.329296112060547,4558300,0.0,0.0
2018-07-19 00:00:00-04:00,30.959999084472656,31.559999465942383,30.790000915527344,31.290000915527344,28.622018814086914,4576300,0.0,0.0
2018-07-20 00:00:00-04:00,31.290000915527344,31.309999465942383,30.850000381469727,31.110000610351562,28.457361221313477,5021600,0.0,0.0
2018-07-23 00:00:00-04:00,31.110000610351562,31.350000381469727,30.600000381469727,30.81999969482422,28.192081451416016,6023000,0.0,0.0
2018-07-24 00:00:00-04:00,30.450000762939453,30.940000534057617,29.969999313354492,30.139999389648438,27.570064544677734,5706900,0.0,0.0
2018-07-25 00:00:00-04:00,30.09000015258789,30.09000015258789,28.479999542236328,28.979999542236328,26.50897789001465,9804900,0.0,0.0
2018-07-26 00:00:00-04:00,28.479999542236328,29.1200008392334,27.549999237060547,28.979999542236328,26.50897789001465,10582100,0.0,0.0
2018-07-27 00:00:00-04:00,28.81999969482422,29.34000015258789,27.709999084472656,28.1299991607666,25.731454849243164,8101400,0.0,0.0
2018-07-30 00:00:00-04:00,28.139999389648438,28.510000228881836,27.989999771118164,28.139999389648438,25.740598678588867,4447900,0.0,0.0
2018-07-31 00:00:00-04:00,28.280000686645508,28.799999237060547,28.059999465942383,28.489999771118164,26.060754776000977,4996200,0.0,0.0
2018-08-01 00:00:00-04:00,28.520000457763672,28.809999465942383,28.260000228881836,28.770000457763672,26.31688117980957,8073900,0.0,0.0
2018-08-02 00:00:00-04:00,28.469999313354492,28.770000457763672,28.299999237060547,28.559999465942383,26.124786376953125,4897600,0.0,0.0
2018-08-03 00:00:00-04:00,28.559999465942383,28.829999923706055,28.43000030517578,28.639999389648438,26.197967529296875,3749600,0.0,0.0
2018-08-06 00:00:00-04:00,28.5,28.729999542236328,28.110000610351562,28.719999313354492,26.271146774291992,3966800,0.0,0.0
2018-08-07 00:00:00-04:00,28.690000534057617,29.459999084472656,28.649999618530273,29.360000610351562,26.85657501220703,4677200,0.0,0.0
2018-08-08 00:00:00-04:00,29.3799991607666,29.5,29.139999389648438,29.420000076293945,26.911457061767578,2949600,0.0,0.0
2018-08-09 00:00:00-04:00,29.5,29.700000762939453,29.25,29.329999923706055,26.829133987426758,3044300,0.0,0.0
2018-08-10 00:00:00-04:00,29.1200008392334,29.1200008392334,28.489999771118164,28.739999771118164,26.289440155029297,5023300,0.0,0.0
2018-08-13 00:00:00-04:00,28.690000534057617,28.739999771118164,27.399999618530273,27.649999618530273,25.292381286621094,6524700,0.0,0.0
2018-08-14 00:00:00-04:00,27.700000762939453,27.979999542236328,27.610000610351562,27.850000381469727,25.47532844543457,3107000,0.0,0.0
2018-08-15 00:00:00-04:00,27.700000762939453,27.770000457763672,27.3700008392334,27.739999771118164,25.374706268310547,2509000,0.0,0.0
2018-08-16 00:00:00-04:00,27.899999618530273,28.350000381469727,27.809999465942383,28.049999237060547,25.65826988220215,2578600,0.0,0.0
2018-08-17 00:00:00-04:00,28.0,28.280000686645508,27.889999389648438,28.09000015258789,25.69485855102539,2074200,0.0,0.0
2018-08-20 00:00:00-04:00,28.219999313354492,28.389999389648438,28.1200008392334,28.1299991607666,25.731454849243164,3450600,0.0,0.0
2018-08-21 00:00:00-04:00,28.719999313354492,29.709999084472656,28.719999313354492,29.670000076293945,27.14014434814453,5177400,0.0,0.0
2018-08-22 00:00:00-04:00,29.559999465942383,29.649999618530273,29.170000076293945,29.3799991607666,26.874866485595703,4037300,0.0,0.0
2018-08-23 00:00:00-04:00,29.329999923706055,29.34000015258789,28.600000381469727,28.75,26.298583984375,3252300,0.0,0.0
2018-08-24 00:00:00-04:00,28.68000030517578,28.889999389648438,28.5,28.549999237060547,26.115638732910156,2102800,0.0,0.0
2018-08-27 00:00:00-04:00,28.56999969482422,29.079999923706055,28.440000534057617,28.969999313354492,26.499834060668945,3186600,0.0,0.0
2018-08-28 00:00:00-04:00,28.920000076293945,28.950000762939453,28.280000686645508,28.440000534057617,26.015018463134766,3889700,0.0,0.0
2018-08-29 00:00:00-04:00,28.309999465942383,28.549999237060547,27.920000076293945,28.329999923706055,25.914400100708008,2728800,0.0,0.0
2018-08-30 00:00:00-04:00,28.31999969482422,28.530000686645508,27.81999969482422,27.90999984741211,25.53021240234375,2912100,0.0,0.0
2018-08-31 00:00:00-04:00,27.799999237060547,28.059999465942383,27.719999313354492,27.950000762939453,25.566804885864258,2516900,0.0,0.0
2018-09-04 00:00:00-04:00,27.920000076293945,28.190000534057617,27.770000457763672,28.0,25.61253547668457,3182700,0.0,0.0
2018-09-05 00:00:00-04:00,28.0,28.739999771118164,27.899999618530273,28.520000457763672,26.088199615478516,5647000,0.0,0.0
2018-09-06 00:00:00-04:00,28.18000030517578,28.760000228881836,27.90999984741211,28.06999969482422,25.67656898498535,5091800,0.0,0.0
2018-09-07 00:00:00-04:00,27.809999465942383,27.850000381469727,26.889999389648438,26.899999618530273,24.606334686279297,6220000,0.0,0.0
2018-09-10 00:00:00-04:00,26.979999542236328,27.18000030517578,26.65999984741211,26.889999389648438,24.597179412841797,4039000,0.0,0.0
2018-09-11 00:00:00-04:00,26.81999969482422,27.579999923706055,26.709999084472656,27.110000610351562,24.798425674438477,3490400,0.0,0.0
2018-09-12 00:00:00-04:00,27.1299991607666,27.559999465942383,26.959999084472656,27.469999313354492,25.12773323059082,2820200,0.0,0.0
2018-09-13 00:00:00-04:00,27.329999923706055,27.670000076293945,26.219999313354492,26.84000015258789,24.551443099975586,4535100,0.0,0.0
2018-09-14 00:00:00-04:00,26.600000381469727,27.229999542236328,26.31999969482422,27.020000457763672,24.71609878540039,3877900,0.0,0.0
2018-09-17 00:00:00-04:00,26.989999771118164,27.309999465942383,26.600000381469727,26.649999618530273,24.459117889404297,3437600,0.09,0.0
2018-09-18 00:00:00-04:00,26.700000762939453,27.18000030517578,26.649999618530273,26.940000534057617,24.72527503967285,3176700,0.0,0.0
2018-09-19 00:00:00-04:00,26.84000015258789,27.170000076293945,26.670000076293945,26.690000534057617,24.495826721191406,2427400,0.0,0.0
2018-09-20 00:00:00-04:00,26.709999084472656,26.809999465942383,25.969999313354492,26.389999389648438,24.22049331665039,7857500,0.0,0.0
2018-09-21 00:00:00-04:00,26.040000915527344,26.290000915527344,25.559999465942383,26.260000228881836,24.101177215576172,8037200,0.0,0.0
2018-09-24 00:00:00-04:00,26.059999465942383,26.110000610351562,25.670000076293945,25.690000534057617,23.57803726196289,6649100,0.0,0.0
2018-09-25 00:00:00-04:00,25.799999237060547,26.149999618530273,25.739999771118164,25.899999618530273,23.77077293395996,4244500,0.0,0.0
2018-09-26 00:00:00-04:00,26.06999969482422,26.299999237060547,25.170000076293945,25.530000686645508,23.43119239807129,4834900,0.0,0.0
2018-09-27 00:00:00-04:00,25.309999465942383,25.329999923706055,24.770000457763672,24.979999542236328,22.92640495300293,5269600,0.0,0.0
2018-09-28 00:00:00-04:00,24.989999771118164,25.25,24.670000076293945,24.770000457763672,22.733671188354492,5930100,0.0,0.0
2018-10-01 00:00:00-04:00,24.860000610351562,25.030000686645508,24.489999771118164,24.510000228881836,22.495046615600586,5612200,0.0,0.0
2018-10-02 00:00:00-04:00,24.420000076293945,24.979999542236328,24.40999984741211,24.639999389648438,22.61435890197754,5480200,0.0,0.0
2018-10-03 00:00:00-04:00,24.719999313354492,24.84000015258789,23.920000076293945,24.09000015258789,22.10957145690918,7781000,0.0,0.0
2018-10-04 00:00:00-04:00,23.93000030517578,23.940000534057617,23.459999084472656,23.790000915527344,21.83423614501953,6907000,0.0,0.0
2018-10-05 00:00:00-04:00,23.829999923706055,24.06999969482422,23.18000030517578,23.860000610351562,21.898481369018555,7178200,0.0,0.0
2018-10-08 00:00:00-04:00,23.760000228881836,24.290000915527344,23.75,24.200000762939453,22.21053123474121,4232200,0.0,0.0
2018-10-09 00:00:00-04:00,24.1299991607666,24.239999771118164,23.610000610351562,23.860000610351562,21.898481369018555,4930000,0.0,0.0
2018-10-10 00:00:00-04:00,23.770000457763672,24.270000457763672,23.540000915527344,23.56999969482422,21.632320404052734,4495900,0.0,0.0
2018-10-11 00:00:00-04:00,23.510000228881836,23.940000534057617,23.25,23.309999465942383,21.393695831298828,5346700,0.0,0.0
2018-10-12 00:00:00-04:00,23.670000076293945,23.670000076293945,22.670000076293945,22.889999389648438,21.00822639465332,5920200,0.0,0.0
2018-10-15 00:00:00-04:00,22.799999237060547,23.139999389648438,22.75,22.940000534057617,21.05411720275879,3156400,0.0,0.0
2018-10-16 00:00:00-04:00,23.15999984741211,23.649999618530273,22.889999389648438,23.6200008392334,21.678213119506836,3789900,0.0,0.0
2018-10-17 00:00:00-04:00,23.15999984741211,23.389999389648438,22.530000686645508,22.81999969482422,20.943981170654297,6024600,0.0,0.0
2018-10-18 00:00:00-04:00,22.299999237060547,22.780000686645508,22.219999313354492,22.440000534057617,20.5952205657959,6970900,0.0,0.0
2018-10-19 00:00:00-04:00,22.450000762939453,22.56999969482422,21.440000534057617,21.579999923706055,19.805919647216797,5636900,0.0,0.0
2018-10-22 00:00:00-04:00,21.420000076293945,21.639999389648438,20.8799991607666,20.8799991607666,19.163467407226562,9021400,0.0,0.0
2018-10-23 00:00:00-04:00,20.700000762939453,22.84000015258789,20.639999389648438,22.399999618530273,20.558502197265625,16957000,0.0,0.0
2018-10-24 00:00:00-04:00,22.520000457763672,23.350000381469727,22.100000381469727,22.139999389648438,20.31987953186035,13611100,0.0,0.0
2018-10-25 00:00:00-04:00,22.709999084472656,23.479999542236328,22.610000610351562,23.15999984741211,21.256023406982422,12843000,0.0,0.0
2018-10-26 00:00:00-04:00,22.719999313354492,24.489999771118164,22.440000534057617,23.93000030517578,21.96272087097168,13919400,0.0,0.0
2018-10-29 00:00:00-04:00,24.360000610351562,24.469999313354492,23.149999618530273,23.420000076293945,21.49464988708496,9023600,0.0,0.0
2018-10-30 00:00:00-04:00,23.290000915527344,25.059999465942383,23.06999969482422,24.899999618530273,22.852985382080078,13468700,0.0,0.0
2018-10-31 00:00:00-04:00,25.15999984741211,25.399999618530273,24.3799991607666,24.56999969482422,22.55011558532715,14969200,0.0,0.0
2018-11-01 00:00:00-04:00,24.579999923706055,25.079999923706055,24.229999542236328,24.65999984741211,22.632713317871094,9857500,0.0,0.0
2018-11-02 00:00:00-04:00,24.8700008392334,24.8799991607666,23.8799991607666,24.270000457763672,22.274776458740234,7085100,0.0,0.0
2018-11-05 00:00:00-05:00,24.260000228881836,24.920000076293945,24.18000030517578,24.739999771118164,22.706140518188477,4701400,0.0,0.0
2018-11-06 00:00:00-05:00,24.649999618530273,25.0,24.40999984741211,24.889999389648438,22.84380531311035,3713500,0.0,0.0
2018-11-07 00:00:00-05:00,25.049999237060547,25.1299991607666,24.510000228881836,25.100000381469727,23.036542892456055,5453200,0.0,0.0
2018-11-08 00:00:00-05:00,24.469999313354492,24.790000915527344,23.5,24.229999542236328,22.238065719604492,9843400,0.0,0.0
2018-11-09 00:00:00-05:00,24.219999313354492,24.809999465942383,24.18000030517578,24.440000534057617,22.430797576904297,5814700,0.0,0.0
2018-11-12 00:00:00-05:00,23.6299991607666,24.31999969482422,23.59000015258789,24.010000228881836,22.036151885986328,6140700,0.0,0.0
2018-11-13 00:00:00-05:00,24.18000030517578,24.600000381469727,23.90999984741211,24.389999389648438,22.384906768798828,6933700,0.0,0.0
2018-11-14 00:00:00-05:00,24.6200008392334,24.90999984741211,24.229999542236328,24.540000915527344,22.5225830078125,4531800,0.0,0.0
2018-11-15 00:00:00-05:00,23.850000381469727,24.139999389648438,23.209999084472656,24.110000610351562,22.127925872802734,8303200,0.0,0.0
2018-11-16 00:00:00-05:00,23.850000381469727,25.1299991607666,23.75,24.969999313354492,22.917232513427734,7503600,0.0,0.0
2018-11-19 00:00:00-05:00,24.950000762939453,25.420000076293945,24.610000610351562,25.219999313354492,23.146682739257812,8348100,0.0,0.0
2018-11-20 00:00:00-05:00,24.93000030517578,25.860000610351562,24.93000030517578,25.329999923706055,23.24763298034668,7651600,0.0,0.0
2018-11-21 00:00:00-05:00,25.540000915527344,25.8799991607666,25.170000076293945,25.65999984741211,23.550506591796875,5510000,0.0,0.0
2018-11-23 00:00:00-05:00,25.56999969482422,26.1299991607666,25.56999969482422,25.920000076293945,23.78913116455078,2137800,0.0,0.0
2018-11-26 00:00:00-05:00,26.209999084472656,26.350000381469727,25.81999969482422,26.190000534057617,24.03693389892578,6450900,0.0,0.0
2018-11-27 00:00:00-05:00,25.940000534057617,26.610000610351562,25.90999984741211,26.399999618530273,24.229671478271484,6252900,0.0,0.0
2018-11-28 00:00:00-05:00,26.530000686645508,26.780000686645508,25.440000534057617,26.739999771118164,24.541723251342773,7069000,0.0,0.0
2018-11-29 00:00:00-05:00,26.639999389648438,27.139999389648438,26.579999923706055,26.729999542236328,24.532543182373047,8865200,0.0,0.0
2018-11-30 00:00:00-05:00,26.700000762939453,26.920000076293945,26.3799991607666,26.520000457763672,24.339807510375977,6247700,0.0,0.0
2018-12-03 00:00:00-05:00,26.719999313354492,26.899999618530273,25.75,26.81999969482422,24.61513900756836,6265200,0.0,0.0
2018-12-04 00:00:00-05:00,26.360000610351562,26.649999618530273,25.459999084472656,25.6299991607666,23.522968292236328,10230800,0.0,0.0
2018-12-06 00:00:00-05:00,25.309999465942383,26.709999084472656,25.1200008392334,26.649999618530273,24.459117889404297,7550200,0.0,0.0
2018-12-07 00:00:00-05:00,26.639999389648438,27.09000015258789,26.229999542236328,26.229999542236328,24.07364273071289,4899700,0.0,0.0
2018-12-10 00:00:00-05:00,26.229999542236328,26.549999237060547,25.420000076293945,25.559999465942383,23.458724975585938,6640300,0.0,0.0
2018-12-11 00:00:00-05:00,25.90999984741211,26.280000686645508,25.610000610351562,25.75,23.633100509643555,5361300,0.0,0.0
2018-12-12 00:00:00-05:00,26.030000686645508,26.469999313354492,25.6299991607666,26.149999618530273,24.000219345092773,3994500,0.0,0.0
2018-12-13 00:00:00-05:00,26.239999771118164,26.420000076293945,25.739999771118164,25.809999465942383,23.688169479370117,3204300,0.0,0.0
2018-12-14 00:00:00-05:00,25.520000457763672,26.299999237060547,25.520000457763672,25.610000610351562,23.50461769104004,4200500,0.0,0.0
2018-12-17 00:00:00-05:00,25.43000030517578,26.079999923706055,25.139999389648438,25.639999389648438,23.633663177490234,6759700,0.11,0.0
2018-12-18 00:00:00-05:00,25.90999984741211,26.75,25.75,26.469999313354492,24.398712158203125,7740100,0.0,0.0
2018-12-19 00:00:00-05:00,26.530000686645508,26.959999084472656,25.75,25.799999237060547,23.781139373779297,7280600,0.0,0.0
2018-12-20 00:00:00-05:00,25.68000030517578,26.469999313354492,25.59000015258789,25.799999237060547,23.781139373779297,6261400,0.0,0.0
2018-12-21 00:00:00-05:00,25.799999237060547,26.25,25.06999969482422,25.1299991607666,23.163570404052734,10089700,0.0,0.0
2018-12-24 00:00:00-05:00,25.0,25.239999771118164,24.450000762939453,24.68000030517578,22.748779296875,2406500,0.0,0.0
2018-12-26 00:00:00-05:00,24.84000015258789,25.8799991607666,24.549999237060547,25.850000381469727,23.82723045349121,3549400,0.0,0.0
2018-12-27 00:00:00-05:00,25.350000381469727,26.010000228881836,25.1299991607666,26.0,23.965486526489258,3238300,0.0,0.0
2018-12-28 00:00:00-05:00,26.09000015258789,26.459999084472656,25.639999389648438,26.040000915527344,24.002361297607422,2913800,0.0,0.0
2018-12-31 00:00:00-05:00,26.139999389648438,26.299999237060547,25.200000762939453,25.989999771118164,23.956270217895508,2945500,0.0,0.0
2019-01-02 00:00:00-05:00,25.600000381469727,26.5,25.440000534057617,26.239999771118164,24.18670654296875,6894400,0.0,0.0
2019-01-03 00:00:00-05:00,26.06999969482422,26.479999542236328,25.639999389648438,25.940000534057617,23.910181045532227,5915200,0.0,0.0
2019-01-04 00:00:00-05:00,26.229999542236328,27.209999084472656,26.1299991607666,27.200000762939453,25.071592330932617,6277600,0.0,0.0
2019-01-07 00:00:00-05:00,27.780000686645508,28.600000381469727,27.520000457763672,28.209999084472656,26.00255012512207,9644500,0.0,0.0
2019-01-08 00:00:00-05:00,28.5,28.530000686645508,27.790000915527344,28.34000015258789,26.12238311767578,7284200,0.0,0.0
2019-01-09 00:00:00-05:00,28.479999542236328,29.190000534057617,28.010000228881836,28.950000762939453,26.68465232849121,9501800,0.0,0.0
2019-01-10 00:00:00-05:00,28.829999923706055,28.969999313354492,28.309999465942383,28.610000610351562,26.371259689331055,5577000,0.0,0.0
2019-01-11 00:00:00-05:00,28.06999969482422,28.920000076293945,28.030000686645508,28.579999923706055,26.343603134155273,4897600,0.0,0.0
2019-01-14 00:00:00-05:00,28.440000534057617,28.639999389648438,27.790000915527344,27.860000610351562,25.679948806762695,5493200,0.0,0.0
2019-01-15 00:00:00-05:00,27.84000015258789,28.350000381469727,27.700000762939453,28.06999969482422,25.87351417541504,3352500,0.0,0.0
2019-01-16 00:00:00-05:00,28.030000686645508,28.06999969482422,27.34000015258789,27.3700008392334,25.228290557861328,4964500,0.0,0.0
2019-01-17 00:00:00-05:00,26.709999084472656,27.350000381469727,26.59000015258789,26.850000381469727,24.74897575378418,6142100,0.0,0.0
2019-01-18 00:00:00-05:00,26.959999084472656,26.969999313354492,26.34000015258789,26.59000015258789,24.509319305419922,8546900,0.0,0.0
2019-01-22 00:00:00-05:00,26.530000686645508,26.709999084472656,26.1299991607666,26.329999923706055,24.26967430114746,5804300,0.0,0.0
2019-01-23 00:00:00-05:00,26.290000915527344,26.739999771118164,26.15999984741211,26.709999084472656,24.619937896728516,3796100,0.0,0.0
2019-01-24 00:00:00-05:00,26.739999771118164,27.100000381469727,26.56999969482422,26.700000762939453,24.6107177734375,7951400,0.0,0.0
2019-01-25 00:00:00-05:00,26.920000076293945,27.389999389648438,26.690000534057617,26.959999084472656,24.850370407104492,7315200,0.0,0.0
2019-01-28 00:00:00-05:00,26.739999771118164,27.420000076293945,26.65999984741211,27.030000686645508,24.91489028930664,5413200,0.0,0.0
2019-01-29 00:00:00-05:00,25.649999618530273,27.479999542236328,25.100000381469727,27.25,25.117677688598633,9250900,0.0,0.0
2019-01-30 00:00:00-05:00,27.219999313354492,27.350000381469727,26.190000534057617,27.239999771118164,25.108455657958984,8192300,0.0,0.0
2019-01-31 00:00:00-05:00,27.329999923706055,28.190000534057617,27.0,27.809999465942383,25.633859634399414,8829100,0.0,0.0
2019-02-01 00:00:00-05:00,27.84000015258789,28.270000457763672,27.329999923706055,27.350000381469727,25.20985221862793,5121700,0.0,0.0
2019-02-04 00:00:00-05:00,27.31999969482422,27.43000030517578,26.579999923706055,26.790000915527344,24.69367027282715,5082600,0.0,0.0
2019-02-05 00:00:00-05:00,26.780000686645508,27.3700008392334,26.739999771118164,27.350000381469727,25.20985221862793,4187800,0.0,0.0
2019-02-06 00:00:00-05:00,27.170000076293945,27.290000915527344,26.420000076293945,26.469999313354492,24.398712158203125,5393000,0.0,0.0
2019-02-07 00:00:00-05:00,26.290000915527344,26.950000762939453,26.280000686645508,26.889999389648438,24.785846710205078,3995200,0.0,0.0
2019-02-08 00:00:00-05:00,26.3799991607666,26.829999923706055,26.290000915527344,26.610000610351562,24.527755737304688,3460200,0.0,0.0
2019-02-11 00:00:00-05:00,26.700000762939453,26.799999237060547,26.420000076293945,26.5,24.426366806030273,3892700,0.0,0.0
2019-02-12 00:00:00-05:00,26.65999984741211,27.540000915527344,26.59000015258789,27.309999465942383,25.172983169555664,7973500,0.0,0.0
2019-02-13 00:00:00-05:00,27.309999465942383,27.40999984741211,26.719999313354492,27.190000534057617,25.062368392944336,4073900,0.0,0.0
2019-02-14 00:00:00-05:00,26.68000030517578,27.1200008392334,26.559999465942383,26.90999984741211,24.804283142089844,3433500,0.0,0.0
2019-02-15 00:00:00-05:00,27.010000228881836,27.34000015258789,26.860000610351562,27.1200008392334,24.99785041809082,3420100,0.0,0.0
2019-02-19 00:00:00-05:00,27.110000610351562,27.450000762939453,26.899999618530273,27.040000915527344,24.924110412597656,4173000,0.0,0.0
2019-02-20 00:00:00-05:00,27.030000686645508,27.260000228881836,26.8700008392334,27.139999389648438,25.016284942626953,5240100,0.0,0.0
2019-02-21 00:00:00-05:00,26.989999771118164,27.65999984741211,26.940000534057617,27.600000381469727,25.440290451049805,5940100,0.0,0.0
2019-02-22 00:00:00-05:00,27.760000228881836,28.200000762939453,27.489999771118164,27.979999542236328,25.790550231933594,4194900,0.0,0.0
2019-02-25 00:00:00-05:00,28.09000015258789,28.110000610351562,27.540000915527344,27.559999465942383,25.403413772583008,5309800,0.0,0.0
2019-02-26 00:00:00-05:00,27.399999618530273,27.700000762939453,27.059999465942383,27.440000534057617,25.292808532714844,4067400,0.0,0.0
2019-02-27 00:00:00-05:00,27.469999313354492,27.729999542236328,26.84000015258789,27.09000015258789,24.970197677612305,4652800,0.0,0.0
2019-02-28 00:00:00-05:00,26.799999237060547,27.280000686645508,26.56999969482422,27.0,24.887237548828125,5006800,0.0,0.0
2019-03-01 00:00:00-05:00,27.219999313354492,27.290000915527344,26.34000015258789,26.739999771118164,24.6475887298584,5746900,0.0,0.0
2019-03-04 00:00:00-05:00,26.850000381469727,27.799999237060547,26.850000381469727,27.68000030517578,25.51403045654297,5206700,0.0,0.0
2019-03-05 00:00:00-05:00,27.670000076293945,27.719999313354492,26.860000610351562,26.8799991607666,24.776628494262695,5773100,0.0,0.0
2019-03-06 00:00:00-05:00,26.940000534057617,27.350000381469727,26.760000228881836,26.770000457763672,24.675241470336914,4194200,0.0,0.0
2019-03-07 00:00:00-05:00,26.8700008392334,27.829999923706055,26.700000762939453,27.530000686645508,25.375768661499023,4974100,0.0,0.0
2019-03-08 00:00:00-05:00,27.510000228881836,27.8700008392334,27.399999618530273,27.579999923706055,25.421850204467773,3836300,0.0,0.0
2019-03-11 00:00:00-04:00,27.59000015258789,28.239999771118164,27.59000015258789,28.200000762939453,25.99333953857422,2594600,0.0,0.0
2019-03-12 00:00:00-04:00,28.270000457763672,28.34000015258789,27.68000030517578,28.010000228881836,25.81821060180664,2665300,0.0,0.0
2019-03-13 00:00:00-04:00,28.049999237060547,28.15999984741211,27.389999389648438,27.520000457763672,25.366546630859375,3404200,0.0,0.0
2019-03-14 00:00:00-04:00,27.389999389648438,27.43000030517578,26.93000030517578,27.09000015258789,25.070405960083008,3492400,0.11,0.0
2019-03-15 00:00:00-04:00,27.1299991607666,27.40999984741211,26.809999465942383,26.8700008392334,24.866809844970703,4400800,0.0,0.0
2019-03-18 00:00:00-04:00,26.8700008392334,27.030000686645508,26.59000015258789,26.670000076293945,24.681720733642578,4847200,0.0,0.0
2019-03-19 00:00:00-04:00,26.68000030517578,26.940000534057617,26.18000030517578,26.239999771118164,24.28377342224121,4670700,0.0,0.0
2019-03-20 00:00:00-04:00,26.100000381469727,26.389999389648438,25.239999771118164,25.799999237060547,23.87657928466797,6887900,0.0,0.0
2019-03-21 00:00:00-04:00,25.8700008392334,26.600000381469727,25.700000762939453,26.299999237060547,24.339296340942383,4956700,0.0,0.0
2019-03-22 00:00:00-04:00,26.260000228881836,26.959999084472656,26.149999618530273,26.579999923706055,24.59842300415039,4673500,0.0,0.0
2019-03-25 00:00:00-04:00,26.459999084472656,27.270000457763672,26.350000381469727,27.209999084472656,25.181459426879883,3451900,0.0,0.0
2019-03-26 00:00:00-04:00,27.25,27.43000030517578,27.010000228881836,27.3799991607666,25.338781356811523,2860000,0.0,0.0
2019-03-27 00:00:00-04:00,27.889999389648438,28.889999389648438,27.809999465942383,28.780000686645508,26.634414672851562,8355000,0.0,0.0
2019-03-28 00:00:00-04:00,28.84000015258789,28.899999618530273,28.299999237060547,28.299999237060547,26.190195083618164,6267100,0.0,0.0
2019-03-29 00:00:00-04:00,28.489999771118164,28.75,27.920000076293945,27.959999084472656,25.87554168701172,3314000,0.0,0.0
2019-04-01 00:00:00-04:00,28.049999237060547,28.049999237060547,27.360000610351562,27.889999389648438,25.810762405395508,3255500,0.0,0.0
2019-04-02 00:00:00-04:00,27.93000030517578,27.93000030517578,27.440000534057617,27.770000457763672,25.699708938598633,2555600,0.0,0.0
2019-04-03 00:00:00-04:00,27.899999618530273,28.139999389648438,27.549999237060547,27.770000457763672,25.699708938598633,3044700,0.0,0.0
2019-04-04 00:00:00-04:00,27.709999084472656,28.610000610351562,27.709999084472656,28.59000015258789,26.458576202392578,3486400,0.0,0.0
2019-04-05 00:00:00-04:00,28.59000015258789,29.030000686645508,28.510000228881836,28.940000534057617,26.782485961914062,2662900,0.0,0.0
2019-04-08 00:00:00-04:00,28.860000610351562,29.020000457763672,28.6200008392334,28.829999923706055,26.680692672729492,2771400,0.0,0.0
2019-04-09 00:00:00-04:00,28.790000915527344,29.030000686645508,28.479999542236328,28.56999969482422,26.44007110595703,2988200,0.0,0.0
2019-04-10 00:00:00-04:00,28.829999923706055,29.100000381469727,28.559999465942383,28.920000076293945,26.763975143432617,2169200,0.0,0.0
2019-04-11 00:00:00-04:00,29.0,29.5,28.969999313354492,29.40999984741211,27.217443466186523,3336400,0.0,0.0
2019-04-12 00:00:00-04:00,29.450000762939453,29.540000915527344,29.219999313354492,29.389999389648438,27.198938369750977,2499100,0.0,0.0
2019-04-15 00:00:00-04:00,29.459999084472656,29.579999923706055,29.190000534057617,29.5,27.300737380981445,2100800,0.0,0.0
2019-04-16 00:00:00-04:00,29.670000076293945,29.81999969482422,29.450000762939453,29.760000228881836,27.541353225708008,2830400,0.0,0.0
2019-04-17 00:00:00-04:00,29.8700008392334,30.170000076293945,29.799999237060547,30.040000915527344,27.800479888916016,2789400,0.0,0.0
2019-04-18 00:00:00-04:00,29.989999771118164,30.59000015258789,29.989999771118164,30.389999389648438,28.124387741088867,3316400,0.0,0.0
2019-04-22 00:00:00-04:00,30.360000610351562,30.690000534057617,30.149999618530273,30.219999313354492,27.96705436706543,4577800,0.0,0.0
2019-04-23 00:00:00-04:00,30.75,31.709999084472656,30.520000457763672,31.350000381469727,29.012819290161133,7087000,0.0,0.0
2019-04-24 00:00:00-04:00,31.75,31.950000762939453,31.15999984741211,31.860000610351562,29.48479652404785,3505400,0.0,0.0
2019-04-25 00:00:00-04:00,31.239999771118164,31.899999618530273,30.8700008392334,31.670000076293945,29.308963775634766,4365700,0.0,0.0
2019-04-26 00:00:00-04:00,31.809999465942383,31.84000015258789,31.43000030517578,31.459999084472656,29.1146183013916,3281100,0.0,0.0
2019-04-29 00:00:00-04:00,31.43000030517578,31.5,31.170000076293945,31.329999923706055,28.994304656982422,3484500,0.0,0.0
2019-04-30 00:00:00-04:00,31.290000915527344,31.540000915527344,31.170000076293945,31.459999084472656,29.1146183013916,2983500,0.0,0.0
2019-05-01 00:00:00-04:00,31.520000457763672,32.0099983215332,31.270000457763672,31.290000915527344,28.957294464111328,3340400,0.0,0.0
2019-05-02 00:00:00-04:00,31.520000457763672,32.02000045776367,31.219999313354492,31.700000762939453,29.336729049682617,2906900,0.0,0.0
2019-05-03 00:00:00-04:00,31.770000457763672,31.8799991607666,31.260000228881836,31.780000686645508,29.4107608795166,2803300,0.0,0.0
2019-05-06 00:00:00-04:00,31.459999084472656,31.809999465942383,31.309999465942383,31.739999771118164,29.373741149902344,3047100,0.0,0.0
2019-05-07 00:00:00-04:00,31.530000686645508,31.739999771118164,31.200000762939453,31.469999313354492,29.12387466430664,2697700,0.0,0.0
2019-05-08 00:00:00-04:00,31.3799991607666,31.600000381469727,31.06999969482422,31.079999923706055,28.76294708251953,2032200,0.0,0.0
2019-05-09 00:00:00-04:00,30.989999771118164,31.59000015258789,30.90999984741211,31.530000686645508,29.179397583007812,3083300,0.0,0.0
2019-05-10 00:00:00-04:00,31.440000534057617,31.639999389648438,31.09000015258789,31.540000915527344,29.188650131225586,2701900,0.0,0.0
2019-05-13 00:00:00-04:00,30.989999771118164,31.450000762939453,30.84000015258789,31.260000228881836,28.929533004760742,4108300,0.0,0.0
2019-05-14 00:00:00-04:00,31.280000686645508,32.2400016784668,31.25,32.06999969482422,29.679136276245117,4716000,0.0,0.0
2019-05-15 00:00:00-04:00,32.06999969482422,32.25,31.829999923706055,31.93000030517578,29.549571990966797,3075100,0.0,0.0
2019-05-16 00:00:00-04:00,32.029998779296875,32.619998931884766,32.029998779296875,32.33000183105469,29.91975975036621,3389000,0.0,0.0
2019-05-17 00:00:00-04:00,32.209999084472656,32.79999923706055,32.040000915527344,32.47999954223633,30.05857276916504,3858100,0.0,0.0
2019-05-20 00:00:00-04:00,32.369998931884766,32.529998779296875,31.760000228881836,31.860000610351562,29.48479652404785,2415200,0.0,0.0
2019-05-21 00:00:00-04:00,31.950000762939453,32.5,31.8700008392334,32.27000045776367,29.864233016967773,2619600,0.0,0.0
2019-05-22 00:00:00-04:00,31.579999923706055,32.279998779296875,31.540000915527344,32.119998931884766,29.725412368774414,3233400,0.0,0.0
2019-05-23 00:00:00-04:00,31.950000762939453,32.18000030517578,31.559999465942383,31.59000015258789,29.234922409057617,3236700,0.0,0.0
2019-05-24 00:00:00-04:00,31.690000534057617,32.130001068115234,31.690000534057617,32.119998931884766,29.725412368774414,1966700,0.0,0.0
2019-05-28 00:00:00-04:00,32.130001068115234,32.279998779296875,31.670000076293945,31.68000030517578,29.318212509155273,3160200,0.0,0.0
2019-05-29 00:00:00-04:00,31.709999084472656,31.709999084472656,31.049999237060547,31.260000228881836,28.929533004760742,3108700,0.0,0.0
2019-05-30 00:00:00-04:00,31.31999969482422,31.68000030517578,31.229999542236328,31.530000686645508,29.179397583007812,2404700,0.0,0.0
2019-05-31 00:00:00-04:00,31.200000762939453,31.350000381469727,30.68000030517578,31.0,28.68891143798828,2732100,0.0,0.0
2019-06-03 00:00:00-04:00,30.989999771118164,31.940000534057617,30.84000015258789,31.690000534057617,29.327472686767578,3672500,0.0,0.0
2019-06-04 00:00:00-04:00,31.989999771118164,32.0,31.389999389648438,31.940000534057617,29.5588321685791,4119600,0.0,0.0
2019-06-05 00:00:00-04:00,32.130001068115234,32.130001068115234,31.489999771118164,32.060001373291016,29.669889450073242,2954000,0.0,0.0
2019-06-06 00:00:00-04:00,32.130001068115234,32.400001525878906,31.719999313354492,31.809999465942383,29.438526153564453,3056800,0.0,0.0
2019-06-07 00:00:00-04:00,31.969999313354492,32.83000183105469,31.969999313354492,32.75,30.30843734741211,4199700,0.0,0.0
2019-06-10 00:00:00-04:00,32.72999954223633,33.09000015258789,32.47999954223633,32.72999954223633,30.289932250976562,2555100,0.0,0.0
2019-06-11 00:00:00-04:00,32.869998931884766,33.0,32.22999954223633,32.5,30.07707977294922,2039300,0.0,0.0
2019-06-12 00:00:00-04:00,32.529998779296875,32.91999816894531,32.060001373291016,32.15999984741211,29.76243019104004,4300300,0.0,0.0
2019-06-13 00:00:00-04:00,32.20000076293945,32.650001525878906,32.20000076293945,32.5,30.180307388305664,2303700,0.11,0.0
2019-06-14 00:00:00-04:00,32.43000030517578,32.95000076293945,32.349998474121094,32.849998474121094,30.505319595336914,3029200,0.0,0.0
2019-06-17 00:00:00-04:00,32.849998474121094,32.97999954223633,32.18000030517578,32.65999984741211,30.328893661499023,2379400,0.0,0.0
2019-06-18 00:00:00-04:00,32.75,33.150001525878906,32.5,32.900001525878906,30.55177116394043,4555600,0.0,0.0
2019-06-19 00:00:00-04:00,32.849998474121094,32.88999938964844,31.6200008392334,32.209999084472656,29.9110050201416,3944800,0.0,0.0
2019-06-20 00:00:00-04:00,32.47999954223633,32.77000045776367,32.22999954223633,32.72999954223633,30.393888473510742,3580300,0.0,0.0
2019-06-21 00:00:00-04:00,32.61000061035156,32.66999816894531,31.860000610351562,31.899999618530273,29.623136520385742,3739600,0.0,0.0
2019-06-24 00:00:00-04:00,31.969999313354492,32.4900016784668,31.770000457763672,32.150001525878906,29.855295181274414,2395500,0.0,0.0
2019-06-25 00:00:00-04:00,32.619998931884766,32.720001220703125,30.81999969482422,31.3799991607666,29.1402530670166,7000800,0.0,0.0
2019-06-26 00:00:00-04:00,31.489999771118164,31.700000762939453,30.84000015258789,31.15999984741211,28.93594741821289,4108600,0.0,0.0
2019-06-27 00:00:00-04:00,31.600000381469727,31.690000534057617,31.170000076293945,31.549999237060547,29.298118591308594,2729900,0.0,0.0
2019-06-28 00:00:00-04:00,31.459999084472656,31.969999313354492,31.459999084472656,31.6200008392334,29.36311912536621,4976100,0.0,0.0
2019-07-01 00:00:00-04:00,31.969999313354492,32.209999084472656,31.540000915527344,32.119998931884766,29.827434539794922,4119900,0.0,0.0
2019-07-02 00:00:00-04:00,32.150001525878906,32.47999954223633,32.040000915527344,32.459999084472656,30.143165588378906,3075000,0.0,0.0
2019-07-03 00:00:00-04:00,32.400001525878906,32.869998931884766,32.34000015258789,32.68000030517578,30.34746742248535,1653900,0.0,0.0
2019-07-05 00:00:00-04:00,32.439998626708984,32.560001373291016,31.719999313354492,31.940000534057617,29.660282135009766,3248500,0.0,0.0
2019-07-08 00:00:00-04:00,31.950000762939453,32.52000045776367,31.799999237060547,32.31999969482422,30.013154983520508,3472400,0.0,0.0
2019-07-09 00:00:00-04:00,32.2599983215332,32.38999938964844,31.920000076293945,31.989999771118164,29.706710815429688,5038000,0.0,0.0
2019-07-10 00:00:00-04:00,32.380001068115234,32.720001220703125,32.369998931884766,32.650001525878906,30.319610595703125,3112200,0.0,0.0
2019-07-11 00:00:00-04:00,32.720001220703125,32.7400016784668,32.119998931884766,32.689998626708984,30.35674285888672,2904900,0.0,0.0
2019-07-12 00:00:00-04:00,32.86000061035156,33.61000061035156,32.849998474121094,33.56999969482422,31.173938751220703,3516400,0.0,0.0
2019-07-15 00:00:00-04:00,33.599998474121094,33.75,33.0,33.13999938964844,30.774629592895508,4040100,0.0,0.0
2019-07-16 00:00:00-04:00,33.029998779296875,33.779998779296875,33.029998779296875,33.58000183105469,31.18323516845703,3093100,0.0,0.0
2019-07-17 00:00:00-04:00,33.630001068115234,33.790000915527344,33.41999816894531,33.47999954223633,31.090362548828125,2573600,0.0,0.0
2019-07-18 00:00:00-04:00,33.58000183105469,33.900001525878906,33.099998474121094,33.439998626708984,31.05321502685547,4913100,0.0,0.0
2019-07-19 00:00:00-04:00,33.58000183105469,33.720001220703125,33.189998626708984,33.22999954223633,30.858219146728516,2959000,0.0,0.0
2019-07-22 00:00:00-04:00,33.400001525878906,34.029998779296875,33.369998931884766,33.47999954223633,31.090362548828125,7357700,0.0,0.0
2019-07-23 00:00:00-04:00,32.099998474121094,33.13999938964844,30.56999969482422,30.690000534057617,28.499502182006836,11401100,0.0,0.0
2019-07-24 00:00:00-04:00,31.0,31.049999237060547,30.260000228881836,30.899999618530273,28.694509506225586,6912100,0.0,0.0
2019-07-25 00:00:00-04:00,30.989999771118164,31.920000076293945,30.989999771118164,31.860000610351562,29.58599281311035,5569800,0.0,0.0
2019-07-26 00:00:00-04:00,31.739999771118164,31.979999542236328,31.59000015258789,31.860000610351562,29.58599281311035,2634700,0.0,0.0
2019-07-29 00:00:00-04:00,31.809999465942383,31.950000762939453,31.290000915527344,31.469999313354492,29.223833084106445,4630800,0.0,0.0
2019-07-30 00:00:00-04:00,31.6299991607666,32.380001068115234,31.559999465942383,32.099998474121094,29.808860778808594,3336700,0.0,0.0
2019-07-31 00:00:00-04:00,32.220001220703125,32.31999969482422,31.049999237060547,31.510000228881836,29.260971069335938,4270600,0.0,0.0
2019-08-01 00:00:00-04:00,31.469999313354492,32.29999923706055,31.139999389648438,31.850000381469727,29.576702117919922,4082200,0.0,0.0
2019-08-02 00:00:00-04:00,31.780000686645508,31.920000076293945,31.299999237060547,31.34000015258789,29.103105545043945,3011800,0.0,0.0
2019-08-05 00:00:00-04:00,31.209999084472656,31.510000228881836,30.770000457763672,31.110000610351562,28.889524459838867,3327400,0.0,0.0
2019-08-06 00:00:00-04:00,31.0,31.399999618530273,30.760000228881836,30.93000030517578,28.722373962402344,3735600,0.0,0.0
2019-08-07 00:00:00-04:00,30.809999465942383,31.93000030517578,30.649999618530273,31.84000015258789,29.567419052124023,4376300,0.0,0.0
2019-08-08 00:00:00-04:00,31.950000762939453,32.58000183105469,31.93000030517578,32.5099983215332,30.189592361450195,3229400,0.0,0.0
2019-08-09 00:00:00-04:00,32.310001373291016,32.38999938964844,31.959999084472656,32.06999969482422,29.7810001373291,2177600,0.0,0.0
2019-08-12 00:00:00-04:00,31.850000381469727,31.959999084472656,31.350000381469727,31.479999542236328,29.233116149902344,1523100,0.0,0.0
2019-08-13 00:00:00-04:00,32.119998931884766,32.43000030517578,31.700000762939453,32.25,29.948158264160156,2023800,0.0,0.0
2019-08-14 00:00:00-04:00,31.899999618530273,32.11000061035156,31.329999923706055,31.65999984741211,29.4002742767334,2248400,0.0,0.0
2019-08-15 00:00:00-04:00,31.760000228881836,31.8799991607666,31.299999237060547,31.399999618530273,29.15882110595703,2024700,0.0,0.0
2019-08-16 00:00:00-04:00,31.549999237060547,32.22999954223633,31.43000030517578,32.06999969482422,29.7810001373291,2466600,0.0,0.0
2019-08-19 00:00:00-04:00,32.470001220703125,32.75,32.279998779296875,32.5099983215332,30.189592361450195,1925400,0.0,0.0
2019-08-20 00:00:00-04:00,32.56999969482422,32.83000183105469,32.31999969482422,32.650001525878906,30.319610595703125,2115600,0.0,0.0
2019-08-21 00:00:00-04:00,32.810001373291016,32.9900016784668,32.40999984741211,32.88999938964844,30.5424747467041,2532800,0.0,0.0
2019-08-22 00:00:00-04:00,32.880001068115234,33.20000076293945,32.630001068115234,33.15999984741211,30.79320526123047,2848200,0.0,0.0
2019-08-23 00:00:00-04:00,33.25,33.72999954223633,32.630001068115234,32.70000076293945,30.36603355407715,3899400,0.0,0.0
2019-08-26 00:00:00-04:00,32.79999923706055,33.220001220703125,32.720001220703125,33.189998626708984,30.82106590270996,3255400,0.0,0.0
2019-08-27 00:00:00-04:00,33.459999084472656,33.5099983215332,33.209999084472656,33.38999938964844,31.006778717041016,3605300,0.0,0.0
2019-08-28 00:00:00-04:00,33.2599983215332,33.439998626708984,32.810001373291016,33.41999816894531,31.034635543823242,1933700,0.0,0.0
2019-08-29 00:00:00-04:00,33.45000076293945,33.7400016784668,33.349998474121094,33.68000030517578,31.276094436645508,3418500,0.0,0.0
2019-08-30 00:00:00-04:00,33.77000045776367,33.93000030517578,33.47999954223633,33.79999923706055,31.38752555847168,2190800,0.0,0.0
2019-09-03 00:00:00-04:00,33.54999923706055,34.08000183105469,33.4900016784668,33.9900016784668,31.563955307006836,3613100,0.0,0.0
2019-09-04 00:00:00-04:00,34.15999984741211,34.58000183105469,33.970001220703125,34.459999084472656,32.00041961669922,2494400,0.0,0.0
2019-09-05 00:00:00-04:00,34.560001373291016,34.650001525878906,33.93000030517578,34.25,31.8054141998291,2448400,0.0,0.0
2019-09-06 00:00:00-04:00,34.400001525878906,34.79999923706055,34.400001525878906,34.56999969482422,32.10256576538086,2473900,0.0,0.0
2019-09-09 00:00:00-04:00,34.59000015258789,34.97999954223633,34.47999954223633,34.7599983215332,32.27900314331055,3323800,0.0,0.0
2019-09-10 00:00:00-04:00,34.72999954223633,34.72999954223633,34.150001525878906,34.2599983215332,31.81468963623047,3768200,0.0,0.0
2019-09-11 00:00:00-04:00,34.68000030517578,34.79999923706055,34.400001525878906,34.77000045776367,32.288299560546875,2898800,0.0,0.0
2019-09-12 00:00:00-04:00,35.0,35.290000915527344,34.810001373291016,35.06999969482422,32.56687927246094,2820900,0.0,0.0
2019-09-13 00:00:00-04:00,35.189998626708984,35.54999923706055,34.97999954223633,35.25,32.734031677246094,5271100,0.0,0.0
2019-09-16 00:00:00-04:00,35.209999084472656,35.45000076293945,34.90999984741211,35.20000076293945,32.68758773803711,3760500,0.0,0.0
2019-09-17 00:00:00-04:00,35.099998474121094,35.619998931884766,35.099998474121094,35.40999984741211,32.985687255859375,3397700,0.11,0.0
2019-09-18 00:00:00-04:00,35.310001373291016,35.470001220703125,34.5,34.90999984741211,32.519920349121094,5389500,0.0,0.0
2019-09-19 00:00:00-04:00,35.0,35.619998931884766,35.0,35.459999084472656,33.03227233886719,3749500,0.0,0.0
2019-09-20 00:00:00-04:00,35.66999816894531,35.75,35.29999923706055,35.68000030517578,33.23719787597656,3786700,0.0,0.0
2019-09-23 00:00:00-04:00,35.599998474121094,35.84000015258789,35.560001373291016,35.65999984741211,33.218563079833984,1788100,0.0,0.0
2019-09-24 00:00:00-04:00,35.72999954223633,36.33000183105469,35.709999084472656,36.02000045776367,33.55392837524414,2685000,0.0,0.0
2019-09-25 00:00:00-04:00,36.16999816894531,36.27000045776367,35.83000183105469,36.189998626708984,33.71229553222656,3143200,0.0,0.0
2019-09-26 00:00:00-04:00,36.470001220703125,36.61000061035156,36.119998931884766,36.18000030517578,33.702972412109375,1607500,0.0,0.0
2019-09-27 00:00:00-04:00,36.310001373291016,36.310001373291016,35.7599983215332,35.91999816894531,33.46076965332031,2031200,0.0,0.0
2019-09-30 00:00:00-04:00,35.9900016784668,36.61000061035156,35.959999084472656,36.54999923706055,34.04763412475586,2718800,0.0,0.0
2019-10-01 00:00:00-04:00,36.560001373291016,36.70000076293945,36.209999084472656,36.43000030517578,33.935855865478516,2101500,0.0,0.0
2019-10-02 00:00:00-04:00,36.5099983215332,36.720001220703125,35.869998931884766,36.220001220703125,33.740230560302734,4425600,0.0,0.0
2019-10-03 00:00:00-04:00,36.220001220703125,36.41999816894531,35.880001068115234,36.16999816894531,33.69366455078125,2807200,0.0,0.0
2019-10-04 00:00:00-04:00,36.20000076293945,37.09000015258789,36.130001068115234,37.09000015258789,34.5506706237793,3530200,0.0,0.0
2019-10-07 00:00:00-04:00,36.93000030517578,37.060001373291016,36.689998626708984,36.75,34.23395538330078,3561700,0.0,0.0
2019-10-08 00:00:00-04:00,36.529998779296875,37.060001373291016,36.470001220703125,36.619998931884766,34.11283874511719,2139300,0.0,0.0
2019-10-09 00:00:00-04:00,36.88999938964844,37.04999923706055,36.650001525878906,36.900001525878906,34.373687744140625,2654500,0.0,0.0
2019-10-10 00:00:00-04:00,36.720001220703125,36.970001220703125,36.65999984741211,36.95000076293945,34.42026138305664,2129300,0.0,0.0
2019-10-11 00:00:00-04:00,37.11000061035156,37.34000015258789,36.86000061035156,36.88999938964844,34.36437225341797,2006400,0.0,0.0
2019-10-14 00:00:00-04:00,36.869998931884766,37.15999984741211,36.7599983215332,37.060001373291016,34.5227165222168,1899300,0.0,0.0
2019-10-15 00:00:00-04:00,37.22999954223633,37.439998626708984,37.099998474121094,37.310001373291016,34.755611419677734,2771300,0.0,0.0
2019-10-16 00:00:00-04:00,37.36000061035156,38.31999969482422,37.2599983215332,38.22999954223633,35.61262130737305,3980000,0.0,0.0
2019-10-17 00:00:00-04:00,38.45000076293945,38.779998779296875,38.11000061035156,38.2400016784668,35.621944427490234,2904300,0.0,0.0
2019-10-18 00:00:00-04:00,38.220001220703125,38.45000076293945,38.04999923706055,38.29999923706055,35.677833557128906,2841300,0.0,0.0
2019-10-21 00:00:00-04:00,38.349998474121094,38.7599983215332,38.04999923706055,38.189998626708984,35.57535934448242,5577100,0.0,0.0
2019-10-22 00:00:00-04:00,38.59000015258789,39.63999938964844,37.08000183105469,39.43000030517578,36.73046875,6801700,0.0,0.0
2019-10-23 00:00:00-04:00,39.5,39.86000061035156,39.18000030517578,39.83000183105469,37.10306930541992,4246700,0.0,0.0
2019-10-24 00:00:00-04:00,39.91999816894531,41.08000183105469,39.810001373291016,41.029998779296875,38.22092056274414,5321800,0.0,0.0
2019-10-25 00:00:00-04:00,40.970001220703125,41.220001220703125,40.2400016784668,40.40999984741211,37.64337158203125,4848400,0.0,0.0
2019-10-28 00:00:00-04:00,40.34000015258789,40.630001068115234,39.459999084472656,39.470001220703125,36.767730712890625,5054400,0.0,0.0
2019-10-29 00:00:00-04:00,39.25,39.970001220703125,38.900001525878906,39.0,36.329891204833984,4460600,0.0,0.0
2019-10-30 00:00:00-04:00,39.02000045776367,39.56999969482422,38.5099983215332,39.56999969482422,36.86088562011719,4598500,0.0,0.0
2019-10-31 00:00:00-04:00,39.630001068115234,39.630001068115234,38.91999816894531,39.2400016784668,36.55348205566406,2717600,0.0,0.0
2019-11-01 00:00:00-04:00,39.45000076293945,40.06999969482422,39.34000015258789,40.029998779296875,37.289390563964844,3339900,0.0,0.0
2019-11-04 00:00:00-05:00,39.7400016784668,39.790000915527344,37.970001220703125,38.150001525878906,35.53809356689453,5847300,0.0,0.0
2019-11-05 00:00:00-05:00,38.119998931884766,38.34000015258789,37.619998931884766,38.279998779296875,35.65920639038086,4125700,0.0,0.0
2019-11-06 00:00:00-05:00,38.38999938964844,38.84000015258789,38.099998474121094,38.83000183105469,36.17155075073242,4102700,0.0,0.0
2019-11-07 00:00:00-05:00,38.810001373291016,38.880001068115234,37.689998626708984,38.04999923706055,35.4449462890625,4304600,0.0,0.0
2019-11-08 00:00:00-05:00,38.02000045776367,38.45000076293945,37.95000076293945,38.18000030517578,35.56605911254883,3636800,0.0,0.0
2019-11-11 00:00:00-05:00,38.22999954223633,38.91999816894531,38.18000030517578,38.79999923706055,36.143592834472656,2052000,0.0,0.0
2019-11-12 00:00:00-05:00,39.16999816894531,39.599998474121094,38.04999923706055,38.77000045776367,36.11564636230469,4038700,0.0,0.0
2019-11-13 00:00:00-05:00,38.779998779296875,39.27000045776367,38.650001525878906,39.2400016784668,36.55348205566406,2689100,0.0,0.0
2019-11-14 00:00:00-05:00,39.029998779296875,39.5099983215332,38.959999084472656,39.349998474121094,36.65593719482422,2410400,0.0,0.0
2019-11-15 00:00:00-05:00,39.5,39.54999923706055,38.84000015258789,38.90999984741211,36.246070861816406,2281300,0.0,0.0
2019-11-18 00:00:00-05:00,39.0,39.599998474121094,39.0,39.4900016784668,36.78635787963867,2579300,0.0,0.0
2019-11-19 00:00:00-05:00,39.41999816894531,39.68000030517578,39.16999816894531,39.380001068115234,36.68389129638672,2130300,0.0,0.0
2019-11-20 00:00:00-05:00,39.40999984741211,39.869998931884766,39.2599983215332,39.63999938964844,36.926090240478516,2767000,0.0,0.0
2019-11-21 00:00:00-05:00,39.56999969482422,39.95000076293945,38.91999816894531,38.97999954223633,36.311275482177734,2759300,0.0,0.0
2019-11-22 00:00:00-05:00,39.06999969482422,39.38999938964844,38.61000061035156,38.880001068115234,36.21812438964844,3239300,0.0,0.0
2019-11-25 00:00:00-05:00,39.060001373291016,39.4900016784668,39.0,39.439998626708984,36.73978042602539,2468500,0.0,0.0
2019-11-26 00:00:00-05:00,39.56999969482422,40.099998474121094,39.31999969482422,40.09000015258789,37.34527587890625,5187500,0.0,0.0
2019-11-27 00:00:00-05:00,40.040000915527344,40.33000183105469,39.68000030517578,39.81999969482422,37.09376907348633,2189600,0.0,0.0
2019-11-29 00:00:00-05:00,39.75,40.02000045776367,39.59000015258789,39.650001525878906,36.935401916503906,1008100,0.0,0.0
2019-12-02 00:00:00-05:00,39.599998474121094,39.650001525878906,38.7599983215332,39.13999938964844,36.4603271484375,2575700,0.0,0.0
2019-12-03 00:00:00-05:00,38.810001373291016,39.380001068115234,38.650001525878906,39.369998931884766,36.6745719909668,3293300,0.0,0.0
2019-12-04 00:00:00-05:00,39.40999984741211,39.560001373291016,38.970001220703125,39.38999938964844,36.69320297241211,2846000,0.0,0.0
2019-12-05 00:00:00-05:00,39.470001220703125,40.279998779296875,39.349998474121094,40.20000076293945,37.44774627685547,3103000,0.0,0.0
2019-12-06 00:00:00-05:00,40.470001220703125,40.529998779296875,39.61000061035156,40.060001373291016,37.31734085083008,3652500,0.0,0.0
2019-12-09 00:00:00-05:00,40.15999984741211,40.31999969482422,39.900001525878906,40.15999984741211,37.410499572753906,2060200,0.0,0.0
2019-12-10 00:00:00-05:00,40.130001068115234,40.380001068115234,39.790000915527344,40.27000045776367,37.51296615600586,2210400,0.0,0.0
2019-12-11 00:00:00-05:00,40.189998626708984,40.72999954223633,39.970001220703125,40.709999084472656,37.92283630371094,1608900,0.0,0.0
2019-12-12 00:00:00-05:00,40.61000061035156,40.7599983215332,39.619998931884766,39.630001068115234,36.91676712036133,2524400,0.0,0.0
2019-12-13 00:00:00-05:00,39.70000076293945,40.439998626708984,39.56999969482422,40.380001068115234,37.61542892456055,2893200,0.0,0.0
2019-12-16 00:00:00-05:00,40.380001068115234,40.52000045776367,39.79999923706055,40.02000045776367,37.28007888793945,2895800,0.0,0.0
2019-12-17 00:00:00-05:00,39.88999938964844,40.38999938964844,39.52000045776367,39.54999923706055,36.953041076660156,2722000,0.12,0.0
2019-12-18 00:00:00-05:00,39.619998931884766,39.849998474121094,38.709999084472656,38.91999816894531,36.36441421508789,4878800,0.0,0.0
2019-12-19 00:00:00-05:00,38.79999923706055,39.119998931884766,38.310001373291016,38.599998474121094,36.065433502197266,6158400,0.0,0.0
2019-12-20 00:00:00-05:00,38.72999954223633,39.68000030517578,38.59000015258789,39.619998931884766,37.018455505371094,7644900,0.0,0.0
2019-12-23 00:00:00-05:00,39.630001068115234,39.7599983215332,38.810001373291016,38.900001525878906,36.345726013183594,2155400,0.0,0.0
2019-12-24 00:00:00-05:00,39.0,39.279998779296875,38.95000076293945,39.150001525878906,36.579315185546875,1346400,0.0,0.0
2019-12-26 00:00:00-05:00,39.209999084472656,39.290000915527344,38.72999954223633,38.97999954223633,36.42048263549805,1891600,0.0,0.0
2019-12-27 00:00:00-05:00,39.130001068115234,39.130001068115234,38.66999816894531,38.790000915527344,36.24296188354492,2053400,0.0,0.0
2019-12-30 00:00:00-05:00,38.70000076293945,38.86000061035156,38.400001525878906,38.79999923706055,36.25230407714844,1625900,0.0,0.0
2019-12-31 00:00:00-05:00,38.61000061035156,38.939998626708984,38.59000015258789,38.79999923706055,36.25230407714844,1838900,0.0,0.0
2020-01-02 00:00:00-05:00,38.869998931884766,38.97999954223633,38.33000183105469,38.68000030517578,36.14017868041992,2049300,0.0,0.0
2020-01-03 00:00:00-05:00,38.4900016784668,39.08000183105469,38.310001373291016,39.02000045776367,36.457855224609375,2607200,0.0,0.0
2020-01-06 00:00:00-05:00,39.099998474121094,39.56999969482422,39.0,39.310001373291016,36.728816986083984,2145700,0.0,0.0
2020-01-07 00:00:00-05:00,39.52000045776367,39.810001373291016,39.20000076293945,39.56999969482422,36.971736907958984,4916900,0.0,0.0
2020-01-08 00:00:00-05:00,40.130001068115234,40.47999954223633,39.91999816894531,39.93000030517578,37.30809783935547,5464200,0.0,0.0
2020-01-09 00:00:00-05:00,40.0,40.22999954223633,39.56999969482422,39.810001373291016,37.195980072021484,3737700,0.0,0.0
2020-01-10 00:00:00-05:00,39.54999923706055,40.41999816894531,39.400001525878906,39.9900016784668,37.36416244506836,3008500,0.0,0.0
2020-01-13 00:00:00-05:00,39.970001220703125,40.470001220703125,39.959999084472656,40.43000030517578,37.7752685546875,2988400,0.0,0.0
2020-01-14 00:00:00-05:00,40.5,41.040000915527344,40.40999984741211,40.939998626708984,38.251773834228516,3172400,0.0,0.0
2020-01-15 00:00:00-05:00,41.0,41.599998474121094,40.84000015258789,41.310001373291016,38.59748458862305,2735800,0.0,0.0
2020-01-16 00:00:00-05:00,41.43000030517578,41.7400016784668,41.310001373291016,41.65999984741211,38.924503326416016,2037700,0.0,0.0
2020-01-17 00:00:00-05:00,41.88999938964844,42.220001220703125,41.70000076293945,41.790000915527344,39.045963287353516,2322500,0.0,0.0
2020-01-21 00:00:00-05:00,41.869998931884766,42.650001525878906,41.7599983215332,42.540000915527344,39.74671936035156,3415800,0.0,0.0
2020-01-22 00:00:00-05:00,42.619998931884766,43.189998626708984,42.279998779296875,42.880001068115234,40.06439208984375,2588000,0.0,0.0
2020-01-23 00:00:00-05:00,42.91999816894531,44.15999984741211,42.88999938964844,43.849998474121094,40.970699310302734,3867300,0.0,0.0
2020-01-24 00:00:00-05:00,43.959999084472656,44.31999969482422,43.47999954223633,43.709999084472656,40.83989715576172,4147400,0.0,0.0
2020-01-27 00:00:00-05:00,43.349998474121094,44.45000076293945,43.29999923706055,44.29999923706055,41.39115905761719,5233300,0.0,0.0
2020-01-28 00:00:00-05:00,45.31999969482422,47.29999923706055,44.09000015258789,46.84000015258789,43.764366149902344,9197100,0.0,0.0
2020-01-29 00:00:00-05:00,47.0,47.11000061035156,44.849998474121094,46.0099983215332,42.98887252807617,5995300,0.0,0.0
2020-01-30 00:00:00-05:00,46.0,46.40999984741211,45.459999084472656,45.68000030517578,42.6805305480957,3302700,0.0,0.0
2020-01-31 00:00:00-05:00,45.880001068115234,46.060001373291016,44.58000183105469,44.650001525878906,41.71817398071289,4180000,0.0,0.0
2020-02-03 00:00:00-05:00,44.79999923706055,45.08000183105469,44.52000045776367,44.65999984741211,41.72749710083008,2816000,0.0,0.0
2020-02-04 00:00:00-05:00,44.79999923706055,44.90999984741211,44.060001373291016,44.08000183105469,41.185604095458984,4343900,0.0,0.0
2020-02-05 00:00:00-05:00,44.09000015258789,45.290000915527344,43.720001220703125,45.27000045776367,42.29746627807617,2974000,0.0,0.0
2020-02-06 00:00:00-05:00,45.61000061035156,45.90999984741211,45.2599983215332,45.4900016784668,42.503013610839844,3720100,0.0,0.0
2020-02-07 00:00:00-05:00,45.72999954223633,46.33000183105469,45.5099983215332,46.099998474121094,43.072959899902344,3333900,0.0,0.0
2020-02-10 00:00:00-05:00,46.310001373291016,46.7400016784668,46.25,46.65999984741211,43.59619140625,2163500,0.0,0.0
2020-02-11 00:00:00-05:00,46.66999816894531,47.150001525878906,46.369998931884766,46.97999954223633,43.89517593383789,2358700,0.0,0.0
2020-02-12 00:00:00-05:00,46.93000030517578,47.16999816894531,46.36000061035156,46.70000076293945,43.633548736572266,1986400,0.0,0.0
2020-02-13 00:00:00-05:00,46.5,47.0099983215332,46.38999938964844,46.689998626708984,43.624229431152344,2796800,0.0,0.0
2020-02-14 00:00:00-05:00,46.959999084472656,47.0,46.38999938964844,46.689998626708984,43.624229431152344,1854100,0.0,0.0
2020-02-18 00:00:00-05:00,46.439998626708984,47.02000045776367,46.25,46.650001525878906,43.58685302734375,2382600,0.0,0.0
2020-02-19 00:00:00-05:00,47.06999969482422,47.369998931884766,46.52000045776367,46.54999923706055,43.49341583251953,3037000,0.0,0.0
2020-02-20 00:00:00-05:00,46.47999954223633,46.81999969482422,45.77000045776367,46.66999816894531,43.60553741455078,4012200,0.0,0.0
2020-02-21 00:00:00-05:00,46.70000076293945,47.119998931884766,46.380001068115234,46.40999984741211,43.36259078979492,2104400,0.0,0.0
2020-02-24 00:00:00-05:00,45.599998474121094,46.0,45.130001068115234,45.25,42.278785705566406,3154900,0.0,0.0
2020-02-25 00:00:00-05:00,45.279998779296875,45.38999938964844,43.34000015258789,43.349998474121094,40.5035400390625,2929700,0.0,0.0
2020-02-26 00:00:00-05:00,42.66999816894531,43.75,41.93000030517578,42.06999969482422,39.30759048461914,4577300,0.0,0.0
2020-02-27 00:00:00-05:00,41.45000076293945,43.33000183105469,40.90999984741211,41.7400016784668,38.99925231933594,4835600,0.0,0.0
2020-02-28 00:00:00-05:00,40.56999969482422,41.5,39.11000061035156,40.20000076293945,37.56037902832031,9512700,0.0,0.0
2020-03-02 00:00:00-05:00,40.4900016784668,41.7400016784668,39.63999938964844,41.54999923706055,38.82173538208008,5879100,0.0,0.0
2020-03-03 00:00:00-05:00,42.0,43.45000076293945,41.189998626708984,42.189998626708984,39.41971206665039,5791900,0.0,0.0
2020-03-04 00:00:00-05:00,42.77000045776367,44.4900016784668,42.77000045776367,44.41999816894531,41.50328826904297,6005600,0.0,0.0
2020-03-05 00:00:00-05:00,43.59000015258789,44.130001068115234,42.630001068115234,42.959999084472656,40.1391487121582,4308200,0.0,0.0
2020-03-06 00:00:00-05:00,41.36000061035156,42.029998779296875,40.310001373291016,41.5,38.77500915527344,4006800,0.0,0.0
2020-03-09 00:00:00-04:00,38.9900016784668,39.709999084472656,36.86000061035156,38.630001068115234,36.09346008300781,5384600,0.0,0.0
2020-03-10 00:00:00-04:00,39.560001373291016,40.09000015258789,37.52000045776367,39.630001068115234,37.02779769897461,4085800,0.0,0.0
2020-03-11 00:00:00-04:00,38.38999938964844,38.65999984741211,35.290000915527344,35.34000015258789,33.01948928833008,6645200,0.0,0.0
2020-03-12 00:00:00-04:00,32.59000015258789,32.93000030517578,28.530000686645508,30.489999771118164,28.585012435913086,6071400,0.12,0.0
2020-03-13 00:00:00-04:00,32.06999969482422,32.689998626708984,28.59000015258789,30.530000686645508,28.622516632080078,6548800,0.0,0.0
2020-03-16 00:00:00-04:00,23.399999618530273,25.420000076293945,23.399999618530273,24.079999923706055,22.57550811767578,6508800,0.0,0.0
2020-03-17 00:00:00-04:00,24.59000015258789,25.100000381469727,21.84000015258789,23.09000015258789,21.647361755371094,7899000,0.0,0.0
2020-03-18 00:00:00-04:00,20.920000076293945,21.8700008392334,17.510000228881836,19.459999084472656,18.24415397644043,8763600,0.0,0.0
2020-03-19 00:00:00-04:00,19.170000076293945,21.450000762939453,18.200000762939453,19.530000686645508,18.30978012084961,7297300,0.0,0.0
2020-03-20 00:00:00-04:00,20.030000686645508,21.049999237060547,19.0,19.770000457763672,18.5347900390625,11935400,0.0,0.0
2020-03-23 00:00:00-04:00,18.850000381469727,19.5,17.1200008392334,17.739999771118164,16.631624221801758,10710800,0.0,0.0
2020-03-24 00:00:00-04:00,19.030000686645508,22.489999771118164,18.969999313354492,22.079999923706055,20.70046043395996,6022400,0.0,0.0
2020-03-25 00:00:00-04:00,22.639999389648438,25.200000762939453,21.68000030517578,24.219999313354492,22.706758499145508,6806400,0.0,0.0
2020-03-26 00:00:00-04:00,24.719999313354492,25.850000381469727,24.1200008392334,25.709999084472656,24.10366439819336,5366400,0.0,0.0
2020-03-27 00:00:00-04:00,24.510000228881836,25.719999313354492,23.81999969482422,24.520000457763672,22.988014221191406,5583100,0.0,0.0
2020-03-30 00:00:00-04:00,24.1299991607666,24.299999237060547,22.850000381469727,23.760000228881836,22.27549934387207,3817900,0.0,0.0
2020-03-31 00:00:00-04:00,23.440000534057617,23.6200008392334,22.15999984741211,22.31999969482422,20.92546844482422,5156000,0.0,0.0
2020-04-01 00:00:00-04:00,20.889999389648438,21.3799991607666,20.549999237060547,20.799999237060547,19.500436782836914,6250400,0.0,0.0
2020-04-02 00:00:00-04:00,20.600000381469727,21.270000457763672,19.3700008392334,19.790000915527344,18.553544998168945,6392500,0.0,0.0
2020-04-03 00:00:00-04:00,19.5,19.93000030517578,18.280000686645508,18.920000076293945,17.737897872924805,5619200,0.0,0.0
2020-04-06 00:00:00-04:00,20.690000534057617,21.93000030517578,20.15999984741211,21.700000762939453,20.344207763671875,4930200,0.0,0.0
2020-04-07 00:00:00-04:00,23.56999969482422,24.40999984741211,22.399999618530273,23.030000686645508,21.59111213684082,7934800,0.0,0.0
2020-04-08 00:00:00-04:00,23.59000015258789,25.799999237060547,23.139999389648438,25.520000457763672,23.925535202026367,5948300,0.0,0.0
2020-04-09 00:00:00-04:00,26.829999923706055,27.889999389648438,25.889999389648438,26.34000015258789,24.694303512573242,4015600,0.0,0.0
2020-04-13 00:00:00-04:00,26.040000915527344,26.139999389648438,23.989999771118164,24.799999237060547,23.250518798828125,4543600,0.0,0.0
2020-04-14 00:00:00-04:00,25.6200008392334,26.100000381469727,24.739999771118164,25.68000030517578,24.07553482055664,4546100,0.0,0.0
2020-04-15 00:00:00-04:00,24.350000381469727,24.579999923706055,23.559999465942383,23.8799991607666,22.388004302978516,4162000,0.0,0.0
2020-04-16 00:00:00-04:00,23.90999984741211,24.670000076293945,23.450000762939453,24.270000457763672,22.753637313842773,5155800,0.0,0.0
2020-04-17 00:00:00-04:00,25.510000228881836,26.579999923706055,24.979999542236328,25.520000457763672,23.925535202026367,5347400,0.0,0.0
2020-04-20 00:00:00-04:00,24.59000015258789,25.100000381469727,23.979999542236328,24.309999465942383,22.7911319732666,5504200,0.0,0.0
2020-04-21 00:00:00-04:00,23.5,24.729999542236328,23.31999969482422,24.18000030517578,22.66925811767578,4602800,0.0,0.0
2020-04-22 00:00:00-04:00,24.90999984741211,25.049999237060547,24.0,24.06999969482422,22.566129684448242,3758000,0.0,0.0
2020-04-23 00:00:00-04:00,23.329999923706055,25.15999984741211,23.18000030517578,23.8700008392334,22.37862777709961,4055900,0.0,0.0
2020-04-24 00:00:00-04:00,24.030000686645508,25.860000610351562,24.030000686645508,25.639999389648438,24.038040161132812,5020200,0.0,0.0
2020-04-27 00:00:00-04:00,26.030000686645508,27.5,25.8700008392334,27.239999771118164,25.538074493408203,4389100,0.0,0.0
2020-04-28 00:00:00-04:00,28.989999771118164,30.040000915527344,28.440000534057617,28.989999771118164,27.17873764038086,8080400,0.0,0.0
2020-04-29 00:00:00-04:00,29.860000610351562,30.829999923706055,29.84000015258789,30.290000915527344,28.397518157958984,5873500,0.0,0.0
2020-04-30 00:00:00-04:00,29.469999313354492,29.489999771118164,28.030000686645508,28.270000457763672,26.503721237182617,6142600,0.0,0.0
2020-05-01 00:00:00-04:00,27.40999984741211,27.780000686645508,26.729999542236328,27.239999771118164,25.538074493408203,4073300,0.0,0.0
2020-05-04 00:00:00-04:00,26.709999084472656,27.56999969482422,26.209999084472656,27.270000457763672,25.56619644165039,4278100,0.0,0.0
2020-05-05 00:00:00-04:00,27.790000915527344,28.3799991607666,27.559999465942383,27.799999237060547,26.063091278076172,3770200,0.0,0.0
2020-05-06 00:00:00-04:00,27.950000762939453,28.229999542236328,27.209999084472656,27.6299991607666,25.903705596923828,3914200,0.0,0.0
2020-05-07 00:00:00-04:00,28.1299991607666,28.670000076293945,27.90999984741211,28.18000030517578,26.419340133666992,4517300,0.0,0.0
2020-05-08 00:00:00-04:00,28.84000015258789,30.09000015258789,28.469999313354492,29.8799991607666,28.013124465942383,3169900,0.0,0.0
2020-05-11 00:00:00-04:00,29.200000762939453,29.979999542236328,28.540000915527344,29.420000076293945,27.581871032714844,3847200,0.0,0.0
2020-05-12 00:00:00-04:00,29.5,29.65999984741211,28.030000686645508,28.09000015258789,26.33496856689453,3491200,0.0,0.0
2020-05-13 00:00:00-04:00,27.850000381469727,27.850000381469727,26.520000457763672,27.18000030517578,25.481822967529297,5381900,0.0,0.0
2020-05-14 00:00:00-04:00,26.540000915527344,27.709999084472656,26.100000381469727,27.59000015258789,25.8662052154541,4253300,0.0,0.0
2020-05-15 00:00:00-04:00,27.09000015258789,28.010000228881836,26.739999771118164,27.719999313354492,25.988080978393555,2742600,0.0,0.0
2020-05-18 00:00:00-04:00,29.3700008392334,31.469999313354492,29.18000030517578,31.1299991607666,29.185028076171875,4504000,0.0,0.0
2020-05-19 00:00:00-04:00,30.979999542236328,32.40999984741211,30.299999237060547,31.389999389648438,29.428787231445312,3986000,0.0,0.0
2020-05-20 00:00:00-04:00,31.959999084472656,32.400001525878906,30.860000610351562,31.43000030517578,29.46628761291504,5138100,0.0,0.0
2020-05-21 00:00:00-04:00,31.299999237060547,32.93000030517578,31.270000457763672,32.689998626708984,30.647558212280273,4504700,0.0,0.0
2020-05-22 00:00:00-04:00,33.0099983215332,33.560001373291016,32.38999938964844,33.310001373291016,31.228830337524414,2785800,0.0,0.0
2020-05-26 00:00:00-04:00,35.0,35.41999816894531,34.150001525878906,34.34000015258789,32.19447708129883,4616100,0.0,0.0
2020-05-27 00:00:00-04:00,35.470001220703125,36.47999954223633,34.459999084472656,36.45000076293945,34.172645568847656,3947500,0.0,0.0
2020-05-28 00:00:00-04:00,36.90999984741211,37.099998474121094,34.220001220703125,34.40999984741211,32.26010513305664,3688500,0.0,0.0
2020-05-29 00:00:00-04:00,34.11000061035156,35.15999984741211,33.63999938964844,33.970001220703125,31.847585678100586,5710700,0.0,0.0
2020-06-01 00:00:00-04:00,34.150001525878906,35.31999969482422,33.81999969482422,34.33000183105469,32.18510055541992,2794600,0.0,0.0
2020-06-02 00:00:00-04:00,34.400001525878906,34.880001068115234,34.25,34.75,32.5788688659668,2349100,0.0,0.0
2020-06-03 00:00:00-04:00,35.41999816894531,36.20000076293945,35.08000183105469,35.97999954223633,33.731998443603516,2818100,0.0,0.0
2020-06-04 00:00:00-04:00,35.650001525878906,36.5,34.810001373291016,35.0099983215332,32.82261657714844,3760600,0.0,0.0
2020-06-05 00:00:00-04:00,36.77000045776367,37.4900016784668,36.0099983215332,36.720001220703125,34.42577362060547,4512800,0.0,0.0
2020-06-08 00:00:00-04:00,37.31999969482422,38.77000045776367,36.189998626708984,36.66999816894531,34.37889099121094,3074100,0.0,0.0
2020-06-09 00:00:00-04:00,35.970001220703125,36.439998626708984,35.560001373291016,35.84000015258789,33.600746154785156,3430400,0.0,0.0
2020-06-10 00:00:00-04:00,35.709999084472656,36.91999816894531,34.720001220703125,36.31999969482422,34.05076599121094,4812400,0.0,0.0
2020-06-11 00:00:00-04:00,34.529998779296875,35.220001220703125,32.900001525878906,32.90999984741211,30.95609474182129,4235100,0.12,0.0
2020-06-12 00:00:00-04:00,34.540000915527344,35.13999938964844,32.849998474121094,33.88999938964844,31.87791633605957,4470100,0.0,0.0
2020-06-15 00:00:00-04:00,32.63999938964844,35.84000015258789,32.45000076293945,35.720001220703125,33.59925842285156,4542000,0.0,0.0
2020-06-16 00:00:00-04:00,37.38999938964844,37.52000045776367,35.40999984741211,36.529998779296875,34.361175537109375,4478500,0.0,0.0
2020-06-17 00:00:00-04:00,36.90999984741211,37.18000030517578,36.20000076293945,36.400001525878906,34.2388916015625,2829700,0.0,0.0
2020-06-18 00:00:00-04:00,35.90999984741211,36.5,35.529998779296875,35.61000061035156,33.49579620361328,2443900,0.0,0.0
2020-06-19 00:00:00-04:00,36.5,36.5,34.459999084472656,34.66999816894531,32.611595153808594,4743300,0.0,0.0
2020-06-22 00:00:00-04:00,34.540000915527344,35.16999816894531,34.040000915527344,35.06999969482422,32.987857818603516,3043100,0.0,0.0
2020-06-23 00:00:00-04:00,35.61000061035156,35.72999954223633,34.63999938964844,35.119998931884766,33.03488540649414,2292100,0.0,0.0
2020-06-24 00:00:00-04:00,34.619998931884766,34.65999984741211,32.7400016784668,33.84000015258789,31.830881118774414,3443500,0.0,0.0
2020-06-25 00:00:00-04:00,32.86000061035156,33.54999923706055,31.8799991607666,32.58000183105469,30.64569091796875,6406600,0.0,0.0
2020-06-26 00:00:00-04:00,32.34000015258789,32.4900016784668,31.84000015258789,31.93000030517578,30.03427505493164,4902900,0.0,0.0
2020-06-29 00:00:00-04:00,32.25,33.849998474121094,31.549999237060547,33.5,31.511062622070312,3029900,0.0,0.0
2020-06-30 00:00:00-04:00,33.599998474121094,34.25,33.04999923706055,34.029998779296875,32.00959396362305,2609300,0.0,0.0
2020-07-01 00:00:00-04:00,34.16999816894531,34.2599983215332,32.959999084472656,32.97999954223633,31.02193832397461,3022800,0.0,0.0
2020-07-02 00:00:00-04:00,33.72999954223633,34.130001068115234,32.720001220703125,32.880001068115234,30.92786979675293,2497600,0.0,0.0
2020-07-06 00:00:00-04:00,33.70000076293945,34.31999969482422,33.43000030517578,34.099998474121094,32.075443267822266,2749000,0.0,0.0
2020-07-07 00:00:00-04:00,33.630001068115234,34.5099983215332,33.58000183105469,33.91999816894531,31.906126022338867,4111000,0.0,0.0
2020-07-08 00:00:00-04:00,34.18000030517578,35.52000045776367,34.029998779296875,35.27000045776367,33.175987243652344,3366800,0.0,0.0
2020-07-09 00:00:00-04:00,35.529998779296875,35.599998474121094,33.630001068115234,33.880001068115234,31.868507385253906,3110900,0.0,0.0
2020-07-10 00:00:00-04:00,34.06999969482422,35.060001373291016,33.9900016784668,35.0099983215332,32.931419372558594,2602700,0.0,0.0
2020-07-13 00:00:00-04:00,35.150001525878906,35.47999954223633,33.86000061035156,33.88999938964844,31.87791633605957,3319900,0.0,0.0
2020-07-14 00:00:00-04:00,33.7400016784668,35.4900016784668,33.709999084472656,35.45000076293945,33.34528732299805,2869100,0.0,0.0
2020-07-15 00:00:00-04:00,36.47999954223633,36.529998779296875,35.2400016784668,36.18000030517578,34.031944274902344,2809100,0.0,0.0
2020-07-16 00:00:00-04:00,35.97999954223633,37.0,35.63999938964844,36.75,34.5681037902832,3297300,0.0,0.0
2020-07-17 00:00:00-04:00,37.47999954223633,37.939998626708984,36.970001220703125,37.29999923706055,35.085453033447266,4351600,0.0,0.0
2020-07-20 00:00:00-04:00,37.15999984741211,37.810001373291016,36.72999954223633,37.58000183105469,35.348838806152344,3881200,0.0,0.0
2020-07-21 00:00:00-04:00,37.04999923706055,37.880001068115234,36.77000045776367,37.70000076293945,35.46171188354492,3043300,0.0,0.0
2020-07-22 00:00:00-04:00,37.959999084472656,39.7400016784668,37.709999084472656,39.439998626708984,37.0984001159668,4099300,0.0,0.0
2020-07-23 00:00:00-04:00,41.91999816894531,43.9900016784668,40.7400016784668,41.290000915527344,38.838565826416016,9080800,0.0,0.0
2020-07-24 00:00:00-04:00,41.779998779296875,42.90999984741211,40.70000076293945,42.619998931884766,40.08959197998047,5236100,0.0,0.0
2020-07-27 00:00:00-04:00,43.380001068115234,44.400001525878906,42.56999969482422,44.2400016784668,41.6134147644043,4976400,0.0,0.0
2020-07-28 00:00:00-04:00,44.54999923706055,44.97999954223633,43.43000030517578,43.4900016784668,40.9079475402832,4662200,0.0,0.0
2020-07-29 00:00:00-04:00,43.65999984741211,44.7400016784668,43.619998931884766,44.70000076293945,42.04609680175781,2752900,0.0,0.0
2020-07-30 00:00:00-04:00,43.869998931884766,44.38999938964844,43.470001220703125,43.869998931884766,41.26537322998047,2245000,0.0,0.0
2020-07-31 00:00:00-04:00,43.869998931884766,43.869998931884766,42.5099983215332,43.599998474121094,41.01141357421875,2696400,0.0,0.0
2020-08-03 00:00:00-04:00,43.869998931884766,44.63999938964844,43.59000015258789,44.029998779296875,41.4158821105957,2261900,0.0,0.0
2020-08-04 00:00:00-04:00,43.849998474121094,44.369998931884766,43.619998931884766,44.13999938964844,41.51935577392578,2358400,0.0,0.0
2020-08-05 00:00:00-04:00,44.290000915527344,44.7599983215332,43.84000015258789,44.5099983215332,41.86738204956055,1895700,0.0,0.0
2020-08-06 00:00:00-04:00,44.45000076293945,44.95000076293945,44.2599983215332,44.720001220703125,42.064918518066406,1830000,0.0,0.0
2020-08-07 00:00:00-04:00,44.220001220703125,44.619998931884766,43.56999969482422,44.2599983215332,41.632225036621094,2446400,0.0,0.0
2020-08-10 00:00:00-04:00,44.47999954223633,46.15999984741211,44.209999084472656,45.15999984741211,42.478797912597656,3426400,0.0,0.0
2020-08-11 00:00:00-04:00,45.63999938964844,46.060001373291016,44.150001525878906,44.369998931884766,41.7357063293457,3295000,0.0,0.0
2020-08-12 00:00:00-04:00,44.7400016784668,45.75,44.349998474121094,45.439998626708984,42.74216842651367,2288500,0.0,0.0
2020-08-13 00:00:00-04:00,45.22999954223633,45.84000015258789,44.59000015258789,45.52000045776367,42.817420959472656,2281800,0.0,0.0
2020-08-14 00:00:00-04:00,45.15999984741211,45.25,44.79999923706055,45.06999969482422,42.39413833618164,2200800,0.0,0.0
2020-08-17 00:00:00-04:00,45.349998474121094,46.65999984741211,45.20000076293945,46.43000030517578,43.67339324951172,3461500,0.0,0.0
2020-08-18 00:00:00-04:00,47.43000030517578,47.43000030517578,46.470001220703125,46.61000061035156,43.84270477294922,3209900,0.0,0.0
2020-08-19 00:00:00-04:00,46.34000015258789,46.599998474121094,45.75,46.16999816894531,43.428829193115234,2003500,0.0,0.0
2020-08-20 00:00:00-04:00,45.709999084472656,46.880001068115234,45.54999923706055,46.34000015258789,43.58873748779297,2132500,0.0,0.0
2020-08-21 00:00:00-04:00,46.369998931884766,47.63999938964844,46.18000030517578,47.47999954223633,44.661048889160156,2006300,0.0,0.0
2020-08-24 00:00:00-04:00,47.59000015258789,47.900001525878906,46.88999938964844,47.619998931884766,44.79273986816406,2095100,0.0,0.0
2020-08-25 00:00:00-04:00,48.0,48.0,46.540000915527344,47.18000030517578,44.37887191772461,2174500,0.0,0.0
2020-08-26 00:00:00-04:00,47.2400016784668,47.38999938964844,46.25,46.290000915527344,43.541709899902344,2369500,0.0,0.0
2020-08-27 00:00:00-04:00,46.59000015258789,47.0,45.72999954223633,45.75,43.03376007080078,2794300,0.0,0.0
2020-08-28 00:00:00-04:00,46.02000045776367,46.41999816894531,45.189998626708984,45.31999969482422,42.629302978515625,2356600,0.0,0.0
2020-08-31 00:00:00-04:00,45.470001220703125,45.470001220703125,44.209999084472656,44.59000015258789,41.94264221191406,2451300,0.0,0.0
2020-09-01 00:00:00-04:00,44.529998779296875,46.060001373291016,44.27000045776367,46.04999923706055,43.31596374511719,2325300,0.0,0.0
2020-09-02 00:00:00-04:00,46.290000915527344,46.41999816894531,44.7599983215332,46.13999938964844,43.40062713623047,1854600,0.0,0.0
2020-09-03 00:00:00-04:00,46.15999984741211,46.27000045776367,43.66999816894531,44.189998626708984,41.56638717651367,2416800,0.0,0.0
2020-09-04 00:00:00-04:00,44.45000076293945,44.93000030517578,42.18000030517578,43.209999084472656,40.64457321166992,2922900,0.0,0.0
2020-09-08 00:00:00-04:00,42.59000015258789,44.310001373291016,42.310001373291016,43.189998626708984,40.625755310058594,3022300,0.0,0.0
2020-09-09 00:00:00-04:00,43.7400016784668,45.0,43.459999084472656,44.599998474121094,41.95204544067383,2769500,0.0,0.0
2020-09-10 00:00:00-04:00,44.86000061035156,45.47999954223633,44.209999084472656,44.5,41.85798645019531,1921700,0.0,0.0
2020-09-11 00:00:00-04:00,44.79999923706055,45.529998779296875,44.70000076293945,45.29999923706055,42.61048126220703,1993000,0.0,0.0
2020-09-14 00:00:00-04:00,45.83000183105469,45.869998931884766,44.93000030517578,45.66999816894531,42.958518981933594,2166800,0.0,0.0
2020-09-15 00:00:00-04:00,45.560001373291016,46.380001068115234,44.959999084472656,45.04999923706055,42.375328063964844,2442500,0.0,0.0
2020-09-16 00:00:00-04:00,45.619998931884766,47.18000030517578,45.400001525878906,46.720001220703125,43.946170806884766,2525700,0.0,0.0
2020-09-17 00:00:00-04:00,45.90999984741211,46.40999984741211,45.040000915527344,45.459999084472656,42.760990142822266,2211700,0.0,0.0
2020-09-18 00:00:00-04:00,45.220001220703125,45.90999984741211,44.439998626708984,44.97999954223633,42.42145919799805,5646300,0.12,0.0
2020-09-21 00:00:00-04:00,43.9900016784668,44.689998626708984,43.2400016784668,44.61000061035156,42.072509765625,2571900,0.0,0.0
2020-09-22 00:00:00-04:00,44.779998779296875,45.939998626708984,44.470001220703125,45.869998931884766,43.26084518432617,2282200,0.0,0.0
2020-09-23 00:00:00-04:00,45.88999938964844,46.209999084472656,43.779998779296875,43.84000015258789,41.3463134765625,2025100,0.0,0.0
2020-09-24 00:00:00-04:00,43.79999923706055,45.02000045776367,42.959999084472656,44.349998474121094,41.827301025390625,2040600,0.0,0.0
2020-09-25 00:00:00-04:00,43.86000061035156,44.33000183105469,43.33000183105469,44.0099983215332,41.50663757324219,1207600,0.0,0.0
2020-09-28 00:00:00-04:00,44.939998626708984,45.81999969482422,44.56999969482422,45.7599983215332,43.157100677490234,1561600,0.0,0.0
2020-09-29 00:00:00-04:00,46.18000030517578,46.36000061035156,45.060001373291016,45.27000045776367,42.69497299194336,1828000,0.0,0.0
2020-09-30 00:00:00-04:00,45.720001220703125,47.060001373291016,45.5099983215332,46.290000915527344,43.65695571899414,4560300,0.0,0.0
2020-10-01 00:00:00-04:00,46.849998474121094,47.4900016784668,45.970001220703125,47.459999084472656,44.7603874206543,2849000,0.0,0.0
2020-10-02 00:00:00-04:00,46.52000045776367,47.79999923706055,46.470001220703125,47.529998779296875,44.826412200927734,2003900,0.0,0.0
2020-10-05 00:00:00-04:00,47.619998931884766,48.310001373291016,46.540000915527344,47.720001220703125,45.005611419677734,2564700,0.0,0.0
2020-10-06 00:00:00-04:00,47.720001220703125,48.02000045776367,46.38999938964844,46.619998931884766,43.968170166015625,2019200,0.0,0.0
2020-10-07 00:00:00-04:00,47.38999938964844,47.970001220703125,46.849998474121094,47.130001068115234,44.44917678833008,1619800,0.0,0.0
2020-10-08 00:00:00-04:00,48.16999816894531,49.290000915527344,47.9900016784668,48.970001220703125,46.18450927734375,2694500,0.0,0.0
2020-10-09 00:00:00-04:00,49.310001373291016,49.70000076293945,48.65999984741211,48.97999954223633,46.19393539428711,1870900,0.0,0.0
2020-10-12 00:00:00-04:00,49.33000183105469,49.56999969482422,48.58000183105469,49.47999954223633,46.66550827026367,2075600,0.0,0.0
2020-10-13 00:00:00-04:00,48.7400016784668,48.939998626708984,47.79999923706055,48.369998931884766,45.6186408996582,2116400,0.0,0.0
2020-10-14 00:00:00-04:00,48.689998626708984,48.91999816894531,48.0,48.279998779296875,45.53375244140625,1760800,0.0,0.0
2020-10-15 00:00:00-04:00,47.59000015258789,49.06999969482422,47.5099983215332,48.900001525878906,46.118492126464844,1454700,0.0,0.0
2020-10-16 00:00:00-04:00,48.91999816894531,49.58000183105469,47.619998931884766,47.75,45.033905029296875,2577400,0.0,0.0
2020-10-19 00:00:00-04:00,48.0,48.31999969482422,45.97999954223633,46.41999816894531,43.77955627441406,3243300,0.0,0.0
2020-10-20 00:00:00-04:00,46.880001068115234,47.56999969482422,46.439998626708984,46.97999954223633,44.307708740234375,3063300,0.0,0.0
2020-10-21 00:00:00-04:00,46.880001068115234,46.95000076293945,44.79999923706055,45.2400016784668,42.66667556762695,4187700,0.0,0.0
2020-10-22 00:00:00-04:00,44.11000061035156,45.27000045776367,42.06999969482422,42.63999938964844,40.21455764770508,6130100,0.0,0.0
2020-10-23 00:00:00-04:00,43.41999816894531,44.099998474121094,42.77000045776367,43.9900016784668,41.4877815246582,4583500,0.0,0.0
2020-10-26 00:00:00-04:00,44.060001373291016,44.25,41.90999984741211,42.40999984741211,39.997650146484375,3475100,0.0,0.0
2020-10-27 00:00:00-04:00,42.34000015258789,42.810001373291016,40.93000030517578,41.33000183105469,38.97907638549805,3401700,0.0,0.0
2020-10-28 00:00:00-04:00,40.31999969482422,42.45000076293945,39.91999816894531,41.939998626708984,39.55438995361328,3712600,0.0,0.0
2020-10-29 00:00:00-04:00,42.15999984741211,42.540000915527344,40.959999084472656,41.40999984741211,39.054534912109375,2088400,0.0,0.0
2020-10-30 00:00:00-04:00,41.25,41.900001525878906,40.5,40.7599983215332,38.44150161743164,2835800,0.0,0.0
2020-11-02 00:00:00-05:00,41.650001525878906,42.439998626708984,41.130001068115234,42.150001525878906,39.75243377685547,2974500,0.0,0.0
2020-11-03 00:00:00-05:00,42.650001525878906,43.439998626708984,42.15999984741211,43.150001525878906,40.69556427001953,2895700,0.0,0.0
2020-11-04 00:00:00-05:00,44.189998626708984,47.13999938964844,44.08000183105469,46.31999969482422,43.68524169921875,4171600,0.0,0.0
2020-11-05 00:00:00-05:00,46.59000015258789,47.15999984741211,45.70000076293945,46.02000045776367,43.402313232421875,2332400,0.0,0.0
2020-11-06 00:00:00-05:00,45.939998626708984,45.939998626708984,43.88999938964844,44.11000061035156,41.6009521484375,2083100,0.0,0.0
2020-11-09 00:00:00-05:00,44.16999816894531,44.91999816894531,40.54999923706055,40.63999938964844,38.328330993652344,4777500,0.0,0.0
2020-11-10 00:00:00-05:00,41.529998779296875,42.79999923706055,40.599998474121094,42.56999969482422,40.14854049682617,5152000,0.0,0.0
2020-11-11 00:00:00-05:00,42.75,42.88999938964844,42.11000061035156,42.81999969482422,40.38432312011719,2457000,0.0,0.0
2020-11-12 00:00:00-05:00,42.720001220703125,43.66999816894531,41.310001373291016,41.709999084472656,39.337467193603516,2742000,0.0,0.0
2020-11-13 00:00:00-05:00,42.06999969482422,43.33000183105469,41.790000915527344,42.93000030517578,40.488075256347656,2180700,0.0,0.0
2020-11-16 00:00:00-05:00,43.11000061035156,43.189998626708984,41.88999938964844,42.869998931884766,40.43146514892578,3381600,0.0,0.0
2020-11-17 00:00:00-05:00,42.79999923706055,43.779998779296875,42.369998931884766,43.0099983215332,40.563514709472656,2710300,0.0,0.0
2020-11-18 00:00:00-05:00,43.02000045776367,44.38999938964844,42.83000183105469,43.72999954223633,41.2425651550293,2501100,0.0,0.0
2020-11-19 00:00:00-05:00,44.209999084472656,44.75,43.02000045776367,43.630001068115234,41.14825439453125,3505200,0.0,0.0
2020-11-20 00:00:00-05:00,43.81999969482422,44.18000030517578,43.36000061035156,43.66999816894531,41.18597412109375,2805500,0.0,0.0
2020-11-23 00:00:00-05:00,43.9900016784668,45.369998931884766,43.720001220703125,45.189998626708984,42.619510650634766,1893100,0.0,0.0
2020-11-24 00:00:00-05:00,45.52000045776367,45.68000030517578,43.72999954223633,43.97999954223633,41.47834014892578,2601200,0.0,0.0
2020-11-25 00:00:00-05:00,44.25,44.939998626708984,43.83000183105469,44.61000061035156,42.072509765625,1953300,0.0,0.0
2020-11-27 00:00:00-05:00,44.310001373291016,45.029998779296875,44.11000061035156,44.36000061035156,41.83673095703125,1356200,0.0,0.0
2020-11-30 00:00:00-05:00,44.31999969482422,44.619998931884766,42.779998779296875,43.630001068115234,41.14825439453125,5629600,0.0,0.0
2020-12-01 00:00:00-05:00,43.869998931884766,43.97999954223633,42.290000915527344,42.65999984741211,40.233436584472656,5315800,0.0,0.0
2020-12-02 00:00:00-05:00,42.470001220703125,42.599998474121094,41.22999954223633,41.54999923706055,39.18656539916992,5214100,0.0,0.0
2020-12-03 00:00:00-05:00,41.459999084472656,43.279998779296875,41.45000076293945,43.16999816894531,40.714420318603516,3144400,0.0,0.0
2020-12-04 00:00:00-05:00,43.130001068115234,43.20000076293945,41.95000076293945,42.060001373291016,39.667564392089844,4251300,0.0,0.0
2020-12-07 00:00:00-05:00,42.18000030517578,43.68000030517578,41.7599983215332,43.619998931884766,41.13882064819336,3145500,0.0,0.0
2020-12-08 00:00:00-05:00,42.79999923706055,42.81999969482422,41.5099983215332,42.040000915527344,39.648704528808594,2889600,0.0,0.0
2020-12-09 00:00:00-05:00,42.5099983215332,42.619998931884766,41.45000076293945,42.08000183105469,39.68641662597656,3005100,0.0,0.0
2020-12-10 00:00:00-05:00,41.709999084472656,42.29999923706055,41.5099983215332,42.15999984741211,39.76187515258789,2541500,0.0,0.0
2020-12-11 00:00:00-05:00,42.11000061035156,42.619998931884766,41.959999084472656,42.349998474121094,39.9410514831543,2640600,0.0,0.0
2020-12-14 00:00:00-05:00,42.66999816894531,43.25,42.099998474121094,42.119998931884766,39.72414779663086,2735700,0.0,0.0
2020-12-15 00:00:00-05:00,42.20000076293945,42.88999938964844,42.04999923706055,42.41999816894531,40.140499114990234,2479400,0.14,0.0
2020-12-16 00:00:00-05:00,42.75,42.849998474121094,42.0,42.5,40.21620559692383,3052000,0.0,0.0
2020-12-17 00:00:00-05:00,42.97999954223633,45.09000015258789,42.97999954223633,44.779998779296875,42.373687744140625,5642300,0.0,0.0
2020-12-18 00:00:00-05:00,45.16999816894531,45.7599983215332,44.869998931884766,45.099998474121094,42.676490783691406,6322500,0.0,0.0
2020-12-21 00:00:00-05:00,44.18000030517578,45.22999954223633,43.63999938964844,44.75,42.34529495239258,2457000,0.0,0.0
2020-12-22 00:00:00-05:00,44.93000030517578,45.630001068115234,44.540000915527344,45.40999984741211,42.96982955932617,1852500,0.0,0.0
2020-12-23 00:00:00-05:00,45.4900016784668,45.56999969482422,44.119998931884766,44.290000915527344,41.91001510620117,1792800,0.0,0.0
2020-12-24 00:00:00-05:00,44.33000183105469,45.27000045776367,43.88999938964844,45.20000076293945,42.771121978759766,1089400,0.0,0.0
2020-12-28 00:00:00-05:00,45.41999816894531,45.56999969482422,44.290000915527344,44.470001220703125,42.08034133911133,1265300,0.0,0.0
2020-12-29 00:00:00-05:00,44.68000030517578,44.88999938964844,43.779998779296875,44.150001525878906,41.777530670166016,1227100,0.0,0.0
2020-12-30 00:00:00-05:00,44.20000076293945,44.83000183105469,43.970001220703125,44.09000015258789,41.72076416015625,1225300,0.0,0.0
2020-12-31 00:00:00-05:00,44.22999954223633,44.22999954223633,43.0099983215332,43.119998931884766,40.80288314819336,1737100,0.0,0.0
2021-01-04 00:00:00-05:00,43.290000915527344,43.43000030517578,41.33000183105469,42.209999084472656,39.941795349121094,3666100,0.0,0.0
2021-01-05 00:00:00-05:00,40.7599983215332,41.70000076293945,40.36000061035156,41.06999969482422,38.863040924072266,4652700,0.0,0.0
2021-01-06 00:00:00-05:00,40.529998779296875,41.18000030517578,39.91999816894531,40.849998474121094,38.65486526489258,3850100,0.0,0.0
2021-01-07 00:00:00-05:00,40.95000076293945,42.70000076293945,40.560001373291016,42.4900016784668,40.20673751831055,3896300,0.0,0.0
2021-01-08 00:00:00-05:00,42.7400016784668,43.09000015258789,41.29999923706055,41.529998779296875,39.298336029052734,2439100,0.0,0.0
2021-01-11 00:00:00-05:00,41.529998779296875,42.91999816894531,41.150001525878906,42.08000183105469,39.81876754760742,2081600,0.0,0.0
2021-01-12 00:00:00-05:00,42.20000076293945,42.70000076293945,41.65999984741211,42.65999984741211,40.367610931396484,1926700,0.0,0.0
2021-01-13 00:00:00-05:00,43.11000061035156,43.880001068115234,42.150001525878906,42.560001373291016,40.27299118041992,3701300,0.0,0.0
2021-01-14 00:00:00-05:00,42.7599983215332,42.869998931884766,42.20000076293945,42.41999816894531,40.140499114990234,2296300,0.0,0.0
2021-01-15 00:00:00-05:00,42.150001525878906,43.119998931884766,42.150001525878906,42.70000076293945,40.405460357666016,2287400,0.0,0.0
2021-01-19 00:00:00-05:00,43.060001373291016,44.04999923706055,42.810001373291016,44.0099983215332,41.64506149291992,2870300,0.0,0.0
2021-01-20 00:00:00-05:00,44.47999954223633,47.11000061035156,44.220001220703125,46.689998626708984,44.181053161621094,4897300,0.0,0.0
2021-01-21 00:00:00-05:00,47.45000076293945,48.18000030517578,46.779998779296875,47.560001373291016,45.004295349121094,3919100,0.0,0.0
2021-01-22 00:00:00-05:00,47.93000030517578,49.06999969482422,46.970001220703125,48.88999938964844,46.262821197509766,4171500,0.0,0.0
2021-01-25 00:00:00-05:00,49.5,50.22999954223633,48.54999923706055,48.97999954223633,46.347991943359375,3743900,0.0,0.0
2021-01-26 00:00:00-05:00,49.0099983215332,50.11000061035156,47.33000183105469,47.630001068115234,45.070533752441406,3456800,0.0,0.0
2021-01-27 00:00:00-05:00,47.02000045776367,48.220001220703125,46.2400016784668,47.25,44.71095657348633,5520200,0.0,0.0
2021-01-28 00:00:00-05:00,43.869998931884766,45.54999923706055,42.59000015258789,44.56999969482422,42.174964904785156,5479300,0.0,0.0
2021-01-29 00:00:00-05:00,45.0,45.13999938964844,43.09000015258789,43.5,41.16246795654297,3781300,0.0,0.0
2021-02-01 00:00:00-05:00,43.9900016784668,44.900001525878906,43.119998931884766,44.77000045776367,42.36422348022461,3273200,0.0,0.0
2021-02-02 00:00:00-05:00,45.099998474121094,46.33000183105469,44.279998779296875,45.970001220703125,43.49973678588867,2936800,0.0,0.0
2021-02-03 00:00:00-05:00,45.88999938964844,46.689998626708984,45.54999923706055,46.36000061035156,43.86878204345703,3447600,0.0,0.0
2021-02-04 00:00:00-05:00,46.36000061035156,47.650001525878906,45.65999984741211,47.099998474121094,44.56901550292969,2278600,0.0,0.0
2021-02-05 00:00:00-05:00,47.45000076293945,48.13999938964844,46.810001373291016,48.130001068115234,45.543663024902344,3379700,0.0,0.0
2021-02-08 00:00:00-05:00,48.47999954223633,49.400001525878906,48.02000045776367,49.2599983215332,46.61294174194336,2509600,0.0,0.0
2021-02-09 00:00:00-05:00,49.38999938964844,49.38999938964844,48.220001220703125,49.20000076293945,46.55617141723633,1792900,0.0,0.0
2021-02-10 00:00:00-05:00,49.279998779296875,49.880001068115234,48.29999923706055,49.36000061035156,46.707576751708984,2689500,0.0,0.0
2021-02-11 00:00:00-05:00,49.72999954223633,50.099998474121094,49.27000045776367,49.5099983215332,46.849510192871094,2840900,0.0,0.0
2021-02-12 00:00:00-05:00,49.2599983215332,49.65999984741211,48.18000030517578,48.47999954223633,45.874855041503906,2088100,0.0,0.0
2021-02-16 00:00:00-05:00,48.650001525878906,48.650001525878906,46.45000076293945,46.66999816894531,44.16211700439453,3559800,0.0,0.0
2021-02-17 00:00:00-05:00,46.130001068115234,46.91999816894531,45.41999816894531,46.16999816894531,43.68899154663086,2949500,0.0,0.0
2021-02-18 00:00:00-05:00,46.2599983215332,46.65999984741211,45.310001373291016,45.470001220703125,43.026607513427734,3310300,0.0,0.0
2021-02-19 00:00:00-05:00,45.79999923706055,46.61000061035156,45.79999923706055,46.38999938964844,43.897178649902344,2288100,0.0,0.0
2021-02-22 00:00:00-05:00,46.15999984741211,46.58000183105469,45.43000030517578,45.439998626708984,42.99821472167969,2029600,0.0,0.0
2021-02-23 00:00:00-05:00,45.29999923706055,46.0,44.09000015258789,45.91999816894531,43.45241928100586,2892600,0.0,0.0
2021-02-24 00:00:00-05:00,45.70000076293945,47.0,44.45000076293945,46.91999816894531,44.398685455322266,2829300,0.0,0.0
2021-02-25 00:00:00-05:00,46.4900016784668,46.5,43.529998779296875,43.939998626708984,41.578826904296875,3043500,0.0,0.0
2021-02-26 00:00:00-05:00,44.4900016784668,45.72999954223633,43.83000183105469,45.11000061035156,42.68595886230469,3121200,0.0,0.0
2021-03-01 00:00:00-05:00,45.790000915527344,46.400001525878906,45.400001525878906,45.470001220703125,43.026607513427734,2895300,0.0,0.0
2021-03-02 00:00:00-05:00,45.61000061035156,46.470001220703125,45.02000045776367,46.189998626708984,43.707908630371094,2417900,0.0,0.0
2021-03-03 00:00:00-05:00,45.880001068115234,46.099998474121094,44.2400016784668,44.27000045776367,41.89108657836914,3377200,0.0,0.0
2021-03-04 00:00:00-05:00,44.34000015258789,45.470001220703125,42.310001373291016,43.779998779296875,41.42741775512695,3895600,0.0,0.0
2021-03-05 00:00:00-05:00,44.150001525878906,45.939998626708984,42.91999816894531,45.7400016784668,43.28209686279297,2926500,0.0,0.0
2021-03-08 00:00:00-05:00,46.0,48.119998931884766,46.0,47.40999984741211,44.862361907958984,2640600,0.0,0.0
2021-03-09 00:00:00-05:00,48.060001373291016,48.75,47.08000183105469,47.34000015258789,44.79612731933594,2716600,0.0,0.0
2021-03-10 00:00:00-05:00,47.650001525878906,49.380001068115234,47.119998931884766,48.83000183105469,46.206050872802734,2879500,0.0,0.0
2021-03-11 00:00:00-05:00,49.040000915527344,49.349998474121094,47.83000183105469,48.25,45.788490295410156,2039400,0.14,0.0
2021-03-12 00:00:00-05:00,47.040000915527344,48.310001373291016,46.189998626708984,47.93000030517578,45.48482894897461,2974800,0.0,0.0
2021-03-15 00:00:00-04:00,48.119998931884766,49.72999954223633,47.66999816894531,49.70000076293945,47.16452407836914,3006500,0.0,0.0
2021-03-16 00:00:00-04:00,49.900001525878906,50.36000061035156,48.939998626708984,49.09000015258789,46.58564376831055,2485300,0.0,0.0
2021-03-17 00:00:00-04:00,48.7599983215332,51.0099983215332,48.16999816894531,50.9900016784668,48.388710021972656,4732800,0.0,0.0
2021-03-18 00:00:00-04:00,50.54999923706055,50.630001068115234,47.93000030517578,48.25,45.788490295410156,4212600,0.0,0.0
2021-03-19 00:00:00-04:00,48.25,49.369998931884766,47.849998474121094,48.9900016784668,46.490745544433594,4456500,0.0,0.0
2021-03-22 00:00:00-04:00,49.2400016784668,49.45000076293945,48.220001220703125,49.06999969482422,46.56666564941406,2994900,0.0,0.0
2021-03-23 00:00:00-04:00,49.04999923706055,49.630001068115234,47.959999084472656,48.34000015258789,45.87391662597656,2237800,0.0,0.0
2021-03-24 00:00:00-04:00,48.52000045776367,49.7400016784668,48.20000076293945,48.209999084472656,45.75054931640625,2229500,0.0,0.0
2021-03-25 00:00:00-04:00,47.4900016784668,50.400001525878906,47.310001373291016,50.13999938964844,47.58208084106445,3905400,0.0,0.0
2021-03-26 00:00:00-04:00,50.560001373291016,52.66999816894531,50.13999938964844,52.619998931884766,49.935550689697266,3434900,0.0,0.0
2021-03-29 00:00:00-04:00,53.119998931884766,53.65999984741211,51.43000030517578,51.61000061035156,48.97709655761719,3578200,0.0,0.0
2021-03-30 00:00:00-04:00,52.09000015258789,52.95000076293945,51.060001373291016,52.75,50.058937072753906,2563900,0.0,0.0
2021-03-31 00:00:00-04:00,53.0,53.119998931884766,52.27000045776367,52.439998626708984,49.764747619628906,2475000,0.0,0.0
2021-04-01 00:00:00-04:00,53.0,53.529998779296875,52.54999923706055,53.47999954223633,50.75169372558594,2469200,0.0,0.0
2021-04-05 00:00:00-04:00,53.84000015258789,53.97999954223633,53.060001373291016,53.83000183105469,51.083839416503906,2113500,0.0,0.0
2021-04-06 00:00:00-04:00,53.7400016784668,54.11000061035156,53.439998626708984,53.9900016784668,51.23567199707031,2730200,0.0,0.0
2021-04-07 00:00:00-04:00,54.18000030517578,54.220001220703125,53.25,53.529998779296875,50.799137115478516,2081200,0.0,0.0
2021-04-08 00:00:00-04:00,53.63999938964844,53.900001525878906,52.849998474121094,53.150001525878906,50.43852615356445,2696800,0.0,0.0
2021-04-09 00:00:00-04:00,52.970001220703125,54.70000076293945,52.630001068115234,54.560001373291016,51.7765998840332,2498300,0.0,0.0
2021-04-12 00:00:00-04:00,54.599998474121094,54.709999084472656,53.52000045776367,54.099998474121094,51.34006118774414,2804900,0.0,0.0
2021-04-13 00:00:00-04:00,53.81999969482422,54.15999984741211,52.959999084472656,54.04999923706055,51.29261016845703,2535500,0.0,0.0
2021-04-14 00:00:00-04:00,54.0,54.380001068115234,53.43000030517578,53.5,50.77067184448242,2437000,0.0,0.0
2021-04-15 00:00:00-04:00,54.0,54.099998474121094,53.38999938964844,53.45000076293945,50.72321701049805,2945300,0.0,0.0
2021-04-16 00:00:00-04:00,53.70000076293945,54.4900016784668,53.540000915527344,54.220001220703125,51.45394515991211,3348800,0.0,0.0
2021-04-19 00:00:00-04:00,54.47999954223633,54.56999969482422,53.16999816894531,53.709999084472656,50.96995162963867,2648300,0.0,0.0
2021-04-20 00:00:00-04:00,53.72999954223633,54.369998931884766,51.54999923706055,52.5099983215332,49.831172943115234,2685700,0.0,0.0
2021-04-21 00:00:00-04:00,52.5,53.380001068115234,52.40999984741211,53.15999984741211,50.4480094909668,1521200,0.0,0.0
2021-04-22 00:00:00-04:00,53.0,53.5,52.439998626708984,53.18000030517578,50.46699905395508,2667700,0.0,0.0
2021-04-23 00:00:00-04:00,53.380001068115234,54.15999984741211,53.04999923706055,53.90999984741211,51.159751892089844,1974000,0.0,0.0
2021-04-26 00:00:00-04:00,54.599998474121094,55.06999969482422,54.11000061035156,54.790000915527344,51.99485778808594,3686400,0.0,0.0
2021-04-27 00:00:00-04:00,56.369998931884766,58.08000183105469,56.36000061035156,57.13999938964844,54.22496795654297,5103100,0.0,0.0
2021-04-28 00:00:00-04:00,57.43000030517578,58.88999938964844,57.099998474121094,58.68000030517578,55.68640899658203,3342500,0.0,0.0
2021-04-29 00:00:00-04:00,59.11000061035156,60.08000183105469,58.709999084472656,59.810001373291016,56.758766174316406,3480700,0.0,0.0
2021-04-30 00:00:00-04:00,59.61000061035156,59.65999984741211,58.2599983215332,59.119998931884766,56.103965759277344,2556600,0.0,0.0
2021-05-03 00:00:00-04:00,59.70000076293945,60.65999984741211,59.650001525878906,60.33000183105469,57.252235412597656,3011300,0.0,0.0
2021-05-04 00:00:00-04:00,60.04999923706055,61.20000076293945,59.66999816894531,60.900001525878906,57.79315948486328,2806600,0.0,0.0
2021-05-05 00:00:00-04:00,61.34000015258789,61.560001373291016,60.349998474121094,61.119998931884766,58.00193405151367,3220300,0.0,0.0
2021-05-06 00:00:00-04:00,61.439998626708984,61.61000061035156,60.029998779296875,60.61000061035156,57.51793670654297,2717400,0.0,0.0
2021-05-07 00:00:00-04:00,60.720001220703125,62.0099983215332,59.849998474121094,61.72999954223633,58.580814361572266,2725100,0.0,0.0
2021-05-10 00:00:00-04:00,61.91999816894531,63.90999984741211,61.619998931884766,62.349998474121094,59.1691780090332,3009300,0.0,0.0
2021-05-11 00:00:00-04:00,61.540000915527344,61.97999954223633,59.150001525878906,59.540000915527344,56.50253677368164,3499600,0.0,0.0
2021-05-12 00:00:00-04:00,59.08000183105469,59.29999923706055,55.15999984741211,55.40999984741211,52.583229064941406,4718100,0.0,0.0
2021-05-13 00:00:00-04:00,55.7599983215332,58.4900016784668,55.66999816894531,58.060001373291016,55.09803771972656,4288100,0.0,0.0
2021-05-14 00:00:00-04:00,58.459999084472656,59.31999969482422,58.099998474121094,58.459999084472656,55.47764205932617,1969400,0.0,0.0
2021-05-17 00:00:00-04:00,58.209999084472656,58.41999816894531,56.61000061035156,57.9900016784668,55.031612396240234,2142500,0.0,0.0
2021-05-18 00:00:00-04:00,58.11000061035156,58.2599983215332,56.029998779296875,56.130001068115234,53.266502380371094,2365800,0.0,0.0
2021-05-19 00:00:00-04:00,55.130001068115234,56.25,54.279998779296875,55.58000183105469,52.74456024169922,3139900,0.0,0.0
2021-05-20 00:00:00-04:00,55.540000915527344,56.459999084472656,55.36000061035156,56.060001373291016,53.2000617980957,1496400,0.0,0.0
2021-05-21 00:00:00-04:00,56.459999084472656,57.15999984741211,55.7400016784668,55.77000045776367,52.924869537353516,2408500,0.0,0.0
2021-05-24 00:00:00-04:00,56.220001220703125,56.470001220703125,55.939998626708984,56.02000045776367,53.16211700439453,1776300,0.0,0.0
2021-05-25 00:00:00-04:00,56.369998931884766,57.40999984741211,56.369998931884766,56.529998779296875,53.64609146118164,2182500,0.0,0.0
2021-05-26 00:00:00-04:00,56.779998779296875,58.2599983215332,56.61000061035156,57.619998931884766,54.68048858642578,2794100,0.0,0.0
2021-05-27 00:00:00-04:00,58.0,58.400001525878906,57.38999938964844,57.880001068115234,54.927215576171875,4695100,0.0,0.0
2021-05-28 00:00:00-04:00,58.59000015258789,58.63999938964844,57.400001525878906,57.790000915527344,54.841819763183594,2566800,0.0,0.0
2021-06-01 00:00:00-04:00,58.560001373291016,58.83000183105469,57.63999938964844,58.15999984741211,55.19293212890625,2522400,0.0,0.0
2021-06-02 00:00:00-04:00,58.15999984741211,58.61000061035156,56.79999923706055,57.36000061035156,54.433753967285156,3181600,0.0,0.0
2021-06-03 00:00:00-04:00,56.779998779296875,57.189998626708984,55.619998931884766,56.310001373291016,53.43732452392578,1999800,0.0,0.0
2021-06-04 00:00:00-04:00,56.7400016784668,57.0099983215332,55.7599983215332,56.95000076293945,54.04466247558594,2060100,0.0,0.0
2021-06-07 00:00:00-04:00,57.0,57.16999816894531,56.18000030517578,56.709999084472656,53.81690979003906,2006400,0.0,0.0
2021-06-08 00:00:00-04:00,56.970001220703125,57.2400016784668,56.560001373291016,56.959999084472656,54.05414962768555,1940800,0.0,0.0
2021-06-09 00:00:00-04:00,57.599998474121094,57.63999938964844,55.61000061035156,55.84000015258789,52.99128723144531,2925400,0.0,0.0
2021-06-10 00:00:00-04:00,55.5099983215332,55.77000045776367,53.65999984741211,53.9900016784668,51.36444854736328,4254800,0.14,0.0
2021-06-11 00:00:00-04:00,54.2599983215332,54.93000030517578,54.060001373291016,54.34000015258789,51.69743347167969,2608700,0.0,0.0
2021-06-14 00:00:00-04:00,54.150001525878906,54.77000045776367,53.09000015258789,53.529998779296875,50.92681884765625,3265700,0.0,0.0
2021-06-15 00:00:00-04:00,53.810001373291016,54.4900016784668,53.380001068115234,54.209999084472656,51.57374954223633,1988700,0.0,0.0
2021-06-16 00:00:00-04:00,54.08000183105469,54.279998779296875,53.06999969482422,53.119998931884766,50.53675842285156,2534200,0.0,0.0
2021-06-17 00:00:00-04:00,53.040000915527344,54.40999984741211,52.84000015258789,53.720001220703125,51.10758972167969,3266500,0.0,0.0
2021-06-18 00:00:00-04:00,53.130001068115234,54.65999984741211,52.9900016784668,53.66999816894531,51.06001281738281,5238700,0.0,0.0
2021-06-21 00:00:00-04:00,53.959999084472656,54.4900016784668,53.54999923706055,54.20000076293945,51.56423568725586,2075400,0.0,0.0
2021-06-22 00:00:00-04:00,54.31999969482422,54.59000015258789,53.75,54.38999938964844,51.744998931884766,2808000,0.0,0.0
2021-06-23 00:00:00-04:00,54.52000045776367,54.54999923706055,53.150001525878906,53.4900016784668,50.888755798339844,1755600,0.0,0.0
2021-06-24 00:00:00-04:00,53.4900016784668,53.86000061035156,52.720001220703125,53.41999816894531,50.82217025756836,3341900,0.0,0.0
2021-06-25 00:00:00-04:00,53.470001220703125,53.97999954223633,53.150001525878906,53.61000061035156,51.00292205810547,3957300,0.0,0.0
2021-06-28 00:00:00-04:00,53.970001220703125,54.66999816894531,53.400001525878906,54.470001220703125,51.821109771728516,3034700,0.0,0.0
2021-06-29 00:00:00-04:00,54.5099983215332,56.13999938964844,54.5099983215332,55.540000915527344,52.83906936645508,4589400,0.0,0.0
2021-06-30 00:00:00-04:00,54.099998474121094,55.18000030517578,54.099998474121094,54.56999969482422,51.91624450683594,4474000,0.0,0.0
2021-07-01 00:00:00-04:00,54.599998474121094,56.20000076293945,54.45000076293945,55.81999969482422,53.1054573059082,3119000,0.0,0.0
2021-07-02 00:00:00-04:00,56.11000061035156,56.13999938964844,54.959999084472656,55.2400016784668,52.55366134643555,2021500,0.0,0.0
2021-07-06 00:00:00-04:00,55.02000045776367,55.18000030517578,53.16999816894531,53.91999816894531,51.2978515625,2638600,0.0,0.0
2021-07-07 00:00:00-04:00,54.22999954223633,55.70000076293945,54.06999969482422,55.11000061035156,52.42998504638672,3177800,0.0,0.0
2021-07-08 00:00:00-04:00,53.63999938964844,54.130001068115234,52.459999084472656,52.709999084472656,50.14668655395508,3393000,0.0,0.0
2021-07-09 00:00:00-04:00,53.2400016784668,53.880001068115234,52.810001373291016,53.22999954223633,50.64140701293945,1882000,0.0,0.0
2021-07-12 00:00:00-04:00,52.86000061035156,53.36000061035156,52.540000915527344,53.15999984741211,50.57481002807617,1705400,0.0,0.0
2021-07-13 00:00:00-04:00,52.849998474121094,52.869998931884766,51.33000183105469,51.66999816894531,49.15726852416992,2288100,0.0,0.0
2021-07-14 00:00:00-04:00,52.119998931884766,52.47999954223633,51.58000183105469,51.75,49.23337936401367,1570600,0.0,0.0
2021-07-15 00:00:00-04:00,51.400001525878906,52.08000183105469,50.970001220703125,51.54999923706055,49.04310989379883,1902500,0.0,0.0
2021-07-16 00:00:00-04:00,51.599998474121094,52.54999923706055,50.88999938964844,51.0,48.51986312866211,2125600,0.0,0.0
2021-07-19 00:00:00-04:00,50.09000015258789,51.36000061035156,50.0099983215332,50.91999816894531,48.4437370300293,2418600,0.0,0.0
2021-07-20 00:00:00-04:00,50.93000030517578,52.380001068115234,50.75,52.209999084472656,49.67101287841797,1846900,0.0,0.0
2021-07-21 00:00:00-04:00,52.43000030517578,53.25,52.279998779296875,52.849998474121094,50.27988052368164,1964600,0.0,0.0
2021-07-22 00:00:00-04:00,52.29999923706055,52.68000030517578,51.400001525878906,52.4900016784668,49.93738555908203,2183400,0.0,0.0
2021-07-23 00:00:00-04:00,52.810001373291016,54.369998931884766,52.790000915527344,54.06999969482422,51.440555572509766,2133100,0.0,0.0
2021-07-26 00:00:00-04:00,54.18000030517578,54.79999923706055,53.15999984741211,53.36000061035156,50.76508331298828,2610200,0.0,0.0
2021-07-27 00:00:00-04:00,51.9900016784668,53.4900016784668,51.540000915527344,53.38999938964844,50.79362106323242,3665900,0.0,0.0
2021-07-28 00:00:00-04:00,53.56999969482422,54.06999969482422,52.459999084472656,52.630001068115234,50.070594787597656,1859300,0.0,0.0
2021-07-29 00:00:00-04:00,53.2599983215332,55.59000015258789,53.130001068115234,55.060001373291016,52.38241195678711,2837800,0.0,0.0
2021-07-30 00:00:00-04:00,54.5,55.689998626708984,54.5,54.869998931884766,52.20165252685547,2227800,0.0,0.0
2021-08-02 00:00:00-04:00,55.27000045776367,55.599998474121094,54.790000915527344,54.959999084472656,52.28727722167969,2655700,0.0,0.0
2021-08-03 00:00:00-04:00,55.040000915527344,55.40999984741211,54.380001068115234,55.369998931884766,52.677337646484375,1652400,0.0,0.0
2021-08-04 00:00:00-04:00,54.86000061035156,55.540000915527344,53.279998779296875,53.290000915527344,50.69849395751953,2268700,0.0,0.0
2021-08-05 00:00:00-04:00,53.40999984741211,54.119998931884766,53.119998931884766,53.4900016784668,50.888755798339844,1829400,0.0,0.0
2021-08-06 00:00:00-04:00,53.70000076293945,54.04999923706055,52.720001220703125,52.95000076293945,50.375030517578125,1754100,0.0,0.0
2021-08-09 00:00:00-04:00,52.709999084472656,53.31999969482422,52.40999984741211,52.56999969482422,50.01350402832031,1272600,0.0,0.0
2021-08-10 00:00:00-04:00,52.470001220703125,54.13999938964844,52.31999969482422,53.439998626708984,50.8411979675293,1933800,0.0,0.0
2021-08-11 00:00:00-04:00,53.310001373291016,55.54999923706055,52.95000076293945,55.369998931884766,52.677337646484375,2254200,0.0,0.0
2021-08-12 00:00:00-04:00,55.459999084472656,55.84000015258789,54.2599983215332,54.459999084472656,51.81159210205078,1960000,0.0,0.0
2021-08-13 00:00:00-04:00,54.56999969482422,54.869998931884766,53.90999984741211,54.34000015258789,51.69743347167969,1213200,0.0,0.0
2021-08-16 00:00:00-04:00,54.130001068115234,55.15999984741211,53.7400016784668,54.619998931884766,51.96382141113281,1417200,0.0,0.0
2021-08-17 00:00:00-04:00,53.90999984741211,54.27000045776367,52.060001373291016,52.45000076293945,49.89933776855469,1914600,0.0,0.0
2021-08-18 00:00:00-04:00,52.02000045776367,53.38999938964844,51.56999969482422,52.349998474121094,49.804195404052734,1953000,0.0,0.0
2021-08-19 00:00:00-04:00,51.63999938964844,52.349998474121094,51.369998931884766,51.7400016784668,49.223873138427734,1711600,0.0,0.0
2021-08-20 00:00:00-04:00,51.630001068115234,53.02000045776367,51.529998779296875,52.709999084472656,50.14668655395508,1664900,0.0,0.0
2021-08-23 00:00:00-04:00,52.779998779296875,52.779998779296875,51.400001525878906,52.439998626708984,49.889827728271484,1708000,0.0,0.0
2021-08-24 00:00:00-04:00,52.81999969482422,54.41999816894531,52.619998931884766,53.59000015258789,50.98390579223633,1544000,0.0,0.0
2021-08-25 00:00:00-04:00,53.63999938964844,54.65999984741211,53.560001373291016,54.220001220703125,51.58327102661133,1496200,0.0,0.0
2021-08-26 00:00:00-04:00,54.22999954223633,54.369998931884766,53.290000915527344,53.81999969482422,51.20271682739258,1858500,0.0,0.0
2021-08-27 00:00:00-04:00,54.040000915527344,55.34000015258789,53.83000183105469,54.880001068115234,52.21116638183594,2023700,0.0,0.0
2021-08-30 00:00:00-04:00,55.11000061035156,55.11000061035156,54.150001525878906,54.15999984741211,51.52618408203125,1431700,0.0,0.0
2021-08-31 00:00:00-04:00,54.349998474121094,54.41999816894531,53.31999969482422,53.86000061035156,51.24076843261719,3790900,0.0,0.0
2021-09-01 00:00:00-04:00,54.04999923706055,54.72999954223633,53.70000076293945,54.689998626708984,52.0304069519043,2018000,0.0,0.0
2021-09-02 00:00:00-04:00,54.869998931884766,55.08000183105469,54.029998779296875,54.20000076293945,51.56423568725586,1435700,0.0,0.0
2021-09-03 00:00:00-04:00,54.0,54.369998931884766,52.810001373291016,53.38999938964844,50.79362106323242,2156500,0.0,0.0
2021-09-07 00:00:00-04:00,53.06999969482422,53.560001373291016,52.56999969482422,52.720001220703125,50.156211853027344,2126500,0.0,0.0
2021-09-08 00:00:00-04:00,49.79999923706055,50.84000015258789,49.5099983215332,49.529998779296875,47.121337890625,5656000,0.0,0.0
2021-09-09 00:00:00-04:00,49.38999938964844,49.56999969482422,48.43000030517578,48.47999954223633,46.12239074707031,4649100,0.0,0.0
2021-09-10 00:00:00-04:00,48.869998931884766,49.06999969482422,47.849998474121094,47.93000030517578,45.599151611328125,2457600,0.0,0.0
2021-09-13 00:00:00-04:00,48.41999816894531,48.4900016784668,47.41999816894531,48.279998779296875,45.93212890625,3240900,0.0,0.0
2021-09-14 00:00:00-04:00,48.619998931884766,48.880001068115234,46.91999816894531,47.18000030517578,44.885623931884766,2767200,0.0,0.0
2021-09-15 00:00:00-04:00,46.970001220703125,47.619998931884766,46.650001525878906,47.58000183105469,45.26616668701172,4232900,0.0,0.0
2021-09-16 00:00:00-04:00,47.439998626708984,48.97999954223633,47.439998626708984,48.220001220703125,45.875038146972656,2480300,0.0,0.0
2021-09-17 00:00:00-04:00,47.779998779296875,48.90999984741211,47.70000076293945,48.63999938964844,46.40935516357422,4720600,0.14,0.0
2021-09-20 00:00:00-04:00,47.54999923706055,48.310001373291016,46.7599983215332,47.369998931884766,45.197601318359375,2994200,0.0,0.0
2021-09-21 00:00:00-04:00,47.310001373291016,47.68000030517578,46.59000015258789,47.099998474121094,44.93998718261719,1958800,0.0,0.0
2021-09-22 00:00:00-04:00,47.61000061035156,48.61000061035156,47.310001373291016,47.880001068115234,45.6842155456543,2596900,0.0,0.0
2021-09-23 00:00:00-04:00,48.099998474121094,48.43000030517578,47.29999923706055,47.36000061035156,45.18806076049805,2569100,0.0,0.0
2021-09-24 00:00:00-04:00,47.2599983215332,47.7599983215332,46.779998779296875,47.4900016784668,45.312095642089844,2243400,0.0,0.0
2021-09-27 00:00:00-04:00,47.25,48.47999954223633,46.869998931884766,48.34000015258789,46.12311935424805,3253200,0.0,0.0
2021-09-28 00:00:00-04:00,47.84000015258789,48.43000030517578,46.880001068115234,47.189998626708984,45.02585983276367,2305900,0.0,0.0
2021-09-29 00:00:00-04:00,47.380001068115234,48.29999923706055,47.380001068115234,47.91999816894531,45.722373962402344,1578500,0.0,0.0
2021-09-30 00:00:00-04:00,48.099998474121094,48.15999984741211,45.900001525878906,45.91999816894531,43.81409454345703,2148500,0.0,0.0
2021-10-01 00:00:00-04:00,46.31999969482422,46.54999923706055,45.58000183105469,46.130001068115234,44.01448059082031,2536800,0.0,0.0
2021-10-04 00:00:00-04:00,45.939998626708984,46.900001525878906,45.72999954223633,46.25,44.12897491455078,1704600,0.0,0.0
2021-10-05 00:00:00-04:00,46.52000045776367,46.91999816894531,45.959999084472656,46.529998779296875,44.3961296081543,1644300,0.0,0.0
2021-10-06 00:00:00-04:00,46.22999954223633,47.36000061035156,46.08000183105469,46.9900016784668,44.83502960205078,1844000,0.0,0.0
2021-10-07 00:00:00-04:00,47.290000915527344,48.29999923706055,47.290000915527344,47.65999984741211,45.47431182861328,1620600,0.0,0.0
2021-10-08 00:00:00-04:00,47.720001220703125,47.959999084472656,47.13999938964844,47.33000183105469,45.1594352722168,1423900,0.0,0.0
2021-10-11 00:00:00-04:00,47.349998474121094,47.779998779296875,47.16999816894531,47.25,45.08311080932617,1415900,0.0,0.0
2021-10-12 00:00:00-04:00,47.31999969482422,48.04999923706055,47.13999938964844,47.869998931884766,45.6746711730957,2176300,0.0,0.0
2021-10-13 00:00:00-04:00,47.959999084472656,48.459999084472656,47.599998474121094,47.779998779296875,45.58880615234375,2396700,0.0,0.0
2021-10-14 00:00:00-04:00,48.040000915527344,49.33000183105469,47.97999954223633,49.2400016784668,46.981849670410156,1855400,0.0,0.0
2021-10-15 00:00:00-04:00,49.630001068115234,49.86000061035156,48.36000061035156,48.40999984741211,46.18990707397461,2921100,0.0,0.0
2021-10-18 00:00:00-04:00,48.18000030517578,49.40999984741211,47.95000076293945,49.369998931884766,47.10588836669922,2196700,0.0,0.0
2021-10-19 00:00:00-04:00,49.5099983215332,49.630001068115234,49.060001373291016,49.22999954223633,46.97230911254883,1830900,0.0,0.0
2021-10-20 00:00:00-04:00,49.439998626708984,50.560001373291016,49.40999984741211,50.209999084472656,47.9073600769043,1875400,0.0,0.0
2021-10-21 00:00:00-04:00,49.880001068115234,50.41999816894531,49.560001373291016,50.099998474121094,47.80241012573242,1319100,0.0,0.0
2021-10-22 00:00:00-04:00,50.33000183105469,50.90999984741211,49.63999938964844,49.720001220703125,47.43983840942383,1970500,0.0,0.0
2021-10-25 00:00:00-04:00,49.66999816894531,50.209999084472656,49.34000015258789,49.86000061035156,47.57341003417969,3076900,0.0,0.0
2021-10-26 00:00:00-04:00,49.36000061035156,49.9900016784668,47.869998931884766,48.68000030517578,46.44752883911133,3646300,0.0,0.0
2021-10-27 00:00:00-04:00,49.33000183105469,51.349998474121094,48.7400016784668,48.75,46.514312744140625,4439300,0.0,0.0
2021-10-28 00:00:00-04:00,49.060001373291016,49.15999984741211,48.22999954223633,48.65999984741211,46.42844772338867,3058300,0.0,0.0
2021-10-29 00:00:00-04:00,48.720001220703125,49.560001373291016,47.9900016784668,48.08000183105469,45.87504577636719,2763300,0.0,0.0
2021-11-01 00:00:00-04:00,48.04999923706055,48.959999084472656,47.709999084472656,48.68000030517578,46.44752883911133,1870800,0.0,0.0
2021-11-02 00:00:00-04:00,48.79999923706055,48.79999923706055,47.349998474121094,47.790000915527344,45.59834289550781,2397500,0.0,0.0
2021-11-03 00:00:00-04:00,47.540000915527344,49.22999954223633,47.540000915527344,48.38999938964844,46.17083740234375,2932500,0.0,0.0
2021-11-04 00:00:00-04:00,48.880001068115234,49.81999969482422,48.75,49.08000183105469,46.829185485839844,2068300,0.0,0.0
2021-11-05 00:00:00-04:00,49.59000015258789,50.70000076293945,49.43000030517578,50.43000030517578,48.117271423339844,2583700,0.0,0.0
2021-11-08 00:00:00-05:00,50.45000076293945,50.66999816894531,49.83000183105469,50.27000045776367,47.96461486816406,2039700,0.0,0.0
2021-11-09 00:00:00-05:00,50.709999084472656,52.27000045776367,50.619998931884766,51.90999984741211,49.5294075012207,2608600,0.0,0.0
2021-11-10 00:00:00-05:00,51.45000076293945,52.04999923706055,50.540000915527344,50.619998931884766,48.29856491088867,2804100,0.0,0.0
2021-11-11 00:00:00-05:00,50.95000076293945,51.380001068115234,50.68000030517578,50.70000076293945,48.37489318847656,2812600,0.0,0.0
2021-11-12 00:00:00-05:00,50.9900016784668,51.599998474121094,50.75,51.36000061035156,49.00462341308594,1829200,0.0,0.0
2021-11-15 00:00:00-05:00,51.470001220703125,51.540000915527344,50.45000076293945,50.56999969482422,48.25086212158203,1821400,0.0,0.0
2021-11-16 00:00:00-05:00,50.7599983215332,52.0099983215332,50.47999954223633,51.52000045776367,49.15728759765625,1721200,0.0,0.0
2021-11-17 00:00:00-05:00,51.459999084472656,52.459999084472656,51.06999969482422,52.36000061035156,49.95876693725586,2592000,0.0,0.0
2021-11-18 00:00:00-05:00,52.5,52.65999984741211,51.619998931884766,51.7400016784668,49.36720657348633,1716600,0.0,0.0
2021-11-19 00:00:00-05:00,51.900001525878906,53.709999084472656,51.86000061035156,52.25,49.85380935668945,3572000,0.0,0.0
2021-11-22 00:00:00-05:00,52.540000915527344,52.93000030517578,51.68000030517578,52.41999816894531,50.01601028442383,1953900,0.0,0.0
2021-11-23 00:00:00-05:00,52.2599983215332,53.029998779296875,51.86000061035156,52.900001525878906,50.473995208740234,1431000,0.0,0.0
2021-11-24 00:00:00-05:00,52.849998474121094,53.25,52.29999923706055,52.650001525878906,50.23545837402344,1469000,0.0,0.0
2021-11-26 00:00:00-05:00,51.599998474121094,52.52000045776367,50.86000061035156,51.59000015258789,49.224082946777344,1516600,0.0,0.0
2021-11-29 00:00:00-05:00,51.7599983215332,52.189998626708984,51.029998779296875,51.5099983215332,49.14774703979492,1822500,0.0,0.0
2021-11-30 00:00:00-05:00,51.130001068115234,52.16999816894531,49.7599983215332,50.029998779296875,47.73561096191406,3505500,0.0,0.0
2021-12-01 00:00:00-05:00,50.79999923706055,51.790000915527344,50.060001373291016,50.06999969482422,47.7737922668457,2579100,0.0,0.0
2021-12-02 00:00:00-05:00,51.209999084472656,52.72999954223633,50.369998931884766,52.4900016784668,50.08279800415039,2947600,0.0,0.0
2021-12-03 00:00:00-05:00,52.72999954223633,53.029998779296875,51.720001220703125,52.09000015258789,49.701133728027344,2713500,0.0,0.0
2021-12-06 00:00:00-05:00,52.790000915527344,54.119998931884766,52.34000015258789,53.970001220703125,51.49493408203125,3480300,0.0,0.0
2021-12-07 00:00:00-05:00,54.470001220703125,55.279998779296875,53.88999938964844,54.66999816894531,52.16282272338867,2323900,0.0,0.0
2021-12-08 00:00:00-05:00,55.0099983215332,55.54999923706055,54.66999816894531,55.369998931884766,52.83072280883789,2427100,0.0,0.0
2021-12-09 00:00:00-05:00,55.41999816894531,56.470001220703125,55.06999969482422,55.369998931884766,52.83072280883789,2265900,0.0,0.0
2021-12-10 00:00:00-05:00,55.7400016784668,56.27000045776367,55.41999816894531,56.220001220703125,53.64173889160156,2111000,0.0,0.0
2021-12-13 00:00:00-05:00,56.36000061035156,56.7400016784668,54.650001525878906,54.9900016784668,52.4681510925293,1982500,0.0,0.0
2021-12-14 00:00:00-05:00,54.20000076293945,54.31999969482422,53.22999954223633,53.86000061035156,51.53053283691406,2514300,0.15,0.0
2021-12-15 00:00:00-05:00,54.06999969482422,55.380001068115234,53.77000045776367,55.31999969482422,52.927398681640625,2570300,0.0,0.0
2021-12-16 00:00:00-05:00,54.63999938964844,55.15999984741211,53.84000015258789,53.9900016784668,51.654911041259766,2621100,0.0,0.0
2021-12-17 00:00:00-05:00,53.75,53.95000076293945,52.36000061035156,52.97999954223633,50.6885986328125,5114800,0.0,0.0
2021-12-20 00:00:00-05:00,52.43000030517578,52.459999084472656,50.86000061035156,51.47999954223633,49.25347137451172,2055900,0.0,0.0
2021-12-21 00:00:00-05:00,51.400001525878906,53.0099983215332,51.400001525878906,52.9900016784668,50.69816589355469,1482500,0.0,0.0
2021-12-22 00:00:00-05:00,53.09000015258789,54.56999969482422,52.93000030517578,54.540000915527344,52.181121826171875,1524700,0.0,0.0
2021-12-23 00:00:00-05:00,54.9900016784668,55.119998931884766,54.58000183105469,54.650001525878906,52.286373138427734,1080100,0.0,0.0
2021-12-27 00:00:00-05:00,54.90999984741211,55.38999938964844,54.5099983215332,55.380001068115234,52.98479461669922,1154200,0.0,0.0
2021-12-28 00:00:00-05:00,55.38999938964844,56.43000030517578,55.36000061035156,56.279998779296875,53.845863342285156,1368000,0.0,0.0
2021-12-29 00:00:00-05:00,56.27000045776367,57.779998779296875,56.099998474121094,57.650001525878906,55.156612396240234,3453700,0.0,0.0
2021-12-30 00:00:00-05:00,57.63999938964844,58.0,56.540000915527344,56.650001525878906,54.199867248535156,1582000,0.0,0.0
2021-12-31 00:00:00-05:00,56.790000915527344,57.380001068115234,56.38999938964844,57.15999984741211,54.68781280517578,905100,0.0,0.0
2022-01-03 00:00:00-05:00,57.33000183105469,57.560001373291016,55.79999923706055,56.09000015258789,53.66408920288086,1916100,0.0,0.0
2022-01-04 00:00:00-05:00,56.540000915527344,57.06999969482422,56.380001068115234,56.90999984741211,54.448631286621094,2157100,0.0,0.0
2022-01-05 00:00:00-05:00,56.86000061035156,57.939998626708984,56.029998779296875,56.11000061035156,53.68321990966797,2249100,0.0,0.0
2022-01-06 00:00:00-05:00,56.15999984741211,56.15999984741211,54.7599983215332,55.029998779296875,52.64992904663086,2259000,0.0,0.0
2022-01-07 00:00:00-05:00,54.970001220703125,54.970001220703125,52.2599983215332,52.279998779296875,50.01886749267578,3247800,0.0,0.0
2022-01-10 00:00:00-05:00,51.599998474121094,53.04999923706055,50.9900016784668,53.0,50.707733154296875,2378200,0.0,0.0
2022-01-11 00:00:00-05:00,53.11000061035156,54.970001220703125,52.83000183105469,54.900001525878906,52.52555847167969,2102700,0.0,0.0
2022-01-12 00:00:00-05:00,54.599998474121094,55.470001220703125,54.40999984741211,55.02000045776367,52.64036560058594,1651800,0.0,0.0
2022-01-13 00:00:00-05:00,57.849998474121094,58.09000015258789,56.33000183105469,56.93000030517578,54.46775436401367,3844200,0.0,0.0
2022-01-14 00:00:00-05:00,56.27000045776367,57.369998931884766,55.77000045776367,57.09000015258789,54.62083435058594,2931500,0.0,0.0
2022-01-18 00:00:00-05:00,56.130001068115234,56.31999969482422,54.0,54.52000045776367,52.161991119384766,3728100,0.0,0.0
2022-01-19 00:00:00-05:00,54.45000076293945,54.790000915527344,52.939998626708984,53.099998474121094,50.803401947021484,4139000,0.0,0.0
2022-01-20 00:00:00-05:00,53.540000915527344,54.040000915527344,52.27000045776367,52.369998931884766,50.1049690246582,2994800,0.0,0.0
2022-01-21 00:00:00-05:00,52.470001220703125,53.380001068115234,51.400001525878906,51.5099983215332,49.28217697143555,2540600,0.0,0.0
2022-01-24 00:00:00-05:00,50.66999816894531,54.04999923706055,50.41999816894531,54.0,51.66447448730469,4311300,0.0,0.0
2022-01-25 00:00:00-05:00,52.91999816894531,53.540000915527344,51.849998474121094,53.02000045776367,50.72686767578125,2985500,0.0,0.0
2022-01-26 00:00:00-05:00,53.84000015258789,54.130001068115234,50.369998931884766,51.06999969482422,48.861202239990234,3564700,0.0,0.0
2022-01-27 00:00:00-05:00,51.0099983215332,51.810001373291016,49.56999969482422,50.0,47.83748245239258,3876500,0.0,0.0
2022-01-28 00:00:00-05:00,50.209999084472656,51.279998779296875,48.810001373291016,51.25,49.033416748046875,3602500,0.0,0.0
2022-01-31 00:00:00-05:00,51.02000045776367,52.77000045776367,50.779998779296875,52.689998626708984,50.4111442565918,4024700,0.0,0.0
2022-02-01 00:00:00-05:00,54.11000061035156,54.11000061035156,50.66999816894531,53.189998626708984,50.88951110839844,5637100,0.0,0.0
2022-02-02 00:00:00-05:00,53.880001068115234,54.709999084472656,52.95000076293945,54.400001525878906,52.047183990478516,4698900,0.0,0.0
2022-02-03 00:00:00-05:00,53.939998626708984,53.9900016784668,52.720001220703125,52.84000015258789,50.554649353027344,4001300,0.0,0.0
2022-02-04 00:00:00-05:00,52.310001373291016,52.470001220703125,48.7400016784668,48.7400016784668,46.63197708129883,4946600,0.0,0.0
2022-02-07 00:00:00-05:00,49.119998931884766,49.400001525878906,48.33000183105469,48.86000061035156,46.746788024902344,4119800,0.0,0.0
2022-02-08 00:00:00-05:00,48.91999816894531,50.220001220703125,48.79999923706055,50.15999984741211,47.990562438964844,3708100,0.0,0.0
2022-02-09 00:00:00-05:00,50.70000076293945,52.02000045776367,50.70000076293945,51.439998626708984,49.21519470214844,3565700,0.0,0.0
2022-02-10 00:00:00-05:00,49.79999923706055,51.11000061035156,48.439998626708984,48.540000915527344,46.44062805175781,3605900,0.0,0.0
2022-02-11 00:00:00-05:00,49.02000045776367,49.68000030517578,47.619998931884766,47.86000061035156,45.790035247802734,3164600,0.0,0.0
2022-02-14 00:00:00-05:00,47.66999816894531,48.54999923706055,47.27000045776367,47.81999969482422,45.75177001953125,2983500,0.0,0.0
2022-02-15 00:00:00-05:00,48.2400016784668,49.060001373291016,48.2400016784668,48.900001525878906,46.785057067871094,2028500,0.0,0.0
2022-02-16 00:00:00-05:00,48.599998474121094,49.56999969482422,48.290000915527344,49.279998779296875,47.14862060546875,1849000,0.0,0.0
2022-02-17 00:00:00-05:00,49.040000915527344,49.630001068115234,47.81999969482422,47.95000076293945,45.87614440917969,2154600,0.0,0.0
2022-02-18 00:00:00-05:00,48.0,48.65999984741211,47.63999938964844,48.130001068115234,46.048362731933594,2779500,0.0,0.0
2022-02-22 00:00:00-05:00,47.459999084472656,47.970001220703125,45.790000915527344,46.22999954223633,44.230525970458984,3205000,0.0,0.0
2022-02-23 00:00:00-05:00,46.459999084472656,46.7400016784668,44.68000030517578,44.869998931884766,42.92935562133789,2853200,0.0,0.0
2022-02-24 00:00:00-05:00,43.5,46.83000183105469,43.099998474121094,46.619998931884766,44.60366439819336,3706800,0.0,0.0
2022-02-25 00:00:00-05:00,46.40999984741211,48.869998931884766,46.36000061035156,48.65999984741211,46.55543899536133,2787000,0.0,0.0
2022-02-28 00:00:00-05:00,49.630001068115234,49.97999954223633,48.75,49.65999984741211,47.51218032836914,4421700,0.0,0.0
2022-03-01 00:00:00-05:00,49.65999984741211,50.310001373291016,48.790000915527344,49.099998474121094,46.97639846801758,3993300,0.0,0.0
2022-03-02 00:00:00-05:00,49.5,50.61000061035156,49.220001220703125,50.040000915527344,47.87575912475586,2981700,0.0,0.0
2022-03-03 00:00:00-05:00,50.540000915527344,50.650001525878906,48.95000076293945,49.25,47.11991500854492,2515900,0.0,0.0
2022-03-04 00:00:00-05:00,48.959999084472656,49.41999816894531,48.310001373291016,49.369998931884766,47.23473358154297,2526900,0.0,0.0
2022-03-07 00:00:00-05:00,49.16999816894531,49.83000183105469,46.20000076293945,46.27000045776367,44.2688102722168,3842000,0.0,0.0
2022-03-08 00:00:00-05:00,46.150001525878906,48.040000915527344,45.40999984741211,46.08000183105469,44.0870246887207,2667200,0.0,0.0
2022-03-09 00:00:00-05:00,47.400001525878906,48.4900016784668,47.040000915527344,47.66999816894531,45.60824966430664,2492700,0.0,0.0
2022-03-10 00:00:00-05:00,46.560001373291016,47.27000045776367,45.93000030517578,47.150001525878906,45.11074447631836,2115900,0.0,0.0
2022-03-11 00:00:00-05:00,47.58000183105469,47.709999084472656,46.33000183105469,46.38999938964844,44.38362121582031,1845800,0.0,0.0
2022-03-14 00:00:00-04:00,46.400001525878906,46.400001525878906,43.689998626708984,44.2599983215332,42.48310089111328,3272600,0.15,0.0
2022-03-15 00:00:00-04:00,44.65999984741211,46.630001068115234,44.59000015258789,46.45000076293945,44.58518981933594,2709100,0.0,0.0
2022-03-16 00:00:00-04:00,46.970001220703125,47.77000045776367,44.630001068115234,46.61000061035156,44.73876190185547,2857900,0.0,0.0
2022-03-17 00:00:00-04:00,46.540000915527344,47.349998474121094,46.06999969482422,47.349998474121094,45.44905471801758,2130300,0.0,0.0
2022-03-18 00:00:00-04:00,46.599998474121094,48.70000076293945,46.470001220703125,48.43000030517578,46.4857063293457,4193700,0.0,0.0
2022-03-21 00:00:00-04:00,48.209999084472656,48.36000061035156,46.040000915527344,46.529998779296875,44.66197204589844,2329400,0.0,0.0
2022-03-22 00:00:00-04:00,46.77000045776367,47.33000183105469,45.63999938964844,46.38999938964844,44.52759552001953,2190200,0.0,0.0
2022-03-23 00:00:00-04:00,46.06999969482422,46.06999969482422,44.61000061035156,44.650001525878906,42.85744857788086,2578400,0.0,0.0
2022-03-24 00:00:00-04:00,44.349998474121094,44.7599983215332,43.650001525878906,44.56999969482422,42.78065490722656,2252600,0.0,0.0
2022-03-25 00:00:00-04:00,44.52000045776367,44.88999938964844,43.470001220703125,43.79999923706055,42.041568756103516,2366700,0.0,0.0
2022-03-28 00:00:00-04:00,43.790000915527344,44.290000915527344,43.2599983215332,43.66999816894531,41.91679000854492,1773800,0.0,0.0
2022-03-29 00:00:00-04:00,44.38999938964844,45.59000015258789,44.38999938964844,45.20000076293945,43.385379791259766,2781800,0.0,0.0
2022-03-30 00:00:00-04:00,45.20000076293945,45.29999923706055,43.93000030517578,44.34000015258789,42.559898376464844,1709900,0.0,0.0
2022-03-31 00:00:00-04:00,43.650001525878906,44.279998779296875,41.86000061035156,41.900001525878906,40.217857360839844,3496300,0.0,0.0
2022-04-01 00:00:00-04:00,42.619998931884766,43.04999923706055,41.81999969482422,42.369998931884766,40.66897964477539,3546800,0.0,0.0
2022-04-04 00:00:00-04:00,42.779998779296875,43.560001373291016,42.36000061035156,43.16999816894531,41.43686294555664,3193100,0.0,0.0
2022-04-05 00:00:00-04:00,43.130001068115234,43.66999816894531,41.58000183105469,41.900001525878906,40.217857360839844,3389600,0.0,0.0
2022-04-06 00:00:00-04:00,41.18000030517578,41.45000076293945,40.310001373291016,40.75,39.11402130126953,3434600,0.0,0.0
2022-04-07 00:00:00-04:00,40.66999816894531,41.38999938964844,39.61000061035156,40.25,38.63409423828125,3502000,0.0,0.0
2022-04-08 00:00:00-04:00,40.189998626708984,41.90999984741211,39.959999084472656,40.66999816894531,39.0372314453125,3370600,0.0,0.0
2022-04-11 00:00:00-04:00,40.13999938964844,42.040000915527344,40.11000061035156,41.470001220703125,39.80511474609375,2118000,0.0,0.0
2022-04-12 00:00:00-04:00,42.63999938964844,43.150001525878906,41.54999923706055,41.810001373291016,40.1314697265625,7494600,0.0,0.0
2022-04-13 00:00:00-04:00,41.86000061035156,42.97999954223633,41.810001373291016,42.70000076293945,40.98573684692383,2141900,0.0,0.0
2022-04-14 00:00:00-04:00,42.810001373291016,43.439998626708984,42.02000045776367,42.209999084472656,40.51539993286133,1834700,0.0,0.0
2022-04-18 00:00:00-04:00,42.0,42.79999923706055,41.68000030517578,42.06999969482422,40.38103103637695,1976700,0.0,0.0
2022-04-19 00:00:00-04:00,42.36000061035156,43.90999984741211,42.119998931884766,43.689998626708984,41.93599319458008,2310700,0.0,0.0
2022-04-20 00:00:00-04:00,44.0099983215332,44.790000915527344,43.5099983215332,43.90999984741211,42.147151947021484,2251400,0.0,0.0
2022-04-21 00:00:00-04:00,44.7400016784668,44.9900016784668,43.060001373291016,43.310001373291016,41.57124328613281,1720100,0.0,0.0
2022-04-22 00:00:00-04:00,43.060001373291016,43.150001525878906,41.84000015258789,41.90999984741211,40.22745132446289,2152900,0.0,0.0
2022-04-25 00:00:00-04:00,41.689998626708984,43.790000915527344,40.900001525878906,43.66999816894531,41.91679000854492,2262500,0.0,0.0
2022-04-26 00:00:00-04:00,43.29999923706055,44.040000915527344,42.529998779296875,42.58000183105469,40.87055587768555,1898900,0.0,0.0
2022-04-27 00:00:00-04:00,42.689998626708984,43.15999984741211,41.43000030517578,41.650001525878906,39.9778938293457,2932700,0.0,0.0
2022-04-28 00:00:00-04:00,42.52000045776367,43.849998474121094,41.22999954223633,43.52000045776367,41.77281951904297,3014000,0.0,0.0
2022-04-29 00:00:00-04:00,43.7400016784668,44.150001525878906,41.630001068115234,41.7599983215332,40.08346939086914,2656200,0.0,0.0
2022-05-02 00:00:00-04:00,41.689998626708984,42.52000045776367,41.11000061035156,42.439998626708984,40.736175537109375,3546500,0.0,0.0
2022-05-03 00:00:00-04:00,42.45000076293945,44.02000045776367,42.060001373291016,43.61000061035156,41.859195709228516,6817100,0.0,0.0
2022-05-04 00:00:00-04:00,43.97999954223633,46.0,42.63999938964844,45.86000061035156,44.01887512207031,3321400,0.0,0.0
2022-05-05 00:00:00-04:00,44.86000061035156,45.11000061035156,42.7400016784668,43.29999923706055,41.5616455078125,2824900,0.0,0.0
2022-05-06 00:00:00-04:00,42.79999923706055,43.279998779296875,41.380001068115234,42.790000915527344,41.072120666503906,2262700,0.0,0.0
2022-05-09 00:00:00-04:00,42.11000061035156,43.790000915527344,42.029998779296875,42.66999816894531,40.95693588256836,3234000,0.0,0.0
2022-05-10 00:00:00-04:00,43.31999969482422,43.439998626708984,41.33000183105469,41.900001525878906,40.217857360839844,3411000,0.0,0.0
2022-05-11 00:00:00-04:00,41.689998626708984,42.0099983215332,40.22999954223633,40.4900016784668,38.86445999145508,3908800,0.0,0.0
2022-05-12 00:00:00-04:00,40.529998779296875,42.65999984741211,40.29999923706055,42.15999984741211,40.467403411865234,2741000,0.0,0.0
2022-05-13 00:00:00-04:00,42.45000076293945,43.15999984741211,41.939998626708984,42.529998779296875,40.82255935668945,5990900,0.0,0.0
2022-05-16 00:00:00-04:00,42.619998931884766,43.08000183105469,40.560001373291016,42.72999954223633,41.014530181884766,2827600,0.0,0.0
2022-05-17 00:00:00-04:00,43.70000076293945,44.560001373291016,42.779998779296875,44.439998626708984,42.655879974365234,6018800,0.0,0.0
2022-05-18 00:00:00-04:00,43.2599983215332,43.61000061035156,41.36000061035156,41.63999938964844,39.96828842163086,3210900,0.0,0.0
2022-05-19 00:00:00-04:00,41.63999938964844,42.72999954223633,41.45000076293945,41.66999816894531,39.9970817565918,3300700,0.0,0.0
2022-05-20 00:00:00-04:00,42.36000061035156,42.779998779296875,41.27000045776367,42.7400016784668,41.02412796020508,2171400,0.0,0.0
2022-05-23 00:00:00-04:00,43.2400016784668,43.380001068115234,41.619998931884766,42.43000030517578,40.7265739440918,2696800,0.0,0.0
2022-05-24 00:00:00-04:00,42.130001068115234,42.29999923706055,40.119998931884766,40.93000030517578,39.28678894042969,2940700,0.0,0.0
2022-05-25 00:00:00-04:00,40.900001525878906,43.189998626708984,40.79999923706055,42.970001220703125,41.24489212036133,2605500,0.0,0.0
2022-05-26 00:00:00-04:00,43.5,45.20000076293945,43.38999938964844,44.97999954223633,43.1742057800293,2534100,0.0,0.0
2022-05-27 00:00:00-04:00,45.16999816894531,45.709999084472656,44.619998931884766,45.689998626708984,43.855682373046875,2189500,0.0,0.0
2022-05-31 00:00:00-04:00,44.93000030517578,45.70000076293945,44.33000183105469,45.2599983215332,43.442962646484375,3045700,0.0,0.0
2022-06-01 00:00:00-04:00,45.54999923706055,45.70000076293945,44.630001068115234,44.91999816894531,43.116600036621094,2049200,0.0,0.0
2022-06-02 00:00:00-04:00,45.16999816894531,45.810001373291016,44.689998626708984,45.5099983215332,43.68292236328125,1691600,0.0,0.0
2022-06-03 00:00:00-04:00,44.83000183105469,45.63999938964844,44.5099983215332,45.060001373291016,43.2509880065918,1167300,0.0,0.0
2022-06-06 00:00:00-04:00,45.02000045776367,45.599998474121094,44.61000061035156,45.119998931884766,43.3085823059082,1587100,0.0,0.0
2022-06-07 00:00:00-04:00,44.33000183105469,45.369998931884766,44.040000915527344,45.29999923706055,43.48134994506836,2085400,0.0,0.0
2022-06-08 00:00:00-04:00,44.810001373291016,45.08000183105469,43.86000061035156,44.06999969482422,42.30072784423828,1736600,0.0,0.0
2022-06-09 00:00:00-04:00,43.66999816894531,44.84000015258789,43.599998474121094,43.9900016784668,42.36814880371094,1701100,0.15,0.0
2022-06-10 00:00:00-04:00,43.369998931884766,43.7599983215332,41.939998626708984,42.0,40.45153045654297,2270800,0.0,0.0
2022-06-13 00:00:00-04:00,40.7400016784668,41.72999954223633,39.61000061035156,39.970001220703125,38.49637222290039,4716900,0.0,0.0
2022-06-14 00:00:00-04:00,40.040000915527344,40.72999954223633,39.59000015258789,39.880001068115234,38.40968322753906,2747900,0.0,0.0
2022-06-15 00:00:00-04:00,40.220001220703125,40.619998931884766,38.599998474121094,39.43000030517578,37.97627258300781,2793600,0.0,0.0
2022-06-16 00:00:00-04:00,38.099998474121094,38.40999984741211,35.86000061035156,36.27000045776367,34.93277359008789,3090500,0.0,0.0
2022-06-17 00:00:00-04:00,36.029998779296875,36.63999938964844,35.029998779296875,36.25,34.91351318359375,8333200,0.0,0.0
2022-06-21 00:00:00-04:00,37.40999984741211,37.810001373291016,36.16999816894531,37.16999816894531,35.79958724975586,2909200,0.0,0.0
2022-06-22 00:00:00-04:00,35.90999984741211,38.36000061035156,35.83000183105469,37.91999816894531,36.52194595336914,4543500,0.0,0.0
2022-06-23 00:00:00-04:00,38.31999969482422,39.810001373291016,38.25,39.720001220703125,38.255584716796875,3264500,0.0,0.0
2022-06-24 00:00:00-04:00,39.880001068115234,40.869998931884766,39.45000076293945,40.38999938964844,38.90087890625,3589000,0.0,0.0
2022-06-27 00:00:00-04:00,40.36000061035156,41.099998474121094,40.0,40.59000015258789,39.093502044677734,2195000,0.0,0.0
2022-06-28 00:00:00-04:00,40.779998779296875,41.2400016784668,39.84000015258789,39.869998931884766,38.400054931640625,2174800,0.0,0.0
2022-06-29 00:00:00-04:00,39.869998931884766,40.040000915527344,38.97999954223633,39.59000015258789,38.1303825378418,1920600,0.0,0.0
2022-06-30 00:00:00-04:00,39.099998474121094,40.150001525878906,38.68000030517578,39.630001068115234,38.16889190673828,2109400,0.0,0.0
2022-07-01 00:00:00-04:00,39.81999969482422,42.5,39.54999923706055,42.220001220703125,40.663414001464844,3384300,0.0,0.0
2022-07-05 00:00:00-04:00,41.529998779296875,43.7400016784668,41.2599983215332,43.720001220703125,42.10810852050781,3319000,0.0,0.0
2022-07-06 00:00:00-04:00,43.91999816894531,44.349998474121094,42.13999938964844,43.2400016784668,41.645790100097656,2758400,0.0,0.0
2022-07-07 00:00:00-04:00,43.38999938964844,43.93000030517578,42.599998474121094,43.58000183105469,41.973270416259766,1924700,0.0,0.0
2022-07-08 00:00:00-04:00,43.13999938964844,44.58000183105469,43.13999938964844,44.20000076293945,42.570411682128906,2341500,0.0,0.0
2022-07-11 00:00:00-04:00,43.97999954223633,44.790000915527344,43.79999923706055,44.0,42.37778091430664,2007300,0.0,0.0
2022-07-12 00:00:00-04:00,43.66999816894531,45.470001220703125,43.59000015258789,44.060001373291016,42.43558120727539,2853200,0.0,0.0
2022-07-13 00:00:00-04:00,42.88999938964844,44.630001068115234,42.349998474121094,44.33000183105469,42.695613861083984,1874400,0.0,0.0
2022-07-14 00:00:00-04:00,43.75,43.970001220703125,42.720001220703125,43.79999923706055,42.185157775878906,2959600,0.0,0.0
2022-07-15 00:00:00-04:00,44.650001525878906,44.75,42.970001220703125,43.95000076293945,42.329627990722656,1775900,0.0,0.0
2022-07-18 00:00:00-04:00,43.81999969482422,44.33000183105469,43.15999984741211,43.459999084472656,41.85768508911133,2118900,0.0,0.0
2022-07-19 00:00:00-04:00,44.0,44.849998474121094,43.20000076293945,44.54999923706055,42.907501220703125,2033000,0.0,0.0
2022-07-20 00:00:00-04:00,44.45000076293945,44.7599983215332,43.83000183105469,44.369998931884766,42.73414611816406,2210800,0.0,0.0
2022-07-21 00:00:00-04:00,43.849998474121094,45.61000061035156,43.0,45.58000183105469,43.899539947509766,2773400,0.0,0.0
2022-07-22 00:00:00-04:00,46.040000915527344,47.209999084472656,45.25,45.90999984741211,44.21735763549805,1912500,0.0,0.0
2022-07-25 00:00:00-04:00,45.2400016784668,45.369998931884766,44.290000915527344,44.70000076293945,43.05196762084961,2879200,0.0,0.0
2022-07-26 00:00:00-04:00,45.189998626708984,45.29999923706055,42.77000045776367,42.79999923706055,41.222023010253906,3209700,0.0,0.0
2022-07-27 00:00:00-04:00,42.43000030517578,43.88999938964844,41.61000061035156,43.65999984741211,42.05031967163086,3401000,0.0,0.0
2022-07-28 00:00:00-04:00,43.810001373291016,44.38999938964844,42.939998626708984,43.709999084472656,42.098480224609375,2697500,0.0,0.0
2022-07-29 00:00:00-04:00,43.70000076293945,43.880001068115234,42.720001220703125,43.619998931884766,42.01178741455078,2154000,0.0,0.0
2022-08-01 00:00:00-04:00,43.619998931884766,44.779998779296875,43.15999984741211,44.16999816894531,42.541507720947266,2776700,0.0,0.0
2022-08-02 00:00:00-04:00,43.619998931884766,43.869998931884766,41.68000030517578,41.70000076293945,40.16258239746094,2388200,0.0,0.0
2022-08-03 00:00:00-04:00,42.0,42.349998474121094,41.27000045776367,41.86000061035156,40.31667709350586,2340600,0.0,0.0
2022-08-04 00:00:00-04:00,41.7599983215332,43.099998474121094,41.380001068115234,42.619998931884766,41.04865646362305,2045800,0.0,0.0
2022-08-05 00:00:00-04:00,41.68000030517578,42.47999954223633,41.130001068115234,42.380001068115234,40.817508697509766,1510300,0.0,0.0
2022-08-08 00:00:00-04:00,42.709999084472656,43.959999084472656,42.65999984741211,43.52000045776367,41.915489196777344,1685400,0.0,0.0
2022-08-09 00:00:00-04:00,43.2400016784668,43.470001220703125,42.0099983215332,42.18000030517578,40.62489700317383,1776300,0.0,0.0
2022-08-10 00:00:00-04:00,43.45000076293945,44.72999954223633,43.45000076293945,44.130001068115234,42.50299072265625,1985400,0.0,0.0
2022-08-11 00:00:00-04:00,44.630001068115234,45.189998626708984,44.13999938964844,44.27000045776367,42.6378288269043,1975900,0.0,0.0
2022-08-12 00:00:00-04:00,44.34000015258789,44.97999954223633,44.04999923706055,44.95000076293945,43.29275131225586,1367900,0.0,0.0
2022-08-15 00:00:00-04:00,44.619998931884766,45.15999984741211,44.220001220703125,44.40999984741211,42.772666931152344,1350200,0.0,0.0
2022-08-16 00:00:00-04:00,44.119998931884766,45.06999969482422,43.630001068115234,44.54999923706055,42.907501220703125,1315000,0.0,0.0
2022-08-17 00:00:00-04:00,43.9900016784668,44.119998931884766,43.25,43.5,41.89621353149414,1075100,0.0,0.0
2022-08-18 00:00:00-04:00,43.58000183105469,43.849998474121094,43.130001068115234,43.709999084472656,42.098480224609375,1023300,0.0,0.0
2022-08-19 00:00:00-04:00,43.290000915527344,43.349998474121094,42.13999938964844,42.310001373291016,40.75009536743164,2217100,0.0,0.0
2022-08-22 00:00:00-04:00,41.7400016784668,41.869998931884766,40.91999816894531,40.9900016784668,39.478755950927734,1643900,0.0,0.0
2022-08-23 00:00:00-04:00,41.029998779296875,41.7599983215332,41.029998779296875,41.150001525878906,39.63285446166992,1402900,0.0,0.0
2022-08-24 00:00:00-04:00,40.81999969482422,42.52000045776367,40.630001068115234,42.09000015258789,40.538204193115234,1880200,0.0,0.0
2022-08-25 00:00:00-04:00,41.77000045776367,43.18000030517578,41.77000045776367,43.04999923706055,41.46280288696289,1700900,0.0,0.0
2022-08-26 00:00:00-04:00,43.029998779296875,43.189998626708984,40.86000061035156,41.040000915527344,39.526912689208984,1665700,0.0,0.0
2022-08-29 00:00:00-04:00,40.619998931884766,41.630001068115234,40.58000183105469,40.90999984741211,39.401710510253906,1969200,0.0,0.0
2022-08-30 00:00:00-04:00,41.310001373291016,41.56999969482422,40.540000915527344,40.97999954223633,39.46913146972656,1997500,0.0,0.0
2022-08-31 00:00:00-04:00,41.08000183105469,41.349998474121094,40.2599983215332,40.65999984741211,39.16092300415039,3292600,0.0,0.0
2022-09-01 00:00:00-04:00,40.2599983215332,40.689998626708984,39.61000061035156,40.560001373291016,39.06460952758789,2839800,0.0,0.0
2022-09-02 00:00:00-04:00,41.15999984741211,41.349998474121094,40.09000015258789,40.45000076293945,38.95866394042969,1810300,0.0,0.0
2022-09-06 00:00:00-04:00,40.5099983215332,40.599998474121094,39.41999816894531,39.810001373291016,38.34226608276367,2907600,0.0,0.0
2022-09-07 00:00:00-04:00,39.970001220703125,40.720001220703125,39.88999938964844,40.630001068115234,39.13203048706055,2029900,0.0,0.0
2022-09-08 00:00:00-04:00,40.20000076293945,40.869998931884766,39.810001373291016,40.81999969482422,39.31501388549805,2191100,0.0,0.0
2022-09-09 00:00:00-04:00,41.16999816894531,42.0,40.88999938964844,41.77000045776367,40.22999954223633,1837200,0.0,0.0
2022-09-12 00:00:00-04:00,42.119998931884766,42.630001068115234,41.88999938964844,42.130001068115234,40.576725006103516,1641200,0.0,0.0
2022-09-13 00:00:00-04:00,40.52000045776367,40.83000183105469,39.06999969482422,39.20000076293945,37.754756927490234,3404200,0.0,0.0
2022-09-14 00:00:00-04:00,39.400001525878906,39.470001220703125,38.369998931884766,38.90999984741211,37.4754524230957,2670800,0.0,0.0
2022-09-15 00:00:00-04:00,39.02000045776367,39.849998474121094,38.720001220703125,38.86000061035156,37.42729568481445,2290100,0.0,0.0
2022-09-16 00:00:00-04:00,38.540000915527344,39.68000030517578,38.41999816894531,39.36000061035156,37.90885543823242,6318700,0.0,0.0
2022-09-19 00:00:00-04:00,39.849998474121094,40.95000076293945,39.84000015258789,40.66999816894531,39.17055130004883,3144400,0.0,0.0
2022-09-20 00:00:00-04:00,39.90999984741211,40.33000183105469,39.619998931884766,39.97999954223633,38.50598907470703,2918200,0.0,0.0
2022-09-21 00:00:00-04:00,40.11000061035156,40.84000015258789,39.2599983215332,39.34000015258789,38.03228759765625,2213600,0.15,0.0
2022-09-22 00:00:00-04:00,39.040000915527344,39.70000076293945,38.68000030517578,38.90999984741211,37.616580963134766,3085500,0.0,0.0
2022-09-23 00:00:00-04:00,38.4900016784668,39.27000045776367,38.22999954223633,39.150001525878906,37.848609924316406,2625000,0.0,0.0
2022-09-26 00:00:00-04:00,38.900001525878906,39.220001220703125,37.869998931884766,37.90999984741211,36.64982223510742,1949800,0.0,0.0
2022-09-27 00:00:00-04:00,38.41999816894531,38.650001525878906,37.22999954223633,37.540000915527344,36.2921257019043,2067500,0.0,0.0
2022-09-28 00:00:00-04:00,38.08000183105469,39.75,37.7599983215332,39.439998626708984,38.12895965576172,2496200,0.0,0.0
2022-09-29 00:00:00-04:00,38.63999938964844,38.72999954223633,37.93000030517578,38.13999938964844,36.872169494628906,1821700,0.0,0.0
2022-09-30 00:00:00-04:00,38.08000183105469,38.290000915527344,37.439998626708984,37.5,36.25344467163086,2481600,0.0,0.0
2022-10-03 00:00:00-04:00,38.2599983215332,39.47999954223633,37.79999923706055,39.25,37.94526672363281,2542300,0.0,0.0
2022-10-04 00:00:00-04:00,39.970001220703125,41.0099983215332,39.970001220703125,40.9900016784668,39.627437591552734,2159400,0.0,0.0
2022-10-05 00:00:00-04:00,40.47999954223633,41.09000015258789,40.18000030517578,40.86000061035156,39.50176239013672,1957100,0.0,0.0
2022-10-06 00:00:00-04:00,40.689998626708984,41.5,40.52000045776367,41.27000045776367,39.898128509521484,1732700,0.0,0.0
2022-10-07 00:00:00-04:00,40.689998626708984,40.689998626708984,39.52000045776367,40.09000015258789,38.75734329223633,1950700,0.0,0.0
2022-10-10 00:00:00-04:00,40.470001220703125,40.599998474121094,39.540000915527344,39.86000061035156,38.53499984741211,1591800,0.0,0.0
2022-10-11 00:00:00-04:00,39.630001068115234,40.7400016784668,39.290000915527344,39.95000076293945,38.62200164794922,1647000,0.0,0.0
2022-10-12 00:00:00-04:00,39.900001525878906,40.099998474121094,38.970001220703125,39.0,37.703582763671875,2199700,0.0,0.0
2022-10-13 00:00:00-04:00,38.0,39.20000076293945,36.52000045776367,38.849998474121094,37.558570861816406,2804700,0.0,0.0
2022-10-14 00:00:00-04:00,39.099998474121094,39.439998626708984,37.220001220703125,37.58000183105469,36.33079528808594,2140400,0.0,0.0
2022-10-17 00:00:00-04:00,38.349998474121094,38.88999938964844,38.06999969482422,38.33000183105469,37.05585479736328,2066700,0.0,0.0
2022-10-18 00:00:00-04:00,39.119998931884766,39.68000030517578,38.7400016784668,39.630001068115234,38.31265640258789,2487000,0.0,0.0
2022-10-19 00:00:00-04:00,38.97999954223633,39.02000045776367,36.63999938964844,37.15999984741211,35.924747467041016,2849400,0.0,0.0
2022-10-20 00:00:00-04:00,37.310001373291016,38.20000076293945,36.5,36.59000015258789,35.37369918823242,2135000,0.0,0.0
2022-10-21 00:00:00-04:00,36.11000061035156,37.61000061035156,35.9900016784668,37.4900016784668,36.243778228759766,2764000,0.0,0.0
2022-10-24 00:00:00-04:00,37.83000183105469,38.189998626708984,37.209999084472656,37.959999084472656,36.69816589355469,3586200,0.0,0.0
2022-10-25 00:00:00-04:00,37.959999084472656,40.5099983215332,37.779998779296875,39.54999923706055,38.23530960083008,5781900,0.0,0.0
2022-10-26 00:00:00-04:00,39.099998474121094,39.90999984741211,38.79999923706055,38.880001068115234,37.58757400512695,3130300,0.0,0.0
2022-10-27 00:00:00-04:00,38.97999954223633,40.2400016784668,38.5099983215332,39.22999954223633,37.925941467285156,3234700,0.0,0.0
2022-10-28 00:00:00-04:00,38.970001220703125,40.45000076293945,38.790000915527344,40.33000183105469,38.9893798828125,2043200,0.0,0.0
2022-10-31 00:00:00-04:00,39.810001373291016,40.119998931884766,39.04999923706055,39.9900016784668,38.66067886352539,2742700,0.0,0.0
2022-11-01 00:00:00-04:00,40.90999984741211,41.040000915527344,39.439998626708984,39.79999923706055,38.47699737548828,2860400,0.0,0.0
2022-11-02 00:00:00-04:00,39.619998931884766,40.619998931884766,38.619998931884766,38.63999938964844,37.355552673339844,2584200,0.0,0.0
2022-11-03 00:00:00-04:00,37.81999969482422,38.08000183105469,37.060001373291016,37.220001220703125,35.982757568359375,2750900,0.0,0.0
2022-11-04 00:00:00-04:00,37.900001525878906,38.619998931884766,37.33000183105469,38.2599983215332,36.98817825317383,2192600,0.0,0.0
2022-11-07 00:00:00-05:00,38.5099983215332,38.77000045776367,37.630001068115234,38.720001220703125,37.432891845703125,2046400,0.0,0.0
2022-11-08 00:00:00-05:00,38.91999816894531,39.400001525878906,38.209999084472656,38.91999816894531,37.62623596191406,2991700,0.0,0.0
2022-11-09 00:00:00-05:00,38.599998474121094,40.220001220703125,38.310001373291016,38.58000183105469,37.29754638671875,2829100,0.0,0.0
2022-11-10 00:00:00-05:00,41.08000183105469,44.220001220703125,41.029998779296875,43.779998779296875,42.32469177246094,4704600,0.0,0.0
2022-11-11 00:00:00-05:00,43.81999969482422,44.869998931884766,43.47999954223633,44.369998931884766,42.89507293701172,2785300,0.0,0.0
2022-11-14 00:00:00-05:00,44.20000076293945,44.349998474121094,42.4900016784668,42.5099983215332,41.096900939941406,2646000,0.0,0.0
2022-11-15 00:00:00-05:00,43.58000183105469,44.29999923706055,42.70000076293945,43.619998931884766,42.17000961303711,2415000,0.0,0.0
2022-11-16 00:00:00-05:00,43.34000015258789,43.790000915527344,43.060001373291016,43.70000076293945,42.247344970703125,2262400,0.0,0.0
2022-11-17 00:00:00-05:00,42.54999923706055,42.900001525878906,41.720001220703125,42.84000015258789,41.41594314575195,1918900,0.0,0.0
2022-11-18 00:00:00-05:00,43.560001373291016,43.650001525878906,42.189998626708984,42.849998474121094,41.42559814453125,1442300,0.0,0.0
2022-11-21 00:00:00-05:00,42.81999969482422,42.84000015258789,42.04999923706055,42.40999984741211,41.0002326965332,1599200,0.0,0.0
2022-11-22 00:00:00-05:00,43.11000061035156,43.75,43.0,43.72999954223633,42.27635192871094,1540500,0.0,0.0
2022-11-23 00:00:00-05:00,43.72999954223633,44.790000915527344,43.31999969482422,44.70000076293945,43.2140998840332,1806800,0.0,0.0
2022-11-25 00:00:00-05:00,44.27000045776367,44.58000183105469,44.20000076293945,44.52000045776367,43.04008865356445,988000,0.0,0.0
2022-11-28 00:00:00-05:00,44.02000045776367,44.38999938964844,43.619998931884766,43.81999969482422,42.36336135864258,1910500,0.0,0.0
2022-11-29 00:00:00-05:00,43.47999954223633,44.310001373291016,43.400001525878906,44.09000015258789,42.624385833740234,1924000,0.0,0.0
2022-11-30 00:00:00-05:00,43.849998474121094,44.849998474121094,42.79999923706055,44.779998779296875,43.29145050048828,6002300,0.0,0.0
2022-12-01 00:00:00-05:00,45.36000061035156,46.130001068115234,44.81999969482422,45.150001525878906,43.649147033691406,2285500,0.0,0.0
2022-12-02 00:00:00-05:00,44.209999084472656,45.09000015258789,44.040000915527344,44.59000015258789,43.107765197753906,1467700,0.0,0.0
2022-12-05 00:00:00-05:00,43.68000030517578,44.130001068115234,43.45000076293945,43.709999084472656,42.257022857666016,1410400,0.0,0.0
2022-12-06 00:00:00-05:00,43.88999938964844,44.04999923706055,42.779998779296875,43.380001068115234,41.9379768371582,2177900,0.0,0.0
2022-12-07 00:00:00-05:00,43.689998626708984,44.86000061035156,43.54999923706055,44.599998474121094,43.117427825927734,1568400,0.0,0.0
2022-12-08 00:00:00-05:00,44.36000061035156,45.0099983215332,44.08000183105469,44.40999984741211,42.933753967285156,1468800,0.0,0.0
2022-12-09 00:00:00-05:00,43.83000183105469,44.470001220703125,43.619998931884766,43.91999816894531,42.46003341674805,1156300,0.0,0.0
2022-12-12 00:00:00-05:00,44.060001373291016,45.02000045776367,43.79999923706055,44.81999969482422,43.33012390136719,1944900,0.0,0.0
2022-12-13 00:00:00-05:00,47.15999984741211,47.61000061035156,45.439998626708984,45.790000915527344,44.42647171020508,2780200,0.16,0.0
2022-12-14 00:00:00-05:00,46.209999084472656,46.83000183105469,45.5099983215332,46.33000183105469,44.95038604736328,2773300,0.0,0.0
2022-12-15 00:00:00-05:00,45.130001068115234,47.369998931884766,44.900001525878906,47.04999923706055,45.648948669433594,4093600,0.0,0.0
2022-12-16 00:00:00-05:00,46.11000061035156,46.619998931884766,45.779998779296875,46.29999923706055,44.92128372192383,4336600,0.0,0.0
2022-12-19 00:00:00-05:00,45.880001068115234,46.20000076293945,45.0,45.08000183105469,43.73761749267578,2126600,0.0,0.0
2022-12-20 00:00:00-05:00,44.720001220703125,45.22999954223633,44.400001525878906,44.779998779296875,43.4465446472168,1616500,0.0,0.0
2022-12-21 00:00:00-05:00,45.52000045776367,46.08000183105469,45.34000015258789,45.7599983215332,44.39735794067383,1388400,0.0,0.0
2022-12-22 00:00:00-05:00,45.13999938964844,46.04999923706055,44.88999938964844,46.029998779296875,44.65932083129883,1211800,0.0,0.0
2022-12-23 00:00:00-05:00,45.709999084472656,46.04999923706055,45.34000015258789,45.790000915527344,44.42647171020508,963800,0.0,0.0
2022-12-27 00:00:00-05:00,45.599998474121094,46.04999923706055,45.34000015258789,45.869998931884766,44.504085540771484,1092200,0.0,0.0
2022-12-28 00:00:00-05:00,45.939998626708984,46.029998779296875,44.79999923706055,44.88999938964844,43.553279876708984,1221700,0.0,0.0
2022-12-29 00:00:00-05:00,45.040000915527344,46.150001525878906,44.59000015258789,45.81999969482422,44.45558166503906,930500,0.0,0.0
2022-12-30 00:00:00-05:00,45.27000045776367,45.7599983215332,45.11000061035156,45.529998779296875,44.17421340942383,1320800,0.0,0.0
2023-01-03 00:00:00-05:00,46.400001525878906,46.4900016784668,45.529998779296875,46.20000076293945,44.824256896972656,1500600,0.0,0.0
2023-01-04 00:00:00-05:00,46.880001068115234,47.65999984741211,46.52000045776367,47.40999984741211,45.99822998046875,2442900,0.0,0.0
2023-01-05 00:00:00-05:00,46.790000915527344,47.93000030517578,46.599998474121094,47.66999816894531,46.250484466552734,2150800,0.0,0.0
2023-01-06 00:00:00-05:00,48.02000045776367,48.529998779296875,47.81999969482422,48.310001373291016,46.87143325805664,1952700,0.0,0.0
2023-01-09 00:00:00-05:00,48.54999923706055,49.099998474121094,48.09000015258789,48.130001068115234,46.6967887878418,1506800,0.0,0.0
2023-01-10 00:00:00-05:00,47.72999954223633,48.5099983215332,47.40999984741211,48.43000030517578,46.987857818603516,1292900,0.0,0.0
2023-01-11 00:00:00-05:00,49.0,49.91999816894531,48.849998474121094,49.83000183105469,48.346168518066406,1848100,0.0,0.0
2023-01-12 00:00:00-05:00,49.9900016784668,50.5099983215332,49.119998931884766,50.310001373291016,48.81188201904297,2071700,0.0,0.0
2023-01-13 00:00:00-05:00,49.36000061035156,50.93000030517578,49.27000045776367,50.7400016784668,49.22908020019531,2086000,0.0,0.0
2023-01-17 00:00:00-05:00,50.810001373291016,51.369998931884766,50.560001373291016,51.06999969482422,49.54923629760742,2638400,0.0,0.0
2023-01-18 00:00:00-05:00,51.29999923706055,52.279998779296875,50.880001068115234,50.970001220703125,49.45222091674805,2472600,0.0,0.0
2023-01-19 00:00:00-05:00,50.939998626708984,51.060001373291016,49.88999938964844,50.18000030517578,48.68574523925781,1973300,0.0,0.0
2023-01-20 00:00:00-05:00,50.41999816894531,50.75,49.47999954223633,50.709999084472656,49.19997024536133,1945100,0.0,0.0
2023-01-23 00:00:00-05:00,50.529998779296875,51.45000076293945,50.41999816894531,51.060001373291016,49.539546966552734,1528400,0.0,0.0
2023-01-24 00:00:00-05:00,51.650001525878906,52.0,50.79999923706055,51.619998931884766,50.08286666870117,1704400,0.0,0.0
2023-01-25 00:00:00-05:00,51.119998931884766,52.189998626708984,51.040000915527344,51.97999954223633,50.432151794433594,1662100,0.0,0.0
2023-01-26 00:00:00-05:00,52.27000045776367,52.83000183105469,51.380001068115234,52.369998931884766,50.81052017211914,1800800,0.0,0.0
2023-01-27 00:00:00-05:00,52.189998626708984,53.189998626708984,51.97999954223633,52.619998931884766,51.0530891418457,2225200,0.0,0.0
2023-01-30 00:00:00-05:00,52.15999984741211,53.02000045776367,51.93000030517578,51.9900016784668,50.44185256958008,2971900,0.0,0.0
2023-01-31 00:00:00-05:00,56.20000076293945,56.97999954223633,55.06999969482422,56.88999938964844,55.195926666259766,7896100,0.0,0.0
2023-02-01 00:00:00-05:00,56.790000915527344,58.650001525878906,56.06999969482422,58.439998626708984,56.69978332519531,5325100,0.0,0.0
2023-02-02 00:00:00-05:00,59.119998931884766,60.88999938964844,58.970001220703125,60.27000045776367,58.47528839111328,3653700,0.0,0.0
2023-02-03 00:00:00-05:00,58.7400016784668,59.779998779296875,58.2599983215332,58.79999923706055,57.0490608215332,2772700,0.0,0.0
2023-02-06 00:00:00-05:00,58.0,58.15999984741211,57.33000183105469,57.47999954223633,55.76836395263672,2527300,0.0,0.0
2023-02-07 00:00:00-05:00,56.97999954223633,58.33000183105469,56.70000076293945,58.06999969482422,56.34080123901367,2849400,0.0,0.0
2023-02-08 00:00:00-05:00,57.720001220703125,57.72999954223633,55.2599983215332,55.5099983215332,53.857032775878906,3785800,0.0,0.0
2023-02-09 00:00:00-05:00,56.209999084472656,56.630001068115234,55.349998474121094,55.56999969482422,53.91524124145508,2636100,0.0,0.0
2023-02-10 00:00:00-05:00,55.2400016784668,56.220001220703125,55.220001220703125,55.97999954223633,54.313026428222656,2657600,0.0,0.0
2023-02-13 00:00:00-05:00,55.97999954223633,57.41999816894531,55.65999984741211,57.38999938964844,55.68103790283203,2632400,0.0,0.0
2023-02-14 00:00:00-05:00,56.66999816894531,57.41999816894531,56.25,56.47999954223633,54.798152923583984,2125300,0.0,0.0
2023-02-15 00:00:00-05:00,55.959999084472656,57.08000183105469,55.720001220703125,56.7400016784668,55.0504035949707,1496800,0.0,0.0
2023-02-16 00:00:00-05:00,55.529998779296875,56.38999938964844,55.22999954223633,55.90999984741211,54.245121002197266,2438200,0.0,0.0
2023-02-17 00:00:00-05:00,55.380001068115234,55.459999084472656,53.54999923706055,54.29999923706055,52.68305969238281,3175300,0.0,0.0
2023-02-21 00:00:00-05:00,52.849998474121094,53.88999938964844,52.59000015258789,52.7599983215332,51.18892288208008,2617900,0.0,0.0
2023-02-22 00:00:00-05:00,53.400001525878906,53.81999969482422,52.83000183105469,53.119998931884766,51.53820037841797,2212200,0.0,0.0
2023-02-23 00:00:00-05:00,53.4900016784668,54.220001220703125,52.79999923706055,54.0,52.39198684692383,1901100,0.0,0.0
2023-02-24 00:00:00-05:00,52.77000045776367,53.709999084472656,52.63999938964844,53.58000183105469,51.9845085144043,2756800,0.0,0.0
2023-02-27 00:00:00-05:00,54.31999969482422,54.5,53.5,53.70000076293945,52.100929260253906,1609600,0.0,0.0
2023-02-28 00:00:00-05:00,53.599998474121094,54.95000076293945,53.599998474121094,54.66999816894531,53.04204177856445,3437300,0.0,0.0
2023-03-01 00:00:00-05:00,54.400001525878906,55.400001525878906,54.130001068115234,54.220001220703125,52.60544204711914,2327400,0.0,0.0
2023-03-02 00:00:00-05:00,53.68000030517578,54.41999816894531,53.400001525878906,54.279998779296875,52.663658142089844,2146300,0.0,0.0
2023-03-03 00:00:00-05:00,55.0099983215332,55.56999969482422,54.47999954223633,55.189998626708984,53.54655838012695,2133200,0.0,0.0
2023-03-06 00:00:00-05:00,54.88999938964844,55.41999816894531,54.439998626708984,54.790000915527344,53.15846252441406,2817700,0.0,0.0
2023-03-07 00:00:00-05:00,55.0099983215332,55.349998474121094,54.02000045776367,54.040000915527344,52.43081283569336,2893000,0.0,0.0
2023-03-08 00:00:00-05:00,54.41999816894531,54.790000915527344,53.7599983215332,54.75,53.11966323852539,2886800,0.0,0.0
2023-03-09 00:00:00-05:00,54.83000183105469,55.84000015258789,54.400001525878906,54.439998626708984,52.818885803222656,2944600,0.0,0.0
2023-03-10 00:00:00-05:00,54.7599983215332,55.16999816894531,52.40999984741211,53.470001220703125,51.87778091430664,3497000,0.0,0.0
2023-03-13 00:00:00-04:00,52.400001525878906,54.63999938964844,52.2400016784668,54.209999084472656,52.59574508666992,4165700,0.0,0.0
2023-03-14 00:00:00-04:00,54.88999938964844,55.66999816894531,54.43000030517578,55.02000045776367,53.38161849975586,3146000,0.0,0.0
2023-03-15 00:00:00-04:00,54.41999816894531,55.81999969482422,53.54999923706055,54.619998931884766,52.99352264404297,3351600,0.0,0.0
2023-03-16 00:00:00-04:00,54.63999938964844,56.189998626708984,53.91999816894531,55.959999084472656,54.29362106323242,3010400,0.0,0.0
2023-03-17 00:00:00-04:00,55.959999084472656,56.040000915527344,54.91999816894531,55.41999816894531,53.92388153076172,8678900,0.16,0.0
2023-03-20 00:00:00-04:00,55.56999969482422,56.08000183105469,55.15999984741211,55.36000061035156,53.86551284790039,2707900,0.0,0.0
2023-03-21 00:00:00-04:00,55.90999984741211,56.5,55.61000061035156,55.81999969482422,54.31307601928711,2826800,0.0,0.0
2023-03-22 00:00:00-04:00,56.540000915527344,57.16999816894531,55.91999816894531,55.93000030517578,54.42012023925781,3243300,0.0,0.0
2023-03-23 00:00:00-04:00,56.790000915527344,57.88999938964844,55.86000061035156,56.38999938964844,54.867706298828125,2749400,0.0,0.0
2023-03-24 00:00:00-04:00,56.209999084472656,56.939998626708984,55.2599983215332,56.65999984741211,55.130409240722656,2105700,0.0,0.0
2023-03-27 00:00:00-04:00,56.93000030517578,57.439998626708984,56.470001220703125,56.54999923706055,55.02338409423828,1953900,0.0,0.0
2023-03-28 00:00:00-04:00,56.72999954223633,57.56999969482422,56.709999084472656,57.27000045776367,55.72394561767578,1683300,0.0,0.0
2023-03-29 00:00:00-04:00,57.70000076293945,57.95000076293945,56.7599983215332,57.150001525878906,55.60718536376953,1711500,0.0,0.0
2023-03-30 00:00:00-04:00,57.31999969482422,57.33000183105469,56.630001068115234,56.779998779296875,55.24717330932617,1456500,0.0,0.0
2023-03-31 00:00:00-04:00,56.79999923706055,58.380001068115234,56.79999923706055,58.279998779296875,56.70668411254883,2728800,0.0,0.0
2023-04-03 00:00:00-04:00,58.029998779296875,59.150001525878906,58.029998779296875,59.0,57.407249450683594,1893900,0.0,0.0
2023-04-04 00:00:00-04:00,58.869998931884766,59.2400016784668,58.0,58.41999816894531,56.8428955078125,2290100,0.0,0.0
2023-04-05 00:00:00-04:00,58.15999984741211,58.849998474121094,58.060001373291016,58.630001068115234,57.0472297668457,1932000,0.0,0.0
2023-04-06 00:00:00-04:00,58.36000061035156,58.58000183105469,57.400001525878906,57.84000015258789,56.2785530090332,2150700,0.0,0.0
2023-04-10 00:00:00-04:00,57.61000061035156,58.869998931884766,57.2599983215332,58.33000183105469,56.75532913208008,2976600,0.0,0.0
2023-04-11 00:00:00-04:00,59.0099983215332,60.25,58.88999938964844,59.7599983215332,58.146724700927734,3059700,0.0,0.0
2023-04-12 00:00:00-04:00,60.150001525878906,60.400001525878906,59.58000183105469,59.75,58.137001037597656,2115300,0.0,0.0
2023-04-13 00:00:00-04:00,60.08000183105469,60.08000183105469,59.189998626708984,59.209999084472656,57.611572265625,2584000,0.0,0.0
2023-04-14 00:00:00-04:00,59.459999084472656,60.209999084472656,59.349998474121094,60.13999938964844,58.51646041870117,2915700,0.0,0.0
2023-04-17 00:00:00-04:00,59.970001220703125,60.79999923706055,59.95000076293945,60.59000015258789,58.95431900024414,2125000,0.0,0.0
2023-04-18 00:00:00-04:00,61.119998931884766,62.720001220703125,61.0,62.59000015258789,60.900333404541016,3667500,0.0,0.0
2023-04-19 00:00:00-04:00,62.18000030517578,62.59000015258789,61.7400016784668,62.439998626708984,60.75438690185547,2063900,0.0,0.0
2023-04-20 00:00:00-04:00,63.709999084472656,64.48999786376953,62.720001220703125,62.810001373291016,61.1143913269043,3213600,0.0,0.0
2023-04-21 00:00:00-04:00,62.849998474121094,63.16999816894531,62.18000030517578,62.83000183105469,61.133846282958984,2301000,0.0,0.0
2023-04-24 00:00:00-04:00,62.349998474121094,64.0199966430664,62.349998474121094,63.86000061035156,62.13604736328125,4045500,0.0,0.0
2023-04-25 00:00:00-04:00,64.81999969482422,66.08000183105469,64.5,64.94999694824219,63.19662094116211,6770700,0.0,0.0
2023-04-26 00:00:00-04:00,64.70999908447266,65.41999816894531,64.41000366210938,64.62999725341797,62.88525390625,4256500,0.0,0.0
2023-04-27 00:00:00-04:00,65.51000213623047,66.2699966430664,64.86000061035156,66.2699966430664,64.4809799194336,3958200,0.0,0.0
2023-04-28 00:00:00-04:00,66.45999908447266,67.19999694824219,66.27999877929688,67.1500015258789,65.33723449707031,3065800,0.0,0.0
2023-05-01 00:00:00-04:00,67.05000305175781,67.4000015258789,65.55999755859375,65.77999877929688,64.00421905517578,3758400,0.0,0.0
2023-05-02 00:00:00-04:00,65.7699966430664,65.93000030517578,64.69999694824219,65.7699966430664,63.99448013305664,3898400,0.0,0.0
2023-05-03 00:00:00-04:00,66.0,67.20999908447266,65.97000122070312,66.48999786376953,64.6950454711914,4048100,0.0,0.0
2023-05-04 00:00:00-04:00,66.55000305175781,67.0,65.81999969482422,66.37000274658203,64.57829284667969,3393800,0.0,0.0
2023-05-05 00:00:00-04:00,66.75,67.22000122070312,66.05000305175781,67.0199966430664,65.21072387695312,2454600,0.0,0.0
2023-05-08 00:00:00-04:00,66.69999694824219,67.91000366210938,66.63999938964844,67.77999877929688,65.95023345947266,2101400,0.0,0.0
2023-05-09 00:00:00-04:00,67.95999908447266,68.7300033569336,67.63999938964844,67.7300033569336,65.90157318115234,3538200,0.0,0.0
2023-05-10 00:00:00-04:00,68.27999877929688,68.5199966430664,67.0199966430664,67.80000305175781,65.96968841552734,3006200,0.0,0.0
2023-05-11 00:00:00-04:00,67.94999694824219,68.26000213623047,67.48999786376953,68.12000274658203,66.28104400634766,1939100,0.0,0.0
2023-05-12 00:00:00-04:00,68.23999786376953,68.87999725341797,67.66999816894531,68.43000030517578,66.58267974853516,2560000,0.0,0.0
2023-05-15 00:00:00-04:00,68.26000213623047,68.69000244140625,67.83000183105469,68.55000305175781,66.69944763183594,2431100,0.0,0.0
2023-05-16 00:00:00-04:00,67.83999633789062,69.68000030517578,67.62000274658203,69.36000061035156,67.48755645751953,3037400,0.0,0.0
2023-05-17 00:00:00-04:00,69.23999786376953,69.8499984741211,68.91999816894531,69.5,67.6238021850586,2595100,0.0,0.0
2023-05-18 00:00:00-04:00,69.56999969482422,70.54000091552734,69.1500015258789,70.1500015258789,68.2562255859375,2702100,0.0,0.0
2023-05-19 00:00:00-04:00,70.26000213623047,70.36000061035156,68.70999908447266,69.18000030517578,67.31243896484375,2237400,0.0,0.0
2023-05-22 00:00:00-04:00,69.20999908447266,69.91999816894531,67.36000061035156,67.41999816894531,65.59993743896484,2771900,0.0,0.0
2023-05-23 00:00:00-04:00,66.41999816894531,66.43000030517578,65.16000366210938,65.69000244140625,63.9166374206543,4263800,0.0,0.0
2023-05-24 00:00:00-04:00,65.98999786376953,66.55000305175781,65.41000366210938,65.76000213623047,63.9847412109375,2388000,0.0,0.0
2023-05-25 00:00:00-04:00,66.52999877929688,67.0999984741211,66.20999908447266,66.5199966430664,64.72422790527344,2302300,0.0,0.0
2023-05-26 00:00:00-04:00,66.04000091552734,66.41000366210938,65.51000213623047,65.87000274658203,64.09178161621094,2493400,0.0,0.0
2023-05-30 00:00:00-04:00,66.2699966430664,66.77999877929688,65.88999938964844,66.69000244140625,64.8896484375,2387700,0.0,0.0
2023-05-31 00:00:00-04:00,66.51000213623047,66.73999786376953,65.27999877929688,66.08000183105469,64.29611206054688,6403100,0.0,0.0
2023-06-01 00:00:00-04:00,66.13999938964844,67.37999725341797,66.04000091552734,67.30000305175781,65.4831771850586,2136500,0.0,0.0
2023-06-02 00:00:00-04:00,67.4800033569336,69.44000244140625,67.4800033569336,69.37999725341797,67.50701904296875,2472700,0.0,0.0
2023-06-05 00:00:00-04:00,69.25,69.77999877929688,68.47000122070312,69.41999816894531,67.54593658447266,1835700,0.0,0.0
2023-06-06 00:00:00-04:00,69.69999694824219,72.25,69.69999694824219,72.18000030517578,70.23145294189453,3192100,0.0,0.0
2023-06-07 00:00:00-04:00,72.25,72.88999938964844,71.45999908447266,71.56999969482422,69.63790130615234,3011600,0.0,0.0
2023-06-08 00:00:00-04:00,71.36000061035156,71.86000061035156,71.13999938964844,71.20999908447266,69.28760528564453,2332300,0.0,0.0
2023-06-09 00:00:00-04:00,71.19999694824219,72.36000061035156,70.83999633789062,71.98999786376953,70.04656219482422,2454700,0.0,0.0
2023-06-12 00:00:00-04:00,72.16000366210938,73.44000244140625,71.5,72.9000015258789,70.93199157714844,2365300,0.0,0.0
2023-06-13 00:00:00-04:00,73.19000244140625,74.19000244140625,73.19000244140625,73.88999938964844,71.89527130126953,3233300,0.0,0.0
2023-06-14 00:00:00-04:00,73.95999908447266,74.52999877929688,72.83999633789062,73.25,71.27255249023438,2696600,0.0,0.0
2023-06-15 00:00:00-04:00,74.12999725341797,74.51000213623047,73.30000305175781,73.95999908447266,71.9634017944336,2476700,0.0,0.0
2023-06-16 00:00:00-04:00,73.58000183105469,74.80999755859375,72.98999786376953,73.51000213623047,71.68060302734375,5782900,0.16,0.0
2023-06-20 00:00:00-04:00,73.95999908447266,75.18000030517578,73.80000305175781,74.87999725341797,73.01651763916016,2272200,0.0,0.0
2023-06-21 00:00:00-04:00,74.30000305175781,75.93000030517578,74.0999984741211,75.75,73.86485290527344,2384800,0.0,0.0
2023-06-22 00:00:00-04:00,75.36000061035156,76.31999969482422,75.12999725341797,76.05000305175781,74.15738677978516,2392100,0.0,0.0
2023-06-23 00:00:00-04:00,75.86000061035156,76.5199966430664,75.66000366210938,76.2699966430664,74.3719253540039,4495300,0.0,0.0
2023-06-26 00:00:00-04:00,76.37000274658203,77.4800033569336,75.87000274658203,76.02999877929688,74.13788604736328,2266400,0.0,0.0
2023-06-27 00:00:00-04:00,76.43000030517578,78.80000305175781,76.23999786376953,78.66999816894531,76.71218872070312,2253600,0.0,0.0
2023-06-28 00:00:00-04:00,78.30000305175781,79.1500015258789,77.58000183105469,77.72000122070312,75.78582763671875,3099700,0.0,0.0
2023-06-29 00:00:00-04:00,77.44999694824219,77.69000244140625,76.55000305175781,77.31999969482422,75.39579772949219,1835500,0.0,0.0
2023-06-30 00:00:00-04:00,77.7699966430664,78.1500015258789,76.98999786376953,77.68000030517578,75.74683380126953,2183600,0.0,0.0
2023-07-03 00:00:00-04:00,78.01000213623047,78.05000305175781,76.69000244140625,77.29000091552734,75.36652374267578,1389600,0.0,0.0
2023-07-05 00:00:00-04:00,78.11000061035156,78.36000061035156,76.77999877929688,77.12000274658203,75.20075988769531,2481900,0.0,0.0
2023-07-06 00:00:00-04:00,76.2699966430664,76.29000091552734,74.33000183105469,75.01000213623047,73.14328002929688,3177400,0.0,0.0
2023-07-07 00:00:00-04:00,74.9000015258789,75.86000061035156,74.83000183105469,75.02999877929688,73.16276550292969,2728500,0.0,0.0
2023-07-10 00:00:00-04:00,75.16999816894531,77.38999938964844,75.0,77.37999725341797,75.45429229736328,2127900,0.0,0.0
2023-07-11 00:00:00-04:00,77.5,78.44000244140625,77.47000122070312,78.19999694824219,76.25389099121094,2423800,0.0,0.0
2023-07-12 00:00:00-04:00,78.97000122070312,80.16999816894531,78.55000305175781,80.0,78.00908660888672,2332700,0.0,0.0
2023-07-13 00:00:00-04:00,80.48999786376953,81.05999755859375,80.0,80.3499984741211,78.35039520263672,2997400,0.0,0.0
2023-07-14 00:00:00-04:00,80.95999908447266,82.54000091552734,80.73999786376953,82.51000213623047,80.45662689208984,2401900,0.0,0.0
2023-07-17 00:00:00-04:00,81.94000244140625,82.43000030517578,81.22000122070312,81.69999694824219,79.66678619384766,2150700,0.0,0.0
2023-07-18 00:00:00-04:00,81.91000366210938,82.5199966430664,81.4800033569336,82.0199966430664,79.97881317138672,2203200,0.0,0.0
2023-07-19 00:00:00-04:00,81.58999633789062,82.19000244140625,81.06999969482422,81.95999908447266,79.92031860351562,2436800,0.0,0.0
2023-07-20 00:00:00-04:00,82.62000274658203,82.97000122070312,76.91000366210938,77.5199966430664,75.59080505371094,4334000,0.0,0.0
2023-07-21 00:00:00-04:00,77.5,78.80000305175781,77.22000122070312,78.08999633789062,76.1466293334961,2258500,0.0,0.0
2023-07-24 00:00:00-04:00,78.02999877929688,78.58999633789062,77.44999694824219,78.52999877929688,76.57566833496094,2845400,0.0,0.0
2023-07-25 00:00:00-04:00,77.83999633789062,83.87000274658203,77.62000274658203,83.41999816894531,81.34397888183594,5395900,0.0,0.0
2023-07-26 00:00:00-04:00,84.30999755859375,85.0,83.2300033569336,84.30000305175781,82.20207214355469,4217400,0.0,0.0
2023-07-27 00:00:00-04:00,85.0,86.01000213623047,83.12999725341797,83.63999938964844,81.5584945678711,2978100,0.0,0.0
2023-07-28 00:00:00-04:00,84.83000183105469,85.16999816894531,84.0,84.81999969482422,82.7091293334961,2277600,0.0,0.0
2023-07-31 00:00:00-04:00,85.30999755859375,85.48999786376953,83.22000122070312,84.38999938964844,82.28983306884766,1909500,0.0,0.0
2023-08-01 00:00:00-04:00,84.08999633789062,85.18000030517578,83.83000183105469,84.62000274658203,82.51410675048828,1596300,0.0,0.0
2023-08-02 00:00:00-04:00,83.97000122070312,84.37999725341797,82.44999694824219,83.55999755859375,81.48049926757812,2231100,0.0,0.0
2023-08-03 00:00:00-04:00,83.08999633789062,83.0999984741211,80.4800033569336,81.44999694824219,79.4229965209961,2621500,0.0,0.0
2023-08-04 00:00:00-04:00,82.16999816894531,84.5999984741211,81.55999755859375,84.3499984741211,82.25083923339844,2732200,0.0,0.0
2023-08-07 00:00:00-04:00,84.3499984741211,85.76000213623047,84.20999908447266,85.62999725341797,83.49897766113281,1752700,0.0,0.0
2023-08-08 00:00:00-04:00,85.0999984741211,86.12000274658203,84.38999938964844,86.01000213623047,83.86952209472656,1501700,0.0,0.0
2023-08-09 00:00:00-04:00,85.93000030517578,86.0999984741211,84.8499984741211,85.06999969482422,82.95291137695312,1499600,0.0,0.0
2023-08-10 00:00:00-04:00,85.56999969482422,86.16000366210938,82.05999755859375,82.95999908447266,80.89543914794922,1917500,0.0,0.0
2023-08-11 00:00:00-04:00,82.91000366210938,83.6500015258789,82.45999908447266,82.7699966430664,80.71015167236328,1716800,0.0,0.0
2023-08-14 00:00:00-04:00,82.61000061035156,84.08000183105469,82.22000122070312,84.04000091552734,81.94856262207031,1673200,0.0,0.0
2023-08-15 00:00:00-04:00,83.95999908447266,85.33000183105469,83.04000091552734,84.23999786376953,82.14358520507812,2268200,0.0,0.0
2023-08-16 00:00:00-04:00,84.19999694824219,84.7300033569336,82.30000305175781,82.55999755859375,80.50538635253906,2196100,0.0,0.0
2023-08-17 00:00:00-04:00,82.94999694824219,83.44000244140625,78.6500015258789,78.79000091552734,76.82920837402344,3032300,0.0,0.0
2023-08-18 00:00:00-04:00,78.13999938964844,79.72000122070312,77.77999877929688,79.30000305175781,77.32652282714844,2762800,0.0,0.0
2023-08-21 00:00:00-04:00,79.4000015258789,79.7300033569336,77.0,77.95999908447266,76.01985168457031,2409100,0.0,0.0
2023-08-22 00:00:00-04:00,77.95999908447266,79.75,77.95999908447266,78.83000183105469,76.86820983886719,2330200,0.0,0.0
2023-08-23 00:00:00-04:00,79.44999694824219,81.06999969482422,78.91999816894531,79.66000366210938,77.67756652832031,2492600,0.0,0.0
2023-08-24 00:00:00-04:00,79.62000274658203,80.51000213623047,78.33999633789062,78.37000274658203,76.41966247558594,2581800,0.0,0.0
2023-08-25 00:00:00-04:00,78.58000183105469,78.80000305175781,75.12000274658203,77.16999816894531,75.24951934814453,2898900,0.0,0.0
2023-08-28 00:00:00-04:00,77.41000366210938,78.0999984741211,76.91000366210938,77.7699966430664,75.83458709716797,2010400,0.0,0.0
2023-08-29 00:00:00-04:00,77.5,80.0,76.75,79.91000366210938,77.92133331298828,2420200,0.0,0.0
2023-08-30 00:00:00-04:00,79.94000244140625,81.94999694824219,79.45999908447266,81.0999984741211,79.08171844482422,2607200,0.0,0.0
2023-08-31 00:00:00-04:00,81.05000305175781,82.19999694824219,80.37999725341797,82.05999755859375,80.017822265625,2823700,0.0,0.0
2023-09-01 00:00:00-04:00,82.25,83.1500015258789,81.69999694824219,82.62999725341797,80.57364654541016,2120500,0.0,0.0
2023-09-05 00:00:00-04:00,82.23999786376953,82.52999877929688,77.44000244140625,77.88999938964844,75.95159149169922,2897600,0.0,0.0
2023-09-06 00:00:00-04:00,78.12999725341797,79.44000244140625,77.8499984741211,79.20999908447266,77.2387466430664,2055800,0.0,0.0
2023-09-07 00:00:00-04:00,79.11000061035156,81.47000122070312,78.76000213623047,80.9800033569336,78.96470642089844,2971200,0.0,0.0
2023-09-08 00:00:00-04:00,80.69000244140625,81.52999877929688,80.1500015258789,80.72000122070312,78.711181640625,1697500,0.0,0.0
2023-09-11 00:00:00-04:00,81.04000091552734,83.16999816894531,80.9000015258789,81.69999694824219,79.66678619384766,2348900,0.0,0.0
2023-09-12 00:00:00-04:00,81.38999938964844,82.18000030517578,78.08000183105469,78.37000274658203,76.41966247558594,2298100,0.0,0.0
2023-09-13 00:00:00-04:00,78.41000366210938,79.20999908447266,76.4000015258789,76.95999908447266,75.04474639892578,2942600,0.0,0.0
2023-09-14 00:00:00-04:00,77.80000305175781,78.62999725341797,77.0,78.58000183105469,76.62442779541016,2480100,0.0,0.0
2023-09-15 00:00:00-04:00,76.91000366210938,77.0,75.02999877929688,76.2699966430664,74.52364349365234,5886900,0.16,0.0
2023-09-18 00:00:00-04:00,76.38999938964844,77.20999908447266,75.73999786376953,76.62000274658203,74.86565399169922,1876700,0.0,0.0
2023-09-19 00:00:00-04:00,76.52999877929688,77.56999969482422,75.80999755859375,77.13999938964844,75.37374114990234,2135400,0.0,0.0
2023-09-20 00:00:00-04:00,77.48999786376953,78.52999877929688,76.29000091552734,76.44999694824219,74.69952392578125,2485900,0.0,0.0
2023-09-21 00:00:00-04:00,75.12000274658203,75.2699966430664,72.76000213623047,73.9000015258789,72.20792388916016,2872800,0.0,0.0
2023-09-22 00:00:00-04:00,74.43000030517578,74.55999755859375,73.33000183105469,73.94000244140625,72.24701690673828,1600000,0.0,0.0
2023-09-25 00:00:00-04:00,73.54000091552734,74.7300033569336,73.4000015258789,73.93000030517578,72.23725128173828,1817600,0.0,0.0
2023-09-26 00:00:00-04:00,73.81999969482422,74.52999877929688,73.16999816894531,73.2699966430664,71.59235382080078,1852400,0.0,0.0
2023-09-27 00:00:00-04:00,74.11000061035156,74.33000183105469,72.79000091552734,73.19999694824219,71.52394104003906,1763400,0.0,0.0
2023-09-28 00:00:00-04:00,72.91000366210938,75.0999984741211,72.76000213623047,74.7699966430664,73.0580062866211,2267100,0.0,0.0
2023-09-29 00:00:00-04:00,75.22000122070312,75.69000244140625,73.45999908447266,74.05000305175781,72.35449981689453,1559000,0.0,0.0
2023-10-02 00:00:00-04:00,73.44000244140625,74.72000122070312,72.95999908447266,73.22000122070312,71.54349517822266,1939000,0.0,0.0
2023-10-03 00:00:00-04:00,72.4800033569336,72.86000061035156,69.9800033569336,70.7300033569336,69.11050415039062,2567500,0.0,0.0
2023-10-04 00:00:00-04:00,71.22000122070312,72.54000091552734,70.73999786376953,72.36000061035156,70.70318603515625,2393800,0.0,0.0
2023-10-05 00:00:00-04:00,71.9800033569336,72.8499984741211,71.5199966430664,71.87000274658203,70.22441864013672,2311300,0.0,0.0
2023-10-06 00:00:00-04:00,71.01000213623047,72.66999816894531,70.12000274658203,72.19999694824219,70.5468521118164,2387400,0.0,0.0
2023-10-09 00:00:00-04:00,71.52999877929688,73.18000030517578,71.0,73.12000274658203,71.4457778930664,1444700,0.0,0.0
2023-10-10 00:00:00-04:00,73.13999938964844,75.18000030517578,73.13999938964844,73.93000030517578,72.23725128173828,2037400,0.0,0.0
2023-10-11 00:00:00-04:00,75.20999908447266,76.69999694824219,74.54000091552734,75.58999633789062,73.85922241210938,1979900,0.0,0.0
2023-10-12 00:00:00-04:00,74.48999786376953,74.7699966430664,71.12000274658203,71.91000366210938,70.26349639892578,2107300,0.0,0.0
2023-10-13 00:00:00-04:00,72.20999908447266,73.41999816894531,71.91000366210938,72.88999938964844,71.22105407714844,1823000,0.0,0.0
2023-10-16 00:00:00-04:00,73.79000091552734,74.11000061035156,72.43000030517578,72.87999725341797,71.21127319335938,1692500,0.0,0.0
2023-10-17 00:00:00-04:00,72.31999969482422,74.43000030517578,72.0199966430664,73.45999908447266,71.77800750732422,2057100,0.0,0.0
2023-10-18 00:00:00-04:00,72.56999969482422,73.1500015258789,71.77999877929688,71.80000305175781,70.15599822998047,1751100,0.0,0.0
2023-10-19 00:00:00-04:00,72.04000091552734,72.30999755859375,69.75,70.12999725341797,68.52425384521484,2991600,0.0,0.0
2023-10-20 00:00:00-04:00,70.30999755859375,71.13999938964844,69.20999908447266,69.6500015258789,68.05523681640625,2673000,0.0,0.0
2023-10-23 00:00:00-04:00,69.56999969482422,71.33000183105469,69.33999633789062,70.56999969482422,68.95416259765625,3260400,0.0,0.0
2023-10-24 00:00:00-04:00,69.26000213623047,72.30999755859375,68.80000305175781,71.6500015258789,70.00942993164062,4691600,0.0,0.0
2023-10-25 00:00:00-04:00,71.80999755859375,71.83999633789062,70.20999908447266,71.0199966430664,69.39386749267578,2521400,0.0,0.0
2023-10-26 00:00:00-04:00,71.83999633789062,73.58000183105469,71.4800033569336,72.33999633789062,70.68363189697266,2378100,0.0,0.0
2023-10-27 00:00:00-04:00,72.97000122070312,72.97000122070312,71.69999694824219,71.91999816894531,70.27325439453125,2096300,0.0,0.0
2023-10-30 00:00:00-04:00,72.5999984741211,73.12999725341797,71.19999694824219,72.2300033569336,70.57616424560547,1862900,0.0,0.0
2023-10-31 00:00:00-04:00,72.7300033569336,73.93000030517578,72.44999694824219,73.58999633789062,71.90502166748047,2400100,0.0,0.0
2023-11-01 00:00:00-04:00,73.55999755859375,77.44000244140625,73.08999633789062,77.2300033569336,75.461669921875,3653700,0.0,0.0
2023-11-02 00:00:00-04:00,79.30999755859375,81.55000305175781,79.18000030517578,80.16999816894531,78.33435821533203,3721200,0.0,0.0
2023-11-03 00:00:00-04:00,82.68000030517578,84.25,82.58000183105469,83.37000274658203,81.46109008789062,3094200,0.0,0.0
2023-11-06 00:00:00-05:00,82.51000213623047,83.12999725341797,81.55999755859375,81.86000061035156,79.98565673828125,2345300,0.0,0.0
2023-11-07 00:00:00-05:00,82.01000213623047,83.31999969482422,81.66000366210938,82.02999877929688,80.15176391601562,1949800,0.0,0.0
2023-11-08 00:00:00-05:00,82.25,82.62999725341797,81.2699966430664,81.69000244140625,79.81956481933594,1618600,0.0,0.0
2023-11-09 00:00:00-05:00,81.69999694824219,82.4000015258789,80.5999984741211,80.91000366210938,79.05741119384766,1770200,0.0,0.0
2023-11-10 00:00:00-05:00,81.51000213623047,82.6500015258789,80.5999984741211,82.37000274658203,80.4839859008789,2055900,0.0,0.0
2023-11-13 00:00:00-05:00,81.62000274658203,82.54000091552734,81.0,82.04000091552734,80.16153717041016,1935800,0.0,0.0
2023-11-14 00:00:00-05:00,85.38999938964844,88.75,85.30999755859375,87.8499984741211,85.83851623535156,3182400,0.0,0.0
2023-11-15 00:00:00-05:00,87.51000213623047,88.80999755859375,86.94000244140625,87.04000091552734,85.04704284667969,1833000,0.0,0.0
2023-11-16 00:00:00-05:00,87.54000091552734,88.08000183105469,86.8499984741211,86.97000122070312,84.97866821289062,2212100,0.0,0.0
2023-11-17 00:00:00-05:00,87.44000244140625,88.44999694824219,87.30000305175781,88.30000305175781,86.2782211303711,2079600,0.0,0.0
2023-11-20 00:00:00-05:00,87.98999786376953,88.52999877929688,87.2699966430664,88.26000213623047,86.23912048339844,1407600,0.0,0.0
2023-11-21 00:00:00-05:00,87.69999694824219,88.4800033569336,87.26000213623047,87.29000091552734,85.29132843017578,1576100,0.0,0.0
2023-11-22 00:00:00-05:00,88.4000015258789,89.16000366210938,87.47000122070312,87.94000244140625,85.92646026611328,1498700,0.0,0.0
2023-11-24 00:00:00-05:00,87.23999786376953,88.16999816894531,87.23999786376953,88.0999984741211,86.08277893066406,613300,0.0,0.0
2023-11-27 00:00:00-05:00,88.08999633789062,88.33000183105469,87.54000091552734,87.91000366210938,85.89714050292969,1563600,0.0,0.0
2023-11-28 00:00:00-05:00,87.88999938964844,88.45999908447266,87.36000061035156,87.58999633789062,85.58447265625,1482900,0.0,0.0
2023-11-29 00:00:00-05:00,88.51000213623047,88.86000061035156,87.88999938964844,88.01000213623047,85.99485778808594,1263600,0.0,0.0
2023-11-30 00:00:00-05:00,87.66999816894531,88.52999877929688,86.58999633789062,88.41999816894531,86.39546966552734,2742900,0.0,0.0
2023-12-01 00:00:00-05:00,88.51000213623047,91.41000366210938,88.51000213623047,91.0199966430664,88.93592071533203,2474700,0.0,0.0
2023-12-04 00:00:00-05:00,90.2300033569336,91.44000244140625,89.80999755859375,91.0199966430664,88.93592071533203,1831800,0.0,0.0
2023-12-05 00:00:00-05:00,90.95999908447266,91.5999984741211,90.5,90.91999816894531,88.83821868896484,1581900,0.0,0.0
2023-12-06 00:00:00-05:00,92.0,93.77999877929688,92.0,92.45999908447266,90.34294891357422,2144200,0.0,0.0
2023-12-07 00:00:00-05:00,92.7699966430664,94.48999786376953,92.48999786376953,94.45999908447266,92.29715728759766,2142500,0.0,0.0
2023-12-08 00:00:00-05:00,93.98999786376953,96.62000274658203,93.98999786376953,96.30999755859375,94.10478210449219,2226900,0.0,0.0
2023-12-11 00:00:00-05:00,95.87000274658203,96.55999755859375,95.37999725341797,96.05000305175781,93.85076141357422,1774200,0.0,0.0
2023-12-12 00:00:00-05:00,96.30999755859375,96.62000274658203,95.80000305175781,95.98999786376953,93.79212188720703,1608000,0.0,0.0
2023-12-13 00:00:00-05:00,96.77999877929688,98.87999725341797,95.36000061035156,97.95999908447266,95.71701049804688,3163500,0.0,0.0
2023-12-14 00:00:00-05:00,99.69000244140625,105.08999633789062,99.69000244140625,104.87999725341797,102.47856903076172,4060700,0.0,0.0
2023-12-15 00:00:00-05:00,103.61000061035156,105.12999725341797,102.16000366210938,102.48999786376953,100.143310546875,6866200,0.0,0.0
2023-12-18 00:00:00-05:00,102.27999877929688,102.30000305175781,100.4000015258789,102.0,99.85938262939453,2324600,0.2,0.0
2023-12-19 00:00:00-05:00,102.31999969482422,104.20999908447266,101.69999694824219,102.94000244140625,100.7796630859375,2348100,0.0,0.0
2023-12-20 00:00:00-05:00,102.80000305175781,104.20999908447266,101.9800033569336,102.08000183105469,99.93771362304688,1672300,0.0,0.0
2023-12-21 00:00:00-05:00,103.8499984741211,104.12999725341797,101.58000183105469,102.43000030517578,100.28036499023438,1259400,0.0,0.0
2023-12-22 00:00:00-05:00,103.02999877929688,103.05999755859375,101.9800033569336,102.43000030517578,100.28036499023438,1410200,0.0,0.0
2023-12-26 00:00:00-05:00,102.75,103.62999725341797,102.41000366210938,103.18000030517578,101.0146255493164,1111800,0.0,0.0
2023-12-27 00:00:00-05:00,103.36000061035156,104.29000091552734,102.94999694824219,103.93000030517578,101.7488784790039,1177900,0.0,0.0
2023-12-28 00:00:00-05:00,103.29000091552734,104.20999908447266,103.04000091552734,103.48999786376953,101.31812286376953,880700,0.0,0.0
2023-12-29 00:00:00-05:00,103.19000244140625,103.8499984741211,102.72000122070312,103.22000122070312,101.05379486083984,1227800,0.0,0.0
2024-01-02 00:00:00-05:00,101.83000183105469,102.55999755859375,100.69999694824219,101.55000305175781,99.41883850097656,2533700,0.0,0.0
2024-01-03 00:00:00-05:00,100.0,101.30999755859375,99.02999877929688,100.47000122070312,98.36149597167969,2018700,0.0,0.0
2024-01-04 00:00:00-05:00,99.9000015258789,101.4800033569336,99.68000030517578,100.30999755859375,98.2048568725586,1984900,0.0,0.0
2024-01-05 00:00:00-05:00,99.86000061035156,102.33000183105469,99.86000061035156,101.4800033569336,99.35030364990234,1601900,0.0,0.0
2024-01-08 00:00:00-05:00,102.33000183105469,103.7699966430664,102.23999786376953,103.7300033569336,101.55308532714844,1538100,0.0,0.0
2024-01-09 00:00:00-05:00,102.55000305175781,103.56999969482422,102.31999969482422,103.30999755859375,101.14189910888672,1289000,0.0,0.0
2024-01-10 00:00:00-05:00,104.70999908447266,106.11000061035156,104.52999877929688,105.20999908447266,103.00202178955078,1421500,0.0,0.0
2024-01-11 00:00:00-05:00,103.94000244140625,105.87999725341797,103.44999694824219,105.81999969482422,103.59921264648438,1341400,0.0,0.0
2024-01-12 00:00:00-05:00,106.13999938964844,106.38999938964844,104.01000213623047,104.91000366210938,102.70832824707031,1113800,0.0,0.0
2024-01-16 00:00:00-05:00,104.08000183105469,104.79000091552734,103.30999755859375,104.12000274658203,101.93489837646484,1620400,0.0,0.0
2024-01-17 00:00:00-05:00,103.19000244140625,103.9800033569336,102.45999908447266,103.75,101.57266235351562,1705300,0.0,0.0
2024-01-18 00:00:00-05:00,105.19999694824219,105.80000305175781,102.95999908447266,104.2300033569336,102.04259490966797,1439300,0.0,0.0
2024-01-19 00:00:00-05:00,104.66000366210938,106.22000122070312,103.48999786376953,106.06999969482422,103.84397888183594,1543500,0.0,0.0
2024-01-22 00:00:00-05:00,106.88999938964844,109.26000213623047,106.37999725341797,109.23999786376953,106.94745635986328,2386900,0.0,0.0
2024-01-23 00:00:00-05:00,106.27999877929688,108.11000061035156,102.44000244140625,103.5999984741211,101.4258041381836,3189200,0.0,0.0
2024-01-24 00:00:00-05:00,104.55000305175781,105.16000366210938,101.63999938964844,102.36000061035156,100.21183776855469,2313500,0.0,0.0
2024-01-25 00:00:00-05:00,103.12999725341797,105.1500015258789,102.91000366210938,105.12999725341797,102.92369842529297,2157500,0.0,0.0
2024-01-26 00:00:00-05:00,104.91000366210938,106.33999633789062,104.54000091552734,105.12000274658203,102.91392517089844,1891800,0.0,0.0
2024-01-29 00:00:00-05:00,105.05999755859375,106.5999984741211,104.58000183105469,106.05999755859375,103.83418273925781,2840400,0.0,0.0
2024-01-30 00:00:00-05:00,107.80999755859375,110.75,105.19999694824219,105.55000305175781,103.33489227294922,3473100,0.0,0.0
2024-01-31 00:00:00-05:00,105.12999725341797,107.7300033569336,104.29000091552734,104.55999755859375,102.36565399169922,2255500,0.0,0.0
2024-02-01 00:00:00-05:00,105.7699966430664,107.01000213623047,104.44000244140625,106.7300033569336,104.49015045166016,1563700,0.0,0.0
2024-02-02 00:00:00-05:00,104.80000305175781,107.16999816894531,103.33000183105469,105.97000122070312,103.7460708618164,1641300,0.0,0.0
2024-02-05 00:00:00-05:00,104.9000015258789,105.04000091552734,103.26000213623047,104.3499984741211,102.16007995605469,1893500,0.0,0.0
2024-02-06 00:00:00-05:00,104.54000091552734,104.54000091552734,101.54000091552734,102.56999969482422,100.41742706298828,2195200,0.0,0.0
2024-02-07 00:00:00-05:00,103.33000183105469,104.27999877929688,102.77999877929688,103.01000213623047,100.84819793701172,1765500,0.0,0.0
2024-02-08 00:00:00-05:00,103.27999877929688,104.0999984741211,102.19999694824219,103.26000213623047,101.09295654296875,1430900,0.0,0.0
2024-02-09 00:00:00-05:00,103.0199966430664,103.93000030517578,102.1500015258789,103.0999984741211,100.93629455566406,1695500,0.0,0.0
2024-02-12 00:00:00-05:00,103.4000015258789,106.33999633789062,103.16000366210938,105.68000030517578,103.46217346191406,1516800,0.0,0.0
2024-02-13 00:00:00-05:00,101.30999755859375,103.25,100.23999786376953,102.0,99.85938262939453,2120500,0.0,0.0
2024-02-14 00:00:00-05:00,103.47000122070312,104.51000213623047,102.22000122070312,103.81999969482422,101.64118957519531,1390600,0.0,0.0
2024-02-15 00:00:00-05:00,104.41000366210938,104.93000030517578,103.16999816894531,104.4800033569336,102.28734588623047,1336900,0.0,0.0
2024-02-16 00:00:00-05:00,103.05999755859375,103.4000015258789,101.29000091552734,101.44999694824219,99.32093048095703,1528000,0.0,0.0
2024-02-20 00:00:00-05:00,100.5,103.25,100.23999786376953,103.04000091552734,100.87757110595703,1704500,0.0,0.0
2024-02-21 00:00:00-05:00,104.62000274658203,105.87000274658203,102.58999633789062,103.62000274658203,101.44540405273438,1264800,0.0,0.0
2024-02-22 00:00:00-05:00,104.62999725341797,106.12000274658203,104.22000122070312,104.68000030517578,102.48314666748047,1462400,0.0,0.0
2024-02-23 00:00:00-05:00,105.12000274658203,106.83000183105469,105.12000274658203,105.73999786376953,103.52088928222656,1013300,0.0,0.0
2024-02-26 00:00:00-05:00,105.94000244140625,107.19000244140625,105.72000122070312,106.19999694824219,103.97123718261719,1527400,0.0,0.0
2024-02-27 00:00:00-05:00,106.81999969482422,107.91000366210938,106.06999969482422,106.86000061035156,104.61740112304688,1653200,0.0,0.0
2024-02-28 00:00:00-05:00,106.5,107.30000305175781,105.80000305175781,106.43000030517578,104.1964111328125,1226700,0.0,0.0
2024-02-29 00:00:00-05:00,107.27999877929688,108.7300033569336,106.94999694824219,108.37999725341797,106.10549926757812,2580300,0.0,0.0
2024-03-01 00:00:00-05:00,108.37999725341797,111.41000366210938,108.05000305175781,111.20999908447266,108.8760986328125,1836800,0.0,0.0
2024-03-04 00:00:00-05:00,112.2300033569336,113.43000030517578,110.79000091552734,111.02999877929688,108.69988250732422,2510000,0.0,0.0
2024-03-05 00:00:00-05:00,110.63999938964844,113.06999969482422,109.79000091552734,110.44999694824219,108.13204956054688,2096300,0.0,0.0
2024-03-06 00:00:00-05:00,111.44999694824219,111.66000366210938,110.2699966430664,111.44000244140625,109.10128021240234,2046500,0.0,0.0
2024-03-07 00:00:00-05:00,112.48999786376953,114.72000122070312,112.48999786376953,113.80000305175781,111.41175842285156,1864200,0.0,0.0
2024-03-08 00:00:00-05:00,114.36000061035156,115.19999694824219,111.88999938964844,112.68000030517578,110.31525421142578,1284900,0.0,0.0
2024-03-11 00:00:00-04:00,112.22000122070312,112.33999633789062,109.11000061035156,110.8499984741211,108.52365112304688,1464400,0.0,0.0
2024-03-12 00:00:00-04:00,110.62000274658203,112.94000244140625,109.73999786376953,112.16000366210938,109.8061752319336,1528400,0.0,0.0
2024-03-13 00:00:00-04:00,112.55000305175781,114.80000305175781,112.08999633789062,114.27999877929688,111.88166046142578,1988300,0.0,0.0
2024-03-14 00:00:00-04:00,114.36000061035156,114.63999938964844,109.22000122070312,109.72000122070312,107.60569763183594,2828700,0.2,0.0
2024-03-15 00:00:00-04:00,108.5999984741211,111.44999694824219,108.58999633789062,110.9000015258789,108.76295471191406,4465500,0.0,0.0
2024-03-18 00:00:00-04:00,111.30999755859375,111.73999786376953,109.0199966430664,110.18000030517578,108.05683898925781,1596400,0.0,0.0
2024-03-19 00:00:00-04:00,109.55999755859375,111.61000061035156,109.12999725341797,111.41000366210938,109.26313781738281,1635300,0.0,0.0
2024-03-20 00:00:00-04:00,111.55000305175781,114.58999633789062,110.86000061035156,113.98999786376953,111.79341125488281,1512700,0.0,0.0
2024-03-21 00:00:00-04:00,115.29000091552734,117.16999816894531,115.26000213623047,116.05999755859375,113.82351684570312,1625600,0.0,0.0
2024-03-22 00:00:00-04:00,116.33999633789062,117.41000366210938,115.48999786376953,116.44999694824219,114.20600128173828,1645600,0.0,0.0
2024-03-25 00:00:00-04:00,115.80000305175781,117.27999877929688,115.6500015258789,115.69000244140625,113.46066284179688,1107300,0.0,0.0
2024-03-26 00:00:00-04:00,115.87999725341797,116.83000183105469,115.70999908447266,115.98999786376953,113.75486755371094,1360900,0.0,0.0
2024-03-27 00:00:00-04:00,117.01000213623047,118.26000213623047,116.31999969482422,118.01000213623047,115.73594665527344,1407500,0.0,0.0
2024-03-28 00:00:00-04:00,118.18000030517578,120.88999938964844,118.08999633789062,120.62000274658203,118.295654296875,1624200,0.0,0.0
2024-04-01 00:00:00-04:00,120.48999786376953,121.08000183105469,117.86000061035156,118.43000030517578,116.14785766601562,1246300,0.0,0.0
2024-04-02 00:00:00-04:00,115.83000183105469,116.04000091552734,112.36000061035156,114.19999694824219,111.99935150146484,2025400,0.0,0.0
2024-04-03 00:00:00-04:00,113.69999694824219,115.73999786376953,113.51000213623047,115.62000274658203,113.39201354980469,1461000,0.0,0.0
2024-04-04 00:00:00-04:00,117.08999633789062,117.75,113.25,113.83999633789062,111.64630889892578,1778800,0.0,0.0
2024-04-05 00:00:00-04:00,114.0999984741211,116.63999938964844,113.87000274658203,116.3499984741211,114.10792541503906,1298900,0.0,0.0
2024-04-08 00:00:00-04:00,116.56999969482422,116.98999786376953,115.01000213623047,115.05000305175781,112.83297729492188,1679800,0.0,0.0
2024-04-09 00:00:00-04:00,115.87999725341797,116.01000213623047,112.76000213623047,115.38999938964844,113.16643524169922,1307100,0.0,0.0
2024-04-10 00:00:00-04:00,110.98999786376953,111.86000061035156,109.0999984741211,109.4000015258789,107.2918701171875,2239000,0.0,0.0
2024-04-11 00:00:00-04:00,109.41999816894531,111.56999969482422,109.41999816894531,110.58000183105469,108.44912719726562,1175400,0.0,0.0
2024-04-12 00:00:00-04:00,109.9000015258789,110.91000366210938,109.27999877929688,110.88999938964844,108.7531509399414,1535400,0.0,0.0
2024-04-15 00:00:00-04:00,110.91000366210938,111.54000091552734,108.41999816894531,108.79000091552734,106.693603515625,1839600,0.0,0.0
2024-04-16 00:00:00-04:00,107.37000274658203,107.62999725341797,105.3499984741211,106.86000061035156,104.80081176757812,1576900,0.0,0.0
2024-04-17 00:00:00-04:00,108.05999755859375,108.19000244140625,105.97000122070312,106.1500015258789,104.10449981689453,1285000,0.0,0.0
2024-04-18 00:00:00-04:00,109.5,109.66000366210938,105.91999816894531,105.95999908447266,103.91814422607422,1905500,0.0,0.0
2024-04-19 00:00:00-04:00,106.25,107.98999786376953,104.5999984741211,105.43000030517578,103.39836883544922,2319200,0.0,0.0
2024-04-22 00:00:00-04:00,106.31999969482422,107.83000183105469,105.19000244140625,107.83000183105469,105.75211334228516,2698900,0.0,0.0
2024-04-23 00:00:00-04:00,107.05999755859375,113.25,105.81999969482422,112.76000213623047,110.58711242675781,3514500,0.0,0.0
2024-04-24 00:00:00-04:00,113.4000015258789,114.62000274658203,111.19000244140625,112.26000213623047,110.09674835205078,2045200,0.0,0.0
2024-04-25 00:00:00-04:00,110.0,111.63999938964844,107.11000061035156,111.36000061035156,109.2140884399414,1889800,0.0,0.0
2024-04-26 00:00:00-04:00,112.30000305175781,114.70999908447266,112.0199966430664,113.80000305175781,111.60708618164062,1747100,0.0,0.0
2024-04-29 00:00:00-04:00,114.48999786376953,115.29000091552734,113.66000366210938,114.55999755859375,112.35243225097656,1238900,0.0,0.0
2024-04-30 00:00:00-04:00,113.2699966430664,114.33000183105469,111.06999969482422,111.41999816894531,109.27293395996094,1547700,0.0,0.0
2024-05-01 00:00:00-04:00,111.58000183105469,114.87999725341797,110.44000244140625,111.81999969482422,109.66522979736328,1416300,0.0,0.0
2024-05-02 00:00:00-04:00,112.91000366210938,113.91000366210938,111.0,113.8499984741211,111.65611267089844,1679100,0.0,0.0
2024-05-03 00:00:00-04:00,117.62000274658203,120.73999786376953,116.58999633789062,116.63999938964844,114.39234924316406,1875000,0.0,0.0
2024-05-06 00:00:00-04:00,118.12999725341797,118.73999786376953,116.95999908447266,117.6500015258789,115.38289642333984,1653700,0.0,0.0
2024-05-07 00:00:00-04:00,117.77999877929688,118.75,116.91999816894531,116.94999694824219,114.69637298583984,1887300,0.0,0.0
2024-05-08 00:00:00-04:00,115.80000305175781,116.70999908447266,115.08000183105469,115.79000091552734,113.55872344970703,1293400,0.0,0.0
2024-05-09 00:00:00-04:00,116.12999725341797,117.6500015258789,116.02999877929688,116.98999786376953,114.73560333251953,1277900,0.0,0.0
2024-05-10 00:00:00-04:00,117.22000122070312,118.08000183105469,116.86000061035156,117.68000030517578,115.41230010986328,1614500,0.0,0.0
2024-05-13 00:00:00-04:00,118.55999755859375,118.55999755859375,116.27999877929688,116.37999725341797,114.13735961914062,1254400,0.0,0.0
2024-05-14 00:00:00-04:00,117.02999877929688,117.30000305175781,115.83999633789062,116.18000030517578,113.94121551513672,1351900,0.0,0.0
2024-05-15 00:00:00-04:00,118.55000305175781,122.3499984741211,118.44999694824219,122.06999969482422,119.71771240234375,2897700,0.0,0.0
2024-05-16 00:00:00-04:00,121.66000366210938,122.72000122070312,118.41000366210938,118.66000366210938,116.3734130859375,1872900,0.0,0.0
2024-05-17 00:00:00-04:00,119.06999969482422,119.47000122070312,117.8499984741211,119.06999969482422,116.77552032470703,1319800,0.0,0.0
2024-05-20 00:00:00-04:00,119.02999877929688,120.27999877929688,119.02999877929688,119.19999694824219,116.90300750732422,1541100,0.0,0.0
2024-05-21 00:00:00-04:00,118.94999694824219,119.4000015258789,117.37000274658203,117.9000015258789,115.6280746459961,1084800,0.0,0.0
2024-05-22 00:00:00-04:00,116.68000030517578,117.3499984741211,113.11000061035156,114.19999694824219,111.99935150146484,2004000,0.0,0.0
2024-05-23 00:00:00-04:00,114.91999816894531,115.20999908447266,112.29000091552734,112.73999786376953,110.5675048828125,1378200,0.0,0.0
2024-05-24 00:00:00-04:00,113.97000122070312,114.79000091552734,113.62000274658203,114.30000305175781,112.09745025634766,812900,0.0,0.0
2024-05-28 00:00:00-04:00,114.54000091552734,115.0199966430664,112.45999908447266,113.26000213623047,111.07748413085938,1335800,0.0,0.0
2024-05-29 00:00:00-04:00,112.08999633789062,113.27999877929688,111.5,112.54000091552734,110.37135314941406,1511700,0.0,0.0
2024-05-30 00:00:00-04:00,113.58000183105469,115.87000274658203,113.30000305175781,115.7699966430664,113.53910827636719,1343400,0.0,0.0
2024-05-31 00:00:00-04:00,116.52999877929688,117.41999816894531,115.26000213623047,117.31999969482422,115.05924224853516,3452400,0.0,0.0
2024-06-03 00:00:00-04:00,117.79000091552734,117.79000091552734,115.29000091552734,115.48999786376953,113.26451110839844,1481400,0.0,0.0
2024-06-04 00:00:00-04:00,114.70999908447266,115.30999755859375,112.16000366210938,112.88999938964844,110.71460723876953,1364100,0.0,0.0
2024-06-05 00:00:00-04:00,113.41000366210938,115.69000244140625,112.4000015258789,115.56999969482422,113.34297180175781,1333800,0.0,0.0
2024-06-06 00:00:00-04:00,115.58999633789062,115.87000274658203,113.83000183105469,114.48999786376953,112.28377532958984,1477400,0.0,0.0
2024-06-07 00:00:00-04:00,110.87999725341797,112.02999877929688,108.83999633789062,111.54000091552734,109.39061737060547,1628000,0.0,0.0
2024-06-10 00:00:00-04:00,110.72000122070312,113.54000091552734,110.27999877929688,113.4000015258789,111.21479034423828,1828300,0.0,0.0
2024-06-11 00:00:00-04:00,112.55999755859375,112.93000030517578,110.5999984741211,110.94999694824219,108.8119888305664,1247000,0.0,0.0
2024-06-12 00:00:00-04:00,116.62000274658203,118.0999984741211,114.83000183105469,115.36000061035156,113.13700866699219,2509800,0.0,0.0
2024-06-13 00:00:00-04:00,115.37999725341797,115.91999816894531,113.69000244140625,115.47000122070312,113.2448959350586,908200,0.0,0.0
2024-06-14 00:00:00-04:00,114.04000091552734,114.54000091552734,112.44000244140625,114.08999633789062,111.89148712158203,1458800,0.0,0.0
2024-06-17 00:00:00-04:00,113.75,114.4800033569336,112.9000015258789,114.41000366210938,112.205322265625,1324600,0.0,0.0
2024-06-18 00:00:00-04:00,113.22000122070312,113.73999786376953,110.7699966430664,111.13999938964844,109.18921661376953,1916700,0.2,0.0
2024-06-20 00:00:00-04:00,110.93000030517578,112.2699966430664,109.33000183105469,110.69000244140625,108.74710083007812,2068300,0.0,0.0
2024-06-21 00:00:00-04:00,110.9800033569336,111.56999969482422,108.77999877929688,111.56999969482422,109.61166381835938,3713700,0.0,0.0
2024-06-24 00:00:00-04:00,111.56999969482422,113.83000183105469,111.37000274658203,112.68000030517578,110.7021713256836,1522000,0.0,0.0
2024-06-25 00:00:00-04:00,112.4000015258789,112.4000015258789,109.0999984741211,110.04000091552734,108.10851287841797,1495500,0.0,0.0
2024-06-26 00:00:00-04:00,109.36000061035156,110.41000366210938,109.0,110.05000305175781,108.11833953857422,1224200,0.0,0.0
2024-06-27 00:00:00-04:00,109.95999908447266,110.37999725341797,109.20999908447266,109.75,107.8236083984375,1204000,0.0,0.0
2024-06-28 00:00:00-04:00,110.11000061035156,111.5199966430664,109.04000091552734,110.0999984741211,108.1674575805664,3680600,0.0,0.0
2024-07-01 00:00:00-04:00,110.48999786376953,110.98999786376953,105.94999694824219,106.2300033569336,104.36540222167969,2152300,0.0,0.0
2024-07-02 00:00:00-04:00,103.06999969482422,105.12000274658203,102.75,104.5199966430664,102.68539428710938,2588500,0.0,0.0
2024-07-03 00:00:00-04:00,104.2699966430664,106.6500015258789,103.87999725341797,105.05999755859375,103.21592712402344,1180700,0.0,0.0
2024-07-05 00:00:00-04:00,104.80000305175781,105.38999938964844,103.23999786376953,103.94999694824219,102.12540435791016,1853300,0.0,0.0
2024-07-08 00:00:00-04:00,104.97000122070312,105.86000061035156,104.0199966430664,105.26000213623047,103.41241455078125,1543400,0.0,0.0
2024-07-09 00:00:00-04:00,104.77999877929688,106.5,104.25,104.69999694824219,102.86224365234375,1445400,0.0,0.0
2024-07-10 00:00:00-04:00,105.37000274658203,107.30999755859375,105.08999633789062,107.1500015258789,105.26923370361328,1439600,0.0,0.0
2024-07-11 00:00:00-04:00,110.9800033569336,114.94000244140625,110.41000366210938,113.83999633789062,111.8418197631836,2624500,0.0,0.0
2024-07-12 00:00:00-04:00,114.9800033569336,117.55000305175781,114.9800033569336,116.33000183105469,114.28810119628906,2337200,0.0,0.0
2024-07-15 00:00:00-04:00,116.8499984741211,118.2699966430664,115.88999938964844,116.23999786376953,114.1996841430664,2146300,0.0,0.0
2024-07-16 00:00:00-04:00,118.33999633789062,124.80000305175781,117.94999694824219,124.55999755859375,122.37364959716797,2862100,0.0,0.0
2024-07-17 00:00:00-04:00,123.33999633789062,124.30000305175781,121.5999984741211,121.72000122070312,119.58350372314453,2643500,0.0,0.0
2024-07-18 00:00:00-04:00,123.66000366210938,129.85000610351562,123.44000244140625,124.80000305175781,122.60942840576172,3257700,0.0,0.0
2024-07-19 00:00:00-04:00,124.5999984741211,126.30999755859375,123.58000183105469,124.76000213623047,122.57014465332031,2098800,0.0,0.0
2024-07-22 00:00:00-04:00,124.27999877929688,125.66999816894531,122.80000305175781,125.63999938964844,123.4346923828125,2564600,0.0,0.0
2024-07-23 00:00:00-04:00,120.70999908447266,126.95999908447266,120.0,125.66999816894531,123.46417236328125,3585300,0.0,0.0
2024-07-24 00:00:00-04:00,125.31999969482422,125.87999725341797,122.41999816894531,122.55999755859375,120.40876007080078,2765700,0.0,0.0
2024-07-25 00:00:00-04:00,123.18000030517578,127.05000305175781,122.05000305175781,125.0,122.80592346191406,2618100,0.0,0.0
2024-07-26 00:00:00-04:00,128.27999877929688,130.92999267578125,127.62999725341797,129.99000549316406,127.70835876464844,2541400,0.0,0.0
2024-07-29 00:00:00-04:00,130.5,133.50999450683594,129.58999633789062,132.91000366210938,130.57708740234375,2915700,0.0,0.0
2024-07-30 00:00:00-04:00,133.14999389648438,134.63999938964844,131.8699951171875,133.17999267578125,130.8423309326172,2031200,0.0,0.0
2024-07-31 00:00:00-04:00,134.16000366210938,135.6199951171875,130.8000030517578,132.0,129.6830596923828,1866700,0.0,0.0
2024-08-01 00:00:00-04:00,132.94000244140625,133.52999877929688,128.02999877929688,129.27999877929688,127.01081085205078,2417700,0.0,0.0
2024-08-02 00:00:00-04:00,126.29000091552734,129.0800018310547,124.13999938964844,127.66999816894531,125.42906188964844,1964000,0.0,0.0
2024-08-05 00:00:00-04:00,119.08000183105469,125.36000061035156,118.44999694824219,123.36000061035156,121.1947021484375,2255000,0.0,0.0
2024-08-06 00:00:00-04:00,122.11000061035156,127.1500015258789,120.88999938964844,123.6500015258789,121.47962188720703,2052000,0.0,0.0
2024-08-07 00:00:00-04:00,125.41999816894531,127.0199966430664,119.91000366210938,119.9800033569336,117.8740463256836,2348400,0.0,0.0
2024-08-08 00:00:00-04:00,121.4000015258789,122.94000244140625,120.16000366210938,122.12999725341797,119.9863052368164,1261600,0.0,0.0
2024-08-09 00:00:00-04:00,122.7699966430664,124.68000030517578,121.80999755859375,123.0199966430664,120.86067962646484,1564100,0.0,0.0
2024-08-12 00:00:00-04:00,123.0199966430664,123.3499984741211,120.75,121.95999908447266,119.81928253173828,1294500,0.0,0.0
2024-08-13 00:00:00-04:00,122.88999938964844,124.7300033569336,122.33000183105469,123.58000183105469,121.41085052490234,1350000,0.0,0.0
2024-08-14 00:00:00-04:00,124.12999725341797,124.98999786376953,121.31999969482422,121.87000274658203,119.7308578491211,1683600,0.0,0.0
2024-08-15 00:00:00-04:00,123.0,123.4000015258789,120.5,122.5199966430664,120.36945343017578,1644000,0.0,0.0
2024-08-16 00:00:00-04:00,122.01000213623047,124.33000183105469,121.72000122070312,122.58999633789062,120.43821716308594,1439800,0.0,0.0
2024-08-19 00:00:00-04:00,123.66000366210938,125.20999908447266,122.44000244140625,125.18000030517578,122.98274993896484,1430000,0.0,0.0
2024-08-20 00:00:00-04:00,125.55000305175781,127.11000061035156,124.30999755859375,124.73999786376953,122.55048370361328,1390000,0.0,0.0
2024-08-21 00:00:00-04:00,127.05999755859375,129.69000244140625,126.37000274658203,128.5399932861328,126.28379821777344,2025500,0.0,0.0
2024-08-22 00:00:00-04:00,128.64999389648438,129.99000549316406,128.02999877929688,129.22000122070312,126.95184326171875,1656300,0.0,0.0
2024-08-23 00:00:00-04:00,131.16000366210938,135.58999633789062,130.2100067138672,135.1300048828125,132.7581329345703,2783700,0.0,0.0
2024-08-26 00:00:00-04:00,135.25,136.47000122070312,133.41000366210938,133.6300048828125,131.28443908691406,1386800,0.0,0.0
2024-08-27 00:00:00-04:00,132.39999389648438,133.02999877929688,131.02999877929688,131.5800018310547,129.27041625976562,1149400,0.0,0.0
2024-08-28 00:00:00-04:00,130.9499969482422,132.69000244140625,130.11000061035156,131.11000061035156,128.8086700439453,1227700,0.0,0.0
2024-08-29 00:00:00-04:00,131.41000366210938,131.9600067138672,129.07000732421875,130.1300048828125,127.84588623046875,1206000,0.0,0.0
2024-08-30 00:00:00-04:00,131.25,132.2899932861328,129.25,131.64999389648438,129.3391876220703,2317000,0.0,0.0
2024-09-03 00:00:00-04:00,131.69000244140625,134.2100067138672,127.55999755859375,128.7899932861328,126.52938842773438,2032200,0.0,0.0
2024-09-04 00:00:00-04:00,127.83000183105469,128.44000244140625,125.33999633789062,128.2899932861328,126.03815460205078,1844700,0.0,0.0
2024-09-05 00:00:00-04:00,128.64999389648438,129.38999938964844,127.11000061035156,128.27000427246094,126.01854705810547,1816300,0.0,0.0
2024-09-06 00:00:00-04:00,128.92999267578125,132.60000610351562,128.92999267578125,130.1999969482422,127.9146499633789,2570500,0.0,0.0
2024-09-09 00:00:00-04:00,130.00999450683594,133.05999755859375,129.4600067138672,131.60000610351562,129.2900848388672,2105400,0.0,0.0
2024-09-10 00:00:00-04:00,132.5500030517578,132.97999572753906,130.3699951171875,132.6999969482422,130.3707733154297,1678300,0.0,0.0
2024-09-11 00:00:00-04:00,131.0,131.75,127.86000061035156,131.44000244140625,129.13290405273438,1823300,0.0,0.0
2024-09-12 00:00:00-04:00,131.92999267578125,135.5399932861328,131.82000732421875,135.3000030517578,132.9251251220703,1466900,0.0,0.0
2024-09-13 00:00:00-04:00,137.0,140.77000427246094,137.0,139.5399932861328,137.09071350097656,1968600,0.0,0.0
2024-09-16 00:00:00-04:00,140.72999572753906,141.17999267578125,137.82000732421875,140.05999755859375,137.60157775878906,1810300,0.0,0.0
2024-09-17 00:00:00-04:00,141.0,141.42999267578125,138.8699951171875,140.4600067138672,138.19189453125,1453500,0.2,0.0
2024-09-18 00:00:00-04:00,140.8300018310547,144.17999267578125,138.72999572753906,140.99000549316406,138.7133331298828,2211600,0.0,0.0
2024-09-19 00:00:00-04:00,144.8699951171875,145.83999633789062,141.22000122070312,144.97999572753906,142.63890075683594,2182400,0.0,0.0
2024-09-20 00:00:00-04:00,143.27999877929688,143.80999755859375,140.88999938964844,141.86000061035156,139.5692901611328,7599500,0.0,0.0
2024-09-23 00:00:00-04:00,143.0399932861328,143.82000732421875,140.17999267578125,143.5399932861328,141.22216796875,1582700,0.0,0.0
2024-09-24 00:00:00-04:00,142.75,144.22000122070312,142.0,143.25999450683594,140.94667053222656,1958300,0.0,0.0
2024-09-25 00:00:00-04:00,142.0,142.74000549316406,140.10000610351562,140.4600067138672,138.19189453125,1641200,0.0,0.0
2024-09-26 00:00:00-04:00,141.89999389648438,142.10000610351562,139.6699981689453,139.97000122070312,137.70980834960938,1202800,0.0,0.0
2024-09-27 00:00:00-04:00,141.52000427246094,144.61000061035156,140.58999633789062,143.1699981689453,140.8581085205078,1343800,0.0,0.0
2024-09-30 00:00:00-04:00,142.63999938964844,143.6999969482422,141.17999267578125,143.52999877929688,141.2123260498047,1249800,0.0,0.0
2024-10-01 00:00:00-04:00,144.33999633789062,145.5399932861328,142.7899932861328,144.61000061035156,142.27487182617188,1305900,0.0,0.0
2024-10-02 00:00:00-04:00,143.02999877929688,144.00999450683594,141.64999389648438,143.3000030517578,140.9860382080078,1072600,0.0,0.0
2024-10-03 00:00:00-04:00,142.99000549316406,143.80999755859375,141.08999633789062,142.97000122070312,140.66136169433594,1124100,0.0,0.0
2024-10-04 00:00:00-04:00,143.6199951171875,143.6199951171875,137.80999755859375,139.44000244140625,137.18836975097656,1457700,0.0,0.0
2024-10-07 00:00:00-04:00,137.7100067138672,139.91000366210938,136.57000732421875,139.42999267578125,137.17852783203125,1766100,0.0,0.0
2024-10-08 00:00:00-04:00,140.25,141.92999267578125,138.94000244140625,140.1699981689453,137.90658569335938,977400,0.0,0.0
2024-10-09 00:00:00-04:00,140.33999633789062,140.85000610351562,138.5399932861328,139.38999938964844,137.13917541503906,1253100,0.0,0.0
2024-10-10 00:00:00-04:00,137.8800048828125,139.9499969482422,137.47999572753906,138.66000366210938,136.42095947265625,966200,0.0,0.0
2024-10-11 00:00:00-04:00,138.9199981689453,140.14999389648438,138.6199951171875,139.1999969482422,136.9522247314453,785800,0.0,0.0
2024-10-14 00:00:00-04:00,139.5800018310547,142.67999267578125,138.97999572753906,142.5399932861328,140.23831176757812,1087300,0.0,0.0
2024-10-15 00:00:00-04:00,143.47999572753906,146.3699951171875,143.47999572753906,144.6199951171875,142.28469848632812,1397400,0.0,0.0
2024-10-16 00:00:00-04:00,146.25,147.4600067138672,145.77000427246094,146.8000030517578,144.42950439453125,1246300,0.0,0.0
2024-10-17 00:00:00-04:00,146.8000030517578,147.3000030517578,145.4600067138672,145.9600067138672,143.60308837890625,1430500,0.0,0.0
2024-10-18 00:00:00-04:00,147.1999969482422,149.32000732421875,146.11000061035156,149.0399932861328,146.63333129882812,1657100,0.0,0.0
2024-10-21 00:00:00-04:00,148.75,149.47000122070312,143.8300018310547,144.25999450683594,141.93051147460938,2396600,0.0,0.0
2024-10-22 00:00:00-04:00,138.5800018310547,139.50999450683594,133.77999877929688,133.80999755859375,131.64927673339844,3692800,0.0,0.0
2024-10-23 00:00:00-04:00,132.67999267578125,135.1300048828125,131.97000122070312,133.16000366210938,131.00978088378906,2521200,0.0,0.0
2024-10-24 00:00:00-04:00,134.25,136.6699981689453,133.8699951171875,135.83999633789062,133.64649963378906,2026300,0.0,0.0
2024-10-25 00:00:00-04:00,136.00999450683594,136.27999877929688,132.3699951171875,132.47000122070312,130.33091735839844,1655400,0.0,0.0
2024-10-28 00:00:00-04:00,134.00999450683594,135.24000549316406,132.83999633789062,133.8800048828125,131.71815490722656,1328500,0.0,0.0
2024-10-29 00:00:00-04:00,124.58999633789062,130.05999755859375,122.08000183105469,129.5800018310547,127.48759460449219,3715700,0.0,0.0
2024-10-30 00:00:00-04:00,129.0,132.0,128.57000732421875,130.25999450683594,128.1566162109375,1405900,0.0,0.0
2024-10-31 00:00:00-04:00,129.47999572753906,130.69000244140625,128.57000732421875,129.52999877929688,127.43839263916016,1858600,0.0,0.0
2024-11-01 00:00:00-04:00,131.19000244140625,132.5,128.2100067138672,128.3800048828125,126.30696105957031,1809900,0.0,0.0
2024-11-04 00:00:00-05:00,129.32000732421875,132.5,129.2100067138672,129.49000549316406,127.39903259277344,1801100,0.0,0.0
2024-11-05 00:00:00-05:00,128.38999938964844,133.36000061035156,128.0,133.25999450683594,131.10813903808594,1546600,0.0,0.0
2024-11-06 00:00:00-05:00,126.58999633789062,129.66000366210938,124.33999633789062,129.1699981689453,127.08419036865234,3670900,0.0,0.0
2024-11-07 00:00:00-05:00,129.0,132.1699981689453,128.77999877929688,131.16000366210938,129.0420684814453,1590200,0.0,0.0
2024-11-08 00:00:00-05:00,131.1999969482422,134.49000549316406,131.1999969482422,132.6999969482422,130.5572052001953,1599200,0.0,0.0
2024-11-11 00:00:00-05:00,133.52999877929688,134.74000549316406,132.3800048828125,133.4600067138672,131.30494689941406,1055900,0.0,0.0
2024-11-12 00:00:00-05:00,132.5500030517578,133.22999572753906,128.6199951171875,128.8699951171875,126.78902435302734,1909000,0.0,0.0
2024-11-13 00:00:00-05:00,131.0,131.39999389648438,127.22000122070312,127.4800033569336,125.42149353027344,1861600,0.0,0.0
2024-11-14 00:00:00-05:00,128.55999755859375,131.08999633789062,127.94999694824219,129.44000244140625,127.34986114501953,1422400,0.0,0.0
2024-11-15 00:00:00-05:00,129.0500030517578,129.88999938964844,127.72000122070312,128.88999938964844,126.8087158203125,1510000,0.0,0.0
2024-11-18 00:00:00-05:00,127.98999786376953,129.5500030517578,127.45999908447266,128.57000732421875,126.493896484375,1112400,0.0,0.0
2024-11-19 00:00:00-05:00,128.17999267578125,129.05999755859375,126.41999816894531,128.50999450683594,126.43484497070312,1292200,0.0,0.0
2024-11-20 00:00:00-05:00,128.3800048828125,128.60000610351562,127.0199966430664,128.05999755859375,125.99211883544922,1133100,0.0,0.0
2024-11-21 00:00:00-05:00,128.52999877929688,130.13999938964844,127.9000015258789,128.1199951171875,126.05115509033203,1510500,0.0,0.0
2024-11-22 00:00:00-05:00,129.16000366210938,130.0,127.80000305175781,129.75999450683594,127.66466522216797,1316700,0.0,0.0
2024-11-25 00:00:00-05:00,131.72999572753906,139.08999633789062,130.7899932861328,137.64999389648438,135.42726135253906,3181200,0.0,0.0
2024-11-26 00:00:00-05:00,136.30999755859375,137.39999389648438,133.8000030517578,135.60000610351562,133.41036987304688,1520800,0.0,0.0
2024-11-27 00:00:00-05:00,137.94000244140625,138.52999877929688,136.24000549316406,136.52999877929688,134.32534790039062,1270800,0.0,0.0
2024-11-29 00:00:00-05:00,138.0,139.30999755859375,135.24000549316406,135.27000427246094,133.08572387695312,1072700,0.0,0.0
2024-12-02 00:00:00-05:00,134.9199981689453,136.08999633789062,133.4600067138672,135.13999938964844,132.957763671875,1615500,0.0,0.0
2024-12-03 00:00:00-05:00,135.8300018310547,136.13999938964844,133.94000244140625,134.0,131.83621215820312,880800,0.0,0.0
2024-12-04 00:00:00-05:00,132.32000732421875,133.05999755859375,128.77999877929688,129.3000030517578,127.21208190917969,1898100,0.0,0.0
2024-12-05 00:00:00-05:00,129.3300018310547,129.82000732421875,127.56999969482422,127.87000274658203,125.80519104003906,1574300,0.0,0.0
2024-12-06 00:00:00-05:00,129.9499969482422,130.72999572753906,125.37000274658203,126.81999969482422,124.77213287353516,1698000,0.0,0.0
2024-12-09 00:00:00-05:00,127.77999877929688,128.58999633789062,126.44999694824219,128.47000122070312,126.39550018310547,1803000,0.0,0.0
2024-12-10 00:00:00-05:00,125.7699966430664,126.94999694824219,124.01000213623047,125.33999633789062,123.31603240966797,2149500,0.0,0.0
2024-12-11 00:00:00-05:00,125.9000015258789,126.01000213623047,121.41000366210938,121.91000366210938,119.94144439697266,2636700,0.0,0.0
2024-12-12 00:00:00-05:00,120.44999694824219,121.94000244140625,120.36000061035156,120.69000244140625,118.74113464355469,1898300,0.0,0.0
2024-12-13 00:00:00-05:00,119.6500015258789,119.80000305175781,117.0199966430664,118.41999816894531,116.5077896118164,2174700,0.0,0.0
2024-12-16 00:00:00-05:00,118.26000213623047,119.83000183105469,116.55999755859375,117.04000091552734,115.15008544921875,2077700,0.0,0.0
2024-12-17 00:00:00-05:00,116.93000030517578,117.98999786376953,115.19000244140625,115.88999938964844,114.23336791992188,2155800,0.22,0.0
2024-12-18 00:00:00-05:00,116.4000015258789,116.91000366210938,111.16999816894531,111.29000091552734,109.69912719726562,3173300,0.0,0.0
2024-12-19 00:00:00-05:00,107.9000015258789,110.72000122070312,107.20999908447266,108.88999938964844,107.33342742919922,3831600,0.0,0.0
2024-12-20 00:00:00-05:00,109.16999816894531,111.18000030517578,108.56999969482422,110.5199966430664,108.94012451171875,4865700,0.0,0.0
2024-12-23 00:00:00-05:00,109.94999694824219,110.58000183105469,109.0,110.12999725341797,108.55570220947266,1477300,0.0,0.0
2024-12-24 00:00:00-05:00,109.86000061035156,110.83000183105469,109.61000061035156,110.75,109.16683959960938,700900,0.0,0.0
2024-12-26 00:00:00-05:00,109.81999969482422,111.11000061035156,109.37999725341797,110.6500015258789,109.06827545166016,1259000,0.0,0.0
2024-12-27 00:00:00-05:00,109.7300033569336,111.11000061035156,108.93000030517578,109.5199966430664,107.95441436767578,990600,0.0,0.0
2024-12-30 00:00:00-05:00,109.25,109.41000366210938,107.69999694824219,108.86000061035156,107.3038558959961,1148200,0.0,0.0
2024-12-31 00:00:00-05:00,109.5999984741211,109.98999786376953,108.55999755859375,108.9000015258789,107.34329986572266,1217600,0.0,0.0
2025-01-02 00:00:00-05:00,110.18000030517578,110.48999786376953,107.18000030517578,107.63999938964844,106.1012954711914,1384800,0.0,0.0
2025-01-03 00:00:00-05:00,110.48999786376953,111.0,108.7699966430664,110.05000305175781,108.47685241699219,1934500,0.0,0.0
2025-01-06 00:00:00-05:00,110.70999908447266,111.63999938964844,108.61000061035156,108.93000030517578,107.37285614013672,1539800,0.0,0.0
2025-01-07 00:00:00-05:00,108.5199966430664,109.69999694824219,107.55000305175781,107.83000183105469,106.28858184814453,1682800,0.0,0.0
2025-01-08 00:00:00-05:00,108.0,110.68000030517578,106.80999755859375,110.45999908447266,108.88098907470703,2626500,0.0,0.0
2025-01-10 00:00:00-05:00,109.6500015258789,110.08999633789062,107.41999816894531,107.61000061035156,106.07172393798828,2041400,0.0,0.0
2025-01-13 00:00:00-05:00,107.31999969482422,109.08000183105469,107.05000305175781,108.98999786376953,107.43199157714844,1570500,0.0,0.0
2025-01-14 00:00:00-05:00,111.9000015258789,112.91000366210938,110.19999694824219,112.5,110.89183044433594,1765800,0.0,0.0
2025-01-15 00:00:00-05:00,117.45999908447266,117.48999786376953,114.48999786376953,115.97000122070312,114.31221771240234,2414100,0.0,0.0
2025-01-16 00:00:00-05:00,114.5199966430664,117.04000091552734,114.12000274658203,116.93000030517578,115.25849151611328,2252700,0.0,0.0
2025-01-17 00:00:00-05:00,118.58000183105469,119.01000213623047,116.41000366210938,117.02999877929688,115.35707092285156,2448200,0.0,0.0
2025-01-21 00:00:00-05:00,119.30000305175781,120.31999969482422,115.31999969482422,115.80999755859375,114.15450286865234,2693500,0.0,0.0
2025-01-22 00:00:00-05:00,115.25,117.12000274658203,114.79000091552734,116.88999938964844,115.21907806396484,1771500,0.0,0.0
2025-01-23 00:00:00-05:00,116.2699966430664,117.9800033569336,115.88999938964844,116.5199966430664,114.85436248779297,2159200,0.0,0.0
2025-01-24 00:00:00-05:00,116.36000061035156,116.55999755859375,115.11000061035156,115.69000244140625,114.03622436523438,1510500,0.0,0.0
2025-01-27 00:00:00-05:00,115.0,118.75,114.91000366210938,118.05000305175781,116.36249542236328,3131500,0.0,0.0
2025-01-28 00:00:00-05:00,117.83999633789062,118.0,114.91000366210938,115.05000305175781,113.40538024902344,2130300,0.0,0.0
2025-01-29 00:00:00-05:00,115.08000183105469,115.87000274658203,112.08999633789062,112.98999786376953,111.37480926513672,2965900,0.0,0.0
2025-01-30 00:00:00-05:00,116.37999725341797,121.30999755859375,113.4000015258789,118.51000213623047,116.81590270996094,3758800,0.0,0.0
2025-01-31 00:00:00-05:00,116.91000366210938,117.91000366210938,113.62999725341797,113.77999877929688,112.15353393554688,3251000,0.0,0.0
2025-02-03 00:00:00-05:00,111.51000213623047,111.5199966430664,108.4000015258789,109.1500015258789,107.58971405029297,3191000,0.0,0.0
2025-02-04 00:00:00-05:00,108.73999786376953,110.91999816894531,107.69000244140625,110.37999725341797,108.8021240234375,2560000,0.0,0.0
2025-02-05 00:00:00-05:00,112.44999694824219,112.63999938964844,110.44000244140625,111.33000183105469,109.73855590820312,2403100,0.0,0.0
2025-02-06 00:00:00-05:00,111.33000183105469,111.88999938964844,109.11000061035156,110.01000213623047,108.43741607666016,2563600,0.0,0.0
2025-02-07 00:00:00-05:00,109.25,109.37000274658203,105.4000015258789,105.87000274658203,104.35659790039062,2662500,0.0,0.0
2025-02-10 00:00:00-05:00,106.80000305175781,107.12999725341797,106.1500015258789,106.56999969482422,105.04660034179688,1963400,0.0,0.0
2025-02-11 00:00:00-05:00,106.06999969482422,108.5,105.3499984741211,107.33000183105469,105.79573059082031,2326800,0.0,0.0
2025-02-12 00:00:00-05:00,104.31999969482422,106.05999755859375,103.69999694824219,106.0,104.48473358154297,2274700,0.0,0.0
2025-02-13 00:00:00-05:00,106.5,107.19999694824219,105.45999908447266,106.69999694824219,105.17472839355469,1594600,0.0,0.0
2025-02-14 00:00:00-05:00,107.4000015258789,109.36000061035156,106.80000305175781,107.43000030517578,105.89430236816406,1519300,0.0,0.0
2025-02-18 00:00:00-05:00,106.94999694824219,107.4800033569336,104.5199966430664,105.5999984741211,104.0904541015625,1642500,0.0,0.0
2025-02-19 00:00:00-05:00,102.5199966430664,105.02999877929688,101.12999725341797,104.86000061035156,103.36103820800781,2294600,0.0,0.0
2025-02-20 00:00:00-05:00,104.4000015258789,106.06999969482422,103.97000122070312,105.83999633789062,104.3270263671875,1694300,0.0,0.0
2025-02-21 00:00:00-05:00,106.38999938964844,106.5,102.19999694824219,103.11000061035156,101.63605499267578,1818700,0.0,0.0
2025-02-24 00:00:00-05:00,103.19999694824219,103.2300033569336,100.54000091552734,101.69999694824219,100.24620819091797,2296700,0.0,0.0
2025-02-25 00:00:00-05:00,102.62000274658203,106.83999633789062,101.80999755859375,106.2300033569336,104.71146392822266,2894400,0.0,0.0
2025-02-26 00:00:00-05:00,105.66999816894531,105.93000030517578,103.66999816894531,104.44999694824219,102.9568862915039,1734200,0.0,0.0
2025-02-27 00:00:00-05:00,103.91999816894531,105.47000122070312,102.79000091552734,102.91999816894531,101.44876861572266,1392600,0.0,0.0
2025-02-28 00:00:00-05:00,102.9000015258789,104.2300033569336,102.04000091552734,103.27999877929688,101.80361938476562,3722400,0.0,0.0
2025-03-03 00:00:00-05:00,103.13999938964844,104.51000213623047,101.41000366210938,102.02999877929688,100.57149505615234,1921600,0.0,0.0
2025-03-04 00:00:00-05:00,101.30999755859375,104.18000030517578,101.01000213623047,102.9000015258789,101.4290542602539,3381400,0.0,0.0
2025-03-05 00:00:00-05:00,104.0,106.66999816894531,102.86000061035156,105.97000122070312,104.4551773071289,2866000,0.0,0.0
2025-03-06 00:00:00-05:00,106.66999816894531,109.08999633789062,106.27999877929688,108.2699966430664,106.7222900390625,2776800,0.0,0.0
2025-03-07 00:00:00-05:00,108.69999694824219,109.43000030517578,106.2699966430664,107.91000366210938,106.36743927001953,2461700,0.0,0.0
2025-03-10 00:00:00-04:00,107.26000213623047,111.05000305175781,106.80000305175781,107.4000015258789,105.8647232055664,2653200,0.0,0.0
2025-03-11 00:00:00-04:00,106.94000244140625,107.91000366210938,104.80999755859375,105.83999633789062,104.3270263671875,2157600,0.0,0.0
2025-03-12 00:00:00-04:00,106.19999694824219,106.55000305175781,102.52999877929688,103.52999877929688,102.050048828125,2672500,0.0,0.0
2025-03-13 00:00:00-04:00,103.33000183105469,104.44999694824219,100.72000122070312,101.08999633789062,99.64492797851562,2211800,0.0,0.0
2025-03-14 00:00:00-04:00,102.31999969482422,103.12000274658203,101.06999969482422,102.94000244140625,101.4684829711914,1791300,0.0,0.0
2025-03-17 00:00:00-04:00,103.37999725341797,104.55999755859375,102.93000030517578,103.88999938964844,102.40489959716797,1527900,0.0,0.0
2025-03-18 00:00:00-04:00,103.66000366210938,104.81999969482422,102.9000015258789,103.48999786376953,102.22709655761719,1355600,0.22,0.0
2025-03-19 00:00:00-04:00,103.37000274658203,105.91999816894531,103.06999969482422,105.12000274658203,103.83721160888672,2047700,0.0,0.0
2025-03-20 00:00:00-04:00,104.70999908447266,107.5199966430664,104.70999908447266,105.33999633789062,104.05452728271484,2090500,0.0,0.0
2025-03-21 00:00:00-04:00,102.48999786376953,103.75,100.3499984741211,102.72000122070312,101.46650695800781,8818500,0.0,0.0
2025-03-24 00:00:00-04:00,103.3499984741211,105.95999908447266,103.2699966430664,105.8499984741211,104.55830383300781,1859200,0.0,0.0
2025-03-25 00:00:00-04:00,104.30000305175781,106.94000244140625,103.16999816894531,105.31999969482422,104.0347671508789,1979900,0.0,0.0
2025-03-26 00:00:00-04:00,105.41999816894531,106.76000213623047,104.16999816894531,105.22000122070312,103.93599700927734,1248700,0.0,0.0
2025-03-27 00:00:00-04:00,105.16999816894531,106.16000366210938,104.4800033569336,105.04000091552734,103.75818634033203,1143400,0.0,0.0
2025-03-28 00:00:00-04:00,105.55000305175781,105.55000305175781,101.41999816894531,101.73999786376953,100.49845886230469,1413000,0.0,0.0
2025-03-31 00:00:00-04:00,101.4000015258789,103.61000061035156,99.58000183105469,102.80000305175781,101.54552459716797,1717300,0.0,0.0
2025-04-01 00:00:00-04:00,103.5199966430664,103.7300033569336,101.5999984741211,103.04000091552734,101.78260040283203,1562400,0.0,0.0
2025-04-02 00:00:00-04:00,101.93000030517578,104.38999938964844,101.66999816894531,104.33000183105469,103.05684661865234,1431100,0.0,0.0
2025-04-03 00:00:00-04:00,100.29000091552734,101.44999694824219,96.9000015258789,97.75,96.55714416503906,2705600,0.0,0.0
2025-04-04 00:00:00-04:00,95.83999633789062,104.06999969482422,95.13999938964844,101.23999786376953,100.00456237792969,3953800,0.0,0.0
2025-04-07 00:00:00-04:00,99.06999969482422,101.44999694824219,95.33999633789062,96.13999938964844,94.96678924560547,3507900,0.0,0.0
2025-04-08 00:00:00-04:00,98.12000274658203,99.08000183105469,90.58999633789062,92.0199966430664,90.89706420898438,2569000,0.0,0.0
2025-04-09 00:00:00-04:00,90.0,98.81999969482422,88.06999969482422,97.16999816894531,95.9842300415039,3324800,0.0,0.0
2025-04-10 00:00:00-04:00,95.27999877929688,95.94999694824219,90.80000305175781,93.68000030517578,92.53680419921875,2409000,0.0,0.0
2025-04-11 00:00:00-04:00,93.0999984741211,94.55000305175781,89.80999755859375,94.52999877929688,93.37644958496094,2580000,0.0,0.0
2025-04-14 00:00:00-04:00,96.4000015258789,96.4000015258789,93.83000183105469,95.44000244140625,94.27533721923828,1903900,0.0,0.0
2025-04-15 00:00:00-04:00,95.37999725341797,96.66999816894531,94.0999984741211,94.79000091552734,93.63327026367188,1725900,0.0,0.0
2025-04-16 00:00:00-04:00,94.94999694824219,95.91999816894531,91.98999786376953,92.86000061035156,91.72682189941406,1647500,0.0,0.0
2025-04-17 00:00:00-04:00,93.5199966430664,95.58999633789062,93.08999633789062,94.94999694824219,93.79131317138672,2870600,0.0,0.0
2025-04-21 00:00:00-04:00,94.02999877929688,94.26000213623047,91.76000213623047,93.11000061035156,91.97377014160156,2666100,0.0,0.0
2025-04-22 00:00:00-04:00,96.0,101.41999816894531,94.93000030517578,100.88999938964844,99.6588363647461,3688900,0.0,0.0
2025-04-23 00:00:00-04:00,103.66999816894531,105.62000274658203,100.62999725341797,101.05999755859375,99.82674407958984,2422000,0.0,0.0
2025-04-24 00:00:00-04:00,101.23999786376953,103.16000366210938,99.4800033569336,102.8499984741211,101.59490966796875,1940300,0.0,0.0
2025-04-25 00:00:00-04:00,101.9000015258789,102.41000366210938,100.76000213623047,101.87999725341797,100.63674926757812,1861800,0.0,0.0
2025-04-28 00:00:00-04:00,101.8499984741211,103.16000366210938,101.27999877929688,102.41999816894531,101.17015838623047,1885100,0.0,0.0
2025-04-29 00:00:00-04:00,101.5,102.48999786376953,100.58999633789062,101.73999786376953,100.49845886230469,1551600,0.0,0.0
2025-04-30 00:00:00-04:00,100.66000366210938,102.69999694824219,99.36000061035156,102.58000183105469,101.32820892333984,1733800,0.0,0.0
2025-05-01 00:00:00-04:00,102.83999633789062,104.0199966430664,101.45999908447266,101.88999938964844,100.6466293334961,1576900,0.0,0.0
2025-05-02 00:00:00-04:00,102.80000305175781,104.58000183105469,102.30999755859375,104.45999908447266,103.18527221679688,1439500,0.0,0.0
2025-05-05 00:00:00-04:00,104.05999755859375,104.81999969482422,103.30999755859375,103.66999816894531,102.4049072265625,1537600,0.0,0.0
2025-05-06 00:00:00-04:00,102.62000274658203,104.0999984741211,100.70999908447266,100.83999633789062,99.60942840576172,1571700,0.0,0.0
2025-05-07 00:00:00-04:00,101.94999694824219,102.19000244140625,100.83999633789062,101.31999969482422,100.0835952758789,1652800,0.0,0.0
2025-05-08 00:00:00-04:00,102.44999694824219,104.41999816894531,102.12000274658203,103.36000061035156,102.09868621826172,1525900,0.0,0.0
2025-05-09 00:00:00-04:00,103.66999816894531,103.66999816894531,102.04000091552734,102.47000122070312,101.21955871582031,1157200,0.0,0.0
2025-05-12 00:00:00-04:00,107.29000091552734,108.80999755859375,104.54000091552734,106.54000091552734,105.23988342285156,1967300,0.0,0.0
2025-05-13 00:00:00-04:00,107.58000183105469,108.0,106.3499984741211,106.44999694824219,105.1509780883789,1951700,0.0,0.0
2025-05-14 00:00:00-04:00,105.70999908447266,106.20999908447266,101.83999633789062,102.05999755859375,100.81453704833984,2237400,0.0,0.0
2025-05-15 00:00:00-04:00,102.25,102.8499984741211,100.05000305175781,102.7699966430664,101.51587677001953,1795500,0.0,0.0
2025-05-16 00:00:00-04:00,102.75,104.70999908447266,102.26000213623047,104.41000366210938,103.13587951660156,1402100,0.0,0.0
2025-05-19 00:00:00-04:00,101.83000183105469,103.61000061035156,101.5999984741211,103.06999969482422,101.81221771240234,1580000,0.0,0.0
2025-05-20 00:00:00-04:00,102.41000366210938,103.23999786376953,101.0,101.30999755859375,100.07369995117188,1283300,0.0,0.0
2025-05-21 00:00:00-04:00,100.55000305175781,101.52999877929688,98.63999938964844,99.0999984741211,97.89067077636719,2730400,0.0,0.0
2025-05-22 00:00:00-04:00,98.54000091552734,98.83000183105469,97.26000213623047,98.58000183105469,97.37701416015625,2317700,0.0,0.0
2025-05-23 00:00:00-04:00,97.36000061035156,98.5999984741211,97.01000213623047,98.20999908447266,97.01152801513672,1389700,0.0,0.0
2025-05-27 00:00:00-04:00,99.41000366210938,100.72000122070312,98.37000274658203,100.56999969482422,99.34273529052734,1975100,0.0,0.0
2025-05-28 00:00:00-04:00,100.02999877929688,100.31999969482422,97.41999816894531,97.70999908447266,96.51763153076172,1815700,0.0,0.0
2025-05-29 00:00:00-04:00,98.81999969482422,98.88999938964844,97.38999938964844,98.54000091552734,97.33750915527344,1520200,0.0,0.0
2025-05-30 00:00:00-04:00,98.29000091552734,98.79000091552734,97.44000244140625,98.02999877929688,96.83373260498047,3156100,0.0,0.0
2025-06-02 00:00:00-04:00,96.98999786376953,97.91000366210938,95.19999694824219,97.55000305175781,96.3595962524414,1547900,0.0,0.0
2025-06-03 00:00:00-04:00,97.37999725341797,98.80999755859375,96.45999908447266,98.66999816894531,97.46591186523438,1650900,0.0,0.0
2025-06-04 00:00:00-04:00,98.81999969482422,102.30999755859375,98.6500015258789,101.87000274658203,100.62687683105469,2063700,0.0,0.0
2025-06-05 00:00:00-04:00,101.37999725341797,102.48999786376953,100.75,101.63999938964844,100.39967346191406,1201600,0.0,0.0
2025-06-06 00:00:00-04:00,102.11000061035156,102.25,100.08999633789062,100.2300033569336,99.00688934326172,1396300,0.0,0.0
2025-06-09 00:00:00-04:00,100.95999908447266,102.22000122070312,99.87999725341797,101.47000122070312,100.23174285888672,1098000,0.0,0.0
2025-06-10 00:00:00-04:00,102.75,105.23999786376953,101.76000213623047,105.02999877929688,103.74829864501953,2169600,0.0,0.0
2025-06-11 00:00:00-04:00,106.52999877929688,107.9000015258789,103.18000030517578,103.41999816894531,102.15795135498047,1765200,0.0,0.0
2025-06-12 00:00:00-04:00,102.91000366210938,104.5999984741211,101.83999633789062,104.1500015258789,102.8790512084961,1367900,0.0,0.0
2025-06-13 00:00:00-04:00,102.69999694824219,104.26000213623047,100.72000122070312,101.61000061035156,100.37005615234375,1599600,0.0,0.0
2025-06-16 00:00:00-04:00,102.91999816894531,102.91999816894531,100.94000244140625,102.41999816894531,101.17015838623047,1752600,0.0,0.0
2025-06-17 00:00:00-04:00,102.54000091552734,104.05000305175781,98.31999969482422,98.72000122070312,97.72523498535156,1953300,0.22,0.0
2025-06-18 00:00:00-04:00,98.27999877929688,100.27999877929688,98.2699966430664,99.13999938964844,98.14099884033203,1915700,0.0,0.0
2025-06-20 00:00:00-04:00,99.5999984741211,101.98999786376953,99.44999694824219,101.47000122070312,100.44751739501953,3054700,0.0,0.0
2025-06-23 00:00:00-04:00,100.69999694824219,105.04000091552734,100.69999694824219,104.8499984741211,103.79346466064453,2007000,0.0,0.0
2025-06-24 00:00:00-04:00,104.8499984741211,106.41999816894531,103.98999786376953,105.48999786376953,104.42700958251953,2578300,0.0,0.0
2025-06-25 00:00:00-04:00,104.7300033569336,105.4800033569336,103.08999633789062,103.55999755859375,102.5164566040039,1667800,0.0,0.0
2025-06-26 00:00:00-04:00,104.06999969482422,104.54000091552734,102.16999816894531,104.44000244140625,103.38758850097656,1731300,0.0,0.0
2025-06-27 00:00:00-04:00,104.81999969482422,106.55999755859375,104.33999633789062,105.5199966430664,104.45669555664062,2996000,0.0,0.0
2025-06-30 00:00:00-04:00,105.95999908447266,106.36000061035156,104.26000213623047,105.45999908447266,104.39730834960938,1635100,0.0,0.0
2025-07-01 00:00:00-04:00,104.87000274658203,112.23999786376953,104.04000091552734,109.94000244140625,108.83216857910156,3341500,0.0,0.0
2025-07-02 00:00:00-04:00,110.13999938964844,112.12000274658203,109.33000183105469,111.33999633789062,110.21805572509766,2498500,0.0,0.0
2025-07-03 00:00:00-04:00,111.97000122070312,112.18000030517578,108.80000305175781,109.36000061035156,108.25801086425781,1616100,0.0,0.0
2025-07-07 00:00:00-04:00,109.0999984741211,109.83999633789062,107.06999969482422,108.13999938964844,107.05030822753906,1710200,0.0,0.0
2025-07-08 00:00:00-04:00,107.8499984741211,109.8499984741211,107.37999725341797,108.87999725341797,107.78284454345703,1947800,0.0,0.0
2025-07-09 00:00:00-04:00,109.55999755859375,114.33999633789062,109.05000305175781,113.7699966430664,112.62356567382812,3865100,0.0,0.0
2025-07-10 00:00:00-04:00,113.37999725341797,116.41999816894531,113.12000274658203,115.18000030517578,114.01937103271484,2533400,0.0,0.0
2025-07-11 00:00:00-04:00,113.66000366210938,115.19000244140625,113.0,114.2699966430664,113.11853790283203,2650500,0.0,0.0
2025-07-14 00:00:00-04:00,113.58999633789062,114.56999969482422,111.0,112.83999633789062,111.70294952392578,2961100,0.0,0.0
2025-07-15 00:00:00-04:00,113.26000213623047,114.0,107.91999816894531,108.0,106.91171264648438,2495900,0.0,0.0
2025-07-16 00:00:00-04:00,108.4800033569336,110.2300033569336,107.16000366210938,109.29000091552734,108.18871307373047,2301200,0.0,0.0
2025-07-17 00:00:00-04:00,108.9000015258789,110.05999755859375,108.63999938964844,109.27999877929688,108.17881774902344,2120000,0.0,0.0
2025-07-18 00:00:00-04:00,110.08000183105469,110.68000030517578,107.91000366210938,108.66000366210938,107.56507110595703,1941100,0.0,0.0
2025-07-21 00:00:00-04:00,109.5199966430664,110.33999633789062,108.31999969482422,108.6500015258789,107.55516815185547,2211000,0.0,0.0
2025-07-22 00:00:00-04:00,117.7300033569336,121.62999725341797,115.66999816894531,121.16999816894531,119.94900512695312,5151100,0.0,0.0
2025-07-23 00:00:00-04:00,122.12000274658203,122.48999786376953,118.62000274658203,119.27999877929688,118.07804107666016,2785400,0.0,0.0
2025-07-24 00:00:00-04:00,118.38999938964844,119.13999938964844,115.77999877929688,116.02999877929688,114.86079406738281,2154600,0.0,0.0
2025-07-25 00:00:00-04:00,116.05999755859375,116.91000366210938,114.58999633789062,116.3499984741211,115.17757415771484,1415000,0.0,0.0
2025-07-28 00:00:00-04:00,116.13999938964844,117.61000061035156,114.93000030517578,116.81999969482422,115.64282989501953,1569100,0.0,0.0
2025-07-29 00:00:00-04:00,116.87000274658203,117.80999755859375,115.94000244140625,117.05999755859375,115.88042449951172,1630600,0.0,0.0
2025-07-30 00:00:00-04:00,116.76000213623047,117.5999984741211,112.41000366210938,113.36000061035156,112.21771240234375,1932600,0.0,0.0
2025-07-31 00:00:00-04:00,111.86000061035156,113.79000091552734,111.5,112.91999816894531,111.78213500976562,1932300,0.0,0.0
2025-08-01 00:00:00-04:00,115.05999755859375,117.37999725341797,114.43000030517578,116.75,115.57354736328125,2028900,0.0,0.0
2025-08-04 00:00:00-04:00,117.0,119.86000061035156,116.8499984741211,119.36000061035156,118.1572494506836,1965700,0.0,0.0
2025-08-05 00:00:00-04:00,119.12999725341797,122.1500015258789,119.12999725341797,121.0199966430664,119.8005142211914,1856500,0.0,0.0
2025-08-06 00:00:00-04:00,121.41999816894531,122.44000244140625,120.13999938964844,120.2300033569336,119.01848602294922,1655500,0.0,0.0
2025-08-07 00:00:00-04:00,121.5,123.52999877929688,120.37000274658203,120.66999816894531,119.45404052734375,1611100,0.0,0.0
2025-08-08 00:00:00-04:00,120.9800033569336,122.4000015258789,120.6500015258789,121.63999938964844,120.41426086425781,1495000,0.0,0.0
2025-08-11 00:00:00-04:00,122.16000366210938,122.9800033569336,118.36000061035156,120.19999694824219,118.98876953125,1651400,0.0,0.0
2025-08-12 00:00:00-04:00,121.18000030517578,123.72000122070312,119.4000015258789,123.33000183105469,122.08724212646484,2446000,0.0,0.0
2025-08-13 00:00:00-04:00,124.3499984741211,131.0800018310547,123.95999908447266,129.9600067138672,128.6504669189453,3062200,0.0,0.0
2025-08-14 00:00:00-04:00,126.7699966430664,128.7899932861328,126.0999984741211,128.5500030517578,127.25465393066406,2495900,0.0,0.0
2025-08-15 00:00:00-04:00,131.38999938964844,131.5,127.79000091552734,128.69000244140625,127.39322662353516,1920200,0.0,0.0
2025-08-18 00:00:00-04:00,128.77999877929688,129.47999572753906,128.0500030517578,128.2100067138672,126.91807556152344,1556900,0.0,0.0
2025-08-19 00:00:00-04:00,129.35000610351562,131.41000366210938,128.8800048828125,130.3699951171875,129.05630493164062,1818700,0.0,0.0
2025-08-20 00:00:00-04:00,130.0,131.02999877929688,126.1500015258789,126.54000091552734,125.26488494873047,2065100,0.0,0.0
2025-08-21 00:00:00-04:00,125.55999755859375,125.73999786376953,123.23999786376953,125.37000274658203,124.10668182373047,1450000,0.0,0.0
2025-08-22 00:00:00-04:00,126.36000061035156,133.6699981689453,124.93000030517578,132.3300018310547,130.99656677246094,2943700,0.0,0.0
2025-08-25 00:00:00-04:00,131.16000366210938,132.88999938964844,130.5399932861328,132.27999877929688,130.94705200195312,3012300,0.0,0.0
2025-08-26 00:00:00-04:00,132.36000061035156,132.5,130.9199981689453,131.1300048828125,129.8086700439453,2520200,0.0,0.0
2025-08-27 00:00:00-04:00,130.6999969482422,131.80999755859375,130.0,131.02999877929688,129.7096405029297,1369900,0.0,0.0
2025-08-28 00:00:00-04:00,131.88999938964844,131.99000549316406,129.58999633789062,131.47000122070312,130.14520263671875,1133800,0.0,0.0
2025-08-29 00:00:00-04:00,131.47999572753906,132.1699981689453,130.35000610351562,132.02000427246094,130.68966674804688,1344300,0.0,0.0
2025-09-02 00:00:00-04:00,129.89999389648438,132.4600067138672,129.3300018310547,132.08999633789062,130.75897216796875,1443200,0.0,0.0
2025-09-03 00:00:00-04:00,131.61000061035156,135.02000427246094,131.24000549316406,133.3000030517578,131.95677185058594,2042300,0.0,0.0
2025-09-04 00:00:00-04:00,134.80999755859375,138.13999938964844,134.39999389648438,137.61000061035156,136.2233428955078,2280600,0.0,0.0
2025-09-05 00:00:00-04:00,140.44000244140625,142.11000061035156,139.1199951171875,140.57000732421875,139.15350341796875,2190500,0.0,0.0
2025-09-08 00:00:00-04:00,139.75,141.72999572753906,138.60000610351562,141.4199981689453,139.99496459960938,1905200,0.0,0.0
2025-09-09 00:00:00-04:00,140.4600067138672,141.7899932861328,134.2100067138672,136.72000122070312,135.34230041503906,3122900,0.0,0.0
2025-09-10 00:00:00-04:00,137.1999969482422,137.3000030517578,134.25999450683594,135.41000366210938,134.04550170898438,2184400,0.0,0.0
2025-09-11 00:00:00-04:00,136.5500030517578,139.69000244140625,135.9199981689453,138.66000366210938,137.2627716064453,1736000,0.0,0.0
2025-09-12 00:00:00-04:00,137.3800048828125,138.8699951171875,136.41000366210938,137.10000610351562,135.71849060058594,1266200,0.0,0.0
2025-09-15 00:00:00-04:00,137.8300018310547,137.8300018310547,133.61000061035156,134.83999633789062,133.4812469482422,2008100,0.0,0.0
2025-09-16 00:00:00-04:00,134.86000061035156,135.3300018310547,131.3800048828125,133.8699951171875,132.7375946044922,2257800,0.22,0.0
2025-09-17 00:00:00-04:00,134.97999572753906,139.0500030517578,132.17999267578125,134.10000610351562,132.96566772460938,2323700,0.0,0.0
2025-09-18 00:00:00-04:00,134.30999755859375,135.13999938964844,132.85000610351562,134.10000610351562,132.96566772460938,1830900,0.0,0.0
2025-09-19 00:00:00-04:00,132.4199981689453,133.94000244140625,130.4600067138672,131.89999389648438,130.7842559814453,5783600,0.0,0.0
2025-09-22 00:00:00-04:00,131.27000427246094,132.27999877929688,128.36000061035156,129.24000549316406,128.1467742919922,2172700,0.0,0.0
2025-09-23 00:00:00-04:00,129.8000030517578,130.6699981689453,128.64999389648438,130.0500030517578,128.94992065429688,1316600,0.0,0.0
2025-09-24 00:00:00-04:00,128.83999633789062,132.66000366210938,128.8000030517578,130.89999389648438,129.792724609375,1720200,0.0,0.0
2025-09-25 00:00:00-04:00,128.5399932861328,131.50999450683594,128.17999267578125,128.74000549316406,127.65099334716797,2147900,0.0,0.0
2025-09-26 00:00:00-04:00,129.42999267578125,132.05999755859375,128.91000366210938,131.14999389648438,130.0406036376953,1099400,0.0,0.0
2025-09-29 00:00:00-04:00,131.8800048828125,133.6300048828125,130.58999633789062,133.13999938964844,132.01377868652344,1361600,0.0,0.0
2025-09-30 00:00:00-04:00,132.17999267578125,133.5500030517578,130.14999389648438,132.1300048828125,131.01231384277344,1719200,0.0,0.0
2025-10-01 00:00:00-04:00,133.1699981689453,134.9600067138672,132.1300048828125,134.44000244140625,133.3027801513672,1585200,0.0,0.0
2025-10-02 00:00:00-04:00,134.02000427246094,135.1999969482422,132.64999389648438,134.8800048828125,133.7390594482422,1449400,0.0,0.0
2025-10-03 00:00:00-04:00,135.24000549316406,138.3300018310547,135.10000610351562,137.61000061035156,136.4459686279297,1619200,0.0,0.0
2025-10-06 00:00:00-04:00,137.72000122070312,138.10000610351562,134.14999389648438,135.47999572753906,134.33396911621094,1419500,0.0,0.0
2025-10-07 00:00:00-04:00,132.52999877929688,132.72999572753906,128.5,129.60000610351562,128.50372314453125,2809500,0.0,0.0
2025-10-08 00:00:00-04:00,130.1999969482422,130.39999389648438,126.33000183105469,127.66000366210938,126.58013153076172,2667700,0.0,0.0
2025-10-09 00:00:00-04:00,126.25,126.5999984741211,120.62000274658203,121.41000366210938,120.38299560546875,4278000,0.0,0.0
2025-10-10 00:00:00-04:00,121.41000366210938,122.20999908447266,119.69999694824219,120.04000091552734,119.02458953857422,2866900,0.0,0.0
2025-10-13 00:00:00-04:00,120.04000091552734,120.48999786376953,118.61000061035156,120.48999786376953,119.47077941894531,2604800,0.0,0.0
2025-10-14 00:00:00-04:00,119.76000213623047,125.3499984741211,119.4000015258789,124.88999938964844,123.83356475830078,2632300,0.0,0.0
2025-10-15 00:00:00-04:00,124.62000274658203,126.93000030517578,124.44000244140625,124.68000030517578,123.62533569335938,1671400,0.0,0.0
2025-10-16 00:00:00-04:00,124.68000030517578,125.0199966430664,121.81999969482422,123.87999725341797,122.83209228515625,2481800,0.0,0.0
2025-10-17 00:00:00-04:00,123.70999908447266,124.94000244140625,122.9800033569336,124.44999694824219,123.39727783203125,2391400,0.0,0.0
2025-10-20 00:00:00-04:00,124.76000213623047,125.91999816894531,123.04000091552734,123.2699966430664,122.22725677490234,4499000,0.0,0.0
2025-10-21 00:00:00-04:00,115.9000015258789,124.79000091552734,115.11000061035156,123.2699966430664,122.22725677490234,4706800,0.0,0.0
2025-10-22 00:00:00-04:00,121.72000122070312,123.4000015258789,119.94000244140625,120.20999908447266,119.19315338134766,2630100,0.0,0.0
2025-10-23 00:00:00-04:00,120.55999755859375,121.91000366210938,119.33999633789062,120.86000061035156,119.83765411376953,1661400,0.0,0.0
2025-10-24 00:00:00-04:00,122.70999908447266,123.20999908447266,120.5,120.52999877929688,119.51043701171875,1774500,0.0,0.0
2025-10-27 00:00:00-04:00,121.68000030517578,121.98999786376953,120.13999938964844,120.30000305175781,119.28239440917969,1508000,0.0,0.0
2025-10-28 00:00:00-04:00,117.0199966430664,121.9000015258789,115.41000366210938,120.73999786376953,119.71866607666016,2354200,0.0,0.0
2025-10-29 00:00:00-04:00,119.26000213623047,121.5,116.33999633789062,118.2300033569336,117.22990417480469,2879600,0.0,0.0
2025-10-30 00:00:00-04:00,117.81999969482422,120.31999969482422,117.55999755859375,119.04000091552734,118.03304290771484,2092300,0.0,0.0
2025-10-31 00:00:00-04:00,117.91999816894531,120.55000305175781,117.0999984741211,119.87000274658203,118.85602569580078,2308500,0.0,0.0
2025-11-03 00:00:00-05:00,119.8499984741211,119.8499984741211,117.91999816894531,118.76000213623047,117.75541687011719,2421100,0.0,0.0
2025-11-04 00:00:00-05:00,118.0199966430664,120.22000122070312,117.72000122070312,119.63999938964844,118.62796783447266,1649600,0.0,0.0
2025-11-05 00:00:00-05:00,119.79000091552734,120.66000366210938,118.55000305175781,119.45999908447266,118.44950103759766,1863000,0.0,0.0
2025-11-06 00:00:00-05:00,120.08000183105469,120.36000061035156,118.76000213623047,118.93000030517578,117.92398071289062,1241900,0.0,0.0
2025-11-07 00:00:00-05:00,118.55000305175781,119.81999969482422,117.73999786376953,119.76000213623047,118.74695587158203,2675000,0.0,0.0
2025-11-10 00:00:00-05:00,119.47000122070312,120.5999984741211,118.05999755859375,120.16999816894531,119.15348815917969,1692800,0.0,0.0
2025-11-11 00:00:00-05:00,121.02999877929688,121.63999938964844,119.5,121.22000122070312,120.1946029663086,1611800,0.0,0.0
2025-11-12 00:00:00-05:00,121.08999633789062,122.72000122070312,120.29000091552734,120.62999725341797,119.6095962524414,1244500,0.0,0.0
2025-11-13 00:00:00-05:00,119.26000213623047,121.08999633789062,118.37999725341797,118.41999816894531,117.41828918457031,1496300,0.0,0.0
2025-11-14 00:00:00-05:00,118.4000015258789,121.05999755859375,118.12999725341797,118.37000274658203,117.36872863769531,1340200,0.0,0.0
2025-11-17 00:00:00-05:00,117.91000366210938,118.05999755859375,113.69999694824219,113.87999725341797,112.91669464111328,1857100,0.0,0.0
2025-11-18 00:00:00-05:00,113.0,114.25,111.6500015258789,113.48999786376953,112.52998352050781,2082400,0.0,0.0
2025-11-19 00:00:00-05:00,114.02999877929688,114.4800033569336,112.77999877929688,113.76000213623047,112.79771423339844,1387300,0.0,0.0
2025-11-20 00:00:00-05:00,114.63999938964844,116.01000213623047,113.54000091552734,114.3499984741211,113.38272094726562,1451800,0.0,0.0
2025-11-21 00:00:00-05:00,115.30000305175781,121.69000244140625,115.26000213623047,120.31999969482422,119.30221557617188,2348100,0.0,0.0
2025-11-24 00:00:00-05:00,119.80000305175781,120.0999984741211,118.1500015258789,119.27999877929688,118.27101135253906,2195800,0.0,0.0
2025-11-25 00:00:00-05:00,120.77999877929688,126.3499984741211,119.91000366210938,125.70999908447266,124.64662170410156,2286200,0.0,0.0
2025-11-26 00:00:00-05:00,125.29000091552734,127.94000244140625,125.2699966430664,127.58999633789062,126.5107192993164,1429100,0.0,0.0
2025-11-28 00:00:00-05:00,127.43000030517578,127.94999694824219,126.68000030517578,127.19000244140625,126.1141128540039,675500,0.0,0.0
2025-12-01 00:00:00-05:00,127.20999908447266,128.36000061035156,126.30999755859375,127.18000030517578,126.10418701171875,1420800,0.0,0.0
2025-12-02 00:00:00-05:00,127.05999755859375,127.37999725341797,125.08000183105469,126.55000305175781,125.47952270507812,1750400,0.0,0.0
2025-12-03 00:00:00-05:00,126.94999694824219,130.49000549316406,126.91999816894531,130.3300018310547,129.22755432128906,1450700,0.0,0.0
2025-12-04 00:00:00-05:00,130.36000061035156,131.55999755859375,127.55000305175781,127.88999938964844,126.80818939208984,1594000,0.0,0.0
2025-12-05 00:00:00-05:00,128.75999450683594,129.3800048828125,126.76000213623047,126.98999786376953,125.91578674316406,1205000,0.0,0.0
2025-12-08 00:00:00-05:00,126.31999969482422,126.44999694824219,124.16000366210938,124.87999725341797,123.82364654541016,1291900,0.0,0.0
2025-12-09 00:00:00-05:00,123.5,124.94000244140625,122.86000061035156,123.04000091552734,121.99920654296875,1695100,0.0,0.0
2025-12-10 00:00:00-05:00,123.86000061035156,128.22000122070312,123.86000061035156,127.9000015258789,126.81809997558594,1882800,0.0,0.0
2025-12-11 00:00:00-05:00,128.57000732421875,130.22000122070312,127.37000274658203,127.56999969482422,126.49089813232422,1508500,0.0,0.0
2025-12-12 00:00:00-05:00,127.83999633789062,128.0800018310547,125.58000183105469,126.43000030517578,125.36054229736328,1280000,0.0,0.0
2025-12-15 00:00:00-05:00,128.02999877929688,128.16000366210938,125.83999633789062,126.51000213623047,125.43985748291016,1396700,0.0,0.0
2025-12-16 00:00:00-05:00,126.72000122070312,127.25,122.55000305175781,124.38999938964844,123.59178924560547,2170300,0.26,0.0
2025-12-17 00:00:00-05:00,122.5999984741211,125.11000061035156,120.55999755859375,122.80000305175781,122.01200103759766,2033100,0.0,0.0
2025-12-18 00:00:00-05:00,124.19999694824219,124.83999633789062,121.12000274658203,121.66000366210938,120.87931060791016,2694900,0.0,0.0
2025-12-19 00:00:00-05:00,119.98999786376953,120.20999908447266,118.16000366210938,119.73999786376953,118.97163391113281,5550100,0.0,0.0
2025-12-22 00:00:00-05:00,119.80000305175781,120.02999877929688,118.6500015258789,119.11000061035156,118.34567260742188,1269300,0.0,0.0
2025-12-23 00:00:00-05:00,119.5199966430664,119.62000274658203,116.33999633789062,117.37999725341797,116.62677001953125,2967000,0.0,0.0
2025-12-24 00:00:00-05:00,117.0,119.8499984741211,116.93000030517578,119.3499984741211,118.58413696289062,891400,0.0,0.0
2025-12-26 00:00:00-05:00,119.66000366210938,119.9000015258789,118.19000244140625,119.19999694824219,118.43509674072266,790600,0.0,0.0
2025-12-29 00:00:00-05:00,118.05999755859375,119.47000122070312,118.02999877929688,118.69000244140625,117.92837524414062,1270900,0.0,0.0
2025-12-30 00:00:00-05:00,118.41999816894531,118.61000061035156,117.19000244140625,118.12999725341797,117.37196350097656,1732700,0.0,0.0
2025-12-31 00:00:00-05:00,118.3499984741211,119.0,117.18000030517578,117.26000213623047,116.5075454711914,984200,0.0,0.0
2026-01-02 00:00:00-05:00,118.44999694824219,119.08000183105469,116.68000030517578,119.06999969482422,118.3059310913086,1281700,0.0,0.0
2026-01-05 00:00:00-05:00,118.01000213623047,121.20999908447266,118.0,119.86000061035156,119.09085845947266,1429300,0.0,0.0
2026-01-06 00:00:00-05:00,118.19000244140625,121.48999786376953,117.48999786376953,121.1500015258789,120.3725814819336,1723300,0.0,0.0
2026-01-07 00:00:00-05:00,121.87999725341797,123.1500015258789,117.02999877929688,117.29000091552734,116.537353515625,1725600,0.0,0.0
2026-01-08 00:00:00-05:00,116.44000244140625,123.41999816894531,116.05000305175781,123.16000366210938,122.36968994140625,1986400,0.0,0.0
2026-01-09 00:00:00-05:00,125.44999694824219,132.83999633789062,125.44999694824219,132.1999969482422,131.35166931152344,4091200,0.0,0.0
2026-01-12 00:00:00-05:00,131.75999450683594,134.58999633789062,130.44000244140625,133.22999572753906,132.3750762939453,2579500,0.0,0.0
2026-01-13 00:00:00-05:00,133.19000244140625,134.5,132.17999267578125,133.66000366210938,132.80230712890625,1841700,0.0,0.0
2026-01-14 00:00:00-05:00,132.5,134.1699981689453,130.47999572753906,130.72999572753906,129.89109802246094,1727100,0.0,0.0
2026-01-15 00:00:00-05:00,131.63999938964844,133.13999938964844,130.1699981689453,132.8699951171875,132.01736450195312,1641100,0.0,0.0
2026-01-16 00:00:00-05:00,132.8699951171875,134.33999633789062,129.0500030517578,130.22999572753906,129.3943328857422,1725900,0.0,0.0
2026-01-20 00:00:00-05:00,127.37999725341797,130.88999938964844,126.55000305175781,126.80999755859375,125.99626159667969,1940600,0.0,0.0
2026-01-21 00:00:00-05:00,127.56999969482422,131.41000366210938,126.86000061035156,129.97000122070312,129.13600158691406,1799500,0.0,0.0
2026-01-22 00:00:00-05:00,130.5800018310547,131.8000030517578,126.79000091552734,127.7699966430664,126.9500961303711,1619900,0.0,0.0
2026-01-23 00:00:00-05:00,127.54000091552734,127.7699966430664,124.22000122070312,125.16000366210938,124.35685729980469,1300100,0.0,0.0
2026-01-26 00:00:00-05:00,125.83999633789062,126.12999725341797,124.12000274658203,125.06999969482422,124.26742553710938,1642100,0.0,0.0
2026-01-27 00:00:00-05:00,124.20999908447266,124.87999725341797,123.0199966430664,123.87999725341797,123.08506774902344,1788300,0.0,0.0
2026-01-28 00:00:00-05:00,124.02999877929688,127.13999938964844,123.16999816894531,123.2699966430664,122.47897338867188,2289100,0.0,0.0
2026-01-29 00:00:00-05:00,124.23999786376953,129.36000061035156,124.2300033569336,127.26000213623047,126.44337463378906,2860600,0.0,0.0
2026-01-30 00:00:00-05:00,126.62000274658203,127.45999908447266,123.41999816894531,125.08999633789062,124.28730010986328,1927400,0.0,0.0
2026-02-02 00:00:00-05:00,124.61000061035156,127.43000030517578,123.75,127.06999969482422,126.25460052490234,2347500,0.0,0.0
2026-02-03 00:00:00-05:00,126.13999938964844,135.60000610351562,126.12000274658203,130.4600067138672,129.62286376953125,2816000,0.0,0.0
2026-02-04 00:00:00-05:00,132.08999633789062,135.8000030517578,131.60000610351562,134.57000732421875,133.70648193359375,2477400,0.0,0.0
2026-02-05 00:00:00-05:00,134.7100067138672,135.60000610351562,132.66000366210938,134.0500030517578,133.18980407714844,1621500,0.0,0.0
2026-02-06 00:00:00-05:00,134.58999633789062,136.4199981689453,131.1199951171875,135.08999633789062,134.22314453125,1989400,0.0,0.0
2026-02-09 00:00:00-05:00,135.0,136.33999633789062,132.0,132.3699951171875,131.5205841064453,1465700,0.0,0.0
2026-02-10 00:00:00-05:00,133.82000732421875,137.8800048828125,133.1699981689453,137.3300018310547,136.4487762451172,1348700,0.0,0.0
2026-02-11 00:00:00-05:00,135.9499969482422,139.35000610351562,135.75,139.32000732421875,138.42599487304688,2104500,0.0,0.0
2026-02-12 00:00:00-05:00,140.0,142.64999389648438,138.67999267578125,138.88999938964844,137.9987335205078,2383400,0.0,0.0
2026-02-13 00:00:00-05:00,139.8300018310547,143.66000366210938,139.38999938964844,142.55999755859375,141.6451873779297,2159900,0.0,0.0
2026-02-17 00:00:00-05:00,142.35000610351562,144.5,139.02999877929688,141.5800018310547,140.67147827148438,1848200,0.0,0.0
2026-02-18 00:00:00-05:00,141.24000549316406,143.5399932861328,140.11000061035156,142.10000610351562,141.1881561279297,1747600,0.0,0.0
2026-02-19 00:00:00-05:00,141.5,142.17999267578125,139.10000610351562,139.61000061035156,138.71414184570312,1404000,0.0,0.0
2026-02-20 00:00:00-05:00,140.52000427246094,142.35000610351562,138.97999572753906,140.02000427246094,139.1215057373047,1243800,0.0,0.0
2026-02-23 00:00:00-05:00,139.9199981689453,141.02999877929688,137.25,140.2100067138672,139.31028747558594,1312500,0.0,0.0
2026-02-24 00:00:00-05:00,140.33999633789062,142.74000549316406,140.22000122070312,140.89999389648438,139.995849609375,1112200,0.0,0.0
2026-02-25 00:00:00-05:00,140.8699951171875,141.17999267578125,131.22999572753906,134.61000061035156,133.74620056152344,2631100,0.0,0.0
2026-02-26 00:00:00-05:00,135.64999389648438,135.9199981689453,133.72000122070312,135.66000366210938,134.78945922851562,1256100,0.0,0.0
2026-02-27 00:00:00-05:00,135.27000427246094,138.25,134.47000122070312,137.1999969482422,136.31959533691406,2184900,0.0,0.0
2026-03-02 00:00:00-05:00,134.1300048828125,135.4199981689453,131.74000549316406,133.72000122070312,132.8619384765625,1223200,0.0,0.0
2026-03-03 00:00:00-05:00,130.10000610351562,132.75,127.7699966430664,132.02999877929688,131.18276977539062,1407100,0.0,0.0
2026-03-04 00:00:00-05:00,132.3800048828125,132.69000244140625,130.1999969482422,132.17999267578125,131.33180236816406,1270700,0.0,0.0
2026-03-05 00:00:00-05:00,130.7100067138672,132.1199951171875,128.94000244140625,129.64999389648438,128.81802368164062,1151500,0.0,0.0
2026-03-06 00:00:00-05:00,127.70999908447266,128.4199981689453,125.01000213623047,127.83999633789062,127.01964569091797,1383300,0.0,0.0
2026-03-09 00:00:00-04:00,125.19999694824219,126.91000366210938,122.37999725341797,126.66000366210938,125.84723663330078,2197400,0.0,0.0
2026-03-10 00:00:00-04:00,126.58999633789062,127.08000183105469,123.91999816894531,124.38999938964844,123.59178924560547,2526300,0.0,0.0
2026-03-11 00:00:00-04:00,123.12999725341797,124.55000305175781,122.05000305175781,123.37999725341797,122.5882797241211,1953400,0.0,0.0
2026-03-12 00:00:00-04:00,122.16999816894531,122.62999725341797,120.20999908447266,120.45999908447266,119.68701171875,2015500,0.0,0.0
2026-03-13 00:00:00-04:00,121.94999694824219,122.55999755859375,119.08000183105469,119.19000244140625,118.42516326904297,1459700,0.0,0.0
2026-03-16 00:00:00-04:00,120.16000366210938,122.20999908447266,119.58999633789062,122.16999816894531,121.38603973388672,2106400,0.0,0.0
2026-03-17 00:00:00-04:00,122.44000244140625,123.25,121.27999877929688,121.95999908447266,121.43582916259766,1285500,0.26,0.0
2026-03-18 00:00:00-04:00,120.75,121.77999877929688,116.94999694824219,117.08000183105469,116.57679748535156,1731200,0.0,0.0
2026-03-19 00:00:00-04:00,116.1500015258789,118.08999633789062,115.33999633789062,117.8499984741211,117.34349060058594,2213500,0.0,0.0
2026-03-20 00:00:00-04:00,117.44999694824219,117.54000091552734,113.58999633789062,114.55000305175781,114.05767059326172,4073400,0.0,0.0
2026-03-23 00:00:00-04:00,117.9000015258789,119.95999908447266,116.81999969482422,118.63999938964844,118.13009643554688,1453400,0.0,0.0
2026-03-24 00:00:00-04:00,117.04000091552734,119.4800033569336,116.63999938964844,118.08999633789062,117.58245086669922,1424800,0.0,0.0
2026-03-25 00:00:00-04:00,119.72000122070312,120.02999877929688,115.08999633789062,118.18000030517578,117.67206573486328,1531600,0.0,0.0
2026-03-26 00:00:00-04:00,116.7699966430664,119.0,116.7699966430664,117.12000274658203,116.61662292480469,1663600,0.0,0.0
2026-03-27 00:00:00-04:00,115.8499984741211,117.0999984741211,114.31999969482422,114.62999725341797,114.13732147216797,1750700,0.0,0.0
2026-03-30 00:00:00-04:00,116.43000030517578,116.80999755859375,113.26000213623047,113.72000122070312,113.23124694824219,1790500,0.0,0.0
2026-03-31 00:00:00-04:00,116.72000122070312,119.33000183105469,114.83999633789062,117.61000061035156,117.1045150756836,2291800,0.0,0.0
2026-04-01 00:00:00-04:00,117.58000183105469,118.81999969482422,116.6500015258789,117.1500015258789,116.64649963378906,2084800,0.0,0.0
2026-04-02 00:00:00-04:00,115.79000091552734,118.66999816894531,114.37000274658203,117.29000091552734,116.78589630126953,1837400,0.0,0.0
2026-04-06 00:00:00-04:00,116.5,119.94000244140625,116.4000015258789,119.83000183105469,119.31498718261719,1031000,0.0,0.0
2026-04-07 00:00:00-04:00,116.86000061035156,117.80999755859375,113.73999786376953,115.08999633789062,114.59535217285156,2532700,0.0,0.0
2026-04-08 00:00:00-04:00,118.72000122070312,121.72000122070312,118.72000122070312,120.44000244140625,119.92235565185547,1998600,0.0,0.0
2026-04-09 00:00:00-04:00,119.31999969482422,123.05000305175781,119.16000366210938,122.2300033569336,121.70466613769531,1934300,0.0,0.0
2026-04-10 00:00:00-04:00,122.06999969482422,122.66000366210938,118.94999694824219,120.33000183105469,119.81283569335938,2735100,0.0,0.0
2026-04-13 00:00:00-04:00,121.26000213623047,121.79000091552734,118.87999725341797,121.75,121.22673034667969,2291300,0.0,0.0
2026-04-14 00:00:00-04:00,122.0,123.4800033569336,121.25,122.68000030517578,122.1527328491211,1535500,0.0,0.0
2026-04-15 00:00:00-04:00,122.0,122.25,120.19000244140625,120.81999969482422,120.30072784423828,1489100,0.0,0.0
2026-04-16 00:00:00-04:00,120.93000030517578,122.13999938964844,120.25,120.47000122070312,119.95223236083984,1273800,0.0,0.0
2026-04-17 00:00:00-04:00,123.1500015258789,129.38999938964844,122.25,126.52999877929688,125.9861831665039,2700400,0.0,0.0
2026-04-20 00:00:00-04:00,125.75,127.83999633789062,125.06999969482422,127.4000015258789,126.8524398803711,1802200,0.0,0.0
2026-04-21 00:00:00-04:00,132.30999755859375,133.13999938964844,128.5800018310547,128.63999938964844,128.0871124267578,2592000,0.0,0.0
2026-04-22 00:00:00-04:00,129.8300018310547,130.80999755859375,127.38999938964844,127.55999755859375,127.01174926757812,3310200,0.0,0.0
2026-04-23 00:00:00-04:00,125.0,130.92999267578125,125.0,130.63999938964844,130.07852172851562,2400100,0.0,0.0
2026-04-24 00:00:00-04:00,130.2100067138672,131.1199951171875,127.3499984741211,127.55999755859375,127.01174926757812,1844600,0.0,0.0
2026-04-27 00:00:00-04:00,127.19999694824219,128.8300018310547,126.8499984741211,128.27999877929688,127.7286605834961,1481900,0.0,0.0
2026-04-28 00:00:00-04:00,128.74000549316406,129.42999267578125,124.2300033569336,124.93000030517578,124.39305877685547,1561200,0.0,0.0
2026-04-29 00:00:00-04:00,123.68000030517578,125.20999908447266,120.37000274658203,120.70999908447266,120.19119262695312,2135200,0.0,0.0
2026-04-30 00:00:00-04:00,120.94999694824219,123.2699966430664,120.37999725341797,122.36000061035156,121.8341064453125,1933600,0.0,0.0
2026-05-01 00:00:00-04:00,122.8499984741211,123.55999755859375,118.9000015258789,119.20999908447266,118.69764709472656,1295700,0.0,0.0
2026-05-04 00:00:00-04:00,118.08000183105469,118.80999755859375,115.0,115.1500015258789,114.65509796142578,1907700,0.0,0.0
2026-05-05 00:00:00-04:00,116.31999969482422,119.20999908447266,115.55999755859375,117.97000122070312,117.46297454833984,1398100,0.0,0.0
2026-05-06 00:00:00-04:00,121.5,122.98999786376953,119.83999633789062,120.0999984741211,119.58381652832031,2192900,0.0,0.0
2026-05-07 00:00:00-04:00,120.55000305175781,121.5,116.41999816894531,116.81999969482422,116.31791687011719,1450700,0.0,0.0
2026-05-08 00:00:00-04:00,117.18000030517578,117.95999908447266,116.1500015258789,117.55000305175781,117.0447769165039,1313300,0.0,0.0
2026-05-11 00:00:00-04:00,117.44999694824219,117.98999786376953,115.3499984741211,115.44999694824219,114.95380401611328,1376700,0.0,0.0
2026-05-12 00:00:00-04:00,115.66999816894531,115.79000091552734,112.91000366210938,114.55000305175781,114.05767059326172,2505400,0.0,0.0
2026-05-13 00:00:00-04:00,113.58999633789062,114.3499984741211,111.51000213623047,112.97000122070312,112.48446655273438,2450300,0.0,0.0
2026-05-14 00:00:00-04:00,114.30999755859375,115.37999725341797,113.18000030517578,113.87000274658203,113.38059997558594,2436600,0.0,0.0
2026-05-15 00:00:00-04:00,112.94999694824219,114.29000091552734,109.25,110.11000061035156,109.63675689697266,2205500,0.0,0.0
2026-05-18 00:00:00-04:00,111.23999786376953,113.81999969482422,110.94999694824219,111.77999877929688,111.29957580566406,1946800,0.0,0.0
2026-05-19 00:00:00-04:00,110.88999938964844,111.25,108.48999786376953,111.05000305175781,110.57271575927734,1668000,0.0,0.0
2026-05-20 00:00:00-04:00,111.86000061035156,116.47000122070312,110.66000366210938,116.26000213623047,115.76032257080078,2313700,0.0,0.0
2026-05-21 00:00:00-04:00,115.05000305175781,116.75,113.30999755859375,116.30000305175781,115.80015563964844,1328700,0.0,0.0
2026-05-22 00:00:00-04:00,116.80999755859375,117.04000091552734,114.86000061035156,116.43000030517578,115.92959594726562,1294700,0.0,0.0
2026-05-26 00:00:00-04:00,117.23999786376953,118.27999877929688,116.18000030517578,117.83999633789062,117.33353424072266,1785900,0.0,0.0
2026-05-27 00:00:00-04:00,118.80000305175781,122.43000030517578,118.48999786376953,119.0999984741211,118.5881118774414,1816200,0.0,0.0
2026-05-28 00:00:00-04:00,116.69000244140625,118.12000274658203,116.1500015258789,118.01000213623047,117.50279998779297,2038100,0.0,0.0
2026-05-29 00:00:00-04:00,117.30000305175781,119.58000183105469,117.0,118.18000030517578,117.67206573486328,2391900,0.0,0.0
2026-06-01 00:00:00-04:00,120.0,120.0,117.11000061035156,117.69999694824219,117.19412994384766,1311800,0.0,0.0
2026-06-02 00:00:00-04:00,117.83999633789062,118.36000061035156,116.48999786376953,117.7699966430664,117.26383209228516,1183000,0.0,0.0
2026-06-03 00:00:00-04:00,115.66000366210938,118.22000122070312,115.0,117.20999908447266,116.70623779296875,1164500,0.0,0.0
2026-06-04 00:00:00-04:00,118.5999984741211,119.81999969482422,117.20999908447266,118.22000122070312,117.71189880371094,975500,0.0,0.0
2026-06-05 00:00:00-04:00,117.05999755859375,118.91000366210938,116.30999755859375,118.4000015258789,117.89112091064453,1281900,0.0,0.0
2026-06-08 00:00:00-04:00,117.94999694824219,119.01000213623047,117.01000213623047,117.70999908447266,117.20409393310547,988500,0.0,0.0
2026-06-09 00:00:00-04:00,119.0199966430664,123.41000366210938,118.41000366210938,122.77999877929688,122.2522964477539,1575800,0.0,0.0
2026-06-10 00:00:00-04:00,122.37000274658203,122.47000122070312,118.05999755859375,118.48999786376953,117.9807357788086,1418300,0.0,0.0
2026-06-11 00:00:00-04:00,119.20999908447266,124.12000274658203,118.33999633789062,124.0,123.46705627441406,1524200,0.0,0.0
2026-06-12 00:00:00-04:00,123.62999725341797,124.38999938964844,122.05999755859375,123.16999816894531,122.640625,1289000,0.0,0.0
2026-06-15 00:00:00-04:00,124.9000015258789,126.94000244140625,122.22000122070312,122.83999633789062,122.3120346069336,1536400,0.0,0.0
2026-06-16 00:00:00-04:00,123.52999877929688,126.3499984741211,123.5,124.76000213623047,124.48727416992188,1278700,0.26,0.0
2026-06-17 00:00:00-04:00,123.72000122070312,127.83999633789062,121.5999984741211,121.87999725341797,121.61357116699219,1887400,0.0,0.0
2026-06-18 00:00:00-04:00,123.61000061035156,128.55999755859375,123.47000122070312,126.95999908447266,126.68246459960938,5321900,0.0,0.0
2026-06-22 00:00:00-04:00,127.05999755859375,127.9800033569336,125.05999755859375,125.62000274658203,125.34539794921875,1601200,0.0,0.0
2026-06-23 00:00:00-04:00,125.7699966430664,127.0,124.8499984741211,126.55000305175781,126.27336120605469,1398000,0.0,0.0
2026-06-24 00:00:00-04:00,129.69000244140625,139.1199951171875,129.69000244140625,135.7100067138672,135.41334533691406,4117300,0.0,0.0
2026-06-25 00:00:00-04:00,136.3300018310547,140.08999633789062,135.1199951171875,135.80999755859375,135.51312255859375,1790800,0.0,0.0
2026-06-26 00:00:00-04:00,136.16000366210938,137.97999572753906,135.47000122070312,137.61000061035156,137.30918884277344,3188000,0.0,0.0
2026-06-29 00:00:00-04:00,137.4199981689453,137.9600067138672,135.0800018310547,137.94000244140625,137.63845825195312,1797900,0.0,0.0
2026-06-30 00:00:00-04:00,137.52000427246094,138.22999572753906,136.00999450683594,137.2100067138672,136.91006469726562,1599300,0.0,0.0
2026-07-01 00:00:00-04:00,135.08999633789062,137.97000122070312,132.4499969482422,132.58999633789062,132.30015563964844,1675800,0.0,0.0
2026-07-02 00:00:00-04:00,132.89999389648438,134.25999450683594,131.08999633789062,133.6699981689453,133.37779235839844,1212200,0.0,0.0
2026-07-06 00:00:00-04:00,133.9199981689453,134.25,130.69000244140625,131.3800048828125,131.09280395507812,1273500,0.0,0.0
2026-07-07 00:00:00-04:00,131.38999938964844,132.89999389648438,129.6999969482422,129.9199981689453,129.635986328125,1037300,0.0,0.0
2026-07-08 00:00:00-04:00,128.02999877929688,128.7100067138672,122.55999755859375,122.94000244140625,122.67125701904297,1766700,0.0,0.0
2026-07-09 00:00:00-04:00,123.5,125.04000091552734,122.55999755859375,123.72000122070312,123.44954681396484,1179700,0.0,0.0
2026-07-10 00:00:00-04:00,123.55999755859375,126.76000213623047,123.55999755859375,124.75,124.477294921875,1516800,0.0,0.0
2026-07-13 00:00:00-04:00,124.91999816894531,126.05000305175781,122.7300033569336,123.75,123.47948455810547,1714500,0.0,0.0
2026-07-14 00:00:00-04:00,125.79000091552734,126.18000030517578,122.5999984741211,124.55999755859375,124.28771209716797,1743500,0.0,0.0
2026-07-15 00:00:00-04:00,124.47000122070312,126.76000213623047,124.26000213623047,125.38999938964844,125.11589813232422,1340200,0.0,0.0
2026-07-16 00:00:00-04:00,125.20999908447266,129.5500030517578,124.95999908447266,129.02000427246094,128.7379608154297,1856100,0.0,0.0
2026-07-17 00:00:00-04:00,128.7100067138672,131.55999755859375,125.36000061035156,126.08000183105469,125.80438995361328,1708800,0.0,0.0
2026-07-20 00:00:00-04:00,126.29000091552734,126.97000122070312,122.4800033569336,123.18000030517578,122.91072845458984,2159000,0.0,0.0
2026-07-21 00:00:00-04:00,122.43000030517578,124.4800033569336,121.7699966430664,124.26000213623047,123.98837280273438,3012500,0.0,0.0
2026-07-22 00:00:00-04:00,127.94999694824219,129.05999755859375,124.43000030517578,126.75,126.4729232788086,3045500,0.0,0.0
2026-07-23 00:00:00-04:00,124.30000305175781,126.27999877929688,122.01000213623047,124.66999816894531,124.39746856689453,2792800,0.0,0.0
2026-07-24 00:00:00-04:00,126.13999938964844,128.97000122070312,124.37999725341797,128.75,128.4685516357422,1960100,0.0,0.0
2026-07-27 00:00:00-04:00,130.60000610351562,132.39999389648438,128.60000610351562,130.58999633789062,130.3045196533203,1728100,0.0,0.0
2026-07-28 00:00:00-04:00,132.52000427246094,135.8000030517578,132.52000427246094,134.75,134.45542907714844,2198500,0.0,0.0
2026-07-29 00:00:00-04:00,133.22999572753906,136.22000122070312,131.72999572753906,132.30999755859375,132.02076721191406,2615300,0.0,0.0
2026-07-30 00:00:00-04:00,132.50999450683594,133.2100067138672,127.4000015258789,128.74000549316406,128.4585723876953,1865500,0.0,0.0
2026-07-31 00:00:00-04:00,128.5,128.89999389648438,126.19000244140625,126.47000122070312,126.19353485107422,1208600,0.0,0.0
2026-08-03 00:00:00-04:00,129.16000366210938,130.9499969482422,127.29000091552734,129.2899932861328,129.0073699951172,1449800,0.0,0.0
2026-08-04 00:00:00-04:00,128.94000244140625,132.27999877929688,127.19999694824219,131.67999267578125,131.3921356201172,1746500,0.0,0.0
2026-08-05 00:00:00-04:00,130.33999633789062,133.86000061035156,129.91000366210938,133.00999450683594,132.71923828125,1223200,0.0,0.0
2026-08-06 00:00:00-04:00,132.80999755859375,132.80999755859375,128.66000366210938,129.5500030517578,129.2667999267578,1243100,0.0,0.0
2026-08-07 00:00:00-04:00,129.7899932861328,133.1699981689453,128.77999877929688,132.89999389648438,132.60948181152344,1079200,0.0,0.0
2026-08-10 00:00:00-04:00,132.3699951171875,132.3699951171875,128.1300048828125,130.0500030517578,129.76571655273438,1348000,0.0,0.0
2026-08-11 00:00:00-04:00,131.2100067138672,132.75,129.74000549316406,132.4199981689453,132.13052368164062,1196400,0.0,0.0
2026-08-12 00:00:00-04:00,132.25999450683594,132.41000366210938,128.22999572753906,129.16000366210938,128.87765502929688,1599000,0.0,0.0
2026-08-13 00:00:00-04:00,131.1999969482422,131.69000244140625,129.1300048828125,130.5500030517578,130.26461791992188,1152200,0.0,0.0
2026-08-14 00:00:00-04:00,129.8699951171875,130.91000366210938,129.25,130.17999267578125,129.89541625976562,1017500,0.0,0.0
2026-08-17 00:00:00-04:00,129.14999389648438,129.99000549316406,128.0500030517578,128.49000549316406,128.20912170410156,1291000,0.0,0.0
2026-08-18 00:00:00-04:00,129.77999877929688,130.0,125.9800033569336,126.05000305175781,125.77445983886719,1224600,0.0,0.0
2026-08-19 00:00:00-04:00,129.11000061035156,133.32000732421875,129.11000061035156,130.67999267578125,130.3943328857422,1633200,0.0,0.0
2026-08-20 00:00:00-04:00,127.75,128.6699981689453,126.02999877929688,127.66999816894531,127.39091491699219,1270400,0.0,0.0
2026-08-21 00:00:00-04:00,128.75,129.97000122070312,127.33000183105469,129.0,128.71800231933594,996800,0.0,0.0
2026-08-24 00:00:00-04:00,131.0,132.0500030517578,129.58999633789062,129.61000061035156,129.32667541503906,1109300,0.0,0.0
2026-08-25 00:00:00-04:00,131.02000427246094,131.52000427246094,128.33999633789062,130.86000061035156,130.57394409179688,950400,0.0,0.0
2026-08-26 00:00:00-04:00,130.6999969482422,131.6300048828125,129.32000732421875,130.02999877929688,129.74575805664062,954300,0.0,0.0
2026-08-27 00:00:00-04:00,128.85000610351562,128.85000610351562,126.51000213623047,126.75,126.4729232788086,1206500,0.0,0.0
2026-08-28 00:00:00-04:00,127.6500015258789,129.3300018310547,127.0,128.5500030517578,128.2689971923828,1067000,0.0,0.0
2026-08-31 00:00:00-04:00,127.23999786376953,127.69000244140625,125.91000366210938,126.31999969482422,126.04386138916016,1650400,0.0,0.0
2026-09-01 00:00:00-04:00,124.58999633789062,126.30000305175781,122.9000015258789,123.12999725341797,122.86083221435547,1502600,0.0,0.0
2026-09-02 00:00:00-04:00,123.9800033569336,124.52999877929688,123.43000030517578,123.69999694824219,123.4295883178711,1138800,0.0,0.0
2026-09-03 00:00:00-04:00,125.3499984741211,126.94999694824219,123.18000030517578,124.30999755859375,124.03825378417969,1066700,0.0,0.0
2026-09-04 00:00:00-04:00,123.79000091552734,125.16000366210938,123.52999877929688,124.44999694824219,124.17794799804688,962000,0.0,0.0
2026-09-08 00:00:00-04:00,123.16999816894531,124.37000274658203,119.76000213623047,120.06999969482422,119.80752563476562,1423500,0.0,0.0
2026-09-09 00:00:00-04:00,119.83000183105469,121.12999725341797,117.79000091552734,118.93000030517578,118.6700210571289,1962000,0.0,0.0
2026-09-10 00:00:00-04:00,116.41999816894531,117.58000183105469,114.77999877929688,116.41000366210938,116.15553283691406,2182100,0.0,0.0
2026-09-11 00:00:00-04:00,118.20999908447266,118.6500015258789,116.6500015258789,118.26000213623047,118.0014877319336,1265200,0.0,0.0
2026-09-14 00:00:00-04:00,117.25,119.80999755859375,116.93000030517578,118.94000244140625,118.68000030517578,1160800,0.0,0.0
2026-09-15 00:00:00-04:00,118.76000213623047,120.16999816894531,117.44999694824219,119.47000122070312,119.47000122070312,1520700,0.26,0.0
2026-09-16 00:00:00-04:00,119.44000244140625,120.45999908447266,116.62999725341797,117.55000305175781,117.55000305175781,1454300,0.0,0.0
2026-09-17 00:00:00-04:00,119.43000030517578,120.3499984741211,117.36000061035156,118.83999633789062,118.83999633789062,1282400,0.0,0.0
2026-09-18 00:00:00-04:00,117.58000183105469,118.87999725341797,116.51000213623047,117.26000213623047,117.26000213623047,5171500,0.0,0.0
2026-09-21 00:00:00-04:00,118.08999633789062,119.4000015258789,116.55999755859375,118.97000122070312,118.97000122070312,1586900,0.0,0.0
