Date,Open,High,Low,Close,Adj Close,Volume,Dividends,Stock Splits
2015-01-02 00:00:00-05:00,81.5999984741211,81.79000091552734,80.62999725341797,81.0199966430664,46.13542938232422,3787700,0.0,0.0
2015-01-05 00:00:00-05:00,80.98999786376953,81.08999633789062,79.86000061035156,80.41000366210938,45.7880973815918,6213400,0.0,0.0
2015-01-06 00:00:00-05:00,80.95999908447266,82.05000305175781,80.5999984741211,81.0999984741211,46.18099594116211,10001900,0.0,0.0
2015-01-07 00:00:00-05:00,81.80000305175781,82.05000305175781,81.0199966430664,81.70999908447266,46.52836227416992,7525100,0.0,0.0
2015-01-08 00:00:00-05:00,82.31999969482422,83.58000183105469,82.30999755859375,82.94000244140625,47.228759765625,6594500,0.0,0.0
2015-01-09 00:00:00-05:00,83.54000091552734,83.6500015258789,82.47000122070312,82.72000122070312,47.10348892211914,4301300,0.0,0.0
2015-01-12 00:00:00-05:00,83.11000061035156,83.66999816894531,82.63999938964844,83.05000305175781,47.2913932800293,3997200,0.0,0.0
2015-01-13 00:00:00-05:00,83.31999969482422,83.9800033569336,82.66999816894531,83.0999984741211,47.319862365722656,5810200,0.0,0.0
2015-01-14 00:00:00-05:00,82.26000213623047,83.45999908447266,82.25,83.41999816894531,47.5020751953125,4629200,0.0,0.0
2015-01-15 00:00:00-05:00,82.70999908447266,83.41999816894531,82.56999969482422,82.81999969482422,47.160423278808594,5088100,0.0,0.0
2015-01-16 00:00:00-05:00,82.8499984741211,83.19999694824219,82.19000244140625,82.69999694824219,47.09209442138672,7302300,0.0,0.0
2015-01-20 00:00:00-05:00,83.20999908447266,83.98999786376953,82.88999938964844,83.58000183105469,47.59318923950195,6172300,0.0,0.0
2015-01-21 00:00:00-05:00,83.08000183105469,84.61000061035156,82.72000122070312,84.55000305175781,48.14554977416992,4518500,0.0,0.0
2015-01-22 00:00:00-05:00,85.04000091552734,85.29000091552734,84.43000030517578,85.16000366210938,48.49289321899414,6069700,0.0,0.0
2015-01-23 00:00:00-05:00,84.61000061035156,84.75,82.69999694824219,82.81999969482422,47.160423278808594,6649300,0.0,0.0
2015-01-26 00:00:00-05:00,82.94999694824219,83.41000366210938,82.5,83.05000305175781,47.2913932800293,4658500,0.0,0.0
2015-01-27 00:00:00-05:00,82.52999877929688,82.72000122070312,81.37999725341797,81.5999984741211,46.46570587158203,8541900,0.0,0.0
2015-01-28 00:00:00-05:00,82.02999877929688,82.30000305175781,80.38999938964844,80.58000183105469,45.8848762512207,5878700,0.0,0.0
2015-01-29 00:00:00-05:00,80.51000213623047,81.5,80.31999969482422,81.22000122070312,46.24932098388672,4108200,0.0,0.0
2015-01-30 00:00:00-05:00,80.52999877929688,81.19000244140625,80.0999984741211,80.23999786376953,45.6912727355957,6692900,0.0,0.0
2015-02-02 00:00:00-05:00,80.23999786376953,81.69999694824219,80.05999755859375,81.62999725341797,46.4827880859375,4129600,0.0,0.0
2015-02-03 00:00:00-05:00,82.0,82.44000244140625,81.80999755859375,82.23999786376953,46.83013916015625,4103200,0.0,0.0
2015-02-04 00:00:00-05:00,82.04000091552734,82.5999984741211,81.8499984741211,82.08000183105469,46.739044189453125,5151100,0.0,0.0
2015-02-05 00:00:00-05:00,82.41999816894531,83.23999786376953,81.30999755859375,82.56999969482422,47.01806640625,6317100,0.0,0.0
2015-02-06 00:00:00-05:00,82.31999969482422,82.31999969482422,80.94000244140625,81.2699966430664,46.27779769897461,5942900,0.0,0.0
2015-02-09 00:00:00-05:00,80.80999755859375,81.4800033569336,80.55999755859375,80.83000183105469,46.02725601196289,4357200,0.0,0.0
2015-02-10 00:00:00-05:00,80.91999816894531,81.20999908447266,80.52999877929688,81.08000183105469,46.169620513916016,6732200,0.0,0.0
2015-02-11 00:00:00-05:00,81.36000061035156,82.7300033569336,81.16000366210938,82.4800033569336,46.96681213378906,5670500,0.0,0.0
2015-02-12 00:00:00-05:00,82.70999908447266,83.72000122070312,82.58000183105469,83.69000244140625,47.655818939208984,5324600,0.0,0.0
2015-02-13 00:00:00-05:00,83.80999755859375,83.86000061035156,82.66000366210938,82.87000274658203,47.18889236450195,4924700,0.0,0.0
2015-02-17 00:00:00-05:00,82.80000305175781,82.8499984741211,82.30000305175781,82.70999908447266,47.09777069091797,4391000,0.0,0.0
2015-02-18 00:00:00-05:00,82.33999633789062,83.01000213623047,82.23999786376953,83.0,47.26292037963867,2487300,0.0,0.0
2015-02-19 00:00:00-05:00,82.95999908447266,83.05000305175781,82.41000366210938,82.62000274658203,47.04654312133789,3774300,0.0,0.0
2015-02-20 00:00:00-05:00,82.47000122070312,83.12999725341797,82.25,83.04000091552734,47.28569412231445,3572000,0.0,0.0
2015-02-23 00:00:00-05:00,82.80000305175781,82.94999694824219,82.27999877929688,82.88999938964844,47.200279235839844,3362400,0.0,0.0
2015-02-24 00:00:00-05:00,82.70999908447266,83.62000274658203,82.63999938964844,83.51000213623047,47.5533332824707,3313300,0.0,0.0
2015-02-25 00:00:00-05:00,83.51000213623047,83.72000122070312,83.19999694824219,83.47000122070312,47.53055191040039,2850200,0.0,0.0
2015-02-26 00:00:00-05:00,83.23999786376953,83.4000015258789,82.56999969482422,82.80000305175781,47.14904022216797,2973200,0.0,0.0
2015-02-27 00:00:00-05:00,82.7300033569336,83.0999984741211,82.13999938964844,82.95999908447266,47.24013900756836,5971700,0.0,0.0
2015-03-02 00:00:00-05:00,82.95999908447266,83.22000122070312,82.63999938964844,82.94999694824219,47.23444747924805,3188900,0.0,0.0
2015-03-03 00:00:00-05:00,82.66999816894531,82.98999786376953,82.45999908447266,82.69999694824219,47.09209442138672,3597500,0.0,0.0
2015-03-04 00:00:00-05:00,82.69000244140625,82.69999694824219,81.69000244140625,82.16999816894531,46.79030227661133,3582500,0.0,0.0
2015-03-05 00:00:00-05:00,82.19999694824219,82.37000274658203,81.54000091552734,81.70999908447266,46.52836227416992,3418800,0.0,0.0
2015-03-06 00:00:00-05:00,81.27999877929688,81.3499984741211,79.79000091552734,80.05000305175781,45.583106994628906,7757400,0.0,0.0
2015-03-09 00:00:00-04:00,80.18000030517578,80.5999984741211,80.06999969482422,80.44999694824219,45.810874938964844,4574300,0.0,0.0
2015-03-10 00:00:00-04:00,80.0,80.0,79.05999755859375,79.25,45.12753677368164,7066900,0.0,0.0
2015-03-11 00:00:00-04:00,79.33000183105469,79.44000244140625,77.37999725341797,77.81999969482422,44.31325912475586,7285400,0.0,0.0
2015-03-12 00:00:00-04:00,78.26000213623047,78.77999877929688,77.95999908447266,78.7300033569336,44.83144760131836,4806600,0.0,0.0
2015-03-13 00:00:00-04:00,78.7300033569336,78.7300033569336,76.8499984741211,77.6500015258789,44.21646499633789,5337600,0.0,0.0
2015-03-16 00:00:00-04:00,78.06999969482422,78.37999725341797,77.45999908447266,77.88999938964844,44.353118896484375,5361800,0.0,0.0
2015-03-17 00:00:00-04:00,77.7699966430664,78.25,77.62999725341797,77.88999938964844,44.353118896484375,4141000,0.0,0.0
2015-03-18 00:00:00-04:00,77.5999984741211,79.27999877929688,76.58999633789062,78.55999755859375,44.734642028808594,9179200,0.0,0.0
2015-03-19 00:00:00-04:00,78.63999938964844,79.31999969482422,78.55999755859375,78.86000061035156,44.905460357666016,9453800,0.0,0.0
2015-03-20 00:00:00-04:00,78.83000183105469,79.4800033569336,78.79000091552734,79.44999694824219,45.241432189941406,10919200,0.0,0.0
2015-03-23 00:00:00-04:00,79.44999694824219,80.1500015258789,79.44999694824219,79.86000061035156,45.47489547729492,4841100,0.0,0.0
2015-03-24 00:00:00-04:00,78.87000274658203,79.19999694824219,77.5,77.52999877929688,44.707942962646484,6021500,1.0,0.0
2015-03-25 00:00:00-04:00,77.80999755859375,77.97000122070312,76.54000091552734,76.69999694824219,44.22931671142578,7923800,0.0,0.0
2015-03-26 00:00:00-04:00,76.55999755859375,76.95999908447266,76.2699966430664,76.33999633789062,44.021728515625,7069200,0.0,0.0
2015-03-27 00:00:00-04:00,76.2699966430664,76.87000274658203,76.16000366210938,76.79000091552734,44.28122329711914,5158800,0.0,0.0
2015-03-30 00:00:00-04:00,77.25,77.25,76.26000213623047,76.86000061035156,44.32158279418945,4390600,0.0,0.0
2015-03-31 00:00:00-04:00,76.54000091552734,76.55000305175781,75.30000305175781,75.33000183105469,43.43931198120117,7498300,0.0,0.0
2015-04-01 00:00:00-04:00,75.2699966430664,76.08999633789062,75.2699966430664,76.06999969482422,43.86603546142578,6915100,0.0,0.0
2015-04-02 00:00:00-04:00,76.44000244140625,77.41999816894531,75.94999694824219,77.26000213623047,44.552268981933594,4745400,0.0,0.0
2015-04-06 00:00:00-04:00,77.29000091552734,78.66000366210938,77.23999786376953,78.19999694824219,45.09430694580078,5553100,0.0,0.0
2015-04-07 00:00:00-04:00,78.19000244140625,78.56999969482422,77.73999786376953,77.73999786376953,44.82905197143555,4790500,0.0,0.0
2015-04-08 00:00:00-04:00,77.7300033569336,78.0,76.93000030517578,77.23999786376953,44.54072570800781,4556200,0.0,0.0
2015-04-09 00:00:00-04:00,77.0199966430664,77.98999786376953,77.0,77.86000061035156,44.89824295043945,3371800,0.0,0.0
2015-04-10 00:00:00-04:00,78.11000061035156,78.56999969482422,77.87000274658203,77.9000015258789,44.92131805419922,3860100,0.0,0.0
2015-04-13 00:00:00-04:00,77.5,77.88999938964844,77.25,77.38999938964844,44.627220153808594,3585400,0.0,0.0
2015-04-14 00:00:00-04:00,77.13999938964844,78.27999877929688,77.12000274658203,78.11000061035156,45.04240417480469,4890200,0.0,0.0
2015-04-15 00:00:00-04:00,78.44000244140625,78.91000366210938,77.87000274658203,78.12999725341797,45.053932189941406,7231400,0.0,0.0
2015-04-16 00:00:00-04:00,82.41999816894531,85.26000213623047,82.20999908447266,84.95999908447266,48.992488861083984,23609500,0.0,0.0
2015-04-17 00:00:00-04:00,84.56999969482422,85.48999786376953,84.31999969482422,85.26000213623047,49.16548538208008,8306700,0.0,0.0
2015-04-20 00:00:00-04:00,85.4000015258789,85.75,84.47000122070312,84.9800033569336,49.0040283203125,6388200,0.0,0.0
2015-04-21 00:00:00-04:00,84.98999786376953,85.30000305175781,83.86000061035156,84.05000305175781,48.46772766113281,4399300,0.0,0.0
2015-04-22 00:00:00-04:00,84.05999755859375,84.05999755859375,82.91999816894531,83.69000244140625,48.26012420654297,5951900,0.0,0.0
2015-04-23 00:00:00-04:00,83.16999816894531,84.37999725341797,82.87999725341797,83.55000305175781,48.17940139770508,4347100,0.0,0.0
2015-04-24 00:00:00-04:00,83.54000091552734,83.87000274658203,82.66999816894531,82.75,47.718074798583984,4498500,0.0,0.0
2015-04-27 00:00:00-04:00,82.77999877929688,82.9000015258789,82.05000305175781,82.08999633789062,47.337501525878906,4865200,0.0,0.0
2015-04-28 00:00:00-04:00,82.0199966430664,83.0999984741211,82.0199966430664,82.87999725341797,47.79304504394531,5079800,0.0,0.0
2015-04-29 00:00:00-04:00,82.45999908447266,82.87999725341797,81.94999694824219,82.7300033569336,47.70655822753906,5879500,0.0,0.0
2015-04-30 00:00:00-04:00,82.86000061035156,83.51000213623047,82.4800033569336,83.47000122070312,48.133270263671875,6162100,0.0,0.0
2015-05-01 00:00:00-04:00,83.47000122070312,83.7300033569336,82.91000366210938,83.38999938964844,48.08715057373047,3269200,0.0,0.0
2015-05-04 00:00:00-04:00,83.66000366210938,83.69999694824219,83.0,83.20999908447266,47.98334884643555,2482400,0.0,0.0
2015-05-05 00:00:00-04:00,83.19000244140625,83.44000244140625,82.55999755859375,82.80999755859375,47.752681732177734,2903600,0.0,0.0
2015-05-06 00:00:00-04:00,83.61000061035156,83.87999725341797,82.98999786376953,83.87000274658203,48.36393737792969,5323900,0.0,0.0
2015-05-07 00:00:00-04:00,83.76000213623047,84.26000213623047,83.25,84.01000213623047,48.44467544555664,3250500,0.0,0.0
2015-05-08 00:00:00-04:00,84.83999633789062,85.73999786376953,84.69999694824219,85.19000244140625,49.12511444091797,4380600,0.0,0.0
2015-05-11 00:00:00-04:00,85.0199966430664,85.37000274658203,84.01000213623047,84.12999725341797,48.51388168334961,3155100,0.0,0.0
2015-05-12 00:00:00-04:00,83.51000213623047,84.75,83.31999969482422,84.12999725341797,48.51388168334961,3027100,0.0,0.0
2015-05-13 00:00:00-04:00,84.33000183105469,84.88999938964844,83.87000274658203,84.52999877929688,48.74452590942383,4317500,0.0,0.0
2015-05-14 00:00:00-04:00,85.0,86.91000366210938,84.91000366210938,86.79000091552734,50.047760009765625,6186300,0.0,0.0
2015-05-15 00:00:00-04:00,86.68000030517578,86.7699966430664,85.98999786376953,86.56999969482422,49.920894622802734,3702900,0.0,0.0
2015-05-18 00:00:00-04:00,86.6500015258789,86.70999908447266,85.5999984741211,86.02999877929688,49.60951614379883,3173300,0.0,0.0
2015-05-19 00:00:00-04:00,85.58999633789062,85.91999816894531,85.0199966430664,85.66000366210938,49.396141052246094,2952500,0.0,0.0
2015-05-20 00:00:00-04:00,85.55000305175781,86.08000183105469,85.30999755859375,85.41000366210938,49.25199890136719,2411300,0.0,0.0
2015-05-21 00:00:00-04:00,85.41000366210938,85.41000366210938,84.5999984741211,85.13999938964844,49.096282958984375,3041900,0.0,0.0
2015-05-22 00:00:00-04:00,84.75,84.86000061035156,84.0999984741211,84.1500015258789,48.52540588378906,2733800,0.0,0.0
2015-05-26 00:00:00-04:00,83.97000122070312,84.0199966430664,83.18000030517578,83.72000122070312,48.277442932128906,2961100,0.0,0.0
2015-05-27 00:00:00-04:00,84.0,84.37000274658203,83.62000274658203,84.22000122070312,48.56576156616211,3436200,0.0,0.0
2015-05-28 00:00:00-04:00,84.3499984741211,84.76000213623047,83.66000366210938,84.26000213623047,48.58884048461914,2849000,0.0,0.0
2015-05-29 00:00:00-04:00,84.04000091552734,84.04000091552734,82.97000122070312,83.06999969482422,47.90261459350586,4481000,0.0,0.0
2015-06-01 00:00:00-04:00,82.9000015258789,83.43000030517578,82.5,83.19000244140625,47.971805572509766,3378800,0.0,0.0
2015-06-02 00:00:00-04:00,82.80000305175781,83.5199966430664,82.31999969482422,82.94999694824219,47.83341598510742,3741000,0.0,0.0
2015-06-03 00:00:00-04:00,83.4000015258789,83.43000030517578,82.38999938964844,82.41999816894531,47.52778244018555,2936900,0.0,0.0
2015-06-04 00:00:00-04:00,82.41000366210938,82.83999633789062,81.66000366210938,81.83000183105469,47.18756866455078,3281600,0.0,0.0
2015-06-05 00:00:00-04:00,81.5,81.66999816894531,79.5,79.69999694824219,45.959285736083984,6152000,0.0,0.0
2015-06-08 00:00:00-04:00,79.69999694824219,80.63999938964844,79.37999725341797,80.1500015258789,46.21879196166992,4313300,0.0,0.0
2015-06-09 00:00:00-04:00,80.04000091552734,81.20999908447266,80.04000091552734,80.75,46.56476593017578,3823000,0.0,0.0
2015-06-10 00:00:00-04:00,80.76000213623047,82.70999908447266,80.76000213623047,82.29000091552734,47.452823638916016,6310700,0.0,0.0
2015-06-11 00:00:00-04:00,82.47000122070312,82.75,81.97000122070312,82.25,47.429752349853516,3681800,0.0,0.0
2015-06-12 00:00:00-04:00,81.5,81.91000366210938,80.75,81.86000061035156,47.20486831665039,6123000,0.0,0.0
2015-06-15 00:00:00-04:00,81.2300033569336,81.75,81.04000091552734,81.2699966430664,46.86463928222656,3919400,0.0,0.0
2015-06-16 00:00:00-04:00,81.47000122070312,81.83999633789062,81.0,81.81999969482422,47.18180465698242,3892800,0.0,0.0
2015-06-17 00:00:00-04:00,81.83000183105469,82.19000244140625,81.12999725341797,81.83000183105469,47.18756866455078,4143600,0.0,0.0
2015-06-18 00:00:00-04:00,82.25,83.58000183105469,82.0999984741211,83.11000061035156,47.92567443847656,3875600,0.0,0.0
2015-06-19 00:00:00-04:00,82.87000274658203,83.18000030517578,82.48999786376953,82.66000366210938,47.66618347167969,7474700,0.0,0.0
2015-06-22 00:00:00-04:00,82.91999816894531,83.66000366210938,82.81999969482422,83.12999725341797,47.93722152709961,4052300,0.0,0.0
2015-06-23 00:00:00-04:00,82.2300033569336,82.30000305175781,81.01000213623047,81.36000061035156,47.48777389526367,2999500,1.0,0.0
2015-06-24 00:00:00-04:00,81.2300033569336,81.76000213623047,80.80999755859375,80.80999755859375,47.166748046875,5134900,0.0,0.0
2015-06-25 00:00:00-04:00,81.13999938964844,81.70999908447266,80.88999938964844,81.30000305175781,47.452762603759766,4148200,0.0,0.0
2015-06-26 00:00:00-04:00,81.31999969482422,81.68000030517578,81.08000183105469,81.3499984741211,47.481937408447266,4584600,0.0,0.0
2015-06-29 00:00:00-04:00,80.94000244140625,81.33000183105469,80.08999633789062,80.12000274658203,46.76403045654297,3374600,0.0,0.0
2015-06-30 00:00:00-04:00,80.72000122070312,80.94000244140625,80.0,80.16999816894531,46.79322052001953,4311100,0.0,0.0
2015-07-01 00:00:00-04:00,80.36000061035156,81.33999633789062,80.0999984741211,81.30000305175781,47.452762603759766,4034100,0.0,0.0
2015-07-02 00:00:00-04:00,81.37000274658203,81.73999786376953,80.94999694824219,81.16999816894531,47.376888275146484,2977600,0.0,0.0
2015-07-06 00:00:00-04:00,80.86000061035156,81.45999908447266,80.72000122070312,81.19999694824219,47.3943977355957,2534500,0.0,0.0
2015-07-07 00:00:00-04:00,81.33000183105469,82.54000091552734,80.9800033569336,82.44000244140625,48.11815643310547,5409400,0.0,0.0
2015-07-08 00:00:00-04:00,82.01000213623047,82.44999694824219,81.5,81.56999969482422,47.6103515625,3101400,0.0,0.0
2015-07-09 00:00:00-04:00,82.41999816894531,82.6500015258789,81.20999908447266,81.23999786376953,47.417747497558594,3129300,0.0,0.0
2015-07-10 00:00:00-04:00,82.01000213623047,82.81999969482422,81.9800033569336,82.16000366210938,47.9547119140625,3548200,0.0,0.0
2015-07-13 00:00:00-04:00,82.41999816894531,82.66999816894531,82.0199966430664,82.37999725341797,48.0831298828125,3238900,0.0,0.0
2015-07-14 00:00:00-04:00,82.4000015258789,82.7699966430664,82.26000213623047,82.68000030517578,48.258216857910156,2326300,0.0,0.0
2015-07-15 00:00:00-04:00,82.44000244140625,82.88999938964844,82.01000213623047,82.66999816894531,48.25239562988281,3491200,0.0,0.0
2015-07-16 00:00:00-04:00,83.37999725341797,86.30000305175781,83.36000061035156,85.29000091552734,49.78163528442383,7844200,0.0,0.0
2015-07-17 00:00:00-04:00,85.0199966430664,86.0,84.83000183105469,85.83000183105469,50.0968017578125,5817200,0.0,0.0
2015-07-20 00:00:00-04:00,85.94999694824219,86.02999877929688,85.47000122070312,85.61000061035156,49.968406677246094,3265500,0.0,0.0
2015-07-21 00:00:00-04:00,85.4800033569336,85.80000305175781,85.27999877929688,85.54000091552734,49.92753982543945,3085900,0.0,0.0
2015-07-22 00:00:00-04:00,85.62999725341797,85.91999816894531,85.05999755859375,85.5199966430664,49.915863037109375,3225200,0.0,0.0
2015-07-23 00:00:00-04:00,85.44000244140625,85.58000183105469,85.01000213623047,85.43000030517578,49.86335372924805,2242700,0.0,0.0
2015-07-24 00:00:00-04:00,85.19999694824219,85.22000122070312,84.2699966430664,84.6500015258789,49.4080696105957,3033400,0.0,0.0
2015-07-27 00:00:00-04:00,84.44000244140625,85.9000015258789,84.44000244140625,85.52999877929688,49.92171859741211,4481500,0.0,0.0
2015-07-28 00:00:00-04:00,85.62999725341797,86.51000213623047,85.43000030517578,85.5999984741211,49.962562561035156,5669500,0.0,0.0
2015-07-29 00:00:00-04:00,85.66000366210938,86.12999725341797,85.29000091552734,85.44999694824219,49.87502670288086,2776300,0.0,0.0
2015-07-30 00:00:00-04:00,85.2699966430664,85.75,85.0999984741211,85.38999938964844,49.839988708496094,2747300,0.0,0.0
2015-07-31 00:00:00-04:00,85.87999725341797,86.0,85.4000015258789,85.52999877929688,49.92171859741211,2965100,0.0,0.0
2015-08-03 00:00:00-04:00,85.5,85.91000366210938,85.06999969482422,85.66000366210938,49.99758529663086,2622300,0.0,0.0
2015-08-04 00:00:00-04:00,85.66000366210938,86.01000213623047,85.45999908447266,85.83000183105469,50.0968017578125,2367300,0.0,0.0
2015-08-05 00:00:00-04:00,86.0,86.30999755859375,85.7300033569336,85.88999938964844,50.1318244934082,2738300,0.0,0.0
2015-08-06 00:00:00-04:00,86.0,86.06999969482422,85.58999633789062,85.76000213623047,50.05595779418945,2198900,0.0,0.0
2015-08-07 00:00:00-04:00,85.62000274658203,85.7699966430664,84.7699966430664,85.08999633789062,49.66489791870117,2409400,0.0,0.0
2015-08-10 00:00:00-04:00,85.56999969482422,86.33999633789062,85.55999755859375,85.87000274658203,50.12015151977539,2470900,0.0,0.0
2015-08-11 00:00:00-04:00,85.13999938964844,85.52999877929688,84.66000366210938,85.47000122070312,49.88669967651367,3549500,0.0,0.0
2015-08-12 00:00:00-04:00,85.16000366210938,85.63999938964844,84.16999816894531,85.63999938964844,49.98591995239258,2733200,0.0,0.0
2015-08-13 00:00:00-04:00,85.55000305175781,85.58999633789062,84.25,84.66000366210938,49.41391372680664,4389400,0.0,0.0
2015-08-14 00:00:00-04:00,84.61000061035156,84.69999694824219,83.87999725341797,84.26000213623047,49.18045425415039,3134300,0.0,0.0
2015-08-17 00:00:00-04:00,83.91999816894531,84.3499984741211,83.47000122070312,84.30000305175781,49.203792572021484,3159200,0.0,0.0
2015-08-18 00:00:00-04:00,84.30000305175781,84.37000274658203,83.87999725341797,84.0199966430664,49.040367126464844,2307600,0.0,0.0
2015-08-19 00:00:00-04:00,83.62999725341797,84.55000305175781,83.20999908447266,83.73999786376953,48.876922607421875,3324400,0.0,0.0
2015-08-20 00:00:00-04:00,83.05999755859375,84.5999984741211,83.01000213623047,83.08000183105469,48.4917106628418,4167300,0.0,0.0
2015-08-21 00:00:00-04:00,82.73999786376953,83.12000274658203,80.9800033569336,80.9800033569336,47.265995025634766,7252900,0.0,0.0
2015-08-24 00:00:00-04:00,78.13999938964844,79.70999908447266,76.54000091552734,78.33999633789062,45.725074768066406,11361900,0.0,0.0
2015-08-25 00:00:00-04:00,79.95999908447266,80.05000305175781,77.3499984741211,77.38999938964844,45.17058563232422,6381600,0.0,0.0
2015-08-26 00:00:00-04:00,78.75,79.83000183105469,77.36000061035156,79.75,46.54806137084961,5813900,0.0,0.0
2015-08-27 00:00:00-04:00,80.33000183105469,80.87999725341797,79.12999725341797,80.77999877929688,47.14924240112305,4206000,0.0,0.0
2015-08-28 00:00:00-04:00,80.16000366210938,80.58999633789062,79.83999633789062,80.3499984741211,46.898277282714844,3522800,0.0,0.0
2015-08-31 00:00:00-04:00,79.87000274658203,80.11000061035156,78.9000015258789,79.80000305175781,46.5772590637207,4211600,0.0,0.0
2015-09-01 00:00:00-04:00,78.20999908447266,78.72000122070312,77.30000305175781,77.77999877929688,45.398231506347656,5124900,0.0,0.0
2015-09-02 00:00:00-04:00,78.48999786376953,78.7300033569336,77.83999633789062,78.69999694824219,45.93519592285156,3594600,0.0,0.0
2015-09-03 00:00:00-04:00,79.16000366210938,79.80999755859375,78.75,79.44999694824219,46.372962951660156,3363500,0.0,0.0
2015-09-04 00:00:00-04:00,78.36000061035156,78.5199966430664,77.0,77.29000091552734,45.112220764160156,5233700,0.0,0.0
2015-09-08 00:00:00-04:00,78.80999755859375,79.79000091552734,78.12999725341797,79.76000213623047,46.55391311645508,4779800,0.0,0.0
2015-09-09 00:00:00-04:00,80.05999755859375,80.23999786376953,78.08999633789062,78.2699966430664,45.68422317504883,4062100,0.0,0.0
2015-09-10 00:00:00-04:00,78.0,79.4000015258789,78.0,78.87000274658203,46.03444290161133,3871600,0.0,0.0
2015-09-11 00:00:00-04:00,78.93000030517578,79.5199966430664,78.4000015258789,79.47000122070312,46.38462829589844,5234300,0.0,0.0
2015-09-14 00:00:00-04:00,79.68000030517578,79.79000091552734,78.87999725341797,79.3499984741211,46.31460189819336,3628900,0.0,0.0
2015-09-15 00:00:00-04:00,79.5199966430664,80.87999725341797,79.01000213623047,80.80999755859375,47.166748046875,4025700,0.0,0.0
2015-09-16 00:00:00-04:00,80.94999694824219,82.48999786376953,80.86000061035156,82.0999984741211,47.91969680786133,5925200,0.0,0.0
2015-09-17 00:00:00-04:00,82.33999633789062,83.05000305175781,81.5,82.08000183105469,47.90803909301758,4633500,0.0,0.0
2015-09-18 00:00:00-04:00,81.29000091552734,82.16000366210938,80.7699966430664,81.22000122070312,47.40608215332031,8268300,0.0,0.0
2015-09-21 00:00:00-04:00,81.69000244140625,82.45999908447266,81.58000183105469,82.12000274658203,47.93138885498047,3630800,0.0,0.0
2015-09-22 00:00:00-04:00,81.11000061035156,81.52999877929688,80.43000030517578,80.7699966430664,47.14341735839844,3605900,0.0,0.0
2015-09-23 00:00:00-04:00,80.8499984741211,80.95999908447266,79.94000244140625,80.43000030517578,46.94496154785156,2437400,0.0,0.0
2015-09-24 00:00:00-04:00,80.0,80.5999984741211,79.77999877929688,80.41000366210938,46.93330383300781,3068200,0.0,0.0
2015-09-25 00:00:00-04:00,80.76000213623047,81.30999755859375,80.3499984741211,80.5999984741211,47.044193267822266,3396100,0.0,0.0
2015-09-28 00:00:00-04:00,78.98999786376953,80.33000183105469,78.7300033569336,78.91000366210938,46.648128509521484,4332500,1.02,0.0
2015-09-29 00:00:00-04:00,78.81999969482422,79.25,78.02999877929688,78.63999938964844,46.48849868774414,4194500,0.0,0.0
2015-09-30 00:00:00-04:00,79.31999969482422,79.58999633789062,78.77999877929688,79.33000183105469,46.896400451660156,4968300,0.0,0.0
2015-10-01 00:00:00-04:00,79.68000030517578,79.73999786376953,78.86000061035156,79.45999908447266,46.973236083984375,3961800,0.0,0.0
2015-10-02 00:00:00-04:00,78.81999969482422,79.95999908447266,78.41000366210938,79.94999694824219,47.262916564941406,3735300,0.0,0.0
2015-10-05 00:00:00-04:00,80.4000015258789,81.86000061035156,80.0,81.70999908447266,48.30333709716797,5715100,0.0,0.0
2015-10-06 00:00:00-04:00,81.62000274658203,81.87999725341797,80.95999908447266,81.48999786376953,48.17329025268555,3522600,0.0,0.0
2015-10-07 00:00:00-04:00,81.56999969482422,82.87999725341797,81.55000305175781,82.66999816894531,48.87086486816406,3583300,0.0,0.0
2015-10-08 00:00:00-04:00,82.66000366210938,84.29000091552734,82.4000015258789,84.1500015258789,49.74577331542969,3923000,0.0,0.0
2015-10-09 00:00:00-04:00,84.08000183105469,84.58000183105469,84.05000305175781,84.06999969482422,49.69847869873047,5058400,0.0,0.0
2015-10-12 00:00:00-04:00,84.22000122070312,84.88999938964844,84.12000274658203,84.66000366210938,50.04726791381836,2386500,0.0,0.0
2015-10-13 00:00:00-04:00,84.52999877929688,84.62999725341797,83.79000091552734,84.41000366210938,49.89947509765625,3089300,0.0,0.0
2015-10-14 00:00:00-04:00,84.66000366210938,85.41000366210938,84.36000061035156,84.4800033569336,49.940853118896484,5556400,0.0,0.0
2015-10-15 00:00:00-04:00,85.58999633789062,86.36000061035156,85.19999694824219,86.06999969482422,50.88078689575195,5880600,0.0,0.0
2015-10-16 00:00:00-04:00,86.37000274658203,88.04000091552734,85.88999938964844,87.77999877929688,51.89166259765625,5479800,0.0,0.0
2015-10-19 00:00:00-04:00,87.6500015258789,88.48999786376953,87.2300033569336,88.41999816894531,52.27000427246094,4796800,0.0,0.0
2015-10-20 00:00:00-04:00,88.61000061035156,88.8499984741211,88.27999877929688,88.72000122070312,52.44735336303711,4495800,0.0,0.0
2015-10-21 00:00:00-04:00,88.9000015258789,89.68000030517578,88.37000274658203,88.9800033569336,52.60103988647461,3643400,0.0,0.0
2015-10-22 00:00:00-04:00,88.83000183105469,89.94000244140625,88.62999725341797,89.55000305175781,52.93801498413086,4930800,0.0,0.0
2015-10-23 00:00:00-04:00,89.94000244140625,89.94000244140625,88.76000213623047,89.62999725341797,52.98529815673828,4307900,0.0,0.0
2015-10-26 00:00:00-04:00,89.6500015258789,90.08000183105469,89.33000183105469,89.69999694824219,53.02667999267578,4124500,0.0,0.0
2015-10-27 00:00:00-04:00,89.0,89.31999969482422,88.37999725341797,88.81999969482422,52.50645446777344,3283800,0.0,0.0
2015-10-28 00:00:00-04:00,89.30000305175781,89.88999938964844,88.2300033569336,89.4000015258789,52.84934997558594,3231400,0.0,0.0
2015-10-29 00:00:00-04:00,89.0999984741211,89.45999908447266,88.0999984741211,89.26000213623047,52.766571044921875,2976500,0.0,0.0
2015-10-30 00:00:00-04:00,89.33000183105469,89.47000122070312,88.4000015258789,88.4000015258789,52.258182525634766,4062600,0.0,0.0
2015-11-02 00:00:00-05:00,88.7300033569336,88.9800033569336,88.19000244140625,88.80999755859375,52.500553131103516,2856900,0.0,0.0
2015-11-03 00:00:00-05:00,88.38999938964844,88.5199966430664,87.69999694824219,88.33999633789062,52.222721099853516,3445400,0.0,0.0
2015-11-04 00:00:00-05:00,88.16999816894531,88.43000030517578,87.62999725341797,88.06999969482422,52.06310272216797,3977500,0.0,0.0
2015-11-05 00:00:00-05:00,88.04000091552734,88.31999969482422,87.77999877929688,88.16000366210938,52.11630630493164,2631600,0.0,0.0
2015-11-06 00:00:00-05:00,87.36000061035156,87.36000061035156,85.12000274658203,86.37000274658203,51.058135986328125,5456200,0.0,0.0
2015-11-09 00:00:00-05:00,85.76000213623047,85.83999633789062,84.7300033569336,85.25,50.39604568481445,4030000,0.0,0.0
2015-11-10 00:00:00-05:00,85.29000091552734,85.4800033569336,84.7300033569336,84.95999908447266,50.224609375,2542000,0.0,0.0
2015-11-11 00:00:00-05:00,85.27999877929688,85.83000183105469,85.0,85.05000305175781,50.2778205871582,2558800,0.0,0.0
2015-11-12 00:00:00-05:00,84.52999877929688,84.91999816894531,83.76000213623047,84.0199966430664,49.66892623901367,3948200,0.0,0.0
2015-11-13 00:00:00-05:00,83.86000061035156,84.43000030517578,83.2699966430664,83.4000015258789,49.30241012573242,3471800,0.0,0.0
2015-11-16 00:00:00-05:00,83.4000015258789,84.36000061035156,83.33000183105469,84.3499984741211,49.8640022277832,3722600,0.0,0.0
2015-11-17 00:00:00-05:00,84.30000305175781,84.63999938964844,83.55000305175781,83.83999633789062,49.56251907348633,3173900,0.0,0.0
2015-11-18 00:00:00-05:00,84.08000183105469,85.4800033569336,83.91999816894531,85.43000030517578,50.5024528503418,4186300,0.0,0.0
2015-11-19 00:00:00-05:00,85.68000030517578,86.48999786376953,85.63999938964844,86.25,50.987205505371094,4507800,0.0,0.0
2015-11-20 00:00:00-05:00,86.69999694824219,87.6500015258789,85.83999633789062,85.98999786376953,50.83349609375,4823500,0.0,0.0
2015-11-23 00:00:00-05:00,86.22000122070312,86.76000213623047,85.91999816894531,86.58999633789062,51.18818664550781,3029100,0.0,0.0
2015-11-24 00:00:00-05:00,86.08999633789062,87.25,85.94999694824219,86.9000015258789,51.37145233154297,2821600,0.0,0.0
2015-11-25 00:00:00-05:00,86.62000274658203,87.2699966430664,86.33000183105469,87.16999816894531,51.531070709228516,2676000,0.0,0.0
2015-11-27 00:00:00-05:00,87.12000274658203,87.68000030517578,86.83000183105469,87.41999816894531,51.6788444519043,1944600,0.0,0.0
2015-11-30 00:00:00-05:00,87.91000366210938,88.30999755859375,87.19999694824219,87.38999938964844,51.66110610961914,5970500,0.0,0.0
2015-12-01 00:00:00-05:00,87.44000244140625,87.87999725341797,86.69999694824219,87.77999877929688,51.89166259765625,3857800,0.0,0.0
2015-12-02 00:00:00-05:00,87.55000305175781,87.77999877929688,87.0,87.30000305175781,51.60790252685547,3522600,0.0,0.0
2015-12-03 00:00:00-05:00,87.55999755859375,87.98999786376953,87.20999908447266,87.33999633789062,51.631534576416016,6056700,0.0,0.0
2015-12-04 00:00:00-05:00,87.41000366210938,89.76000213623047,87.41000366210938,89.69999694824219,53.02667999267578,7203500,0.0,0.0
2015-12-07 00:00:00-05:00,89.25,89.63999938964844,88.30000305175781,88.79000091552734,52.488731384277344,3931800,0.0,0.0
2015-12-08 00:00:00-05:00,88.55999755859375,88.91999816894531,88.06999969482422,88.7699966430664,52.47691345214844,4119400,0.0,0.0
2015-12-09 00:00:00-05:00,88.51000213623047,89.5199966430664,87.4800033569336,88.0199966430664,52.03355026245117,3841000,0.0,0.0
2015-12-10 00:00:00-05:00,87.91999816894531,88.31999969482422,87.2300033569336,87.7300033569336,51.86212921142578,4183800,0.0,0.0
2015-12-11 00:00:00-05:00,86.76000213623047,87.18000030517578,85.95999908447266,86.31999969482422,51.02857208251953,4740300,0.0,0.0
2015-12-14 00:00:00-05:00,86.37999725341797,87.41999816894531,85.88999938964844,87.16000366210938,51.525150299072266,4636800,0.0,0.0
2015-12-15 00:00:00-05:00,87.62999725341797,88.37000274658203,87.12999725341797,87.83999633789062,51.9271240234375,4904900,0.0,0.0
2015-12-16 00:00:00-05:00,88.04000091552734,90.2699966430664,88.0,90.1500015258789,53.292720794677734,5275200,0.0,0.0
2015-12-17 00:00:00-05:00,90.06999969482422,90.1500015258789,88.95999908447266,89.08000183105469,52.660160064697266,4878700,0.0,0.0
2015-12-18 00:00:00-05:00,88.7300033569336,88.7300033569336,86.91999816894531,86.91999816894531,51.38326644897461,10829200,0.0,0.0
2015-12-21 00:00:00-05:00,86.36000061035156,86.66000366210938,85.73999786376953,86.62000274658203,51.81394958496094,4058100,1.02,0.0
2015-12-22 00:00:00-05:00,86.94000244140625,87.79000091552734,86.23999786376953,87.66000366210938,52.43605422973633,4377800,0.0,0.0
2015-12-23 00:00:00-05:00,87.91999816894531,89.18000030517578,87.86000061035156,89.08000183105469,53.285457611083984,3043400,0.0,0.0
2015-12-24 00:00:00-05:00,88.75,89.2300033569336,88.62999725341797,88.86000061035156,53.15385818481445,1201700,0.0,0.0
2015-12-28 00:00:00-05:00,88.55000305175781,88.79000091552734,88.08999633789062,88.58999633789062,52.99235534667969,1860500,0.0,0.0
2015-12-29 00:00:00-05:00,89.04000091552734,89.4800033569336,88.83999633789062,89.36000061035156,53.45296859741211,2212100,0.0,0.0
2015-12-30 00:00:00-05:00,89.4000015258789,89.4800033569336,88.77999877929688,88.9800033569336,53.22563934326172,1790700,0.0,0.0
2015-12-31 00:00:00-05:00,88.4800033569336,88.63999938964844,87.86000061035156,87.91000366210938,52.585601806640625,2502100,0.0,0.0
2016-01-04 00:00:00-05:00,86.8499984741211,87.05000305175781,85.76000213623047,87.0,52.04127883911133,4703000,0.0,0.0
2016-01-05 00:00:00-05:00,87.02999877929688,88.2300033569336,86.8499984741211,87.87000274658203,52.561683654785156,3923500,0.0,0.0
2016-01-06 00:00:00-05:00,87.02999877929688,88.20999908447266,87.02999877929688,87.8499984741211,52.549713134765625,4861600,0.0,0.0
2016-01-07 00:00:00-05:00,86.68000030517578,88.45999908447266,86.68000030517578,87.25,52.19080352783203,6132500,0.0,0.0
2016-01-08 00:00:00-05:00,87.58000183105469,87.6500015258789,86.4800033569336,86.70999908447266,51.86781311035156,5415200,0.0,0.0
2016-01-11 00:00:00-05:00,87.44000244140625,89.33000183105469,87.4000015258789,89.16999816894531,53.339317321777344,8021000,0.0,0.0
2016-01-12 00:00:00-05:00,89.61000061035156,89.87999725341797,88.16000366210938,89.08999633789062,53.29144287109375,4742600,0.0,0.0
2016-01-13 00:00:00-05:00,89.0,89.19999694824219,88.05999755859375,88.30999755859375,52.82488250732422,6109300,0.0,0.0
2016-01-14 00:00:00-05:00,88.38999938964844,89.05999755859375,86.94999694824219,87.87999725341797,52.567657470703125,8194700,0.0,0.0
2016-01-15 00:00:00-05:00,86.05000305175781,86.94000244140625,85.11000061035156,86.29000091552734,51.61656951904297,7420500,0.0,0.0
2016-01-19 00:00:00-05:00,86.44000244140625,87.83000183105469,86.44000244140625,87.47000122070312,52.32241439819336,5097300,0.0,0.0
2016-01-20 00:00:00-05:00,86.68000030517578,86.9000015258789,84.45999908447266,85.86000061035156,51.35934066772461,5729600,0.0,0.0
2016-01-21 00:00:00-05:00,85.41999816894531,86.19999694824219,84.69000244140625,85.80000305175781,51.32345962524414,5436400,0.0,0.0
2016-01-22 00:00:00-05:00,86.75,87.16999816894531,85.80000305175781,86.87000274658203,51.963497161865234,3677200,0.0,0.0
2016-01-25 00:00:00-05:00,87.05000305175781,87.5999984741211,86.51000213623047,86.68000030517578,51.849853515625,3258800,0.0,0.0
2016-01-26 00:00:00-05:00,86.76000213623047,88.31999969482422,86.76000213623047,87.30999755859375,52.22669219970703,4544000,0.0,0.0
2016-01-27 00:00:00-05:00,87.6500015258789,89.37999725341797,87.20999908447266,88.08999633789062,52.69327926635742,4882900,0.0,0.0
2016-01-28 00:00:00-05:00,88.79000091552734,89.72000122070312,87.61000061035156,89.05999755859375,53.273502349853516,3856900,0.0,0.0
2016-01-29 00:00:00-05:00,88.86000061035156,90.23999786376953,88.33000183105469,90.01000213623047,53.84177780151367,8383100,0.0,0.0
2016-02-01 00:00:00-05:00,89.79000091552734,90.30999755859375,89.33000183105469,89.41000366210938,53.482872009277344,5985600,0.0,0.0
2016-02-02 00:00:00-05:00,88.51000213623047,89.44999694824219,88.30000305175781,89.3499984741211,53.44697570800781,5323000,0.0,0.0
2016-02-03 00:00:00-05:00,89.83999633789062,90.27999877929688,88.4800033569336,89.79000091552734,53.710182189941406,6023000,0.0,0.0
2016-02-04 00:00:00-05:00,87.68000030517578,90.3499984741211,87.68000030517578,89.0999984741211,53.29743194580078,6019900,0.0,0.0
2016-02-05 00:00:00-05:00,89.19000244140625,89.61000061035156,87.41999816894531,89.55000305175781,53.566612243652344,4557200,0.0,0.0
2016-02-08 00:00:00-05:00,89.27999877929688,90.29000091552734,88.6500015258789,89.72000122070312,53.66831970214844,5298500,0.0,0.0
2016-02-09 00:00:00-05:00,89.29000091552734,90.55999755859375,88.93000030517578,90.0199966430664,53.8477668762207,5114200,0.0,0.0
2016-02-10 00:00:00-05:00,90.25,90.38999938964844,89.04000091552734,89.2300033569336,53.375205993652344,3730600,0.0,0.0
2016-02-11 00:00:00-05:00,88.1500015258789,88.75,87.5,88.33999633789062,52.84282302856445,4181200,0.0,0.0
2016-02-12 00:00:00-05:00,89.02999877929688,89.5,88.25,89.05999755859375,53.273502349853516,4930400,0.0,0.0
2016-02-16 00:00:00-05:00,89.5,90.33999633789062,88.5999984741211,90.12000274658203,53.90757369995117,4482900,0.0,0.0
2016-02-17 00:00:00-05:00,90.05999755859375,92.19000244140625,89.76000213623047,91.2300033569336,54.571533203125,6288600,0.0,0.0
2016-02-18 00:00:00-05:00,91.13999938964844,91.81999969482422,91.06999969482422,91.6500015258789,54.82278823852539,5886200,0.0,0.0
2016-02-19 00:00:00-05:00,91.58000183105469,92.19000244140625,90.77999877929688,91.94000244140625,54.99626541137695,4121500,0.0,0.0
2016-02-22 00:00:00-05:00,92.33999633789062,92.8499984741211,92.0199966430664,92.54000091552734,55.355167388916016,3796800,0.0,0.0
2016-02-23 00:00:00-05:00,92.41999816894531,92.79000091552734,91.80000305175781,92.05000305175781,55.06205368041992,3590000,0.0,0.0
2016-02-24 00:00:00-05:00,91.8499984741211,91.91000366210938,90.69999694824219,91.45999908447266,54.70912551879883,4534100,0.0,0.0
2016-02-25 00:00:00-05:00,91.52999877929688,92.4800033569336,91.36000061035156,92.44999694824219,55.301300048828125,3146400,0.0,0.0
2016-02-26 00:00:00-05:00,92.54000091552734,92.87000274658203,91.11000061035156,91.44999694824219,54.703128814697266,4025100,0.0,0.0
2016-02-29 00:00:00-05:00,91.0,91.7699966430664,90.4800033569336,91.02999877929688,54.45191192626953,4697700,0.0,0.0
2016-03-01 00:00:00-05:00,91.5999984741211,91.7300033569336,91.0199966430664,91.54000091552734,54.75697326660156,4489800,0.0,0.0
2016-03-02 00:00:00-05:00,91.29000091552734,91.88999938964844,90.79000091552734,91.55999755859375,54.76893615722656,3258500,0.0,0.0
2016-03-03 00:00:00-05:00,91.54000091552734,93.29000091552734,91.30999755859375,93.26000213623047,55.78583526611328,4144100,0.0,0.0
2016-03-04 00:00:00-05:00,93.29000091552734,94.91000366210938,93.25,94.48999786376953,56.5215950012207,5729300,0.0,0.0
2016-03-07 00:00:00-05:00,94.0199966430664,94.19000244140625,93.0999984741211,93.9000015258789,56.16866683959961,4888800,0.0,0.0
2016-03-08 00:00:00-05:00,94.06999969482422,94.79000091552734,93.76000213623047,94.44999694824219,56.497676849365234,5455200,0.0,0.0
2016-03-09 00:00:00-05:00,94.87000274658203,96.06999969482422,94.66000366210938,96.01000213623047,57.43082809448242,6544300,0.0,0.0
2016-03-10 00:00:00-05:00,95.98999786376953,96.87999725341797,95.75,96.83999633789062,57.927303314208984,5428700,0.0,0.0
2016-03-11 00:00:00-05:00,96.98999786376953,97.1500015258789,96.05999755859375,96.48999786376953,57.71794509887695,7202800,0.0,0.0
2016-03-14 00:00:00-04:00,96.58000183105469,97.12999725341797,96.0,96.44000244140625,57.68806076049805,4625300,0.0,0.0
2016-03-15 00:00:00-04:00,95.91000366210938,96.69999694824219,95.80000305175781,96.44000244140625,57.68806076049805,5039700,0.0,0.0
2016-03-16 00:00:00-04:00,96.41000366210938,97.36000061035156,95.6500015258789,97.18000030517578,58.13070297241211,3936900,0.0,0.0
2016-03-17 00:00:00-04:00,97.29000091552734,99.33000183105469,97.29000091552734,98.9000015258789,59.1595458984375,7378200,0.0,0.0
2016-03-18 00:00:00-04:00,99.02999877929688,99.23999786376953,97.91999816894531,98.16999816894531,58.722862243652344,9472700,0.0,0.0
2016-03-21 00:00:00-04:00,98.08000183105469,98.81999969482422,97.76000213623047,98.58999633789062,58.97410583496094,3784300,0.0,0.0
2016-03-22 00:00:00-04:00,97.33999633789062,97.69000244140625,96.43000030517578,96.73999786376953,58.47242736816406,3655200,1.02,0.0
2016-03-23 00:00:00-04:00,96.73999786376953,97.29000091552734,96.27999877929688,97.06999969482422,58.67190170288086,3028900,0.0,0.0
2016-03-24 00:00:00-04:00,97.04000091552734,97.5999984741211,96.66000366210938,97.56999969482422,58.974124908447266,3674800,0.0,0.0
2016-03-28 00:00:00-04:00,97.86000061035156,98.20999908447266,97.41999816894531,97.86000061035156,59.149391174316406,3206800,0.0,0.0
2016-03-29 00:00:00-04:00,98.0199966430664,98.88999938964844,97.37000274658203,98.86000061035156,59.75382614135742,5005300,0.0,0.0
2016-03-30 00:00:00-04:00,99.02999877929688,99.52999877929688,98.63999938964844,98.69000244140625,59.65108108520508,3405300,0.0,0.0
2016-03-31 00:00:00-04:00,98.52999877929688,99.01000213623047,98.01000213623047,98.11000061035156,59.300514221191406,4380300,0.0,0.0
2016-04-01 00:00:00-04:00,97.7699966430664,99.83000183105469,97.55000305175781,99.75,60.29176330566406,4184600,0.0,0.0
2016-04-04 00:00:00-04:00,99.95999908447266,100.4800033569336,99.47000122070312,100.36000061035156,60.66046905517578,4198200,0.0,0.0
2016-04-05 00:00:00-04:00,100.0,100.41000366210938,99.87999725341797,100.26000213623047,60.60002136230469,3524300,0.0,0.0
2016-04-06 00:00:00-04:00,100.33000183105469,101.30999755859375,100.20999908447266,101.16999816894531,61.15007781982422,4763300,0.0,0.0
2016-04-07 00:00:00-04:00,101.08999633789062,101.1500015258789,100.19000244140625,100.58000183105469,60.79343032836914,3681000,0.0,0.0
2016-04-08 00:00:00-04:00,100.80999755859375,100.94999694824219,100.44000244140625,100.87999725341797,60.974769592285156,3710200,0.0,0.0
2016-04-11 00:00:00-04:00,101.27999877929688,101.80000305175781,100.08999633789062,100.33000183105469,60.64234924316406,4943700,0.0,0.0
2016-04-12 00:00:00-04:00,100.47000122070312,101.81999969482422,100.41000366210938,101.62999725341797,61.42811584472656,4464100,0.0,0.0
2016-04-13 00:00:00-04:00,101.88999938964844,102.0,99.37000274658203,100.33000183105469,60.64234924316406,5404200,0.0,0.0
2016-04-14 00:00:00-04:00,100.4000015258789,101.4800033569336,99.55999755859375,99.76000213623047,60.297813415527344,4302400,0.0,0.0
2016-04-15 00:00:00-04:00,99.87000274658203,100.4800033569336,99.18000030517578,100.11000061035156,60.50937271118164,6298100,0.0,0.0
2016-04-18 00:00:00-04:00,100.11000061035156,101.38999938964844,99.77999877929688,100.5999984741211,60.80554962158203,5078500,0.0,0.0
2016-04-19 00:00:00-04:00,98.6500015258789,99.7300033569336,97.08000183105469,99.27999877929688,60.007694244384766,7394400,0.0,0.0
2016-04-20 00:00:00-04:00,98.88999938964844,99.2300033569336,98.0,98.12999725341797,59.312583923339844,4209600,0.0,0.0
2016-04-21 00:00:00-04:00,97.81999969482422,98.04000091552734,95.91000366210938,96.41999816894531,58.27903366088867,5090800,0.0,0.0
2016-04-22 00:00:00-04:00,96.5999984741211,96.97000122070312,96.12999725341797,96.91999816894531,58.58123779296875,3660600,0.0,0.0
2016-04-25 00:00:00-04:00,96.58999633789062,97.54000091552734,96.20999908447266,97.52999877929688,58.94994354248047,3251100,0.0,0.0
2016-04-26 00:00:00-04:00,97.93000030517578,98.08999633789062,96.93000030517578,97.23999786376953,58.7746467590332,3714600,0.0,0.0
2016-04-27 00:00:00-04:00,97.37000274658203,98.2300033569336,96.41000366210938,97.2699966430664,58.79277801513672,3708500,0.0,0.0
2016-04-28 00:00:00-04:00,96.61000061035156,97.94000244140625,96.5,97.3499984741211,58.84111785888672,3207700,0.0,0.0
2016-04-29 00:00:00-04:00,97.41999816894531,98.58000183105469,97.41000366210938,98.12000274658203,59.306549072265625,4268300,0.0,0.0
2016-05-02 00:00:00-04:00,98.41999816894531,98.87999725341797,97.88999938964844,98.55999755859375,59.57249450683594,2899600,0.0,0.0
2016-05-03 00:00:00-04:00,98.4800033569336,98.8499984741211,97.97000122070312,98.5199966430664,59.548343658447266,2673000,0.0,0.0
2016-05-04 00:00:00-04:00,97.91999816894531,98.94000244140625,97.51000213623047,98.77999877929688,59.705448150634766,3159400,0.0,0.0
2016-05-05 00:00:00-04:00,99.30999755859375,99.98999786376953,98.73999786376953,99.18000030517578,59.9472541809082,5751400,0.0,0.0
2016-05-06 00:00:00-04:00,99.2300033569336,100.4000015258789,99.19999694824219,100.31999969482422,60.63630676269531,4065400,0.0,0.0
2016-05-09 00:00:00-04:00,100.3499984741211,100.6500015258789,100.0199966430664,100.38999938964844,60.67860412597656,4491700,0.0,0.0
2016-05-10 00:00:00-04:00,100.5,101.93000030517578,100.4000015258789,101.88999938964844,61.58524703979492,3117900,0.0,0.0
2016-05-11 00:00:00-04:00,101.87999725341797,102.37999725341797,101.66000366210938,101.80000305175781,61.53083419799805,3380000,0.0,0.0
2016-05-12 00:00:00-04:00,101.91000366210938,102.55000305175781,101.61000061035156,102.18000030517578,61.76051712036133,4916100,0.0,0.0
2016-05-13 00:00:00-04:00,101.7300033569336,102.38999938964844,100.68000030517578,100.88999938964844,60.98082733154297,3066700,0.0,0.0
2016-05-16 00:00:00-04:00,100.83999633789062,101.94000244140625,100.30999755859375,101.70999908447266,61.4764518737793,3001100,0.0,0.0
2016-05-17 00:00:00-04:00,101.18000030517578,101.4800033569336,99.18000030517578,99.83999633789062,60.34617614746094,4346600,0.0,0.0
2016-05-18 00:00:00-04:00,99.80000305175781,99.91999816894531,98.41999816894531,98.94999694824219,59.808250427246094,3408500,0.0,0.0
2016-05-19 00:00:00-04:00,98.54000091552734,98.5999984741211,97.19999694824219,98.36000061035156,59.45164108276367,3466900,0.0,0.0
2016-05-20 00:00:00-04:00,98.66999816894531,98.69000244140625,97.83000183105469,98.04000091552734,59.25820541381836,3369500,0.0,0.0
2016-05-23 00:00:00-04:00,98.05999755859375,98.41999816894531,97.7300033569336,98.27999877929688,59.40327835083008,2365400,0.0,0.0
2016-05-24 00:00:00-04:00,98.70999908447266,99.37000274658203,98.58999633789062,98.83999633789062,59.741729736328125,3074400,0.0,0.0
2016-05-25 00:00:00-04:00,98.66999816894531,99.5,98.6500015258789,99.05000305175781,59.86866760253906,2543100,0.0,0.0
2016-05-26 00:00:00-04:00,99.05000305175781,99.16999816894531,98.45999908447266,99.01000213623047,59.844512939453125,2350500,0.0,0.0
2016-05-27 00:00:00-04:00,99.0999984741211,99.3499984741211,98.70999908447266,99.18000030517578,59.9472541809082,2059800,0.0,0.0
2016-05-31 00:00:00-04:00,99.31999969482422,99.5999984741211,98.16999816894531,98.68000030517578,59.64503860473633,5706400,0.0,0.0
2016-06-01 00:00:00-04:00,98.68000030517578,99.54000091552734,98.41999816894531,99.4000015258789,60.08023452758789,3472700,0.0,0.0
2016-06-02 00:00:00-04:00,99.13999938964844,99.37000274658203,98.87999725341797,99.26000213623047,59.99560546875,2523200,0.0,0.0
2016-06-03 00:00:00-04:00,99.55999755859375,101.22000122070312,99.51000213623047,101.12000274658203,61.119834899902344,4792500,0.0,0.0
2016-06-06 00:00:00-04:00,101.22000122070312,101.69000244140625,100.0199966430664,100.31999969482422,60.63630676269531,5121100,0.0,0.0
2016-06-07 00:00:00-04:00,100.45999908447266,100.91000366210938,100.22000122070312,100.45999908447266,60.72090148925781,5551400,0.0,0.0
2016-06-08 00:00:00-04:00,100.25,101.72000122070312,100.19999694824219,101.72000122070312,61.482486724853516,4124400,0.0,0.0
2016-06-09 00:00:00-04:00,101.27999877929688,102.01000213623047,100.76000213623047,101.77999877929688,61.51876449584961,4229900,0.0,0.0
2016-06-10 00:00:00-04:00,101.12999725341797,101.58999633789062,100.77999877929688,101.30000305175781,61.22863006591797,3608200,0.0,0.0
2016-06-13 00:00:00-04:00,100.87999725341797,101.58999633789062,100.51000213623047,100.56999969482422,60.78740310668945,3566000,0.0,0.0
2016-06-14 00:00:00-04:00,100.13999938964844,100.16999816894531,99.18000030517578,99.88999938964844,60.37639617919922,5161100,0.0,0.0
2016-06-15 00:00:00-04:00,100.1500015258789,100.30000305175781,99.25,99.6500015258789,60.23131561279297,3780100,0.0,0.0
2016-06-16 00:00:00-04:00,99.62000274658203,100.26000213623047,98.97000122070312,100.1500015258789,60.53355026245117,4575200,0.0,0.0
2016-06-17 00:00:00-04:00,100.36000061035156,101.0,99.62999725341797,100.7300033569336,60.884132385253906,6393800,0.0,0.0
2016-06-20 00:00:00-04:00,101.30000305175781,101.91000366210938,101.18000030517578,101.55000305175781,61.37975311279297,5045300,0.0,0.0
2016-06-21 00:00:00-04:00,100.87999725341797,101.13999938964844,100.45999908447266,100.8499984741211,61.57513427734375,5413800,1.02,0.0
2016-06-22 00:00:00-04:00,101.0,101.7699966430664,100.86000061035156,101.02999877929688,61.685035705566406,3504300,0.0,0.0
2016-06-23 00:00:00-04:00,101.66999816894531,101.91000366210938,101.0199966430664,101.9000015258789,62.21622085571289,2722800,0.0,0.0
2016-06-24 00:00:00-04:00,99.1500015258789,100.08000183105469,97.12000274658203,97.70999908447266,59.65797424316406,14754900,0.0,0.0
2016-06-27 00:00:00-04:00,97.33999633789062,98.66999816894531,96.88999938964844,98.19999694824219,59.95713806152344,8140200,0.0,0.0
2016-06-28 00:00:00-04:00,98.91000366210938,99.0,97.08000183105469,98.54000091552734,60.16471862792969,6146600,0.0,0.0
2016-06-29 00:00:00-04:00,98.80999755859375,99.19999694824219,98.1500015258789,98.62000274658203,60.21357345581055,4488400,0.0,0.0
2016-06-30 00:00:00-04:00,99.08999633789062,101.9000015258789,98.93000030517578,101.72000122070312,62.10630416870117,7545500,0.0,0.0
2016-07-01 00:00:00-04:00,101.72000122070312,102.30000305175781,101.12999725341797,101.27999877929688,61.83768844604492,4767800,0.0,0.0
2016-07-05 00:00:00-04:00,101.30000305175781,103.1500015258789,101.2699966430664,102.23999786376953,62.42380905151367,5932400,0.0,0.0
2016-07-06 00:00:00-04:00,102.30000305175781,102.83000183105469,101.19000244140625,102.36000061035156,62.4970703125,4240500,0.0,0.0
2016-07-07 00:00:00-04:00,102.58000183105469,102.91000366210938,101.66000366210938,101.77999877929688,62.142940521240234,3143000,0.0,0.0
2016-07-08 00:00:00-04:00,102.33999633789062,103.16000366210938,101.75,103.08999633789062,62.942771911621094,3403800,0.0,0.0
2016-07-11 00:00:00-04:00,102.9800033569336,103.66999816894531,102.0999984741211,103.37999725341797,63.119834899902344,4040100,0.0,0.0
2016-07-12 00:00:00-04:00,103.33000183105469,103.81999969482422,102.75,102.9000015258789,62.826778411865234,3669000,0.0,0.0
2016-07-13 00:00:00-04:00,102.69999694824219,103.33999633789062,102.41000366210938,103.23999786376953,63.03436279296875,4013800,0.0,0.0
2016-07-14 00:00:00-04:00,103.37999725341797,103.66000366210938,102.73999786376953,103.19000244140625,63.00381088256836,3059800,0.0,0.0
2016-07-15 00:00:00-04:00,103.41000366210938,104.19999694824219,103.18000030517578,103.62999725341797,63.272483825683594,3531900,0.0,0.0
2016-07-18 00:00:00-04:00,103.48999786376953,103.7300033569336,102.9000015258789,103.0,62.8878288269043,4446500,0.0,0.0
2016-07-19 00:00:00-04:00,100.5,100.5,98.69999694824219,99.88999938964844,60.98899459838867,10017800,0.0,0.0
2016-07-20 00:00:00-04:00,100.37999725341797,101.0999984741211,99.5199966430664,99.6500015258789,60.84244918823242,5622900,0.0,0.0
2016-07-21 00:00:00-04:00,99.7699966430664,99.7699966430664,98.37000274658203,99.41999816894531,60.7020263671875,6596300,0.0,0.0
2016-07-22 00:00:00-04:00,99.31999969482422,99.91000366210938,99.23999786376953,99.83999633789062,60.95846939086914,3843600,0.0,0.0
2016-07-25 00:00:00-04:00,99.81999969482422,100.13999938964844,99.41000366210938,99.70999908447266,60.87910461425781,2957700,0.0,0.0
2016-07-26 00:00:00-04:00,99.8499984741211,100.0,98.72000122070312,98.95999908447266,60.421165466308594,4126200,0.0,0.0
2016-07-27 00:00:00-04:00,98.9800033569336,99.0,97.13999938964844,97.33000183105469,59.425968170166016,7059000,0.0,0.0
2016-07-28 00:00:00-04:00,97.36000061035156,99.25,96.94999694824219,99.0999984741211,60.50665283203125,6361100,0.0,0.0
2016-07-29 00:00:00-04:00,99.29000091552734,100.4000015258789,98.62000274658203,100.26000213623047,61.21489334106445,5582100,0.0,0.0
2016-08-01 00:00:00-04:00,99.73999786376953,100.37999725341797,99.27999877929688,100.1500015258789,61.147727966308594,4341600,0.0,0.0
2016-08-02 00:00:00-04:00,100.12000274658203,100.2699966430664,99.48999786376953,99.97000122070312,61.037841796875,3923100,0.0,0.0
2016-08-03 00:00:00-04:00,99.62000274658203,99.91999816894531,98.63999938964844,99.02999877929688,60.463897705078125,3727100,0.0,0.0
2016-08-04 00:00:00-04:00,99.36000061035156,99.55000305175781,98.9000015258789,99.0,60.44559860229492,3873700,0.0,0.0
2016-08-05 00:00:00-04:00,99.0,99.48999786376953,98.63999938964844,98.93000030517578,60.402870178222656,5777700,0.0,0.0
2016-08-08 00:00:00-04:00,98.77999877929688,99.5199966430664,98.23999786376953,98.55000305175781,60.17082214355469,3888200,0.0,0.0
2016-08-09 00:00:00-04:00,98.66999816894531,99.2300033569336,98.38999938964844,98.4000015258789,60.079254150390625,3462800,0.0,0.0
2016-08-10 00:00:00-04:00,98.9000015258789,99.87000274658203,98.69999694824219,99.16999816894531,60.54937744140625,3321000,0.0,0.0
2016-08-11 00:00:00-04:00,99.48999786376953,99.91999816894531,98.83000183105469,98.86000061035156,60.360107421875,2999600,0.0,0.0
2016-08-12 00:00:00-04:00,99.52999877929688,99.97000122070312,98.9800033569336,99.0,60.44559860229492,3060100,0.0,0.0
2016-08-15 00:00:00-04:00,99.13999938964844,99.18000030517578,98.54000091552734,98.61000061035156,60.20747756958008,5256700,0.0,0.0
2016-08-16 00:00:00-04:00,98.41999816894531,99.66000366210938,98.4000015258789,99.47000122070312,60.732540130615234,3374500,0.0,0.0
2016-08-17 00:00:00-04:00,99.69999694824219,100.37999725341797,99.44999694824219,100.29000091552734,61.233219146728516,3894400,0.0,0.0
2016-08-18 00:00:00-04:00,100.06999969482422,100.3499984741211,99.81999969482422,100.33999633789062,61.263736724853516,3256600,0.0,0.0
2016-08-19 00:00:00-04:00,100.04000091552734,100.12000274658203,99.54000091552734,99.93000030517578,61.01340866088867,2912400,0.0,0.0
2016-08-22 00:00:00-04:00,99.95999908447266,100.19000244140625,99.69999694824219,100.12000274658203,61.129417419433594,2380400,0.0,0.0
2016-08-23 00:00:00-04:00,100.25,100.58000183105469,100.1500015258789,100.38999938964844,61.29426574707031,2101400,0.0,0.0
2016-08-24 00:00:00-04:00,100.12999725341797,100.37000274658203,99.4000015258789,100.12999725341797,61.135528564453125,2839300,0.0,0.0
2016-08-25 00:00:00-04:00,100.19999694824219,100.19999694824219,99.44000244140625,99.83999633789062,60.95846939086914,2397600,0.0,0.0
2016-08-26 00:00:00-04:00,99.95999908447266,100.4800033569336,98.86000061035156,99.0999984741211,60.50665283203125,2778300,0.0,0.0
2016-08-29 00:00:00-04:00,99.08000183105469,100.31999969482422,99.05999755859375,100.26000213623047,61.21489334106445,3024500,0.0,0.0
2016-08-30 00:00:00-04:00,100.05999755859375,100.25,99.55000305175781,99.97000122070312,61.037841796875,2276600,0.0,0.0
2016-08-31 00:00:00-04:00,99.91999816894531,100.0199966430664,99.31999969482422,99.93000030517578,61.01340866088867,3143300,0.0,0.0
2016-09-01 00:00:00-04:00,99.80000305175781,100.66999816894531,99.61000061035156,100.62000274658203,61.434696197509766,3314400,0.0,0.0
2016-09-02 00:00:00-04:00,100.95999908447266,102.0999984741211,100.87000274658203,101.7699966430664,62.1368408203125,3531400,0.0,0.0
2016-09-06 00:00:00-04:00,101.66000366210938,102.37999725341797,101.44000244140625,102.36000061035156,62.4970703125,3376200,0.0,0.0
2016-09-07 00:00:00-04:00,102.0,102.25,101.55000305175781,102.08999633789062,62.33222198486328,2959000,0.0,0.0
2016-09-08 00:00:00-04:00,102.0999984741211,102.19999694824219,100.87999725341797,101.31999969482422,61.862091064453125,3725200,0.0,0.0
2016-09-09 00:00:00-04:00,100.63999938964844,100.9800033569336,97.54000091552734,97.54000091552734,59.554168701171875,7231500,0.0,0.0
2016-09-12 00:00:00-04:00,98.0199966430664,100.98999786376953,97.91000366210938,100.63999938964844,61.44691467285156,6335900,0.0,0.0
2016-09-13 00:00:00-04:00,99.9800033569336,100.4800033569336,98.5199966430664,98.93000030517578,60.402870178222656,4377800,0.0,0.0
2016-09-14 00:00:00-04:00,99.16999816894531,99.4800033569336,98.27999877929688,98.62000274658203,60.21357345581055,4134900,0.0,0.0
2016-09-15 00:00:00-04:00,98.37000274658203,100.0,98.37000274658203,99.75,60.90351867675781,3870900,0.0,0.0
2016-09-16 00:00:00-04:00,99.22000122070312,99.37000274658203,98.48999786376953,98.83999633789062,60.347900390625,5852300,0.0,0.0
2016-09-19 00:00:00-04:00,99.08999633789062,99.62999725341797,98.7699966430664,98.81999969482422,60.33568572998047,2530200,0.0,0.0
2016-09-20 00:00:00-04:00,99.19999694824219,99.95999908447266,98.83999633789062,99.20999908447266,60.57381057739258,2759400,0.0,0.0
2016-09-21 00:00:00-04:00,99.47000122070312,100.94999694824219,99.05999755859375,100.6500015258789,61.45302200317383,4491500,0.0,0.0
2016-09-22 00:00:00-04:00,101.08999633789062,102.08999633789062,101.0,101.72000122070312,62.10630416870117,4363800,0.0,0.0
2016-09-23 00:00:00-04:00,101.5999984741211,101.94999694824219,101.0199966430664,101.52999877929688,61.99032974243164,3763500,0.0,0.0
2016-09-26 00:00:00-04:00,100.43000030517578,100.43000030517578,99.05999755859375,99.13999938964844,61.157508850097656,4534200,1.04,0.0
2016-09-27 00:00:00-04:00,99.41999816894531,99.51000213623047,98.63999938964844,99.33000183105469,61.274723052978516,3338700,0.0,0.0
2016-09-28 00:00:00-04:00,99.55999755859375,99.70999908447266,98.9000015258789,99.41000366210938,61.32406997680664,3974100,0.0,0.0
2016-09-29 00:00:00-04:00,99.52999877929688,99.55000305175781,97.68000030517578,97.77999877929688,60.318565368652344,5462500,0.0,0.0
2016-09-30 00:00:00-04:00,98.2300033569336,98.69999694824219,97.12000274658203,97.22000122070312,59.97312927246094,7048600,0.0,0.0
2016-10-03 00:00:00-04:00,97.3499984741211,98.01000213623047,97.11000061035156,97.41999816894531,60.09649658203125,4881200,0.0,0.0
2016-10-04 00:00:00-04:00,97.20999908447266,97.62999725341797,96.05999755859375,96.0999984741211,59.28221893310547,5558900,0.0,0.0
2016-10-05 00:00:00-04:00,96.30000305175781,96.45999908447266,95.37000274658203,95.68000030517578,59.02311325073242,4646400,0.0,0.0
2016-10-06 00:00:00-04:00,95.2300033569336,96.04000091552734,95.0,95.63999938964844,58.998443603515625,3175200,0.0,0.0
2016-10-07 00:00:00-04:00,95.88999938964844,96.55999755859375,95.69999694824219,96.0199966430664,59.23286819458008,4056300,0.0,0.0
2016-10-10 00:00:00-04:00,96.44000244140625,96.62999725341797,96.08999633789062,96.25,59.374725341796875,2205500,0.0,0.0
2016-10-11 00:00:00-04:00,96.19999694824219,96.25,95.1500015258789,95.5199966430664,58.92441940307617,4611400,0.0,0.0
2016-10-12 00:00:00-04:00,95.54000091552734,96.43000030517578,95.4000015258789,96.08999633789062,59.276031494140625,4133900,0.0,0.0
2016-10-13 00:00:00-04:00,95.93000030517578,96.68000030517578,95.44000244140625,96.19999694824219,59.34388732910156,4769000,0.0,0.0
2016-10-14 00:00:00-04:00,96.33000183105469,96.73999786376953,95.81999969482422,95.83000183105469,59.11566162109375,3156300,0.0,0.0
2016-10-17 00:00:00-04:00,95.83000183105469,95.9800033569336,95.26000213623047,95.51000213623047,58.918235778808594,4097900,0.0,0.0
2016-10-18 00:00:00-04:00,96.97000122070312,97.0999984741211,95.91999816894531,96.55999755859375,59.565975189208984,6262300,0.0,0.0
2016-10-19 00:00:00-04:00,96.2300033569336,96.7699966430664,95.69000244140625,95.9800033569336,59.20818328857422,5552000,0.0,0.0
2016-10-20 00:00:00-04:00,95.95999908447266,96.29000091552734,95.44000244140625,95.56999969482422,58.95525360107422,3872600,0.0,0.0
2016-10-21 00:00:00-04:00,95.91999816894531,97.29000091552734,95.80000305175781,96.30999755859375,59.4117546081543,5274800,0.0,0.0
2016-10-24 00:00:00-04:00,96.79000091552734,97.01000213623047,96.41000366210938,96.91000366210938,59.78188705444336,4105300,0.0,0.0
2016-10-25 00:00:00-04:00,97.1500015258789,97.1500015258789,96.23999786376953,96.58000183105469,59.57830047607422,3456300,0.0,0.0
2016-10-26 00:00:00-04:00,96.58000183105469,96.97000122070312,95.83999633789062,96.05000305175781,59.25136947631836,3312900,0.0,0.0
2016-10-27 00:00:00-04:00,96.31999969482422,96.88999938964844,95.68000030517578,95.77999877929688,59.084800720214844,3612900,0.0,0.0
2016-10-28 00:00:00-04:00,96.11000061035156,96.7300033569336,95.77999877929688,96.30999755859375,59.4117546081543,4147000,0.0,0.0
2016-10-31 00:00:00-04:00,96.4800033569336,96.5,96.04000091552734,96.44000244140625,59.49195098876953,3327200,0.0,0.0
2016-11-01 00:00:00-04:00,96.62999725341797,96.73999786376953,95.75,96.08000183105469,59.269859313964844,3978500,0.0,0.0
2016-11-02 00:00:00-04:00,96.13999938964844,96.5199966430664,95.9000015258789,96.05000305175781,59.25136947631836,3820900,0.0,0.0
2016-11-03 00:00:00-04:00,96.29000091552734,96.58000183105469,95.87999725341797,96.2300033569336,59.36240005493164,2569900,0.0,0.0
2016-11-04 00:00:00-04:00,96.1500015258789,96.58999633789062,95.33000183105469,95.48999786376953,58.90590286254883,3138800,0.0,0.0
2016-11-07 00:00:00-05:00,96.37000274658203,97.3499984741211,96.30000305175781,97.33000183105469,60.04096984863281,4785200,0.0,0.0
2016-11-08 00:00:00-05:00,97.19999694824219,98.20999908447266,97.19999694824219,97.86000061035156,60.367923736572266,3227000,0.0,0.0
2016-11-09 00:00:00-05:00,96.04000091552734,96.06999969482422,93.0999984741211,94.3499984741211,58.202667236328125,8933900,0.0,0.0
2016-11-10 00:00:00-05:00,92.70999908447266,92.98999786376953,90.0199966430664,90.5,55.82769012451172,14941100,0.0,0.0
2016-11-11 00:00:00-05:00,90.45999908447266,90.76000213623047,88.69999694824219,88.94999694824219,54.87152099609375,7938900,0.0,0.0
2016-11-14 00:00:00-05:00,89.19999694824219,89.41000366210938,86.9000015258789,87.33000183105469,53.872169494628906,12032500,0.0,0.0
2016-11-15 00:00:00-05:00,87.5,88.27999877929688,87.2300033569336,87.5,53.977027893066406,8715900,0.0,0.0
2016-11-16 00:00:00-05:00,87.79000091552734,88.72000122070312,87.37999725341797,87.91999816894531,54.23611831665039,8201800,0.0,0.0
2016-11-17 00:00:00-05:00,88.05000305175781,89.73999786376953,87.94000244140625,89.2699966430664,55.068904876708984,8751100,0.0,0.0
2016-11-18 00:00:00-05:00,89.37999725341797,89.81999969482422,88.2699966430664,89.08999633789062,54.95786666870117,6471000,0.0,0.0
2016-11-21 00:00:00-05:00,89.08999633789062,89.68000030517578,88.95999908447266,89.62000274658203,55.284812927246094,5408600,0.0,0.0
2016-11-22 00:00:00-05:00,89.9000015258789,90.23999786376953,89.19999694824219,90.0,55.519248962402344,4837600,0.0,0.0
2016-11-23 00:00:00-05:00,89.75,89.75,88.54000091552734,88.88999938964844,54.834495544433594,4896600,0.0,0.0
2016-11-25 00:00:00-05:00,88.91999816894531,89.51000213623047,88.91999816894531,89.29000091552734,55.08124542236328,3850500,0.0,0.0
2016-11-28 00:00:00-05:00,89.37000274658203,90.3499984741211,89.29000091552734,90.23999786376953,55.667274475097656,5077200,0.0,0.0
2016-11-29 00:00:00-05:00,90.12999725341797,90.62000274658203,90.0,90.5999984741211,55.889381408691406,4130700,0.0,0.0
2016-11-30 00:00:00-05:00,90.18000030517578,90.61000061035156,88.25,88.27999877929688,54.458213806152344,8426700,0.0,0.0
2016-12-01 00:00:00-05:00,87.8499984741211,88.0999984741211,86.77999877929688,87.7699966430664,54.143592834472656,6168900,0.0,0.0
2016-12-02 00:00:00-05:00,88.16000366210938,88.69999694824219,87.63999938964844,88.08000183105469,54.33481216430664,4818400,0.0,0.0
2016-12-05 00:00:00-05:00,87.91999816894531,88.31999969482422,87.56999969482422,87.7699966430664,54.143592834472656,5204400,0.0,0.0
2016-12-06 00:00:00-05:00,87.7300033569336,88.47000122070312,87.66999816894531,88.18000030517578,54.39653015136719,3541800,0.0,0.0
2016-12-07 00:00:00-05:00,88.30999755859375,89.88999938964844,87.9000015258789,89.87000274658203,55.43903350830078,4960600,0.0,0.0
2016-12-08 00:00:00-05:00,89.36000061035156,89.80000305175781,88.70999908447266,89.38999938964844,55.1429328918457,4247100,0.0,0.0
2016-12-09 00:00:00-05:00,89.5199966430664,90.52999877929688,89.4000015258789,90.23999786376953,55.667274475097656,4298000,0.0,0.0
2016-12-12 00:00:00-05:00,90.41999816894531,91.05000305175781,90.33999633789062,90.81999969482422,56.02506637573242,3805100,0.0,0.0
2016-12-13 00:00:00-05:00,91.11000061035156,92.16000366210938,91.01000213623047,92.02999877929688,56.77149200439453,4900400,0.0,0.0
2016-12-14 00:00:00-05:00,92.26000213623047,92.62999725341797,90.20999908447266,90.72000122070312,55.963382720947266,6652000,0.0,0.0
2016-12-15 00:00:00-05:00,90.29000091552734,90.7699966430664,89.75,89.9000015258789,55.457557678222656,5550500,0.0,0.0
2016-12-16 00:00:00-05:00,90.08000183105469,91.43000030517578,89.62000274658203,91.30999755859375,56.32735061645508,7723600,0.0,0.0
2016-12-19 00:00:00-05:00,91.55000305175781,91.55000305175781,90.69000244140625,91.45999908447266,56.419857025146484,4334400,0.0,0.0
2016-12-20 00:00:00-05:00,90.41999816894531,90.7300033569336,88.9000015258789,90.69999694824219,56.59458541870117,4586800,1.04,0.0
2016-12-21 00:00:00-05:00,90.76000213623047,91.69000244140625,90.63999938964844,91.30999755859375,56.975223541259766,4294400,0.0,0.0
2016-12-22 00:00:00-05:00,91.01000213623047,91.66999816894531,90.76000213623047,91.61000061035156,57.16240692138672,3682200,0.0,0.0
2016-12-23 00:00:00-05:00,91.7300033569336,91.73999786376953,91.27999877929688,91.58000183105469,57.1436882019043,2547100,0.0,0.0
2016-12-27 00:00:00-05:00,91.52999877929688,91.79000091552734,91.08999633789062,91.33000183105469,56.987693786621094,1990800,0.0,0.0
2016-12-28 00:00:00-05:00,91.02999877929688,91.31999969482422,90.61000061035156,90.94000244140625,56.74433898925781,2290700,0.0,0.0
2016-12-29 00:00:00-05:00,90.94999694824219,92.0,90.75,91.7300033569336,57.23728942871094,3107600,0.0,0.0
2016-12-30 00:00:00-05:00,91.79000091552734,92.1500015258789,91.30000305175781,91.48999786376953,57.0875358581543,3314600,0.0,0.0
2017-01-03 00:00:00-05:00,91.79000091552734,92.0,90.91999816894531,91.2300033569336,56.92530822753906,5020900,0.0,0.0
2017-01-04 00:00:00-05:00,90.52999877929688,91.12000274658203,90.12000274658203,90.41999816894531,56.41986083984375,6695000,0.0,0.0
2017-01-05 00:00:00-05:00,90.69000244140625,91.76000213623047,90.52999877929688,91.12999725341797,56.86289596557617,4840100,0.0,0.0
2017-01-06 00:00:00-05:00,91.38999938964844,91.95999908447266,90.7300033569336,91.83999633789062,57.305931091308594,3826100,0.0,0.0
2017-01-09 00:00:00-05:00,91.08999633789062,91.44000244140625,90.83000183105469,91.30999755859375,56.975223541259766,3529300,0.0,0.0
2017-01-10 00:00:00-05:00,91.66000366210938,91.66000366210938,90.30999755859375,90.5199966430664,56.482261657714844,4203400,0.0,0.0
2017-01-11 00:00:00-05:00,90.6500015258789,90.95999908447266,90.33000183105469,90.44000244140625,56.4323616027832,3603500,0.0,0.0
2017-01-12 00:00:00-05:00,90.44999694824219,90.86000061035156,90.25,90.51000213623047,56.47604751586914,3000700,0.0,0.0
2017-01-13 00:00:00-05:00,90.41999816894531,90.69999694824219,89.97000122070312,90.4000015258789,56.40739440917969,3054600,0.0,0.0
2017-01-17 00:00:00-05:00,90.62999725341797,92.55999755859375,90.1500015258789,92.36000061035156,57.6303825378418,6363300,0.0,0.0
2017-01-18 00:00:00-05:00,92.5999984741211,93.5199966430664,92.54000091552734,93.48999786376953,58.335472106933594,5236800,0.0,0.0
2017-01-19 00:00:00-05:00,93.36000061035156,93.97000122070312,93.2300033569336,93.8499984741211,58.560115814208984,5563300,0.0,0.0
2017-01-20 00:00:00-05:00,94.12999725341797,94.68000030517578,94.06999969482422,94.56999969482422,59.009376525878906,5628700,0.0,0.0
2017-01-23 00:00:00-05:00,94.61000061035156,94.80999755859375,94.31999969482422,94.76000213623047,59.1279296875,3350300,0.0,0.0
2017-01-24 00:00:00-05:00,94.91999816894531,95.94000244140625,94.87999725341797,95.77999877929688,59.76438522338867,4945300,0.0,0.0
2017-01-25 00:00:00-05:00,95.66999816894531,96.97000122070312,95.48999786376953,96.38999938964844,60.145023345947266,5353000,0.0,0.0
2017-01-26 00:00:00-05:00,96.55999755859375,96.88999938964844,96.26000213623047,96.36000061035156,60.126285552978516,3524500,0.0,0.0
2017-01-27 00:00:00-05:00,96.58000183105469,96.83999633789062,95.83000183105469,96.31999969482422,60.10133743286133,3055200,0.0,0.0
2017-01-30 00:00:00-05:00,96.51000213623047,96.5199966430664,95.62999725341797,95.95999908447266,59.8767204284668,3403200,0.0,0.0
2017-01-31 00:00:00-05:00,96.11000061035156,96.38999938964844,95.75,96.12999725341797,59.982784271240234,4173400,0.0,0.0
2017-02-01 00:00:00-05:00,95.61000061035156,97.0,95.19999694824219,95.94999694824219,59.87046432495117,5263800,0.0,0.0
2017-02-02 00:00:00-05:00,97.93000030517578,99.31999969482422,97.25,98.83999633789062,61.67373275756836,6169600,0.0,0.0
2017-02-03 00:00:00-05:00,99.18000030517578,101.43000030517578,99.0999984741211,101.11000061035156,63.09020233154297,6655200,0.0,0.0
2017-02-06 00:00:00-05:00,100.83000183105469,100.83999633789062,99.91999816894531,100.0,62.39756774902344,5905700,0.0,0.0
2017-02-07 00:00:00-05:00,100.0,101.77999877929688,99.94000244140625,101.62999725341797,63.41465377807617,5450100,0.0,0.0
2017-02-08 00:00:00-05:00,101.44999694824219,102.98999786376953,101.38999938964844,102.62999725341797,64.03860473632812,4881500,0.0,0.0
2017-02-09 00:00:00-05:00,102.33000183105469,102.91000366210938,101.7300033569336,102.7699966430664,64.12596130371094,3125800,0.0,0.0
2017-02-10 00:00:00-05:00,102.31999969482422,102.83999633789062,101.79000091552734,102.62999725341797,64.03860473632812,3412700,0.0,0.0
2017-02-13 00:00:00-05:00,102.80999755859375,103.12999725341797,102.19999694824219,102.7300033569336,64.10102844238281,2886500,0.0,0.0
2017-02-14 00:00:00-05:00,102.66999816894531,102.88999938964844,101.79000091552734,102.58000183105469,64.00741577148438,3311900,0.0,0.0
2017-02-15 00:00:00-05:00,102.29000091552734,103.04000091552734,101.7699966430664,102.93000030517578,64.22579193115234,3396000,0.0,0.0
2017-02-16 00:00:00-05:00,102.9000015258789,103.12999725341797,102.31999969482422,102.98999786376953,64.26323699951172,4888600,0.0,0.0
2017-02-17 00:00:00-05:00,102.93000030517578,103.7300033569336,102.7699966430664,103.66000366210938,64.68131256103516,5093000,0.0,0.0
2017-02-21 00:00:00-05:00,103.37000274658203,104.75,103.05000305175781,104.55999755859375,65.24288940429688,4570200,0.0,0.0
2017-02-22 00:00:00-05:00,104.48999786376953,104.87000274658203,103.80000305175781,104.52999877929688,65.22417449951172,3660500,0.0,0.0
2017-02-23 00:00:00-05:00,104.94999694824219,106.66999816894531,104.76000213623047,106.5199966430664,66.46587371826172,4286100,0.0,0.0
2017-02-24 00:00:00-05:00,106.44000244140625,107.7699966430664,105.80000305175781,107.72000122070312,67.21467590332031,5549700,0.0,0.0
2017-02-27 00:00:00-05:00,107.52999877929688,108.9000015258789,107.2300033569336,108.69999694824219,67.826171875,5557300,0.0,0.0
2017-02-28 00:00:00-05:00,108.30999755859375,109.98999786376953,108.30000305175781,109.3499984741211,68.23175048828125,7336600,0.0,0.0
2017-03-01 00:00:00-05:00,109.0,110.30000305175781,108.68000030517578,110.22000122070312,68.77459716796875,5140700,0.0,0.0
2017-03-02 00:00:00-05:00,110.0,110.30000305175781,109.5199966430664,109.80000305175781,68.51252746582031,4419500,0.0,0.0
2017-03-03 00:00:00-05:00,109.61000061035156,110.25,109.2699966430664,110.20999908447266,68.76834869384766,3722400,0.0,0.0
2017-03-06 00:00:00-05:00,109.80999755859375,110.16999816894531,109.45999908447266,109.7300033569336,68.4688491821289,7192100,0.0,0.0
2017-03-07 00:00:00-05:00,109.5199966430664,110.63999938964844,109.5,110.55000305175781,68.98052215576172,3929100,0.0,0.0
2017-03-08 00:00:00-05:00,110.19000244140625,110.5,109.38999938964844,109.72000122070312,68.46259307861328,3681100,0.0,0.0
2017-03-09 00:00:00-05:00,109.9800033569336,110.5,109.70999908447266,110.27999877929688,68.81202697753906,3465900,0.0,0.0
2017-03-10 00:00:00-05:00,110.5,110.70999908447266,110.0999984741211,110.54000091552734,68.97427368164062,5141600,0.0,0.0
2017-03-13 00:00:00-04:00,110.66999816894531,111.0999984741211,110.38999938964844,111.0199966430664,69.2737808227539,3166300,0.0,0.0
2017-03-14 00:00:00-04:00,110.72000122070312,111.37999725341797,110.41999816894531,110.7699966430664,69.11779022216797,3518600,0.0,0.0
2017-03-15 00:00:00-04:00,111.0,112.76000213623047,110.95999908447266,112.41999816894531,70.1473617553711,3665600,0.0,0.0
2017-03-16 00:00:00-04:00,112.80000305175781,112.94999694824219,112.02999877929688,112.69999694824219,70.32205200195312,4002000,0.0,0.0
2017-03-17 00:00:00-04:00,113.19999694824219,114.45999908447266,112.7300033569336,113.0,70.50923156738281,8831000,0.0,0.0
2017-03-20 00:00:00-04:00,113.04000091552734,114.11000061035156,113.0,114.01000213623047,71.13946533203125,5682600,0.0,0.0
2017-03-21 00:00:00-04:00,113.30000305175781,114.6500015258789,113.19000244140625,113.48999786376953,71.46692657470703,6947200,1.04,0.0
2017-03-22 00:00:00-04:00,113.9000015258789,114.0999984741211,112.8499984741211,113.0,71.15835571289062,5343100,0.0,0.0
2017-03-23 00:00:00-04:00,112.83000183105469,113.80999755859375,112.68000030517578,112.94999694824219,71.1268539428711,4522100,0.0,0.0
2017-03-24 00:00:00-04:00,112.31999969482422,112.31999969482422,110.01000213623047,111.79000091552734,70.39641571044922,6601600,0.0,0.0
2017-03-27 00:00:00-04:00,111.2300033569336,112.56999969482422,110.80000305175781,112.37999725341797,70.7679214477539,4521600,0.0,0.0
2017-03-28 00:00:00-04:00,112.13999938964844,112.94999694824219,111.58999633789062,112.80000305175781,71.03241729736328,4000900,0.0,0.0
2017-03-29 00:00:00-04:00,112.73999786376953,113.52999877929688,112.47000122070312,113.4000015258789,71.41027069091797,3613200,0.0,0.0
2017-03-30 00:00:00-04:00,113.16000366210938,114.05999755859375,112.87000274658203,113.5199966430664,71.48579406738281,2968100,0.0,0.0
2017-03-31 00:00:00-04:00,113.54000091552734,113.72000122070312,112.87000274658203,112.9000015258789,71.09540557861328,3790700,0.0,0.0
2017-04-03 00:00:00-04:00,112.91000366210938,113.4000015258789,112.55000305175781,112.91000366210938,71.1016845703125,3333400,0.0,0.0
2017-04-04 00:00:00-04:00,113.16999816894531,113.66999816894531,113.04000091552734,113.44999694824219,71.44174194335938,7336000,0.0,0.0
2017-04-05 00:00:00-04:00,113.5,114.05999755859375,113.05999755859375,113.19000244140625,71.27802276611328,4072800,0.0,0.0
2017-04-06 00:00:00-04:00,113.37999725341797,113.7699966430664,112.37999725341797,112.58999633789062,70.90017700195312,4358900,0.0,0.0
2017-04-07 00:00:00-04:00,112.86000061035156,114.0199966430664,112.83000183105469,113.5999984741211,71.53617095947266,5636900,0.0,0.0
2017-04-10 00:00:00-04:00,113.5999984741211,113.97000122070312,112.83000183105469,113.05000305175781,71.18983459472656,4973500,0.0,0.0
2017-04-11 00:00:00-04:00,113.4800033569336,113.68000030517578,113.0,113.41999816894531,71.42283630371094,3587100,0.0,0.0
2017-04-12 00:00:00-04:00,113.69000244140625,113.94999694824219,113.25,113.77999877929688,71.64952850341797,4141800,0.0,0.0
2017-04-13 00:00:00-04:00,113.4800033569336,113.77999877929688,112.94000244140625,113.05999755859375,71.1961441040039,3098300,0.0,0.0
2017-04-17 00:00:00-04:00,113.13999938964844,114.87000274658203,113.13999938964844,114.73999786376953,72.25408935546875,4105500,0.0,0.0
2017-04-18 00:00:00-04:00,114.69000244140625,115.62999725341797,114.58000183105469,115.20999908447266,72.55001068115234,5275000,0.0,0.0
2017-04-19 00:00:00-04:00,115.08000183105469,115.1500015258789,113.70999908447266,113.91000366210938,71.73139953613281,3688400,0.0,0.0
2017-04-20 00:00:00-04:00,109.1500015258789,110.7300033569336,108.55999755859375,109.9800033569336,69.25660705566406,9707200,0.0,0.0
2017-04-21 00:00:00-04:00,109.77999877929688,110.2699966430664,109.5,109.62000274658203,69.02989959716797,4695700,0.0,0.0
2017-04-24 00:00:00-04:00,110.4800033569336,112.75,110.33999633789062,112.38999938964844,70.77422332763672,4382900,0.0,0.0
2017-04-25 00:00:00-04:00,112.37999725341797,113.44999694824219,112.0,113.08999633789062,71.21504211425781,3827400,0.0,0.0
2017-04-26 00:00:00-04:00,112.86000061035156,113.0,111.08999633789062,111.1500015258789,69.99339294433594,3778400,0.0,0.0
2017-04-27 00:00:00-04:00,111.19999694824219,111.44000244140625,110.0,110.19000244140625,69.38884735107422,5509600,0.0,0.0
2017-04-28 00:00:00-04:00,110.12999725341797,110.91000366210938,109.7300033569336,110.83999633789062,69.79816436767578,3694300,0.0,0.0
2017-05-01 00:00:00-04:00,111.0,111.08000183105469,110.52999877929688,110.55000305175781,69.61556243896484,2350200,0.0,0.0
2017-05-02 00:00:00-04:00,110.5999984741211,110.83000183105469,110.25,110.47000122070312,69.56517791748047,2926300,0.0,0.0
2017-05-03 00:00:00-04:00,110.4000015258789,110.87000274658203,109.94999694824219,110.61000061035156,69.65335083007812,2915500,0.0,0.0
2017-05-04 00:00:00-04:00,110.88999938964844,111.75,110.55000305175781,111.19999694824219,70.02485656738281,3496000,0.0,0.0
2017-05-05 00:00:00-04:00,111.51000213623047,112.30000305175781,111.33000183105469,112.25,70.68605041503906,2883200,0.0,0.0
2017-05-08 00:00:00-04:00,112.08999633789062,112.6500015258789,111.88999938964844,112.62999725341797,70.92536163330078,3688200,0.0,0.0
2017-05-09 00:00:00-04:00,112.94000244140625,112.94000244140625,110.94000244140625,111.93000030517578,70.48455810546875,4491600,0.0,0.0
2017-05-10 00:00:00-04:00,111.69999694824219,112.11000061035156,110.62999725341797,110.83000183105469,69.79183959960938,3623800,0.0,0.0
2017-05-11 00:00:00-04:00,110.7300033569336,111.41000366210938,110.08999633789062,111.19000244140625,70.01858520507812,3581600,0.0,0.0
2017-05-12 00:00:00-04:00,110.95999908447266,111.80000305175781,110.80000305175781,111.70999908447266,70.34600067138672,2407500,0.0,0.0
2017-05-15 00:00:00-04:00,111.88999938964844,112.47000122070312,111.6500015258789,112.36000061035156,70.75532531738281,2332000,0.0,0.0
2017-05-16 00:00:00-04:00,112.94999694824219,114.36000061035156,112.61000061035156,113.5199966430664,71.48579406738281,3851100,0.0,0.0
2017-05-17 00:00:00-04:00,113.5199966430664,114.7300033569336,113.0999984741211,113.75,71.6306381225586,4562800,0.0,0.0
2017-05-18 00:00:00-04:00,113.77999877929688,114.29000091552734,113.29000091552734,113.58000183105469,71.52360534667969,3350700,0.0,0.0
2017-05-19 00:00:00-04:00,113.98999786376953,115.2699966430664,113.5,114.73999786376953,72.25408935546875,4236100,0.0,0.0
2017-05-22 00:00:00-04:00,115.02999877929688,116.37000274658203,114.87000274658203,116.22000122070312,73.1860580444336,3687600,0.0,0.0
2017-05-23 00:00:00-04:00,116.18000030517578,117.58999633789062,116.0999984741211,116.45999908447266,73.3371810913086,3796000,0.0,0.0
2017-05-24 00:00:00-04:00,116.86000061035156,117.5199966430664,116.25,117.43000030517578,73.9480209350586,2618600,0.0,0.0
2017-05-25 00:00:00-04:00,117.79000091552734,119.77999877929688,117.63999938964844,119.4800033569336,75.23894500732422,3072900,0.0,0.0
2017-05-26 00:00:00-04:00,119.25,119.87999725341797,118.95999908447266,119.83000183105469,75.45934295654297,2243100,0.0,0.0
2017-05-30 00:00:00-04:00,119.25,120.19000244140625,118.98999786376953,119.94999694824219,75.534912109375,2860300,0.0,0.0
2017-05-31 00:00:00-04:00,120.4800033569336,121.11000061035156,119.7699966430664,119.80000305175781,75.44046020507812,4719000,0.0,0.0
2017-06-01 00:00:00-04:00,120.0,120.93000030517578,119.27999877929688,120.9000015258789,76.13316345214844,4730000,0.0,0.0
2017-06-02 00:00:00-04:00,121.3499984741211,121.81999969482422,120.52999877929688,121.79000091552734,76.69358825683594,3133300,0.0,0.0
2017-06-05 00:00:00-04:00,121.5,122.0,120.80999755859375,121.97000122070312,76.80693817138672,2625500,0.0,0.0
2017-06-06 00:00:00-04:00,121.7699966430664,122.9000015258789,121.44999694824219,122.0,76.82584381103516,3583100,0.0,0.0
2017-06-07 00:00:00-04:00,121.95999908447266,122.87000274658203,121.56999969482422,122.30000305175781,77.0147476196289,3235800,0.0,0.0
2017-06-08 00:00:00-04:00,122.30000305175781,122.30000305175781,120.5199966430664,121.11000061035156,76.26539611816406,4088500,0.0,0.0
2017-06-09 00:00:00-04:00,120.97000122070312,121.5,119.79000091552734,120.12000274658203,75.6419677734375,4160000,0.0,0.0
2017-06-12 00:00:00-04:00,120.12000274658203,120.30999755859375,118.86000061035156,119.16999816894531,75.04373168945312,4786700,0.0,0.0
2017-06-13 00:00:00-04:00,118.87000274658203,119.01000213623047,118.04000091552734,118.69000244140625,74.74146270751953,4336000,0.0,0.0
2017-06-14 00:00:00-04:00,119.0,120.2300033569336,118.91000366210938,119.75,75.40896606445312,3780300,0.0,0.0
2017-06-15 00:00:00-04:00,119.2300033569336,120.86000061035156,119.0199966430664,120.51000213623047,75.88754272460938,3854700,0.0,0.0
2017-06-16 00:00:00-04:00,119.87999725341797,121.97000122070312,119.87999725341797,121.83999633789062,76.72508239746094,7117900,0.0,0.0
2017-06-19 00:00:00-04:00,122.05999755859375,122.9800033569336,121.72000122070312,122.9000015258789,77.39259338378906,2983900,0.0,0.0
2017-06-20 00:00:00-04:00,122.7300033569336,123.55000305175781,122.01000213623047,122.11000061035156,76.89511108398438,3051700,0.0,0.0
2017-06-21 00:00:00-04:00,121.0999984741211,121.83999633789062,120.13999938964844,120.19000244140625,76.33621215820312,3180600,1.04,0.0
2017-06-22 00:00:00-04:00,120.1500015258789,120.20999908447266,119.6500015258789,119.70999908447266,76.03132629394531,2209900,0.0,0.0
2017-06-23 00:00:00-04:00,119.8499984741211,120.1500015258789,119.44999694824219,119.55999755859375,75.93607330322266,3391400,0.0,0.0
2017-06-26 00:00:00-04:00,119.69000244140625,120.11000061035156,119.43000030517578,119.51000213623047,75.90430450439453,1789400,0.0,0.0
2017-06-27 00:00:00-04:00,119.5999984741211,120.19999694824219,117.83999633789062,118.13999938964844,75.03416442871094,3972400,0.0,0.0
2017-06-28 00:00:00-04:00,118.69999694824219,119.52999877929688,118.4000015258789,118.93000030517578,75.53591918945312,1848000,0.0,0.0
2017-06-29 00:00:00-04:00,118.4000015258789,118.44000244140625,116.7300033569336,117.08000183105469,74.3609390258789,3227300,0.0,0.0
2017-06-30 00:00:00-04:00,117.2300033569336,118.4000015258789,117.08999633789062,117.44999694824219,74.59593200683594,3222900,0.0,0.0
2017-07-03 00:00:00-04:00,117.86000061035156,117.93000030517578,116.66000366210938,116.9000015258789,74.24662780761719,1632700,0.0,0.0
2017-07-05 00:00:00-04:00,116.16999816894531,118.72000122070312,116.16999816894531,118.54000091552734,75.2882308959961,3667900,0.0,0.0
2017-07-06 00:00:00-04:00,118.20999908447266,118.62999725341797,117.87000274658203,118.3499984741211,75.16756439208984,3831000,0.0,0.0
2017-07-07 00:00:00-04:00,118.55999755859375,118.6500015258789,117.41000366210938,117.9000015258789,74.88175964355469,2713100,0.0,0.0
2017-07-10 00:00:00-04:00,117.9800033569336,118.97000122070312,117.86000061035156,118.16000366210938,75.046875,2492400,0.0,0.0
2017-07-11 00:00:00-04:00,118.3499984741211,118.3499984741211,116.98999786376953,117.20999908447266,74.44351196289062,3465600,0.0,0.0
2017-07-12 00:00:00-04:00,118.1500015258789,118.58999633789062,117.56999969482422,118.2300033569336,75.09134674072266,2949200,0.0,0.0
2017-07-13 00:00:00-04:00,118.31999969482422,118.44999694824219,117.44000244140625,117.51000213623047,74.6340560913086,3770400,0.0,0.0
2017-07-14 00:00:00-04:00,118.0199966430664,119.48999786376953,118.0,119.12999725341797,75.66297149658203,3826800,0.0,0.0
2017-07-17 00:00:00-04:00,119.44000244140625,119.6500015258789,118.80000305175781,119.0,75.58039093017578,2841200,0.0,0.0
2017-07-18 00:00:00-04:00,119.0,120.0,118.66000366210938,119.63999938964844,75.98686218261719,3217800,0.0,0.0
2017-07-19 00:00:00-04:00,119.51000213623047,121.69000244140625,119.41999816894531,121.62000274658203,77.24442291259766,5003800,0.0,0.0
2017-07-20 00:00:00-04:00,118.66000366210938,121.16000366210938,117.55000305175781,119.86000061035156,76.1266098022461,6564100,0.0,0.0
2017-07-21 00:00:00-04:00,119.56999969482422,119.83999633789062,118.72000122070312,119.58000183105469,75.94876861572266,3543600,0.0,0.0
2017-07-24 00:00:00-04:00,119.43000030517578,120.0,118.83999633789062,118.88999938964844,75.51052856445312,3935500,0.0,0.0
2017-07-25 00:00:00-04:00,119.52999877929688,119.73999786376953,117.76000213623047,117.81999969482422,74.83092498779297,4991700,0.0,0.0
2017-07-26 00:00:00-04:00,117.93000030517578,118.58999633789062,117.5,117.6500015258789,74.72295379638672,4110900,0.0,0.0
2017-07-27 00:00:00-04:00,117.6500015258789,118.76000213623047,117.47000122070312,118.19000244140625,75.06593322753906,4439800,0.0,0.0
2017-07-28 00:00:00-04:00,118.20999908447266,118.91999816894531,109.30999755859375,118.51000213623047,75.26918029785156,15993900,0.0,0.0
2017-07-31 00:00:00-04:00,117.12999725341797,118.25,116.61000061035156,116.70999908447266,74.12593078613281,6421800,0.0,0.0
2017-08-01 00:00:00-04:00,117.01000213623047,117.37999725341797,115.66999816894531,115.87999725341797,73.59879302978516,5708400,0.0,0.0
2017-08-02 00:00:00-04:00,115.80999755859375,115.80999755859375,113.87999725341797,114.45999908447266,72.6968994140625,5701500,0.0,0.0
2017-08-03 00:00:00-04:00,114.79000091552734,115.5199966430664,114.16999816894531,114.48999786376953,72.7159423828125,4265500,0.0,0.0
2017-08-04 00:00:00-04:00,115.43000030517578,115.44999694824219,113.91000366210938,114.76000213623047,72.88743591308594,4568000,0.0,0.0
2017-08-07 00:00:00-04:00,114.75,115.88999938964844,114.68000030517578,115.86000061035156,73.58607482910156,3844900,0.0,0.0
2017-08-08 00:00:00-04:00,115.48999786376953,115.55000305175781,114.55000305175781,114.66999816894531,72.83026123046875,2813200,0.0,0.0
2017-08-09 00:00:00-04:00,114.98999786376953,115.80000305175781,114.56999969482422,115.41000366210938,73.30027770996094,2512400,0.0,0.0
2017-08-10 00:00:00-04:00,115.02999877929688,115.5,114.06999969482422,114.22000122070312,72.54449462890625,3519100,0.0,0.0
2017-08-11 00:00:00-04:00,115.05000305175781,115.41999816894531,114.0199966430664,114.87999725341797,72.96363067626953,2653800,0.0,0.0
2017-08-14 00:00:00-04:00,114.88999938964844,115.11000061035156,114.47000122070312,114.76000213623047,72.88743591308594,3245000,0.0,0.0
2017-08-15 00:00:00-04:00,114.88999938964844,117.12999725341797,114.77999877929688,116.81999969482422,74.19579315185547,4005800,0.0,0.0
2017-08-16 00:00:00-04:00,116.7699966430664,117.9800033569336,116.38999938964844,117.7300033569336,74.77375793457031,3106100,0.0,0.0
2017-08-17 00:00:00-04:00,117.75,118.29000091552734,115.66999816894531,115.93000030517578,73.63055419921875,3269000,0.0,0.0
2017-08-18 00:00:00-04:00,115.75,115.94999694824219,114.66999816894531,115.33000183105469,73.24947357177734,4178200,0.0,0.0
2017-08-21 00:00:00-04:00,115.29000091552734,116.48999786376953,115.08000183105469,116.25,73.83379364013672,2442300,0.0,0.0
2017-08-22 00:00:00-04:00,116.33999633789062,117.0,115.76000213623047,116.2300033569336,73.82108306884766,1882100,0.0,0.0
2017-08-23 00:00:00-04:00,116.01000213623047,116.45999908447266,115.0199966430664,115.45999908447266,73.33204650878906,2190000,0.0,0.0
2017-08-24 00:00:00-04:00,115.66000366210938,116.11000061035156,114.0999984741211,114.5199966430664,72.73501586914062,2806000,0.0,0.0
2017-08-25 00:00:00-04:00,115.19000244140625,115.41000366210938,114.4800033569336,114.80000305175781,72.912841796875,3109500,0.0,0.0
2017-08-28 00:00:00-04:00,115.22000122070312,115.70999908447266,114.73999786376953,115.54000091552734,73.38284301757812,2736600,0.0,0.0
2017-08-29 00:00:00-04:00,115.16000366210938,116.8499984741211,114.87000274658203,116.55000305175781,74.0243148803711,2741900,0.0,0.0
2017-08-30 00:00:00-04:00,116.0,117.0,115.55999755859375,116.43000030517578,73.94810485839844,2903600,0.0,0.0
2017-08-31 00:00:00-04:00,116.7300033569336,117.20999908447266,116.26000213623047,116.93000030517578,74.26567840576172,4283000,0.0,0.0
2017-09-01 00:00:00-04:00,117.16999816894531,117.94000244140625,116.87999725341797,117.83000183105469,74.83728790283203,3036800,0.0,0.0
2017-09-05 00:00:00-04:00,117.41999816894531,117.75,116.62999725341797,117.66999816894531,74.73565673828125,3061600,0.0,0.0
2017-09-06 00:00:00-04:00,118.0,119.0999984741211,117.48999786376953,118.62000274658203,75.33903503417969,3660400,0.0,0.0
2017-09-07 00:00:00-04:00,118.23999786376953,119.43000030517578,117.13999938964844,118.91999816894531,75.5295639038086,3577200,0.0,0.0
2017-09-08 00:00:00-04:00,119.05999755859375,119.19000244140625,116.72000122070312,117.05999755859375,74.34823608398438,3660000,0.0,0.0
2017-09-11 00:00:00-04:00,117.58000183105469,118.44000244140625,117.58000183105469,117.93000030517578,74.90080261230469,2900900,0.0,0.0
2017-09-12 00:00:00-04:00,118.06999969482422,118.16999816894531,116.2699966430664,117.05000305175781,74.34188842773438,2461300,0.0,0.0
2017-09-13 00:00:00-04:00,116.73999786376953,117.4800033569336,116.7300033569336,116.86000061035156,74.22122192382812,2680900,0.0,0.0
2017-09-14 00:00:00-04:00,116.86000061035156,117.05999755859375,116.20999908447266,116.7300033569336,74.1386489868164,3596500,0.0,0.0
2017-09-15 00:00:00-04:00,116.58000183105469,116.7300033569336,115.05000305175781,115.79000091552734,73.5416259765625,5992400,0.0,0.0
2017-09-18 00:00:00-04:00,115.69000244140625,116.19000244140625,115.12000274658203,116.08000183105469,73.72581481933594,2998500,0.0,0.0
2017-09-19 00:00:00-04:00,115.98999786376953,116.06999969482422,114.94000244140625,115.36000061035156,73.26851654052734,3105600,0.0,0.0
2017-09-20 00:00:00-04:00,115.44000244140625,115.62000274658203,112.77999877929688,113.43000030517578,72.042724609375,3822300,0.0,0.0
2017-09-21 00:00:00-04:00,113.30000305175781,113.66999816894531,112.75,112.91999816894531,71.71880340576172,2887700,0.0,0.0
2017-09-22 00:00:00-04:00,113.05999755859375,113.20999908447266,112.27999877929688,112.51000213623047,71.4583969116211,2999000,0.0,0.0
2017-09-25 00:00:00-04:00,112.7699966430664,113.68000030517578,112.37000274658203,113.25,71.92838287353516,4734900,0.0,0.0
2017-09-26 00:00:00-04:00,112.27999877929688,113.33000183105469,112.0999984741211,112.20999908447266,71.9476318359375,3537400,1.07,0.0
2017-09-27 00:00:00-04:00,111.98999786376953,112.19000244140625,111.1500015258789,111.61000061035156,71.56291961669922,3719400,0.0,0.0
2017-09-28 00:00:00-04:00,112.16999816894531,112.37999725341797,111.55000305175781,111.80000305175781,71.68475341796875,3479100,0.0,0.0
2017-09-29 00:00:00-04:00,111.77999877929688,112.29000091552734,110.94000244140625,111.01000213623047,71.17822265625,3912800,0.0,0.0
2017-10-02 00:00:00-04:00,111.2300033569336,111.7300033569336,110.61000061035156,110.87000274658203,71.08843994140625,3403300,0.0,0.0
2017-10-03 00:00:00-04:00,110.66000366210938,110.69000244140625,110.05000305175781,110.19000244140625,70.65245056152344,2903000,0.0,0.0
2017-10-04 00:00:00-04:00,110.4800033569336,111.9000015258789,110.16000366210938,111.41999816894531,71.44109344482422,4161800,0.0,0.0
2017-10-05 00:00:00-04:00,111.45999908447266,112.0199966430664,111.27999877929688,111.54000091552734,71.5180435180664,4904300,0.0,0.0
2017-10-06 00:00:00-04:00,111.4800033569336,111.73999786376953,110.70999908447266,111.2699966430664,71.34491729736328,5642200,0.0,0.0
2017-10-09 00:00:00-04:00,111.58000183105469,114.58000183105469,111.54000091552734,113.37000274658203,72.6914291381836,3292500,0.0,0.0
2017-10-10 00:00:00-04:00,114.12000274658203,115.27999877929688,113.93000030517578,115.16999816894531,73.84553527832031,3930600,0.0,0.0
2017-10-11 00:00:00-04:00,114.87000274658203,115.1500015258789,113.80000305175781,114.26000213623047,73.2620849609375,3374000,0.0,0.0
2017-10-12 00:00:00-04:00,114.66000366210938,114.75,113.5,114.52999877929688,73.43519592285156,3100400,0.0,0.0
2017-10-13 00:00:00-04:00,114.95999908447266,115.1500015258789,113.9000015258789,113.98999786376953,73.08893585205078,2658100,0.0,0.0
2017-10-16 00:00:00-04:00,114.05000305175781,114.4000015258789,113.44000244140625,113.5199966430664,72.78758239746094,2559600,0.0,0.0
2017-10-17 00:00:00-04:00,113.12000274658203,113.41000366210938,112.43000030517578,112.6500015258789,72.229736328125,3997700,0.0,0.0
2017-10-18 00:00:00-04:00,112.62000274658203,112.88999938964844,112.23999786376953,112.51000213623047,72.1399917602539,3442000,0.0,0.0
2017-10-19 00:00:00-04:00,109.04000091552734,111.86000061035156,107.01000213623047,108.1500015258789,69.34439849853516,9606600,0.0,0.0
2017-10-20 00:00:00-04:00,108.55999755859375,109.5199966430664,108.0,109.5199966430664,70.22283935546875,6177200,0.0,0.0
2017-10-23 00:00:00-04:00,109.44999694824219,110.2699966430664,109.12000274658203,109.36000061035156,70.12024688720703,3762100,0.0,0.0
2017-10-24 00:00:00-04:00,109.16999816894531,109.66999816894531,108.16000366210938,108.56999969482422,69.61370849609375,4117700,0.0,0.0
2017-10-25 00:00:00-04:00,108.41000366210938,108.8499984741211,106.75,107.0,68.6070556640625,4060400,0.0,0.0
2017-10-26 00:00:00-04:00,107.5,107.8499984741211,106.86000061035156,106.93000030517578,68.56217193603516,3468100,0.0,0.0
2017-10-27 00:00:00-04:00,106.66000366210938,107.0199966430664,105.75,105.94000244140625,67.92738342285156,5067400,0.0,0.0
2017-10-30 00:00:00-04:00,105.70999908447266,105.80000305175781,104.55999755859375,104.69999694824219,67.13230895996094,5021400,0.0,0.0
2017-10-31 00:00:00-04:00,104.75,105.19999694824219,104.26000213623047,104.63999938964844,67.09385681152344,5419200,0.0,0.0
2017-11-01 00:00:00-04:00,104.77999877929688,105.0,103.63999938964844,103.75,66.52318572998047,4102200,0.0,0.0
2017-11-02 00:00:00-04:00,103.70999908447266,103.8499984741211,102.44999694824219,102.80000305175781,65.91405487060547,4601500,0.0,0.0
2017-11-03 00:00:00-04:00,103.0,103.05000305175781,102.4800033569336,102.66000366210938,65.82428741455078,3064300,0.0,0.0
2017-11-06 00:00:00-05:00,102.62000274658203,103.08999633789062,101.58000183105469,102.13999938964844,65.49085998535156,4167000,0.0,0.0
2017-11-07 00:00:00-05:00,102.05999755859375,103.16000366210938,101.94000244140625,103.0199966430664,66.05512237548828,3901900,0.0,0.0
2017-11-08 00:00:00-05:00,103.0199966430664,103.38999938964844,102.66000366210938,103.08999633789062,66.0999984741211,4882700,0.0,0.0
2017-11-09 00:00:00-05:00,102.91000366210938,103.0999984741211,102.18000030517578,102.45999908447266,65.69602966308594,3427700,0.0,0.0
2017-11-10 00:00:00-05:00,102.08999633789062,103.27999877929688,102.05000305175781,103.0199966430664,66.05512237548828,4935200,0.0,0.0
2017-11-13 00:00:00-05:00,103.11000061035156,103.81999969482422,103.0,103.51000213623047,66.36930847167969,3864600,0.0,0.0
2017-11-14 00:00:00-05:00,103.38999938964844,103.7699966430664,102.62999725341797,102.72000122070312,65.8627700805664,4736100,0.0,0.0
2017-11-15 00:00:00-05:00,102.31999969482422,102.5999984741211,101.63999938964844,102.05000305175781,65.43316650390625,4928400,0.0,0.0
2017-11-16 00:00:00-05:00,102.5,103.45999908447266,102.45999908447266,102.66000366210938,65.82428741455078,3207000,0.0,0.0
2017-11-17 00:00:00-05:00,102.20999908447266,103.01000213623047,102.01000213623047,102.63999938964844,65.81146240234375,4084500,0.0,0.0
2017-11-20 00:00:00-05:00,102.66000366210938,103.73999786376953,102.51000213623047,102.54000091552734,65.74735260009766,4779700,0.0,0.0
2017-11-21 00:00:00-05:00,102.93000030517578,103.94000244140625,102.83000183105469,103.36000061035156,66.27310943603516,4224000,0.0,0.0
2017-11-22 00:00:00-05:00,103.41000366210938,103.75,103.19000244140625,103.54000091552734,66.38853454589844,3658100,0.0,0.0
2017-11-24 00:00:00-05:00,103.80000305175781,103.9000015258789,102.9800033569336,103.18000030517578,66.15771484375,1970500,0.0,0.0
2017-11-27 00:00:00-05:00,103.25,103.30999755859375,102.72000122070312,102.72000122070312,65.8627700805664,3377100,0.0,0.0
2017-11-28 00:00:00-05:00,102.81999969482422,103.05999755859375,102.44000244140625,102.87999725341797,65.96533203125,4687700,0.0,0.0
2017-11-29 00:00:00-05:00,102.5199966430664,103.16999816894531,102.01000213623047,102.68000030517578,65.83711242675781,4343800,0.0,0.0
2017-11-30 00:00:00-05:00,102.70999908447266,103.37000274658203,102.61000061035156,102.75,65.88199615478516,7123200,0.0,0.0
2017-12-01 00:00:00-05:00,103.2699966430664,103.79000091552734,102.1500015258789,103.70999908447266,66.49752044677734,6318600,0.0,0.0
2017-12-04 00:00:00-05:00,103.95999908447266,104.83999633789062,103.04000091552734,104.61000061035156,67.07460021972656,5179400,0.0,0.0
2017-12-05 00:00:00-05:00,105.48999786376953,105.56999969482422,104.33999633789062,105.45999908447266,67.61959838867188,4916200,0.0,0.0
2017-12-06 00:00:00-05:00,106.62999725341797,107.93000030517578,105.2699966430664,107.5999984741211,68.99176025390625,5108900,0.0,0.0
2017-12-07 00:00:00-05:00,107.47000122070312,107.47000122070312,106.2300033569336,106.69999694824219,68.4146728515625,4040000,0.0,0.0
2017-12-08 00:00:00-05:00,106.51000213623047,106.68000030517578,105.5,106.58999633789062,68.34414672851562,4611900,0.0,0.0
2017-12-11 00:00:00-05:00,106.5999984741211,106.5999984741211,105.80000305175781,106.04000091552734,67.99150085449219,3049000,0.0,0.0
2017-12-12 00:00:00-05:00,106.2300033569336,107.9800033569336,105.87000274658203,107.30000305175781,68.79940032958984,4428300,0.0,0.0
2017-12-13 00:00:00-05:00,107.08999633789062,108.66999816894531,106.9800033569336,108.23999786376953,69.4021224975586,5898400,0.0,0.0
2017-12-14 00:00:00-05:00,108.0199966430664,108.5199966430664,107.23999786376953,107.68000030517578,69.04303741455078,4648300,0.0,0.0
2017-12-15 00:00:00-05:00,108.43000030517578,110.2699966430664,108.43000030517578,109.68000030517578,70.32544708251953,11082900,0.0,0.0
2017-12-18 00:00:00-05:00,109.76000213623047,110.12999725341797,107.80000305175781,107.97000122070312,69.22898864746094,4541600,0.0,0.0
2017-12-19 00:00:00-05:00,108.44000244140625,108.81999969482422,108.02999877929688,108.12000274658203,69.32518005371094,4371700,0.0,0.0
2017-12-20 00:00:00-05:00,106.0,106.0,103.56999969482422,104.37000274658203,67.58961486816406,7359900,1.07,0.0
2017-12-21 00:00:00-05:00,104.5,105.30999755859375,104.47000122070312,104.77999877929688,67.85514068603516,3831000,0.0,0.0
2017-12-22 00:00:00-05:00,104.83000183105469,105.44999694824219,104.5199966430664,104.6500015258789,67.77094268798828,2496200,0.0,0.0
2017-12-26 00:00:00-05:00,104.77999877929688,104.83000183105469,103.7699966430664,104.11000061035156,67.42123413085938,2311500,0.0,0.0
2017-12-27 00:00:00-05:00,104.55000305175781,105.01000213623047,104.25,104.70999908447266,67.80979919433594,2012900,0.0,0.0
2017-12-28 00:00:00-05:00,104.9000015258789,104.9000015258789,104.08000183105469,104.80999755859375,67.87457275390625,2376700,0.0,0.0
2017-12-29 00:00:00-05:00,105.08000183105469,106.5199966430664,105.0,105.6500015258789,68.41854095458984,4248300,0.0,0.0
2018-01-02 00:00:00-05:00,105.81999969482422,106.16999816894531,104.16000366210938,104.38999938964844,67.60257720947266,5126800,0.0,0.0
2018-01-03 00:00:00-05:00,104.36000061035156,104.86000061035156,103.8499984741211,104.26000213623047,67.51836395263672,3589600,0.0,0.0
2018-01-04 00:00:00-05:00,104.23999786376953,104.48999786376953,103.47000122070312,103.47000122070312,67.00676727294922,4170100,0.0,0.0
2018-01-05 00:00:00-05:00,103.2699966430664,104.5999984741211,103.2699966430664,104.30000305175781,67.54427337646484,4641400,0.0,0.0
2018-01-08 00:00:00-05:00,103.9800033569336,104.66999816894531,103.8499984741211,104.13999938964844,67.44063568115234,4911600,0.0,0.0
2018-01-09 00:00:00-05:00,104.75,105.44000244140625,104.23999786376953,104.88999938964844,67.9263687133789,3939200,0.0,0.0
2018-01-10 00:00:00-05:00,105.0199966430664,106.04000091552734,103.87999725341797,105.62999725341797,68.40559387207031,3696500,0.0,0.0
2018-01-11 00:00:00-05:00,106.31999969482422,106.62000274658203,104.41000366210938,104.86000061035156,67.90692901611328,4109300,0.0,0.0
2018-01-12 00:00:00-05:00,105.56999969482422,105.63999938964844,103.91000366210938,104.5,67.67379760742188,5513700,0.0,0.0
2018-01-16 00:00:00-05:00,104.55000305175781,104.9800033569336,103.7699966430664,104.87000274658203,67.91342163085938,5855600,0.0,0.0
2018-01-17 00:00:00-05:00,105.08000183105469,106.25,105.08000183105469,105.79000091552734,68.50920867919922,4009400,0.0,0.0
2018-01-18 00:00:00-05:00,105.45999908447266,105.70999908447266,104.80000305175781,105.06999969482422,68.04293060302734,4134600,0.0,0.0
2018-01-19 00:00:00-05:00,105.58000183105469,109.11000061035156,105.54000091552734,108.91999816894531,70.53617858886719,5818900,0.0,0.0
2018-01-22 00:00:00-05:00,109.1500015258789,109.68000030517578,108.45999908447266,108.80999755859375,70.46492767333984,4762300,0.0,0.0
2018-01-23 00:00:00-05:00,108.5,109.77999877929688,108.4000015258789,109.52999877929688,70.93121337890625,3778100,0.0,0.0
2018-01-24 00:00:00-05:00,109.55999755859375,110.88999938964844,109.55999755859375,110.5999984741211,71.62413787841797,4404100,0.0,0.0
2018-01-25 00:00:00-05:00,110.43000030517578,111.25,103.0199966430664,107.48999786376953,69.61011505126953,11823700,0.0,0.0
2018-01-26 00:00:00-05:00,107.36000061035156,110.45999908447266,107.30999755859375,110.19000244140625,71.35862731933594,6000700,0.0,0.0
2018-01-29 00:00:00-05:00,109.62999725341797,109.69999694824219,108.41000366210938,108.61000061035156,70.3354263305664,3952500,0.0,0.0
2018-01-30 00:00:00-05:00,108.19999694824219,109.37000274658203,107.75,107.94000244140625,69.90153503417969,4069700,0.0,0.0
2018-01-31 00:00:00-05:00,108.2300033569336,108.47000122070312,106.73999786376953,107.2300033569336,69.44171905517578,5041600,0.0,0.0
2018-02-01 00:00:00-05:00,107.04000091552734,107.58000183105469,104.93000030517578,105.16999816894531,68.1076889038086,7612900,0.0,0.0
2018-02-02 00:00:00-05:00,105.0,105.52999877929688,103.19000244140625,103.44000244140625,66.98735809326172,6421800,0.0,0.0
2018-02-05 00:00:00-05:00,102.93000030517578,103.4800033569336,98.51000213623047,98.69000244140625,63.911293029785156,7901200,0.0,0.0
2018-02-06 00:00:00-05:00,97.30999755859375,100.63999938964844,96.66000366210938,100.33000183105469,64.97331237792969,9591600,0.0,0.0
2018-02-07 00:00:00-05:00,99.9000015258789,101.61000061035156,98.5,98.87999725341797,64.03431701660156,5916800,0.0,0.0
2018-02-08 00:00:00-05:00,99.5199966430664,102.37999725341797,99.0,100.38999938964844,65.01219177246094,11214300,0.0,0.0
2018-02-09 00:00:00-05:00,100.9000015258789,101.5999984741211,98.55000305175781,99.94000244140625,64.72075653076172,9899900,0.0,0.0
2018-02-12 00:00:00-05:00,100.2699966430664,103.06999969482422,99.79000091552734,102.4000015258789,66.31385040283203,6468900,0.0,0.0
2018-02-13 00:00:00-05:00,101.73999786376953,103.16000366210938,100.9800033569336,103.05000305175781,66.73478698730469,5182300,0.0,0.0
2018-02-14 00:00:00-05:00,102.75,103.5,101.73999786376953,102.54000091552734,66.40452575683594,4253800,0.0,0.0
2018-02-15 00:00:00-05:00,102.55999755859375,103.70999908447266,102.05999755859375,103.69000244140625,67.14925384521484,4361100,0.0,0.0
2018-02-16 00:00:00-05:00,103.30999755859375,105.12999725341797,103.05000305175781,104.30999755859375,67.55072784423828,5209400,0.0,0.0
2018-02-20 00:00:00-05:00,103.69999694824219,103.88999938964844,102.33000183105469,102.8499984741211,66.60525512695312,3974900,0.0,0.0
2018-02-21 00:00:00-05:00,103.0999984741211,105.05000305175781,102.9800033569336,103.72000122070312,67.16867065429688,5661100,0.0,0.0
2018-02-22 00:00:00-05:00,103.66000366210938,105.51000213623047,102.88999938964844,102.9800033569336,66.68946075439453,4072900,0.0,0.0
2018-02-23 00:00:00-05:00,103.6500015258789,106.36000061035156,103.43000030517578,106.11000061035156,68.7164306640625,4824700,0.0,0.0
2018-02-26 00:00:00-05:00,106.2300033569336,106.79000091552734,105.18000030517578,106.68000030517578,69.0855484008789,5654700,0.0,0.0
2018-02-27 00:00:00-05:00,106.38999938964844,106.47000122070312,104.08000183105469,104.08000183105469,67.40178680419922,4414500,0.0,0.0
2018-02-28 00:00:00-05:00,105.4000015258789,105.62999725341797,103.5,103.55000305175781,67.05857849121094,5346000,0.0,0.0
2018-03-01 00:00:00-05:00,103.66999816894531,105.05000305175781,102.93000030517578,104.68000030517578,67.79035949707031,6683300,0.0,0.0
2018-03-02 00:00:00-05:00,104.30999755859375,107.08000183105469,104.30999755859375,106.80999755859375,69.16975402832031,6229100,0.0,0.0
2018-03-05 00:00:00-05:00,106.04000091552734,107.83999633789062,105.7699966430664,107.69999694824219,69.7461166381836,5557500,0.0,0.0
2018-03-06 00:00:00-05:00,107.76000213623047,108.0,106.62000274658203,107.9800033569336,69.92743682861328,6041000,0.0,0.0
2018-03-07 00:00:00-05:00,106.97000122070312,107.8499984741211,106.33000183105469,106.88999938964844,69.2215576171875,3271400,0.0,0.0
2018-03-08 00:00:00-05:00,107.16000366210938,109.05999755859375,106.94000244140625,109.0,70.5879898071289,4053800,0.0,0.0
2018-03-09 00:00:00-05:00,109.45999908447266,109.9000015258789,107.9800033569336,108.30000305175781,70.13467407226562,4398000,0.0,0.0
2018-03-12 00:00:00-04:00,107.98999786376953,108.56999969482422,107.13999938964844,107.13999938964844,69.38346099853516,5081300,0.0,0.0
2018-03-13 00:00:00-04:00,107.58000183105469,107.75,106.83000183105469,107.23999786376953,69.44820404052734,3847100,0.0,0.0
2018-03-14 00:00:00-04:00,107.51000213623047,107.75,105.36000061035156,105.61000061035156,68.39263916015625,3287300,0.0,0.0
2018-03-15 00:00:00-04:00,105.29000091552734,105.79000091552734,104.77999877929688,104.98999786376953,67.99113464355469,3620800,0.0,0.0
2018-03-16 00:00:00-04:00,105.0,105.80000305175781,103.16999816894531,103.45999908447266,67.00032043457031,8277000,0.0,0.0
2018-03-19 00:00:00-04:00,103.12999725341797,103.44999694824219,101.69999694824219,101.73999786376953,65.88642883300781,4968100,0.0,0.0
2018-03-20 00:00:00-04:00,101.87999725341797,102.18000030517578,100.12000274658203,100.2699966430664,64.93445587158203,5194600,0.0,0.0
2018-03-21 00:00:00-04:00,99.08000183105469,99.45999908447266,97.05999755859375,97.75,63.9853515625,5917500,1.07,0.0
2018-03-22 00:00:00-04:00,97.55999755859375,99.25,97.30000305175781,97.66999816894531,63.93295669555664,9655800,0.0,0.0
2018-03-23 00:00:00-04:00,98.30000305175781,98.72000122070312,95.51000213623047,95.62999725341797,62.59760665893555,5709200,0.0,0.0
2018-03-26 00:00:00-04:00,96.48999786376953,97.11000061035156,95.9800033569336,96.3499984741211,63.06892395019531,5239200,0.0,0.0
2018-03-27 00:00:00-04:00,96.36000061035156,97.66999816894531,95.97000122070312,96.7300033569336,63.31766891479492,7207000,0.0,0.0
2018-03-28 00:00:00-04:00,97.44999694824219,100.18000030517578,97.22000122070312,99.79000091552734,65.3206787109375,7571000,0.0,0.0
2018-03-29 00:00:00-04:00,100.27999877929688,101.01000213623047,99.22000122070312,99.4000015258789,65.06538391113281,3489300,0.0,0.0
2018-04-02 00:00:00-04:00,99.58999633789062,99.93000030517578,97.30999755859375,97.54000091552734,63.84785079956055,4673600,0.0,0.0
2018-04-03 00:00:00-04:00,98.29000091552734,100.06999969482422,97.5,99.8499984741211,65.3599624633789,5735000,0.0,0.0
2018-04-04 00:00:00-04:00,99.19000244140625,101.36000061035156,98.9000015258789,100.91999816894531,66.06034088134766,5150600,0.0,0.0
2018-04-05 00:00:00-04:00,101.38999938964844,102.20999908447266,100.20999908447266,101.69999694824219,66.5709228515625,4507900,0.0,0.0
2018-04-06 00:00:00-04:00,101.62000274658203,102.41000366210938,100.54000091552734,101.0199966430664,66.1258316040039,5049200,0.0,0.0
2018-04-09 00:00:00-04:00,101.4800033569336,102.04000091552734,100.43000030517578,100.69999694824219,65.91635131835938,4198100,0.0,0.0
2018-04-10 00:00:00-04:00,101.25,101.77999877929688,100.5199966430664,101.0999984741211,66.17817687988281,2860100,0.0,0.0
2018-04-11 00:00:00-04:00,100.91000366210938,102.29000091552734,100.62999725341797,100.72000122070312,65.929443359375,3623600,0.0,0.0
2018-04-12 00:00:00-04:00,101.33000183105469,101.93000030517578,100.02999877929688,100.25,65.62178039550781,3518500,0.0,0.0
2018-04-13 00:00:00-04:00,100.79000091552734,102.33000183105469,100.25,101.8499984741211,66.66911315917969,3985900,0.0,0.0
2018-04-16 00:00:00-04:00,102.26000213623047,103.3499984741211,101.7300033569336,102.94999694824219,67.38914489746094,3971200,0.0,0.0
2018-04-17 00:00:00-04:00,103.19999694824219,103.55000305175781,102.26000213623047,103.30000305175781,67.61827087402344,6145300,0.0,0.0
2018-04-18 00:00:00-04:00,102.88999938964844,103.11000061035156,100.5999984741211,101.44000244140625,66.4007339477539,5523700,0.0,0.0
2018-04-19 00:00:00-04:00,93.5199966430664,94.26000213623047,83.5,85.63999938964844,56.05835723876953,45570300,0.0,0.0
2018-04-20 00:00:00-04:00,85.70999908447266,86.30000305175781,83.81999969482422,84.2699966430664,55.16156768798828,17814200,0.0,0.0
2018-04-23 00:00:00-04:00,84.11000061035156,84.58999633789062,83.08999633789062,83.66999816894531,54.768829345703125,11783300,0.0,0.0
2018-04-24 00:00:00-04:00,83.1500015258789,83.58999633789062,80.63999938964844,82.48999786376953,53.99641418457031,13897700,0.0,0.0
2018-04-25 00:00:00-04:00,82.5999984741211,82.94000244140625,81.43000030517578,81.80999755859375,53.55130386352539,8361000,0.0,0.0
2018-04-26 00:00:00-04:00,82.22000122070312,82.30000305175781,80.47000122070312,81.48999786376953,53.34184265136719,9191300,0.0,0.0
2018-04-27 00:00:00-04:00,81.55999755859375,83.55000305175781,81.3499984741211,82.55999755859375,54.042240142822266,6591600,0.0,0.0
2018-04-30 00:00:00-04:00,82.75,83.30999755859375,81.87000274658203,82.0,53.6756591796875,6497600,0.0,0.0
2018-05-01 00:00:00-04:00,81.4000015258789,81.69999694824219,80.79000091552734,81.19999694824219,53.15201950073242,4553800,0.0,0.0
2018-05-02 00:00:00-04:00,81.0199966430664,81.18000030517578,79.83000183105469,80.0999984741211,52.43197250366211,6460700,0.0,0.0
2018-05-03 00:00:00-04:00,80.12000274658203,81.33999633789062,79.70999908447266,80.44000244140625,52.65452575683594,5784400,0.0,0.0
2018-05-04 00:00:00-04:00,80.54000091552734,82.51000213623047,80.5,81.87000274658203,53.590579986572266,5561200,0.0,0.0
2018-05-07 00:00:00-04:00,81.9000015258789,82.08000183105469,81.16000366210938,81.51000213623047,53.35493469238281,4519300,0.0,0.0
2018-05-08 00:00:00-04:00,81.33999633789062,81.38999938964844,80.31999969482422,80.80999755859375,52.89672088623047,5108500,0.0,0.0
2018-05-09 00:00:00-04:00,81.0,82.79000091552734,80.97000122070312,81.98999786376953,53.66911315917969,5021900,0.0,0.0
2018-05-10 00:00:00-04:00,81.94000244140625,83.04000091552734,81.9000015258789,83.0,54.330257415771484,4632600,0.0,0.0
2018-05-11 00:00:00-04:00,82.70999908447266,83.0199966430664,81.0199966430664,81.19999694824219,53.15201950073242,6557200,0.0,0.0
2018-05-14 00:00:00-04:00,81.25,81.72000122070312,80.7300033569336,80.86000061035156,52.9294548034668,5298300,0.0,0.0
2018-05-15 00:00:00-04:00,80.41999816894531,80.56999969482422,79.4000015258789,79.93000030517578,52.32069778442383,8023300,0.0,0.0
2018-05-16 00:00:00-04:00,80.38999938964844,81.33000183105469,80.23999786376953,80.88999938964844,52.9490852355957,6156800,0.0,0.0
2018-05-17 00:00:00-04:00,80.88999938964844,81.43000030517578,80.62000274658203,81.04000091552734,53.047279357910156,5713400,0.0,0.0
2018-05-18 00:00:00-04:00,81.26000213623047,81.30000305175781,80.44000244140625,80.75,52.85744857788086,5978600,0.0,0.0
2018-05-21 00:00:00-04:00,81.0,81.0999984741211,79.9800033569336,80.1500015258789,52.46470260620117,6153300,0.0,0.0
2018-05-22 00:00:00-04:00,80.25,80.30000305175781,79.62000274658203,79.87000274658203,52.28140640258789,6164800,0.0,0.0
2018-05-23 00:00:00-04:00,79.93000030517578,81.91999816894531,79.55000305175781,81.69999694824219,53.47929382324219,8199300,0.0,0.0
2018-05-24 00:00:00-04:00,81.5999984741211,81.77999877929688,80.8499984741211,81.61000061035156,53.42039108276367,5519500,0.0,0.0
2018-05-25 00:00:00-04:00,81.75,81.88999938964844,80.0999984741211,80.33999633789062,52.589054107666016,5010400,0.0,0.0
2018-05-29 00:00:00-04:00,79.80000305175781,80.18000030517578,78.87000274658203,79.2699966430664,51.8886604309082,9077000,0.0,0.0
2018-05-30 00:00:00-04:00,79.75,80.4800033569336,79.12000274658203,80.31999969482422,52.575984954833984,6157500,0.0,0.0
2018-05-31 00:00:00-04:00,80.29000091552734,80.31999969482422,78.61000061035156,79.54000091552734,52.06539535522461,9395500,0.0,0.0
2018-06-01 00:00:00-04:00,79.44999694824219,79.75,78.05000305175781,78.18000030517578,51.1751708984375,7733900,0.0,0.0
2018-06-04 00:00:00-04:00,78.08000183105469,78.93000030517578,77.77999877929688,78.41000366210938,51.32571792602539,5337000,0.0,0.0
2018-06-05 00:00:00-04:00,78.51000213623047,78.5999984741211,77.23999786376953,77.51000213623047,50.73659896850586,8503100,0.0,0.0
2018-06-06 00:00:00-04:00,77.55000305175781,77.61000061035156,76.20999908447266,76.8499984741211,50.30457305908203,10480800,0.0,0.0
2018-06-07 00:00:00-04:00,76.8499984741211,78.47000122070312,76.33000183105469,77.38999938964844,50.65803527832031,6367600,0.0,0.0
2018-06-08 00:00:00-04:00,78.2699966430664,79.66000366210938,78.2699966430664,79.41999816894531,51.98683166503906,7490000,0.0,0.0
2018-06-11 00:00:00-04:00,80.2699966430664,80.76000213623047,79.72000122070312,80.47000122070312,52.674171447753906,5194600,0.0,0.0
2018-06-12 00:00:00-04:00,80.26000213623047,80.48999786376953,79.36000061035156,80.31999969482422,52.575984954833984,5497900,0.0,0.0
2018-06-13 00:00:00-04:00,80.66999816894531,80.73999786376953,79.7699966430664,80.0999984741211,52.43197250366211,5726300,0.0,0.0
2018-06-14 00:00:00-04:00,80.20999908447266,81.08999633789062,79.91000366210938,80.8499984741211,52.92290115356445,6018200,0.0,0.0
2018-06-15 00:00:00-04:00,80.54000091552734,82.13999938964844,80.37999725341797,81.87999725341797,53.59712219238281,13314100,0.0,0.0
2018-06-18 00:00:00-04:00,81.5,81.5,79.20999908447266,80.02999877929688,52.386146545410156,6334900,0.0,0.0
2018-06-19 00:00:00-04:00,80.02999877929688,81.62000274658203,80.02999877929688,80.83999633789062,52.91635513305664,7467400,0.0,0.0
2018-06-20 00:00:00-04:00,80.79000091552734,81.91000366210938,80.5999984741211,81.75,53.51204299926758,6627800,0.0,0.0
2018-06-21 00:00:00-04:00,79.5999984741211,80.02999877929688,79.2699966430664,79.47000122070312,52.755252838134766,6049600,1.14,0.0
2018-06-22 00:00:00-04:00,79.9000015258789,80.47000122070312,79.80000305175781,80.19000244140625,53.23321533203125,7007300,0.0,0.0
2018-06-25 00:00:00-04:00,79.4800033569336,80.16999816894531,79.37000274658203,79.97000122070312,53.087162017822266,4272200,0.0,0.0
2018-06-26 00:00:00-04:00,80.19999694824219,80.31999969482422,79.27999877929688,79.7699966430664,52.95439529418945,6640600,0.0,0.0
2018-06-27 00:00:00-04:00,79.80000305175781,80.81999969482422,79.19999694824219,79.9000015258789,53.04069900512695,6918700,0.0,0.0
2018-06-28 00:00:00-04:00,80.5,81.80000305175781,80.2699966430664,81.66000366210938,54.20906066894531,6613100,0.0,0.0
2018-06-29 00:00:00-04:00,81.93000030517578,81.9800033569336,80.66000366210938,80.73999786376953,53.598331451416016,4689000,0.0,0.0
2018-07-02 00:00:00-04:00,80.62000274658203,81.22000122070312,79.5,80.23999786376953,53.266395568847656,3956700,0.0,0.0
2018-07-03 00:00:00-04:00,80.8499984741211,81.23999786376953,80.2300033569336,81.12000274658203,53.850589752197266,3225200,0.0,0.0
2018-07-05 00:00:00-04:00,81.1500015258789,82.02999877929688,80.70999908447266,82.02999877929688,54.45467758178711,4165900,0.0,0.0
2018-07-06 00:00:00-04:00,82.25,83.23999786376953,82.01000213623047,82.26000213623047,54.60736083984375,4719600,0.0,0.0
2018-07-09 00:00:00-04:00,82.30000305175781,82.5999984741211,81.44999694824219,82.18000030517578,54.55426025390625,4366200,0.0,0.0
2018-07-10 00:00:00-04:00,82.44000244140625,82.72000122070312,81.83000183105469,82.66999816894531,54.87955093383789,3604100,0.0,0.0
2018-07-11 00:00:00-04:00,82.87999725341797,83.2699966430664,82.33000183105469,82.83999633789062,54.99237823486328,6191700,0.0,0.0
2018-07-12 00:00:00-04:00,83.11000061035156,84.0,82.86000061035156,83.19999694824219,55.23136901855469,5308600,0.0,0.0
2018-07-13 00:00:00-04:00,82.9000015258789,83.23999786376953,82.52999877929688,82.68000030517578,54.88617706298828,7517900,0.0,0.0
2018-07-16 00:00:00-04:00,82.69999694824219,82.73999786376953,81.55999755859375,81.91999816894531,54.38166046142578,6821400,0.0,0.0
2018-07-17 00:00:00-04:00,81.83000183105469,82.58999633789062,81.80000305175781,82.33000183105469,54.65382766723633,6050300,0.0,0.0
2018-07-18 00:00:00-04:00,82.5199966430664,82.93000030517578,81.8499984741211,82.1500015258789,54.53433609008789,6453600,0.0,0.0
2018-07-19 00:00:00-04:00,79.0,80.91999816894531,76.5199966430664,80.9000015258789,53.70454025268555,17196100,0.0,0.0
2018-07-20 00:00:00-04:00,80.0999984741211,84.43000030517578,80.05000305175781,84.30999755859375,55.968231201171875,11313100,0.0,0.0
2018-07-23 00:00:00-04:00,83.41999816894531,83.69999694824219,82.62999725341797,83.22000122070312,55.24464797973633,6369900,0.0,0.0
2018-07-24 00:00:00-04:00,83.18000030517578,84.16999816894531,82.87999725341797,83.55999755859375,55.4703369140625,6034100,0.0,0.0
2018-07-25 00:00:00-04:00,84.43000030517578,84.95999908447266,83.38999938964844,83.80999755859375,55.63629913330078,6212500,0.0,0.0
2018-07-26 00:00:00-04:00,84.2699966430664,85.36000061035156,83.55000305175781,84.45999908447266,56.06779861450195,5323000,0.0,0.0
2018-07-27 00:00:00-04:00,84.4800033569336,85.72000122070312,84.30000305175781,85.47000122070312,56.7382926940918,5202400,0.0,0.0
2018-07-30 00:00:00-04:00,85.63999938964844,86.62999725341797,85.55999755859375,86.62000274658203,57.501708984375,5138200,0.0,0.0
2018-07-31 00:00:00-04:00,86.75,86.97000122070312,85.83999633789062,86.30000305175781,57.28926086425781,5934000,0.0,0.0
2018-08-01 00:00:00-04:00,86.02999877929688,86.2300033569336,85.44999694824219,85.54000091552734,56.78474807739258,4657400,0.0,0.0
2018-08-02 00:00:00-04:00,85.62000274658203,86.22000122070312,85.31999969482422,86.0,57.090118408203125,2781600,0.0,0.0
2018-08-03 00:00:00-04:00,86.05000305175781,87.44000244140625,85.6500015258789,86.83999633789062,57.64773941040039,3485100,0.0,0.0
2018-08-06 00:00:00-04:00,86.69000244140625,86.97000122070312,85.9800033569336,86.1500015258789,57.189697265625,2770300,0.0,0.0
2018-08-07 00:00:00-04:00,86.5,86.5,85.30000305175781,85.52999877929688,56.77812576293945,3086600,0.0,0.0
2018-08-08 00:00:00-04:00,85.12000274658203,85.55999755859375,83.66000366210938,83.75,55.59648132324219,4319900,0.0,0.0
2018-08-09 00:00:00-04:00,83.79000091552734,84.58999633789062,83.72000122070312,84.4000015258789,56.02797317504883,2600500,0.0,0.0
2018-08-10 00:00:00-04:00,83.41000366210938,83.4800033569336,82.16999816894531,82.55999755859375,54.8065185546875,5087700,0.0,0.0
2018-08-13 00:00:00-04:00,82.23999786376953,82.43000030517578,81.26000213623047,81.86000061035156,54.341827392578125,4733500,0.0,0.0
2018-08-14 00:00:00-04:00,81.93000030517578,82.62000274658203,81.80999755859375,82.30999755859375,54.640541076660156,4281600,0.0,0.0
2018-08-15 00:00:00-04:00,81.98999786376953,83.5199966430664,81.58999633789062,83.41000366210938,55.37077713012695,4767800,0.0,0.0
2018-08-16 00:00:00-04:00,83.7300033569336,84.73999786376953,83.44000244140625,84.68000030517578,56.21385955810547,3953800,0.0,0.0
2018-08-17 00:00:00-04:00,84.37000274658203,85.2699966430664,84.37000274658203,85.05000305175781,56.45948028564453,4124100,0.0,0.0
2018-08-20 00:00:00-04:00,85.23999786376953,85.27999877929688,84.20999908447266,84.58000183105469,56.14746856689453,2854500,0.0,0.0
2018-08-21 00:00:00-04:00,84.29000091552734,84.3499984741211,82.93000030517578,83.52999877929688,55.450443267822266,4993600,0.0,0.0
2018-08-22 00:00:00-04:00,83.45999908447266,83.62000274658203,82.2300033569336,82.43000030517578,54.720218658447266,4210700,0.0,0.0
2018-08-23 00:00:00-04:00,82.41999816894531,82.56999969482422,81.87000274658203,82.31999969482422,54.64719009399414,4094500,0.0,0.0
2018-08-24 00:00:00-04:00,80.69999694824219,81.2300033569336,79.41999816894531,79.69000244140625,52.90129470825195,9451700,0.0,0.0
2018-08-27 00:00:00-04:00,80.0,80.6500015258789,79.80999755859375,80.26000213623047,53.27968215942383,6102200,0.0,0.0
2018-08-28 00:00:00-04:00,79.94000244140625,80.16000366210938,79.12999725341797,79.5,52.77516555786133,6437900,0.0,0.0
2018-08-29 00:00:00-04:00,79.68000030517578,79.70999908447266,78.83999633789062,79.05999755859375,52.48307418823242,5499600,0.0,0.0
2018-08-30 00:00:00-04:00,78.61000061035156,78.69999694824219,78.19999694824219,78.56999969482422,52.157779693603516,6338100,0.0,0.0
2018-08-31 00:00:00-04:00,78.33000183105469,78.73999786376953,77.4800033569336,77.88999938964844,51.70638656616211,7001100,0.0,0.0
2018-09-04 00:00:00-04:00,78.0,78.16999816894531,77.31999969482422,77.63999938964844,51.5404167175293,5932300,0.0,0.0
2018-09-05 00:00:00-04:00,77.45999908447266,78.94999694824219,77.27999877929688,78.79000091552734,52.3038330078125,6004000,0.0,0.0
2018-09-06 00:00:00-04:00,78.7300033569336,79.11000061035156,78.16999816894531,78.62000274658203,52.19098663330078,4687200,0.0,0.0
2018-09-07 00:00:00-04:00,78.41999816894531,78.88999938964844,78.12000274658203,78.5999984741211,52.17770767211914,4986900,0.0,0.0
2018-09-10 00:00:00-04:00,79.05999755859375,79.83999633789062,78.33000183105469,78.37999725341797,52.03166961669922,3773000,0.0,0.0
2018-09-11 00:00:00-04:00,78.13999938964844,78.41000366210938,77.16999816894531,77.44999694824219,51.41428756713867,4306800,0.0,0.0
2018-09-12 00:00:00-04:00,77.76000213623047,81.56999969482422,77.3499984741211,80.05000305175781,53.140281677246094,9206100,0.0,0.0
2018-09-13 00:00:00-04:00,80.45999908447266,80.58999633789062,79.06999969482422,79.77999877929688,52.96102523803711,4132700,0.0,0.0
2018-09-14 00:00:00-04:00,79.94999694824219,80.0,78.5999984741211,79.33000183105469,52.66232681274414,3353600,0.0,0.0
2018-09-17 00:00:00-04:00,79.54000091552734,80.48999786376953,79.11000061035156,80.30000305175781,53.30623245239258,4276700,0.0,0.0
2018-09-18 00:00:00-04:00,80.5,80.94999694824219,79.58000183105469,80.33000183105469,53.32615661621094,4255700,0.0,0.0
2018-09-19 00:00:00-04:00,80.12000274658203,81.0999984741211,80.02999877929688,80.91000366210938,53.711185455322266,4147900,0.0,0.0
2018-09-20 00:00:00-04:00,80.95999908447266,82.75,80.88999938964844,82.55000305175781,54.79987335205078,5431500,0.0,0.0
2018-09-21 00:00:00-04:00,82.94000244140625,83.86000061035156,82.01000213623047,83.75,55.59648132324219,12837800,0.0,0.0
2018-09-24 00:00:00-04:00,83.51000213623047,83.75,80.8499984741211,81.61000061035156,54.175872802734375,7696700,0.0,0.0
2018-09-25 00:00:00-04:00,80.61000061035156,81.2300033569336,79.83000183105469,79.91000366210938,53.798851013183594,4876300,1.14,0.0
2018-09-26 00:00:00-04:00,80.12999725341797,81.2300033569336,79.94999694824219,80.5,54.1960563659668,5867400,0.0,0.0
2018-09-27 00:00:00-04:00,81.12999725341797,82.31999969482422,80.72000122070312,81.51000213623047,54.87604904174805,4945700,0.0,0.0
2018-09-28 00:00:00-04:00,81.54000091552734,82.29000091552734,81.06999969482422,81.54000091552734,54.8962287902832,5286200,0.0,0.0
2018-10-01 00:00:00-04:00,81.41000366210938,81.91000366210938,80.44999694824219,81.81999969482422,55.084739685058594,3718300,0.0,0.0
2018-10-02 00:00:00-04:00,82.01000213623047,83.5199966430664,81.98999786376953,83.5199966430664,56.22925567626953,5404700,0.0,0.0
2018-10-03 00:00:00-04:00,83.55999755859375,83.98999786376953,82.54000091552734,82.91000366210938,55.818580627441406,5948600,0.0,0.0
2018-10-04 00:00:00-04:00,82.26000213623047,83.8499984741211,82.05000305175781,83.81999969482422,56.43122863769531,5888000,0.0,0.0
2018-10-05 00:00:00-04:00,83.93000030517578,84.4000015258789,83.5999984741211,84.0999984741211,56.6197395324707,5448500,0.0,0.0
2018-10-08 00:00:00-04:00,84.0999984741211,85.30999755859375,84.0999984741211,84.88999938964844,57.151607513427734,6380300,0.0,0.0
2018-10-09 00:00:00-04:00,85.06999969482422,85.4800033569336,84.62999725341797,84.62999725341797,56.976558685302734,5369100,0.0,0.0
2018-10-10 00:00:00-04:00,84.75,86.22000122070312,84.02999877929688,84.62000274658203,56.969825744628906,6532300,0.0,0.0
2018-10-11 00:00:00-04:00,84.62000274658203,85.0,81.44999694824219,82.30999755859375,55.41462326049805,9617400,0.0,0.0
2018-10-12 00:00:00-04:00,82.05999755859375,82.47000122070312,80.79000091552734,82.30999755859375,55.41462326049805,6419600,0.0,0.0
2018-10-15 00:00:00-04:00,82.36000061035156,84.86000061035156,82.2699966430664,83.48999786376953,56.20907211303711,4556500,0.0,0.0
2018-10-16 00:00:00-04:00,82.6500015258789,83.77999877929688,81.81999969482422,83.5,56.21580123901367,4232800,0.0,0.0
2018-10-17 00:00:00-04:00,83.4800033569336,85.12000274658203,83.0199966430664,84.55999755859375,56.92942810058594,5048700,0.0,0.0
2018-10-18 00:00:00-04:00,86.01000213623047,89.33999633789062,85.6500015258789,87.5199966430664,58.92222213745117,11167400,0.0,0.0
2018-10-19 00:00:00-04:00,88.33000183105469,89.01000213623047,88.08999633789062,88.83000183105469,59.80419158935547,6814600,0.0,0.0
2018-10-22 00:00:00-04:00,89.08999633789062,89.69999694824219,87.12999725341797,87.51000213623047,58.91551208496094,5273200,0.0,0.0
2018-10-23 00:00:00-04:00,87.6500015258789,89.27999877929688,87.62000274658203,88.5,59.58199691772461,7462200,0.0,0.0
2018-10-24 00:00:00-04:00,88.70999908447266,90.19000244140625,87.91000366210938,89.19999694824219,60.05325698852539,7649000,0.0,0.0
2018-10-25 00:00:00-04:00,88.94000244140625,91.18000030517578,87.88999938964844,90.62999725341797,61.01601028442383,6933700,0.0,0.0
2018-10-26 00:00:00-04:00,90.37999725341797,91.20999908447266,88.38999938964844,89.0,59.91863250732422,7656700,0.0,0.0
2018-10-29 00:00:00-04:00,89.25,90.66999816894531,88.86000061035156,90.45999908447266,60.90156173706055,8138800,0.0,0.0
2018-10-30 00:00:00-04:00,91.19999694824219,92.69000244140625,89.87000274658203,90.47000122070312,60.908294677734375,6472300,0.0,0.0
2018-10-31 00:00:00-04:00,90.04000091552734,90.23999786376953,87.51000213623047,88.06999969482422,59.29249954223633,9509300,0.0,0.0
2018-11-01 00:00:00-04:00,88.33000183105469,89.12999725341797,87.3499984741211,88.3499984741211,59.48102569580078,5630400,0.0,0.0
2018-11-02 00:00:00-04:00,88.18000030517578,88.79000091552734,87.06999969482422,88.75,59.75033187866211,5850200,0.0,0.0
2018-11-05 00:00:00-05:00,88.69000244140625,90.12999725341797,88.6500015258789,89.55000305175781,60.28891372680664,4633400,0.0,0.0
2018-11-06 00:00:00-05:00,88.76000213623047,89.43000030517578,88.38999938964844,88.7699966430664,59.763790130615234,6557200,0.0,0.0
2018-11-07 00:00:00-05:00,89.27999877929688,89.72000122070312,88.08000183105469,89.06999969482422,59.96577835083008,5779300,0.0,0.0
2018-11-08 00:00:00-05:00,88.80000305175781,89.91999816894531,88.5,89.4800033569336,60.24178695678711,3600800,0.0,0.0
2018-11-09 00:00:00-05:00,90.13999938964844,90.87999725341797,89.0199966430664,89.18000030517578,60.03982162475586,5182700,0.0,0.0
2018-11-12 00:00:00-05:00,88.06999969482422,88.7699966430664,87.38999938964844,87.95999908447266,59.21845245361328,5233400,0.0,0.0
2018-11-13 00:00:00-05:00,87.61000061035156,88.5,86.30999755859375,86.4000015258789,58.168209075927734,7054500,0.0,0.0
2018-11-14 00:00:00-05:00,87.05000305175781,87.05000305175781,85.19000244140625,85.5,57.5622673034668,6219100,0.0,0.0
2018-11-15 00:00:00-05:00,84.81999969482422,85.83999633789062,84.38999938964844,85.83000183105469,57.784461975097656,6377800,0.0,0.0
2018-11-16 00:00:00-05:00,85.69999694824219,86.44999694824219,85.52999877929688,86.33000183105469,58.121063232421875,5196700,0.0,0.0
2018-11-19 00:00:00-05:00,86.91999816894531,87.66999816894531,86.30000305175781,87.62999725341797,58.996280670166016,5402600,0.0,0.0
2018-11-20 00:00:00-05:00,88.31999969482422,88.97000122070312,86.54000091552734,86.55000305175781,58.26919174194336,4949200,0.0,0.0
2018-11-21 00:00:00-05:00,86.41999816894531,86.41999816894531,83.62000274658203,83.94999694824219,56.518733978271484,5915700,0.0,0.0
2018-11-23 00:00:00-05:00,83.05000305175781,84.6500015258789,83.05000305175781,84.05000305175781,56.5860710144043,2521100,0.0,0.0
2018-11-26 00:00:00-05:00,84.05000305175781,84.23999786376953,82.83000183105469,83.83999633789062,56.444698333740234,4347600,0.0,0.0
2018-11-27 00:00:00-05:00,84.19999694824219,85.2699966430664,84.01000213623047,85.05000305175781,57.259334564208984,4975900,0.0,0.0
2018-11-28 00:00:00-05:00,85.05000305175781,86.5,84.75,86.38999938964844,58.16146469116211,4754800,0.0,0.0
2018-11-29 00:00:00-05:00,86.5,87.13999938964844,86.2699966430664,86.95999908447266,58.545204162597656,4269300,0.0,0.0
2018-11-30 00:00:00-05:00,87.22000122070312,87.37000274658203,86.0199966430664,86.52999877929688,58.25572967529297,5651600,0.0,0.0
2018-12-03 00:00:00-05:00,86.52999877929688,87.13999938964844,85.02999877929688,87.08000183105469,58.62601852416992,6580600,0.0,0.0
2018-12-04 00:00:00-05:00,87.41000366210938,88.5199966430664,85.2300033569336,85.43000030517578,57.51514434814453,5325100,0.0,0.0
2018-12-06 00:00:00-05:00,85.52999877929688,85.69999694824219,83.69000244140625,85.29000091552734,57.420894622802734,6413000,0.0,0.0
2018-12-07 00:00:00-05:00,85.0,85.75,84.16999816894531,84.55999755859375,56.92942810058594,4780800,0.0,0.0
2018-12-10 00:00:00-05:00,85.12999725341797,85.22000122070312,83.27999877929688,84.22000122070312,56.70051574707031,5431900,0.0,0.0
2018-12-11 00:00:00-05:00,84.6500015258789,85.54000091552734,83.68000030517578,84.33000183105469,56.77457809448242,4989000,0.0,0.0
2018-12-12 00:00:00-05:00,85.41000366210938,85.79000091552734,83.7300033569336,83.81999969482422,56.43122863769531,7762200,0.0,0.0
2018-12-13 00:00:00-05:00,83.58999633789062,84.87999725341797,83.55999755859375,84.33999633789062,56.78129196166992,3992800,0.0,0.0
2018-12-14 00:00:00-05:00,83.88999938964844,83.93000030517578,82.16999816894531,82.5,55.542537689208984,5676800,0.0,0.0
2018-12-17 00:00:00-05:00,82.62999725341797,82.77999877929688,80.95999908447266,81.4000015258789,54.80196762084961,8359500,0.0,0.0
2018-12-18 00:00:00-05:00,80.05999755859375,80.33000183105469,75.13999938964844,75.16999816894531,50.6076774597168,13641300,0.0,0.0
2018-12-19 00:00:00-05:00,74.75,74.7699966430664,71.61000061035156,72.04000091552734,49.24729537963867,13595400,1.14,0.0
2018-12-20 00:00:00-05:00,71.48999786376953,71.5,68.73999786376953,69.08000183105469,47.22380447387695,19218400,0.0,0.0
2018-12-21 00:00:00-05:00,68.94999694824219,71.3499984741211,66.11000061035156,66.20999908447266,45.26184844970703,21310100,0.0,0.0
2018-12-24 00:00:00-05:00,66.43000030517578,67.04000091552734,65.70999908447266,65.97000122070312,45.097782135009766,6647000,0.0,0.0
2018-12-26 00:00:00-05:00,66.05000305175781,66.87000274658203,64.75,66.86000061035156,45.706199645996094,9326100,0.0,0.0
2018-12-27 00:00:00-05:00,66.4800033569336,66.98999786376953,64.66999816894531,66.68000030517578,45.58314514160156,11009700,0.0,0.0
2018-12-28 00:00:00-05:00,67.6500015258789,69.08000183105469,66.9000015258789,67.2699966430664,45.98645782470703,8260000,0.0,0.0
2018-12-31 00:00:00-05:00,66.97000122070312,67.33000183105469,65.69000244140625,66.76000213623047,45.637840270996094,6663800,0.0,0.0
2019-01-02 00:00:00-05:00,66.12999725341797,67.7699966430664,65.73999786376953,67.30999755859375,46.01382064819336,6471200,0.0,0.0
2019-01-03 00:00:00-05:00,67.0199966430664,68.26000213623047,66.29000091552734,66.44000244140625,45.419071197509766,6178200,0.0,0.0
2019-01-04 00:00:00-05:00,67.02999877929688,69.56999969482422,66.94999694824219,69.55000305175781,47.54511260986328,7220700,0.0,0.0
2019-01-07 00:00:00-05:00,69.19000244140625,69.30000305175781,67.33999633789062,67.41999816894531,46.089012145996094,7807200,0.0,0.0
2019-01-08 00:00:00-05:00,67.68000030517578,68.27999877929688,67.51000213623047,67.87000274658203,46.396636962890625,7257700,0.0,0.0
2019-01-09 00:00:00-05:00,68.25,68.70999908447266,67.80000305175781,67.91000366210938,46.42397689819336,5924000,0.0,0.0
2019-01-10 00:00:00-05:00,68.18000030517578,68.72000122070312,67.97000122070312,68.1500015258789,46.58804702758789,8988200,0.0,0.0
2019-01-11 00:00:00-05:00,68.45999908447266,69.5199966430664,67.83000183105469,69.5,47.51092529296875,7150400,0.0,0.0
2019-01-14 00:00:00-05:00,69.23999786376953,69.91999816894531,68.98999786376953,69.62000274658203,47.59294891357422,8408700,0.0,0.0
2019-01-15 00:00:00-05:00,69.3499984741211,70.66000366210938,69.19999694824219,70.5,48.19453048706055,6639200,0.0,0.0
2019-01-16 00:00:00-05:00,70.4000015258789,71.05000305175781,69.36000061035156,70.75,48.365447998046875,7360400,0.0,0.0
2019-01-17 00:00:00-05:00,70.61000061035156,72.75,70.30999755859375,72.5199966430664,49.57542419433594,7974500,0.0,0.0
2019-01-18 00:00:00-05:00,73.26000213623047,74.19000244140625,72.66000366210938,73.79000091552734,50.44361877441406,8715800,0.0,0.0
2019-01-22 00:00:00-05:00,73.36000061035156,73.86000061035156,71.8499984741211,72.80999755859375,49.77367401123047,10288300,0.0,0.0
2019-01-23 00:00:00-05:00,73.16999816894531,74.16000366210938,72.75,74.0,50.587162017822266,6260800,0.0,0.0
2019-01-24 00:00:00-05:00,73.55000305175781,73.81999969482422,70.30999755859375,71.55000305175781,48.91231918334961,13249600,0.0,0.0
2019-01-25 00:00:00-05:00,72.08000183105469,73.5199966430664,71.94000244140625,72.7300033569336,49.7189826965332,5211600,0.0,0.0
2019-01-28 00:00:00-05:00,72.61000061035156,74.5,72.13999938964844,74.3499984741211,50.82643127441406,6605300,0.0,0.0
2019-01-29 00:00:00-05:00,74.44999694824219,75.18000030517578,74.04000091552734,74.41000366210938,50.86746597290039,4798100,0.0,0.0
2019-01-30 00:00:00-05:00,74.8499984741211,75.30999755859375,74.36000061035156,74.4800033569336,50.91530227661133,6093700,0.0,0.0
2019-01-31 00:00:00-05:00,74.80000305175781,77.0999984741211,74.33000183105469,76.72000122070312,52.44660186767578,8512400,0.0,0.0
2019-02-01 00:00:00-05:00,77.02999877929688,77.05000305175781,75.33000183105469,75.7300033569336,51.769805908203125,7805500,0.0,0.0
2019-02-04 00:00:00-05:00,75.51000213623047,76.19000244140625,75.26000213623047,76.05000305175781,51.98857879638672,5362200,0.0,0.0
2019-02-05 00:00:00-05:00,76.01000213623047,76.25,75.5999984741211,75.80999755859375,51.824493408203125,4760000,0.0,0.0
2019-02-06 00:00:00-05:00,75.54000091552734,76.11000061035156,75.33999633789062,75.51000213623047,51.61942672729492,4993800,0.0,0.0
2019-02-07 00:00:00-05:00,77.76000213623047,78.62000274658203,75.7699966430664,76.7300033569336,52.45344161987305,6972400,0.0,0.0
2019-02-08 00:00:00-05:00,76.98999786376953,80.0199966430664,76.4000015258789,79.9800033569336,54.675167083740234,12070200,0.0,0.0
2019-02-11 00:00:00-05:00,79.55999755859375,80.02999877929688,78.91999816894531,79.05000305175781,54.03939437866211,7012000,0.0,0.0
2019-02-12 00:00:00-05:00,79.19999694824219,80.86000061035156,78.97000122070312,80.5999984741211,55.09898376464844,6144800,0.0,0.0
2019-02-13 00:00:00-05:00,80.95999908447266,81.33000183105469,80.55000305175781,81.30000305175781,55.57752990722656,5248700,0.0,0.0
2019-02-14 00:00:00-05:00,81.11000061035156,82.5,81.0199966430664,81.8499984741211,55.95350646972656,5625500,0.0,0.0
2019-02-15 00:00:00-05:00,82.80000305175781,83.55999755859375,82.19999694824219,83.45999908447266,57.05413055419922,6435100,0.0,0.0
2019-02-19 00:00:00-05:00,83.52999877929688,83.69999694824219,82.62999725341797,83.38999938964844,57.006263732910156,5307100,0.0,0.0
2019-02-20 00:00:00-05:00,83.4800033569336,85.77999877929688,83.38999938964844,85.04000091552734,58.13421630859375,5633000,0.0,0.0
2019-02-21 00:00:00-05:00,85.05000305175781,85.81999969482422,84.52999877929688,85.58000183105469,58.50338363647461,5887200,0.0,0.0
2019-02-22 00:00:00-05:00,85.4800033569336,87.25,85.16000366210938,87.1500015258789,59.5766487121582,4317800,0.0,0.0
2019-02-25 00:00:00-05:00,87.41000366210938,87.69999694824219,86.56999969482422,86.5999984741211,59.200679779052734,5020100,0.0,0.0
2019-02-26 00:00:00-05:00,86.30999755859375,87.47000122070312,86.19999694824219,86.51000213623047,59.13913345336914,4756200,0.0,0.0
2019-02-27 00:00:00-05:00,87.27999877929688,87.5999984741211,86.7300033569336,87.2699966430664,59.6586799621582,4669900,0.0,0.0
2019-02-28 00:00:00-05:00,87.2699966430664,87.54000091552734,86.76000213623047,86.94000244140625,59.43307876586914,4290100,0.0,0.0
2019-03-01 00:00:00-05:00,87.41999816894531,87.69999694824219,86.75,87.51000213623047,59.82274627685547,4379100,0.0,0.0
2019-03-04 00:00:00-05:00,87.80000305175781,88.0,86.66000366210938,87.27999877929688,59.66549301147461,3711700,0.0,0.0
2019-03-05 00:00:00-05:00,86.81999969482422,87.68000030517578,86.54000091552734,86.9800033569336,59.460418701171875,5547100,0.0,0.0
2019-03-06 00:00:00-05:00,86.9800033569336,87.37999725341797,86.37999725341797,87.0199966430664,59.48777770996094,4938400,0.0,0.0
2019-03-07 00:00:00-05:00,87.06999969482422,87.13999938964844,86.38999938964844,86.97000122070312,59.453582763671875,4802400,0.0,0.0
2019-03-08 00:00:00-05:00,86.91000366210938,87.97000122070312,86.76000213623047,87.44999694824219,59.78171920776367,3865500,0.0,0.0
2019-03-11 00:00:00-04:00,87.61000061035156,89.5,87.61000061035156,89.23999786376953,61.00539779663086,6022500,0.0,0.0
2019-03-12 00:00:00-04:00,89.5,90.2699966430664,88.4800033569336,88.80000305175781,60.7046012878418,5669800,0.0,0.0
2019-03-13 00:00:00-04:00,88.88999938964844,89.79000091552734,88.58000183105469,89.5,61.18312454223633,4468900,0.0,0.0
2019-03-14 00:00:00-04:00,89.12999725341797,89.91000366210938,88.95999908447266,89.79000091552734,61.38136672973633,4534700,0.0,0.0
2019-03-15 00:00:00-04:00,89.55999755859375,91.31999969482422,89.4000015258789,90.8499984741211,62.10600280761719,12348400,0.0,0.0
2019-03-18 00:00:00-04:00,91.23999786376953,91.30000305175781,90.55999755859375,90.7300033569336,62.02397155761719,5948500,0.0,0.0
2019-03-19 00:00:00-04:00,90.7300033569336,91.55000305175781,90.1500015258789,90.5,61.866756439208984,6075400,0.0,0.0
2019-03-20 00:00:00-04:00,90.30000305175781,91.0199966430664,89.86000061035156,90.73999786376953,62.03080749511719,5253800,0.0,0.0
2019-03-21 00:00:00-04:00,90.33999633789062,92.01000213623047,90.2300033569336,91.91000366210938,62.83063507080078,4262600,0.0,0.0
2019-03-22 00:00:00-04:00,91.66999816894531,92.73999786376953,91.12999725341797,91.16999816894531,62.32476043701172,5980000,0.0,0.0
2019-03-25 00:00:00-04:00,89.52999877929688,89.79000091552734,88.16999816894531,88.2699966430664,61.106361389160156,7938800,1.14,0.0
2019-03-26 00:00:00-04:00,88.61000061035156,89.44000244140625,88.27999877929688,88.58999633789062,61.327903747558594,5925700,0.0,0.0
2019-03-27 00:00:00-04:00,88.2699966430664,88.61000061035156,85.94999694824219,87.02999877929688,60.247962951660156,6483200,0.0,0.0
2019-03-28 00:00:00-04:00,87.0,87.9800033569336,86.88999938964844,87.27999877929688,60.421024322509766,5840000,0.0,0.0
2019-03-29 00:00:00-04:00,87.4800033569336,88.51000213623047,87.08000183105469,88.38999938964844,61.18944549560547,6314000,0.0,0.0
2019-04-01 00:00:00-04:00,88.37999725341797,88.83000183105469,87.94000244140625,88.19999694824219,61.057899475097656,4249600,0.0,0.0
2019-04-02 00:00:00-04:00,88.6500015258789,89.08999633789062,87.73999786376953,88.01000213623047,60.92638397216797,3995200,0.0,0.0
2019-04-03 00:00:00-04:00,87.54000091552734,87.86000061035156,85.18000030517578,85.80999755859375,59.403404235839844,7323500,0.0,0.0
2019-04-04 00:00:00-04:00,86.08999633789062,86.69999694824219,85.94999694824219,86.06999969482422,59.583370208740234,4672800,0.0,0.0
2019-04-05 00:00:00-04:00,86.11000061035156,86.25,84.91000366210938,85.44000244140625,59.147254943847656,5495000,0.0,0.0
2019-04-08 00:00:00-04:00,85.7699966430664,85.83000183105469,84.95999908447266,85.30999755859375,59.05724334716797,4439100,0.0,0.0
2019-04-09 00:00:00-04:00,85.2300033569336,86.04000091552734,85.08999633789062,85.83999633789062,59.42416000366211,3898900,0.0,0.0
2019-04-10 00:00:00-04:00,85.5199966430664,86.04000091552734,85.41000366210938,85.70999908447266,59.33417510986328,2855400,0.0,0.0
2019-04-11 00:00:00-04:00,85.76000213623047,86.0,85.47000122070312,85.51000213623047,59.19572448730469,3893400,0.0,0.0
2019-04-12 00:00:00-04:00,86.0,86.04000091552734,85.3499984741211,85.7699966430664,59.375694274902344,4652900,0.0,0.0
2019-04-15 00:00:00-04:00,86.0999984741211,86.69000244140625,85.86000061035156,86.19000244140625,59.66645050048828,3491300,0.0,0.0
2019-04-16 00:00:00-04:00,86.23999786376953,86.66000366210938,85.83999633789062,86.20999908447266,59.6802864074707,4544800,0.0,0.0
2019-04-17 00:00:00-04:00,86.41999816894531,86.5,85.1500015258789,85.4800033569336,59.17496109008789,4675700,0.0,0.0
2019-04-18 00:00:00-04:00,85.63999938964844,87.44999694824219,82.62999725341797,84.48999786376953,58.48960876464844,7765400,0.0,0.0
2019-04-22 00:00:00-04:00,84.13999938964844,85.38999938964844,83.91000366210938,84.29000091552734,58.35114669799805,3530300,0.0,0.0
2019-04-23 00:00:00-04:00,84.4000015258789,85.06999969482422,83.91999816894531,84.91000366210938,58.78036117553711,6397600,0.0,0.0
2019-04-24 00:00:00-04:00,84.7300033569336,84.83000183105469,83.16999816894531,84.44999694824219,58.4619026184082,4716500,0.0,0.0
2019-04-25 00:00:00-04:00,83.44999694824219,83.9000015258789,82.44999694824219,83.58999633789062,57.86655807495117,5241400,0.0,0.0
2019-04-26 00:00:00-04:00,83.94000244140625,85.12999725341797,83.88999938964844,84.76000213623047,58.67652893066406,3930300,0.0,0.0
2019-04-29 00:00:00-04:00,84.66999816894531,85.30000305175781,84.38999938964844,84.9000015258789,58.77342987060547,4416700,0.0,0.0
2019-04-30 00:00:00-04:00,84.83000183105469,87.52999877929688,84.56999969482422,86.55999755859375,59.9225959777832,5640300,0.0,0.0
2019-05-01 00:00:00-04:00,87.05000305175781,87.12999725341797,85.68000030517578,85.77999877929688,59.38261413574219,3655700,0.0,0.0
2019-05-02 00:00:00-04:00,85.41999816894531,86.7300033569336,84.70999908447266,84.91999816894531,58.78727340698242,2852800,0.0,0.0
2019-05-03 00:00:00-04:00,85.51000213623047,85.94999694824219,84.91999816894531,85.69999694824219,59.327247619628906,2738800,0.0,0.0
2019-05-06 00:00:00-04:00,85.22000122070312,85.88999938964844,84.45999908447266,85.12000274658203,58.92573165893555,3307900,0.0,0.0
2019-05-07 00:00:00-04:00,84.61000061035156,84.83999633789062,83.02999877929688,84.43000030517578,58.44805908203125,4804400,0.0,0.0
2019-05-08 00:00:00-04:00,84.22000122070312,84.55000305175781,83.36000061035156,83.80999755859375,58.01886749267578,3224000,0.0,0.0
2019-05-09 00:00:00-04:00,83.37999725341797,84.2300033569336,82.66999816894531,83.93000030517578,58.1019287109375,3503200,0.0,0.0
2019-05-10 00:00:00-04:00,83.44000244140625,84.80999755859375,82.5999984741211,84.54000091552734,58.52420425415039,3318400,0.0,0.0
2019-05-13 00:00:00-04:00,83.8499984741211,83.87999725341797,83.12999725341797,83.69999694824219,57.94272232055664,2491200,0.0,0.0
2019-05-14 00:00:00-04:00,83.29000091552734,85.26000213623047,83.06999969482422,84.08999633789062,58.21268081665039,3157100,0.0,0.0
2019-05-15 00:00:00-04:00,83.73999786376953,85.58000183105469,83.51000213623047,85.33999633789062,59.07804870605469,3223700,0.0,0.0
2019-05-16 00:00:00-04:00,85.3499984741211,86.08999633789062,84.94000244140625,85.51000213623047,59.19572448730469,2928000,0.0,0.0
2019-05-17 00:00:00-04:00,85.73999786376953,87.19999694824219,84.87999725341797,86.80999755859375,60.09566879272461,3886200,0.0,0.0
2019-05-20 00:00:00-04:00,86.56999969482422,87.56999969482422,85.72000122070312,86.2300033569336,59.694149017333984,3131300,0.0,0.0
2019-05-21 00:00:00-04:00,86.44999694824219,86.69999694824219,85.62999725341797,85.76000213623047,59.3687744140625,3165300,0.0,0.0
2019-05-22 00:00:00-04:00,85.37000274658203,85.95999908447266,84.7300033569336,85.48999786376953,59.181861877441406,2886000,0.0,0.0
2019-05-23 00:00:00-04:00,85.48999786376953,86.27999877929688,85.36000061035156,86.23999786376953,59.7010612487793,2814700,0.0,0.0
2019-05-24 00:00:00-04:00,86.22000122070312,86.22000122070312,83.83000183105469,84.63999938964844,58.59344482421875,3283900,0.0,0.0
2019-05-28 00:00:00-04:00,84.0199966430664,84.0199966430664,80.91999816894531,81.55000305175781,56.45435333251953,8499900,0.0,0.0
2019-05-29 00:00:00-04:00,80.73999786376953,81.72000122070312,80.69999694824219,81.13999938964844,56.17050552368164,4282100,0.0,0.0
2019-05-30 00:00:00-04:00,81.31999969482422,81.55999755859375,79.3499984741211,79.5999984741211,55.10441970825195,3827700,0.0,0.0
2019-05-31 00:00:00-04:00,79.30999755859375,79.86000061035156,76.98999786376953,77.12999725341797,53.39451217651367,6420800,0.0,0.0
2019-06-03 00:00:00-04:00,77.51000213623047,78.63999938964844,76.87000274658203,78.61000061035156,54.41908264160156,5160200,0.0,0.0
2019-06-04 00:00:00-04:00,79.1500015258789,79.48999786376953,78.16999816894531,78.5,54.34291076660156,3850900,0.0,0.0
2019-06-05 00:00:00-04:00,78.94999694824219,79.0,76.6500015258789,77.25,53.477596282958984,5201800,0.0,0.0
2019-06-06 00:00:00-04:00,77.55000305175781,78.68000030517578,77.11000061035156,77.19999694824219,53.442970275878906,4730500,0.0,0.0
2019-06-07 00:00:00-04:00,77.81999969482422,78.7699966430664,77.56999969482422,78.16999816894531,54.114471435546875,4590000,0.0,0.0
2019-06-10 00:00:00-04:00,78.1500015258789,78.38999938964844,76.63999938964844,76.95999908447266,53.27682876586914,4617000,0.0,0.0
2019-06-11 00:00:00-04:00,77.16999816894531,78.55000305175781,77.0,78.13999938964844,54.093711853027344,4607100,0.0,0.0
2019-06-12 00:00:00-04:00,77.73999786376953,78.41000366210938,77.0,77.20999908447266,53.44990158081055,3147000,0.0,0.0
2019-06-13 00:00:00-04:00,77.27999877929688,77.77999877929688,77.06999969482422,77.58999633789062,53.71296310424805,3555700,0.0,0.0
2019-06-14 00:00:00-04:00,77.80000305175781,78.37000274658203,77.04000091552734,77.19999694824219,53.442970275878906,5521300,0.0,0.0
2019-06-17 00:00:00-04:00,77.01000213623047,78.62999725341797,76.91999816894531,77.98999786376953,53.98987579345703,4917100,0.0,0.0
2019-06-18 00:00:00-04:00,78.26000213623047,78.36000061035156,76.23999786376953,77.11000061035156,53.38068389892578,5186100,0.0,0.0
2019-06-19 00:00:00-04:00,77.58000183105469,77.5999984741211,76.08000183105469,76.6500015258789,53.0622444152832,5512300,0.0,0.0
2019-06-20 00:00:00-04:00,76.12999725341797,77.41999816894531,75.58000183105469,77.18000030517578,54.23576354980469,7404800,1.14,0.0
2019-06-21 00:00:00-04:00,77.25,79.22000122070312,76.37999725341797,79.22000122070312,55.669307708740234,17187700,0.0,0.0
2019-06-24 00:00:00-04:00,78.5999984741211,79.36000061035156,77.69999694824219,77.83000183105469,54.69253158569336,6912100,0.0,0.0
2019-06-25 00:00:00-04:00,78.0,79.05000305175781,77.41999816894531,78.81999969482422,55.388221740722656,5568500,0.0,0.0
2019-06-26 00:00:00-04:00,78.9000015258789,78.9000015258789,77.19999694824219,77.37999725341797,54.37631607055664,6268500,0.0,0.0
2019-06-27 00:00:00-04:00,77.5,78.26000213623047,77.27999877929688,77.91999816894531,54.755767822265625,3951500,0.0,0.0
2019-06-28 00:00:00-04:00,78.22000122070312,78.56999969482422,77.6500015258789,78.52999877929688,55.18444061279297,8436200,0.0,0.0
2019-07-01 00:00:00-04:00,78.80000305175781,78.94999694824219,77.83000183105469,77.9800033569336,54.79793167114258,4227600,0.0,0.0
2019-07-02 00:00:00-04:00,78.36000061035156,79.81999969482422,77.95999908447266,79.75,56.041744232177734,4015200,0.0,0.0
2019-07-03 00:00:00-04:00,79.9800033569336,80.66000366210938,79.43000030517578,80.62999725341797,56.66017150878906,3860900,0.0,0.0
2019-07-05 00:00:00-04:00,80.3499984741211,80.41999816894531,78.45999908447266,80.12000274658203,56.3017578125,3425200,0.0,0.0
2019-07-08 00:00:00-04:00,80.25,80.87000274658203,79.5199966430664,79.61000061035156,55.94337463378906,3203300,0.0,0.0
2019-07-09 00:00:00-04:00,79.63999938964844,80.20999908447266,78.94000244140625,79.44000244140625,55.82390594482422,3579300,0.0,0.0
2019-07-10 00:00:00-04:00,79.36000061035156,80.37999725341797,79.2699966430664,80.27999877929688,56.41419982910156,4297100,0.0,0.0
2019-07-11 00:00:00-04:00,80.43000030517578,81.77999877929688,80.11000061035156,81.26000213623047,57.102874755859375,4381000,0.0,0.0
2019-07-12 00:00:00-04:00,81.55000305175781,82.11000061035156,81.43000030517578,81.88999938964844,57.545570373535156,4257100,0.0,0.0
2019-07-15 00:00:00-04:00,82.0,82.19000244140625,81.08000183105469,81.47000122070312,57.25043487548828,5325300,0.0,0.0
2019-07-16 00:00:00-04:00,81.2699966430664,81.68000030517578,80.94999694824219,81.58000183105469,57.327728271484375,3071400,0.0,0.0
2019-07-17 00:00:00-04:00,81.5,81.94000244140625,80.8499984741211,81.05000305175781,56.955284118652344,2929600,0.0,0.0
2019-07-18 00:00:00-04:00,84.69999694824219,89.44999694824219,84.5,87.70999908447266,61.6353874206543,13397100,0.0,0.0
2019-07-19 00:00:00-04:00,88.36000061035156,89.9800033569336,87.86000061035156,88.7300033569336,62.35215759277344,7561700,0.0,0.0
2019-07-22 00:00:00-04:00,88.97000122070312,89.05000305175781,86.87999725341797,86.94999694824219,61.10132598876953,5366100,0.0,0.0
2019-07-23 00:00:00-04:00,87.4800033569336,87.58999633789062,86.16999816894531,86.75,60.960784912109375,4758400,0.0,0.0
2019-07-24 00:00:00-04:00,86.41999816894531,86.62999725341797,84.75,85.0199966430664,59.74508285522461,4316500,0.0,0.0
2019-07-25 00:00:00-04:00,85.2699966430664,86.29000091552734,84.75,85.62999725341797,60.173744201660156,3715600,0.0,0.0
2019-07-26 00:00:00-04:00,85.83999633789062,86.4800033569336,85.2300033569336,85.9800033569336,60.41969299316406,3348300,0.0,0.0
2019-07-29 00:00:00-04:00,86.29000091552734,87.02999877929688,85.83999633789062,86.76000213623047,60.96781539916992,4461400,0.0,0.0
2019-07-30 00:00:00-04:00,86.0199966430664,86.56999969482422,85.16999816894531,86.30000305175781,60.64456558227539,3952800,0.0,0.0
2019-07-31 00:00:00-04:00,85.94000244140625,86.4000015258789,82.18000030517578,83.61000061035156,58.754249572753906,6793000,0.0,0.0
2019-08-01 00:00:00-04:00,84.30000305175781,85.20999908447266,82.41000366210938,82.44999694824219,57.9390869140625,6385200,0.0,0.0
2019-08-02 00:00:00-04:00,82.69999694824219,84.55000305175781,81.87999725341797,84.16999816894531,59.14777755737305,6109100,0.0,0.0
2019-08-05 00:00:00-04:00,83.56999969482422,83.81999969482422,79.48999786376953,80.26000213623047,56.40015411376953,6849300,0.0,0.0
2019-08-06 00:00:00-04:00,81.12000274658203,81.6500015258789,80.55999755859375,81.31999969482422,57.1450309753418,6313100,0.0,0.0
2019-08-07 00:00:00-04:00,80.36000061035156,81.66000366210938,79.3499984741211,81.36000061035156,57.173133850097656,6434700,0.0,0.0
2019-08-08 00:00:00-04:00,81.43000030517578,82.72000122070312,81.30999755859375,82.4800033569336,57.960182189941406,3266600,0.0,0.0
2019-08-09 00:00:00-04:00,82.43000030517578,82.98999786376953,81.79000091552734,82.58999633789062,58.037471771240234,3068500,0.0,0.0
2019-08-12 00:00:00-04:00,82.44999694824219,83.04000091552734,81.72000122070312,82.37999725341797,57.8899040222168,2172500,0.0,0.0
2019-08-13 00:00:00-04:00,81.63999938964844,84.0999984741211,81.63999938964844,83.94999694824219,58.9931640625,4476900,0.0,0.0
2019-08-14 00:00:00-04:00,83.51000213623047,83.7699966430664,83.0199966430664,83.33000183105469,58.55748748779297,6642500,0.0,0.0
2019-08-15 00:00:00-04:00,83.93000030517578,84.69000244140625,83.11000061035156,84.48999786376953,59.37264633178711,3980200,0.0,0.0
2019-08-16 00:00:00-04:00,84.7300033569336,85.51000213623047,84.66000366210938,84.91000366210938,59.667789459228516,3302500,0.0,0.0
2019-08-19 00:00:00-04:00,85.6500015258789,86.05000305175781,84.77999877929688,85.01000213623047,59.7380485534668,3108100,0.0,0.0
2019-08-20 00:00:00-04:00,84.91000366210938,84.9800033569336,82.29000091552734,83.0,58.325584411621094,3656000,0.0,0.0
2019-08-21 00:00:00-04:00,83.41999816894531,83.5999984741211,82.08000183105469,83.05000305175781,58.360740661621094,3311100,0.0,0.0
2019-08-22 00:00:00-04:00,82.55000305175781,83.86000061035156,82.41999816894531,82.94999694824219,58.29045486450195,3681200,0.0,0.0
2019-08-23 00:00:00-04:00,82.79000091552734,83.3499984741211,80.66000366210938,81.22000122070312,57.074764251708984,4263800,0.0,0.0
2019-08-26 00:00:00-04:00,81.0,81.56999969482422,76.41000366210938,77.7300033569336,54.62228775024414,11518000,0.0,0.0
2019-08-27 00:00:00-04:00,75.0999984741211,75.4000015258789,69.2699966430664,71.69999694824219,50.38486862182617,41583100,0.0,0.0
2019-08-28 00:00:00-04:00,71.91999816894531,75.66999816894531,71.9000015258789,74.31999969482422,52.22599792480469,18953200,0.0,0.0
2019-08-29 00:00:00-04:00,75.27999877929688,75.6500015258789,71.61000061035156,72.72000122070312,51.10164260864258,13238200,0.0,0.0
2019-08-30 00:00:00-04:00,72.83000183105469,73.22000122070312,71.75,72.08999633789062,50.658939361572266,9045000,0.0,0.0
2019-09-03 00:00:00-04:00,72.0,72.79000091552734,71.11000061035156,72.66000366210938,51.059486389160156,4466900,0.0,0.0
2019-09-04 00:00:00-04:00,72.69000244140625,73.25,71.5199966430664,73.0199966430664,51.312461853027344,5386700,0.0,0.0
2019-09-05 00:00:00-04:00,73.4000015258789,73.41999816894531,71.87999725341797,71.94999694824219,50.5605583190918,6613400,0.0,0.0
2019-09-06 00:00:00-04:00,72.26000213623047,73.41999816894531,71.9800033569336,72.97000122070312,51.27732467651367,6130000,0.0,0.0
2019-09-09 00:00:00-04:00,73.0,73.38999938964844,72.41999816894531,73.30000305175781,51.50923538208008,5528100,0.0,0.0
2019-09-10 00:00:00-04:00,72.69999694824219,74.55999755859375,72.5,74.5,52.35248947143555,7401900,0.0,0.0
2019-09-11 00:00:00-04:00,74.54000091552734,75.4800033569336,74.12000274658203,75.06999969482422,52.75303649902344,8443100,0.0,0.0
2019-09-12 00:00:00-04:00,75.20999908447266,75.4000015258789,74.05000305175781,74.9000015258789,52.63358688354492,6242900,0.0,0.0
2019-09-13 00:00:00-04:00,74.30999755859375,74.77999877929688,73.0,73.05000305175781,51.33354949951172,10572800,0.0,0.0
2019-09-16 00:00:00-04:00,72.18000030517578,72.72000122070312,71.7699966430664,72.5999984741211,51.017330169677734,10547300,0.0,0.0
2019-09-17 00:00:00-04:00,73.44999694824219,73.45999908447266,71.87000274658203,72.0199966430664,50.6097412109375,7752700,0.0,0.0
2019-09-18 00:00:00-04:00,71.87000274658203,72.33000183105469,71.05999755859375,71.55999755859375,50.2864990234375,7359600,0.0,0.0
2019-09-19 00:00:00-04:00,71.5,72.19999694824219,71.0999984741211,71.70999908447266,50.39189147949219,8374200,0.0,0.0
2019-09-20 00:00:00-04:00,71.20999908447266,72.83000183105469,71.0,71.19999694824219,50.03350830078125,15987500,0.0,0.0
2019-09-23 00:00:00-04:00,71.0,72.7699966430664,70.56999969482422,72.0,50.59568786621094,6967500,0.0,0.0
2019-09-24 00:00:00-04:00,71.16000366210938,71.87999725341797,70.9000015258789,71.55999755859375,51.11715316772461,8846900,1.17,0.0
2019-09-25 00:00:00-04:00,76.93000030517578,77.87999725341797,75.08000183105469,75.27999877929688,53.774444580078125,20435300,0.0,0.0
2019-09-26 00:00:00-04:00,74.91000366210938,75.81999969482422,74.29000091552734,75.29000091552734,53.78158950805664,5954400,0.0,0.0
2019-09-27 00:00:00-04:00,75.16000366210938,75.6500015258789,74.6500015258789,75.12999725341797,53.667301177978516,4142900,0.0,0.0
2019-09-30 00:00:00-04:00,75.16000366210938,76.18000030517578,75.02999877929688,75.93000030517578,54.238746643066406,4908900,0.0,0.0
2019-10-01 00:00:00-04:00,76.20999908447266,77.98999786376953,76.05999755859375,77.83000183105469,55.59596633911133,7555000,0.0,0.0
2019-10-02 00:00:00-04:00,77.83000183105469,78.0999984741211,76.19000244140625,76.72000122070312,54.803070068359375,7000600,0.0,0.0
2019-10-03 00:00:00-04:00,76.30000305175781,77.25,75.80999755859375,76.7699966430664,54.83879089355469,3550900,0.0,0.0
2019-10-04 00:00:00-04:00,76.43000030517578,78.37000274658203,76.31999969482422,78.27999877929688,55.91742706298828,4381300,0.0,0.0
2019-10-07 00:00:00-04:00,78.0999984741211,78.37000274658203,77.16999816894531,77.16999816894531,55.12451934814453,5370900,0.0,0.0
2019-10-08 00:00:00-04:00,76.70999908447266,77.37999725341797,76.04000091552734,76.37000274658203,54.55306625366211,5773900,0.0,0.0
2019-10-09 00:00:00-04:00,76.91000366210938,77.5199966430664,76.58000183105469,77.44999694824219,55.324527740478516,3831200,0.0,0.0
2019-10-10 00:00:00-04:00,78.04000091552734,78.29000091552734,77.01000213623047,77.75,55.53883743286133,3885800,0.0,0.0
2019-10-11 00:00:00-04:00,78.4800033569336,78.62999725341797,77.1500015258789,77.94999694824219,55.68169403076172,6289000,0.0,0.0
2019-10-14 00:00:00-04:00,76.93000030517578,78.05000305175781,76.1500015258789,78.02999877929688,55.738834381103516,4137500,0.0,0.0
2019-10-15 00:00:00-04:00,78.05999755859375,78.3499984741211,77.61000061035156,78.31999969482422,55.946006774902344,4085900,0.0,0.0
2019-10-16 00:00:00-04:00,78.43000030517578,79.79000091552734,78.43000030517578,79.0999984741211,56.503150939941406,7488400,0.0,0.0
2019-10-17 00:00:00-04:00,80.30000305175781,80.41999816894531,77.91000366210938,79.8499984741211,57.038917541503906,8730300,0.0,0.0
2019-10-18 00:00:00-04:00,79.94999694824219,81.95999908447266,79.94999694824219,80.55000305175781,57.5389404296875,8444700,0.0,0.0
2019-10-21 00:00:00-04:00,80.33999633789062,81.9000015258789,80.30000305175781,81.80000305175781,58.43185806274414,4174900,0.0,0.0
2019-10-22 00:00:00-04:00,81.54000091552734,81.97000122070312,81.16999816894531,81.16999816894531,57.98182678222656,4396900,0.0,0.0
2019-10-23 00:00:00-04:00,81.33999633789062,82.12000274658203,81.18000030517578,81.77999877929688,58.41755676269531,3015300,0.0,0.0
2019-10-24 00:00:00-04:00,81.88999938964844,82.06999969482422,81.0199966430664,81.44999694824219,58.18184280395508,3665500,0.0,0.0
2019-10-25 00:00:00-04:00,80.8499984741211,82.12999725341797,80.55000305175781,81.9800033569336,58.56043243408203,3452600,0.0,0.0
2019-10-28 00:00:00-04:00,82.0,82.37999725341797,81.68000030517578,82.08999633789062,58.63899612426758,3537600,0.0,0.0
2019-10-29 00:00:00-04:00,81.54000091552734,82.44999694824219,81.2699966430664,81.8499984741211,58.46757507324219,3443300,0.0,0.0
2019-10-30 00:00:00-04:00,82.0199966430664,82.11000061035156,80.44999694824219,81.20999908447266,58.0103874206543,3644200,0.0,0.0
2019-10-31 00:00:00-04:00,81.5999984741211,82.02999877929688,80.58000183105469,81.44000244140625,58.17469787597656,4689400,0.0,0.0
2019-11-01 00:00:00-04:00,81.83000183105469,83.04000091552734,81.83000183105469,82.97000122070312,59.267608642578125,4291800,0.0,0.0
2019-11-04 00:00:00-05:00,82.69000244140625,83.9800033569336,82.43000030517578,83.44000244140625,59.60334014892578,4294100,0.0,0.0
2019-11-05 00:00:00-05:00,83.70999908447266,84.77999877929688,83.36000061035156,84.19999694824219,60.146236419677734,4820400,0.0,0.0
2019-11-06 00:00:00-05:00,84.3499984741211,84.69999694824219,83.54000091552734,83.69999694824219,59.7890739440918,4604700,0.0,0.0
2019-11-07 00:00:00-05:00,83.87000274658203,83.91000366210938,82.16999816894531,82.25,58.75327682495117,5217600,0.0,0.0
2019-11-08 00:00:00-05:00,82.19000244140625,83.66999816894531,81.7300033569336,83.56999969482422,59.69619369506836,5287600,0.0,0.0
2019-11-11 00:00:00-05:00,83.44999694824219,84.0999984741211,83.18000030517578,83.73999786376953,59.81766128540039,2992400,0.0,0.0
2019-11-12 00:00:00-05:00,83.72000122070312,84.5,83.48999786376953,84.45999908447266,60.33197021484375,3671200,0.0,0.0
2019-11-13 00:00:00-05:00,84.20999908447266,84.83999633789062,84.13999938964844,84.7300033569336,60.52484130859375,3671400,0.0,0.0
2019-11-14 00:00:00-05:00,84.69000244140625,84.69000244140625,83.54000091552734,83.63999938964844,59.74620819091797,2896700,0.0,0.0
2019-11-15 00:00:00-05:00,83.88999938964844,84.80000305175781,83.58999633789062,84.79000091552734,60.567691802978516,4611400,0.0,0.0
2019-11-18 00:00:00-05:00,85.0,85.31999969482422,84.56999969482422,84.79000091552734,60.567691802978516,3236800,0.0,0.0
2019-11-19 00:00:00-05:00,84.38999938964844,84.73999786376953,83.41999816894531,83.45999908447266,59.61763381958008,4845200,0.0,0.0
2019-11-20 00:00:00-05:00,83.22000122070312,85.5999984741211,83.16999816894531,83.4800033569336,59.63190460205078,5670100,0.0,0.0
2019-11-21 00:00:00-05:00,83.66999816894531,84.9000015258789,83.04000091552734,83.45999908447266,59.61763381958008,4030700,0.0,0.0
2019-11-22 00:00:00-05:00,83.7300033569336,84.33000183105469,82.36000061035156,82.37999725341797,58.84615707397461,4764400,0.0,0.0
2019-11-25 00:00:00-05:00,82.5,82.7699966430664,81.55000305175781,82.37000274658203,58.839019775390625,8015400,0.0,0.0
2019-11-26 00:00:00-05:00,82.55999755859375,83.26000213623047,81.72000122070312,82.2699966430664,58.767578125,5258500,0.0,0.0
2019-11-27 00:00:00-05:00,82.66999816894531,83.18000030517578,81.66999816894531,82.4800033569336,58.91758346557617,4130800,0.0,0.0
2019-11-29 00:00:00-05:00,82.2300033569336,83.13999938964844,82.2300033569336,82.93000030517578,59.23904037475586,2927900,0.0,0.0
2019-12-02 00:00:00-05:00,82.55000305175781,82.80999755859375,81.72000122070312,82.5999984741211,59.00331115722656,4402300,0.0,0.0
2019-12-03 00:00:00-05:00,83.0,83.06999969482422,81.79000091552734,82.97000122070312,59.267608642578125,4750300,0.0,0.0
2019-12-04 00:00:00-05:00,82.45999908447266,83.04000091552734,81.87999725341797,82.0999984741211,58.646141052246094,5053500,0.0,0.0
2019-12-05 00:00:00-05:00,82.06999969482422,82.43000030517578,81.4000015258789,82.37999725341797,58.84615707397461,5209800,0.0,0.0
2019-12-06 00:00:00-05:00,83.16000366210938,83.68000030517578,82.61000061035156,83.25,59.467628479003906,3787000,0.0,0.0
2019-12-09 00:00:00-05:00,83.7699966430664,83.93000030517578,83.44000244140625,83.58999633789062,59.71049118041992,3295500,0.0,0.0
2019-12-10 00:00:00-05:00,83.33999633789062,84.2300033569336,83.08000183105469,83.9000015258789,59.93193817138672,3496300,0.0,0.0
2019-12-11 00:00:00-05:00,84.25,85.12000274658203,84.0,84.83999633789062,60.60340881347656,3719700,0.0,0.0
2019-12-12 00:00:00-05:00,84.83999633789062,85.0,84.0,84.05000305175781,60.03908157348633,6104400,0.0,0.0
2019-12-13 00:00:00-05:00,84.0,84.88999938964844,83.66000366210938,84.66999816894531,60.481964111328125,5574800,0.0,0.0
2019-12-16 00:00:00-05:00,85.3499984741211,86.45999908447266,85.30999755859375,86.25,61.61060333251953,5594500,0.0,0.0
2019-12-17 00:00:00-05:00,85.83999633789062,86.30999755859375,85.2300033569336,85.94999694824219,61.39628601074219,5435500,0.0,0.0
2019-12-18 00:00:00-05:00,84.69999694824219,85.9000015258789,84.44999694824219,85.69999694824219,62.06254196166992,6240900,1.17,0.0
2019-12-19 00:00:00-05:00,85.9000015258789,86.23999786376953,85.5999984741211,85.98999786376953,62.272552490234375,5085200,0.0,0.0
2019-12-20 00:00:00-05:00,86.87999725341797,87.08000183105469,85.19999694824219,85.2699966430664,61.751155853271484,9379200,0.0,0.0
2019-12-23 00:00:00-05:00,85.58999633789062,86.13999938964844,85.5199966430664,86.0199966430664,62.29428482055664,3992400,0.0,0.0
2019-12-24 00:00:00-05:00,86.0199966430664,86.41000366210938,85.81999969482422,86.11000061035156,62.359466552734375,1233800,0.0,0.0
2019-12-26 00:00:00-05:00,86.23999786376953,86.51000213623047,85.51000213623047,86.02999877929688,62.30152893066406,2549100,0.0,0.0
2019-12-27 00:00:00-05:00,86.0199966430664,86.44000244140625,85.79000091552734,86.30999755859375,62.504302978515625,2326500,0.0,0.0
2019-12-30 00:00:00-05:00,86.38999938964844,86.66999816894531,85.5199966430664,85.69999694824219,62.06254196166992,2568800,0.0,0.0
2019-12-31 00:00:00-05:00,85.70999908447266,85.88999938964844,84.77999877929688,85.08999633789062,61.620811462402344,3718900,0.0,0.0
2020-01-02 00:00:00-05:00,85.51000213623047,86.16999816894531,84.76000213623047,85.19000244140625,61.693199157714844,5107200,0.0,0.0
2020-01-03 00:00:00-05:00,85.02999877929688,85.94000244140625,84.86000061035156,85.02999877929688,61.57733917236328,3806700,0.0,0.0
2020-01-06 00:00:00-05:00,84.91000366210938,86.11000061035156,84.37000274658203,86.0199966430664,62.29428482055664,7041400,0.0,0.0
2020-01-07 00:00:00-05:00,85.62999725341797,86.83000183105469,85.2699966430664,86.4000015258789,62.56948471069336,4311600,0.0,0.0
2020-01-08 00:00:00-05:00,86.80000305175781,88.3499984741211,86.43000030517578,88.04000091552734,63.757137298583984,5337600,0.0,0.0
2020-01-09 00:00:00-05:00,88.37000274658203,88.66999816894531,87.41999816894531,88.27999877929688,63.930946350097656,6180100,0.0,0.0
2020-01-10 00:00:00-05:00,88.95999908447266,89.0,87.33000183105469,87.45999908447266,63.33711242675781,4411000,0.0,0.0
2020-01-13 00:00:00-05:00,87.41000366210938,88.44999694824219,87.2699966430664,87.81999969482422,63.597816467285156,5402900,0.0,0.0
2020-01-14 00:00:00-05:00,87.69999694824219,87.94000244140625,87.23999786376953,87.58000183105469,63.42401123046875,5129300,0.0,0.0
2020-01-15 00:00:00-05:00,87.30999755859375,88.88999938964844,87.30000305175781,88.31999969482422,63.95991516113281,4155400,0.0,0.0
2020-01-16 00:00:00-05:00,88.62000274658203,88.87000274658203,88.19000244140625,88.55999755859375,64.13372039794922,2602300,0.0,0.0
2020-01-17 00:00:00-05:00,88.58000183105469,88.87999725341797,87.73999786376953,88.69000244140625,64.22783660888672,5908400,0.0,0.0
2020-01-21 00:00:00-05:00,88.44000244140625,88.98999786376953,87.9000015258789,88.87000274658203,64.35820770263672,6373200,0.0,0.0
2020-01-22 00:00:00-05:00,88.56999969482422,89.12999725341797,88.48999786376953,88.9800033569336,64.4378662109375,4595700,0.0,0.0
2020-01-23 00:00:00-05:00,88.55999755859375,88.81999969482422,87.0199966430664,87.08000183105469,63.06193542480469,4592100,0.0,0.0
2020-01-24 00:00:00-05:00,86.83000183105469,87.33000183105469,85.63999938964844,86.1500015258789,62.3884391784668,3888700,0.0,0.0
2020-01-27 00:00:00-05:00,85.44999694824219,85.9000015258789,84.56999969482422,84.70999908447266,61.34560012817383,3795400,0.0,0.0
2020-01-28 00:00:00-05:00,84.55000305175781,84.94000244140625,84.06999969482422,84.68000030517578,61.323890686035156,5263700,0.0,0.0
2020-01-29 00:00:00-05:00,84.87000274658203,85.19000244140625,83.94000244140625,83.95999908447266,60.802452087402344,4418500,0.0,0.0
2020-01-30 00:00:00-05:00,83.20999908447266,84.52999877929688,82.52999877929688,84.33000183105469,61.0704345703125,5625100,0.0,0.0
2020-01-31 00:00:00-05:00,84.19000244140625,84.30000305175781,82.2699966430664,82.69999694824219,59.889976501464844,4861600,0.0,0.0
2020-02-03 00:00:00-05:00,82.63999938964844,84.19000244140625,82.63999938964844,83.0,60.10725784301758,3356400,0.0,0.0
2020-02-04 00:00:00-05:00,83.0199966430664,84.11000061035156,82.81999969482422,83.5999984741211,60.54176712036133,4615900,0.0,0.0
2020-02-05 00:00:00-05:00,83.5999984741211,84.77999877929688,83.5999984741211,83.94000244140625,60.78797149658203,4860800,0.0,0.0
2020-02-06 00:00:00-05:00,84.80000305175781,88.80000305175781,84.58000183105469,86.18000030517578,62.410160064697266,7306200,0.0,0.0
2020-02-07 00:00:00-05:00,86.30000305175781,87.73999786376953,86.22000122070312,87.44999694824219,63.329856872558594,4654600,0.0,0.0
2020-02-10 00:00:00-05:00,87.33999633789062,88.7699966430664,86.91000366210938,88.75,64.27130889892578,6392400,0.0,0.0
2020-02-11 00:00:00-05:00,88.75,90.16999816894531,88.36000061035156,89.44000244140625,64.77099609375,4975000,0.0,0.0
2020-02-12 00:00:00-05:00,89.0,89.30000305175781,87.37000274658203,87.9000015258789,63.65574645996094,4086100,0.0,0.0
2020-02-13 00:00:00-05:00,88.83999633789062,89.7300033569336,87.54000091552734,88.81999969482422,64.32199096679688,4322800,0.0,0.0
2020-02-14 00:00:00-05:00,88.87999725341797,89.2300033569336,88.01000213623047,88.5,64.09024810791016,3348600,0.0,0.0
2020-02-18 00:00:00-05:00,88.29000091552734,88.38999938964844,87.05000305175781,87.44000244140625,63.32262420654297,3606200,0.0,0.0
2020-02-19 00:00:00-05:00,87.80999755859375,87.97000122070312,86.87999725341797,87.87999725341797,63.64128875732422,4372000,0.0,0.0
2020-02-20 00:00:00-05:00,87.5,87.7699966430664,86.13999938964844,87.44000244140625,63.32262420654297,3076400,0.0,0.0
2020-02-21 00:00:00-05:00,86.86000061035156,89.69999694824219,86.68000030517578,89.63999938964844,64.91584014892578,6314300,0.0,0.0
2020-02-24 00:00:00-05:00,88.22000122070312,88.55000305175781,85.37999725341797,85.56999969482422,61.96841049194336,6497400,0.0,0.0
2020-02-25 00:00:00-05:00,85.93000030517578,87.1500015258789,84.12999725341797,85.0,61.55562210083008,6125500,0.0,0.0
2020-02-26 00:00:00-05:00,85.0,86.62000274658203,84.80999755859375,86.25,62.46084976196289,7929700,0.0,0.0
2020-02-27 00:00:00-05:00,84.86000061035156,87.44999694824219,83.06999969482422,83.06999969482422,60.157936096191406,8930500,0.0,0.0
2020-02-28 00:00:00-05:00,81.0,81.97000122070312,77.7300033569336,81.87000274658203,59.2889289855957,13650600,0.0,0.0
2020-03-02 00:00:00-05:00,81.61000061035156,85.04000091552734,80.80999755859375,84.97000122070312,61.53388595581055,6916400,0.0,0.0
2020-03-03 00:00:00-05:00,84.87999725341797,86.94999694824219,82.6500015258789,83.5,60.469337463378906,6034700,0.0,0.0
2020-03-04 00:00:00-05:00,84.33999633789062,88.77999877929688,84.1500015258789,88.73999786376953,64.26407623291016,5675300,0.0,0.0
2020-03-05 00:00:00-05:00,86.68000030517578,89.18000030517578,86.5,87.86000061035156,63.62678909301758,6587500,0.0,0.0
2020-03-06 00:00:00-05:00,84.56999969482422,87.55999755859375,83.73999786376953,87.2699966430664,63.19952392578125,6596900,0.0,0.0
2020-03-09 00:00:00-04:00,82.16999816894531,84.81999969482422,79.31999969482422,81.62999725341797,59.11513137817383,10717700,0.0,0.0
2020-03-10 00:00:00-04:00,83.27999877929688,84.97000122070312,80.87999725341797,84.7300033569336,61.36009979248047,7496100,0.0,0.0
2020-03-11 00:00:00-04:00,82.04000091552734,82.69999694824219,79.08999633789062,79.83999633789062,57.81880569458008,7083200,0.0,0.0
2020-03-12 00:00:00-04:00,73.54000091552734,76.83000183105469,70.2699966430664,72.25,52.322269439697266,11487200,0.0,0.0
2020-03-13 00:00:00-04:00,75.12000274658203,79.79000091552734,72.3499984741211,79.5,57.57260513305664,11013100,0.0,0.0
2020-03-16 00:00:00-04:00,70.76000213623047,74.66000366210938,68.41000366210938,69.5999984741211,50.4031867980957,10163400,0.0,0.0
2020-03-17 00:00:00-04:00,71.66999816894531,75.12999725341797,70.5999984741211,73.98999786376953,53.58235168457031,11051400,0.0,0.0
2020-03-18 00:00:00-04:00,70.2699966430664,73.4800033569336,59.83000183105469,64.91000366210938,47.00676345825195,14720100,0.0,0.0
2020-03-19 00:00:00-04:00,64.26000213623047,67.22000122070312,61.0099983215332,66.43000030517578,48.10752487182617,9453600,0.0,0.0
2020-03-20 00:00:00-04:00,64.9000015258789,65.26000213623047,60.290000915527344,61.09000015258789,45.033546447753906,12175000,1.17,0.0
2020-03-23 00:00:00-04:00,58.959999084472656,60.58000183105469,56.0099983215332,59.97999954223633,44.21528244018555,14031200,0.0,0.0
2020-03-24 00:00:00-04:00,60.95000076293945,66.11000061035156,60.779998779296875,63.599998474121094,46.88383483886719,9328700,0.0,0.0
2020-03-25 00:00:00-04:00,61.61000061035156,68.58000183105469,61.0099983215332,66.06999969482422,48.70463562011719,9075300,0.0,0.0
2020-03-26 00:00:00-04:00,66.12999725341797,72.04000091552734,65.9800033569336,71.16000366210938,52.45680236816406,7830700,0.0,0.0
2020-03-27 00:00:00-04:00,68.79000091552734,71.58000183105469,67.38999938964844,69.1500015258789,50.97510528564453,7972300,0.0,0.0
2020-03-30 00:00:00-04:00,70.31999969482422,73.0,70.0199966430664,72.55000305175781,53.481483459472656,6361400,0.0,0.0
2020-03-31 00:00:00-04:00,72.56999969482422,75.0199966430664,72.19999694824219,72.95999908447266,53.7837028503418,11601800,0.0,0.0
2020-04-01 00:00:00-04:00,69.7699966430664,71.98999786376953,69.27999877929688,71.12000274658203,52.42732620239258,6497600,0.0,0.0
2020-04-02 00:00:00-04:00,70.26000213623047,75.05999755859375,70.12000274658203,74.33999633789062,54.80099868774414,6143500,0.0,0.0
2020-04-03 00:00:00-04:00,75.44000244140625,75.5,72.7699966430664,73.45999908447266,54.15230178833008,5254100,0.0,0.0
2020-04-06 00:00:00-04:00,75.37999725341797,76.61000061035156,74.16000366210938,75.68000030517578,55.7888069152832,6293100,0.0,0.0
2020-04-07 00:00:00-04:00,76.87000274658203,77.2699966430664,73.72000122070312,74.51000213623047,54.92634201049805,7069800,0.0,0.0
2020-04-08 00:00:00-04:00,75.16999816894531,75.91000366210938,74.36000061035156,74.66000366210938,55.036903381347656,6565800,0.0,0.0
2020-04-09 00:00:00-04:00,75.91999816894531,77.7300033569336,74.93000030517578,75.33999633789062,55.53816223144531,9281000,0.0,0.0
2020-04-13 00:00:00-04:00,75.01000213623047,75.4800033569336,73.66999816894531,73.94999694824219,54.51350402832031,6382000,0.0,0.0
2020-04-14 00:00:00-04:00,74.3499984741211,77.44999694824219,74.1500015258789,77.18000030517578,56.89455032348633,6154200,0.0,0.0
2020-04-15 00:00:00-04:00,75.5999984741211,75.83000183105469,73.7699966430664,75.44000244140625,55.61189270019531,5730300,0.0,0.0
2020-04-16 00:00:00-04:00,76.0,76.4800033569336,74.22000122070312,75.38999938964844,55.57502365112305,4531900,0.0,0.0
2020-04-17 00:00:00-04:00,76.41999816894531,78.87000274658203,76.19000244140625,77.95999908447266,57.46955108642578,5352200,0.0,0.0
2020-04-20 00:00:00-04:00,76.13999938964844,78.13999938964844,75.7699966430664,76.86000061035156,56.658653259277344,5953700,0.0,0.0
2020-04-21 00:00:00-04:00,72.9800033569336,75.5199966430664,71.5999984741211,72.27999877929688,53.282440185546875,7726900,0.0,0.0
2020-04-22 00:00:00-04:00,73.66999816894531,73.86000061035156,71.8499984741211,73.05999755859375,53.857425689697266,4868300,0.0,0.0
2020-04-23 00:00:00-04:00,73.05999755859375,73.41000366210938,71.75,71.77999877929688,52.91384506225586,5332400,0.0,0.0
2020-04-24 00:00:00-04:00,72.5,73.97000122070312,72.30000305175781,73.66999816894531,54.30708694458008,4193500,0.0,0.0
2020-04-27 00:00:00-04:00,74.05000305175781,75.20999908447266,73.5999984741211,74.91999816894531,55.22855758666992,3915900,0.0,0.0
2020-04-28 00:00:00-04:00,76.30999755859375,78.45999908447266,76.11000061035156,77.25,56.946170806884766,5487400,0.0,0.0
2020-04-29 00:00:00-04:00,78.19999694824219,78.44000244140625,76.36000061035156,76.5,56.393280029296875,4583600,0.0,0.0
2020-04-30 00:00:00-04:00,75.94999694824219,76.16000366210938,72.77999877929688,74.5999984741211,54.9926643371582,9192200,0.0,0.0
2020-05-01 00:00:00-04:00,74.55000305175781,74.88999938964844,72.91000366210938,73.27999877929688,54.01960754394531,4782300,0.0,0.0
2020-05-04 00:00:00-04:00,73.0199966430664,73.4000015258789,71.13999938964844,73.30999755859375,54.041725158691406,4589800,0.0,0.0
2020-05-05 00:00:00-04:00,73.81999969482422,74.36000061035156,72.19000244140625,72.19999694824219,53.22346115112305,3696400,0.0,0.0
2020-05-06 00:00:00-04:00,72.43000030517578,72.5199966430664,69.55000305175781,71.5,52.70745086669922,7199100,0.0,0.0
2020-05-07 00:00:00-04:00,72.7300033569336,72.7300033569336,70.06999969482422,70.13999938964844,51.70490264892578,7019200,0.0,0.0
2020-05-08 00:00:00-04:00,71.48999786376953,72.43000030517578,71.30999755859375,72.0,53.07603454589844,5573700,0.0,0.0
2020-05-11 00:00:00-04:00,71.75,71.98999786376953,70.8499984741211,71.27999877929688,52.5452766418457,3916800,0.0,0.0
2020-05-12 00:00:00-04:00,71.83000183105469,72.23999786376953,69.87000274658203,69.87000274658203,51.50586700439453,4703300,0.0,0.0
2020-05-13 00:00:00-04:00,69.66999816894531,69.98999786376953,68.29000091552734,68.79000091552734,50.70973205566406,4541200,0.0,0.0
2020-05-14 00:00:00-04:00,68.5,68.56999969482422,66.8499984741211,67.95999908447266,50.097877502441406,5878300,0.0,0.0
2020-05-15 00:00:00-04:00,68.63999938964844,68.70999908447266,67.45999908447266,67.77999877929688,49.96518325805664,3727000,0.0,0.0
2020-05-18 00:00:00-04:00,69.66000366210938,69.87000274658203,68.0,68.25,50.31165313720703,6661100,0.0,0.0
2020-05-19 00:00:00-04:00,67.87000274658203,68.63999938964844,67.20999908447266,68.51000213623047,50.50332260131836,4830600,0.0,0.0
2020-05-20 00:00:00-04:00,68.79000091552734,70.5199966430664,68.08000183105469,70.47000122070312,51.94816207885742,5298200,0.0,0.0
2020-05-21 00:00:00-04:00,70.2300033569336,71.69000244140625,69.83000183105469,70.5,51.97027587890625,6851900,0.0,0.0
2020-05-22 00:00:00-04:00,70.5,70.63999938964844,69.51000213623047,70.44999694824219,51.93342590332031,2605300,0.0,0.0
2020-05-26 00:00:00-04:00,71.56999969482422,72.47000122070312,71.5199966430664,72.12999725341797,53.1718635559082,5627800,0.0,0.0
2020-05-27 00:00:00-04:00,73.5,74.0999984741211,73.0,73.91000366210938,54.48402786254883,5959800,0.0,0.0
2020-05-28 00:00:00-04:00,75.0,75.0,73.47000122070312,73.51000213623047,54.18915939331055,5536000,0.0,0.0
2020-05-29 00:00:00-04:00,72.94999694824219,73.62000274658203,71.86000061035156,73.36000061035156,54.078575134277344,7185900,0.0,0.0
2020-06-01 00:00:00-04:00,73.3499984741211,74.3499984741211,73.3499984741211,73.79000091552734,54.39557647705078,3309300,0.0,0.0
2020-06-02 00:00:00-04:00,74.33000183105469,74.33000183105469,73.19999694824219,73.7300033569336,54.3513298034668,3869800,0.0,0.0
2020-06-03 00:00:00-04:00,74.44999694824219,74.5999984741211,73.86000061035156,74.20999908447266,54.705177307128906,5182400,0.0,0.0
2020-06-04 00:00:00-04:00,74.0,75.2699966430664,73.5199966430664,75.19000244140625,55.4276008605957,4206700,0.0,0.0
2020-06-05 00:00:00-04:00,76.5,77.18000030517578,75.77999877929688,75.91000366210938,55.95835494995117,5395600,0.0,0.0
2020-06-08 00:00:00-04:00,75.45999908447266,77.77999877929688,75.0999984741211,77.69999694824219,57.277896881103516,5141100,0.0,0.0
2020-06-09 00:00:00-04:00,77.06999969482422,77.08999633789062,75.43000030517578,75.6500015258789,55.766693115234375,4315400,0.0,0.0
2020-06-10 00:00:00-04:00,76.12999725341797,76.38999938964844,75.12999725341797,75.13999938964844,55.39073181152344,4464300,0.0,0.0
2020-06-11 00:00:00-04:00,74.1500015258789,74.44000244140625,71.23999786376953,71.25,52.52314758300781,5981300,0.0,0.0
2020-06-12 00:00:00-04:00,72.62999725341797,72.7699966430664,69.88999938964844,70.41999816894531,51.911312103271484,6713100,0.0,0.0
2020-06-15 00:00:00-04:00,69.69999694824219,72.4000015258789,69.48999786376953,72.19999694824219,53.22346115112305,6254900,0.0,0.0
2020-06-16 00:00:00-04:00,74.23999786376953,75.12999725341797,73.6500015258789,74.66000366210938,55.036903381347656,5955800,0.0,0.0
2020-06-17 00:00:00-04:00,74.9000015258789,75.33999633789062,73.8499984741211,74.08999633789062,54.6167106628418,4486000,0.0,0.0
2020-06-18 00:00:00-04:00,73.5,74.77999877929688,73.36000061035156,74.5999984741211,54.9926643371582,3794300,0.0,0.0
2020-06-19 00:00:00-04:00,73.91000366210938,74.33999633789062,72.12000274658203,72.19999694824219,54.07149887084961,9201500,1.17,0.0
2020-06-22 00:00:00-04:00,72.3499984741211,72.7300033569336,71.7699966430664,72.04000091552734,53.95167922973633,4107200,0.0,0.0
2020-06-23 00:00:00-04:00,72.87000274658203,72.97000122070312,71.45999908447266,71.48999786376953,53.539772033691406,5238600,0.0,0.0
2020-06-24 00:00:00-04:00,70.7300033569336,71.18000030517578,69.77999877929688,70.08999633789062,52.491302490234375,5179200,0.0,0.0
2020-06-25 00:00:00-04:00,70.0999984741211,70.72000122070312,69.63999938964844,70.66999816894531,52.925662994384766,4610500,0.0,0.0
2020-06-26 00:00:00-04:00,70.27999877929688,70.62000274658203,68.37000274658203,68.87000274658203,51.5776252746582,9265400,0.0,0.0
2020-06-29 00:00:00-04:00,69.37000274658203,70.62000274658203,69.0199966430664,70.51000213623047,52.80584716796875,2953700,0.0,0.0
2020-06-30 00:00:00-04:00,70.04000091552734,70.47000122070312,69.43000030517578,70.05999755859375,52.46882629394531,4626300,0.0,0.0
2020-07-01 00:00:00-04:00,70.12999725341797,71.0,69.87999725341797,69.98999786376953,52.416404724121094,3565900,0.0,0.0
2020-07-02 00:00:00-04:00,71.0,71.20999908447266,70.19000244140625,70.45999908447266,52.768402099609375,3493700,0.0,0.0
2020-07-06 00:00:00-04:00,71.18000030517578,71.37999725341797,70.0,70.5999984741211,52.87324142456055,3562800,0.0,0.0
2020-07-07 00:00:00-04:00,70.0,73.20999908447266,69.37000274658203,72.94000244140625,54.625701904296875,8160600,0.0,0.0
2020-07-08 00:00:00-04:00,73.0,73.76000213623047,71.55999755859375,72.30000305175781,54.14639663696289,7498900,0.0,0.0
2020-07-09 00:00:00-04:00,71.69000244140625,72.19999694824219,69.87000274658203,70.13999938964844,52.52874755859375,4345400,0.0,0.0
2020-07-10 00:00:00-04:00,70.69999694824219,73.08999633789062,70.51000213623047,72.95999908447266,54.640682220458984,5429100,0.0,0.0
2020-07-13 00:00:00-04:00,72.76000213623047,73.87999725341797,72.44000244140625,73.5,55.04508972167969,5269400,0.0,0.0
2020-07-14 00:00:00-04:00,73.12000274658203,74.44000244140625,72.41000366210938,74.30999755859375,55.651710510253906,4781000,0.0,0.0
2020-07-15 00:00:00-04:00,74.77999877929688,75.3499984741211,74.52999877929688,75.0,56.16847229003906,3909600,0.0,0.0
2020-07-16 00:00:00-04:00,74.7699966430664,75.55000305175781,74.33999633789062,75.3499984741211,56.43058395385742,3691800,0.0,0.0
2020-07-17 00:00:00-04:00,75.80000305175781,75.80000305175781,74.70999908447266,75.02999877929688,56.19091796875,3299400,0.0,0.0
2020-07-20 00:00:00-04:00,74.5999984741211,74.79000091552734,72.47000122070312,72.88999938964844,54.588253021240234,5448500,0.0,0.0
2020-07-21 00:00:00-04:00,75.2300033569336,76.91999816894531,74.9000015258789,75.91999816894531,56.85745620727539,6862900,0.0,0.0
2020-07-22 00:00:00-04:00,76.25,76.31999969482422,74.04000091552734,76.0,56.91737747192383,4904900,0.0,0.0
2020-07-23 00:00:00-04:00,75.87999725341797,76.38999938964844,75.2300033569336,76.30000305175781,57.14206314086914,5116900,0.0,0.0
2020-07-24 00:00:00-04:00,77.0,77.87999725341797,76.2699966430664,76.8499984741211,57.553955078125,5695000,0.0,0.0
2020-07-27 00:00:00-04:00,76.80000305175781,78.69999694824219,76.61000061035156,78.54000091552734,58.819610595703125,7595800,0.0,0.0
2020-07-28 00:00:00-04:00,78.54000091552734,79.3499984741211,77.88999938964844,77.97000122070312,58.39274597167969,4312300,0.0,0.0
2020-07-29 00:00:00-04:00,77.8499984741211,78.69000244140625,77.16000366210938,78.38999938964844,58.707279205322266,4635800,0.0,0.0
2020-07-30 00:00:00-04:00,77.76000213623047,78.16999816894531,77.19000244140625,77.44999694824219,58.00328826904297,3422600,0.0,0.0
2020-07-31 00:00:00-04:00,77.76000213623047,77.76000213623047,76.11000061035156,76.80999755859375,57.52399826049805,4995100,0.0,0.0
2020-08-03 00:00:00-04:00,76.52999877929688,76.8499984741211,75.93000030517578,76.52999877929688,57.314292907714844,3171600,0.0,0.0
2020-08-04 00:00:00-04:00,76.04000091552734,77.37999725341797,76.0,77.0999984741211,57.741180419921875,3399100,0.0,0.0
2020-08-05 00:00:00-04:00,77.19999694824219,77.51000213623047,76.45999908447266,76.95999908447266,57.636329650878906,4204000,0.0,0.0
2020-08-06 00:00:00-04:00,76.4000015258789,77.19999694824219,76.25,77.12000274658203,57.75614547729492,2440100,0.0,0.0
2020-08-07 00:00:00-04:00,76.58000183105469,77.51000213623047,76.27999877929688,77.5,58.04075241088867,2912300,0.0,0.0
2020-08-10 00:00:00-04:00,77.36000061035156,78.45999908447266,77.26000213623047,78.37000274658203,58.692298889160156,4291400,0.0,0.0
2020-08-11 00:00:00-04:00,79.4000015258789,79.91000366210938,78.41999816894531,78.72000122070312,58.95441436767578,4574400,0.0,0.0
2020-08-12 00:00:00-04:00,79.30999755859375,80.05999755859375,79.0,79.69000244140625,59.68085861206055,4922200,0.0,0.0
2020-08-13 00:00:00-04:00,78.86000061035156,78.98999786376953,77.8499984741211,78.13999938964844,58.520050048828125,3925900,0.0,0.0
2020-08-14 00:00:00-04:00,77.7699966430664,78.30000305175781,77.37000274658203,77.70999908447266,58.19801330566406,2829700,0.0,0.0
2020-08-17 00:00:00-04:00,77.45999908447266,78.54000091552734,77.05999755859375,78.26000213623047,58.609920501708984,2542800,0.0,0.0
2020-08-18 00:00:00-04:00,78.6500015258789,79.41999816894531,78.25,79.18000030517578,59.29892349243164,2590700,0.0,0.0
2020-08-19 00:00:00-04:00,79.33000183105469,79.7699966430664,78.58999633789062,78.69999694824219,58.939430236816406,4483900,0.0,0.0
2020-08-20 00:00:00-04:00,78.36000061035156,78.77999877929688,78.01000213623047,78.22000122070312,58.5799674987793,2690700,0.0,0.0
2020-08-21 00:00:00-04:00,78.30999755859375,78.58999633789062,77.38999938964844,78.05999755859375,58.46015930175781,2790000,0.0,0.0
2020-08-24 00:00:00-04:00,78.29000091552734,79.9000015258789,78.04000091552734,79.62999725341797,59.63592529296875,2484400,0.0,0.0
2020-08-25 00:00:00-04:00,80.30999755859375,80.45999908447266,79.26000213623047,79.62000274658203,59.62843704223633,3365500,0.0,0.0
2020-08-26 00:00:00-04:00,78.7699966430664,80.08999633789062,78.23999786376953,79.9800033569336,59.89804458618164,3648600,0.0,0.0
2020-08-27 00:00:00-04:00,80.08000183105469,81.22000122070312,79.55000305175781,80.0,59.91302490234375,3502000,0.0,0.0
2020-08-28 00:00:00-04:00,79.7300033569336,80.80000305175781,79.16000366210938,80.73999786376953,60.467220306396484,3119200,0.0,0.0
2020-08-31 00:00:00-04:00,80.51000213623047,80.7300033569336,79.75,79.79000091552734,59.75576400756836,3582800,0.0,0.0
2020-09-01 00:00:00-04:00,79.13999938964844,79.5,78.63999938964844,79.04000091552734,59.19407272338867,3285500,0.0,0.0
2020-09-02 00:00:00-04:00,78.87999725341797,80.41000366210938,78.83999633789062,79.9800033569336,59.89804458618164,3321800,0.0,0.0
2020-09-03 00:00:00-04:00,80.56999969482422,81.61000061035156,78.73999786376953,79.31999969482422,59.40375900268555,4024000,0.0,0.0
2020-09-04 00:00:00-04:00,79.97000122070312,80.41999816894531,78.3499984741211,79.1500015258789,59.27645492553711,4107100,0.0,0.0
2020-09-08 00:00:00-04:00,79.43000030517578,79.58999633789062,77.88999938964844,79.02999877929688,59.18656921386719,4235200,0.0,0.0
2020-09-09 00:00:00-04:00,79.75,81.47000122070312,79.55999755859375,80.47000122070312,60.26500701904297,4483800,0.0,0.0
2020-09-10 00:00:00-04:00,80.4000015258789,81.2300033569336,79.7699966430664,80.41000366210938,60.22008514404297,3402800,0.0,0.0
2020-09-11 00:00:00-04:00,80.76000213623047,81.5,80.31999969482422,81.2300033569336,60.834190368652344,3007800,0.0,0.0
2020-09-14 00:00:00-04:00,81.62000274658203,82.58999633789062,81.30999755859375,81.94000244140625,61.36591720581055,3989600,0.0,0.0
2020-09-15 00:00:00-04:00,82.31999969482422,82.5199966430664,81.37000274658203,81.4000015258789,60.96151351928711,3199200,0.0,0.0
2020-09-16 00:00:00-04:00,81.76000213623047,82.23999786376953,80.54000091552734,80.5999984741211,60.36237335205078,4103700,0.0,0.0
2020-09-17 00:00:00-04:00,80.38999938964844,80.66999816894531,79.16000366210938,79.47000122070312,59.516090393066406,5257000,0.0,0.0
2020-09-18 00:00:00-04:00,78.75,79.56999969482422,77.98999786376953,78.08000183105469,58.475101470947266,8811100,0.0,0.0
2020-09-21 00:00:00-04:00,78.0999984741211,78.30000305175781,76.36000061035156,77.83000183105469,58.287879943847656,5570000,0.0,0.0
2020-09-22 00:00:00-04:00,78.05000305175781,78.79000091552734,76.87999725341797,77.01000213623047,57.673763275146484,4908500,0.0,0.0
2020-09-23 00:00:00-04:00,76.54000091552734,77.3499984741211,75.29000091552734,75.5,57.437950134277344,5012500,1.2,0.0
2020-09-24 00:00:00-04:00,75.56999969482422,77.08000183105469,74.91999816894531,76.3499984741211,58.084590911865234,3597200,0.0,0.0
2020-09-25 00:00:00-04:00,75.68000030517578,76.01000213623047,75.12000274658203,75.4000015258789,57.36186981201172,3836600,0.0,0.0
2020-09-28 00:00:00-04:00,76.30000305175781,77.66000366210938,76.16999816894531,76.30999755859375,58.05414962768555,3832600,0.0,0.0
2020-09-29 00:00:00-04:00,75.77999877929688,76.12000274658203,74.30000305175781,74.33999633789062,56.5554313659668,4060200,0.0,0.0
2020-09-30 00:00:00-04:00,74.54000091552734,75.29000091552734,74.3499984741211,74.98999786376953,57.04995346069336,5410400,0.0,0.0
2020-10-01 00:00:00-04:00,74.69999694824219,74.97000122070312,73.51000213623047,74.13999938964844,56.40329360961914,3934400,0.0,0.0
2020-10-02 00:00:00-04:00,73.58000183105469,75.12999725341797,73.44999694824219,74.45999908447266,56.64673614501953,2974500,0.0,0.0
2020-10-05 00:00:00-04:00,74.77999877929688,76.05999755859375,74.5199966430664,75.91000366210938,57.74986267089844,3703400,0.0,0.0
2020-10-06 00:00:00-04:00,76.2300033569336,76.73999786376953,75.30999755859375,75.5,57.437950134277344,3323800,0.0,0.0
2020-10-07 00:00:00-04:00,76.8499984741211,79.69999694824219,76.55999755859375,79.05000305175781,60.138668060302734,6691300,0.0,0.0
2020-10-08 00:00:00-04:00,78.93000030517578,79.37999725341797,77.8499984741211,78.33000183105469,59.59091567993164,6433400,0.0,0.0
2020-10-09 00:00:00-04:00,79.05999755859375,79.75,78.68000030517578,78.87999725341797,60.00932312011719,3120800,0.0,0.0
2020-10-12 00:00:00-04:00,79.08999633789062,79.62000274658203,78.5199966430664,79.31999969482422,60.34406661987305,2842800,0.0,0.0
2020-10-13 00:00:00-04:00,79.29000091552734,79.58000183105469,78.06999969482422,79.20999908447266,60.26038360595703,4414300,0.0,0.0
2020-10-14 00:00:00-04:00,78.55999755859375,79.88999938964844,77.83000183105469,78.91000366210938,60.032161712646484,3488200,0.0,0.0
2020-10-15 00:00:00-04:00,77.87000274658203,79.31999969482422,77.8499984741211,79.13999938964844,60.207122802734375,2406000,0.0,0.0
2020-10-16 00:00:00-04:00,79.3499984741211,79.87000274658203,79.02999877929688,79.2699966430664,60.306026458740234,3033600,0.0,0.0
2020-10-19 00:00:00-04:00,78.9800033569336,79.36000061035156,77.69000244140625,77.83999633789062,59.21812438964844,4671600,0.0,0.0
2020-10-20 00:00:00-04:00,77.75,77.8499984741211,73.30000305175781,73.33000183105469,55.787071228027344,9405900,0.0,0.0
2020-10-21 00:00:00-04:00,73.93000030517578,75.20999908447266,73.68000030517578,73.81999969482422,56.15985107421875,7273500,0.0,0.0
2020-10-22 00:00:00-04:00,74.76000213623047,75.08000183105469,73.91999816894531,74.86000061035156,56.9510498046875,4733500,0.0,0.0
2020-10-23 00:00:00-04:00,75.26000213623047,75.37000274658203,74.30999755859375,74.44999694824219,56.63912582397461,3823000,0.0,0.0
2020-10-26 00:00:00-04:00,73.86000061035156,73.91999816894531,72.80999755859375,73.6500015258789,56.03052520751953,5055900,0.0,0.0
2020-10-27 00:00:00-04:00,73.3499984741211,73.52999877929688,71.19000244140625,71.33000183105469,54.265541076660156,5377700,0.0,0.0
2020-10-28 00:00:00-04:00,70.04000091552734,71.12000274658203,69.54000091552734,70.04000091552734,53.28414535522461,5709000,0.0,0.0
2020-10-29 00:00:00-04:00,69.66000366210938,71.11000061035156,68.93000030517578,70.63999938964844,53.7406005859375,6457600,0.0,0.0
2020-10-30 00:00:00-04:00,70.12000274658203,71.1500015258789,69.94000244140625,71.0199966430664,54.029701232910156,6155900,0.0,0.0
2020-11-02 00:00:00-05:00,71.94000244140625,72.25,70.91999816894531,71.62999725341797,54.493778228759766,4315600,0.0,0.0
2020-11-03 00:00:00-05:00,71.9800033569336,73.05999755859375,71.68000030517578,71.81999969482422,54.63831329345703,5043800,0.0,0.0
2020-11-04 00:00:00-05:00,72.23999786376953,73.19000244140625,71.44999694824219,71.54000091552734,54.4253044128418,4771200,0.0,0.0
2020-11-05 00:00:00-05:00,72.12000274658203,72.4800033569336,70.80999755859375,70.9000015258789,53.93841552734375,5811000,0.0,0.0
2020-11-06 00:00:00-05:00,71.0199966430664,71.43000030517578,70.12999725341797,70.44999694824219,53.596065521240234,5465400,0.0,0.0
2020-11-09 00:00:00-05:00,72.80000305175781,73.30999755859375,71.58000183105469,71.62999725341797,54.493778228759766,8327700,0.0,0.0
2020-11-10 00:00:00-05:00,72.63999938964844,74.97000122070312,72.12999725341797,74.75,56.867347717285156,7138400,0.0,0.0
2020-11-11 00:00:00-05:00,74.86000061035156,75.18000030517578,73.55000305175781,75.11000061035156,57.14124298095703,4586400,0.0,0.0
2020-11-12 00:00:00-05:00,74.47000122070312,74.69999694824219,73.16999816894531,74.5,56.67716598510742,4866200,0.0,0.0
2020-11-13 00:00:00-05:00,75.0,76.04000091552734,74.75,75.88999938964844,57.73464584350586,4887000,0.0,0.0
2020-11-16 00:00:00-05:00,77.37000274658203,78.72000122070312,76.62999725341797,78.62999725341797,59.81913375854492,5408400,0.0,0.0
2020-11-17 00:00:00-05:00,78.08999633789062,78.97000122070312,77.5,78.37999725341797,59.62895584106445,3942100,0.0,0.0
2020-11-18 00:00:00-05:00,78.7300033569336,79.20999908447266,77.29000091552734,77.47000122070312,58.93666076660156,3703500,0.0,0.0
2020-11-19 00:00:00-05:00,76.76000213623047,77.83000183105469,76.38999938964844,77.51000213623047,58.967079162597656,3730300,0.0,0.0
2020-11-20 00:00:00-05:00,77.08000183105469,77.51000213623047,76.5199966430664,76.7300033569336,58.373687744140625,4877000,0.0,0.0
2020-11-23 00:00:00-05:00,76.04000091552734,76.81999969482422,75.70999908447266,76.62999725341797,58.29761505126953,3975000,0.0,0.0
2020-11-24 00:00:00-05:00,77.04000091552734,78.30000305175781,76.93000030517578,78.0199966430664,59.35506820678711,4430200,0.0,0.0
2020-11-25 00:00:00-05:00,77.80999755859375,78.20999908447266,76.87000274658203,76.88999938964844,58.49541091918945,3498400,0.0,0.0
2020-11-27 00:00:00-05:00,76.58999633789062,77.0,75.75,75.9000015258789,57.742252349853516,2523800,0.0,0.0
2020-11-30 00:00:00-05:00,75.69999694824219,76.08999633789062,75.41999816894531,75.75,57.62812423706055,5539100,0.0,0.0
2020-12-01 00:00:00-05:00,76.0199966430664,77.12999725341797,75.69000244140625,77.02999877929688,58.60190200805664,6791700,0.0,0.0
2020-12-02 00:00:00-05:00,77.29000091552734,78.11000061035156,77.0199966430664,78.06999969482422,59.39310073852539,5415000,0.0,0.0
2020-12-03 00:00:00-05:00,78.25,78.66999816894531,77.69999694824219,78.5,59.720245361328125,4313400,0.0,0.0
2020-12-04 00:00:00-05:00,78.52999877929688,80.83000183105469,78.52999877929688,80.75,61.43196487426758,4678200,0.0,0.0
2020-12-07 00:00:00-05:00,81.01000213623047,82.13999938964844,80.55000305175781,81.68000030517578,62.13947677612305,5224200,0.0,0.0
2020-12-08 00:00:00-05:00,81.27999877929688,83.12000274658203,80.87999725341797,82.63999938964844,62.86982727050781,5712800,0.0,0.0
2020-12-09 00:00:00-05:00,83.18000030517578,84.9800033569336,82.83999633789062,84.61000061035156,64.36851501464844,6900000,0.0,0.0
2020-12-10 00:00:00-05:00,84.04000091552734,85.41000366210938,83.94999694824219,84.97000122070312,64.64240264892578,8787800,0.0,0.0
2020-12-11 00:00:00-05:00,84.0,85.19999694824219,83.11000061035156,85.0,64.66521453857422,4869000,0.0,0.0
2020-12-14 00:00:00-05:00,85.72000122070312,85.77999877929688,84.36000061035156,84.4000015258789,64.20877838134766,12877400,0.0,0.0
2020-12-15 00:00:00-05:00,84.81999969482422,85.19999694824219,84.1500015258789,84.29000091552734,64.12509155273438,8624900,0.0,0.0
2020-12-16 00:00:00-05:00,84.29000091552734,86.2699966430664,84.20999908447266,85.62999725341797,65.14451599121094,9049500,0.0,0.0
2020-12-17 00:00:00-05:00,85.81999969482422,86.0,85.13999938964844,85.66999816894531,65.1749267578125,5799900,0.0,0.0
2020-12-18 00:00:00-05:00,85.37999725341797,86.61000061035156,85.0999984741211,86.08999633789062,65.49446868896484,12918200,0.0,0.0
2020-12-21 00:00:00-05:00,84.7699966430664,84.7699966430664,83.05999755859375,84.16999816894531,64.03379821777344,7672100,0.0,0.0
2020-12-22 00:00:00-05:00,82.66999816894531,82.73999786376953,81.2699966430664,82.19000244140625,63.43181228637695,5109300,1.2,0.0
2020-12-23 00:00:00-05:00,82.44999694824219,82.72000122070312,82.02999877929688,82.19999694824219,63.439517974853516,3702800,0.0,0.0
2020-12-24 00:00:00-05:00,82.16000366210938,82.5999984741211,82.02999877929688,82.51000213623047,63.67878341674805,1128500,0.0,0.0
2020-12-28 00:00:00-05:00,82.94000244140625,83.56999969482422,82.06999969482422,82.48999786376953,63.663333892822266,4528900,0.0,0.0
2020-12-29 00:00:00-05:00,83.11000061035156,83.2300033569336,81.66000366210938,81.87000274658203,63.18486022949219,2417300,0.0,0.0
2020-12-30 00:00:00-05:00,81.97000122070312,82.19999694824219,81.30999755859375,81.4800033569336,62.883853912353516,2886400,0.0,0.0
2020-12-31 00:00:00-05:00,81.45999908447266,82.91999816894531,81.29000091552734,82.79000091552734,63.894874572753906,2892300,0.0,0.0
2021-01-04 00:00:00-05:00,82.81999969482422,82.8499984741211,79.86000061035156,81.5,62.8992919921875,5389400,0.0,0.0
2021-01-05 00:00:00-05:00,82.18000030517578,83.08999633789062,81.83000183105469,82.38999938964844,63.586177825927734,5282700,0.0,0.0
2021-01-06 00:00:00-05:00,82.70999908447266,83.25,82.01000213623047,82.5,63.671058654785156,6376600,0.0,0.0
2021-01-07 00:00:00-05:00,82.69000244140625,83.36000061035156,82.31999969482422,82.9800033569336,64.04151916503906,4824300,0.0,0.0
2021-01-08 00:00:00-05:00,83.29000091552734,83.75,82.47000122070312,83.08999633789062,64.12639617919922,4035600,0.0,0.0
2021-01-11 00:00:00-05:00,83.0999984741211,83.69000244140625,82.04000091552734,82.30999755859375,63.5244140625,4698000,0.0,0.0
2021-01-12 00:00:00-05:00,82.0,82.3499984741211,80.12999725341797,81.06999969482422,62.567420959472656,5300300,0.0,0.0
2021-01-13 00:00:00-05:00,80.88999938964844,81.41999816894531,80.5199966430664,81.20999908447266,62.67548751831055,5280200,0.0,0.0
2021-01-14 00:00:00-05:00,81.2300033569336,81.56999969482422,80.55000305175781,81.18000030517578,62.652320861816406,5504700,0.0,0.0
2021-01-15 00:00:00-05:00,80.91999816894531,81.37000274658203,79.83999633789062,80.94000244140625,62.467098236083984,4492200,0.0,0.0
2021-01-19 00:00:00-05:00,81.44000244140625,82.29000091552734,80.80999755859375,81.9000015258789,63.207984924316406,7685100,0.0,0.0
2021-01-20 00:00:00-05:00,81.43000030517578,82.02999877929688,81.01000213623047,81.69999694824219,63.05363845825195,4733500,0.0,0.0
2021-01-21 00:00:00-05:00,81.94999694824219,82.08000183105469,81.0999984741211,81.33000183105469,62.768089294433594,4166300,0.0,0.0
2021-01-22 00:00:00-05:00,81.12000274658203,81.38999938964844,80.5199966430664,80.68000030517578,62.266441345214844,3156300,0.0,0.0
2021-01-25 00:00:00-05:00,80.5,81.36000061035156,80.04000091552734,81.33999633789062,62.77581024169922,4156000,0.0,0.0
2021-01-26 00:00:00-05:00,81.5,82.29000091552734,81.1500015258789,81.98999786376953,63.27745056152344,3713400,0.0,0.0
2021-01-27 00:00:00-05:00,81.0999984741211,82.05000305175781,79.44000244140625,79.80000305175781,61.587276458740234,5295400,0.0,0.0
2021-01-28 00:00:00-05:00,79.80000305175781,82.06999969482422,79.72000122070312,81.27999877929688,62.7294921875,3304800,0.0,0.0
2021-01-29 00:00:00-05:00,81.08999633789062,81.44999694824219,79.54000091552734,79.6500015258789,61.47151184082031,5107300,0.0,0.0
2021-02-01 00:00:00-05:00,79.0,79.7300033569336,78.33999633789062,79.05999755859375,61.01615905761719,6209500,0.0,0.0
2021-02-02 00:00:00-05:00,79.66000366210938,80.19000244140625,79.20999908447266,79.2699966430664,61.178218841552734,4790700,0.0,0.0
2021-02-03 00:00:00-05:00,79.20999908447266,80.83999633789062,78.91000366210938,80.2300033569336,61.91913986206055,4275000,0.0,0.0
2021-02-04 00:00:00-05:00,80.02999877929688,83.69000244140625,80.0199966430664,83.62999725341797,64.54316711425781,5391300,0.0,0.0
2021-02-05 00:00:00-05:00,84.38999938964844,84.79000091552734,83.4800033569336,84.27999877929688,65.0447998046875,5048900,0.0,0.0
2021-02-08 00:00:00-05:00,84.4000015258789,86.04000091552734,84.1500015258789,85.98999786376953,66.36453247070312,4843300,0.0,0.0
2021-02-09 00:00:00-05:00,86.19000244140625,86.69999694824219,85.56999969482422,85.62999725341797,66.0866928100586,4205400,0.0,0.0
2021-02-10 00:00:00-05:00,87.0,87.7300033569336,85.04000091552734,85.94000244140625,66.32593536376953,5260600,0.0,0.0
2021-02-11 00:00:00-05:00,86.12999725341797,86.43000030517578,84.97000122070312,85.36000061035156,65.87831115722656,3570300,0.0,0.0
2021-02-12 00:00:00-05:00,85.4000015258789,86.18000030517578,85.05999755859375,86.12000274658203,66.46488189697266,3597400,0.0,0.0
2021-02-16 00:00:00-05:00,85.87999725341797,86.22000122070312,85.31999969482422,86.0,66.37226867675781,4323000,0.0,0.0
2021-02-17 00:00:00-05:00,85.69999694824219,87.06999969482422,85.62000274658203,86.61000061035156,66.843017578125,4908800,0.0,0.0
2021-02-18 00:00:00-05:00,86.11000061035156,86.93000030517578,86.0,86.33000183105469,66.6269302368164,6859800,0.0,0.0
2021-02-19 00:00:00-05:00,86.33000183105469,86.66999816894531,85.37000274658203,85.44999694824219,65.9477767944336,4289500,0.0,0.0
2021-02-22 00:00:00-05:00,85.16000366210938,86.62000274658203,84.73999786376953,86.5,66.75814819335938,3525700,0.0,0.0
2021-02-23 00:00:00-05:00,87.63999938964844,87.75,86.16000366210938,86.44000244140625,66.71184539794922,4090300,0.0,0.0
2021-02-24 00:00:00-05:00,86.0199966430664,88.19000244140625,86.0,87.55999755859375,67.57621765136719,4560800,0.0,0.0
2021-02-25 00:00:00-05:00,87.0,87.93000030517578,86.38999938964844,86.5199966430664,66.77357482910156,3680000,0.0,0.0
2021-02-26 00:00:00-05:00,86.5199966430664,86.91000366210938,83.9800033569336,84.0199966430664,64.84413146972656,5651700,0.0,0.0
2021-03-01 00:00:00-05:00,84.7300033569336,86.16000366210938,84.47000122070312,84.94999694824219,65.56187438964844,3101200,0.0,0.0
2021-03-02 00:00:00-05:00,84.68000030517578,85.8499984741211,84.68000030517578,85.06999969482422,65.6545181274414,3563600,0.0,0.0
2021-03-03 00:00:00-05:00,85.22000122070312,86.05000305175781,84.72000122070312,85.1500015258789,65.71623992919922,3147000,0.0,0.0
2021-03-04 00:00:00-05:00,85.22000122070312,86.73999786376953,84.30000305175781,84.61000061035156,65.29949951171875,4078000,0.0,0.0
2021-03-05 00:00:00-05:00,85.1500015258789,86.4800033569336,84.5999984741211,86.16000366210938,66.49573516845703,4470100,0.0,0.0
2021-03-08 00:00:00-05:00,86.13999938964844,87.51000213623047,85.88999938964844,86.36000061035156,66.65010070800781,3841500,0.0,0.0
2021-03-09 00:00:00-05:00,86.69000244140625,87.72000122070312,86.2300033569336,87.06999969482422,67.19805145263672,7211700,0.0,0.0
2021-03-10 00:00:00-05:00,87.06999969482422,87.5,85.87999725341797,86.76000213623047,66.95880889892578,4644300,0.0,0.0
2021-03-11 00:00:00-05:00,86.48999786376953,87.51000213623047,86.05999755859375,86.62999725341797,66.85845947265625,3540300,0.0,0.0
2021-03-12 00:00:00-05:00,87.41999816894531,87.79000091552734,86.8499984741211,87.72000122070312,67.69970703125,3070300,0.0,0.0
2021-03-15 00:00:00-04:00,88.0,88.36000061035156,87.16000366210938,87.68000030517578,67.66881561279297,5626500,0.0,0.0
2021-03-16 00:00:00-04:00,87.08000183105469,88.23999786376953,87.05999755859375,88.19999694824219,68.07014465332031,6356400,0.0,0.0
2021-03-17 00:00:00-04:00,88.47000122070312,89.20999908447266,88.11000061035156,89.19999694824219,68.84191131591797,4938300,0.0,0.0
2021-03-18 00:00:00-04:00,89.0,91.25,88.8499984741211,90.55999755859375,69.89152526855469,10661100,0.0,0.0
2021-03-19 00:00:00-04:00,89.13999938964844,90.0199966430664,88.56999969482422,89.25,69.80548095703125,10234700,1.2,0.0
2021-03-22 00:00:00-04:00,88.80999755859375,90.0,88.18000030517578,89.9800033569336,70.37644958496094,5804300,0.0,0.0
2021-03-23 00:00:00-04:00,89.48999786376953,89.58999633789062,87.77999877929688,88.05000305175781,68.866943359375,4468600,0.0,0.0
2021-03-24 00:00:00-04:00,87.9000015258789,89.36000061035156,87.7300033569336,88.55000305175781,69.25801086425781,4296000,0.0,0.0
2021-03-25 00:00:00-04:00,88.51000213623047,88.91000366210938,87.76000213623047,88.69000244140625,69.36749267578125,3528800,0.0,0.0
2021-03-26 00:00:00-04:00,89.29000091552734,90.72000122070312,88.38999938964844,90.58000183105469,70.84574127197266,5045500,0.0,0.0
2021-03-29 00:00:00-04:00,90.33999633789062,91.0999984741211,89.7699966430664,90.98999786376953,71.16639709472656,4433600,0.0,0.0
2021-03-30 00:00:00-04:00,91.0,91.12000274658203,89.02999877929688,89.3499984741211,69.88369750976562,3659800,0.0,0.0
2021-03-31 00:00:00-04:00,88.88999938964844,89.20999908447266,88.55999755859375,88.73999786376953,69.40660095214844,4916000,0.0,0.0
2021-04-01 00:00:00-04:00,88.41999816894531,88.9000015258789,87.33000183105469,88.05999755859375,68.87474060058594,4647100,0.0,0.0
2021-04-05 00:00:00-04:00,88.5199966430664,89.41999816894531,88.5199966430664,88.5999984741211,69.2970962524414,3593300,0.0,0.0
2021-04-06 00:00:00-04:00,88.41000366210938,89.04000091552734,87.66999816894531,88.62999725341797,69.32056427001953,3780100,0.0,0.0
2021-04-07 00:00:00-04:00,88.75,89.04000091552734,87.73999786376953,88.27999877929688,69.04682922363281,3354600,0.0,0.0
2021-04-08 00:00:00-04:00,88.5199966430664,89.66000366210938,88.30000305175781,89.44000244140625,69.95409393310547,5045000,0.0,0.0
2021-04-09 00:00:00-04:00,89.69999694824219,91.11000061035156,89.56999969482422,91.06999969482422,71.22897338867188,5181100,0.0,0.0
2021-04-12 00:00:00-04:00,91.1500015258789,91.75,90.83000183105469,91.38999938964844,71.47926330566406,4366500,0.0,0.0
2021-04-13 00:00:00-04:00,90.11000061035156,91.0,89.98999786376953,90.77999877929688,71.00215911865234,5639700,0.0,0.0
2021-04-14 00:00:00-04:00,90.7300033569336,91.29000091552734,90.43000030517578,91.06999969482422,71.22897338867188,4058600,0.0,0.0
2021-04-15 00:00:00-04:00,91.69000244140625,92.54000091552734,91.4000015258789,91.83000183105469,71.82339477539062,4333200,0.0,0.0
2021-04-16 00:00:00-04:00,92.44000244140625,93.08999633789062,91.94999694824219,92.91000366210938,72.6680908203125,4948500,0.0,0.0
2021-04-19 00:00:00-04:00,93.3499984741211,93.43000030517578,91.45999908447266,91.66999816894531,71.69825744628906,7362900,0.0,0.0
2021-04-20 00:00:00-04:00,91.08999633789062,94.63999938964844,90.20999908447266,94.0,73.52064514160156,8163900,0.0,0.0
2021-04-21 00:00:00-04:00,94.0,95.5999984741211,93.97000122070312,94.19000244140625,73.66925048828125,5418300,0.0,0.0
2021-04-22 00:00:00-04:00,94.0,94.7300033569336,93.76000213623047,94.01000213623047,73.52845001220703,4861000,0.0,0.0
2021-04-23 00:00:00-04:00,93.47000122070312,94.70999908447266,93.37999725341797,94.61000061035156,73.99774169921875,3747100,0.0,0.0
2021-04-26 00:00:00-04:00,94.58999633789062,94.83000183105469,94.01000213623047,94.38999938964844,73.82564544677734,3157000,0.0,0.0
2021-04-27 00:00:00-04:00,94.47000122070312,94.80000305175781,94.1500015258789,94.51000213623047,73.91950988769531,4044300,0.0,0.0
2021-04-28 00:00:00-04:00,95.0,95.2699966430664,94.05999755859375,94.1500015258789,73.63795471191406,3069500,0.0,0.0
2021-04-29 00:00:00-04:00,94.27999877929688,95.18000030517578,93.80999755859375,95.08999633789062,74.37316131591797,4701800,0.0,0.0
2021-04-30 00:00:00-04:00,95.37999725341797,95.4000015258789,94.4000015258789,95.0,74.3027572631836,5031600,0.0,0.0
2021-05-03 00:00:00-04:00,95.51000213623047,96.54000091552734,95.1500015258789,95.8499984741211,74.96758270263672,3755000,0.0,0.0
2021-05-04 00:00:00-04:00,95.83000183105469,96.2300033569336,94.5999984741211,94.91000366210938,74.23236083984375,5339700,0.0,0.0
2021-05-05 00:00:00-04:00,94.80999755859375,95.54000091552734,94.5999984741211,95.44000244140625,74.64689636230469,4029800,0.0,0.0
2021-05-06 00:00:00-04:00,95.98999786376953,96.9800033569336,95.68000030517578,96.81999969482422,75.72624969482422,6201100,0.0,0.0
2021-05-07 00:00:00-04:00,96.62999725341797,97.62000274658203,96.37999725341797,97.41000366210938,76.18769836425781,2718600,0.0,0.0
2021-05-10 00:00:00-04:00,97.62999725341797,98.62000274658203,97.58000183105469,98.05999755859375,76.69610595703125,4465800,0.0,0.0
2021-05-11 00:00:00-04:00,98.33999633789062,98.45999908447266,96.56999969482422,97.29000091552734,76.0938491821289,3544000,0.0,0.0
2021-05-12 00:00:00-04:00,97.56999969482422,97.83000183105469,96.08999633789062,96.19999694824219,75.24131774902344,3828000,0.0,0.0
2021-05-13 00:00:00-04:00,95.93000030517578,97.9800033569336,95.83000183105469,97.55000305175781,76.2972183227539,4091200,0.0,0.0
2021-05-14 00:00:00-04:00,97.94999694824219,98.55999755859375,97.63999938964844,97.69999694824219,76.41453552246094,2375100,0.0,0.0
2021-05-17 00:00:00-04:00,97.51000213623047,98.2699966430664,97.51000213623047,97.55000305175781,76.2972183227539,2251500,0.0,0.0
2021-05-18 00:00:00-04:00,97.51000213623047,97.91999816894531,97.08000183105469,97.69000244140625,76.40670776367188,3240100,0.0,0.0
2021-05-19 00:00:00-04:00,97.36000061035156,97.36000061035156,95.83999633789062,96.30999755859375,75.32736206054688,5339000,0.0,0.0
2021-05-20 00:00:00-04:00,96.20999908447266,97.77999877929688,96.11000061035156,97.41999816894531,76.1955337524414,2582600,0.0,0.0
2021-05-21 00:00:00-04:00,97.6500015258789,97.98999786376953,96.69999694824219,97.41999816894531,76.1955337524414,3489000,0.0,0.0
2021-05-24 00:00:00-04:00,97.76000213623047,98.48999786376953,97.26000213623047,98.16000366210938,76.7743148803711,3044000,0.0,0.0
2021-05-25 00:00:00-04:00,98.04000091552734,98.30000305175781,96.69999694824219,97.5199966430664,76.27375793457031,3371600,0.0,0.0
2021-05-26 00:00:00-04:00,97.43000030517578,97.69999694824219,96.8499984741211,97.30999755859375,76.10948944091797,2788700,0.0,0.0
2021-05-27 00:00:00-04:00,97.47000122070312,97.79000091552734,96.30999755859375,96.68000030517578,75.61674499511719,3342700,0.0,0.0
2021-05-28 00:00:00-04:00,96.5,97.20999908447266,96.37999725341797,96.43000030517578,75.42122650146484,3746600,0.0,0.0
2021-06-01 00:00:00-04:00,97.01000213623047,97.58999633789062,96.54000091552734,96.77999877929688,75.69496154785156,2717200,0.0,0.0
2021-06-02 00:00:00-04:00,97.20999908447266,97.37000274658203,96.41000366210938,96.80999755859375,75.71841430664062,4373000,0.0,0.0
2021-06-03 00:00:00-04:00,96.2699966430664,97.51000213623047,96.08000183105469,97.37000274658203,76.15642547607422,3367300,0.0,0.0
2021-06-04 00:00:00-04:00,98.0,98.12999725341797,97.47000122070312,97.9000015258789,76.57095336914062,4471600,0.0,0.0
2021-06-07 00:00:00-04:00,98.08999633789062,98.68000030517578,97.80000305175781,98.55999755859375,77.08717346191406,4370500,0.0,0.0
2021-06-08 00:00:00-04:00,98.69999694824219,98.94999694824219,96.20999908447266,96.4000015258789,75.39775848388672,5455500,0.0,0.0
2021-06-09 00:00:00-04:00,96.41000366210938,97.30999755859375,96.23999786376953,96.75,75.67150115966797,2555000,0.0,0.0
2021-06-10 00:00:00-04:00,96.80999755859375,97.5999984741211,96.80999755859375,97.55000305175781,76.2972183227539,3065900,0.0,0.0
2021-06-11 00:00:00-04:00,98.0999984741211,98.86000061035156,97.80999755859375,98.83999633789062,77.30615234375,5530600,0.0,0.0
2021-06-14 00:00:00-04:00,99.19999694824219,100.62000274658203,98.77999877929688,100.5,78.60449981689453,9309500,0.0,0.0
2021-06-15 00:00:00-04:00,100.41000366210938,100.87000274658203,100.05000305175781,100.45999908447266,78.5732192993164,4252900,0.0,0.0
2021-06-16 00:00:00-04:00,100.87000274658203,100.94999694824219,99.51000213623047,99.91999816894531,78.15087127685547,7440000,0.0,0.0
2021-06-17 00:00:00-04:00,100.0,100.66000366210938,99.66999816894531,100.0,78.21344757080078,6795600,0.0,0.0
2021-06-18 00:00:00-04:00,99.18000030517578,99.87000274658203,98.20999908447266,99.5,77.8223648071289,15687000,0.0,0.0
2021-06-21 00:00:00-04:00,100.0,100.55999755859375,99.7300033569336,100.16000366210938,78.33856964111328,11527100,0.0,0.0
2021-06-22 00:00:00-04:00,100.0,100.79000091552734,99.83999633789062,100.0,78.21344757080078,3750600,0.0,0.0
2021-06-23 00:00:00-04:00,100.0199966430664,100.68000030517578,99.94000244140625,100.05000305175781,78.2525405883789,10206100,0.0,0.0
2021-06-24 00:00:00-04:00,97.91999816894531,99.18000030517578,97.91999816894531,99.02999877929688,78.39503479003906,5180300,1.2,0.0
2021-06-25 00:00:00-04:00,99.02999877929688,99.1500015258789,98.70999908447266,99.04000091552734,78.4029541015625,5920500,0.0,0.0
2021-06-28 00:00:00-04:00,99.3499984741211,99.44999694824219,98.47000122070312,98.66999816894531,78.11006164550781,3933600,0.0,0.0
2021-06-29 00:00:00-04:00,98.94999694824219,98.94999694824219,97.51000213623047,97.94000244140625,77.53216552734375,3237500,0.0,0.0
2021-06-30 00:00:00-04:00,98.19999694824219,99.30000305175781,98.02999877929688,99.11000061035156,78.4583740234375,3846700,0.0,0.0
2021-07-01 00:00:00-04:00,99.20999908447266,100.4800033569336,99.16000366210938,99.88999938964844,79.07584381103516,3614100,0.0,0.0
2021-07-02 00:00:00-04:00,100.0,100.52999877929688,99.72000122070312,100.30000305175781,79.4004135131836,2763200,0.0,0.0
2021-07-06 00:00:00-04:00,99.88999938964844,100.05999755859375,98.19999694824219,98.6500015258789,78.0942153930664,3486800,0.0,0.0
2021-07-07 00:00:00-04:00,98.6500015258789,99.0999984741211,98.23999786376953,98.79000091552734,78.20503234863281,3567000,0.0,0.0
2021-07-08 00:00:00-04:00,98.16999816894531,98.98999786376953,98.08999633789062,98.37000274658203,77.87257385253906,3498000,0.0,0.0
2021-07-09 00:00:00-04:00,99.37000274658203,100.19999694824219,98.93000030517578,99.4000015258789,78.68794250488281,5059100,0.0,0.0
2021-07-12 00:00:00-04:00,98.88999938964844,99.37000274658203,98.19999694824219,98.55000305175781,78.01506042480469,4984500,0.0,0.0
2021-07-13 00:00:00-04:00,98.30999755859375,98.55000305175781,97.37000274658203,97.70999908447266,77.35008239746094,5129100,0.0,0.0
2021-07-14 00:00:00-04:00,98.0,99.62000274658203,97.81999969482422,99.55999755859375,78.8145980834961,2875900,0.0,0.0
2021-07-15 00:00:00-04:00,98.79000091552734,99.52999877929688,98.79000091552734,99.30999755859375,78.61668395996094,2915900,0.0,0.0
2021-07-16 00:00:00-04:00,99.52999877929688,99.76000213623047,98.83000183105469,98.9000015258789,78.29212188720703,3122600,0.0,0.0
2021-07-19 00:00:00-04:00,98.68000030517578,98.81999969482422,96.68000030517578,97.93000030517578,77.52423095703125,4669100,0.0,0.0
2021-07-20 00:00:00-04:00,96.01000213623047,96.95999908447266,93.94000244140625,94.93000030517578,75.14934539794922,6816200,0.0,0.0
2021-07-21 00:00:00-04:00,95.6500015258789,96.77999877929688,95.20999908447266,96.54000091552734,76.42386627197266,4108000,0.0,0.0
2021-07-22 00:00:00-04:00,96.19000244140625,97.27999877929688,95.69999694824219,97.23999786376953,76.97801208496094,3949000,0.0,0.0
2021-07-23 00:00:00-04:00,97.76000213623047,98.7300033569336,97.33999633789062,98.4000015258789,77.89630889892578,2204800,0.0,0.0
2021-07-26 00:00:00-04:00,98.08000183105469,99.2300033569336,98.05000305175781,99.04000091552734,78.4029541015625,3593600,0.0,0.0
2021-07-27 00:00:00-04:00,99.19000244140625,100.30999755859375,98.87999725341797,99.83999633789062,79.0362548828125,2889300,0.0,0.0
2021-07-28 00:00:00-04:00,99.87999725341797,99.97000122070312,98.8499984741211,98.94000244140625,78.32378387451172,3022100,0.0,0.0
2021-07-29 00:00:00-04:00,99.30000305175781,100.62999725341797,99.0999984741211,100.29000091552734,79.39249420166016,3273900,0.0,0.0
2021-07-30 00:00:00-04:00,100.08999633789062,100.44999694824219,99.5199966430664,100.08999633789062,79.23414611816406,3523100,0.0,0.0
2021-08-02 00:00:00-04:00,100.63999938964844,101.5199966430664,99.80999755859375,100.02999877929688,79.18667602539062,3327400,0.0,0.0
2021-08-03 00:00:00-04:00,100.23999786376953,100.8499984741211,99.62999725341797,100.44000244140625,79.51124572753906,3052600,0.0,0.0
2021-08-04 00:00:00-04:00,100.44000244140625,100.66000366210938,99.08999633789062,99.48999786376953,78.75918579101562,2591700,0.0,0.0
2021-08-05 00:00:00-04:00,99.87000274658203,100.12999725341797,99.19999694824219,99.58999633789062,78.83833312988281,1945100,0.0,0.0
2021-08-06 00:00:00-04:00,99.87999725341797,100.0199966430664,98.9800033569336,99.20999908447266,78.53752899169922,2515800,0.0,0.0
2021-08-09 00:00:00-04:00,99.05000305175781,99.43000030517578,98.58000183105469,99.19999694824219,78.52960968017578,2029900,0.0,0.0
2021-08-10 00:00:00-04:00,99.5199966430664,100.51000213623047,99.1500015258789,99.95999908447266,79.13125610351562,2147000,0.0,0.0
2021-08-11 00:00:00-04:00,100.41000366210938,100.55000305175781,99.72000122070312,99.76000213623047,78.9729232788086,2915200,0.0,0.0
2021-08-12 00:00:00-04:00,99.7300033569336,100.1500015258789,99.27999877929688,100.01000213623047,79.17082214355469,2899800,0.0,0.0
2021-08-13 00:00:00-04:00,100.33000183105469,101.83000183105469,100.02999877929688,101.58999633789062,80.42160034179688,2215000,0.0,0.0
2021-08-16 00:00:00-04:00,101.83000183105469,102.43000030517578,101.41000366210938,102.38999938964844,81.0549087524414,3047600,0.0,0.0
2021-08-17 00:00:00-04:00,102.30000305175781,103.0,101.75,102.5,81.1419906616211,3911400,0.0,0.0
2021-08-18 00:00:00-04:00,101.83000183105469,102.23999786376953,100.8499984741211,100.94999694824219,79.91498565673828,2559700,0.0,0.0
2021-08-19 00:00:00-04:00,100.30000305175781,101.6500015258789,100.01000213623047,101.41999816894531,80.28702545166016,2996900,0.0,0.0
2021-08-20 00:00:00-04:00,101.20999908447266,101.94999694824219,100.86000061035156,101.41999816894531,80.28702545166016,2114600,0.0,0.0
2021-08-23 00:00:00-04:00,101.72000122070312,102.08000183105469,100.7699966430664,100.8499984741211,79.83580780029297,2782500,0.0,0.0
2021-08-24 00:00:00-04:00,100.61000061035156,100.76000213623047,99.6500015258789,100.62999725341797,79.66163635253906,2627700,0.0,0.0
2021-08-25 00:00:00-04:00,100.79000091552734,101.7300033569336,100.26000213623047,101.23999786376953,80.14453125,2213600,0.0,0.0
2021-08-26 00:00:00-04:00,101.2699966430664,101.63999938964844,100.80999755859375,101.25,80.1524429321289,1723800,0.0,0.0
2021-08-27 00:00:00-04:00,101.80999755859375,102.41000366210938,101.3499984741211,102.0999984741211,80.8253402709961,2994400,0.0,0.0
2021-08-30 00:00:00-04:00,102.0999984741211,103.18000030517578,101.80000305175781,103.06999969482422,81.59323120117188,2371300,0.0,0.0
2021-08-31 00:00:00-04:00,103.02999877929688,103.62999725341797,102.69000244140625,103.0,81.53780364990234,3876900,0.0,0.0
2021-09-01 00:00:00-04:00,103.1500015258789,103.61000061035156,102.27999877929688,103.55999755859375,81.9811019897461,3051500,0.0,0.0
2021-09-02 00:00:00-04:00,104.0,105.6500015258789,103.9000015258789,105.63999938964844,83.62770080566406,4366400,0.0,0.0
2021-09-03 00:00:00-04:00,105.44000244140625,106.25,104.9800033569336,106.0999984741211,83.99183654785156,2961300,0.0,0.0
2021-09-07 00:00:00-04:00,105.30000305175781,106.51000213623047,105.08999633789062,106.05999755859375,83.96018981933594,6390600,0.0,0.0
2021-09-08 00:00:00-04:00,104.9800033569336,105.27999877929688,102.3499984741211,103.68000030517578,82.07611083984375,6060200,0.0,0.0
2021-09-09 00:00:00-04:00,103.27999877929688,103.66999816894531,102.2300033569336,102.58000183105469,81.20530700683594,4824600,0.0,0.0
2021-09-10 00:00:00-04:00,103.1500015258789,104.95999908447266,103.01000213623047,103.56999969482422,81.98902893066406,3944000,0.0,0.0
2021-09-13 00:00:00-04:00,103.80000305175781,104.33999633789062,102.08000183105469,102.58999633789062,81.21322631835938,3780700,0.0,0.0
2021-09-14 00:00:00-04:00,102.58999633789062,103.0,101.7699966430664,101.95999908447266,80.7145004272461,3155000,0.0,0.0
2021-09-15 00:00:00-04:00,102.11000061035156,104.05000305175781,101.94999694824219,104.0,82.3294448852539,5166000,0.0,0.0
2021-09-16 00:00:00-04:00,103.62000274658203,104.0,102.04000091552734,102.83000183105469,81.40323638916016,4113700,0.0,0.0
2021-09-17 00:00:00-04:00,102.12000274658203,102.69999694824219,101.75,101.86000061035156,80.63533782958984,8748200,0.0,0.0
2021-09-20 00:00:00-04:00,100.66999816894531,101.30000305175781,99.83000183105469,100.98999786376953,79.9466323852539,6580100,0.0,0.0
2021-09-21 00:00:00-04:00,101.47000122070312,102.18000030517578,100.29000091552734,100.51000213623047,79.56664276123047,3893900,0.0,0.0
2021-09-22 00:00:00-04:00,101.36000061035156,101.38999938964844,100.30999755859375,100.51000213623047,79.56664276123047,3768100,0.0,0.0
2021-09-23 00:00:00-04:00,100.97000122070312,102.02999877929688,100.5,101.44999694824219,80.31077575683594,4029000,0.0,0.0
2021-09-24 00:00:00-04:00,101.3499984741211,102.08000183105469,101.0999984741211,101.81999969482422,80.60367584228516,3523800,0.0,0.0
2021-09-27 00:00:00-04:00,101.62000274658203,103.04000091552734,101.62000274658203,102.51000213623047,81.14990234375,4414900,0.0,0.0
2021-09-28 00:00:00-04:00,101.30000305175781,101.30000305175781,98.12000274658203,98.41999816894531,78.87391662597656,6281700,1.25,0.0
2021-09-29 00:00:00-04:00,98.52999877929688,99.75,98.31999969482422,99.48999786376953,79.7314224243164,3172600,0.0,0.0
2021-09-30 00:00:00-04:00,99.16999816894531,99.27999877929688,94.37000274658203,94.79000091552734,75.96483612060547,7261300,0.0,0.0
2021-10-01 00:00:00-04:00,95.16999816894531,96.30000305175781,94.83000183105469,96.08000183105469,76.99864196777344,4585000,0.0,0.0
2021-10-04 00:00:00-04:00,96.19999694824219,96.94999694824219,95.41000366210938,96.19000244140625,77.08680725097656,4091500,0.0,0.0
2021-10-05 00:00:00-04:00,96.61000061035156,96.94999694824219,95.7699966430664,96.38999938964844,77.2470703125,4250200,0.0,0.0
2021-10-06 00:00:00-04:00,95.5199966430664,96.88999938964844,95.11000061035156,96.63999938964844,77.44742584228516,3309000,0.0,0.0
2021-10-07 00:00:00-04:00,97.41999816894531,97.91000366210938,95.44000244140625,95.6500015258789,76.65404510498047,4343700,0.0,0.0
2021-10-08 00:00:00-04:00,95.91000366210938,96.25,95.18000030517578,95.3499984741211,76.41361999511719,3976300,0.0,0.0
2021-10-11 00:00:00-04:00,95.30000305175781,95.69999694824219,94.8499984741211,95.12000274658203,76.22930908203125,2840200,0.0,0.0
2021-10-12 00:00:00-04:00,95.48999786376953,96.2699966430664,95.3499984741211,95.58000183105469,76.59796905517578,3168700,0.0,0.0
2021-10-13 00:00:00-04:00,95.58000183105469,97.66000366210938,95.19999694824219,97.47000122070312,78.11259460449219,4996100,0.0,0.0
2021-10-14 00:00:00-04:00,98.31999969482422,99.36000061035156,97.79000091552734,98.8499984741211,79.21852111816406,4477800,0.0,0.0
2021-10-15 00:00:00-04:00,99.4000015258789,99.7300033569336,98.05999755859375,98.37000274658203,78.83385467529297,3971000,0.0,0.0
2021-10-18 00:00:00-04:00,97.33999633789062,97.75,96.55000305175781,97.44999694824219,78.09654998779297,3826600,0.0,0.0
2021-10-19 00:00:00-04:00,96.19999694824219,97.52999877929688,95.70999908447266,95.79000091552734,76.76625061035156,4223900,0.0,0.0
2021-10-20 00:00:00-04:00,95.91000366210938,97.55000305175781,95.69999694824219,97.0199966430664,77.7519760131836,3778600,0.0,0.0
2021-10-21 00:00:00-04:00,96.62000274658203,96.91000366210938,96.16999816894531,96.5199966430664,77.35127258300781,3601900,0.0,0.0
2021-10-22 00:00:00-04:00,96.54000091552734,97.29000091552734,96.22000122070312,96.87999725341797,77.6397476196289,3310200,0.0,0.0
2021-10-25 00:00:00-04:00,97.47000122070312,97.47000122070312,96.19999694824219,96.54000091552734,77.36727905273438,3934900,0.0,0.0
2021-10-26 00:00:00-04:00,96.30000305175781,96.66999816894531,95.62999725341797,96.19999694824219,77.09481811523438,3150900,0.0,0.0
2021-10-27 00:00:00-04:00,96.68000030517578,96.75,94.7300033569336,94.87000274658203,76.0289535522461,3537100,0.0,0.0
2021-10-28 00:00:00-04:00,94.44999694824219,96.0199966430664,94.44999694824219,95.97000122070312,76.91049194335938,4754500,0.0,0.0
2021-10-29 00:00:00-04:00,95.79000091552734,96.06999969482422,94.30999755859375,94.54000091552734,75.76448822021484,5260500,0.0,0.0
2021-11-01 00:00:00-04:00,94.63999938964844,94.63999938964844,93.4000015258789,93.41999816894531,74.8669204711914,3513400,0.0,0.0
2021-11-02 00:00:00-04:00,93.62000274658203,94.22000122070312,92.9000015258789,94.0199966430664,75.34774780273438,3480000,0.0,0.0
2021-11-03 00:00:00-04:00,93.91000366210938,94.80999755859375,93.5199966430664,94.7300033569336,75.916748046875,2463500,0.0,0.0
2021-11-04 00:00:00-04:00,94.41000366210938,94.51000213623047,93.30999755859375,93.72000122070312,75.10733032226562,2332400,0.0,0.0
2021-11-05 00:00:00-04:00,94.25,95.25,94.12999725341797,94.30000305175781,75.57215118408203,2784100,0.0,0.0
2021-11-08 00:00:00-05:00,94.58000183105469,94.83000183105469,92.79000091552734,92.88999938964844,74.44216918945312,4623600,0.0,0.0
2021-11-09 00:00:00-05:00,93.2699966430664,94.3499984741211,92.58000183105469,93.66999816894531,75.0672607421875,4050800,0.0,0.0
2021-11-10 00:00:00-05:00,94.19000244140625,94.56999969482422,93.86000061035156,94.37999725341797,75.63626098632812,3450400,0.0,0.0
2021-11-11 00:00:00-05:00,94.6500015258789,95.16999816894531,94.41000366210938,95.0,76.13312530517578,3580700,0.0,0.0
2021-11-12 00:00:00-05:00,95.45999908447266,95.94000244140625,94.72000122070312,94.76000213623047,75.94081115722656,3110200,0.0,0.0
2021-11-15 00:00:00-05:00,95.0,95.52999877929688,94.83000183105469,95.36000061035156,76.421630859375,2543100,0.0,0.0
2021-11-16 00:00:00-05:00,95.12999725341797,95.33999633789062,92.9800033569336,93.06999969482422,74.58643341064453,3960000,0.0,0.0
2021-11-17 00:00:00-05:00,93.05000305175781,93.9000015258789,92.8499984741211,93.58999633789062,75.00313568115234,5320300,0.0,0.0
2021-11-18 00:00:00-05:00,93.26000213623047,93.41999816894531,90.9800033569336,91.55000305175781,73.36830139160156,5606700,0.0,0.0
2021-11-19 00:00:00-05:00,91.83999633789062,91.83999633789062,89.47000122070312,90.4000015258789,72.4466781616211,5700900,0.0,0.0
2021-11-22 00:00:00-05:00,90.79000091552734,91.41000366210938,89.0999984741211,89.77999877929688,71.94981384277344,8059100,0.0,0.0
2021-11-23 00:00:00-05:00,90.0,90.23999786376953,89.36000061035156,89.6500015258789,71.84562683105469,6103400,0.0,0.0
2021-11-24 00:00:00-05:00,89.80999755859375,91.11000061035156,89.61000061035156,90.02999877929688,72.15018463134766,5066500,0.0,0.0
2021-11-26 00:00:00-05:00,88.91000366210938,89.0,88.02999877929688,88.68000030517578,71.06828308105469,2668800,0.0,0.0
2021-11-29 00:00:00-05:00,88.11000061035156,88.70999908447266,86.72000122070312,87.3499984741211,70.00242614746094,7245500,0.0,0.0
2021-11-30 00:00:00-05:00,86.27999877929688,86.95999908447266,85.63999938964844,85.94000244140625,68.87242889404297,7378500,0.0,0.0
2021-12-01 00:00:00-05:00,86.9800033569336,88.80999755859375,86.66000366210938,86.87000274658203,69.61773681640625,6109900,0.0,0.0
2021-12-02 00:00:00-05:00,87.63999938964844,88.87999725341797,87.31999969482422,87.83999633789062,70.39509582519531,5763000,0.0,0.0
2021-12-03 00:00:00-05:00,88.62999725341797,89.51000213623047,87.94999694824219,89.37999725341797,71.62925720214844,7368200,0.0,0.0
2021-12-06 00:00:00-05:00,90.05999755859375,91.80000305175781,90.01000213623047,91.38999938964844,73.24008178710938,6774300,0.0,0.0
2021-12-07 00:00:00-05:00,91.36000061035156,92.2300033569336,90.2699966430664,90.41000366210938,72.4546890258789,6151000,0.0,0.0
2021-12-08 00:00:00-05:00,90.81999969482422,91.02999877929688,89.55000305175781,89.88999938964844,72.03797149658203,5111100,0.0,0.0
2021-12-09 00:00:00-05:00,89.54000091552734,90.16999816894531,89.20999908447266,89.5,71.72542572021484,4594000,0.0,0.0
2021-12-10 00:00:00-05:00,89.8499984741211,90.56999969482422,89.8499984741211,90.04000091552734,72.15818786621094,4885900,0.0,0.0
2021-12-13 00:00:00-05:00,89.86000061035156,92.30999755859375,89.66999816894531,91.66999816894531,73.46446228027344,8055600,0.0,0.0
2021-12-14 00:00:00-05:00,91.43000030517578,92.5999984741211,90.75,91.91999816894531,73.6648178100586,10371700,0.0,0.0
2021-12-15 00:00:00-05:00,92.0,93.19999694824219,91.80999755859375,92.7300033569336,74.31394958496094,6460800,0.0,0.0
2021-12-16 00:00:00-05:00,92.83000183105469,94.56999969482422,92.75,94.37999725341797,75.63626098632812,6832400,0.0,0.0
2021-12-17 00:00:00-05:00,93.91999816894531,94.6500015258789,92.94999694824219,93.44999694824219,74.89095306396484,10263400,0.0,0.0
2021-12-20 00:00:00-05:00,92.80999755859375,92.97000122070312,91.7699966430664,92.86000061035156,74.41813659667969,4284500,0.0,0.0
2021-12-21 00:00:00-05:00,93.51000213623047,93.77999877929688,92.87999725341797,93.04000091552734,74.56238555908203,4583500,0.0,0.0
2021-12-22 00:00:00-05:00,91.61000061035156,92.94999694824219,91.41999816894531,92.91000366210938,75.4721908569336,4877400,1.25,0.0
2021-12-23 00:00:00-05:00,93.0,93.5,92.63999938964844,92.93000030517578,75.48843383789062,2926800,0.0,0.0
2021-12-27 00:00:00-05:00,92.87000274658203,93.55999755859375,92.61000061035156,93.54000091552734,75.98394012451172,2036600,0.0,0.0
2021-12-28 00:00:00-05:00,93.38999938964844,94.1500015258789,93.29000091552734,93.86000061035156,76.24386596679688,2622100,0.0,0.0
2021-12-29 00:00:00-05:00,93.94999694824219,94.69000244140625,93.75,94.30000305175781,76.60128784179688,3238600,0.0,0.0
2021-12-30 00:00:00-05:00,94.45999908447266,94.72000122070312,94.20999908447266,94.26000213623047,76.56879425048828,2973800,0.0,0.0
2021-12-31 00:00:00-05:00,94.20999908447266,95.19000244140625,94.05000305175781,95.0,77.16990661621094,3219400,0.0,0.0
2022-01-03 00:00:00-05:00,94.88999938964844,95.80000305175781,94.44000244140625,95.7300033569336,77.7629165649414,4790300,0.0,0.0
2022-01-04 00:00:00-05:00,95.7699966430664,96.94000244140625,95.52999877929688,96.33999633789062,78.25840759277344,5372400,0.0,0.0
2022-01-05 00:00:00-05:00,96.0,97.06999969482422,95.48999786376953,95.94999694824219,77.94161987304688,7180700,0.0,0.0
2022-01-06 00:00:00-05:00,96.97000122070312,97.63999938964844,96.12000274658203,97.41000366210938,79.12759399414062,6279600,0.0,0.0
2022-01-07 00:00:00-05:00,97.38999938964844,99.7300033569336,97.06999969482422,99.13999938964844,80.53290557861328,4764500,0.0,0.0
2022-01-10 00:00:00-05:00,99.69999694824219,100.4000015258789,98.73999786376953,100.27999877929688,81.45893096923828,7067300,0.0,0.0
2022-01-11 00:00:00-05:00,100.12000274658203,101.0199966430664,99.08999633789062,100.98999786376953,82.03569793701172,6473300,0.0,0.0
2022-01-12 00:00:00-05:00,100.95999908447266,101.91000366210938,100.16000366210938,101.44000244140625,82.40121459960938,4812200,0.0,0.0
2022-01-13 00:00:00-05:00,101.33000183105469,102.12999725341797,100.80000305175781,102.0999984741211,82.9373550415039,6696800,0.0,0.0
2022-01-14 00:00:00-05:00,102.0999984741211,103.54000091552734,101.44000244140625,103.37999725341797,83.97711181640625,5576100,0.0,0.0
2022-01-18 00:00:00-05:00,103.22000122070312,103.5999984741211,101.47000122070312,101.7300033569336,82.63681030273438,7123400,0.0,0.0
2022-01-19 00:00:00-05:00,101.80999755859375,102.33000183105469,101.41999816894531,101.48999786376953,82.44182586669922,6510600,0.0,0.0
2022-01-20 00:00:00-05:00,101.05999755859375,102.77999877929688,100.68000030517578,102.0199966430664,82.87237548828125,5589700,0.0,0.0
2022-01-21 00:00:00-05:00,102.63999938964844,103.75,102.33000183105469,102.91999816894531,83.60345458984375,5423700,0.0,0.0
2022-01-24 00:00:00-05:00,102.4800033569336,102.98999786376953,98.80999755859375,100.58000183105469,81.70262908935547,8974600,0.0,0.0
2022-01-25 00:00:00-05:00,99.68000030517578,102.63999938964844,98.2699966430664,102.13999938964844,82.96983337402344,6006400,0.0,0.0
2022-01-26 00:00:00-05:00,101.80999755859375,102.8499984741211,100.56999969482422,101.37999725341797,82.35249328613281,6340300,0.0,0.0
2022-01-27 00:00:00-05:00,102.0999984741211,103.30000305175781,101.41000366210938,102.25,83.0592041015625,7345900,0.0,0.0
2022-01-28 00:00:00-05:00,102.0,103.69000244140625,101.38999938964844,103.5199966430664,84.0908432006836,5520300,0.0,0.0
2022-01-31 00:00:00-05:00,102.47000122070312,103.63999938964844,102.33000183105469,102.8499984741211,83.54658508300781,8025800,0.0,0.0
2022-02-01 00:00:00-05:00,102.9000015258789,103.6500015258789,102.0199966430664,103.25,83.87151336669922,8047800,0.0,0.0
2022-02-02 00:00:00-05:00,103.0,104.16999816894531,102.91000366210938,103.9000015258789,84.39952087402344,7527700,0.0,0.0
2022-02-03 00:00:00-05:00,104.0999984741211,104.18000030517578,103.04000091552734,103.80999755859375,84.32640838623047,3815500,0.0,0.0
2022-02-04 00:00:00-05:00,103.41999816894531,104.36000061035156,102.69999694824219,103.58999633789062,84.14768981933594,6374500,0.0,0.0
2022-02-07 00:00:00-05:00,103.58999633789062,104.0999984741211,102.69999694824219,103.58000183105469,84.13957977294922,5195700,0.0,0.0
2022-02-08 00:00:00-05:00,104.08999633789062,104.26000213623047,103.43000030517578,103.8499984741211,84.35890197753906,5953100,0.0,0.0
2022-02-09 00:00:00-05:00,104.23999786376953,104.54000091552734,103.75,104.0999984741211,84.56198120117188,4226000,0.0,0.0
2022-02-10 00:00:00-05:00,104.61000061035156,106.44000244140625,103.95999908447266,105.06999969482422,85.34992980957031,7008300,0.0,0.0
2022-02-11 00:00:00-05:00,105.05000305175781,108.56999969482422,104.91000366210938,107.95999908447266,87.69750213623047,8674300,0.0,0.0
2022-02-14 00:00:00-05:00,108.0,109.41999816894531,107.7699966430664,109.23999786376953,88.73726654052734,9409900,0.0,0.0
2022-02-15 00:00:00-05:00,109.3499984741211,110.62999725341797,109.06999969482422,109.66999816894531,89.0865707397461,6564500,0.0,0.0
2022-02-16 00:00:00-05:00,109.66999816894531,111.97000122070312,109.30000305175781,111.56999969482422,90.62997436523438,8577200,0.0,0.0
2022-02-17 00:00:00-05:00,110.69000244140625,112.33000183105469,110.6500015258789,111.9000015258789,90.89803314208984,6320400,0.0,0.0
2022-02-18 00:00:00-05:00,111.5,112.4800033569336,111.18000030517578,111.61000061035156,90.66246032714844,7870300,0.0,0.0
2022-02-22 00:00:00-05:00,110.91999816894531,111.16999816894531,107.54000091552734,108.58999633789062,88.20926666259766,7944500,0.0,0.0
2022-02-23 00:00:00-05:00,109.16999816894531,109.37999725341797,108.01000213623047,108.58999633789062,88.20926666259766,5268000,0.0,0.0
2022-02-24 00:00:00-05:00,106.11000061035156,106.33000183105469,101.18000030517578,102.79000091552734,83.49787139892578,10355000,0.0,0.0
2022-02-25 00:00:00-05:00,103.80000305175781,105.9800033569336,103.52999877929688,105.23999786376953,85.48802185058594,6634400,0.0,0.0
2022-02-28 00:00:00-05:00,102.08000183105469,102.7699966430664,100.06999969482422,101.06999969482422,82.10064697265625,10381600,0.0,0.0
2022-03-01 00:00:00-05:00,101.06999969482422,102.16000366210938,100.44000244140625,101.44000244140625,82.40121459960938,5000500,0.0,0.0
2022-03-02 00:00:00-05:00,101.44000244140625,103.48999786376953,101.01000213623047,102.54000091552734,83.29476928710938,5426100,0.0,0.0
2022-03-03 00:00:00-05:00,101.62999725341797,103.08999633789062,101.62999725341797,102.4800033569336,83.24603271484375,4584600,0.0,0.0
2022-03-04 00:00:00-05:00,101.04000091552734,101.05999755859375,99.25,99.80000305175781,81.06901550292969,7054400,0.0,0.0
2022-03-07 00:00:00-05:00,97.3499984741211,97.58999633789062,92.44999694824219,93.19999694824219,75.70774841308594,14334100,0.0,0.0
2022-03-08 00:00:00-05:00,94.19000244140625,96.36000061035156,92.69999694824219,93.97000122070312,76.33323669433594,11529300,0.0,0.0
2022-03-09 00:00:00-05:00,95.22000122070312,96.06999969482422,93.3499984741211,93.80999755859375,76.2032470703125,6427300,0.0,0.0
2022-03-10 00:00:00-05:00,92.93000030517578,93.83000183105469,91.5999984741211,91.88999938964844,74.64360809326172,8099400,0.0,0.0
2022-03-11 00:00:00-05:00,92.2699966430664,92.41999816894531,88.76000213623047,88.87000274658203,72.1904296875,8629800,0.0,0.0
2022-03-14 00:00:00-04:00,89.88999938964844,90.58000183105469,88.37000274658203,89.58999633789062,72.7752914428711,16030300,0.0,0.0
2022-03-15 00:00:00-04:00,91.33000183105469,92.94999694824219,90.61000061035156,92.66000366210938,75.26911163330078,8224500,0.0,0.0
2022-03-16 00:00:00-04:00,93.0,94.5,92.83000183105469,93.7699966430664,76.17076110839844,6299100,0.0,0.0
2022-03-17 00:00:00-04:00,93.5,93.8499984741211,92.93000030517578,93.33000183105469,75.81334686279297,6728800,0.0,0.0
2022-03-18 00:00:00-04:00,94.19000244140625,94.69999694824219,93.22000122070312,93.9000015258789,76.2763671875,9667800,0.0,0.0
2022-03-21 00:00:00-04:00,94.55000305175781,95.0,93.38999938964844,94.13999938964844,76.4713363647461,4593800,0.0,0.0
2022-03-22 00:00:00-04:00,94.29000091552734,95.41999816894531,93.51000213623047,93.6500015258789,76.07329559326172,5860200,0.0,0.0
2022-03-23 00:00:00-04:00,92.72000122070312,93.13999938964844,91.16000366210938,91.25,75.12650299072266,5038800,1.25,0.0
2022-03-24 00:00:00-04:00,91.44999694824219,93.08000183105469,91.33000183105469,92.58000183105469,76.22148895263672,4587100,0.0,0.0
2022-03-25 00:00:00-04:00,92.25,93.4800033569336,92.04000091552734,93.44999694824219,76.93775177001953,3162600,0.0,0.0
2022-03-28 00:00:00-04:00,92.81999969482422,93.19999694824219,91.0,92.06999969482422,75.80160522460938,4097200,0.0,0.0
2022-03-29 00:00:00-04:00,92.16000366210938,93.62999725341797,92.11000061035156,93.62999725341797,77.0859603881836,6964600,0.0,0.0
2022-03-30 00:00:00-04:00,93.69000244140625,93.9800033569336,92.80000305175781,93.94000244140625,77.34117889404297,3935000,0.0,0.0
2022-03-31 00:00:00-04:00,93.77999877929688,94.58000183105469,93.51000213623047,93.94000244140625,77.34117889404297,6599300,0.0,0.0
2022-04-01 00:00:00-04:00,94.95999908447266,96.94999694824219,94.58999633789062,96.77999877929688,79.67935943603516,5687000,0.0,0.0
2022-04-04 00:00:00-04:00,95.98999786376953,96.56999969482422,95.4000015258789,96.27999877929688,79.26771545410156,5176200,0.0,0.0
2022-04-05 00:00:00-04:00,95.41000366210938,97.02999877929688,95.41000366210938,95.66000366210938,78.75726318359375,3623500,0.0,0.0
2022-04-06 00:00:00-04:00,96.77999877929688,99.11000061035156,95.51000213623047,99.0199966430664,81.52356719970703,7381500,0.0,0.0
2022-04-07 00:00:00-04:00,98.05000305175781,100.12999725341797,97.9800033569336,99.66999816894531,82.0587158203125,8385400,0.0,0.0
2022-04-08 00:00:00-04:00,100.08999633789062,100.94999694824219,99.87000274658203,100.06999969482422,82.38803100585938,5086200,0.0,0.0
2022-04-11 00:00:00-04:00,100.87999725341797,101.66000366210938,99.58000183105469,101.23999786376953,83.35128784179688,7200300,0.0,0.0
2022-04-12 00:00:00-04:00,101.04000091552734,101.1500015258789,99.83000183105469,100.48999786376953,82.73381805419922,5320100,0.0,0.0
2022-04-13 00:00:00-04:00,100.31999969482422,101.58999633789062,100.31999969482422,101.19999694824219,83.318359375,6708300,0.0,0.0
2022-04-14 00:00:00-04:00,101.0,102.04000091552734,100.76000213623047,101.7699966430664,83.78764343261719,4370000,0.0,0.0
2022-04-18 00:00:00-04:00,101.48999786376953,102.25,100.87999725341797,101.05000305175781,83.19487762451172,7424800,0.0,0.0
2022-04-19 00:00:00-04:00,101.16000366210938,102.69000244140625,100.66999816894531,102.58000183105469,84.45452880859375,6603900,0.0,0.0
2022-04-20 00:00:00-04:00,102.29000091552734,103.87999725341797,102.29000091552734,103.05000305175781,84.84148406982422,5796800,0.0,0.0
2022-04-21 00:00:00-04:00,103.37000274658203,105.73999786376953,101.93000030517578,105.05999755859375,86.49630737304688,5835500,0.0,0.0
2022-04-22 00:00:00-04:00,105.16999816894531,105.19999694824219,102.58999633789062,102.69000244140625,84.54510498046875,4139900,0.0,0.0
2022-04-25 00:00:00-04:00,101.93000030517578,102.69999694824219,100.23999786376953,102.52999877929688,84.4133529663086,4580300,0.0,0.0
2022-04-26 00:00:00-04:00,102.55999755859375,103.30000305175781,102.12000274658203,102.7699966430664,84.61094665527344,4614700,0.0,0.0
2022-04-27 00:00:00-04:00,103.0999984741211,103.2699966430664,101.61000061035156,101.69000244140625,83.7217788696289,4259400,0.0,0.0
2022-04-28 00:00:00-04:00,102.0,103.12000274658203,100.94999694824219,102.41000366210938,84.31455993652344,4399800,0.0,0.0
2022-04-29 00:00:00-04:00,102.62000274658203,102.95999908447266,99.79000091552734,100.0,82.33039093017578,4911100,0.0,0.0
2022-05-02 00:00:00-04:00,101.38999938964844,101.38999938964844,96.48999786376953,98.56999969482422,81.153076171875,7263500,0.0,0.0
2022-05-03 00:00:00-04:00,98.88999938964844,99.56999969482422,97.43000030517578,98.98999786376953,81.49886322021484,3839600,0.0,0.0
2022-05-04 00:00:00-04:00,98.69000244140625,100.63999938964844,98.41999816894531,100.55999755859375,82.79145050048828,3562100,0.0,0.0
2022-05-05 00:00:00-04:00,99.77999877929688,101.55000305175781,99.13999938964844,99.7699966430664,82.14103698730469,4072600,0.0,0.0
2022-05-06 00:00:00-04:00,98.98999786376953,99.62999725341797,97.9800033569336,98.94000244140625,81.45769500732422,3384400,0.0,0.0
2022-05-09 00:00:00-04:00,98.47000122070312,102.0,97.33999633789062,99.87000274658203,82.223388671875,7282300,0.0,0.0
2022-05-10 00:00:00-04:00,99.5999984741211,100.58000183105469,98.12999725341797,98.87999725341797,81.40828704833984,7091500,0.0,0.0
2022-05-11 00:00:00-04:00,99.55000305175781,104.7300033569336,99.5,103.62000274658203,85.31077575683594,8132100,0.0,0.0
2022-05-12 00:00:00-04:00,104.05999755859375,105.19000244140625,101.77999877929688,103.37000274658203,85.10494232177734,7908500,0.0,0.0
2022-05-13 00:00:00-04:00,103.79000091552734,104.81999969482422,102.94999694824219,104.43000030517578,85.97762298583984,2816100,0.0,0.0
2022-05-16 00:00:00-04:00,104.36000061035156,106.62999725341797,104.12000274658203,105.91000366210938,87.19612884521484,5423700,0.0,0.0
2022-05-17 00:00:00-04:00,106.81999969482422,106.97000122070312,105.51000213623047,106.30000305175781,87.51722717285156,4199300,0.0,0.0
2022-05-18 00:00:00-04:00,107.0,107.01000213623047,105.19999694824219,106.18000030517578,87.41842651367188,5819500,0.0,0.0
2022-05-19 00:00:00-04:00,105.0,105.18000030517578,99.86000061035156,100.5,82.74205780029297,9297700,0.0,0.0
2022-05-20 00:00:00-04:00,100.68000030517578,101.75,99.62999725341797,101.1500015258789,83.27721405029297,5077000,0.0,0.0
2022-05-23 00:00:00-04:00,103.0999984741211,105.73999786376953,101.5999984741211,102.91000366210938,84.72621154785156,6296700,0.0,0.0
2022-05-24 00:00:00-04:00,102.77999877929688,106.7300033569336,102.77999877929688,106.62000274658203,87.78067016601562,6116800,0.0,0.0
2022-05-25 00:00:00-04:00,107.06999969482422,109.80999755859375,106.11000061035156,108.56999969482422,89.38611602783203,6839900,0.0,0.0
2022-05-26 00:00:00-04:00,108.86000061035156,109.66999816894531,107.9800033569336,108.06999969482422,88.9744644165039,4623500,0.0,0.0
2022-05-27 00:00:00-04:00,108.5999984741211,108.62999725341797,105.91999816894531,106.97000122070312,88.06884002685547,6977000,0.0,0.0
2022-05-31 00:00:00-04:00,106.16999816894531,107.22000122070312,105.06999969482422,106.25,87.47605895996094,7741200,0.0,0.0
2022-06-01 00:00:00-04:00,106.4800033569336,106.54000091552734,104.62000274658203,105.76000213623047,87.07263946533203,6407200,0.0,0.0
2022-06-02 00:00:00-04:00,105.69999694824219,106.37000274658203,103.25,106.20999908447266,87.443115234375,5823000,0.0,0.0
2022-06-03 00:00:00-04:00,106.20999908447266,106.97000122070312,105.5199966430664,105.5199966430664,86.87503814697266,5991600,0.0,0.0
2022-06-06 00:00:00-04:00,106.94999694824219,107.72000122070312,106.01000213623047,106.37000274658203,87.57484436035156,5633100,0.0,0.0
2022-06-07 00:00:00-04:00,105.63999938964844,106.41999816894531,104.91000366210938,106.27999877929688,87.50076293945312,4629300,0.0,0.0
2022-06-08 00:00:00-04:00,104.62999725341797,105.18000030517578,103.08999633789062,103.54000091552734,85.2448959350586,8555300,0.0,0.0
2022-06-09 00:00:00-04:00,103.91999816894531,104.0999984741211,101.61000061035156,101.69000244140625,83.7217788696289,3625700,0.0,0.0
2022-06-10 00:00:00-04:00,100.55000305175781,103.37000274658203,100.19999694824219,102.33000183105469,84.24871063232422,3819000,0.0,0.0
2022-06-13 00:00:00-04:00,101.3499984741211,101.79000091552734,97.98999786376953,98.5,81.09545135498047,4297800,0.0,0.0
2022-06-14 00:00:00-04:00,98.97000122070312,100.05999755859375,98.06999969482422,98.97000122070312,81.48239135742188,4013500,0.0,0.0
2022-06-15 00:00:00-04:00,99.58999633789062,100.3499984741211,97.87999725341797,98.20999908447266,80.85669708251953,5760600,0.0,0.0
2022-06-16 00:00:00-04:00,97.25,98.5999984741211,96.26000213623047,98.2699966430664,80.90607452392578,5581100,0.0,0.0
2022-06-17 00:00:00-04:00,98.0,99.16000366210938,97.80000305175781,97.94999694824219,80.64261627197266,12262300,0.0,0.0
2022-06-21 00:00:00-04:00,100.0,100.1500015258789,97.68000030517578,100.0999984741211,82.41273498535156,6843000,0.0,0.0
2022-06-22 00:00:00-04:00,99.7300033569336,100.13999938964844,97.20999908447266,99.18000030517578,81.6552963256836,5006900,0.0,0.0
2022-06-23 00:00:00-04:00,99.5,101.87000274658203,99.33999633789062,101.56999969482422,83.62298583984375,5619700,0.0,0.0
2022-06-24 00:00:00-04:00,102.0,104.75,101.0,103.4000015258789,85.12963104248047,6048700,0.0,0.0
2022-06-27 00:00:00-04:00,103.5199966430664,103.94999694824219,102.43000030517578,102.70999908447266,84.56156158447266,5446800,0.0,0.0
2022-06-28 00:00:00-04:00,102.98999786376953,103.87999725341797,101.83000183105469,102.44000244140625,84.33926391601562,5036600,0.0,0.0
2022-06-29 00:00:00-04:00,101.87999725341797,102.68000030517578,100.61000061035156,100.87000274658203,83.04667663574219,2805300,0.0,0.0
2022-06-30 00:00:00-04:00,98.66000366210938,99.05999755859375,97.69000244140625,98.73999786376953,82.3130874633789,4591700,1.25,0.0
2022-07-01 00:00:00-04:00,98.6500015258789,99.95999908447266,97.95999908447266,99.72000122070312,83.13003540039062,3283900,0.0,0.0
2022-07-05 00:00:00-04:00,98.77999877929688,99.06999969482422,96.91999816894531,98.08000183105469,81.76288604736328,3464500,0.0,0.0
2022-07-06 00:00:00-04:00,98.76000213623047,98.9800033569336,94.73999786376953,95.0,79.19528198242188,8146500,0.0,0.0
2022-07-07 00:00:00-04:00,95.02999877929688,95.79000091552734,93.76000213623047,94.98999786376953,79.18693542480469,5858200,0.0,0.0
2022-07-08 00:00:00-04:00,94.88999938964844,95.16999816894531,93.81999969482422,93.88999938964844,78.26994323730469,3108900,0.0,0.0
2022-07-11 00:00:00-04:00,94.18000030517578,94.58000183105469,93.05000305175781,93.2300033569336,77.7197494506836,3065000,0.0,0.0
2022-07-12 00:00:00-04:00,93.27999877929688,94.79000091552734,93.11000061035156,93.80000305175781,78.19493865966797,3736200,0.0,0.0
2022-07-13 00:00:00-04:00,93.55000305175781,94.08000183105469,90.55999755859375,90.6500015258789,75.5689697265625,6290100,0.0,0.0
2022-07-14 00:00:00-04:00,89.25,89.87999725341797,88.2699966430664,89.62000274658203,74.71033477783203,5867400,0.0,0.0
2022-07-15 00:00:00-04:00,90.70999908447266,91.22000122070312,89.81999969482422,90.18000030517578,75.17716217041016,5170900,0.0,0.0
2022-07-18 00:00:00-04:00,90.18000030517578,90.9000015258789,89.22000122070312,89.51000213623047,74.6186294555664,4136800,0.0,0.0
2022-07-19 00:00:00-04:00,90.80000305175781,91.47000122070312,90.22000122070312,91.43000030517578,76.21920776367188,5459600,0.0,0.0
2022-07-20 00:00:00-04:00,91.18000030517578,91.6500015258789,89.5999984741211,89.83000183105469,74.8853988647461,4936000,0.0,0.0
2022-07-21 00:00:00-04:00,90.29000091552734,95.0,90.25,93.58999633789062,78.01985168457031,6650400,0.0,0.0
2022-07-22 00:00:00-04:00,94.08000183105469,96.0999984741211,94.08000183105469,95.93000030517578,79.97057342529297,5307600,0.0,0.0
2022-07-25 00:00:00-04:00,96.0,96.37999725341797,95.16999816894531,95.83999633789062,79.89552307128906,5358000,0.0,0.0
2022-07-26 00:00:00-04:00,96.0,96.63999938964844,95.31999969482422,96.52999877929688,80.47074127197266,4671700,0.0,0.0
2022-07-27 00:00:00-04:00,95.76000213623047,97.63999938964844,95.13999938964844,96.95999908447266,80.82920837402344,6309300,0.0,0.0
2022-07-28 00:00:00-04:00,96.88999938964844,97.63999938964844,96.20999908447266,97.16999816894531,81.0042724609375,5447900,0.0,0.0
2022-07-29 00:00:00-04:00,96.41000366210938,97.19000244140625,96.05000305175781,97.1500015258789,80.98758697509766,4267400,0.0,0.0
2022-08-01 00:00:00-04:00,97.44999694824219,99.20999908447266,97.16999816894531,98.4800033569336,82.09632873535156,5315900,0.0,0.0
2022-08-02 00:00:00-04:00,98.9000015258789,99.23999786376953,98.11000061035156,98.6500015258789,82.23805236816406,4740600,0.0,0.0
2022-08-03 00:00:00-04:00,98.69999694824219,99.79000091552734,98.31999969482422,98.80999755859375,82.3714370727539,3450100,0.0,0.0
2022-08-04 00:00:00-04:00,98.5,98.77999877929688,97.58000183105469,98.0,81.6961898803711,3252300,0.0,0.0
2022-08-05 00:00:00-04:00,97.87000274658203,97.87000274658203,97.06999969482422,97.5999984741211,81.36270904541016,2346500,0.0,0.0
2022-08-08 00:00:00-04:00,98.20999908447266,98.52999877929688,97.38999938964844,97.63999938964844,81.39607238769531,3938300,0.0,0.0
2022-08-09 00:00:00-04:00,98.37999725341797,98.48999786376953,97.06999969482422,97.37000274658203,81.17098999023438,1952500,0.0,0.0
2022-08-10 00:00:00-04:00,97.62000274658203,98.33000183105469,96.77999877929688,98.12999725341797,81.8045654296875,3311100,0.0,0.0
2022-08-11 00:00:00-04:00,98.58000183105469,100.37999725341797,98.29000091552734,99.47000122070312,82.92162322998047,3825500,0.0,0.0
2022-08-12 00:00:00-04:00,99.79000091552734,100.05999755859375,98.66999816894531,99.23999786376953,82.7298812866211,3068100,0.0,0.0
2022-08-15 00:00:00-04:00,99.37999725341797,101.11000061035156,99.25,101.0,84.19707489013672,5789400,0.0,0.0
2022-08-16 00:00:00-04:00,100.7300033569336,102.19000244140625,100.7300033569336,101.72000122070312,84.79732513427734,3469200,0.0,0.0
2022-08-17 00:00:00-04:00,101.55000305175781,102.02999877929688,100.9800033569336,101.16999816894531,84.33881378173828,3041900,0.0,0.0
2022-08-18 00:00:00-04:00,101.13999938964844,101.25,100.08000183105469,100.5,83.7802734375,2566800,0.0,0.0
2022-08-19 00:00:00-04:00,100.37999725341797,100.43000030517578,99.83999633789062,100.12999725341797,83.4718246459961,2947600,0.0,0.0
2022-08-22 00:00:00-04:00,99.6500015258789,99.94000244140625,97.83999633789062,98.29000091552734,81.93791961669922,3190900,0.0,0.0
2022-08-23 00:00:00-04:00,97.44999694824219,98.18000030517578,96.36000061035156,97.80000305175781,81.52945709228516,3319500,0.0,0.0
2022-08-24 00:00:00-04:00,97.45999908447266,97.93000030517578,97.05999755859375,97.63999938964844,81.39607238769531,2423900,0.0,0.0
2022-08-25 00:00:00-04:00,97.94000244140625,98.33999633789062,97.52999877929688,98.19000244140625,81.85457611083984,2358000,0.0,0.0
2022-08-26 00:00:00-04:00,98.5999984741211,98.73999786376953,96.4800033569336,96.55000305175781,80.4874267578125,2938100,0.0,0.0
2022-08-29 00:00:00-04:00,96.19999694824219,96.9000015258789,95.72000122070312,96.23999786376953,80.2289810180664,2293000,0.0,0.0
2022-08-30 00:00:00-04:00,96.23999786376953,96.66000366210938,95.18000030517578,95.48999786376953,79.603759765625,2178400,0.0,0.0
2022-08-31 00:00:00-04:00,95.51000213623047,96.30000305175781,95.20999908447266,95.48999786376953,79.603759765625,3959700,0.0,0.0
2022-09-01 00:00:00-04:00,95.44999694824219,97.31999969482422,95.3499984741211,96.4800033569336,80.42906951904297,3451400,0.0,0.0
2022-09-02 00:00:00-04:00,96.9000015258789,97.51000213623047,94.0999984741211,94.52999877929688,78.80345916748047,4077600,0.0,0.0
2022-09-06 00:00:00-04:00,94.97000122070312,95.31999969482422,93.79000091552734,94.0999984741211,78.44500732421875,4130500,0.0,0.0
2022-09-07 00:00:00-04:00,94.16999816894531,94.94000244140625,93.52999877929688,94.61000061035156,78.87017059326172,3965000,0.0,0.0
2022-09-08 00:00:00-04:00,94.37999725341797,95.98999786376953,94.08999633789062,95.62000274658203,79.7121353149414,3641700,0.0,0.0
2022-09-09 00:00:00-04:00,96.06999969482422,97.87000274658203,95.58000183105469,97.05999755859375,80.91256713867188,3418600,0.0,0.0
2022-09-12 00:00:00-04:00,97.5,98.2300033569336,97.23999786376953,97.66000366210938,81.41275024414062,3675600,0.0,0.0
2022-09-13 00:00:00-04:00,96.95999908447266,97.19999694824219,93.75,94.0199966430664,78.37831115722656,3196400,0.0,0.0
2022-09-14 00:00:00-04:00,94.41999816894531,94.48999786376953,93.08999633789062,93.69999694824219,78.1115493774414,3498600,0.0,0.0
2022-09-15 00:00:00-04:00,93.83000183105469,94.4800033569336,93.13999938964844,94.04000091552734,78.39500427246094,3661200,0.0,0.0
2022-09-16 00:00:00-04:00,95.48999786376953,95.76000213623047,94.02999877929688,95.55999755859375,79.662109375,10447000,0.0,0.0
2022-09-19 00:00:00-04:00,94.87999725341797,96.04000091552734,94.30000305175781,95.91999816894531,79.96221923828125,4048000,0.0,0.0
2022-09-20 00:00:00-04:00,95.5199966430664,96.7300033569336,95.08999633789062,96.01000213623047,80.03724670410156,3616700,0.0,0.0
2022-09-21 00:00:00-04:00,96.19000244140625,97.47000122070312,96.08000183105469,96.41999816894531,80.37904357910156,5183800,0.0,0.0
2022-09-22 00:00:00-04:00,96.37999725341797,96.9800033569336,95.26000213623047,95.79000091552734,79.85386657714844,3802900,0.0,0.0
2022-09-23 00:00:00-04:00,95.0,95.16000366210938,90.62000274658203,91.79000091552734,76.51931762695312,5287900,0.0,0.0
2022-09-26 00:00:00-04:00,91.41000366210938,92.36000061035156,90.05000305175781,90.16999816894531,75.16883850097656,4482200,0.0,0.0
2022-09-27 00:00:00-04:00,89.4800033569336,90.12999725341797,86.83000183105469,87.0199966430664,73.57919311523438,7067800,1.27,0.0
2022-09-28 00:00:00-04:00,87.27999877929688,87.83000183105469,86.0999984741211,87.3499984741211,73.85823059082031,8287300,0.0,0.0
2022-09-29 00:00:00-04:00,87.12000274658203,87.5,85.61000061035156,86.08999633789062,72.79283142089844,4301400,0.0,0.0
2022-09-30 00:00:00-04:00,86.0,86.36000061035156,82.8499984741211,83.01000213623047,70.1885757446289,7259200,0.0,0.0
2022-10-03 00:00:00-04:00,84.16999816894531,85.44000244140625,83.73999786376953,85.02999877929688,71.8965835571289,4789500,0.0,0.0
2022-10-04 00:00:00-04:00,85.37999725341797,87.5,85.05999755859375,87.0,73.56229400634766,5483700,0.0,0.0
2022-10-05 00:00:00-04:00,86.3499984741211,87.45999908447266,86.19999694824219,86.97000122070312,73.53692626953125,4317100,0.0,0.0
2022-10-06 00:00:00-04:00,86.52999877929688,86.8499984741211,84.83000183105469,85.47000122070312,72.26861572265625,4963600,0.0,0.0
2022-10-07 00:00:00-04:00,85.26000213623047,85.61000061035156,84.22000122070312,84.6500015258789,71.57526397705078,3464600,0.0,0.0
2022-10-10 00:00:00-04:00,84.93000030517578,85.5999984741211,84.0,84.0,71.02568054199219,2717700,0.0,0.0
2022-10-11 00:00:00-04:00,84.01000213623047,86.69000244140625,84.01000213623047,85.62000274658203,72.39543914794922,5037300,0.0,0.0
2022-10-12 00:00:00-04:00,86.25,87.37999725341797,85.5999984741211,85.66999816894531,72.4377212524414,3901200,0.0,0.0
2022-10-13 00:00:00-04:00,84.16999816894531,87.41999816894531,84.0,87.2300033569336,73.75677490234375,4495700,0.0,0.0
2022-10-14 00:00:00-04:00,87.80999755859375,88.30000305175781,85.08999633789062,85.26000213623047,72.0910415649414,3534100,0.0,0.0
2022-10-17 00:00:00-04:00,86.0999984741211,86.44999694824219,85.06999969482422,85.56999969482422,72.3531723022461,3277100,0.0,0.0
2022-10-18 00:00:00-04:00,86.83999633789062,87.33999633789062,85.97000122070312,86.30999755859375,72.97887420654297,3480800,0.0,0.0
2022-10-19 00:00:00-04:00,86.68000030517578,87.1500015258789,85.75,86.47000122070312,73.1141586303711,4874800,0.0,0.0
2022-10-20 00:00:00-04:00,85.0,86.69000244140625,84.5199966430664,85.02999877929688,71.8965835571289,4846100,0.0,0.0
2022-10-21 00:00:00-04:00,85.1500015258789,87.01000213623047,84.44000244140625,86.51000213623047,73.14797973632812,6780800,0.0,0.0
2022-10-24 00:00:00-04:00,86.58000183105469,87.94000244140625,86.11000061035156,87.19000244140625,73.72294616699219,8413900,0.0,0.0
2022-10-25 00:00:00-04:00,87.33999633789062,88.69000244140625,87.06999969482422,88.5,74.83060455322266,5243600,0.0,0.0
2022-10-26 00:00:00-04:00,88.87999725341797,90.13999938964844,88.44999694824219,89.58000183105469,75.74380493164062,4749900,0.0,0.0
2022-10-27 00:00:00-04:00,89.5199966430664,90.27999877929688,89.0999984741211,89.54000091552734,75.70997619628906,7072200,0.0,0.0
2022-10-28 00:00:00-04:00,89.98999786376953,93.13999938964844,89.66999816894531,92.52999877929688,78.23815155029297,4278800,0.0,0.0
2022-10-31 00:00:00-04:00,92.05000305175781,92.30000305175781,91.29000091552734,91.8499984741211,77.66317749023438,3473800,0.0,0.0
2022-11-01 00:00:00-04:00,92.26000213623047,92.55000305175781,91.11000061035156,91.72000122070312,77.55326843261719,3485300,0.0,0.0
2022-11-02 00:00:00-04:00,91.5999984741211,91.88999938964844,89.25,89.37999725341797,75.5746841430664,4691500,0.0,0.0
2022-11-03 00:00:00-04:00,88.5999984741211,89.11000061035156,88.16999816894531,88.33999633789062,74.69532012939453,3331700,0.0,0.0
2022-11-04 00:00:00-04:00,89.51000213623047,91.18000030517578,89.06999969482422,89.9800033569336,76.08201599121094,2990500,0.0,0.0
2022-11-07 00:00:00-05:00,90.44999694824219,91.37999725341797,90.12000274658203,90.9000015258789,76.85990905761719,5069500,0.0,0.0
2022-11-08 00:00:00-05:00,91.19999694824219,92.58999633789062,90.36000061035156,92.5,78.2127914428711,4176700,0.0,0.0
2022-11-09 00:00:00-05:00,92.55000305175781,92.91000366210938,90.91000366210938,90.97000122070312,76.91909790039062,3119500,0.0,0.0
2022-11-10 00:00:00-05:00,93.01000213623047,93.58999633789062,91.66999816894531,93.25,78.8469467163086,5452900,0.0,0.0
2022-11-11 00:00:00-05:00,93.44999694824219,94.81999969482422,92.41999816894531,94.47000122070312,79.87850952148438,4019100,0.0,0.0
2022-11-14 00:00:00-05:00,94.55000305175781,95.37000274658203,93.87000274658203,93.93000030517578,79.42190551757812,5715100,0.0,0.0
2022-11-15 00:00:00-05:00,95.68000030517578,96.22000122070312,93.91999816894531,94.66999816894531,80.04761505126953,4242700,0.0,0.0
2022-11-16 00:00:00-05:00,95.26000213623047,95.58999633789062,94.37999725341797,94.70999908447266,80.0814437866211,2820200,0.0,0.0
2022-11-17 00:00:00-05:00,94.94999694824219,95.4000015258789,93.48999786376953,95.16000366210938,80.4619369506836,2803000,0.0,0.0
2022-11-18 00:00:00-05:00,96.0,96.61000061035156,95.43000030517578,96.27999877929688,81.408935546875,3833900,0.0,0.0
2022-11-21 00:00:00-05:00,96.61000061035156,97.45999908447266,96.05000305175781,96.9000015258789,81.93316650390625,3271900,0.0,0.0
2022-11-22 00:00:00-05:00,97.33000183105469,97.56999969482422,96.94000244140625,97.16000366210938,82.15302276611328,2862900,0.0,0.0
2022-11-23 00:00:00-05:00,97.44999694824219,98.5999984741211,97.19000244140625,98.11000061035156,82.95629119873047,2979700,0.0,0.0
2022-11-25 00:00:00-05:00,98.01000213623047,98.58000183105469,97.76000213623047,98.25,83.07464599609375,1299000,0.0,0.0
2022-11-28 00:00:00-05:00,97.31999969482422,98.12000274658203,96.77999877929688,97.62999725341797,82.55043029785156,3623700,0.0,0.0
2022-11-29 00:00:00-05:00,97.81999969482422,97.9000015258789,97.0199966430664,97.79000091552734,82.68570709228516,2859700,0.0,0.0
2022-11-30 00:00:00-05:00,97.94999694824219,99.87999725341797,96.7300033569336,99.66999816894531,84.27533721923828,5873600,0.0,0.0
2022-12-01 00:00:00-05:00,100.05999755859375,102.66999816894531,99.9000015258789,102.45999908447266,86.6343994140625,7797700,0.0,0.0
2022-12-02 00:00:00-05:00,101.51000213623047,104.30999755859375,101.23999786376953,104.30000305175781,88.190185546875,5847300,0.0,0.0
2022-12-05 00:00:00-05:00,103.30999755859375,104.12000274658203,103.01000213623047,103.4800033569336,87.49685668945312,17092500,0.0,0.0
2022-12-06 00:00:00-05:00,103.41999816894531,104.08999633789062,101.02999877929688,101.62999725341797,85.93260192871094,7233700,0.0,0.0
2022-12-07 00:00:00-05:00,102.11000061035156,102.25,101.1500015258789,101.87999725341797,86.14398956298828,7894400,0.0,0.0
2022-12-08 00:00:00-05:00,101.72000122070312,102.16999816894531,101.01000213623047,102.05999755859375,86.29617309570312,5086400,0.0,0.0
2022-12-09 00:00:00-05:00,102.1500015258789,102.91999816894531,101.88999938964844,102.08999633789062,86.3215560913086,5723600,0.0,0.0
2022-12-12 00:00:00-05:00,102.19999694824219,102.81999969482422,101.62000274658203,102.5999984741211,86.7527847290039,7695600,0.0,0.0
2022-12-13 00:00:00-05:00,103.44999694824219,103.81999969482422,100.81999969482422,102.31999969482422,86.51602935791016,8753300,0.0,0.0
2022-12-14 00:00:00-05:00,102.76000213623047,103.08000183105469,101.63999938964844,102.45999908447266,86.6343994140625,7866400,0.0,0.0
2022-12-15 00:00:00-05:00,101.95999908447266,102.30000305175781,99.80999755859375,101.2699966430664,85.62820434570312,4969000,0.0,0.0
2022-12-16 00:00:00-05:00,100.52999877929688,101.43000030517578,99.5,100.27999877929688,84.79110717773438,11412000,0.0,0.0
2022-12-19 00:00:00-05:00,100.62000274658203,101.44000244140625,99.93000030517578,100.61000061035156,85.07015991210938,4467700,0.0,0.0
2022-12-20 00:00:00-05:00,100.79000091552734,101.38999938964844,100.25,100.91999816894531,85.33226013183594,4261400,0.0,0.0
2022-12-21 00:00:00-05:00,99.9000015258789,100.5999984741211,99.69000244140625,100.5199966430664,86.07725524902344,5615900,1.27,0.0
2022-12-22 00:00:00-05:00,100.51000213623047,100.91999816894531,99.58999633789062,100.86000061035156,86.368408203125,3112500,0.0,0.0
2022-12-23 00:00:00-05:00,100.54000091552734,101.79000091552734,100.30999755859375,101.69000244140625,87.07916259765625,2493500,0.0,0.0
2022-12-27 00:00:00-05:00,102.08000183105469,103.0,101.72000122070312,102.68000030517578,87.9269027709961,5468100,0.0,0.0
2022-12-28 00:00:00-05:00,103.0,103.1500015258789,100.87000274658203,100.94000244140625,86.43692016601562,2393500,0.0,0.0
2022-12-29 00:00:00-05:00,101.08999633789062,101.48999786376953,100.80000305175781,101.19000244140625,86.65099334716797,2361400,0.0,0.0
2022-12-30 00:00:00-05:00,101.05999755859375,101.41000366210938,100.30000305175781,101.20999908447266,86.66812133789062,2858700,0.0,0.0
2023-01-03 00:00:00-05:00,101.51000213623047,101.94000244140625,100.19000244140625,101.30000305175781,86.74519348144531,2730000,0.0,0.0
2023-01-04 00:00:00-05:00,101.51000213623047,101.73999786376953,100.68000030517578,101.2300033569336,86.68524932861328,5895500,0.0,0.0
2023-01-05 00:00:00-05:00,100.58999633789062,101.08999633789062,99.76000213623047,100.81999969482422,86.33414459228516,3590200,0.0,0.0
2023-01-06 00:00:00-05:00,102.0999984741211,104.2699966430664,101.83000183105469,103.48999786376953,88.62052154541016,5815700,0.0,0.0
2023-01-09 00:00:00-05:00,104.0,104.43000030517578,102.27999877929688,102.30000305175781,87.60151672363281,4864200,0.0,0.0
2023-01-10 00:00:00-05:00,102.62000274658203,102.81999969482422,101.79000091552734,102.19000244140625,87.50731658935547,4275100,0.0,0.0
2023-01-11 00:00:00-05:00,102.31999969482422,102.95999908447266,101.01000213623047,102.05999755859375,87.39598083496094,4561600,0.0,0.0
2023-01-12 00:00:00-05:00,102.52999877929688,102.55999755859375,101.08999633789062,101.44000244140625,86.86506652832031,4109100,0.0,0.0
2023-01-13 00:00:00-05:00,101.33999633789062,101.86000061035156,101.20999908447266,101.69999694824219,87.08771514892578,2772100,0.0,0.0
2023-01-17 00:00:00-05:00,102.12000274658203,102.45999908447266,100.93000030517578,101.2300033569336,86.68524932861328,4283900,0.0,0.0
2023-01-18 00:00:00-05:00,101.01000213623047,101.41000366210938,98.6500015258789,99.26000213623047,84.99828338623047,4271700,0.0,0.0
2023-01-19 00:00:00-05:00,100.61000061035156,101.94999694824219,100.23999786376953,101.19000244140625,86.65099334716797,4645400,0.0,0.0
2023-01-20 00:00:00-05:00,101.5199966430664,101.9800033569336,100.88999938964844,101.81999969482422,87.19048309326172,4806500,0.0,0.0
2023-01-23 00:00:00-05:00,102.0,102.4000015258789,100.97000122070312,101.1500015258789,86.61675262451172,4815900,0.0,0.0
2023-01-24 00:00:00-05:00,101.16999816894531,101.9000015258789,100.4000015258789,101.30000305175781,86.74519348144531,3604500,0.0,0.0
2023-01-25 00:00:00-05:00,102.5,104.05999755859375,102.27999877929688,103.41999816894531,88.56057739257812,12289900,0.0,0.0
2023-01-26 00:00:00-05:00,103.08999633789062,104.3499984741211,102.44999694824219,104.31999969482422,89.3312759399414,4156200,0.0,0.0
2023-01-27 00:00:00-05:00,104.30999755859375,104.44999694824219,103.55999755859375,103.76000213623047,88.85173797607422,4133400,0.0,0.0
2023-01-30 00:00:00-05:00,103.31999969482422,104.58999633789062,103.25,103.83000183105469,88.91167449951172,5358300,0.0,0.0
2023-01-31 00:00:00-05:00,104.20999908447266,104.2699966430664,103.30999755859375,104.23999786376953,89.26277160644531,3540400,0.0,0.0
2023-02-01 00:00:00-05:00,104.5,105.62000274658203,104.0199966430664,105.38999938964844,90.2475357055664,3791700,0.0,0.0
2023-02-02 00:00:00-05:00,104.58999633789062,104.77999877929688,102.81999969482422,103.51000213623047,88.63766479492188,4378700,0.0,0.0
2023-02-03 00:00:00-05:00,103.69999694824219,103.7699966430664,101.79000091552734,102.58999633789062,87.84983825683594,3530500,0.0,0.0
2023-02-06 00:00:00-05:00,102.55000305175781,102.66999816894531,101.66000366210938,101.80999755859375,87.1819076538086,2888700,0.0,0.0
2023-02-07 00:00:00-05:00,100.93000030517578,102.36000061035156,100.5999984741211,102.19999694824219,87.51587677001953,3939200,0.0,0.0
2023-02-08 00:00:00-05:00,101.18000030517578,101.83000183105469,101.05000305175781,101.29000091552734,86.73660278320312,3875000,0.0,0.0
2023-02-09 00:00:00-05:00,102.38999938964844,103.23999786376953,101.38999938964844,102.0199966430664,87.36174011230469,4108300,0.0,0.0
2023-02-10 00:00:00-05:00,102.16999816894531,102.48999786376953,100.9800033569336,102.36000061035156,87.65288543701172,3692500,0.0,0.0
2023-02-13 00:00:00-05:00,102.79000091552734,103.79000091552734,102.55999755859375,103.70999908447266,88.80891418457031,3787900,0.0,0.0
2023-02-14 00:00:00-05:00,103.48999786376953,103.56999969482422,101.61000061035156,101.70999908447266,87.09628295898438,3251400,0.0,0.0
2023-02-15 00:00:00-05:00,101.47000122070312,101.47000122070312,100.2699966430664,101.11000061035156,86.58247375488281,3035600,0.0,0.0
2023-02-16 00:00:00-05:00,100.26000213623047,101.26000213623047,99.05000305175781,100.30000305175781,85.88887023925781,2934300,0.0,0.0
2023-02-17 00:00:00-05:00,100.26000213623047,102.0,99.94999694824219,101.81999969482422,87.19048309326172,4433400,0.0,0.0
2023-02-21 00:00:00-05:00,101.48999786376953,101.58999633789062,99.66999816894531,99.9800033569336,85.6148452758789,3871000,0.0,0.0
2023-02-22 00:00:00-05:00,99.91999816894531,101.22000122070312,99.23999786376953,99.58999633789062,85.2808837890625,3518000,0.0,0.0
2023-02-23 00:00:00-05:00,99.7300033569336,99.9800033569336,98.88999938964844,99.83000183105469,85.48639678955078,4327000,0.0,0.0
2023-02-24 00:00:00-05:00,98.87999725341797,99.20999908447266,97.43000030517578,98.58000183105469,84.41600799560547,3561600,0.0,0.0
2023-02-27 00:00:00-05:00,99.08000183105469,99.18000030517578,97.97000122070312,98.16999816894531,84.06490325927734,3862700,0.0,0.0
2023-02-28 00:00:00-05:00,97.69000244140625,98.04000091552734,96.54000091552734,97.30000305175781,83.31990814208984,4976500,0.0,0.0
2023-03-01 00:00:00-05:00,99.0,99.12000274658203,97.06999969482422,97.51000213623047,83.49974822998047,4220200,0.0,0.0
2023-03-02 00:00:00-05:00,97.19999694824219,98.72000122070312,97.16000366210938,98.36000061035156,84.22761535644531,3316400,0.0,0.0
2023-03-03 00:00:00-05:00,98.52999877929688,99.33999633789062,97.97000122070312,99.19999694824219,84.94691467285156,2465700,0.0,0.0
2023-03-06 00:00:00-05:00,98.94999694824219,100.11000061035156,98.75,100.0999984741211,85.71760559082031,3524800,0.0,0.0
2023-03-07 00:00:00-05:00,99.88999938964844,100.08999633789062,98.38999938964844,99.25,84.9897232055664,3682900,0.0,0.0
2023-03-08 00:00:00-05:00,99.19999694824219,99.88999938964844,99.0999984741211,99.75,85.41788482666016,3533100,0.0,0.0
2023-03-09 00:00:00-05:00,100.33999633789062,100.52999877929688,98.87999725341797,98.95999908447266,84.74139404296875,3775300,0.0,0.0
2023-03-10 00:00:00-05:00,98.98999786376953,99.66000366210938,97.95999908447266,98.3499984741211,84.21904754638672,3970800,0.0,0.0
2023-03-13 00:00:00-04:00,98.19999694824219,99.79000091552734,97.27999877929688,97.37000274658203,83.37982940673828,7568800,0.0,0.0
2023-03-14 00:00:00-04:00,97.69000244140625,97.75,96.5199966430664,97.3499984741211,83.36271667480469,6141300,0.0,0.0
2023-03-15 00:00:00-04:00,96.0,96.41000366210938,94.80000305175781,96.18000030517578,82.36083984375,7110400,0.0,0.0
2023-03-16 00:00:00-04:00,96.19000244140625,96.19000244140625,94.5199966430664,95.38999938964844,81.68434143066406,7200300,0.0,0.0
2023-03-17 00:00:00-04:00,95.2300033569336,95.4800033569336,93.44999694824219,94.79000091552734,81.1705551147461,18801400,0.0,0.0
2023-03-20 00:00:00-04:00,95.16000366210938,96.54000091552734,95.13999938964844,96.30000305175781,82.46358489990234,5109400,0.0,0.0
2023-03-21 00:00:00-04:00,96.94999694824219,97.37000274658203,95.33000183105469,95.69999694824219,81.94979858398438,4039600,0.0,0.0
2023-03-22 00:00:00-04:00,94.48999786376953,94.80000305175781,92.2300033569336,92.37000274658203,80.16204833984375,7748300,1.27,0.0
2023-03-23 00:00:00-04:00,92.27999877929688,92.5,90.20999908447266,90.2699966430664,78.33958435058594,5549100,0.0,0.0
2023-03-24 00:00:00-04:00,90.72000122070312,90.98999786376953,90.08000183105469,90.75,78.75616455078125,3897500,0.0,0.0
2023-03-27 00:00:00-04:00,91.66000366210938,93.0,91.52999877929688,92.5999984741211,80.36165618896484,6061600,0.0,0.0
2023-03-28 00:00:00-04:00,92.52999877929688,94.4000015258789,92.52999877929688,94.2300033569336,81.77621459960938,4558600,0.0,0.0
2023-03-29 00:00:00-04:00,94.83000183105469,95.37000274658203,94.33999633789062,94.72000122070312,82.20147705078125,4400100,0.0,0.0
2023-03-30 00:00:00-04:00,96.80999755859375,98.16000366210938,96.26000213623047,96.62000274658203,83.8503646850586,5053000,0.0,0.0
2023-03-31 00:00:00-04:00,97.13999938964844,97.36000061035156,96.69000244140625,97.25,84.39708709716797,3887200,0.0,0.0
2023-04-03 00:00:00-04:00,97.22000122070312,98.41000366210938,97.19000244140625,97.9000015258789,84.96118927001953,2962800,0.0,0.0
2023-04-04 00:00:00-04:00,97.55000305175781,97.91000366210938,96.87999725341797,97.54000091552734,84.64876556396484,3064600,0.0,0.0
2023-04-05 00:00:00-04:00,97.58999633789062,98.9800033569336,97.56999969482422,98.73999786376953,85.6901626586914,4728000,0.0,0.0
2023-04-06 00:00:00-04:00,98.75,99.91000366210938,98.73999786376953,99.02999877929688,85.94184875488281,3469400,0.0,0.0
2023-04-10 00:00:00-04:00,98.5999984741211,98.88999938964844,98.0999984741211,98.56999969482422,85.54264068603516,3254500,0.0,0.0
2023-04-11 00:00:00-04:00,99.05999755859375,99.69999694824219,98.58000183105469,98.63999938964844,85.60340118408203,2894200,0.0,0.0
2023-04-12 00:00:00-04:00,98.47000122070312,99.51000213623047,97.95999908447266,98.79000091552734,85.73355865478516,2978000,0.0,0.0
2023-04-13 00:00:00-04:00,98.86000061035156,99.83000183105469,98.6500015258789,99.75,86.56668090820312,2978800,0.0,0.0
2023-04-14 00:00:00-04:00,99.91999816894531,100.04000091552734,98.95999908447266,99.4800033569336,86.33235931396484,2303900,0.0,0.0
2023-04-17 00:00:00-04:00,99.70999908447266,100.04000091552734,99.31999969482422,99.94000244140625,86.73157501220703,2844500,0.0,0.0
2023-04-18 00:00:00-04:00,99.8499984741211,101.33999633789062,99.75,101.33000183105469,87.9378662109375,3071900,0.0,0.0
2023-04-19 00:00:00-04:00,101.48999786376953,101.91999816894531,101.0999984741211,101.51000213623047,88.09408569335938,4048100,0.0,0.0
2023-04-20 00:00:00-04:00,96.41999816894531,98.8499984741211,95.95999908447266,96.70999908447266,83.92845153808594,9046400,0.0,0.0
2023-04-21 00:00:00-04:00,97.94000244140625,98.25,96.36000061035156,97.7699966430664,84.84837341308594,4927000,0.0,0.0
2023-04-24 00:00:00-04:00,97.98999786376953,98.6500015258789,97.51000213623047,98.3499984741211,85.35171508789062,4099200,0.0,0.0
2023-04-25 00:00:00-04:00,98.33999633789062,99.44999694824219,98.0,98.69000244140625,85.64678192138672,4645800,0.0,0.0
2023-04-26 00:00:00-04:00,98.38999938964844,99.11000061035156,98.16000366210938,98.19999694824219,85.22151947021484,2489600,0.0,0.0
2023-04-27 00:00:00-04:00,97.87000274658203,99.16000366210938,97.44999694824219,98.81999969482422,85.75959777832031,4131000,0.0,0.0
2023-04-28 00:00:00-04:00,98.66000366210938,100.02999877929688,98.37000274658203,99.97000122070312,86.75760650634766,3855100,0.0,0.0
2023-05-01 00:00:00-04:00,99.75,100.79000091552734,99.29000091552734,99.3499984741211,86.21954345703125,2340800,0.0,0.0
2023-05-02 00:00:00-04:00,99.05999755859375,99.29000091552734,95.41999816894531,96.91000366210938,84.10202026367188,3814600,0.0,0.0
2023-05-03 00:00:00-04:00,96.88999938964844,97.33999633789062,95.81999969482422,95.86000061035156,83.1907958984375,3579900,0.0,0.0
2023-05-04 00:00:00-04:00,95.44999694824219,95.66999816894531,93.77999877929688,94.37999725341797,81.90641021728516,4466100,0.0,0.0
2023-05-05 00:00:00-04:00,94.5,96.0,94.19000244140625,95.55999755859375,82.9304428100586,2426800,0.0,0.0
2023-05-08 00:00:00-04:00,95.54000091552734,95.86000061035156,95.05999755859375,95.55999755859375,82.9304428100586,2278700,0.0,0.0
2023-05-09 00:00:00-04:00,95.22000122070312,96.2300033569336,94.47000122070312,95.6500015258789,83.00855255126953,2908200,0.0,0.0
2023-05-10 00:00:00-04:00,95.91999816894531,96.19000244140625,94.01000213623047,95.0999984741211,82.53124237060547,2667400,0.0,0.0
2023-05-11 00:00:00-04:00,94.51000213623047,95.05999755859375,93.7699966430664,95.04000091552734,82.47917175292969,3554500,0.0,0.0
2023-05-12 00:00:00-04:00,95.05000305175781,95.19000244140625,94.41999816894531,95.12000274658203,82.54859924316406,2229400,0.0,0.0
2023-05-15 00:00:00-04:00,95.38999938964844,95.48999786376953,94.51000213623047,95.0,82.4444580078125,2600100,0.0,0.0
2023-05-16 00:00:00-04:00,94.70999908447266,94.91999816894531,93.75,93.86000061035156,81.45512390136719,6273100,0.0,0.0
2023-05-17 00:00:00-04:00,94.0199966430664,94.47000122070312,93.12000274658203,93.48999786376953,81.1340103149414,5658000,0.0,0.0
2023-05-18 00:00:00-04:00,92.83000183105469,93.04000091552734,91.80999755859375,92.5999984741211,80.36165618896484,8395200,0.0,0.0
2023-05-19 00:00:00-04:00,93.12000274658203,93.77999877929688,93.04000091552734,93.19000244140625,80.87367248535156,4027000,0.0,0.0
2023-05-22 00:00:00-04:00,93.05000305175781,93.55999755859375,92.68000030517578,93.06999969482422,80.76953887939453,3062600,0.0,0.0
2023-05-23 00:00:00-04:00,93.4800033569336,93.69000244140625,92.94000244140625,92.94000244140625,80.65670776367188,7659600,0.0,0.0
2023-05-24 00:00:00-04:00,93.0199966430664,93.5199966430664,92.33999633789062,92.3499984741211,80.14469146728516,3737200,0.0,0.0
2023-05-25 00:00:00-04:00,91.70999908447266,91.8499984741211,90.62999725341797,90.76000213623047,78.76483154296875,5536100,0.0,0.0
2023-05-26 00:00:00-04:00,91.69999694824219,92.0,90.72000122070312,90.83999633789062,78.83426666259766,4777200,0.0,0.0
2023-05-30 00:00:00-04:00,90.30000305175781,90.61000061035156,89.08999633789062,90.20999908447266,78.28753662109375,7805300,0.0,0.0
2023-05-31 00:00:00-04:00,90.04000091552734,90.58000183105469,89.55999755859375,90.01000213623047,78.11395263671875,6644900,0.0,0.0
2023-06-01 00:00:00-04:00,90.13999938964844,90.76000213623047,89.62000274658203,90.16000366210938,78.24412536621094,4386900,0.0,0.0
2023-06-02 00:00:00-04:00,90.5,92.0199966430664,90.19999694824219,91.77999877929688,79.6500244140625,4689700,0.0,0.0
2023-06-05 00:00:00-04:00,91.48999786376953,91.48999786376953,89.58000183105469,90.05000305175781,78.14866638183594,4470500,0.0,0.0
2023-06-06 00:00:00-04:00,89.94999694824219,91.70999908447266,89.87999725341797,91.62000274658203,79.51118469238281,4457600,0.0,0.0
2023-06-07 00:00:00-04:00,91.86000061035156,92.41000366210938,91.08999633789062,92.25,80.05790710449219,5067700,0.0,0.0
2023-06-08 00:00:00-04:00,92.5,92.69000244140625,91.83000183105469,92.16999816894531,79.98849487304688,2712600,0.0,0.0
2023-06-09 00:00:00-04:00,92.0999984741211,92.69999694824219,91.69999694824219,92.58999633789062,80.35298156738281,3433800,0.0,0.0
2023-06-12 00:00:00-04:00,92.55000305175781,92.86000061035156,92.1500015258789,92.6500015258789,80.40505981445312,2817800,0.0,0.0
2023-06-13 00:00:00-04:00,92.54000091552734,93.37000274658203,92.44999694824219,93.30000305175781,80.96915435791016,3403800,0.0,0.0
2023-06-14 00:00:00-04:00,93.9800033569336,94.18000030517578,92.8499984741211,93.05999755859375,80.76087188720703,3046000,0.0,0.0
2023-06-15 00:00:00-04:00,93.69999694824219,95.0199966430664,93.44999694824219,94.7300033569336,82.21013641357422,4725200,0.0,0.0
2023-06-16 00:00:00-04:00,94.75,96.11000061035156,94.61000061035156,94.88999938964844,82.3489990234375,9547300,0.0,0.0
2023-06-20 00:00:00-04:00,95.76000213623047,96.6500015258789,94.79000091552734,94.81999969482422,82.28823852539062,5025700,0.0,0.0
2023-06-21 00:00:00-04:00,95.0,96.56999969482422,94.80999755859375,96.3499984741211,83.61604309082031,4877900,0.0,0.0
2023-06-22 00:00:00-04:00,95.22000122070312,96.12000274658203,94.69000244140625,95.69000244140625,84.15249633789062,5775900,1.27,0.0
2023-06-23 00:00:00-04:00,95.66999816894531,96.8499984741211,95.5,96.30000305175781,84.68893432617188,8867100,0.0,0.0
2023-06-26 00:00:00-04:00,96.22000122070312,97.12000274658203,95.30000305175781,96.7699966430664,85.10226440429688,3825700,0.0,0.0
2023-06-27 00:00:00-04:00,96.87999725341797,97.12000274658203,95.98999786376953,96.55999755859375,84.91758728027344,3345600,0.0,0.0
2023-06-28 00:00:00-04:00,96.16000366210938,96.41999816894531,95.22000122070312,96.19999694824219,84.60100555419922,2976400,0.0,0.0
2023-06-29 00:00:00-04:00,96.06999969482422,97.7300033569336,95.94999694824219,97.69000244140625,85.9113540649414,3143100,0.0,0.0
2023-06-30 00:00:00-04:00,97.83000183105469,98.20999908447266,97.20999908447266,97.62000274658203,85.84978485107422,3754900,0.0,0.0
2023-07-03 00:00:00-04:00,98.0,98.5199966430664,97.41000366210938,98.4800033569336,86.60609436035156,2061100,0.0,0.0
2023-07-05 00:00:00-04:00,97.97000122070312,98.08000183105469,97.02999877929688,97.44999694824219,85.70027923583984,3817800,0.0,0.0
2023-07-06 00:00:00-04:00,96.4800033569336,97.7300033569336,96.29000091552734,97.5,85.74424743652344,3091900,0.0,0.0
2023-07-07 00:00:00-04:00,97.48999786376953,98.5,97.23999786376953,97.69999694824219,85.9201431274414,4707800,0.0,0.0
2023-07-10 00:00:00-04:00,97.94000244140625,98.52999877929688,97.4000015258789,97.75,85.96411895751953,4123100,0.0,0.0
2023-07-11 00:00:00-04:00,98.11000061035156,98.5999984741211,97.81999969482422,98.5999984741211,86.71163940429688,3419300,0.0,0.0
2023-07-12 00:00:00-04:00,98.75,99.16999816894531,98.62000274658203,99.0,87.06340789794922,5605000,0.0,0.0
2023-07-13 00:00:00-04:00,99.2699966430664,100.63999938964844,99.05999755859375,100.48999786376953,88.37374877929688,5405700,0.0,0.0
2023-07-14 00:00:00-04:00,100.37000274658203,100.66999816894531,99.48999786376953,99.5,87.50309753417969,2938400,0.0,0.0
2023-07-17 00:00:00-04:00,99.1500015258789,99.30000305175781,97.91000366210938,98.94999694824219,87.0194320678711,4730500,0.0,0.0
2023-07-18 00:00:00-04:00,98.62000274658203,99.66000366210938,98.2699966430664,98.3499984741211,86.49176788330078,5936800,0.0,0.0
2023-07-19 00:00:00-04:00,98.01000213623047,99.44000244140625,97.9800033569336,98.7699966430664,86.86112976074219,7653900,0.0,0.0
2023-07-20 00:00:00-04:00,99.77999877929688,100.69999694824219,98.1500015258789,98.18000030517578,86.3422622680664,6553800,0.0,0.0
2023-07-21 00:00:00-04:00,98.54000091552734,98.54000091552734,97.20999908447266,97.5199966430664,85.76184844970703,4192900,0.0,0.0
2023-07-24 00:00:00-04:00,97.54000091552734,97.93000030517578,97.38999938964844,97.62000274658203,85.84978485107422,4414500,0.0,0.0
2023-07-25 00:00:00-04:00,97.23999786376953,97.5,95.80999755859375,97.19000244140625,85.47163391113281,4042200,0.0,0.0
2023-07-26 00:00:00-04:00,96.98999786376953,98.45999908447266,96.58000183105469,98.2300033569336,86.38623809814453,3869000,0.0,0.0
2023-07-27 00:00:00-04:00,98.5,98.95999908447266,98.19999694824219,98.58000183105469,86.69404602050781,4643200,0.0,0.0
2023-07-28 00:00:00-04:00,99.0,99.95999908447266,98.48999786376953,99.86000061035156,87.81971740722656,3888900,0.0,0.0
2023-07-31 00:00:00-04:00,99.58000183105469,100.18000030517578,99.18000030517578,99.72000122070312,87.69659423828125,4740600,0.0,0.0
2023-08-01 00:00:00-04:00,100.0,100.16000366210938,98.22000122070312,98.25,86.40381622314453,3380300,0.0,0.0
2023-08-02 00:00:00-04:00,97.87000274658203,98.44000244140625,97.01000213623047,97.94000244140625,86.13121032714844,2873600,0.0,0.0
2023-08-03 00:00:00-04:00,97.73999786376953,97.88999938964844,97.0999984741211,97.41999816894531,85.67388916015625,2309900,0.0,0.0
2023-08-04 00:00:00-04:00,97.2699966430664,97.62999725341797,96.0999984741211,96.20999908447266,84.60979461669922,2560300,0.0,0.0
2023-08-07 00:00:00-04:00,96.56999969482422,97.69999694824219,96.44999694824219,97.20999908447266,85.48921966552734,2303300,0.0,0.0
2023-08-08 00:00:00-04:00,96.80999755859375,97.44000244140625,96.12999725341797,97.1500015258789,85.43645477294922,2433500,0.0,0.0
2023-08-09 00:00:00-04:00,97.04000091552734,97.75,97.01000213623047,97.12000274658203,85.41007232666016,1829500,0.0,0.0
2023-08-10 00:00:00-04:00,97.5,98.41000366210938,96.80000305175781,96.83999633789062,85.16383361816406,2402400,0.0,0.0
2023-08-11 00:00:00-04:00,96.52999877929688,96.62999725341797,95.7300033569336,96.16000366210938,84.56583404541016,2642300,0.0,0.0
2023-08-14 00:00:00-04:00,96.16999816894531,96.5,95.72000122070312,95.8499984741211,84.29320526123047,2763800,0.0,0.0
2023-08-15 00:00:00-04:00,95.47000122070312,95.47000122070312,94.30999755859375,94.62999725341797,83.22029876708984,2689900,0.0,0.0
2023-08-16 00:00:00-04:00,94.43000030517578,95.3499984741211,93.70999908447266,93.98999786376953,82.65745544433594,3222100,0.0,0.0
2023-08-17 00:00:00-04:00,94.22000122070312,94.6500015258789,92.87000274658203,93.4000015258789,82.13859558105469,3385600,0.0,0.0
2023-08-18 00:00:00-04:00,93.2699966430664,94.66000366210938,93.16999816894531,94.36000061035156,82.98286437988281,2884600,0.0,0.0
2023-08-21 00:00:00-04:00,94.36000061035156,95.27999877929688,94.02999877929688,94.33000183105469,82.95646667480469,3093500,0.0,0.0
2023-08-22 00:00:00-04:00,93.94000244140625,94.29000091552734,93.30999755859375,94.02999877929688,82.692626953125,2459400,0.0,0.0
2023-08-23 00:00:00-04:00,94.4000015258789,94.4000015258789,93.73999786376953,94.31999969482422,82.94768524169922,2458800,0.0,0.0
2023-08-24 00:00:00-04:00,94.06999969482422,95.2300033569336,93.91000366210938,94.08000183105469,82.73660278320312,2713900,0.0,0.0
2023-08-25 00:00:00-04:00,94.69000244140625,95.12999725341797,94.05000305175781,95.06999969482422,83.60724639892578,2474700,0.0,0.0
2023-08-28 00:00:00-04:00,95.4000015258789,96.06999969482422,95.2699966430664,95.87999725341797,84.319580078125,2659400,0.0,0.0
2023-08-29 00:00:00-04:00,96.02999877929688,96.5199966430664,95.26000213623047,96.25,84.64497375488281,2457500,0.0,0.0
2023-08-30 00:00:00-04:00,96.6500015258789,96.80999755859375,96.06999969482422,96.76000213623047,85.09347534179688,2574100,0.0,0.0
2023-08-31 00:00:00-04:00,97.0,97.44999694824219,96.0,96.05999755859375,84.47786712646484,3098500,0.0,0.0
2023-09-01 00:00:00-04:00,96.73999786376953,96.97000122070312,95.08000183105469,95.68000030517578,84.14370727539062,2538600,0.0,0.0
2023-09-05 00:00:00-04:00,95.44999694824219,95.70999908447266,94.23999786376953,94.51000213623047,83.1147689819336,4328000,0.0,0.0
2023-09-06 00:00:00-04:00,94.1500015258789,94.16999816894531,93.05999755859375,93.55000305175781,82.2705307006836,4690700,0.0,0.0
2023-09-07 00:00:00-04:00,94.18000030517578,94.38999938964844,93.05000305175781,93.27999877929688,82.03307342529297,3531000,0.0,0.0
2023-09-08 00:00:00-04:00,93.41000366210938,93.75,92.80000305175781,93.66999816894531,82.37603759765625,4130900,0.0,0.0
2023-09-11 00:00:00-04:00,93.94999694824219,94.97000122070312,93.86000061035156,94.52999877929688,83.13233947753906,2482600,0.0,0.0
2023-09-12 00:00:00-04:00,94.76000213623047,94.95999908447266,94.05000305175781,94.44999694824219,83.0619888305664,3071000,0.0,0.0
2023-09-13 00:00:00-04:00,95.0,95.58000183105469,94.6500015258789,95.25,83.76554870605469,4688400,0.0,0.0
2023-09-14 00:00:00-04:00,95.44000244140625,96.33000183105469,95.2699966430664,96.30999755859375,84.6977310180664,4214600,0.0,0.0
2023-09-15 00:00:00-04:00,95.6500015258789,96.30999755859375,95.25,95.79000091552734,84.24044036865234,6932700,0.0,0.0
2023-09-18 00:00:00-04:00,96.3499984741211,97.02999877929688,95.76000213623047,96.95999908447266,85.26936340332031,4557100,0.0,0.0
2023-09-19 00:00:00-04:00,96.98999786376953,97.66999816894531,96.6500015258789,97.31999969482422,85.58594512939453,3723200,0.0,0.0
2023-09-20 00:00:00-04:00,97.55999755859375,98.5199966430664,97.04000091552734,97.70999908447266,85.92893981933594,3765000,0.0,0.0
2023-09-21 00:00:00-04:00,96.7300033569336,97.11000061035156,95.41000366210938,95.91999816894531,84.3547592163086,3591700,0.0,0.0
2023-09-22 00:00:00-04:00,95.77999877929688,95.77999877929688,94.27999877929688,94.93000030517578,83.48412322998047,4903600,0.0,0.0
2023-09-25 00:00:00-04:00,93.61000061035156,94.23999786376953,93.36000061035156,93.72000122070312,82.42000579833984,4092700,0.0,0.0
2023-09-26 00:00:00-04:00,91.91000366210938,91.9800033569336,90.94999694824219,91.06999969482422,81.2160873413086,4184800,1.3,0.0
2023-09-27 00:00:00-04:00,90.88999938964844,91.0999984741211,90.06999969482422,90.31999969482422,80.5472412109375,4793100,0.0,0.0
2023-09-28 00:00:00-04:00,91.0,93.44999694824219,90.9000015258789,93.05000305175781,82.98185729980469,6932800,0.0,0.0
2023-09-29 00:00:00-04:00,93.87000274658203,93.87000274658203,92.23999786376953,92.58000183105469,82.56271362304688,5330800,0.0,0.0
2023-10-02 00:00:00-04:00,92.30000305175781,92.76000213623047,91.08999633789062,91.41000366210938,81.5193099975586,5299600,0.0,0.0
2023-10-03 00:00:00-04:00,91.0199966430664,91.5,90.08999633789062,90.2699966430664,80.50263977050781,4129500,0.0,0.0
2023-10-04 00:00:00-04:00,90.4000015258789,91.63999938964844,90.27999877929688,91.33000183105469,81.44795989990234,4151600,0.0,0.0
2023-10-05 00:00:00-04:00,91.80000305175781,92.33000183105469,91.2300033569336,91.9800033569336,82.02762603759766,5452600,0.0,0.0
2023-10-06 00:00:00-04:00,91.1500015258789,92.23999786376953,90.51000213623047,92.16999816894531,82.19706726074219,4987300,0.0,0.0
2023-10-09 00:00:00-04:00,91.86000061035156,92.33999633789062,91.27999877929688,92.30999755859375,82.3219223022461,2457300,0.0,0.0
2023-10-10 00:00:00-04:00,93.3499984741211,95.38999938964844,93.2300033569336,94.05000305175781,83.87364196777344,6983600,0.0,0.0
2023-10-11 00:00:00-04:00,94.33999633789062,94.5,92.69000244140625,93.1500015258789,83.07103729248047,3604200,0.0,0.0
2023-10-12 00:00:00-04:00,93.4800033569336,93.75,91.19999694824219,91.87000274658203,81.9295425415039,3660500,0.0,0.0
2023-10-13 00:00:00-04:00,91.27999877929688,92.36000061035156,91.0199966430664,92.26000213623047,82.27733612060547,3119200,0.0,0.0
2023-10-16 00:00:00-04:00,93.0199966430664,93.43000030517578,92.20999908447266,93.12000274658203,83.04428100585938,3682900,0.0,0.0
2023-10-17 00:00:00-04:00,92.69000244140625,93.41999816894531,92.26000213623047,93.38999938964844,83.28507232666016,2716600,0.0,0.0
2023-10-18 00:00:00-04:00,93.30999755859375,94.0199966430664,92.7699966430664,93.20999908447266,83.1245346069336,3842900,0.0,0.0
2023-10-19 00:00:00-04:00,91.45999908447266,92.86000061035156,90.20999908447266,90.7300033569336,80.91287994384766,6693300,0.0,0.0
2023-10-20 00:00:00-04:00,90.72000122070312,93.43000030517578,90.72000122070312,92.55999755859375,82.54486846923828,5591800,0.0,0.0
2023-10-23 00:00:00-04:00,92.30999755859375,92.3499984741211,90.54000091552734,90.91999816894531,81.08232116699219,4059500,0.0,0.0
2023-10-24 00:00:00-04:00,90.44000244140625,91.37000274658203,90.37999725341797,90.83000183105469,81.0020523071289,2915200,0.0,0.0
2023-10-25 00:00:00-04:00,90.45999908447266,91.37000274658203,89.93000030517578,90.02999877929688,80.28861236572266,4021700,0.0,0.0
2023-10-26 00:00:00-04:00,89.87999725341797,90.27999877929688,89.37000274658203,89.70999908447266,80.00324249267578,4297800,0.0,0.0
2023-10-27 00:00:00-04:00,89.31999969482422,89.69999694824219,87.2300033569336,87.47000122070312,78.005615234375,4321600,0.0,0.0
2023-10-30 00:00:00-04:00,88.30000305175781,89.9000015258789,88.20999908447266,89.38999938964844,79.7178726196289,3821600,0.0,0.0
2023-10-31 00:00:00-04:00,89.2699966430664,89.44999694824219,88.5199966430664,89.16000366210938,79.51275634765625,3487100,0.0,0.0
2023-11-01 00:00:00-04:00,89.55999755859375,89.56999969482422,88.54000091552734,89.01000213623047,79.3790054321289,4170400,0.0,0.0
2023-11-02 00:00:00-04:00,89.37999725341797,91.04000091552734,88.77999877929688,90.94000244140625,81.10015106201172,3600000,0.0,0.0
2023-11-03 00:00:00-04:00,91.5,92.55000305175781,91.36000061035156,91.5199966430664,81.61740112304688,3929900,0.0,0.0
2023-11-06 00:00:00-05:00,91.68000030517578,91.77999877929688,90.77999877929688,90.97000122070312,81.12691497802734,5216500,0.0,0.0
2023-11-07 00:00:00-05:00,91.0199966430664,91.55000305175781,90.61000061035156,91.27999877929688,81.40335845947266,3085200,0.0,0.0
2023-11-08 00:00:00-05:00,91.29000091552734,91.69999694824219,90.19000244140625,90.19999694824219,80.44021606445312,5185100,0.0,0.0
2023-11-09 00:00:00-05:00,90.41000366210938,90.41000366210938,89.5999984741211,89.80000305175781,80.08350372314453,5264800,0.0,0.0
2023-11-10 00:00:00-05:00,90.0,90.06999969482422,88.68000030517578,89.69999694824219,79.99431610107422,6008100,0.0,0.0
2023-11-13 00:00:00-05:00,89.87000274658203,90.54000091552734,89.43000030517578,90.0,80.26187133789062,7640200,0.0,0.0
2023-11-14 00:00:00-05:00,90.44999694824219,91.16999816894531,90.11000061035156,90.4000015258789,80.61859130859375,6202500,0.0,0.0
2023-11-15 00:00:00-05:00,90.66999816894531,91.73999786376953,90.30999755859375,91.7300033569336,81.80467224121094,6297800,0.0,0.0
2023-11-16 00:00:00-05:00,91.05999755859375,92.0,90.31999969482422,91.27999877929688,81.40335845947266,4579400,0.0,0.0
2023-11-17 00:00:00-05:00,91.6500015258789,92.18000030517578,91.04000091552734,91.94999694824219,82.0008773803711,3059700,0.0,0.0
2023-11-20 00:00:00-05:00,91.3499984741211,92.4800033569336,91.1500015258789,92.37999725341797,82.38433837890625,3466300,0.0,0.0
2023-11-21 00:00:00-05:00,92.66999816894531,93.08999633789062,92.23999786376953,92.80000305175781,82.75890350341797,3211600,0.0,0.0
2023-11-22 00:00:00-05:00,93.02999877929688,93.8499984741211,92.55999755859375,93.81999969482422,83.66853332519531,3508300,0.0,0.0
2023-11-24 00:00:00-05:00,94.0,94.41000366210938,93.9000015258789,94.33999633789062,84.13227081298828,2080100,0.0,0.0
2023-11-27 00:00:00-05:00,94.06999969482422,94.2699966430664,93.54000091552734,94.05000305175781,83.87364196777344,3478700,0.0,0.0
2023-11-28 00:00:00-05:00,94.06999969482422,94.48999786376953,93.55000305175781,94.1500015258789,83.96283721923828,2456500,0.0,0.0
2023-11-29 00:00:00-05:00,94.33999633789062,94.4800033569336,93.43000030517578,93.6500015258789,83.51693725585938,2627800,0.0,0.0
2023-11-30 00:00:00-05:00,94.02999877929688,94.02999877929688,92.76000213623047,93.36000061035156,83.25830841064453,4319400,0.0,0.0
2023-12-01 00:00:00-05:00,93.33000183105469,94.19999694824219,93.0,94.05000305175781,83.87364196777344,3197800,0.0,0.0
2023-12-04 00:00:00-05:00,93.80000305175781,94.79000091552734,92.48999786376953,92.93000030517578,82.87484741210938,5729500,0.0,0.0
2023-12-05 00:00:00-05:00,92.5199966430664,93.4000015258789,91.7699966430664,92.54000091552734,82.52704620361328,3606800,0.0,0.0
2023-12-06 00:00:00-05:00,90.79000091552734,91.37000274658203,90.1500015258789,91.0999984741211,81.24285125732422,5719600,0.0,0.0
2023-12-07 00:00:00-05:00,91.37000274658203,91.47000122070312,90.69000244140625,91.12000274658203,81.26066589355469,5511700,0.0,0.0
2023-12-08 00:00:00-05:00,91.33000183105469,91.47000122070312,90.66999816894531,91.30999755859375,81.43012237548828,3877500,0.0,0.0
2023-12-11 00:00:00-05:00,91.87999725341797,93.30999755859375,91.87999725341797,92.98999786376953,82.92835235595703,4270100,0.0,0.0
2023-12-12 00:00:00-05:00,92.80999755859375,93.0199966430664,92.16000366210938,92.87999725341797,82.83023834228516,4038200,0.0,0.0
2023-12-13 00:00:00-05:00,92.87999725341797,94.41999816894531,91.7300033569336,94.4000015258789,84.18577575683594,11393000,0.0,0.0
2023-12-14 00:00:00-05:00,94.94999694824219,96.58000183105469,94.66999816894531,94.66999816894531,84.42655944824219,8806900,0.0,0.0
2023-12-15 00:00:00-05:00,94.58999633789062,95.30000305175781,94.4000015258789,94.45999908447266,84.23929595947266,17596500,0.0,0.0
2023-12-18 00:00:00-05:00,94.91999816894531,95.58000183105469,94.12999725341797,94.87999725341797,84.61384582519531,4606400,0.0,0.0
2023-12-19 00:00:00-05:00,95.19999694824219,95.75,94.88999938964844,95.2699966430664,84.96163177490234,3897900,0.0,0.0
2023-12-20 00:00:00-05:00,93.7300033569336,94.06999969482422,91.95999908447266,91.98999786376953,83.17145538330078,4461900,1.3,0.0
2023-12-21 00:00:00-05:00,92.27999877929688,93.11000061035156,92.12000274658203,92.83000183105469,83.9309310913086,3617600,0.0,0.0
2023-12-22 00:00:00-05:00,92.98999786376953,93.80000305175781,92.69000244140625,92.94000244140625,84.03038787841797,2578700,0.0,0.0
2023-12-26 00:00:00-05:00,92.75,93.66000366210938,92.5999984741211,93.25,84.3106689453125,2608400,0.0,0.0
2023-12-27 00:00:00-05:00,93.19000244140625,93.94000244140625,93.19000244140625,93.77999877929688,84.78985595703125,3717200,0.0,0.0
2023-12-28 00:00:00-05:00,93.55000305175781,94.37999725341797,93.44999694824219,94.08000183105469,85.06108856201172,3425800,0.0,0.0
2023-12-29 00:00:00-05:00,94.08000183105469,94.31999969482422,93.7300033569336,94.08000183105469,85.06108856201172,3709200,0.0,0.0
2024-01-02 00:00:00-05:00,93.81999969482422,95.87999725341797,93.66000366210938,95.55999755859375,86.3991928100586,5038500,0.0,0.0
2024-01-03 00:00:00-05:00,95.44000244140625,95.68000030517578,94.73999786376953,95.41999816894531,86.27263641357422,4145200,0.0,0.0
2024-01-04 00:00:00-05:00,95.77999877929688,96.81999969482422,95.55999755859375,95.66000366210938,86.48963165283203,5179400,0.0,0.0
2024-01-05 00:00:00-05:00,95.4000015258789,96.02999877929688,94.62000274658203,95.30000305175781,86.16413879394531,3251800,0.0,0.0
2024-01-08 00:00:00-05:00,95.88999938964844,96.76000213623047,95.86000061035156,96.29000091552734,87.05923461914062,3828300,0.0,0.0
2024-01-09 00:00:00-05:00,95.62000274658203,95.68000030517578,94.77999877929688,95.58999633789062,86.42635345458984,4523500,0.0,0.0
2024-01-10 00:00:00-05:00,95.69000244140625,96.37999725341797,93.51000213623047,94.47000122070312,85.4137191772461,4837400,0.0,0.0
2024-01-11 00:00:00-05:00,94.31999969482422,95.25,93.8499984741211,95.1500015258789,86.02853393554688,4467600,0.0,0.0
2024-01-12 00:00:00-05:00,95.97000122070312,96.41000366210938,95.11000061035156,95.2699966430664,86.13702392578125,3593200,0.0,0.0
2024-01-16 00:00:00-05:00,95.16000366210938,95.16000366210938,94.16000366210938,94.51000213623047,85.44989013671875,3304500,0.0,0.0
2024-01-17 00:00:00-05:00,94.05999755859375,94.52999877929688,93.37000274658203,93.70999908447266,84.72655487060547,2753400,0.0,0.0
2024-01-18 00:00:00-05:00,93.0999984741211,93.4800033569336,92.19999694824219,93.19000244140625,84.25641632080078,3640800,0.0,0.0
2024-01-19 00:00:00-05:00,93.4800033569336,93.56999969482422,91.76000213623047,92.31999969482422,83.46981811523438,5893400,0.0,0.0
2024-01-22 00:00:00-05:00,92.05000305175781,93.04000091552734,91.83000183105469,92.43000030517578,83.56926727294922,5201900,0.0,0.0
2024-01-23 00:00:00-05:00,90.94999694824219,91.98999786376953,90.5199966430664,91.80000305175781,82.99967193603516,4429300,0.0,0.0
2024-01-24 00:00:00-05:00,92.02999877929688,92.06999969482422,90.8499984741211,90.87999725341797,82.1678695678711,5562100,0.0,0.0
2024-01-25 00:00:00-05:00,91.44999694824219,91.79000091552734,90.8499984741211,91.20999908447266,82.46622467041016,7212600,0.0,0.0
2024-01-26 00:00:00-05:00,91.75,92.11000061035156,90.83999633789062,90.8499984741211,82.14073944091797,5935800,0.0,0.0
2024-01-29 00:00:00-05:00,91.20999908447266,91.80000305175781,90.97000122070312,91.69999694824219,82.90925598144531,6509100,0.0,0.0
2024-01-30 00:00:00-05:00,91.33999633789062,91.93000030517578,90.4800033569336,91.76000213623047,82.9635009765625,6120500,0.0,0.0
2024-01-31 00:00:00-05:00,91.86000061035156,91.88999938964844,90.79000091552734,90.8499984741211,82.14073944091797,7323000,0.0,0.0
2024-02-01 00:00:00-05:00,91.2300033569336,93.29000091552734,90.94999694824219,93.29000091552734,84.34683227539062,5169300,0.0,0.0
2024-02-02 00:00:00-05:00,92.75,93.30000305175781,91.98999786376953,92.98999786376953,84.0755844116211,5036000,0.0,0.0
2024-02-05 00:00:00-05:00,92.75,92.75,91.54000091552734,91.62999725341797,82.84595489501953,4672000,0.0,0.0
2024-02-06 00:00:00-05:00,91.62999725341797,91.86000061035156,91.05000305175781,91.66000366210938,82.87310028076172,5160100,0.0,0.0
2024-02-07 00:00:00-05:00,91.94999694824219,92.12999725341797,91.2300033569336,91.44000244140625,82.67417907714844,4694300,0.0,0.0
2024-02-08 00:00:00-05:00,89.0,90.55999755859375,88.30000305175781,89.01000213623047,80.4771499633789,9260300,0.0,0.0
2024-02-09 00:00:00-05:00,89.0,89.43000030517578,88.55000305175781,89.12000274658203,80.57659149169922,4966300,0.0,0.0
2024-02-12 00:00:00-05:00,89.12000274658203,90.16999816894531,89.0199966430664,90.0,81.37222290039062,4022300,0.0,0.0
2024-02-13 00:00:00-05:00,89.58000183105469,90.16999816894531,88.41999816894531,89.19000244140625,80.6398696899414,5935300,0.0,0.0
2024-02-14 00:00:00-05:00,89.16999816894531,89.52999877929688,88.77999877929688,89.22000122070312,80.66699981689453,5534900,0.0,0.0
2024-02-15 00:00:00-05:00,89.44000244140625,89.5,88.81999969482422,88.9800033569336,80.45001220703125,8765600,0.0,0.0
2024-02-16 00:00:00-05:00,88.87999725341797,90.04000091552734,88.70999908447266,89.6500015258789,81.05577850341797,4382500,0.0,0.0
2024-02-20 00:00:00-05:00,89.61000061035156,89.95999908447266,89.12999725341797,89.63999938964844,81.04673767089844,4448000,0.0,0.0
2024-02-21 00:00:00-05:00,89.6500015258789,90.69000244140625,89.25,90.56999969482422,81.88758087158203,4171900,0.0,0.0
2024-02-22 00:00:00-05:00,90.18000030517578,91.22000122070312,89.95999908447266,91.19000244140625,82.4481430053711,4161700,0.0,0.0
2024-02-23 00:00:00-05:00,91.2300033569336,91.95999908447266,91.04000091552734,91.55999755859375,82.78266906738281,3981300,0.0,0.0
2024-02-26 00:00:00-05:00,91.4800033569336,91.5199966430664,90.05000305175781,90.41999816894531,81.75196838378906,3941500,0.0,0.0
2024-02-27 00:00:00-05:00,90.41999816894531,90.69000244140625,89.9000015258789,90.18000030517578,81.53497314453125,4503900,0.0,0.0
2024-02-28 00:00:00-05:00,90.18000030517578,90.61000061035156,89.73999786376953,90.41999816894531,81.75196838378906,3431700,0.0,0.0
2024-02-29 00:00:00-05:00,90.6500015258789,90.77999877929688,89.86000061035156,89.95999908447266,81.33605194091797,5735600,0.0,0.0
2024-03-01 00:00:00-05:00,89.83000183105469,89.86000061035156,88.86000061035156,89.83000183105469,81.21852111816406,5093300,0.0,0.0
2024-03-04 00:00:00-05:00,89.48999786376953,90.7699966430664,89.16999816894531,90.30999755859375,81.65249633789062,4670600,0.0,0.0
2024-03-05 00:00:00-05:00,90.02999877929688,90.9000015258789,89.91999816894531,90.56999969482422,81.88758087158203,4067700,0.0,0.0
2024-03-06 00:00:00-05:00,91.2300033569336,91.72000122070312,90.76000213623047,91.08999633789062,82.35771942138672,5166300,0.0,0.0
2024-03-07 00:00:00-05:00,91.18000030517578,91.6500015258789,91.0999984741211,91.51000213623047,82.73747253417969,2839500,0.0,0.0
2024-03-08 00:00:00-05:00,91.5,92.93000030517578,91.25,92.68000030517578,83.7953109741211,3549600,0.0,0.0
2024-03-11 00:00:00-04:00,92.91000366210938,94.45999908447266,92.83999633789062,94.41000366210938,85.3594741821289,4291400,0.0,0.0
2024-03-12 00:00:00-04:00,94.72000122070312,95.33999633789062,93.80999755859375,94.66999816894531,85.59453582763672,4899800,0.0,0.0
2024-03-13 00:00:00-04:00,95.0,95.87000274658203,94.91999816894531,95.31999969482422,86.1822280883789,5269600,0.0,0.0
2024-03-14 00:00:00-04:00,94.86000061035156,95.0,93.05999755859375,93.94999694824219,84.94356536865234,6604200,0.0,0.0
2024-03-15 00:00:00-04:00,92.7699966430664,94.87000274658203,92.55000305175781,94.2699966430664,85.23287963867188,16373200,0.0,0.0
2024-03-18 00:00:00-04:00,94.0999984741211,95.6500015258789,93.68000030517578,95.33000183105469,86.19127655029297,6144600,0.0,0.0
2024-03-19 00:00:00-04:00,95.62999725341797,95.91999816894531,94.91999816894531,94.9800033569336,85.87482452392578,6069200,0.0,0.0
2024-03-20 00:00:00-04:00,93.44000244140625,93.94999694824219,93.0199966430664,93.63999938964844,85.83815002441406,6341800,1.3,0.0
2024-03-21 00:00:00-04:00,93.69999694824219,94.41999816894531,92.16000366210938,92.19999694824219,84.51812744140625,8398200,0.0,0.0
2024-03-22 00:00:00-04:00,92.45999908447266,92.5199966430664,90.83000183105469,90.87999725341797,83.30810546875,6126800,0.0,0.0
2024-03-25 00:00:00-04:00,90.83999633789062,91.51000213623047,90.80000305175781,91.1500015258789,83.55562591552734,8673200,0.0,0.0
2024-03-26 00:00:00-04:00,91.3499984741211,91.45999908447266,90.30000305175781,90.37999725341797,82.84977722167969,7869800,0.0,0.0
2024-03-27 00:00:00-04:00,90.79000091552734,92.27999877929688,90.69000244140625,92.2300033569336,84.5456314086914,8796800,0.0,0.0
2024-03-28 00:00:00-04:00,92.52999877929688,92.69999694824219,91.55000305175781,91.62000274658203,83.9864501953125,5311900,0.0,0.0
2024-04-01 00:00:00-04:00,91.4000015258789,92.44999694824219,91.2300033569336,91.44000244140625,83.82145690917969,6476700,0.0,0.0
2024-04-02 00:00:00-04:00,91.43000030517578,92.29000091552734,91.4000015258789,91.81999969482422,84.16979217529297,4861400,0.0,0.0
2024-04-03 00:00:00-04:00,91.83999633789062,92.05000305175781,90.94000244140625,91.0,83.41810607910156,4823900,0.0,0.0
2024-04-04 00:00:00-04:00,91.58999633789062,91.58999633789062,90.01000213623047,90.0999984741211,82.59310150146484,5469000,0.0,0.0
2024-04-05 00:00:00-04:00,90.04000091552734,90.20999908447266,88.95999908447266,89.4800033569336,82.0247573852539,5119700,0.0,0.0
2024-04-08 00:00:00-04:00,89.83000183105469,90.41999816894531,89.58000183105469,90.31999969482422,82.79475402832031,5302100,0.0,0.0
2024-04-09 00:00:00-04:00,90.5,91.22000122070312,90.41000366210938,91.06999969482422,83.4822769165039,5068200,0.0,0.0
2024-04-10 00:00:00-04:00,89.7300033569336,90.02999877929688,88.66000366210938,89.72000122070312,82.24475860595703,9601600,0.0,0.0
2024-04-11 00:00:00-04:00,89.9000015258789,89.91000366210938,88.87000274658203,89.43000030517578,81.97891235351562,5932000,0.0,0.0
2024-04-12 00:00:00-04:00,89.12000274658203,89.54000091552734,88.66000366210938,88.8499984741211,81.4472427368164,5517300,0.0,0.0
2024-04-15 00:00:00-04:00,89.2699966430664,89.5999984741211,87.81999969482422,88.5999984741211,81.21806335449219,7773900,0.0,0.0
2024-04-16 00:00:00-04:00,88.5999984741211,89.6500015258789,88.43000030517578,89.5,82.0430908203125,4617600,0.0,0.0
2024-04-17 00:00:00-04:00,89.88999938964844,90.62999725341797,89.30000305175781,90.58000183105469,83.03309631347656,4767000,0.0,0.0
2024-04-18 00:00:00-04:00,90.79000091552734,91.2300033569336,90.6500015258789,91.19999694824219,83.60145568847656,4041700,0.0,0.0
2024-04-19 00:00:00-04:00,91.54000091552734,94.02999877929688,91.37999725341797,93.7699966430664,85.95732116699219,8710200,0.0,0.0
2024-04-22 00:00:00-04:00,93.51000213623047,94.27999877929688,92.94000244140625,94.05999755859375,86.22315216064453,8656300,0.0,0.0
2024-04-23 00:00:00-04:00,94.38999938964844,97.70999908447266,93.83999633789062,97.66000366210938,89.5232162475586,13105500,0.0,0.0
2024-04-24 00:00:00-04:00,96.80000305175781,99.0999984741211,95.63999938964844,99.0199966430664,90.76990509033203,13572400,0.0,0.0
2024-04-25 00:00:00-04:00,99.5,99.9000015258789,95.94999694824219,96.08999633789062,88.08402252197266,7417700,0.0,0.0
2024-04-26 00:00:00-04:00,95.80000305175781,96.62000274658203,94.94000244140625,95.0199966430664,87.1031723022461,5391000,0.0,0.0
2024-04-29 00:00:00-04:00,95.05000305175781,95.73999786376953,95.02999877929688,95.5999984741211,87.63484191894531,3510700,0.0,0.0
2024-04-30 00:00:00-04:00,95.62000274658203,95.86000061035156,94.41999816894531,94.94000244140625,87.02983856201172,6589200,0.0,0.0
2024-05-01 00:00:00-04:00,94.63999938964844,97.2300033569336,94.62999725341797,96.05000305175781,88.04737091064453,6462500,0.0,0.0
2024-05-02 00:00:00-04:00,96.37999725341797,97.98999786376953,95.87999725341797,97.30999755859375,89.20237731933594,5607800,0.0,0.0
2024-05-03 00:00:00-04:00,97.47000122070312,98.02999877929688,96.33000183105469,97.4000015258789,89.28487396240234,5611900,0.0,0.0
2024-05-06 00:00:00-04:00,97.76000213623047,97.9000015258789,96.6500015258789,97.44999694824219,89.3307113647461,4517500,0.0,0.0
2024-05-07 00:00:00-04:00,98.0,98.41000366210938,97.36000061035156,97.52999877929688,89.40404510498047,3960300,0.0,0.0
2024-05-08 00:00:00-04:00,97.55000305175781,98.51000213623047,97.18000030517578,98.25,90.06405639648438,5784300,0.0,0.0
2024-05-09 00:00:00-04:00,98.43000030517578,99.4800033569336,98.19000244140625,99.45999908447266,91.1732406616211,3840400,0.0,0.0
2024-05-10 00:00:00-04:00,99.5999984741211,99.98999786376953,99.33999633789062,99.66000366210938,91.35657501220703,4149300,0.0,0.0
2024-05-13 00:00:00-04:00,99.9800033569336,100.2300033569336,99.02999877929688,99.29000091552734,91.01741027832031,3853700,0.0,0.0
2024-05-14 00:00:00-04:00,99.5,100.13999938964844,99.41000366210938,99.83999633789062,91.52157592773438,3292700,0.0,0.0
2024-05-15 00:00:00-04:00,100.0,100.63999938964844,99.83999633789062,100.56999969482422,92.19075775146484,3230600,0.0,0.0
2024-05-16 00:00:00-04:00,100.70999908447266,101.45999908447266,100.5199966430664,100.66000366210938,92.27326965332031,4417400,0.0,0.0
2024-05-17 00:00:00-04:00,100.94000244140625,100.94000244140625,99.80000305175781,99.83000183105469,91.51242065429688,5307800,0.0,0.0
2024-05-20 00:00:00-04:00,99.87000274658203,100.47000122070312,99.41999816894531,99.58999633789062,91.29240417480469,5340100,0.0,0.0
2024-05-21 00:00:00-04:00,99.9000015258789,100.80999755859375,99.33999633789062,100.2300033569336,91.87909698486328,6199600,0.0,0.0
2024-05-22 00:00:00-04:00,99.52999877929688,101.18000030517578,99.20999908447266,101.06999969482422,92.64910125732422,4407600,0.0,0.0
2024-05-23 00:00:00-04:00,100.61000061035156,100.61000061035156,99.20999908447266,99.6500015258789,91.34741973876953,4573200,0.0,0.0
2024-05-24 00:00:00-04:00,100.23999786376953,100.79000091552734,99.58999633789062,99.93000030517578,91.60409545898438,4053900,0.0,0.0
2024-05-28 00:00:00-04:00,99.33999633789062,100.12999725341797,99.05000305175781,100.05000305175781,91.7140884399414,3560100,0.0,0.0
2024-05-29 00:00:00-04:00,99.8499984741211,99.98999786376953,99.20999908447266,99.5999984741211,91.30158233642578,4465000,0.0,0.0
2024-05-30 00:00:00-04:00,99.69000244140625,99.80000305175781,98.95999908447266,99.41000366210938,91.12741088867188,3875400,0.0,0.0
2024-05-31 00:00:00-04:00,99.27999877929688,101.5199966430664,99.27999877929688,101.37999725341797,92.93328094482422,7528800,0.0,0.0
2024-06-03 00:00:00-04:00,101.23999786376953,103.18000030517578,100.62000274658203,102.95999908447266,94.38162994384766,6332700,0.0,0.0
2024-06-04 00:00:00-04:00,102.91000366210938,104.11000061035156,102.55999755859375,103.79000091552734,95.1424789428711,5080900,0.0,0.0
2024-06-05 00:00:00-04:00,103.94999694824219,104.23999786376953,102.9800033569336,104.06999969482422,95.39915466308594,5266700,0.0,0.0
2024-06-06 00:00:00-04:00,104.0,104.9000015258789,103.52999877929688,104.23999786376953,95.55498504638672,4847600,0.0,0.0
2024-06-07 00:00:00-04:00,103.91999816894531,104.3499984741211,103.55999755859375,103.61000061035156,94.97748565673828,2506900,0.0,0.0
2024-06-10 00:00:00-04:00,103.55000305175781,103.87999725341797,102.5999984741211,103.68000030517578,95.0416488647461,3819100,0.0,0.0
2024-06-11 00:00:00-04:00,103.4800033569336,103.95999908447266,102.58000183105469,103.81999969482422,95.16999053955078,3751300,0.0,0.0
2024-06-12 00:00:00-04:00,104.25,104.30999755859375,102.23999786376953,102.6500015258789,94.09745788574219,4083600,0.0,0.0
2024-06-13 00:00:00-04:00,102.66999816894531,102.66999816894531,101.58000183105469,101.9800033569336,93.48328399658203,4264400,0.0,0.0
2024-06-14 00:00:00-04:00,101.94999694824219,102.33000183105469,101.51000213623047,102.19999694824219,93.68495178222656,5643600,0.0,0.0
2024-06-17 00:00:00-04:00,101.68000030517578,102.19999694824219,101.2300033569336,102.05000305175781,93.5474624633789,4838100,0.0,0.0
2024-06-18 00:00:00-04:00,99.33000183105469,101.87000274658203,99.30999755859375,101.23999786376953,92.80494689941406,5990900,0.0,0.0
2024-06-20 00:00:00-04:00,101.45999908447266,101.73999786376953,100.5999984741211,101.19999694824219,92.76826477050781,4646100,0.0,0.0
2024-06-21 00:00:00-04:00,99.88999938964844,100.5,98.93000030517578,99.91999816894531,92.7868423461914,10027700,1.3,0.0
2024-06-24 00:00:00-04:00,100.19000244140625,102.05999755859375,99.86000061035156,101.87000274658203,94.59764099121094,6487100,0.0,0.0
2024-06-25 00:00:00-04:00,102.0,102.16000366210938,101.3499984741211,102.04000091552734,94.75550842285156,6319400,0.0,0.0
2024-06-26 00:00:00-04:00,101.47000122070312,102.26000213623047,101.44999694824219,101.95999908447266,94.68120574951172,4321700,0.0,0.0
2024-06-27 00:00:00-04:00,102.19999694824219,102.29000091552734,101.08999633789062,101.56999969482422,94.31905364990234,4145700,0.0,0.0
2024-06-28 00:00:00-04:00,101.52999877929688,101.76000213623047,100.91999816894531,101.33000183105469,94.09619140625,7299400,0.0,0.0
2024-07-01 00:00:00-04:00,101.9800033569336,103.29000091552734,101.18000030517578,101.25,94.02190399169922,2906300,0.0,0.0
2024-07-02 00:00:00-04:00,101.29000091552734,101.94000244140625,101.11000061035156,101.63999938964844,94.3840560913086,3893000,0.0,0.0
2024-07-03 00:00:00-04:00,101.77999877929688,101.93000030517578,101.11000061035156,101.41999816894531,94.17976379394531,1647800,0.0,0.0
2024-07-05 00:00:00-04:00,101.1500015258789,102.3499984741211,100.80000305175781,102.12000274658203,94.82978820800781,3569100,0.0,0.0
2024-07-08 00:00:00-04:00,102.06999969482422,102.94999694824219,101.8499984741211,102.58999633789062,95.26622772216797,6081300,0.0,0.0
2024-07-09 00:00:00-04:00,102.72000122070312,102.9000015258789,101.62000274658203,101.66999816894531,94.41191101074219,4460000,0.0,0.0
2024-07-10 00:00:00-04:00,101.76000213623047,102.91999816894531,101.68000030517578,102.76000213623047,95.42410278320312,3089500,0.0,0.0
2024-07-11 00:00:00-04:00,102.76000213623047,105.0,102.75,105.0,97.50418853759766,3949500,0.0,0.0
2024-07-12 00:00:00-04:00,105.18000030517578,106.62999725341797,105.0,105.94999694824219,98.38636779785156,3541800,0.0,0.0
2024-07-15 00:00:00-04:00,106.0,106.12999725341797,104.91999816894531,105.06999969482422,97.56919860839844,3606900,0.0,0.0
2024-07-16 00:00:00-04:00,105.2300033569336,106.13999938964844,104.83999633789062,106.0999984741211,98.52566528320312,2731400,0.0,0.0
2024-07-17 00:00:00-04:00,106.3499984741211,108.80999755859375,106.3499984741211,108.30999755859375,100.57788848876953,5411000,0.0,0.0
2024-07-18 00:00:00-04:00,107.26000213623047,109.18000030517578,107.18000030517578,107.45999908447266,99.78858184814453,4510500,0.0,0.0
2024-07-19 00:00:00-04:00,108.19000244140625,108.58000183105469,106.97000122070312,107.12000274658203,99.47285461425781,4819200,0.0,0.0
2024-07-22 00:00:00-04:00,107.62999725341797,107.72000122070312,106.76000213623047,107.22000122070312,99.56571960449219,5601100,0.0,0.0
2024-07-23 00:00:00-04:00,109.25,111.36000061035156,108.0,109.55999755859375,101.73865509033203,7560300,0.0,0.0
2024-07-24 00:00:00-04:00,109.93000030517578,111.69000244140625,109.37000274658203,111.44000244140625,103.48445129394531,7366100,0.0,0.0
2024-07-25 00:00:00-04:00,111.83000183105469,113.68000030517578,111.41000366210938,113.19999694824219,105.11880493164062,6976900,0.0,0.0
2024-07-26 00:00:00-04:00,113.19999694824219,113.5,112.55999755859375,113.36000061035156,105.26738739013672,5381700,0.0,0.0
2024-07-29 00:00:00-04:00,113.31999969482422,114.47000122070312,112.43000030517578,114.4000015258789,106.23313903808594,4834900,0.0,0.0
2024-07-30 00:00:00-04:00,114.08999633789062,114.83000183105469,113.62000274658203,114.69999694824219,106.51171875,5122700,0.0,0.0
2024-07-31 00:00:00-04:00,114.19999694824219,116.2699966430664,113.98999786376953,115.16000366210938,106.93888854980469,5519500,0.0,0.0
2024-08-01 00:00:00-04:00,115.77999877929688,117.83000183105469,114.91000366210938,117.45999908447266,109.07469177246094,7088700,0.0,0.0
2024-08-02 00:00:00-04:00,118.08999633789062,119.05999755859375,115.16000366210938,117.81999969482422,109.40898895263672,7405900,0.0,0.0
2024-08-05 00:00:00-04:00,116.91999816894531,117.95999908447266,113.1500015258789,113.55999755859375,105.4531021118164,10890600,0.0,0.0
2024-08-06 00:00:00-04:00,113.55999755859375,115.41999816894531,113.19999694824219,114.19999694824219,106.04740905761719,6275500,0.0,0.0
2024-08-07 00:00:00-04:00,114.4000015258789,116.43000030517578,114.19999694824219,115.73999786376953,107.47747802734375,3644800,0.0,0.0
2024-08-08 00:00:00-04:00,115.16999816894531,116.87000274658203,114.94000244140625,116.29000091552734,107.98822021484375,3548500,0.0,0.0
2024-08-09 00:00:00-04:00,116.29000091552734,116.58000183105469,115.62000274658203,116.01000213623047,107.72820281982422,3814600,0.0,0.0
2024-08-12 00:00:00-04:00,116.0999984741211,116.7699966430664,115.72000122070312,116.08999633789062,107.80248260498047,4860500,0.0,0.0
2024-08-13 00:00:00-04:00,116.12999725341797,118.06999969482422,115.87000274658203,117.91000366210938,109.49256896972656,5328100,0.0,0.0
2024-08-14 00:00:00-04:00,117.31999969482422,118.08000183105469,117.08999633789062,117.19999694824219,108.833251953125,4067900,0.0,0.0
2024-08-15 00:00:00-04:00,117.19000244140625,117.94999694824219,116.61000061035156,117.88999938964844,109.47399139404297,4422200,0.0,0.0
2024-08-16 00:00:00-04:00,118.11000061035156,118.4000015258789,117.2300033569336,118.05999755859375,109.63185119628906,3707400,0.0,0.0
2024-08-19 00:00:00-04:00,118.13999938964844,118.83999633789062,117.94999694824219,118.44999694824219,109.99401092529297,3701400,0.0,0.0
2024-08-20 00:00:00-04:00,118.45999908447266,119.0999984741211,118.08999633789062,118.9800033569336,110.48617553710938,3837900,0.0,0.0
2024-08-21 00:00:00-04:00,119.16999816894531,120.08999633789062,118.95999908447266,120.0,111.433349609375,4159500,0.0,0.0
2024-08-22 00:00:00-04:00,120.01000213623047,120.20999908447266,119.0999984741211,120.0999984741211,111.5262222290039,4156300,0.0,0.0
2024-08-23 00:00:00-04:00,120.0999984741211,120.2699966430664,119.56999969482422,120.1500015258789,111.57266235351562,2896500,0.0,0.0
2024-08-26 00:00:00-04:00,120.02999877929688,121.5999984741211,120.02999877929688,121.25,112.59413146972656,3061700,0.0,0.0
2024-08-27 00:00:00-04:00,121.76000213623047,122.55000305175781,121.29000091552734,122.41000366210938,113.67132568359375,3511600,0.0,0.0
2024-08-28 00:00:00-04:00,122.6500015258789,123.05000305175781,121.94999694824219,122.56999969482422,113.81989288330078,4430000,0.0,0.0
2024-08-29 00:00:00-04:00,122.86000061035156,122.86000061035156,121.76000213623047,122.55000305175781,113.80133056640625,3619400,0.0,0.0
2024-08-30 00:00:00-04:00,122.7300033569336,123.44999694824219,122.31999969482422,123.29000091552734,114.48848724365234,5602900,0.0,0.0
2024-09-03 00:00:00-04:00,123.56999969482422,126.19000244140625,123.20999908447266,125.70999908447266,116.73573303222656,6352600,0.0,0.0
2024-09-04 00:00:00-04:00,126.0,127.41000366210938,125.29000091552734,126.61000061035156,117.57148742675781,5340700,0.0,0.0
2024-09-05 00:00:00-04:00,126.87999725341797,127.44999694824219,125.02999877929688,125.18000030517578,116.24356842041016,5638200,0.0,0.0
2024-09-06 00:00:00-04:00,125.05999755859375,126.44999694824219,125.0,125.80999755859375,116.8285903930664,8412600,0.0,0.0
2024-09-09 00:00:00-04:00,125.72000122070312,128.22000122070312,125.72000122070312,127.44999694824219,118.35151672363281,4497500,0.0,0.0
2024-09-10 00:00:00-04:00,127.36000061035156,127.91000366210938,125.62999725341797,126.75,117.70148468017578,4921900,0.0,0.0
2024-09-11 00:00:00-04:00,126.5,126.5,124.22000122070312,125.26000213623047,116.31786346435547,4506100,0.0,0.0
2024-09-12 00:00:00-04:00,125.0,125.5,123.30000305175781,124.6500015258789,115.75139617919922,6055300,0.0,0.0
2024-09-13 00:00:00-04:00,124.91999816894531,125.87000274658203,124.45999908447266,125.62000274658203,116.65216064453125,3779600,0.0,0.0
2024-09-16 00:00:00-04:00,126.1500015258789,126.98999786376953,125.33999633789062,125.97000122070312,116.9771728515625,5549500,0.0,0.0
2024-09-17 00:00:00-04:00,124.80000305175781,125.08000183105469,122.06999969482422,123.2300033569336,114.43278503417969,6345000,0.0,0.0
2024-09-18 00:00:00-04:00,122.91000366210938,123.0,120.38999938964844,120.95999908447266,112.3248291015625,9398600,0.0,0.0
2024-09-19 00:00:00-04:00,120.5999984741211,120.76000213623047,119.4000015258789,119.73999786376953,111.19190979003906,7688600,0.0,0.0
2024-09-20 00:00:00-04:00,119.5,120.8499984741211,119.16000366210938,120.79000091552734,112.16696166992188,18374400,0.0,0.0
2024-09-23 00:00:00-04:00,120.93000030517578,121.5999984741211,120.41999816894531,121.08999633789062,112.44554138183594,4638800,0.0,0.0
2024-09-24 00:00:00-04:00,120.41999816894531,121.56999969482422,120.12999725341797,121.20999908447266,112.55697631835938,4056900,0.0,0.0
2024-09-25 00:00:00-04:00,121.9000015258789,122.76000213623047,121.04000091552734,121.69000244140625,113.0027084350586,6474000,0.0,0.0
2024-09-26 00:00:00-04:00,120.19999694824219,121.43000030517578,119.69999694824219,120.8499984741211,113.48161315917969,6350900,1.35,0.0
2024-09-27 00:00:00-04:00,121.12000274658203,121.48999786376953,120.55999755859375,120.62000274658203,113.26564025878906,6046600,0.0,0.0
2024-09-30 00:00:00-04:00,121.30000305175781,121.7699966430664,120.55000305175781,121.4000015258789,113.99808502197266,6947900,0.0,0.0
2024-10-01 00:00:00-04:00,121.5,121.95999908447266,120.33000183105469,120.58999633789062,113.23747253417969,5466100,0.0,0.0
2024-10-02 00:00:00-04:00,120.30000305175781,120.37000274658203,119.2699966430664,119.5999984741211,112.30783081054688,3425000,0.0,0.0
2024-10-03 00:00:00-04:00,119.2699966430664,119.5999984741211,117.80000305175781,118.37999725341797,111.1622085571289,4523200,0.0,0.0
2024-10-04 00:00:00-04:00,117.73999786376953,119.11000061035156,117.52999877929688,119.0999984741211,111.83831787109375,4124500,0.0,0.0
2024-10-07 00:00:00-04:00,118.91000366210938,118.95999908447266,118.27999877929688,118.91000366210938,111.65990447998047,5110300,0.0,0.0
2024-10-08 00:00:00-04:00,119.23999786376953,119.58000183105469,118.25,118.80000305175781,111.5566177368164,3522000,0.0,0.0
2024-10-09 00:00:00-04:00,118.80999755859375,120.29000091552734,118.70999908447266,120.18000030517578,112.85247802734375,3212400,0.0,0.0
2024-10-10 00:00:00-04:00,120.62000274658203,121.58000183105469,119.12999725341797,119.38999938964844,112.11063385009766,3606700,0.0,0.0
2024-10-11 00:00:00-04:00,119.6500015258789,120.16999816894531,119.02999877929688,120.0999984741211,112.77734375,2630100,0.0,0.0
2024-10-14 00:00:00-04:00,120.01000213623047,120.38999938964844,119.58000183105469,120.08000183105469,112.7585678100586,3719400,0.0,0.0
2024-10-15 00:00:00-04:00,120.27999877929688,121.31999969482422,120.02999877929688,120.41999816894531,113.07783508300781,5496700,0.0,0.0
2024-10-16 00:00:00-04:00,120.12999725341797,120.98999786376953,119.80999755859375,120.88999938964844,113.51917266845703,2794200,0.0,0.0
2024-10-17 00:00:00-04:00,120.9000015258789,121.05999755859375,119.83000183105469,120.13999938964844,112.81490325927734,2929200,0.0,0.0
2024-10-18 00:00:00-04:00,120.05999755859375,120.76000213623047,119.25,120.20999908447266,112.8806381225586,4046000,0.0,0.0
2024-10-21 00:00:00-04:00,120.19000244140625,120.44000244140625,118.5199966430664,118.95999908447266,111.70685577392578,5595500,0.0,0.0
2024-10-22 00:00:00-04:00,123.31999969482422,131.97000122070312,123.22000122070312,131.41000366210938,123.39776611328125,14411800,0.0,0.0
2024-10-23 00:00:00-04:00,129.97999572753906,131.41000366210938,129.02999877929688,131.41000366210938,123.39776611328125,6993400,0.0,0.0
2024-10-24 00:00:00-04:00,131.88999938964844,132.91000366210938,131.33999633789062,132.8000030517578,124.70303344726562,5378900,0.0,0.0
2024-10-25 00:00:00-04:00,133.00999450683594,133.27000427246094,129.57000732421875,129.86000061035156,121.94226837158203,3888300,0.0,0.0
2024-10-28 00:00:00-04:00,129.6300048828125,130.5399932861328,128.74000549316406,130.5,122.54325103759766,5525900,0.0,0.0
2024-10-29 00:00:00-04:00,130.3000030517578,132.1300048828125,130.1199951171875,131.57000732421875,123.54800415039062,5500500,0.0,0.0
2024-10-30 00:00:00-04:00,131.57000732421875,132.3000030517578,131.0,132.11000061035156,124.05509185791016,4385800,0.0,0.0
2024-10-31 00:00:00-04:00,132.25,134.14999389648438,131.8699951171875,132.6999969482422,124.60910034179688,5666600,0.0,0.0
2024-11-01 00:00:00-04:00,132.66000366210938,133.27000427246094,130.3300018310547,130.64999389648438,122.68409729003906,5833200,0.0,0.0
2024-11-04 00:00:00-05:00,131.22999572753906,131.63999938964844,129.67999267578125,130.3300018310547,122.38359832763672,3916000,0.0,0.0
2024-11-05 00:00:00-05:00,130.72999572753906,132.3300018310547,130.27000427246094,132.19000244140625,124.13021087646484,3333500,0.0,0.0
2024-11-06 00:00:00-05:00,132.97999572753906,132.97999572753906,125.13999938964844,125.30999755859375,117.66968536376953,10222800,0.0,0.0
2024-11-07 00:00:00-05:00,126.52999877929688,126.9000015258789,123.68000030517578,123.77999877929688,116.23296356201172,10545500,0.0,0.0
2024-11-08 00:00:00-05:00,124.44999694824219,126.81999969482422,123.55999755859375,126.23999786376953,118.54296875,6364900,0.0,0.0
2024-11-11 00:00:00-05:00,125.9000015258789,126.97000122070312,124.80000305175781,124.94999694824219,117.33161926269531,5101500,0.0,0.0
2024-11-12 00:00:00-05:00,125.81999969482422,125.9000015258789,123.8499984741211,124.22000122070312,116.64615631103516,3837100,0.0,0.0
2024-11-13 00:00:00-05:00,124.8499984741211,126.41999816894531,124.20999908447266,125.23999786376953,117.60395050048828,4935800,0.0,0.0
2024-11-14 00:00:00-05:00,124.0,128.36000061035156,123.83000183105469,128.1999969482422,120.38347625732422,6851800,0.0,0.0
2024-11-15 00:00:00-05:00,128.38999938964844,130.14999389648438,128.33999633789062,128.58999633789062,120.74969482421875,9066000,0.0,0.0
2024-11-18 00:00:00-05:00,129.66000366210938,131.9600067138672,128.80999755859375,131.72000122070312,123.68885803222656,4906900,0.0,0.0
2024-11-19 00:00:00-05:00,131.22000122070312,131.4199981689453,128.77999877929688,129.5399932861328,121.64176177978516,5482600,0.0,0.0
2024-11-20 00:00:00-05:00,129.6199951171875,131.24000549316406,128.8000030517578,130.38999938964844,122.43995666503906,4172700,0.0,0.0
2024-11-21 00:00:00-05:00,130.5,132.1199951171875,130.41000366210938,131.2100067138672,123.2099609375,3605100,0.0,0.0
2024-11-22 00:00:00-05:00,131.74000549316406,131.80999755859375,129.8300018310547,129.99000549316406,122.06434631347656,4108200,0.0,0.0
2024-11-25 00:00:00-05:00,130.6699981689453,131.10000610351562,129.16000366210938,130.7100067138672,122.74044799804688,4364100,0.0,0.0
2024-11-26 00:00:00-05:00,130.72999572753906,132.94000244140625,130.52999877929688,132.27999877929688,124.21470642089844,3462700,0.0,0.0
2024-11-27 00:00:00-05:00,132.5500030517578,133.4199981689453,131.72999572753906,131.82000732421875,123.78277587890625,4054100,0.0,0.0
2024-11-29 00:00:00-05:00,131.63999938964844,133.24000549316406,131.42999267578125,133.05999755859375,124.94717407226562,3255600,0.0,0.0
2024-12-02 00:00:00-05:00,132.49000549316406,132.7899932861328,130.75999450683594,131.02000427246094,123.03155517578125,4136400,0.0,0.0
2024-12-03 00:00:00-05:00,131.69000244140625,131.9499969482422,129.2899932861328,129.69000244140625,121.78263854980469,4739400,0.0,0.0
2024-12-04 00:00:00-05:00,130.36000061035156,130.85000610351562,128.9199981689453,130.47999572753906,122.52446746826172,4661200,0.0,0.0
2024-12-05 00:00:00-05:00,131.2899932861328,133.1999969482422,130.97000122070312,132.49000549316406,124.41191101074219,4186300,0.0,0.0
2024-12-06 00:00:00-05:00,132.1999969482422,132.1999969482422,130.41000366210938,130.55999755859375,122.5995864868164,4212500,0.0,0.0
2024-12-09 00:00:00-05:00,130.3000030517578,131.07000732421875,127.91000366210938,128.7100067138672,120.86238861083984,4759500,0.0,0.0
2024-12-10 00:00:00-05:00,127.95999908447266,129.5,127.7300033569336,128.97999572753906,121.11592864990234,3790900,0.0,0.0
2024-12-11 00:00:00-05:00,129.5399932861328,129.75,126.33000183105469,126.81999969482422,119.0876235961914,10141600,0.0,0.0
2024-12-12 00:00:00-05:00,127.7300033569336,128.0,126.36000061035156,127.0,119.25663757324219,5144700,0.0,0.0
2024-12-13 00:00:00-05:00,126.30999755859375,127.80000305175781,126.08999633789062,126.62000274658203,118.89982604980469,3233100,0.0,0.0
2024-12-16 00:00:00-05:00,127.06999969482422,127.47000122070312,125.83000183105469,125.94000244140625,118.26126861572266,5439100,0.0,0.0
2024-12-17 00:00:00-05:00,125.33000183105469,126.55999755859375,125.27999877929688,126.04000091552734,118.35517883300781,5275900,0.0,0.0
2024-12-18 00:00:00-05:00,125.30000305175781,125.83999633789062,124.45999908447266,124.55000305175781,116.95602416992188,4719800,0.0,0.0
2024-12-19 00:00:00-05:00,124.37999725341797,124.69000244140625,122.04000091552734,122.16999816894531,114.72113800048828,6985400,0.0,0.0
2024-12-20 00:00:00-05:00,122.5,124.7699966430664,122.20999908447266,124.22000122070312,116.64615631103516,10267400,0.0,0.0
2024-12-23 00:00:00-05:00,123.72000122070312,123.9800033569336,122.05999755859375,123.77999877929688,116.23296356201172,3697100,0.0,0.0
2024-12-24 00:00:00-05:00,123.4800033569336,124.0999984741211,122.55999755859375,122.91000366210938,115.416015625,2806600,0.0,0.0
2024-12-26 00:00:00-05:00,121.48999786376953,122.31999969482422,121.19999694824219,121.70999908447266,115.55843353271484,2425600,1.35,0.0
2024-12-27 00:00:00-05:00,121.6500015258789,121.9800033569336,120.9000015258789,121.44999694824219,115.31156158447266,3923500,0.0,0.0
2024-12-30 00:00:00-05:00,121.06999969482422,121.20999908447266,119.33000183105469,120.01000213623047,113.9443588256836,3336400,0.0,0.0
2024-12-31 00:00:00-05:00,120.44000244140625,120.83000183105469,119.94999694824219,120.3499984741211,114.26717376708984,4397800,0.0,0.0
2025-01-02 00:00:00-05:00,121.33999633789062,122.13999938964844,120.25,121.0999984741211,114.97926330566406,3388700,0.0,0.0
2025-01-03 00:00:00-05:00,121.51000213623047,122.31999969482422,121.13999938964844,122.0199966430664,115.8527603149414,3350100,0.0,0.0
2025-01-06 00:00:00-05:00,122.11000061035156,122.91999816894531,120.66999816894531,121.0,114.88431549072266,4993600,0.0,0.0
2025-01-07 00:00:00-05:00,120.98999786376953,121.91000366210938,120.63999938964844,121.4000015258789,115.26410675048828,4933300,0.0,0.0
2025-01-08 00:00:00-05:00,120.86000061035156,121.91999816894531,120.0,121.86000061035156,115.70085906982422,3569400,0.0,0.0
2025-01-10 00:00:00-05:00,120.0,120.63999938964844,116.9800033569336,117.1500015258789,111.2289047241211,5365200,0.0,0.0
2025-01-13 00:00:00-05:00,117.0,117.7699966430664,116.12000274658203,117.55000305175781,111.60869598388672,5676900,0.0,0.0
2025-01-14 00:00:00-05:00,117.77999877929688,118.56999969482422,117.27999877929688,118.47000122070312,112.48219299316406,3942600,0.0,0.0
2025-01-15 00:00:00-05:00,118.05000305175781,119.19000244140625,117.18000030517578,118.51000213623047,112.52017211914062,5374200,0.0,0.0
2025-01-16 00:00:00-05:00,118.83999633789062,120.45999908447266,118.30999755859375,119.80000305175781,113.7449722290039,7855800,0.0,0.0
2025-01-17 00:00:00-05:00,119.8499984741211,122.19000244140625,119.30000305175781,121.58999633789062,115.44449615478516,5170100,0.0,0.0
2025-01-21 00:00:00-05:00,122.37999725341797,124.19000244140625,122.22000122070312,123.80999755859375,117.55229187011719,5963600,0.0,0.0
2025-01-22 00:00:00-05:00,123.45999908447266,123.55000305175781,122.37000274658203,122.88999938964844,116.67878723144531,4431200,0.0,0.0
2025-01-23 00:00:00-05:00,122.91999816894531,125.4800033569336,122.76000213623047,125.43000030517578,119.09040832519531,5375300,0.0,0.0
2025-01-24 00:00:00-05:00,125.58999633789062,127.41000366210938,125.52999877929688,127.27999877929688,120.8469009399414,3685700,0.0,0.0
2025-01-27 00:00:00-05:00,129.1699981689453,131.36000061035156,128.6300048828125,130.42999267578125,123.83768463134766,7645000,0.0,0.0
2025-01-28 00:00:00-05:00,129.38999938964844,131.08999633789062,128.32000732421875,128.9600067138672,122.44200897216797,5102100,0.0,0.0
2025-01-29 00:00:00-05:00,129.30999755859375,130.72999572753906,129.17999267578125,129.58999633789062,123.04015350341797,3869400,0.0,0.0
2025-01-30 00:00:00-05:00,130.05999755859375,130.49000549316406,129.0500030517578,130.32000732421875,123.73326110839844,3241700,0.0,0.0
2025-01-31 00:00:00-05:00,129.99000549316406,131.16000366210938,129.50999450683594,130.1999969482422,123.61932373046875,5331200,0.0,0.0
2025-02-03 00:00:00-05:00,128.91000366210938,131.0399932861328,128.25,130.38999938964844,123.79972076416016,5633200,0.0,0.0
2025-02-04 00:00:00-05:00,131.0,131.1699981689453,129.91000366210938,130.38999938964844,123.79972076416016,5237700,0.0,0.0
2025-02-05 00:00:00-05:00,130.8000030517578,131.52000427246094,130.30999755859375,130.97999572753906,124.3598861694336,8403500,0.0,0.0
2025-02-06 00:00:00-05:00,145.94000244140625,146.77999877929688,140.02000427246094,145.32000732421875,137.97515869140625,13753000,0.0,0.0
2025-02-07 00:00:00-05:00,145.5,145.64999389648438,143.8000030517578,144.41000366210938,137.11109924316406,7207500,0.0,0.0
2025-02-10 00:00:00-05:00,144.0,146.6999969482422,143.41000366210938,146.57000732421875,139.1619415283203,5899800,0.0,0.0
2025-02-11 00:00:00-05:00,146.57000732421875,148.52999877929688,145.5,147.97999572753906,140.50067138671875,4989600,0.0,0.0
2025-02-12 00:00:00-05:00,146.66000366210938,150.24000549316406,146.5,149.88999938964844,142.31411743164062,5268900,0.0,0.0
2025-02-13 00:00:00-05:00,149.0800018310547,149.97000122070312,148.02999877929688,149.17999267578125,141.64002990722656,5758600,0.0,0.0
2025-02-14 00:00:00-05:00,148.75999450683594,151.22000122070312,148.14999389648438,150.4600067138672,142.85533142089844,4778200,0.0,0.0
2025-02-18 00:00:00-05:00,149.8000030517578,150.75999450683594,148.64999389648438,148.8000030517578,141.2792205810547,7986900,0.0,0.0
2025-02-19 00:00:00-05:00,149.0,149.9600067138672,147.50999450683594,149.8000030517578,142.2286834716797,7052200,0.0,0.0
2025-02-20 00:00:00-05:00,148.52999877929688,152.52999877929688,148.33999633789062,151.57000732421875,143.9092254638672,7431500,0.0,0.0
2025-02-21 00:00:00-05:00,151.1699981689453,154.63999938964844,150.9600067138672,154.39999389648438,146.59619140625,7117200,0.0,0.0
2025-02-24 00:00:00-05:00,154.39999389648438,156.6300048828125,154.17999267578125,156.27999877929688,148.3811798095703,8687700,0.0,0.0
2025-02-25 00:00:00-05:00,157.13999938964844,158.22999572753906,155.91000366210938,157.4199981689453,149.46353149414062,9348100,0.0,0.0
2025-02-26 00:00:00-05:00,157.39999389648438,158.38999938964844,154.27999877929688,154.74000549316406,146.9189910888672,6865100,0.0,0.0
2025-02-27 00:00:00-05:00,154.8800048828125,155.89999389648438,153.5500030517578,154.02000427246094,146.23538208007812,6073200,0.0,0.0
2025-02-28 00:00:00-05:00,155.36000061035156,156.0399932861328,153.3300018310547,155.27999877929688,147.43170166015625,9654800,0.0,0.0
2025-03-03 00:00:00-05:00,154.82000732421875,158.85000610351562,154.0,158.7899932861328,150.76429748535156,5459000,0.0,0.0
2025-03-04 00:00:00-05:00,158.47999572753906,159.50999450683594,153.80999755859375,153.9499969482422,146.16893005371094,6242900,0.0,0.0
2025-03-05 00:00:00-05:00,153.33999633789062,154.9499969482422,152.64999389648438,153.13999938964844,145.39987182617188,4239800,0.0,0.0
2025-03-06 00:00:00-05:00,152.97000122070312,154.11000061035156,151.63999938964844,153.5500030517578,145.78915405273438,5354300,0.0,0.0
2025-03-07 00:00:00-05:00,153.1199951171875,153.91000366210938,150.42999267578125,150.9499969482422,143.320556640625,7932500,0.0,0.0
2025-03-10 00:00:00-04:00,151.36000061035156,151.66000366210938,149.64999389648438,150.58999633789062,142.97874450683594,11848700,0.0,0.0
2025-03-11 00:00:00-04:00,150.85000610351562,153.6300048828125,150.13999938964844,152.10000610351562,144.4124298095703,5787200,0.0,0.0
2025-03-12 00:00:00-04:00,151.83999633789062,152.5500030517578,150.30999755859375,151.32000732421875,143.67189025878906,5180800,0.0,0.0
2025-03-13 00:00:00-04:00,151.72000122070312,152.75999450683594,150.14999389648438,150.49000549316406,142.88381958007812,6258700,0.0,0.0
2025-03-14 00:00:00-04:00,150.5500030517578,152.02000427246094,149.8000030517578,151.8800048828125,144.20355224609375,5541400,0.0,0.0
2025-03-17 00:00:00-04:00,152.85000610351562,155.72999572753906,152.1300048828125,155.7100067138672,147.83998107910156,6680700,0.0,0.0
2025-03-18 00:00:00-04:00,155.5,157.0,153.58999633789062,153.83999633789062,146.06448364257812,8021600,0.0,0.0
2025-03-19 00:00:00-04:00,153.92999267578125,154.50999450683594,152.22000122070312,154.2899932861328,146.4917449951172,4202300,0.0,0.0
2025-03-20 00:00:00-04:00,152.7100067138672,153.0399932861328,151.4600067138672,152.47000122070312,146.0415496826172,5016200,1.35,0.0
2025-03-21 00:00:00-04:00,152.3800048828125,152.67999267578125,150.35000610351562,151.47999572753906,145.0933074951172,11194600,0.0,0.0
2025-03-24 00:00:00-04:00,152.0,152.97999572753906,150.74000549316406,151.5500030517578,145.16038513183594,6070400,0.0,0.0
2025-03-25 00:00:00-04:00,152.0,152.3800048828125,150.10000610351562,152.2100067138672,145.79254150390625,3797100,0.0,0.0
2025-03-26 00:00:00-04:00,152.0,154.77000427246094,151.9600067138672,154.3300018310547,147.82315063476562,4320300,0.0,0.0
2025-03-27 00:00:00-04:00,154.36000061035156,155.75999450683594,154.00999450683594,155.00999450683594,148.47447204589844,4398600,0.0,0.0
2025-03-28 00:00:00-04:00,155.08999633789062,156.11000061035156,153.5399932861328,155.16000366210938,148.61817932128906,4333600,0.0,0.0
2025-03-31 00:00:00-04:00,156.08999633789062,159.35000610351562,156.0,158.72999572753906,152.03762817382812,8395700,0.0,0.0
2025-04-01 00:00:00-04:00,158.5,158.67999267578125,156.74000549316406,158.08999633789062,151.42462158203125,4429100,0.0,0.0
2025-04-02 00:00:00-04:00,158.08999633789062,158.3699951171875,154.72000122070312,156.1699981689453,149.5855712890625,3889000,0.0,0.0
2025-04-03 00:00:00-04:00,159.44000244140625,163.0800018310547,158.25,162.07000732421875,155.23683166503906,10581500,0.0,0.0
2025-04-04 00:00:00-04:00,161.27000427246094,162.0,150.08999633789062,150.6199951171875,144.26956176757812,11951700,0.0,0.0
2025-04-07 00:00:00-04:00,147.1699981689453,152.8300018310547,145.0800018310547,151.22999572753906,144.85385131835938,9984300,0.0,0.0
2025-04-08 00:00:00-04:00,152.75,153.2899932861328,146.8000030517578,149.22999572753906,142.93817138671875,9018200,0.0,0.0
2025-04-09 00:00:00-04:00,148.6300048828125,152.94000244140625,146.14999389648438,151.8000030517578,145.39981079101562,10278500,0.0,0.0
2025-04-10 00:00:00-04:00,152.8000030517578,153.72999572753906,149.0800018310547,151.1699981689453,144.79638671875,7818200,0.0,0.0
2025-04-11 00:00:00-04:00,151.8800048828125,155.27999877929688,151.3000030517578,153.88999938964844,147.40170288085938,6460900,0.0,0.0
2025-04-14 00:00:00-04:00,155.44000244140625,158.22999572753906,154.35000610351562,157.58999633789062,150.94569396972656,5904800,0.0,0.0
2025-04-15 00:00:00-04:00,158.5399932861328,161.0399932861328,156.85000610351562,160.08999633789062,153.3402862548828,6007200,0.0,0.0
2025-04-16 00:00:00-04:00,161.64999389648438,162.16000366210938,159.07000732421875,160.47999572753906,153.71383666992188,8296100,0.0,0.0
2025-04-17 00:00:00-04:00,161.3000030517578,165.0,161.3000030517578,163.2100067138672,156.3287353515625,7546400,0.0,0.0
2025-04-21 00:00:00-04:00,163.75999450683594,164.0500030517578,159.1699981689453,162.17999267578125,155.3421630859375,7264800,0.0,0.0
2025-04-22 00:00:00-04:00,163.2899932861328,164.69000244140625,161.92999267578125,164.11000061035156,157.19082641601562,9509700,0.0,0.0
2025-04-23 00:00:00-04:00,168.94000244140625,171.6300048828125,166.0800018310547,168.11000061035156,161.02215576171875,9084500,0.0,0.0
2025-04-24 00:00:00-04:00,168.3300018310547,170.50999450683594,166.4600067138672,170.07000732421875,162.89952087402344,8564900,0.0,0.0
2025-04-25 00:00:00-04:00,170.9600067138672,171.36000061035156,168.77999877929688,170.24000549316406,163.06236267089844,7755700,0.0,0.0
2025-04-28 00:00:00-04:00,170.2899932861328,170.52000427246094,168.13999938964844,169.1699981689453,162.0374755859375,6153300,0.0,0.0
2025-04-29 00:00:00-04:00,168.11000061035156,171.10000610351562,167.77000427246094,170.25999450683594,163.0814971923828,5346500,0.0,0.0
2025-04-30 00:00:00-04:00,171.5399932861328,172.02999877929688,169.02000427246094,171.36000061035156,164.1351318359375,6454400,0.0,0.0
2025-05-01 00:00:00-04:00,169.58999633789062,171.07000732421875,168.88999938964844,170.0500030517578,162.88035583496094,4885900,0.0,0.0
2025-05-02 00:00:00-04:00,170.39999389648438,171.49000549316406,169.75,170.86000061035156,163.6562042236328,4451100,0.0,0.0
2025-05-05 00:00:00-04:00,171.17999267578125,173.72000122070312,170.0,173.19000244140625,165.88800048828125,4545100,0.0,0.0
2025-05-06 00:00:00-04:00,172.77999877929688,174.2100067138672,172.16000366210938,174.0800018310547,166.74044799804688,4082000,0.0,0.0
2025-05-07 00:00:00-04:00,173.50999450683594,176.49000549316406,173.14999389648438,175.36000061035156,167.96649169921875,6685500,0.0,0.0
2025-05-08 00:00:00-04:00,174.24000549316406,174.9600067138672,170.27999877929688,172.0,164.74813842773438,5635100,0.0,0.0
2025-05-09 00:00:00-04:00,171.7100067138672,171.7100067138672,169.3800048828125,169.6999969482422,162.5451202392578,4733400,0.0,0.0
2025-05-12 00:00:00-04:00,165.63999938964844,166.60000610351562,162.3699951171875,164.8300018310547,157.8804473876953,10006500,0.0,0.0
2025-05-13 00:00:00-04:00,164.97000122070312,165.2899932861328,163.60000610351562,163.82000732421875,156.9130401611328,5941100,0.0,0.0
2025-05-14 00:00:00-04:00,163.44000244140625,165.6199951171875,162.92999267578125,164.02999877929688,157.11419677734375,4953000,0.0,0.0
2025-05-15 00:00:00-04:00,165.25999450683594,169.60000610351562,164.9499969482422,169.13999938964844,162.00872802734375,4959500,0.0,0.0
2025-05-16 00:00:00-04:00,169.3300018310547,170.60000610351562,168.3699951171875,170.44000244140625,163.25392150878906,3803500,0.0,0.0
2025-05-19 00:00:00-04:00,171.00999450683594,173.38999938964844,170.50999450683594,173.1699981689453,165.8688201904297,3879700,0.0,0.0
2025-05-20 00:00:00-04:00,173.0,174.60000610351562,172.75,174.1199951171875,166.7787322998047,3787600,0.0,0.0
2025-05-21 00:00:00-04:00,174.0,175.33999633789062,173.6300048828125,174.63999938964844,167.27684020996094,6245300,0.0,0.0
2025-05-22 00:00:00-04:00,174.63999938964844,176.22000122070312,173.16000366210938,175.22999572753906,167.8419647216797,4768900,0.0,0.0
2025-05-23 00:00:00-04:00,175.67999267578125,178.6999969482422,175.67999267578125,178.19000244140625,170.67715454101562,6164700,0.0,0.0
2025-05-27 00:00:00-04:00,178.19000244140625,179.8300018310547,177.50999450683594,179.22999572753906,171.67330932617188,5847700,0.0,0.0
2025-05-28 00:00:00-04:00,178.27999877929688,179.4600067138672,177.8800048828125,178.7899932861328,171.2518768310547,3286500,0.0,0.0
2025-05-29 00:00:00-04:00,176.50999450683594,178.17999267578125,174.92999267578125,177.8699951171875,170.3706512451172,5727300,0.0,0.0
2025-05-30 00:00:00-04:00,178.02000427246094,181.36000061035156,177.5800018310547,180.58999633789062,172.97598266601562,8506100,0.0,0.0
2025-06-02 00:00:00-04:00,179.8699951171875,182.8300018310547,179.50999450683594,182.75,175.04490661621094,4627400,0.0,0.0
2025-06-03 00:00:00-04:00,182.1999969482422,183.94000244140625,179.4199981689453,182.3699951171875,174.68092346191406,4940400,0.0,0.0
2025-06-04 00:00:00-04:00,182.60000610351562,182.61000061035156,178.27999877929688,180.66000366210938,173.04302978515625,5684800,0.0,0.0
2025-06-05 00:00:00-04:00,181.16000366210938,182.58999633789062,179.91000366210938,181.9600067138672,174.28822326660156,3570700,0.0,0.0
2025-06-06 00:00:00-04:00,181.6699981689453,182.52000427246094,181.0399932861328,181.72999572753906,174.06790161132812,2647300,0.0,0.0
2025-06-09 00:00:00-04:00,181.22000122070312,181.22000122070312,178.77000427246094,180.6300048828125,173.0142822265625,3114500,0.0,0.0
2025-06-10 00:00:00-04:00,180.58999633789062,181.2899932861328,178.8000030517578,179.02999877929688,171.48175048828125,3225500,0.0,0.0
2025-06-11 00:00:00-04:00,179.11000061035156,183.4199981689453,178.60000610351562,183.3699951171875,175.63876342773438,3947300,0.0,0.0
2025-06-12 00:00:00-04:00,183.82000732421875,184.10000610351562,181.6300048828125,184.10000610351562,176.33799743652344,5621300,0.0,0.0
2025-06-13 00:00:00-04:00,184.02000427246094,185.16000366210938,183.25999450683594,184.3300018310547,176.55828857421875,5505800,0.0,0.0
2025-06-16 00:00:00-04:00,183.91000366210938,186.69000244140625,181.55999755859375,183.2899932861328,175.5621337890625,5188000,0.0,0.0
2025-06-17 00:00:00-04:00,182.6199951171875,184.5399932861328,181.6300048828125,183.4600067138672,175.7249755859375,7427900,0.0,0.0
2025-06-18 00:00:00-04:00,183.82000732421875,184.60000610351562,182.33999633789062,182.61000061035156,174.9108123779297,6063400,0.0,0.0
2025-06-20 00:00:00-04:00,182.22000122070312,183.5,181.7100067138672,183.2899932861328,175.5621337890625,10765200,0.0,0.0
2025-06-23 00:00:00-04:00,183.57000732421875,185.47000122070312,183.3000030517578,184.9499969482422,177.1521453857422,4308700,0.0,0.0
2025-06-24 00:00:00-04:00,184.57000732421875,184.97000122070312,183.6999969482422,184.49000549316406,176.7115478515625,3184200,0.0,0.0
2025-06-25 00:00:00-04:00,183.30999755859375,183.6999969482422,179.17999267578125,179.60000610351562,172.02772521972656,5113000,0.0,0.0
2025-06-26 00:00:00-04:00,180.85000610351562,181.19000244140625,179.3300018310547,180.66000366210938,173.04302978515625,5847500,0.0,0.0
2025-06-27 00:00:00-04:00,178.82000732421875,181.3000030517578,178.1999969482422,181.02999877929688,174.70291137695312,7053300,1.35,0.0
2025-06-30 00:00:00-04:00,181.0,182.47000122070312,180.02999877929688,182.1300048828125,175.76446533203125,5254100,0.0,0.0
2025-07-01 00:00:00-04:00,182.74000549316406,183.8300018310547,176.35000610351562,177.52999877929688,171.3252410888672,5176300,0.0,0.0
2025-07-02 00:00:00-04:00,176.35000610351562,178.1199951171875,175.1300048828125,175.91000366210938,169.76185607910156,5572600,0.0,0.0
2025-07-03 00:00:00-04:00,175.9499969482422,178.8800048828125,175.3000030517578,178.8800048828125,172.6280517578125,2734100,0.0,0.0
2025-07-07 00:00:00-04:00,179.36000061035156,181.47000122070312,178.24000549316406,181.1999969482422,174.86695861816406,4653700,0.0,0.0
2025-07-08 00:00:00-04:00,179.91000366210938,181.0,177.14999389648438,177.72000122070312,171.5085906982422,4177700,0.0,0.0
2025-07-09 00:00:00-04:00,179.57000732421875,179.60000610351562,176.3000030517578,177.97999572753906,171.75950622558594,3821300,0.0,0.0
2025-07-10 00:00:00-04:00,178.39999389648438,181.13999938964844,176.9499969482422,180.99000549316406,174.664306640625,5212100,0.0,0.0
2025-07-11 00:00:00-04:00,179.9600067138672,180.22000122070312,178.08999633789062,179.91000366210938,173.62205505371094,3430700,0.0,0.0
2025-07-14 00:00:00-04:00,181.0,181.5,179.39999389648438,180.75,174.43267822265625,5598600,0.0,0.0
2025-07-15 00:00:00-04:00,180.55999755859375,181.3800048828125,179.2899932861328,180.9199981689453,174.5967559814453,4323800,0.0,0.0
2025-07-16 00:00:00-04:00,180.8300018310547,183.99000549316406,179.25,183.27000427246094,176.86463928222656,5382400,0.0,0.0
2025-07-17 00:00:00-04:00,183.02999877929688,183.32000732421875,178.16000366210938,179.1699981689453,172.9079132080078,6941400,0.0,0.0
2025-07-18 00:00:00-04:00,179.47000122070312,179.64999389648438,178.11000061035156,178.72999572753906,172.48329162597656,4650500,0.0,0.0
2025-07-21 00:00:00-04:00,178.0,181.30999755859375,177.5399932861328,180.47999572753906,174.17213439941406,5126700,0.0,0.0
2025-07-22 00:00:00-04:00,169.6199951171875,170.1999969482422,162.74000549316406,165.27000427246094,159.4937286376953,19831800,0.0,0.0
2025-07-23 00:00:00-04:00,163.0,165.4499969482422,161.24000549316406,164.6699981689453,158.91468811035156,9895100,0.0,0.0
2025-07-24 00:00:00-04:00,164.94000244140625,164.94000244140625,160.52000427246094,161.0800018310547,155.45016479492188,7239000,0.0,0.0
2025-07-25 00:00:00-04:00,161.36000061035156,163.0500030517578,160.72999572753906,160.9199981689453,155.29574584960938,4544600,0.0,0.0
2025-07-28 00:00:00-04:00,159.60000610351562,160.60000610351562,155.6999969482422,157.77000427246094,152.25587463378906,8676900,0.0,0.0
2025-07-29 00:00:00-04:00,158.47000122070312,162.85000610351562,157.8300018310547,162.75,157.06179809570312,9429100,0.0,0.0
2025-07-30 00:00:00-04:00,162.47000122070312,164.5,162.05999755859375,162.1699981689453,156.5020751953125,7778700,0.0,0.0
2025-07-31 00:00:00-04:00,161.7899932861328,165.07000732421875,161.07000732421875,164.0500030517578,158.3163604736328,10607200,0.0,0.0
2025-08-01 00:00:00-04:00,165.35000610351562,167.92999267578125,162.88999938964844,162.9600067138672,157.26446533203125,7554100,0.0,0.0
2025-08-04 00:00:00-04:00,163.69000244140625,164.7100067138672,162.33999633789062,162.99000549316406,157.29342651367188,5187500,0.0,0.0
2025-08-05 00:00:00-04:00,162.91000366210938,165.11000061035156,162.72000122070312,164.13999938964844,158.40321350097656,4643000,0.0,0.0
2025-08-06 00:00:00-04:00,165.0500030517578,168.3699951171875,164.25999450683594,166.99000549316406,161.1536102294922,5915400,0.0,0.0
2025-08-07 00:00:00-04:00,166.94000244140625,168.5500030517578,166.10000610351562,168.1699981689453,162.2923583984375,3475500,0.0,0.0
2025-08-08 00:00:00-04:00,168.08999633789062,170.8000030517578,167.97000122070312,170.17999267578125,164.2321014404297,3774200,0.0,0.0
2025-08-11 00:00:00-04:00,170.6999969482422,171.22000122070312,166.38999938964844,170.32000732421875,164.3672332763672,5349600,0.0,0.0
2025-08-12 00:00:00-04:00,170.27999877929688,171.0,167.77999877929688,168.60000610351562,162.7073516845703,5444000,0.0,0.0
2025-08-13 00:00:00-04:00,168.32000732421875,168.35000610351562,164.55999755859375,165.8800048828125,160.08241271972656,5021300,0.0,0.0
2025-08-14 00:00:00-04:00,165.77000427246094,167.35000610351562,164.63999938964844,165.27000427246094,159.4937286376953,3294900,0.0,0.0
2025-08-15 00:00:00-04:00,165.25999450683594,166.82000732421875,164.19000244140625,166.19000244140625,160.38156127929688,4027600,0.0,0.0
2025-08-18 00:00:00-04:00,165.94000244140625,167.3000030517578,165.3800048828125,166.60000610351562,160.77725219726562,3769600,0.0,0.0
2025-08-19 00:00:00-04:00,166.35000610351562,169.08999633789062,166.3000030517578,168.77000427246094,162.87139892578125,4114100,0.0,0.0
2025-08-20 00:00:00-04:00,170.0,173.1699981689453,169.2100067138672,172.85000610351562,166.8087921142578,5089200,0.0,0.0
2025-08-21 00:00:00-04:00,173.0,174.8800048828125,172.75,174.49000549316406,168.39149475097656,4397800,0.0,0.0
2025-08-22 00:00:00-04:00,174.77000427246094,175.22999572753906,170.0500030517578,171.75,165.7472381591797,4760900,0.0,0.0
2025-08-25 00:00:00-04:00,171.75999450683594,171.94000244140625,166.8300018310547,167.3699951171875,161.52032470703125,4872800,0.0,0.0
2025-08-26 00:00:00-04:00,167.33999633789062,167.5800018310547,165.52999877929688,166.67999267578125,160.85443115234375,5854900,0.0,0.0
2025-08-27 00:00:00-04:00,165.89999389648438,166.02000427246094,163.92999267578125,164.19000244140625,158.4514617919922,5164400,0.0,0.0
2025-08-28 00:00:00-04:00,164.05999755859375,166.27000427246094,161.9600067138672,165.77000427246094,159.97625732421875,7297800,0.0,0.0
2025-08-29 00:00:00-04:00,166.41000366210938,167.2899932861328,165.1699981689453,167.1300048828125,161.28871154785156,5358000,0.0,0.0
2025-09-02 00:00:00-04:00,166.57000732421875,168.0399932861328,163.3800048828125,167.39999389648438,161.5492706298828,6013500,0.0,0.0
2025-09-03 00:00:00-04:00,165.6999969482422,166.89999389648438,161.16000366210938,163.22000122070312,157.515380859375,7329600,0.0,0.0
2025-09-04 00:00:00-04:00,162.16000366210938,164.5,159.7899932861328,161.14999389648438,155.51773071289062,7839100,0.0,0.0
2025-09-05 00:00:00-04:00,161.47000122070312,162.05999755859375,160.07000732421875,161.5500030517578,155.9037628173828,4056700,0.0,0.0
2025-09-08 00:00:00-04:00,161.66000366210938,162.7899932861328,159.57000732421875,162.72000122070312,157.03285217285156,6055800,0.0,0.0
2025-09-09 00:00:00-04:00,162.1300048828125,165.0399932861328,161.10000610351562,164.74000549316406,158.9822540283203,3845800,0.0,0.0
2025-09-10 00:00:00-04:00,164.77999877929688,165.8300018310547,164.02000427246094,165.30999755859375,159.53233337402344,3979500,0.0,0.0
2025-09-11 00:00:00-04:00,165.89999389648438,169.86000061035156,165.1999969482422,167.89999389648438,162.03179931640625,4800300,0.0,0.0
2025-09-12 00:00:00-04:00,167.32000732421875,168.8000030517578,165.10000610351562,166.11000061035156,160.3043670654297,3691500,0.0,0.0
2025-09-15 00:00:00-04:00,165.50999450683594,165.50999450683594,161.47000122070312,161.63999938964844,155.99058532714844,5584100,0.0,0.0
2025-09-16 00:00:00-04:00,162.02999877929688,164.3699951171875,161.42999267578125,162.9600067138672,157.26446533203125,6281200,0.0,0.0
2025-09-17 00:00:00-04:00,163.7899932861328,167.0800018310547,163.33999633789062,166.3000030517578,160.48773193359375,5590800,0.0,0.0
2025-09-18 00:00:00-04:00,163.99000549316406,164.72000122070312,161.1199951171875,161.75999450683594,156.1063995361328,6547700,0.0,0.0
2025-09-19 00:00:00-04:00,162.4199981689453,163.7899932861328,161.3300018310547,162.9499969482422,157.2548065185547,10489000,0.0,0.0
2025-09-22 00:00:00-04:00,162.17999267578125,163.4600067138672,159.91000366210938,161.97999572753906,156.31871032714844,5735000,0.0,0.0
2025-09-23 00:00:00-04:00,161.8699951171875,164.1699981689453,161.00999450683594,163.77000427246094,158.046142578125,4622100,0.0,0.0
2025-09-24 00:00:00-04:00,163.5399932861328,164.82000732421875,162.75999450683594,163.0,157.3030548095703,6373200,0.0,0.0
2025-09-25 00:00:00-04:00,164.44000244140625,165.25999450683594,163.32000732421875,164.0,158.2681121826172,4295600,0.0,0.0
2025-09-26 00:00:00-04:00,164.64999389648438,164.97000122070312,163.0,164.88999938964844,159.12701416015625,3736100,0.0,0.0
2025-09-29 00:00:00-04:00,164.52999877929688,164.99000549316406,162.5,162.99000549316406,157.29342651367188,6953900,0.0,0.0
2025-09-30 00:00:00-04:00,162.89999389648438,163.60000610351562,161.69000244140625,162.1999969482422,156.53102111816406,6401100,0.0,0.0
2025-10-01 00:00:00-04:00,162.8699951171875,164.05999755859375,158.4499969482422,160.86000061035156,155.2378387451172,8633700,0.0,0.0
2025-10-02 00:00:00-04:00,160.5399932861328,162.1300048828125,157.55999755859375,157.91000366210938,152.39096069335938,6930000,0.0,0.0
2025-10-03 00:00:00-04:00,155.8000030517578,156.39999389648438,151.14999389648438,153.27000427246094,149.30300903320312,11151500,1.47,0.0
2025-10-06 00:00:00-04:00,152.13999938964844,153.64999389648438,150.8800048828125,153.5399932861328,149.56602478027344,7071400,0.0,0.0
2025-10-07 00:00:00-04:00,153.5,155.13999938964844,152.30999755859375,154.5500030517578,150.54989624023438,6789300,0.0,0.0
2025-10-08 00:00:00-04:00,154.4600067138672,155.33999633789062,152.1699981689453,155.27000427246094,151.2512664794922,6368200,0.0,0.0
2025-10-09 00:00:00-04:00,155.27999877929688,156.8800048828125,153.50999450683594,156.85000610351562,152.79034423828125,4455400,0.0,0.0
2025-10-10 00:00:00-04:00,157.3699951171875,161.5399932861328,156.9600067138672,160.47000122070312,156.31666564941406,6542800,0.0,0.0
2025-10-13 00:00:00-04:00,158.5,159.52999877929688,156.61000061035156,159.47000122070312,155.342529296875,5684200,0.0,0.0
2025-10-14 00:00:00-04:00,158.42999267578125,161.14999389648438,157.94000244140625,159.07000732421875,154.95289611816406,6198900,0.0,0.0
2025-10-15 00:00:00-04:00,157.83999633789062,159.9499969482422,157.4499969482422,157.72999572753906,153.64756774902344,4683500,0.0,0.0
2025-10-16 00:00:00-04:00,158.69000244140625,158.69000244140625,155.67999267578125,155.97999572753906,151.94287109375,5110000,0.0,0.0
2025-10-17 00:00:00-04:00,157.02999877929688,158.97999572753906,156.8699951171875,158.05999755859375,153.9690399169922,5371900,0.0,0.0
2025-10-20 00:00:00-04:00,158.16000366210938,160.6999969482422,157.17999267578125,158.05999755859375,153.9690399169922,7779200,0.0,0.0
2025-10-21 00:00:00-04:00,154.6699981689453,155.92999267578125,142.3300018310547,152.0,148.06588745117188,28418100,0.0,0.0
2025-10-22 00:00:00-04:00,151.8699951171875,156.9600067138672,151.0,156.86000061035156,152.8000946044922,12741400,0.0,0.0
2025-10-23 00:00:00-04:00,157.94000244140625,159.11000061035156,156.35000610351562,157.6999969482422,153.61834716796875,8147000,0.0,0.0
2025-10-24 00:00:00-04:00,158.0800018310547,158.6199951171875,157.3800048828125,157.6199951171875,153.5404052734375,6303600,0.0,0.0
2025-10-27 00:00:00-04:00,156.83999633789062,156.86000061035156,152.92999267578125,153.2100067138672,149.2445831298828,10233700,0.0,0.0
2025-10-28 00:00:00-04:00,153.0,153.0800018310547,148.13999938964844,149.80999755859375,145.93255615234375,7725500,0.0,0.0
2025-10-29 00:00:00-04:00,149.24000549316406,150.13999938964844,146.38999938964844,146.77000427246094,142.97125244140625,7637100,0.0,0.0
2025-10-30 00:00:00-04:00,146.77999877929688,147.42999267578125,145.0399932861328,145.75999450683594,141.98736572265625,5747900,0.0,0.0
2025-10-31 00:00:00-04:00,145.30999755859375,145.5399932861328,143.1699981689453,144.3300018310547,140.5944061279297,6200300,0.0,0.0
2025-11-03 00:00:00-05:00,143.5,145.1199951171875,142.11000061035156,144.60000610351562,140.85740661621094,5056100,0.0,0.0
2025-11-04 00:00:00-05:00,145.74000549316406,147.77000427246094,144.22000122070312,147.66000366210938,143.8382110595703,5712900,0.0,0.0
2025-11-05 00:00:00-05:00,148.19000244140625,150.42999267578125,147.25,148.39999389648438,144.55906677246094,5928400,0.0,0.0
2025-11-06 00:00:00-05:00,148.47000122070312,150.8800048828125,147.33999633789062,149.89999389648438,146.0202178955078,7315100,0.0,0.0
2025-11-07 00:00:00-05:00,151.25,153.52000427246094,149.3699951171875,153.38999938964844,149.41990661621094,7365000,0.0,0.0
2025-11-10 00:00:00-05:00,152.10000610351562,155.16000366210938,151.35000610351562,155.07000732421875,151.05642700195312,4976900,0.0,0.0
2025-11-11 00:00:00-05:00,155.4199981689453,157.50999450683594,155.27000427246094,156.8000030517578,152.7416534423828,3570100,0.0,0.0
2025-11-12 00:00:00-05:00,156.25,157.35000610351562,155.5,155.55999755859375,151.53372192382812,4781900,0.0,0.0
2025-11-13 00:00:00-05:00,155.69000244140625,156.05999755859375,153.0,155.14999389648438,151.13433837890625,5293300,0.0,0.0
2025-11-14 00:00:00-05:00,155.25,155.5500030517578,152.82000732421875,155.42999267578125,151.40708923339844,3529300,0.0,0.0
2025-11-17 00:00:00-05:00,154.9199981689453,154.9199981689453,151.77000427246094,152.75999450683594,148.8061981201172,4709000,0.0,0.0
2025-11-18 00:00:00-05:00,154.1199951171875,157.6199951171875,152.80999755859375,155.85000610351562,151.8162384033203,5144000,0.0,0.0
2025-11-19 00:00:00-05:00,155.50999450683594,156.6699981689453,154.0,155.61000061035156,151.5824432373047,4343200,0.0,0.0
2025-11-20 00:00:00-05:00,155.57000732421875,156.2899932861328,154.1300048828125,155.64999389648438,151.62139892578125,4021200,0.0,0.0
2025-11-21 00:00:00-05:00,156.38999938964844,157.7899932861328,154.41000366210938,155.24000549316406,151.22203063964844,6834600,0.0,0.0
2025-11-24 00:00:00-05:00,154.00999450683594,155.1699981689453,150.08999633789062,151.05999755859375,147.15020751953125,13674800,0.0,0.0
2025-11-25 00:00:00-05:00,152.67999267578125,158.22999572753906,152.39999389648438,157.41000366210938,153.3358612060547,7287100,0.0,0.0
2025-11-26 00:00:00-05:00,157.94000244140625,158.22000122070312,156.2899932861328,156.49000549316406,152.43966674804688,4172200,0.0,0.0
2025-11-28 00:00:00-05:00,155.3000030517578,157.52999877929688,155.3000030517578,157.47999572753906,153.40403747558594,1878300,0.0,0.0
2025-12-01 00:00:00-05:00,157.36000061035156,157.99000549316406,155.50999450683594,156.14999389648438,152.1084747314453,3453900,0.0,0.0
2025-12-02 00:00:00-05:00,156.0500030517578,156.3800048828125,153.42999267578125,154.6199951171875,150.61805725097656,4771300,0.0,0.0
2025-12-03 00:00:00-05:00,155.1300048828125,155.55999755859375,151.55999755859375,151.7100067138672,147.78338623046875,3827200,0.0,0.0
2025-12-04 00:00:00-05:00,150.8000030517578,151.7100067138672,146.35000610351562,148.5800018310547,144.73440551757812,8566200,0.0,0.0
2025-12-05 00:00:00-05:00,148.2100067138672,148.9199981689453,147.3000030517578,147.80999755859375,143.9843292236328,5456200,0.0,0.0
2025-12-08 00:00:00-05:00,147.55999755859375,149.8699951171875,146.64999389648438,148.2899932861328,144.45188903808594,6657700,0.0,0.0
2025-12-09 00:00:00-05:00,149.19000244140625,150.88999938964844,148.02999877929688,150.3699951171875,146.47805786132812,5065200,0.0,0.0
2025-12-10 00:00:00-05:00,150.0500030517578,150.58999633789062,148.2100067138672,149.77000427246094,145.8936004638672,9023100,0.0,0.0
2025-12-11 00:00:00-05:00,150.99000549316406,152.63999938964844,150.4199981689453,150.9499969482422,147.04306030273438,4130200,0.0,0.0
2025-12-12 00:00:00-05:00,151.0,153.72000122070312,149.50999450683594,153.64999389648438,149.6731719970703,5781800,0.0,0.0
2025-12-15 00:00:00-05:00,154.10000610351562,159.27000427246094,153.52999877929688,158.41000366210938,154.3099822998047,7020500,0.0,0.0
2025-12-16 00:00:00-05:00,158.75,159.8699951171875,157.47999572753906,157.9499969482422,153.86187744140625,5953600,0.0,0.0
2025-12-17 00:00:00-05:00,157.5,159.55999755859375,156.77000427246094,158.61000061035156,154.50479125976562,8460800,0.0,0.0
2025-12-18 00:00:00-05:00,158.2899932861328,159.00999450683594,156.49000549316406,157.30999755859375,153.23843383789062,5386400,0.0,0.0
2025-12-19 00:00:00-05:00,157.24000549316406,159.85000610351562,156.64999389648438,156.83999633789062,152.78060913085938,18081100,0.0,0.0
2025-12-22 00:00:00-05:00,157.00999450683594,161.17999267578125,156.99000549316406,159.6999969482422,155.56658935546875,7391500,0.0,0.0
2025-12-23 00:00:00-05:00,159.3699951171875,162.32000732421875,159.27000427246094,162.05999755859375,157.86550903320312,4728100,0.0,0.0
2025-12-24 00:00:00-05:00,162.25999450683594,163.6999969482422,161.9199981689453,162.63999938964844,158.4304962158203,1754400,0.0,0.0
2025-12-26 00:00:00-05:00,161.1699981689453,162.6199951171875,160.88999938964844,161.0500030517578,158.3125457763672,3795300,1.47,0.0
2025-12-29 00:00:00-05:00,161.0500030517578,162.27999877929688,160.27999877929688,161.94000244140625,159.18740844726562,3626500,0.0,0.0
2025-12-30 00:00:00-05:00,161.60000610351562,162.3800048828125,161.1699981689453,161.9499969482422,159.19723510742188,2900100,0.0,0.0
2025-12-31 00:00:00-05:00,161.49000549316406,161.99000549316406,160.2899932861328,160.39999389648438,157.67356872558594,2590500,0.0,0.0
2026-01-02 00:00:00-05:00,160.25999450683594,162.14999389648438,159.2100067138672,160.3000030517578,157.57528686523438,3938000,0.0,0.0
2026-01-05 00:00:00-05:00,159.0,160.4499969482422,155.3000030517578,159.86000061035156,157.14276123046875,8234300,0.0,0.0
2026-01-06 00:00:00-05:00,159.77000427246094,160.1999969482422,155.13999938964844,155.16000366210938,152.5226593017578,5223400,0.0,0.0
2026-01-07 00:00:00-05:00,155.00999450683594,156.4199981689453,153.7100067138672,155.14999389648438,152.5128173828125,6114100,0.0,0.0
2026-01-08 00:00:00-05:00,155.8300018310547,159.42999267578125,155.50999450683594,158.80999755859375,156.11061096191406,3667900,0.0,0.0
2026-01-09 00:00:00-05:00,159.17999267578125,162.77999877929688,159.17999267578125,162.61000061035156,159.84600830078125,4371100,0.0,0.0
2026-01-12 00:00:00-05:00,162.8800048828125,165.3300018310547,162.3300018310547,165.16000366210938,162.35267639160156,6045200,0.0,0.0
2026-01-13 00:00:00-05:00,164.64999389648438,166.75999450683594,163.30999755859375,165.85000610351562,163.0309600830078,3983200,0.0,0.0
2026-01-14 00:00:00-05:00,166.64999389648438,171.3300018310547,166.57000732421875,171.0800018310547,168.1720428466797,6383000,0.0,0.0
2026-01-15 00:00:00-05:00,170.33999633789062,174.00999450683594,170.02999877929688,172.55999755859375,169.62689208984375,4997000,0.0,0.0
2026-01-16 00:00:00-05:00,171.6699981689453,174.27999877929688,170.77000427246094,173.6199951171875,170.66888427734375,5068200,0.0,0.0
2026-01-20 00:00:00-05:00,170.92999267578125,171.6199951171875,166.99000549316406,167.17999267578125,164.3383331298828,5942700,0.0,0.0
2026-01-21 00:00:00-05:00,167.5,169.02000427246094,163.1300048828125,168.80999755859375,165.9406280517578,5897800,0.0,0.0
2026-01-22 00:00:00-05:00,169.0800018310547,170.16000366210938,167.0,170.0500030517578,167.15956115722656,4060500,0.0,0.0
2026-01-23 00:00:00-05:00,170.07000732421875,173.25,168.74000549316406,173.02000427246094,170.07908630371094,5035800,0.0,0.0
2026-01-26 00:00:00-05:00,173.5,176.0800018310547,173.11000061035156,175.75999450683594,172.77249145507812,5300200,0.0,0.0
2026-01-27 00:00:00-05:00,175.97000122070312,179.30999755859375,174.6699981689453,178.8800048828125,175.8394775390625,3887500,0.0,0.0
2026-01-28 00:00:00-05:00,178.11000061035156,181.0,177.3800048828125,178.58999633789062,175.55438232421875,4398800,0.0,0.0
2026-01-29 00:00:00-05:00,178.7100067138672,180.25,177.02999877929688,177.88999938964844,174.86630249023438,7578900,0.0,0.0
2026-01-30 00:00:00-05:00,177.83999633789062,180.08999633789062,175.13999938964844,179.44000244140625,176.38995361328125,8239200,0.0,0.0
2026-02-02 00:00:00-05:00,180.86000061035156,180.86000061035156,177.1300048828125,179.94000244140625,176.88145446777344,6387100,0.0,0.0
2026-02-03 00:00:00-05:00,180.42999267578125,181.77000427246094,176.83999633789062,177.0,173.99142456054688,8389600,0.0,0.0
2026-02-04 00:00:00-05:00,179.25999450683594,180.4499969482422,177.30999755859375,180.38999938964844,177.32379150390625,8063900,0.0,0.0
2026-02-05 00:00:00-05:00,182.5,184.39999389648438,180.66000366210938,182.0,178.90643310546875,7392300,0.0,0.0
2026-02-06 00:00:00-05:00,179.8300018310547,186.5500030517578,178.0,182.80999755859375,179.70266723632812,8571800,0.0,0.0
2026-02-09 00:00:00-05:00,182.1699981689453,183.85000610351562,178.5800018310547,181.8300018310547,178.73931884765625,5384300,0.0,0.0
2026-02-10 00:00:00-05:00,181.63999938964844,183.30999755859375,179.7100067138672,182.69000244140625,179.584716796875,4114500,0.0,0.0
2026-02-11 00:00:00-05:00,182.5,188.35000610351562,181.97000122070312,186.27000427246094,183.10386657714844,6572500,0.0,0.0
2026-02-12 00:00:00-05:00,186.0500030517578,190.97999572753906,185.8699951171875,188.9499969482422,185.73829650878906,5567700,0.0,0.0
2026-02-13 00:00:00-05:00,188.49000549316406,190.25,186.80999755859375,187.50999450683594,184.32278442382812,3770600,0.0,0.0
2026-02-17 00:00:00-05:00,187.55999755859375,187.55999755859375,183.3000030517578,183.64999389648438,180.52838134765625,4809600,0.0,0.0
2026-02-18 00:00:00-05:00,184.6699981689453,185.0,182.14999389648438,182.6699981689453,179.56504821777344,3549800,0.0,0.0
2026-02-19 00:00:00-05:00,181.99000549316406,183.7899932861328,180.2100067138672,183.5,180.38095092773438,3336700,0.0,0.0
2026-02-20 00:00:00-05:00,184.13999938964844,185.0,182.1199951171875,183.39999389648438,180.28262329101562,3845500,0.0,0.0
2026-02-23 00:00:00-05:00,183.74000549316406,188.25999450683594,183.52999877929688,187.22000122070312,184.03770446777344,5081000,0.0,0.0
2026-02-24 00:00:00-05:00,186.22999572753906,187.5800018310547,183.38999938964844,187.0,183.8214569091797,4274300,0.0,0.0
2026-02-25 00:00:00-05:00,186.4600067138672,191.3000030517578,185.66000366210938,189.8000030517578,186.57386779785156,6561300,0.0,0.0
2026-02-26 00:00:00-05:00,190.0,190.25,187.16000366210938,187.5,184.3129425048828,4871100,0.0,0.0
2026-02-27 00:00:00-05:00,188.13999938964844,190.11000061035156,185.6999969482422,186.8300018310547,183.6543426513672,5024300,0.0,0.0
2026-03-02 00:00:00-05:00,186.5,187.5,183.5800018310547,183.82000732421875,180.6955108642578,3485500,0.0,0.0
2026-03-03 00:00:00-05:00,183.05999755859375,183.1300048828125,175.63999938964844,177.92999267578125,174.90560913085938,6757200,0.0,0.0
2026-03-04 00:00:00-05:00,177.5,179.30999755859375,175.8300018310547,179.0399932861328,175.9967498779297,4493500,0.0,0.0
2026-03-05 00:00:00-05:00,176.89999389648438,176.89999389648438,167.94000244140625,169.6999969482422,166.8155059814453,8517800,0.0,0.0
2026-03-06 00:00:00-05:00,168.52000427246094,170.0800018310547,166.89999389648438,169.97999572753906,167.0907440185547,5070700,0.0,0.0
2026-03-09 00:00:00-04:00,169.5,173.2899932861328,169.25,173.25,170.30516052246094,5176400,0.0,0.0
2026-03-10 00:00:00-04:00,172.57000732421875,174.27999877929688,171.75999450683594,172.8699951171875,169.93162536621094,4903000,0.0,0.0
2026-03-11 00:00:00-04:00,172.00999450683594,172.1199951171875,165.25999450683594,166.83999633789062,164.00411987304688,7377400,0.0,0.0
2026-03-12 00:00:00-04:00,164.25999450683594,172.16000366210938,163.32000732421875,172.0,169.076416015625,6559900,0.0,0.0
2026-03-13 00:00:00-04:00,173.5,176.0500030517578,172.38999938964844,174.66000366210938,171.6912078857422,6606400,0.0,0.0
2026-03-16 00:00:00-04:00,176.50999450683594,177.25,174.60000610351562,174.77999877929688,171.8091583251953,3444100,0.0,0.0
2026-03-17 00:00:00-04:00,176.14999389648438,176.8000030517578,172.52000427246094,172.8300018310547,169.89230346679688,3533300,0.0,0.0
2026-03-18 00:00:00-04:00,171.0,171.0,164.89999389648438,166.13999938964844,163.31600952148438,4669600,0.0,0.0
2026-03-19 00:00:00-04:00,164.22000122070312,165.25,161.85000610351562,163.3699951171875,162.02670288085938,4469200,1.47,0.0
2026-03-20 00:00:00-04:00,163.52999877929688,164.6300048828125,161.8300018310547,163.11000061035156,161.7688446044922,9565500,0.0,0.0
2026-03-23 00:00:00-04:00,164.16000366210938,164.9600067138672,162.44000244140625,163.24000549316406,161.8977813720703,3944100,0.0,0.0
2026-03-24 00:00:00-04:00,162.97999572753906,167.5,161.82000732421875,163.8699951171875,162.5225830078125,4876600,0.0,0.0
2026-03-25 00:00:00-04:00,164.55999755859375,165.99000549316406,163.0,165.5,164.13919067382812,3690100,0.0,0.0
2026-03-26 00:00:00-04:00,165.5,166.0,161.92999267578125,162.49000549316406,161.15394592285156,3053500,0.0,0.0
2026-03-27 00:00:00-04:00,162.75999450683594,165.27000427246094,162.25,163.5399932861328,162.19529724121094,3619600,0.0,0.0
2026-03-30 00:00:00-04:00,165.7100067138672,165.74000549316406,163.7100067138672,164.8300018310547,163.47470092773438,4388100,0.0,0.0
2026-03-31 00:00:00-04:00,166.47999572753906,166.47999572753906,163.97999572753906,165.33999633789062,163.98049926757812,3428700,0.0,0.0
2026-04-01 00:00:00-04:00,161.5,162.47000122070312,151.6300048828125,157.3300018310547,156.036376953125,10125600,0.0,0.0
2026-04-02 00:00:00-04:00,157.35000610351562,159.47999572753906,156.25,158.10000610351562,156.800048828125,4565100,0.0,0.0
2026-04-06 00:00:00-04:00,158.10000610351562,160.3699951171875,157.52999877929688,160.33999633789062,159.02162170410156,2804500,0.0,0.0
2026-04-07 00:00:00-04:00,160.3800048828125,161.13999938964844,157.2899932861328,157.49000549316406,156.19505310058594,3443000,0.0,0.0
2026-04-08 00:00:00-04:00,156.77000427246094,161.19000244140625,155.13999938964844,160.94000244140625,159.61668395996094,5305600,0.0,0.0
2026-04-09 00:00:00-04:00,159.36000061035156,162.30999755859375,159.1699981689453,161.25,159.92413330078125,3334100,0.0,0.0
2026-04-10 00:00:00-04:00,161.82000732421875,161.82000732421875,158.17999267578125,160.4499969482422,159.13070678710938,4412700,0.0,0.0
2026-04-13 00:00:00-04:00,160.47000122070312,163.66000366210938,160.02999877929688,162.75,161.41180419921875,6029100,0.0,0.0
2026-04-14 00:00:00-04:00,160.16000366210938,161.41000366210938,157.8699951171875,159.47000122070312,158.1587677001953,4324400,0.0,0.0
2026-04-15 00:00:00-04:00,158.99000549316406,159.5500030517578,157.11000061035156,157.19000244140625,155.89752197265625,3931200,0.0,0.0
2026-04-16 00:00:00-04:00,156.80999755859375,158.42999267578125,155.25999450683594,156.24000549316406,154.95533752441406,3510300,0.0,0.0
2026-04-17 00:00:00-04:00,155.16000366210938,158.02000427246094,154.89999389648438,157.7899932861328,156.49258422851562,5646100,0.0,0.0
2026-04-20 00:00:00-04:00,159.08999633789062,160.07000732421875,157.10000610351562,157.5500030517578,156.2545623779297,4324800,0.0,0.0
2026-04-21 00:00:00-04:00,157.13999938964844,157.6699981689453,153.17999267578125,153.25,151.9899139404297,5147600,0.0,0.0
2026-04-22 00:00:00-04:00,157.85000610351562,164.6999969482422,156.0,163.9499969482422,162.6019287109375,7747200,0.0,0.0
2026-04-23 00:00:00-04:00,164.7100067138672,170.8800048828125,163.6999969482422,169.19000244140625,167.79885864257812,6402500,0.0,0.0
2026-04-24 00:00:00-04:00,167.92999267578125,168.1699981689453,162.9199981689453,164.1999969482422,162.84988403320312,5095800,0.0,0.0
2026-04-27 00:00:00-04:00,163.0500030517578,164.9199981689453,160.6699981689453,160.89999389648438,159.57701110839844,4617200,0.0,0.0
2026-04-28 00:00:00-04:00,163.27999877929688,166.27000427246094,162.5,165.88999938964844,164.52598571777344,4067100,0.0,0.0
2026-04-29 00:00:00-04:00,164.13999938964844,164.7899932861328,161.94000244140625,162.7100067138672,161.3721466064453,3779300,0.0,0.0
2026-04-30 00:00:00-04:00,163.42999267578125,166.82000732421875,162.50999450683594,165.07000732421875,163.71273803710938,4813500,0.0,0.0
2026-05-01 00:00:00-04:00,165.97999572753906,167.6199951171875,165.50999450683594,166.3800048828125,165.011962890625,4217100,0.0,0.0
2026-05-04 00:00:00-04:00,166.38999938964844,171.75,165.75,169.19000244140625,167.79885864257812,4461700,0.0,0.0
2026-05-05 00:00:00-04:00,168.58999633789062,169.63999938964844,166.0,169.4600067138672,168.06663513183594,4305100,0.0,0.0
2026-05-06 00:00:00-04:00,169.44000244140625,171.24000549316406,168.61000061035156,170.52999877929688,169.12783813476562,4558800,0.0,0.0
2026-05-07 00:00:00-04:00,169.91000366210938,171.74000549316406,168.94000244140625,171.11000061035156,169.70306396484375,4316200,0.0,0.0
2026-05-08 00:00:00-04:00,171.8300018310547,172.25,170.30999755859375,170.99000549316406,169.5840606689453,4631700,0.0,0.0
2026-05-11 00:00:00-04:00,173.0399932861328,182.27999877929688,172.9600067138672,182.11000061035156,180.6126251220703,7016900,0.0,0.0
2026-05-12 00:00:00-04:00,183.7899932861328,190.91000366210938,180.0,186.92999267578125,185.39297485351562,7866900,0.0,0.0
2026-05-13 00:00:00-04:00,187.49000549316406,189.63999938964844,185.38999938964844,187.91000366210938,186.36492919921875,4887000,0.0,0.0
2026-05-14 00:00:00-04:00,188.22999572753906,192.9199981689453,187.6300048828125,191.86000061035156,190.28245544433594,5355100,0.0,0.0
2026-05-15 00:00:00-04:00,192.50999450683594,192.9499969482422,189.4199981689453,189.61000061035156,188.0509490966797,5383200,0.0,0.0
2026-05-18 00:00:00-04:00,189.42999267578125,191.97999572753906,186.97000122070312,191.5,189.9254150390625,3770900,0.0,0.0
2026-05-19 00:00:00-04:00,191.0,193.0500030517578,188.5399932861328,191.57000732421875,189.99484252929688,5743200,0.0,0.0
2026-05-20 00:00:00-04:00,189.36000061035156,189.91000366210938,185.63999938964844,188.6300048828125,187.07901000976562,6328400,0.0,0.0
2026-05-21 00:00:00-04:00,188.19000244140625,189.6999969482422,187.22000122070312,188.4600067138672,186.91041564941406,3644000,0.0,0.0
2026-05-22 00:00:00-04:00,187.60000610351562,190.49000549316406,187.35000610351562,188.99000549316406,187.43605041503906,2385200,0.0,0.0
2026-05-26 00:00:00-04:00,189.77999877929688,190.0,181.1199951171875,181.52999877929688,180.03738403320312,4945300,0.0,0.0
2026-05-27 00:00:00-04:00,182.5,183.22999572753906,180.27999877929688,182.0399932861328,180.54318237304688,4734300,0.0,0.0
2026-05-28 00:00:00-04:00,182.02000427246094,183.69000244140625,178.2100067138672,178.57000732421875,177.1017303466797,3793100,0.0,0.0
2026-05-29 00:00:00-04:00,176.64999389648438,178.08999633789062,174.88999938964844,177.3800048828125,175.9215087890625,5948700,0.0,0.0
2026-06-01 00:00:00-04:00,175.63999938964844,176.1199951171875,172.17999267578125,172.66000366210938,171.24032592773438,3786200,0.0,0.0
2026-06-02 00:00:00-04:00,170.14999389648438,175.22999572753906,170.0,173.66000366210938,172.2321014404297,4029600,0.0,0.0
2026-06-03 00:00:00-04:00,173.9499969482422,178.9199981689453,173.5,175.94000244140625,174.49334716796875,3262900,0.0,0.0
2026-06-04 00:00:00-04:00,177.88999938964844,179.3000030517578,174.72999572753906,174.99000549316406,173.55116271972656,3411500,0.0,0.0
2026-06-05 00:00:00-04:00,176.77000427246094,180.36000061035156,175.07000732421875,178.2899932861328,176.8240203857422,4599000,0.0,0.0
2026-06-08 00:00:00-04:00,178.41000366210938,180.0,174.4600067138672,176.05999755859375,174.61236572265625,3540100,0.0,0.0
2026-06-09 00:00:00-04:00,175.0399932861328,179.16000366210938,172.39999389648438,178.49000549316406,177.0223846435547,4246000,0.0,0.0
2026-06-10 00:00:00-04:00,180.94000244140625,183.11000061035156,179.22999572753906,182.9499969482422,181.44570922851562,4446000,0.0,0.0
2026-06-11 00:00:00-04:00,184.57000732421875,184.91000366210938,180.22999572753906,180.77000427246094,179.2836456298828,5530700,0.0,0.0
2026-06-12 00:00:00-04:00,181.0,185.1199951171875,180.4199981689453,184.3000030517578,182.78460693359375,3325800,0.0,0.0
2026-06-15 00:00:00-04:00,182.0,183.92999267578125,180.63999938964844,181.80999755859375,180.31507873535156,6070500,0.0,0.0
2026-06-16 00:00:00-04:00,182.30999755859375,186.22000122070312,181.32000732421875,184.05999755859375,182.5465850830078,6047600,0.0,0.0
2026-06-17 00:00:00-04:00,182.47000122070312,182.86000061035156,178.49000549316406,179.44000244140625,177.96456909179688,7435500,0.0,0.0
2026-06-18 00:00:00-04:00,179.5800018310547,180.47000122070312,177.0399932861328,178.39999389648438,176.93312072753906,11732000,0.0,0.0
2026-06-22 00:00:00-04:00,178.0500030517578,178.88999938964844,172.2899932861328,173.1699981689453,171.74612426757812,4491500,0.0,0.0
2026-06-23 00:00:00-04:00,177.6699981689453,179.3800048828125,175.61000061035156,178.69000244140625,177.2207489013672,3444200,0.0,0.0
2026-06-24 00:00:00-04:00,178.88999938964844,180.07000732421875,176.55999755859375,178.77999877929688,177.30999755859375,4728800,0.0,0.0
2026-06-25 00:00:00-04:00,176.1300048828125,180.75999450683594,175.83999633789062,178.92999267578125,178.92999267578125,3161300,1.47,0.0
2026-06-26 00:00:00-04:00,179.92999267578125,182.6199951171875,179.25,180.77000427246094,180.77000427246094,7839200,0.0,0.0
2026-06-29 00:00:00-04:00,180.61000061035156,183.3000030517578,179.64999389648438,182.8699951171875,182.8699951171875,5039600,0.0,0.0
2026-06-30 00:00:00-04:00,181.72999572753906,186.0,179.0,180.91000366210938,180.91000366210938,9090500,0.0,0.0
2026-07-01 00:00:00-04:00,180.82000732421875,181.5399932861328,176.5,177.69000244140625,177.69000244140625,5910600,0.0,0.0
2026-07-02 00:00:00-04:00,181.02999877929688,183.8300018310547,179.52000427246094,182.27000427246094,182.27000427246094,4928500,0.0,0.0
2026-07-06 00:00:00-04:00,182.75,184.99000549316406,181.58999633789062,184.75999450683594,184.75999450683594,4126900,0.0,0.0
2026-07-07 00:00:00-04:00,189.19000244140625,189.6999969482422,185.27999877929688,187.7899932861328,187.7899932861328,3893000,0.0,0.0
2026-07-08 00:00:00-04:00,187.2899932861328,189.6199951171875,185.88999938964844,187.07000732421875,187.07000732421875,3652400,0.0,0.0
2026-07-09 00:00:00-04:00,186.5800018310547,187.4499969482422,180.63999938964844,181.1699981689453,181.1699981689453,5092200,0.0,0.0
2026-07-10 00:00:00-04:00,181.57000732421875,182.52000427246094,178.4499969482422,181.6199951171875,181.6199951171875,4384200,0.0,0.0
2026-07-13 00:00:00-04:00,181.72000122070312,184.17999267578125,179.75,180.19000244140625,180.19000244140625,3494800,0.0,0.0
2026-07-14 00:00:00-04:00,180.67999267578125,182.0,175.83999633789062,175.9499969482422,175.9499969482422,4625300,0.0,0.0
2026-07-15 00:00:00-04:00,176.4499969482422,181.1199951171875,175.75999450683594,180.8800048828125,180.8800048828125,4178200,0.0,0.0
2026-07-16 00:00:00-04:00,182.47000122070312,190.0,181.66000366210938,189.83999633789062,189.83999633789062,5852900,0.0,0.0
2026-07-17 00:00:00-04:00,191.99000549316406,194.6199951171875,190.60000610351562,192.97999572753906,192.97999572753906,5202800,0.0,0.0
2026-07-20 00:00:00-04:00,192.8000030517578,194.89999389648438,191.16000366210938,192.72000122070312,192.72000122070312,4754600,0.0,0.0
2026-07-21 00:00:00-04:00,191.8000030517578,193.0,187.30999755859375,188.0399932861328,188.0399932861328,6511100,0.0,0.0
2026-07-22 00:00:00-04:00,192.02999877929688,199.77999877929688,189.3800048828125,194.3000030517578,194.3000030517578,7799100,0.0,0.0
2026-07-23 00:00:00-04:00,191.9499969482422,194.72000122070312,189.0500030517578,191.1199951171875,191.1199951171875,6450100,0.0,0.0
2026-07-24 00:00:00-04:00,192.58999633789062,195.6300048828125,191.77999877929688,193.0,193.0,4438800,0.0,0.0
2026-07-27 00:00:00-04:00,193.0,196.7899932861328,192.5500030517578,195.66000366210938,195.66000366210938,3699000,0.0,0.0
2026-07-28 00:00:00-04:00,198.75999450683594,207.75999450683594,198.67999267578125,200.1699981689453,200.1699981689453,8064900,0.0,0.0
2026-07-29 00:00:00-04:00,201.0,202.57000732421875,198.19000244140625,198.44000244140625,198.44000244140625,3917800,0.0,0.0
2026-07-30 00:00:00-04:00,193.1999969482422,195.9199981689453,191.6699981689453,192.0,192.0,6799500,0.0,0.0
2026-07-31 00:00:00-04:00,190.0800018310547,193.4600067138672,188.9499969482422,190.82000732421875,190.82000732421875,5446000,0.0,0.0
2026-08-03 00:00:00-04:00,192.39999389648438,192.67999267578125,187.33999633789062,187.41000366210938,187.41000366210938,3986100,0.0,0.0
2026-08-04 00:00:00-04:00,186.0,187.4600067138672,184.36000061035156,186.91000366210938,186.91000366210938,5387400,0.0,0.0
2026-08-05 00:00:00-04:00,188.30999755859375,190.36000061035156,185.5,188.92999267578125,188.92999267578125,5540500,0.0,0.0
2026-08-06 00:00:00-04:00,191.14999389648438,191.5399932861328,186.66000366210938,188.0500030517578,188.0500030517578,5635300,0.0,0.0
2026-08-07 00:00:00-04:00,187.27999877929688,190.1699981689453,186.50999450683594,189.57000732421875,189.57000732421875,4718400,0.0,0.0
2026-08-10 00:00:00-04:00,188.0,188.60000610351562,185.00999450683594,186.0,186.0,3147800,0.0,0.0
2026-08-11 00:00:00-04:00,185.11000061035156,187.3000030517578,184.7100067138672,186.22000122070312,186.22000122070312,3468800,0.0,0.0
2026-08-12 00:00:00-04:00,184.27999877929688,187.0,184.02000427246094,186.19000244140625,186.19000244140625,3541200,0.0,0.0
2026-08-13 00:00:00-04:00,187.92999267578125,191.44000244140625,187.1999969482422,188.91000366210938,188.91000366210938,3353900,0.0,0.0
2026-08-14 00:00:00-04:00,188.9499969482422,191.10000610351562,187.6300048828125,190.38999938964844,190.38999938964844,4579000,0.0,0.0
2026-08-17 00:00:00-04:00,188.57000732421875,189.35000610351562,184.27999877929688,184.52000427246094,184.52000427246094,5803600,0.0,0.0
2026-08-18 00:00:00-04:00,187.02999877929688,188.8699951171875,186.00999450683594,187.6199951171875,187.6199951171875,7108200,0.0,0.0
2026-08-19 00:00:00-04:00,188.7100067138672,190.5,186.80999755859375,189.92999267578125,189.92999267578125,4801100,0.0,0.0
2026-08-20 00:00:00-04:00,188.8300018310547,194.25999450683594,188.8300018310547,191.52000427246094,191.52000427246094,5370600,0.0,0.0
2026-08-21 00:00:00-04:00,190.97000122070312,191.08999633789062,187.99000549316406,188.22999572753906,188.22999572753906,4091200,0.0,0.0
2026-08-24 00:00:00-04:00,190.24000549316406,193.47000122070312,189.1699981689453,191.4600067138672,191.4600067138672,4682800,0.0,0.0
2026-08-25 00:00:00-04:00,190.8699951171875,194.17999267578125,189.66000366210938,193.9199981689453,193.9199981689453,2717000,0.0,0.0
2026-08-26 00:00:00-04:00,195.0,196.66000366210938,192.6300048828125,194.10000610351562,194.10000610351562,4581800,0.0,0.0
2026-08-27 00:00:00-04:00,191.88999938964844,193.63999938964844,190.16000366210938,190.47999572753906,190.47999572753906,3976700,0.0,0.0
2026-08-28 00:00:00-04:00,191.14999389648438,192.85000610351562,190.1999969482422,191.88999938964844,191.88999938964844,3816800,0.0,0.0
2026-08-31 00:00:00-04:00,190.77999877929688,191.0,186.99000549316406,187.3000030517578,187.3000030517578,4013900,0.0,0.0
2026-09-01 00:00:00-04:00,190.35000610351562,192.3699951171875,187.07000732421875,187.14999389648438,187.14999389648438,4134000,0.0,0.0
2026-09-02 00:00:00-04:00,187.36000061035156,189.2100067138672,184.75,187.94000244140625,187.94000244140625,2937400,0.0,0.0
2026-09-03 00:00:00-04:00,188.64999389648438,189.08999633789062,186.07000732421875,186.1699981689453,186.1699981689453,2758300,0.0,0.0
2026-09-04 00:00:00-04:00,185.02999877929688,185.97000122070312,182.22999572753906,182.52999877929688,182.52999877929688,3155400,0.0,0.0
2026-09-08 00:00:00-04:00,181.00999450683594,187.36000061035156,181.00999450683594,184.72999572753906,184.72999572753906,4832800,0.0,0.0
2026-09-09 00:00:00-04:00,185.5,186.27999877929688,181.5500030517578,185.7100067138672,185.7100067138672,3953300,0.0,0.0
2026-09-10 00:00:00-04:00,188.61000061035156,192.4499969482422,188.4199981689453,189.77000427246094,189.77000427246094,4661600,0.0,0.0
2026-09-11 00:00:00-04:00,191.33999633789062,194.82000732421875,190.55999755859375,191.05999755859375,191.05999755859375,5320900,0.0,0.0
2026-09-14 00:00:00-04:00,195.19000244140625,195.35000610351562,192.85000610351562,194.86000061035156,194.86000061035156,2940700,0.0,0.0
2026-09-15 00:00:00-04:00,192.91000366210938,195.22999572753906,190.7899932861328,194.11000061035156,194.11000061035156,4183600,0.0,0.0
2026-09-16 00:00:00-04:00,192.4199981689453,195.49000549316406,191.5399932861328,191.7100067138672,191.7100067138672,2930900,0.0,0.0
2026-09-17 00:00:00-04:00,192.8000030517578,192.8000030517578,188.6999969482422,190.47999572753906,190.47999572753906,3010600,0.0,0.0
2026-09-18 00:00:00-04:00,188.0,191.0,186.55999755859375,188.6199951171875,188.6199951171875,7805700,0.0,0.0
2026-09-21 00:00:00-04:00,188.0,188.47999572753906,185.83999633789062,187.47999572753906,187.47999572753906,5693200,0.0,0.0
