Date,Open,High,Low,Close,Adj Close,Volume,Dividends,Stock Splits
2015-01-02 00:00:00-05:00,111.93000030517578,112.58000183105469,109.94999694824219,111.04000091552734,88.51335144042969,712600,0.0,0.0
2015-01-05 00:00:00-05:00,109.66000366210938,109.93000030517578,107.08000183105469,107.30999755859375,85.5400390625,1337500,0.0,0.0
2015-01-06 00:00:00-05:00,107.25,107.7699966430664,104.88999938964844,106.08000183105469,84.5595932006836,1059900,0.0,0.0
2015-01-07 00:00:00-05:00,107.18000030517578,107.55000305175781,105.91999816894531,106.26000213623047,84.70307159423828,1242100,0.0,0.0
2015-01-08 00:00:00-05:00,107.33999633789062,109.41000366210938,107.16999816894531,109.38999938964844,87.19808197021484,847400,0.0,0.0
2015-01-09 00:00:00-05:00,109.97000122070312,109.97000122070312,106.20999908447266,107.51000213623047,85.6994857788086,1123000,0.0,0.0
2015-01-12 00:00:00-05:00,107.23999786376953,107.27999877929688,105.18000030517578,106.0,84.49581146240234,667700,0.0,0.0
2015-01-13 00:00:00-05:00,106.44999694824219,107.08999633789062,103.26000213623047,104.4800033569336,83.28417205810547,912800,0.0,0.0
2015-01-14 00:00:00-05:00,103.0,105.0199966430664,102.5999984741211,104.87000274658203,83.59505462646484,1799100,0.0,0.0
2015-01-15 00:00:00-05:00,105.43000030517578,106.30999755859375,104.30000305175781,104.80000305175781,83.53926086425781,1280600,0.0,0.0
2015-01-16 00:00:00-05:00,104.48999786376953,104.7699966430664,102.30999755859375,104.69000244140625,83.45158386230469,1392100,0.0,0.0
2015-01-20 00:00:00-05:00,105.38999938964844,106.01000213623047,104.22000122070312,105.44999694824219,84.0573959350586,1129800,0.0,0.0
2015-01-21 00:00:00-05:00,104.97000122070312,106.48999786376953,104.97000122070312,106.38999938964844,84.80670928955078,684400,0.0,0.0
2015-01-22 00:00:00-05:00,108.20999908447266,109.0199966430664,106.47000122070312,108.5199966430664,86.50460052490234,1806800,0.0,0.0
2015-01-23 00:00:00-05:00,108.25,108.8499984741211,106.7300033569336,106.86000061035156,85.18138122558594,1075600,0.0,0.0
2015-01-26 00:00:00-05:00,106.62000274658203,107.31999969482422,105.48999786376953,107.25,85.49224090576172,1158500,0.0,0.0
2015-01-27 00:00:00-05:00,107.7300033569336,108.26000213623047,104.69000244140625,107.23999786376953,85.4842529296875,3431300,0.0,0.0
2015-01-28 00:00:00-05:00,109.51000213623047,111.41999816894531,107.48999786376953,108.55999755859375,86.53648376464844,4328000,0.0,0.0
2015-01-29 00:00:00-05:00,108.77999877929688,110.11000061035156,106.81999969482422,110.0199966430664,87.70027923583984,1738600,0.0,0.0
2015-01-30 00:00:00-05:00,109.02999877929688,109.68000030517578,108.05000305175781,108.91999816894531,86.82344818115234,1349700,0.0,0.0
2015-02-02 00:00:00-05:00,109.37999725341797,112.16999816894531,108.94999694824219,111.88999938964844,89.19091796875,1305000,0.0,0.0
2015-02-03 00:00:00-05:00,113.05000305175781,114.55000305175781,112.23999786376953,114.33000183105469,91.13590240478516,1484100,0.0,0.0
2015-02-04 00:00:00-05:00,113.7300033569336,113.7300033569336,111.80999755859375,112.0999984741211,89.35832214355469,1373800,0.0,0.0
2015-02-05 00:00:00-05:00,112.13999938964844,113.2699966430664,112.08000183105469,113.04000091552734,90.10761260986328,823400,0.0,0.0
2015-02-06 00:00:00-05:00,113.12000274658203,114.25,112.25,112.6500015258789,89.79672241210938,952300,0.0,0.0
2015-02-09 00:00:00-05:00,112.0,115.11000061035156,111.45999908447266,115.02999877929688,91.69389343261719,1134900,0.0,0.0
2015-02-10 00:00:00-05:00,115.47000122070312,115.66999816894531,113.55999755859375,115.0,91.67001342773438,908200,0.0,0.0
2015-02-11 00:00:00-05:00,114.77999877929688,115.83999633789062,113.73999786376953,115.33000183105469,91.93302917480469,1169100,0.0,0.0
2015-02-12 00:00:00-05:00,115.94000244140625,117.05000305175781,115.31999969482422,116.87999725341797,93.69668579101562,1114300,0.65,0.0
2015-02-13 00:00:00-05:00,117.05000305175781,118.23999786376953,117.01000213623047,117.9000015258789,94.51435852050781,999100,0.0,0.0
2015-02-17 00:00:00-05:00,117.9000015258789,118.19000244140625,117.02999877929688,117.81999969482422,94.45021057128906,774100,0.0,0.0
2015-02-18 00:00:00-05:00,117.75,118.95999908447266,117.12000274658203,118.44999694824219,94.95526123046875,1161400,0.0,0.0
2015-02-19 00:00:00-05:00,117.91000366210938,118.5199966430664,117.01000213623047,117.83000183105469,94.458251953125,733000,0.0,0.0
2015-02-20 00:00:00-05:00,117.62000274658203,118.30000305175781,115.86000061035156,118.19999694824219,94.75484466552734,792500,0.0,0.0
2015-02-23 00:00:00-05:00,117.4000015258789,117.9000015258789,116.16000366210938,117.70999908447266,94.36204528808594,978000,0.0,0.0
2015-02-24 00:00:00-05:00,116.79000091552734,118.52999877929688,116.79000091552734,118.41999816894531,94.93121337890625,697300,0.0,0.0
2015-02-25 00:00:00-05:00,118.27999877929688,118.31999969482422,116.87000274658203,117.58000183105469,94.25779724121094,531800,0.0,0.0
2015-02-26 00:00:00-05:00,117.83999633789062,118.31999969482422,116.75,117.41000366210938,94.12154388427734,828700,0.0,0.0
2015-02-27 00:00:00-05:00,117.58000183105469,117.81999969482422,116.33999633789062,117.04000091552734,93.8249282836914,1202900,0.0,0.0
2015-03-02 00:00:00-05:00,117.04000091552734,117.77999877929688,115.37999725341797,117.7300033569336,94.37810516357422,818400,0.0,0.0
2015-03-03 00:00:00-05:00,116.94000244140625,117.72000122070312,116.4000015258789,117.12999725341797,93.89706420898438,607200,0.0,0.0
2015-03-04 00:00:00-05:00,116.33999633789062,116.33999633789062,113.87999725341797,114.8499984741211,92.06932067871094,1163400,0.0,0.0
2015-03-05 00:00:00-05:00,115.06999969482422,115.37000274658203,113.7300033569336,114.19999694824219,91.54825592041016,981000,0.0,0.0
2015-03-06 00:00:00-05:00,113.12999725341797,114.29000091552734,111.94999694824219,112.36000061035156,90.0732421875,752400,0.0,0.0
2015-03-09 00:00:00-04:00,112.61000061035156,112.91999816894531,111.95999908447266,112.33000183105469,90.04916381835938,899800,0.0,0.0
2015-03-10 00:00:00-04:00,111.22000122070312,112.0999984741211,110.66999816894531,110.69999694824219,88.74247741699219,863700,0.0,0.0
2015-03-11 00:00:00-04:00,110.66000366210938,110.91999816894531,109.69999694824219,109.9800033569336,88.16529083251953,1459400,0.0,0.0
2015-03-12 00:00:00-04:00,111.45999908447266,113.6500015258789,111.22000122070312,113.23999786376953,90.77864837646484,1091100,0.0,0.0
2015-03-13 00:00:00-04:00,112.55000305175781,112.81999969482422,110.9800033569336,111.5199966430664,89.39984130859375,1330800,0.0,0.0
2015-03-16 00:00:00-04:00,112.3499984741211,114.76000213623047,112.12000274658203,114.5999984741211,91.86890411376953,1038400,0.0,0.0
2015-03-17 00:00:00-04:00,113.4800033569336,113.61000061035156,112.58999633789062,113.0199966430664,90.60227966308594,801100,0.0,0.0
2015-03-18 00:00:00-04:00,112.76000213623047,116.61000061035156,112.0199966430664,115.69000244140625,92.7426986694336,1143500,0.0,0.0
2015-03-19 00:00:00-04:00,115.0,115.4800033569336,114.11000061035156,114.5,91.78874206542969,741100,0.0,0.0
2015-03-20 00:00:00-04:00,115.56999969482422,116.58999633789062,115.01000213623047,116.1500015258789,93.11146545410156,1497100,0.0,0.0
2015-03-23 00:00:00-04:00,115.98999786376953,116.4000015258789,115.20999908447266,115.25,92.38996887207031,1115500,0.0,0.0
2015-03-24 00:00:00-04:00,114.81999969482422,116.69000244140625,114.75,116.12999725341797,93.09541320800781,1170900,0.0,0.0
2015-03-25 00:00:00-04:00,116.0,116.11000061035156,113.69999694824219,113.70999908447266,91.15543365478516,1042400,0.0,0.0
2015-03-26 00:00:00-04:00,113.3499984741211,113.91000366210938,112.88999938964844,113.4000015258789,90.90693664550781,1021900,0.0,0.0
2015-03-27 00:00:00-04:00,113.72000122070312,113.72000122070312,112.66000366210938,113.13999938964844,90.6985092163086,1189500,0.0,0.0
2015-03-30 00:00:00-04:00,114.20999908447266,115.9800033569336,114.0,115.5199966430664,92.60639190673828,1163300,0.0,0.0
2015-03-31 00:00:00-04:00,115.13999938964844,116.2699966430664,113.76000213623047,115.98999786376953,92.9831771850586,1378100,0.0,0.0
2015-04-01 00:00:00-04:00,114.91000366210938,115.38999938964844,112.91000366210938,113.2300033569336,90.77066040039062,1378800,0.0,0.0
2015-04-02 00:00:00-04:00,113.11000061035156,113.87000274658203,112.47000122070312,112.80000305175781,90.42594146728516,991100,0.0,0.0
2015-04-06 00:00:00-04:00,112.58999633789062,115.58999633789062,111.88999938964844,114.37999725341797,91.69254302978516,847300,0.0,0.0
2015-04-07 00:00:00-04:00,113.88999938964844,114.70999908447266,112.7300033569336,112.80999755859375,90.43396759033203,666200,0.0,0.0
2015-04-08 00:00:00-04:00,112.01000213623047,113.48999786376953,110.2699966430664,111.55000305175781,89.42387390136719,1257900,0.0,0.0
2015-04-09 00:00:00-04:00,111.4800033569336,112.26000213623047,110.97000122070312,111.69999694824219,89.54411315917969,1436000,0.0,0.0
2015-04-10 00:00:00-04:00,111.51000213623047,111.63999938964844,110.16999816894531,111.55000305175781,89.42387390136719,999400,0.0,0.0
2015-04-13 00:00:00-04:00,111.45999908447266,111.80000305175781,111.06999969482422,111.27999877929688,89.20744323730469,682800,0.0,0.0
2015-04-14 00:00:00-04:00,110.01000213623047,111.80000305175781,110.0,111.5199966430664,89.39984130859375,1305300,0.0,0.0
2015-04-15 00:00:00-04:00,111.70999908447266,114.44000244140625,111.70999908447266,114.13999938964844,91.5001449584961,1693400,0.0,0.0
2015-04-16 00:00:00-04:00,113.73999786376953,114.68000030517578,112.7300033569336,114.33000183105469,91.6524658203125,1033300,0.0,0.0
2015-04-17 00:00:00-04:00,113.37000274658203,113.69000244140625,112.0,112.30999755859375,90.03313446044922,903200,0.0,0.0
2015-04-20 00:00:00-04:00,113.13999938964844,114.58000183105469,113.02999877929688,114.13999938964844,91.5001449584961,589900,0.0,0.0
2015-04-21 00:00:00-04:00,114.13999938964844,114.44999694824219,113.11000061035156,113.72000122070312,91.1634521484375,964200,0.0,0.0
2015-04-22 00:00:00-04:00,113.83000183105469,114.27999877929688,112.1500015258789,114.0199966430664,91.40396118164062,843300,0.0,0.0
2015-04-23 00:00:00-04:00,113.44999694824219,114.2699966430664,112.37999725341797,114.0199966430664,91.40396118164062,863000,0.0,0.0
2015-04-24 00:00:00-04:00,114.02999877929688,114.19000244140625,111.45999908447266,112.12999725341797,89.88880920410156,1045300,0.0,0.0
2015-04-27 00:00:00-04:00,112.56999969482422,114.95999908447266,112.16999816894531,114.83999633789062,92.06130981445312,1951900,0.0,0.0
2015-04-28 00:00:00-04:00,114.1500015258789,114.69999694824219,112.94000244140625,113.54000091552734,91.01915740966797,1587600,0.0,0.0
2015-04-29 00:00:00-04:00,113.1500015258789,113.45999908447266,111.4000015258789,112.33000183105469,90.04916381835938,1705200,0.0,0.0
2015-04-30 00:00:00-04:00,117.12000274658203,122.66000366210938,116.44000244140625,118.5999984741211,95.07547760009766,3902800,0.0,0.0
2015-05-01 00:00:00-04:00,119.1500015258789,122.05999755859375,119.1500015258789,121.23999786376953,97.19185638427734,1351000,0.0,0.0
2015-05-04 00:00:00-04:00,121.5,122.66000366210938,121.08999633789062,122.20999908447266,97.96945190429688,995900,0.0,0.0
2015-05-05 00:00:00-04:00,121.4800033569336,122.4800033569336,119.87999725341797,120.19999694824219,96.35813903808594,936500,0.0,0.0
2015-05-06 00:00:00-04:00,121.05999755859375,121.80000305175781,119.7699966430664,120.8499984741211,96.87922668457031,1055400,0.0,0.0
2015-05-07 00:00:00-04:00,120.66999816894531,120.98999786376953,119.06999969482422,119.44000244140625,95.74890899658203,1091200,0.0,0.0
2015-05-08 00:00:00-04:00,120.80999755859375,120.9800033569336,119.5999984741211,120.08000183105469,96.261962890625,1070000,0.0,0.0
2015-05-11 00:00:00-04:00,119.62999725341797,121.38999938964844,119.37999725341797,120.6500015258789,96.71888732910156,681500,0.0,0.0
2015-05-12 00:00:00-04:00,120.12999725341797,122.69999694824219,119.6500015258789,121.66000366210938,97.528564453125,989300,0.0,0.0
2015-05-13 00:00:00-04:00,122.26000213623047,124.45999908447266,121.7699966430664,123.62000274658203,99.09980773925781,1317400,0.0,0.0
2015-05-14 00:00:00-04:00,123.41999816894531,124.69999694824219,122.86000061035156,124.41000366210938,100.26025390625,1019100,0.65,0.0
2015-05-15 00:00:00-04:00,124.33999633789062,124.41000366210938,122.81999969482422,124.37000274658203,100.22801971435547,681400,0.0,0.0
2015-05-18 00:00:00-04:00,124.0,125.52999877929688,123.95999908447266,125.05999755859375,100.78407287597656,1006300,0.0,0.0
2015-05-19 00:00:00-04:00,124.83000183105469,125.62000274658203,124.12999725341797,125.01000213623047,100.74378204345703,945200,0.0,0.0
2015-05-20 00:00:00-04:00,124.9800033569336,125.45999908447266,124.37000274658203,125.0,100.73572540283203,523900,0.0,0.0
2015-05-21 00:00:00-04:00,125.0999984741211,126.29000091552734,125.0999984741211,125.66999816894531,101.27565002441406,759400,0.0,0.0
2015-05-22 00:00:00-04:00,125.45999908447266,126.0,125.12999725341797,125.12999725341797,100.84048461914062,505300,0.0,0.0
2015-05-26 00:00:00-04:00,124.69999694824219,124.86000061035156,123.51000213623047,123.73999786376953,99.7203140258789,811200,0.0,0.0
2015-05-27 00:00:00-04:00,124.0,124.83999633789062,123.77999877929688,124.66000366210938,100.46175384521484,860500,0.0,0.0
2015-05-28 00:00:00-04:00,124.04000091552734,124.69999694824219,123.63999938964844,123.81999969482422,99.78478240966797,721200,0.0,0.0
2015-05-29 00:00:00-04:00,123.83000183105469,123.83000183105469,122.25,122.88999938964844,99.0353012084961,717500,0.0,0.0
2015-06-01 00:00:00-04:00,122.79000091552734,124.4800033569336,122.31999969482422,123.83000183105469,99.7928466796875,900800,0.0,0.0
2015-06-02 00:00:00-04:00,123.83000183105469,126.55999755859375,123.23999786376953,125.52999877929688,101.16284942626953,1181900,0.0,0.0
2015-06-03 00:00:00-04:00,126.30000305175781,126.66999816894531,125.26000213623047,126.30000305175781,101.78339385986328,913200,0.0,0.0
2015-06-04 00:00:00-04:00,125.69000244140625,125.77999877929688,124.19999694824219,124.52999877929688,100.35697174072266,925600,0.0,0.0
2015-06-05 00:00:00-04:00,124.0999984741211,125.33999633789062,123.37999725341797,125.16999816894531,100.87273406982422,534100,0.0,0.0
2015-06-08 00:00:00-04:00,124.79000091552734,125.30999755859375,124.54000091552734,124.98999786376953,100.7276840209961,753900,0.0,0.0
2015-06-09 00:00:00-04:00,125.02999877929688,125.91999816894531,125.0,125.12000274658203,100.8323974609375,659400,0.0,0.0
2015-06-10 00:00:00-04:00,125.98999786376953,126.91999816894531,125.55999755859375,126.72000122070312,102.12184143066406,691800,0.0,0.0
2015-06-11 00:00:00-04:00,126.5,127.05000305175781,126.0199966430664,126.88999938964844,102.25884246826172,647000,0.0,0.0
2015-06-12 00:00:00-04:00,126.75,126.88999938964844,125.62000274658203,125.87000274658203,101.43683624267578,540000,0.0,0.0
2015-06-15 00:00:00-04:00,125.2699966430664,125.2699966430664,123.08000183105469,123.9000015258789,99.8492431640625,1127400,0.0,0.0
2015-06-16 00:00:00-04:00,123.81999969482422,124.58999633789062,123.27999877929688,124.08999633789062,100.00234985351562,653600,0.0,0.0
2015-06-17 00:00:00-04:00,124.27999877929688,124.83999633789062,123.27999877929688,124.61000061035156,100.42142486572266,446300,0.0,0.0
2015-06-18 00:00:00-04:00,124.87999725341797,126.31999969482422,124.80000305175781,125.58999633789062,101.21117401123047,627200,0.0,0.0
2015-06-19 00:00:00-04:00,125.4000015258789,125.70999908447266,124.30000305175781,124.37000274658203,100.22801971435547,618300,0.0,0.0
2015-06-22 00:00:00-04:00,125.2699966430664,126.2300033569336,124.7300033569336,125.8499984741211,101.42073822021484,727800,0.0,0.0
2015-06-23 00:00:00-04:00,126.18000030517578,126.18000030517578,125.2300033569336,125.58999633789062,101.21117401123047,543500,0.0,0.0
2015-06-24 00:00:00-04:00,125.5,125.93000030517578,125.0199966430664,125.16999816894531,100.87273406982422,508100,0.0,0.0
2015-06-25 00:00:00-04:00,125.16999816894531,125.29000091552734,123.79000091552734,124.0199966430664,99.94596862792969,410500,0.0,0.0
2015-06-26 00:00:00-04:00,124.3499984741211,124.83000183105469,123.97000122070312,124.72000122070312,100.51007843017578,636600,0.0,0.0
2015-06-29 00:00:00-04:00,123.5999984741211,124.79000091552734,122.80999755859375,122.91000366210938,99.05142974853516,1083400,0.0,0.0
2015-06-30 00:00:00-04:00,124.0,125.94999694824219,123.80999755859375,124.63999938964844,100.44560241699219,1212100,0.0,0.0
2015-07-01 00:00:00-04:00,125.98999786376953,126.7699966430664,125.4000015258789,126.2699966430664,101.75919342041016,1050500,0.0,0.0
2015-07-02 00:00:00-04:00,126.3499984741211,126.70999908447266,125.9000015258789,126.12999725341797,101.64639282226562,573400,0.0,0.0
2015-07-06 00:00:00-04:00,124.9000015258789,125.97000122070312,123.81999969482422,125.41999816894531,101.0741958618164,1010000,0.0,0.0
2015-07-07 00:00:00-04:00,125.23999786376953,125.98999786376953,123.18000030517578,125.19999694824219,100.89689636230469,1233700,0.0,0.0
2015-07-08 00:00:00-04:00,124.06999969482422,124.23999786376953,119.97000122070312,120.72000122070312,97.28656005859375,1173100,0.0,0.0
2015-07-09 00:00:00-04:00,122.36000061035156,123.05000305175781,121.19000244140625,121.48999786376953,97.90707397460938,820100,0.0,0.0
2015-07-10 00:00:00-04:00,122.66999816894531,122.91000366210938,121.31999969482422,122.16999816894531,98.4550552368164,643100,0.0,0.0
2015-07-13 00:00:00-04:00,123.16999816894531,124.91999816894531,122.94000244140625,124.4000015258789,100.2521743774414,739100,0.0,0.0
2015-07-14 00:00:00-04:00,124.37999725341797,125.38999938964844,123.75,125.0,100.73572540283203,553400,0.0,0.0
2015-07-15 00:00:00-04:00,124.7699966430664,125.5999984741211,122.70999908447266,122.88999938964844,99.0353012084961,849700,0.0,0.0
2015-07-16 00:00:00-04:00,124.05999755859375,124.80000305175781,122.97000122070312,123.5,99.52689361572266,585300,0.0,0.0
2015-07-17 00:00:00-04:00,123.41000366210938,124.06999969482422,122.7699966430664,123.73999786376953,99.7203140258789,666900,0.0,0.0
2015-07-20 00:00:00-04:00,123.55999755859375,123.88999938964844,122.55999755859375,123.37999725341797,99.43018341064453,607400,0.0,0.0
2015-07-21 00:00:00-04:00,123.13999938964844,123.31999969482422,120.13999938964844,120.80999755859375,97.35906219482422,1024400,0.0,0.0
2015-07-22 00:00:00-04:00,120.51000213623047,121.33000183105469,120.16000366210938,120.30000305175781,96.94803619384766,875200,0.0,0.0
2015-07-23 00:00:00-04:00,120.08999633789062,120.56999969482422,117.83000183105469,117.9000015258789,95.01393127441406,1131200,0.0,0.0
2015-07-24 00:00:00-04:00,117.9000015258789,118.22000122070312,117.11000061035156,117.5199966430664,94.70771789550781,1151800,0.0,0.0
2015-07-27 00:00:00-04:00,116.5999984741211,116.75,115.16999816894531,116.31999969482422,93.74064636230469,1053900,0.0,0.0
2015-07-28 00:00:00-04:00,117.51000213623047,119.4000015258789,116.48999786376953,119.2300033569336,96.08576965332031,1430200,0.0,0.0
2015-07-29 00:00:00-04:00,117.56999969482422,117.56999969482422,115.0,116.36000061035156,93.77286529541016,1857400,0.0,0.0
2015-07-30 00:00:00-04:00,115.38999938964844,118.11000061035156,114.6500015258789,117.0999984741211,94.36923217773438,1244600,0.0,0.0
2015-07-31 00:00:00-04:00,117.94000244140625,118.45999908447266,116.55999755859375,116.77999877929688,94.11134338378906,702900,0.0,0.0
2015-08-03 00:00:00-04:00,117.05000305175781,117.12999725341797,114.66999816894531,115.30999755859375,92.92668914794922,782800,0.0,0.0
2015-08-04 00:00:00-04:00,115.6500015258789,116.41000366210938,114.7300033569336,114.95999908447266,92.64462280273438,750900,0.0,0.0
2015-08-05 00:00:00-04:00,115.51000213623047,117.38999938964844,115.51000213623047,116.02999877929688,93.50691986083984,741400,0.0,0.0
2015-08-06 00:00:00-04:00,116.27999877929688,117.33999633789062,115.19000244140625,116.41999816894531,93.82123565673828,921600,0.0,0.0
2015-08-07 00:00:00-04:00,115.95999908447266,116.88999938964844,114.91000366210938,115.9000015258789,93.40218353271484,840200,0.0,0.0
2015-08-10 00:00:00-04:00,116.77999877929688,118.98999786376953,116.41999816894531,118.94000244140625,95.85208129882812,1116100,0.0,0.0
2015-08-11 00:00:00-04:00,117.58000183105469,117.87999725341797,116.27999877929688,116.73999786376953,94.07911682128906,904700,0.0,0.0
2015-08-12 00:00:00-04:00,115.68000030517578,116.4000015258789,114.55999755859375,115.83999633789062,93.3537826538086,1238800,0.0,0.0
2015-08-13 00:00:00-04:00,114.91000366210938,115.62999725341797,113.51000213623047,115.19000244140625,93.35379791259766,606000,0.65,0.0
2015-08-14 00:00:00-04:00,115.08999633789062,116.48999786376953,114.79000091552734,116.16999816894531,94.1480484008789,512500,0.0,0.0
2015-08-17 00:00:00-04:00,115.33000183105469,117.1500015258789,114.56999969482422,117.0,94.82066345214844,481500,0.0,0.0
2015-08-18 00:00:00-04:00,116.37000274658203,116.69999694824219,115.3499984741211,115.68000030517578,93.75090789794922,628400,0.0,0.0
2015-08-19 00:00:00-04:00,115.0,115.98999786376953,113.43000030517578,114.01000213623047,92.39749908447266,749200,0.0,0.0
2015-08-20 00:00:00-04:00,112.95999908447266,113.94999694824219,111.2300033569336,111.2300033569336,90.14450073242188,833000,0.0,0.0
2015-08-21 00:00:00-04:00,111.0,111.7300033569336,108.8499984741211,108.94000244140625,88.28861236572266,1020000,0.0,0.0
2015-08-24 00:00:00-04:00,105.9000015258789,108.8499984741211,101.45999908447266,105.16999816894531,85.2332763671875,1733100,0.0,0.0
2015-08-25 00:00:00-04:00,107.91000366210938,107.91000366210938,103.5199966430664,103.56999969482422,83.93656921386719,1063800,0.0,0.0
2015-08-26 00:00:00-04:00,106.26000213623047,107.30000305175781,104.62999725341797,107.0999984741211,86.79739379882812,977500,0.0,0.0
2015-08-27 00:00:00-04:00,108.16000366210938,111.44000244140625,107.94000244140625,111.22000122070312,90.13639068603516,1292300,0.0,0.0
2015-08-28 00:00:00-04:00,110.66000366210938,112.18000030517578,109.13999938964844,111.66999816894531,90.5010757446289,764700,0.0,0.0
2015-08-31 00:00:00-04:00,111.33999633789062,112.41999816894531,110.69000244140625,111.83000183105469,90.6307373046875,1074200,0.0,0.0
2015-09-01 00:00:00-04:00,109.0,109.83000183105469,107.01000213623047,107.55000305175781,87.1620864868164,1429600,0.0,0.0
2015-09-02 00:00:00-04:00,109.16999816894531,109.20999908447266,107.23999786376953,108.3499984741211,87.8104476928711,1679800,0.0,0.0
2015-09-03 00:00:00-04:00,108.54000091552734,109.56999969482422,107.62999725341797,107.98999786376953,87.51870727539062,1090000,0.0,0.0
2015-09-04 00:00:00-04:00,106.72000122070312,107.27999877929688,105.83999633789062,106.26000213623047,86.11663818359375,723600,0.0,0.0
2015-09-08 00:00:00-04:00,107.75,109.63999938964844,107.44999694824219,109.62000274658203,88.83970642089844,874200,0.0,0.0
2015-09-09 00:00:00-04:00,109.77999877929688,110.4800033569336,106.01000213623047,106.19000244140625,86.0599136352539,945400,0.0,0.0
2015-09-10 00:00:00-04:00,106.0,106.45999908447266,104.5,105.1500015258789,85.21705627441406,1074400,0.0,0.0
2015-09-11 00:00:00-04:00,105.04000091552734,106.75,104.4800033569336,105.9000015258789,85.82489776611328,1114500,0.0,0.0
2015-09-14 00:00:00-04:00,105.73999786376953,106.27999877929688,104.69000244140625,104.94000244140625,85.046875,668800,0.0,0.0
2015-09-15 00:00:00-04:00,105.76000213623047,106.5999984741211,104.76000213623047,106.55000305175781,86.3516616821289,1036200,0.0,0.0
2015-09-16 00:00:00-04:00,106.47000122070312,107.83999633789062,106.2699966430664,107.58000183105469,87.18641662597656,1299600,0.0,0.0
2015-09-17 00:00:00-04:00,107.3499984741211,107.61000061035156,105.51000213623047,105.83999633789062,85.77627563476562,1509700,0.0,0.0
2015-09-18 00:00:00-04:00,104.58000183105469,104.7699966430664,103.30000305175781,103.79000091552734,84.11487579345703,1685000,0.0,0.0
2015-09-21 00:00:00-04:00,104.02999877929688,104.9800033569336,103.68000030517578,104.01000213623047,84.29316711425781,854600,0.0,0.0
2015-09-22 00:00:00-04:00,102.44999694824219,103.54000091552734,102.06999969482422,103.0999984741211,83.55567169189453,1694900,0.0,0.0
2015-09-23 00:00:00-04:00,103.5999984741211,103.63999938964844,100.76000213623047,101.4000015258789,82.17793273925781,1367500,0.0,0.0
2015-09-24 00:00:00-04:00,100.08999633789062,101.63999938964844,99.0,101.05000305175781,81.89424896240234,1212200,0.0,0.0
2015-09-25 00:00:00-04:00,101.55000305175781,101.98999786376953,99.61000061035156,100.27999877929688,81.2702407836914,1046900,0.0,0.0
2015-09-28 00:00:00-04:00,99.33000183105469,102.0,99.19000244140625,99.9000015258789,80.96227264404297,1553200,0.0,0.0
2015-09-29 00:00:00-04:00,100.2300033569336,101.2300033569336,99.93000030517578,100.36000061035156,81.33506774902344,1278900,0.0,0.0
2015-09-30 00:00:00-04:00,100.83999633789062,101.94999694824219,99.83999633789062,101.47000122070312,82.23467254638672,1551100,0.0,0.0
2015-10-01 00:00:00-04:00,101.41999816894531,102.0,99.7699966430664,100.36000061035156,81.33506774902344,1119200,0.0,0.0
2015-10-02 00:00:00-04:00,99.23999786376953,102.41999816894531,98.47000122070312,102.41000366210938,82.99649047851562,1042500,0.0,0.0
2015-10-05 00:00:00-04:00,102.18000030517578,104.06999969482422,100.30000305175781,104.02999877929688,84.30937957763672,1107500,0.0,0.0
2015-10-06 00:00:00-04:00,103.88999938964844,104.91000366210938,103.7300033569336,104.33000183105469,84.55252075195312,1140700,0.0,0.0
2015-10-07 00:00:00-04:00,104.0,105.13999938964844,101.58000183105469,103.12000274658203,83.57186889648438,1893900,0.0,0.0
2015-10-08 00:00:00-04:00,102.80000305175781,105.83000183105469,102.5199966430664,105.41999816894531,85.43588256835938,1504600,0.0,0.0
2015-10-09 00:00:00-04:00,105.80000305175781,106.62000274658203,104.87000274658203,105.58000183105469,85.56555938720703,937600,0.0,0.0
2015-10-12 00:00:00-04:00,105.76000213623047,106.05000305175781,104.72000122070312,105.5199966430664,85.51691436767578,694200,0.0,0.0
2015-10-13 00:00:00-04:00,104.44999694824219,106.9000015258789,104.4000015258789,104.54000091552734,84.72268676757812,910300,0.0,0.0
2015-10-14 00:00:00-04:00,104.44999694824219,104.91999816894531,103.66000366210938,103.8499984741211,84.16351318359375,844000,0.0,0.0
2015-10-15 00:00:00-04:00,104.06999969482422,105.31999969482422,102.95999908447266,105.23999786376953,85.28998565673828,812000,0.0,0.0
2015-10-16 00:00:00-04:00,105.36000061035156,105.36000061035156,102.61000061035156,104.27999877929688,84.51197052001953,1338200,0.0,0.0
2015-10-19 00:00:00-04:00,103.5199966430664,104.29000091552734,102.62000274658203,103.16000366210938,83.60430908203125,947200,0.0,0.0
2015-10-20 00:00:00-04:00,102.95999908447266,104.52999877929688,102.16999816894531,104.3499984741211,84.56871795654297,1048800,0.0,0.0
2015-10-21 00:00:00-04:00,104.91000366210938,105.98999786376953,103.8499984741211,103.91999816894531,84.22021484375,697700,0.0,0.0
2015-10-22 00:00:00-04:00,103.94000244140625,107.58000183105469,103.56999969482422,107.05000305175781,86.75686645507812,1640000,0.0,0.0
2015-10-23 00:00:00-04:00,108.26000213623047,109.19000244140625,107.8499984741211,108.04000091552734,87.55921173095703,1102000,0.0,0.0
2015-10-26 00:00:00-04:00,108.29000091552734,108.95999908447266,107.41000366210938,107.56999969482422,87.1783218383789,578000,0.0,0.0
2015-10-27 00:00:00-04:00,106.58000183105469,106.95999908447266,103.98999786376953,105.23999786376953,85.28998565673828,1161600,0.0,0.0
2015-10-28 00:00:00-04:00,105.83999633789062,109.0,105.44999694824219,108.72000122070312,88.11030578613281,1107700,0.0,0.0
2015-10-29 00:00:00-04:00,107.31999969482422,108.5999984741211,107.19000244140625,108.55999755859375,87.98062896728516,909200,0.0,0.0
2015-10-30 00:00:00-04:00,108.87999725341797,110.47000122070312,108.69999694824219,109.16000366210938,88.46691131591797,1079400,0.0,0.0
2015-11-02 00:00:00-05:00,109.19999694824219,110.7699966430664,108.18000030517578,110.55999755859375,89.60150909423828,701000,0.0,0.0
2015-11-03 00:00:00-05:00,110.0199966430664,110.95999908447266,109.16000366210938,110.13999938964844,89.26112365722656,908700,0.0,0.0
2015-11-04 00:00:00-05:00,110.63999938964844,111.02999877929688,109.12999725341797,109.62999725341797,88.8478012084961,778500,0.0,0.0
2015-11-05 00:00:00-05:00,109.44999694824219,110.05000305175781,108.73999786376953,108.94999694824219,88.29669952392578,1028000,0.0,0.0
2015-11-06 00:00:00-05:00,108.68000030517578,109.43000030517578,107.69000244140625,109.0,88.33722686767578,1417300,0.0,0.0
2015-11-09 00:00:00-05:00,108.9800033569336,108.9800033569336,106.94999694824219,107.79000091552734,87.35661315917969,1856800,0.0,0.0
2015-11-10 00:00:00-05:00,102.11000061035156,104.72000122070312,101.81999969482422,104.18000030517578,84.43094635009766,2963700,0.0,0.0
2015-11-11 00:00:00-05:00,103.25,105.37000274658203,101.2699966430664,103.91000366210938,84.21211242675781,1482000,0.0,0.0
2015-11-12 00:00:00-05:00,102.44000244140625,104.41000366210938,102.0,102.37999725341797,82.97213745117188,1326000,0.0,0.0
2015-11-13 00:00:00-05:00,101.87000274658203,103.98999786376953,101.75,102.63999938964844,83.18289947509766,1191000,0.0,0.0
2015-11-16 00:00:00-05:00,102.0999984741211,104.73999786376953,102.05999755859375,104.6500015258789,84.81182861328125,1277200,0.0,0.0
2015-11-17 00:00:00-05:00,104.9000015258789,105.37000274658203,102.55000305175781,103.05000305175781,83.51516723632812,886800,0.0,0.0
2015-11-18 00:00:00-05:00,103.5,106.19000244140625,103.4000015258789,106.06999969482422,85.96265411376953,1236700,0.0,0.0
2015-11-19 00:00:00-05:00,105.72000122070312,106.5199966430664,104.27999877929688,105.76000213623047,86.30130767822266,1074800,0.725,0.0
2015-11-20 00:00:00-05:00,106.27999877929688,107.08999633789062,104.94000244140625,105.18000030517578,85.82801818847656,1002800,0.0,0.0
2015-11-23 00:00:00-05:00,105.26000213623047,106.16999816894531,103.97000122070312,104.47000122070312,85.24864196777344,1107200,0.0,0.0
2015-11-24 00:00:00-05:00,104.30000305175781,104.4800033569336,103.62999725341797,104.01000213623047,84.873291015625,750800,0.0,0.0
2015-11-25 00:00:00-05:00,103.91000366210938,105.66999816894531,103.77999877929688,105.12999725341797,85.7872085571289,1335100,0.0,0.0
2015-11-27 00:00:00-05:00,105.02999877929688,107.23999786376953,104.81999969482422,107.01000213623047,87.32131958007812,685500,0.0,0.0
2015-11-30 00:00:00-05:00,107.54000091552734,107.7300033569336,106.30000305175781,106.44000244140625,86.85618591308594,1295400,0.0,0.0
2015-12-01 00:00:00-05:00,106.41999816894531,107.69999694824219,105.77999877929688,106.91999816894531,87.24787139892578,1138700,0.0,0.0
2015-12-02 00:00:00-05:00,106.70999908447266,107.51000213623047,105.16999816894531,105.2699966430664,85.9014663696289,1252900,0.0,0.0
2015-12-03 00:00:00-05:00,105.98999786376953,106.1500015258789,103.18000030517578,104.08000183105469,84.9303970336914,1244800,0.0,0.0
2015-12-04 00:00:00-05:00,104.33000183105469,106.75,103.80999755859375,106.7300033569336,87.09281158447266,1231000,0.0,0.0
2015-12-07 00:00:00-05:00,106.04000091552734,106.9800033569336,105.94000244140625,106.83999633789062,87.18260955810547,1204300,0.0,0.0
2015-12-08 00:00:00-05:00,105.44000244140625,105.66000366210938,103.81999969482422,103.91000366210938,84.79168701171875,1018200,0.0,0.0
2015-12-09 00:00:00-05:00,103.63999938964844,105.91000366210938,103.22000122070312,103.80999755859375,84.71009063720703,870700,0.0,0.0
2015-12-10 00:00:00-05:00,103.7300033569336,104.94999694824219,103.19000244140625,103.69999694824219,84.62029266357422,692700,0.0,0.0
2015-12-11 00:00:00-05:00,102.41000366210938,103.2300033569336,101.37999725341797,101.58000183105469,82.89037322998047,977600,0.0,0.0
2015-12-14 00:00:00-05:00,101.83999633789062,103.41000366210938,101.44000244140625,103.33999633789062,84.32655334472656,1311900,0.0,0.0
2015-12-15 00:00:00-05:00,103.62000274658203,103.80999755859375,101.51000213623047,101.54000091552734,82.85774230957031,1441000,0.0,0.0
2015-12-16 00:00:00-05:00,102.77999877929688,104.0,101.72000122070312,103.37999725341797,84.35919189453125,1633200,0.0,0.0
2015-12-17 00:00:00-05:00,103.30999755859375,104.05999755859375,99.97000122070312,100.0199966430664,81.61739349365234,1220300,0.0,0.0
2015-12-18 00:00:00-05:00,100.0199966430664,100.62999725341797,98.91999816894531,99.62000274658203,81.2909927368164,1525600,0.0,0.0
2015-12-21 00:00:00-05:00,100.69000244140625,101.23999786376953,99.58000183105469,100.75,82.21310424804688,684800,0.0,0.0
2015-12-22 00:00:00-05:00,101.33000183105469,102.5999984741211,99.73999786376953,102.01000213623047,83.24125671386719,940600,0.0,0.0
2015-12-23 00:00:00-05:00,102.80000305175781,104.47000122070312,102.22000122070312,104.19999694824219,85.0283203125,855800,0.0,0.0
2015-12-24 00:00:00-05:00,104.05000305175781,105.0,103.38999938964844,103.81999969482422,84.71826171875,298200,0.0,0.0
2015-12-28 00:00:00-05:00,103.5199966430664,104.12999725341797,102.62999725341797,103.2300033569336,84.23680877685547,504000,0.0,0.0
2015-12-29 00:00:00-05:00,104.05999755859375,105.18000030517578,103.61000061035156,104.95999908447266,85.64849090576172,645700,0.0,0.0
2015-12-30 00:00:00-05:00,104.55000305175781,105.47000122070312,103.91000366210938,103.9800033569336,84.84881591796875,503200,0.0,0.0
2015-12-31 00:00:00-05:00,103.7300033569336,104.1500015258789,102.61000061035156,102.61000061035156,83.73087310791016,562700,0.0,0.0
2016-01-04 00:00:00-05:00,100.70999908447266,101.55000305175781,99.02999877929688,101.5199966430664,82.8414306640625,1429300,0.0,0.0
2016-01-05 00:00:00-05:00,101.18000030517578,101.94000244140625,100.0999984741211,100.61000061035156,82.09886932373047,670600,0.0,0.0
2016-01-06 00:00:00-05:00,99.0999984741211,99.55999755859375,97.0199966430664,97.91999816894531,79.90375518798828,1400800,0.0,0.0
2016-01-07 00:00:00-05:00,96.08000183105469,96.38999938964844,93.22000122070312,93.43000030517578,76.23989868164062,1860000,0.0,0.0
2016-01-08 00:00:00-05:00,94.1500015258789,95.48999786376953,93.22000122070312,93.47000122070312,76.27249908447266,1246000,0.0,0.0
2016-01-11 00:00:00-05:00,94.0199966430664,94.56999969482422,92.44999694824219,93.44999694824219,76.2562255859375,1435500,0.0,0.0
2016-01-12 00:00:00-05:00,94.76000213623047,94.97000122070312,92.75,94.31999969482422,76.96613311767578,1089500,0.0,0.0
2016-01-13 00:00:00-05:00,94.77999877929688,95.5,92.63999938964844,92.97000122070312,75.86453247070312,1382200,0.0,0.0
2016-01-14 00:00:00-05:00,93.37000274658203,94.26000213623047,91.30000305175781,92.58999633789062,75.55442810058594,1509000,0.0,0.0
2016-01-15 00:00:00-05:00,89.9000015258789,92.41999816894531,89.4800033569336,91.68000030517578,74.8118896484375,1537700,0.0,0.0
2016-01-19 00:00:00-05:00,92.62999725341797,92.8499984741211,89.8499984741211,91.26000213623047,74.46915435791016,1690300,0.0,0.0
2016-01-20 00:00:00-05:00,89.47000122070312,90.75,87.52999877929688,89.70999908447266,73.204345703125,2139700,0.0,0.0
2016-01-21 00:00:00-05:00,90.58999633789062,91.51000213623047,88.11000061035156,90.05999755859375,73.48992156982422,1326300,0.0,0.0
2016-01-22 00:00:00-05:00,91.44999694824219,92.45999908447266,89.94000244140625,91.58000183105469,74.730224609375,883300,0.0,0.0
2016-01-25 00:00:00-05:00,91.45999908447266,91.83000183105469,89.68000030517578,90.66000366210938,73.97953033447266,1380800,0.0,0.0
2016-01-26 00:00:00-05:00,91.41999816894531,95.41999816894531,91.12999725341797,94.47000122070312,77.08854675292969,2476900,0.0,0.0
2016-01-27 00:00:00-05:00,92.06999969482422,97.45999908447266,91.98999786376953,93.87000274658203,76.59890747070312,2250000,0.0,0.0
2016-01-28 00:00:00-05:00,93.86000061035156,94.58000183105469,92.1500015258789,93.12999725341797,75.9950942993164,1703500,0.0,0.0
2016-01-29 00:00:00-05:00,93.55000305175781,95.73999786376953,92.69999694824219,95.56999969482422,77.98616790771484,1306700,0.0,0.0
2016-02-01 00:00:00-05:00,94.36000061035156,95.19999694824219,92.91999816894531,94.47000122070312,77.08854675292969,1417800,0.0,0.0
2016-02-02 00:00:00-05:00,93.12000274658203,93.80000305175781,92.06999969482422,92.7300033569336,75.66868591308594,1539100,0.0,0.0
2016-02-03 00:00:00-05:00,93.79000091552734,95.16999816894531,91.86000061035156,95.05999755859375,77.56997680664062,1445000,0.0,0.0
2016-02-04 00:00:00-05:00,95.30999755859375,101.66999816894531,95.30999755859375,98.63999938964844,80.49132537841797,2654500,0.0,0.0
2016-02-05 00:00:00-05:00,98.62999725341797,99.73999786376953,97.37999725341797,98.83000183105469,80.64635467529297,2336400,0.0,0.0
2016-02-08 00:00:00-05:00,97.62000274658203,98.08999633789062,95.91999816894531,97.4000015258789,79.47943878173828,1104800,0.0,0.0
2016-02-09 00:00:00-05:00,96.01000213623047,98.0999984741211,95.80999755859375,97.2699966430664,79.37335968017578,1033900,0.0,0.0
2016-02-10 00:00:00-05:00,97.58000183105469,98.31999969482422,95.41999816894531,95.55000305175781,77.9698257446289,897300,0.0,0.0
2016-02-11 00:00:00-05:00,92.93000030517578,95.01000213623047,91.6500015258789,93.98999786376953,77.28325653076172,1135700,0.725,0.0
2016-02-12 00:00:00-05:00,95.25,96.69999694824219,93.9800033569336,96.33000183105469,79.20733642578125,1431600,0.0,0.0
2016-02-16 00:00:00-05:00,97.62000274658203,101.06999969482422,96.33999633789062,100.26000213623047,82.43878936767578,1555800,0.0,0.0
2016-02-17 00:00:00-05:00,101.05000305175781,102.77999877929688,101.05000305175781,102.25,84.0750503540039,1346400,0.0,0.0
2016-02-18 00:00:00-05:00,102.5,103.1500015258789,101.5,101.91999816894531,83.80370330810547,897500,0.0,0.0
2016-02-19 00:00:00-05:00,101.26000213623047,102.05000305175781,99.66999816894531,101.5999984741211,83.54058074951172,1010800,0.0,0.0
2016-02-22 00:00:00-05:00,102.9000015258789,105.4000015258789,102.68000030517578,105.06999969482422,86.39378356933594,1963800,0.0,0.0
2016-02-23 00:00:00-05:00,104.36000061035156,105.29000091552734,102.62000274658203,102.66000366210938,84.41216278076172,1042800,0.0,0.0
2016-02-24 00:00:00-05:00,101.38999938964844,102.56999969482422,99.94000244140625,102.41000366210938,84.20659637451172,976800,0.0,0.0
2016-02-25 00:00:00-05:00,102.44999694824219,104.05999755859375,101.94000244140625,104.04000091552734,85.54684448242188,935200,0.0,0.0
2016-02-26 00:00:00-05:00,104.79000091552734,105.44999694824219,104.26000213623047,104.87999725341797,86.23754119873047,849100,0.0,0.0
2016-02-29 00:00:00-05:00,104.87000274658203,105.80999755859375,104.08000183105469,104.08999633789062,85.58795928955078,844700,0.0,0.0
2016-03-01 00:00:00-05:00,105.11000061035156,107.5999984741211,104.5,106.80000305175781,87.81627655029297,962500,0.0,0.0
2016-03-02 00:00:00-05:00,106.66999816894531,107.43000030517578,104.27999877929688,107.33999633789062,88.26028442382812,989300,0.0,0.0
2016-03-03 00:00:00-05:00,107.5,107.75,105.72000122070312,106.9800033569336,87.96426391601562,889000,0.0,0.0
2016-03-04 00:00:00-05:00,107.01000213623047,108.55999755859375,106.47000122070312,107.37999725341797,88.29316711425781,902200,0.0,0.0
2016-03-07 00:00:00-05:00,107.0199966430664,108.87999725341797,107.0199966430664,108.83999633789062,89.49365997314453,610400,0.0,0.0
2016-03-08 00:00:00-05:00,107.61000061035156,107.61000061035156,105.33999633789062,105.37999725341797,86.648681640625,957600,0.0,0.0
2016-03-09 00:00:00-05:00,106.06999969482422,106.66999816894531,105.02999877929688,105.22000122070312,86.5171127319336,785300,0.0,0.0
2016-03-10 00:00:00-05:00,105.5199966430664,106.5,104.4800033569336,106.08999633789062,87.23246765136719,904500,0.0,0.0
2016-03-11 00:00:00-05:00,107.0,107.47000122070312,106.27999877929688,106.61000061035156,87.6600570678711,977700,0.0,0.0
2016-03-14 00:00:00-04:00,106.12999725341797,107.73999786376953,105.69000244140625,107.55000305175781,88.4329605102539,660600,0.0,0.0
2016-03-15 00:00:00-04:00,106.44000244140625,107.37000274658203,105.11000061035156,107.18000030517578,88.12873077392578,731900,0.0,0.0
2016-03-16 00:00:00-04:00,107.08999633789062,109.75,106.66999816894531,109.54000091552734,90.06922149658203,875000,0.0,0.0
2016-03-17 00:00:00-04:00,109.87000274658203,113.61000061035156,109.5199966430664,112.9800033569336,92.89778900146484,1523300,0.0,0.0
2016-03-18 00:00:00-04:00,115.62000274658203,115.62000274658203,112.37999725341797,113.51000213623047,93.33356475830078,1595100,0.0,0.0
2016-03-21 00:00:00-04:00,113.16999816894531,114.19000244140625,112.91999816894531,114.06999969482422,93.79403686523438,765500,0.0,0.0
2016-03-22 00:00:00-04:00,113.23999786376953,114.69000244140625,113.02999877929688,114.05999755859375,93.78581237792969,793500,0.0,0.0
2016-03-23 00:00:00-04:00,113.55999755859375,113.98999786376953,112.83999633789062,113.05000305175781,92.9553451538086,552900,0.0,0.0
2016-03-24 00:00:00-04:00,111.94999694824219,112.16999816894531,110.5199966430664,111.56999969482422,91.73841857910156,1058600,0.0,0.0
2016-03-28 00:00:00-04:00,112.02999877929688,112.30000305175781,110.87999725341797,111.88999938964844,92.00151824951172,518300,0.0,0.0
2016-03-29 00:00:00-04:00,111.23999786376953,112.83999633789062,110.51000213623047,112.75,92.70866394042969,774000,0.0,0.0
2016-03-30 00:00:00-04:00,114.1500015258789,115.26000213623047,113.19999694824219,114.3499984741211,94.02426147460938,979500,0.0,0.0
2016-03-31 00:00:00-04:00,114.1500015258789,114.70999908447266,113.30999755859375,113.75,93.53091430664062,777500,0.0,0.0
2016-04-01 00:00:00-04:00,112.25,113.7300033569336,110.93000030517578,113.55999755859375,93.37467193603516,1326000,0.0,0.0
2016-04-04 00:00:00-04:00,113.22000122070312,113.54000091552734,111.91999816894531,111.94999694824219,92.05084991455078,781200,0.0,0.0
2016-04-05 00:00:00-04:00,110.97000122070312,111.86000061035156,110.41999816894531,111.37000274658203,91.57395935058594,836500,0.0,0.0
2016-04-06 00:00:00-04:00,111.62000274658203,111.69000244140625,109.43000030517578,111.58000183105469,91.74662017822266,1194900,0.0,0.0
2016-04-07 00:00:00-04:00,110.83000183105469,111.88999938964844,110.4000015258789,110.9800033569336,91.25328063964844,566000,0.0,0.0
2016-04-08 00:00:00-04:00,112.43000030517578,113.3499984741211,110.94999694824219,111.48999786376953,91.6726303100586,524400,0.0,0.0
2016-04-11 00:00:00-04:00,111.80999755859375,113.48999786376953,111.68000030517578,111.9800033569336,92.07552337646484,576200,0.0,0.0
2016-04-12 00:00:00-04:00,112.0,113.63999938964844,111.98999786376953,112.98999786376953,92.9060287475586,394900,0.0,0.0
2016-04-13 00:00:00-04:00,114.0,115.80000305175781,113.55000305175781,115.55000305175781,95.01097106933594,962800,0.0,0.0
2016-04-14 00:00:00-04:00,115.41000366210938,116.7300033569336,113.79000091552734,116.41000366210938,95.71810913085938,1204700,0.0,0.0
2016-04-15 00:00:00-04:00,116.20999908447266,116.95999908447266,115.44999694824219,116.86000061035156,96.08809661865234,930900,0.0,0.0
2016-04-18 00:00:00-04:00,115.62999725341797,117.26000213623047,115.62999725341797,117.05999755859375,96.2525634765625,606600,0.0,0.0
2016-04-19 00:00:00-04:00,117.31999969482422,118.19000244140625,115.70999908447266,116.19000244140625,95.5372085571289,935500,0.0,0.0
2016-04-20 00:00:00-04:00,116.6500015258789,116.75,115.33999633789062,115.62000274658203,95.06853485107422,656700,0.0,0.0
2016-04-21 00:00:00-04:00,115.04000091552734,116.2300033569336,114.68000030517578,114.98999786376953,94.55049133300781,532400,0.0,0.0
2016-04-22 00:00:00-04:00,115.26000213623047,115.73999786376953,114.5199966430664,115.11000061035156,94.649169921875,974300,0.0,0.0
2016-04-25 00:00:00-04:00,114.55999755859375,115.93000030517578,114.55999755859375,114.7699966430664,94.36959075927734,649300,0.0,0.0
2016-04-26 00:00:00-04:00,115.5199966430664,116.08999633789062,114.87000274658203,115.91999816894531,95.3152084350586,803300,0.0,0.0
2016-04-27 00:00:00-04:00,114.54000091552734,116.30000305175781,112.5,115.69000244140625,95.12606811523438,908600,0.0,0.0
2016-04-28 00:00:00-04:00,114.86000061035156,115.95999908447266,113.86000061035156,114.23999786376953,93.93377685546875,739400,0.0,0.0
2016-04-29 00:00:00-04:00,113.95999908447266,114.4000015258789,112.8499984741211,113.47000122070312,93.3006820678711,894200,0.0,0.0
2016-05-02 00:00:00-04:00,113.52999877929688,113.91000366210938,112.27999877929688,113.23999786376953,93.111572265625,1120800,0.0,0.0
2016-05-03 00:00:00-04:00,112.51000213623047,112.54000091552734,111.66000366210938,112.36000061035156,92.38798522949219,694500,0.0,0.0
2016-05-04 00:00:00-04:00,112.0199966430664,112.56999969482422,110.44999694824219,111.05000305175781,91.31083679199219,768700,0.0,0.0
2016-05-05 00:00:00-04:00,111.69999694824219,112.62000274658203,111.01000213623047,111.68000030517578,91.82886505126953,1091300,0.0,0.0
2016-05-06 00:00:00-04:00,111.44000244140625,112.2699966430664,110.76000213623047,112.19000244140625,92.24818420410156,496900,0.0,0.0
2016-05-09 00:00:00-04:00,111.76000213623047,112.27999877929688,110.93000030517578,111.29000091552734,91.50816345214844,535500,0.0,0.0
2016-05-10 00:00:00-04:00,111.58999633789062,113.98999786376953,111.31999969482422,113.80000305175781,93.57202911376953,994900,0.0,0.0
2016-05-11 00:00:00-04:00,113.73999786376953,114.62999725341797,113.18000030517578,113.91999816894531,93.6706771850586,877000,0.0,0.0
2016-05-12 00:00:00-04:00,113.58999633789062,114.16000366210938,112.72000122070312,114.01000213623047,94.34513092041016,1120000,0.725,0.0
2016-05-13 00:00:00-04:00,113.80000305175781,114.69999694824219,112.54000091552734,113.08000183105469,93.57551574707031,1177900,0.0,0.0
2016-05-16 00:00:00-04:00,113.37999725341797,115.0999984741211,112.75,114.58000183105469,94.8167953491211,613500,0.0,0.0
2016-05-17 00:00:00-04:00,114.37000274658203,115.5,113.30999755859375,113.73999786376953,94.12168884277344,526200,0.0,0.0
2016-05-18 00:00:00-04:00,112.95999908447266,114.23999786376953,111.66000366210938,112.25,92.88871002197266,763500,0.0,0.0
2016-05-19 00:00:00-04:00,111.22000122070312,111.37000274658203,109.31999969482422,110.2300033569336,91.21712493896484,1086800,0.0,0.0
2016-05-20 00:00:00-04:00,110.95999908447266,111.63999938964844,110.76000213623047,111.16999816894531,91.99495697021484,587000,0.0,0.0
2016-05-23 00:00:00-04:00,110.95999908447266,112.27999877929688,110.4000015258789,111.79000091552734,92.50804901123047,650100,0.0,0.0
2016-05-24 00:00:00-04:00,112.08999633789062,114.30999755859375,111.77999877929688,113.66999816894531,94.06376647949219,628400,0.0,0.0
2016-05-25 00:00:00-04:00,114.4000015258789,115.93000030517578,114.12999725341797,115.75,95.7850112915039,958700,0.0,0.0
2016-05-26 00:00:00-04:00,116.02999877929688,117.20999908447266,115.58999633789062,116.7699966430664,96.62905883789062,1108900,0.0,0.0
2016-05-27 00:00:00-04:00,116.7699966430664,117.08999633789062,115.95999908447266,116.51000213623047,96.41392517089844,685800,0.0,0.0
2016-05-31 00:00:00-04:00,116.69000244140625,116.98999786376953,115.31999969482422,116.05000305175781,96.03325653076172,788100,0.0,0.0
2016-06-01 00:00:00-04:00,115.43000030517578,116.30000305175781,114.23999786376953,116.16000366210938,96.12428283691406,634800,0.0,0.0
2016-06-02 00:00:00-04:00,116.0,117.47000122070312,115.43000030517578,117.47000122070312,97.20833587646484,695600,0.0,0.0
2016-06-03 00:00:00-04:00,117.3499984741211,118.4000015258789,115.54000091552734,118.18000030517578,97.79582977294922,821700,0.0,0.0
2016-06-06 00:00:00-04:00,118.5999984741211,119.58999633789062,117.98999786376953,118.91000366210938,98.39995574951172,967300,0.0,0.0
2016-06-07 00:00:00-04:00,119.25,120.0,118.7699966430664,118.83000183105469,98.33375549316406,686500,0.0,0.0
2016-06-08 00:00:00-04:00,119.30000305175781,119.98999786376953,118.66000366210938,119.0199966430664,98.490966796875,700500,0.0,0.0
2016-06-09 00:00:00-04:00,118.16000366210938,119.04000091552734,117.79000091552734,118.73999786376953,98.25926971435547,505000,0.0,0.0
2016-06-10 00:00:00-04:00,117.33999633789062,117.87999725341797,115.91999816894531,116.69999694824219,96.57112121582031,779400,0.0,0.0
2016-06-13 00:00:00-04:00,115.83000183105469,116.7699966430664,115.22000122070312,115.94000244140625,95.9422378540039,715600,0.0,0.0
2016-06-14 00:00:00-04:00,115.4800033569336,116.9000015258789,115.0,116.12000274658203,96.0911865234375,441500,0.0,0.0
2016-06-15 00:00:00-04:00,116.37000274658203,117.11000061035156,115.44999694824219,115.58000183105469,95.64431762695312,677100,0.0,0.0
2016-06-16 00:00:00-04:00,114.75,116.25,113.87000274658203,115.88999938964844,95.90084075927734,842300,0.0,0.0
2016-06-17 00:00:00-04:00,116.11000061035156,117.2300033569336,115.52999877929688,116.69999694824219,96.57112121582031,1094000,0.0,0.0
2016-06-20 00:00:00-04:00,118.41000366210938,119.63999938964844,117.83000183105469,118.0,97.64691925048828,715800,0.0,0.0
2016-06-21 00:00:00-04:00,118.02999877929688,118.08000183105469,116.51000213623047,117.22000122070312,97.00144958496094,676700,0.0,0.0
2016-06-22 00:00:00-04:00,117.62999725341797,118.45999908447266,117.52999877929688,117.98999786376953,97.63861846923828,833900,0.0,0.0
2016-06-23 00:00:00-04:00,119.58999633789062,120.5999984741211,119.1500015258789,120.5199966430664,99.73224639892578,981400,0.0,0.0
2016-06-24 00:00:00-04:00,115.37000274658203,117.0,112.08000183105469,112.37000274658203,92.9880142211914,2047200,0.0,0.0
2016-06-27 00:00:00-04:00,110.33999633789062,110.63999938964844,107.16999816894531,108.11000061035156,89.46277618408203,1410600,0.0,0.0
2016-06-28 00:00:00-04:00,109.19000244140625,110.3499984741211,108.5999984741211,109.86000061035156,90.91093444824219,1318700,0.0,0.0
2016-06-29 00:00:00-04:00,111.27999877929688,111.87000274658203,110.62000274658203,111.62000274658203,92.36736297607422,795100,0.0,0.0
2016-06-30 00:00:00-04:00,112.02999877929688,114.83000183105469,111.52999877929688,114.81999969482422,95.01539611816406,1007200,0.0,0.0
2016-07-01 00:00:00-04:00,114.52999877929688,116.80000305175781,114.0199966430664,115.88999938964844,95.90084075927734,942500,0.0,0.0
2016-07-05 00:00:00-04:00,114.83999633789062,115.08000183105469,112.02999877929688,112.68000030517578,93.24451446533203,1418500,0.0,0.0
2016-07-06 00:00:00-04:00,112.3499984741211,112.9800033569336,110.88999938964844,112.8499984741211,93.38520812988281,1057400,0.0,0.0
2016-07-07 00:00:00-04:00,113.37000274658203,114.18000030517578,112.11000061035156,112.97000122070312,93.48448181152344,530700,0.0,0.0
2016-07-08 00:00:00-04:00,114.2699966430664,115.94999694824219,113.76000213623047,115.69999694824219,95.7436294555664,691300,0.0,0.0
2016-07-11 00:00:00-04:00,116.47000122070312,118.0,116.1500015258789,117.51000213623047,97.24143981933594,890200,0.0,0.0
2016-07-12 00:00:00-04:00,118.1500015258789,119.2699966430664,117.83000183105469,119.02999877929688,98.4992446899414,987900,0.0,0.0
2016-07-13 00:00:00-04:00,119.38999938964844,119.88999938964844,117.97000122070312,118.83999633789062,98.3420181274414,725900,0.0,0.0
2016-07-14 00:00:00-04:00,119.94999694824219,120.75,118.47000122070312,118.7300033569336,98.2509994506836,848000,0.0,0.0
2016-07-15 00:00:00-04:00,119.27999877929688,119.8499984741211,118.5999984741211,119.16000366210938,98.60684967041016,544200,0.0,0.0
2016-07-18 00:00:00-04:00,119.6500015258789,119.6500015258789,118.36000061035156,119.33000183105469,98.74748992919922,358000,0.0,0.0
2016-07-19 00:00:00-04:00,118.77999877929688,119.38999938964844,118.58999633789062,119.0,98.47441864013672,275100,0.0,0.0
2016-07-20 00:00:00-04:00,119.18000030517578,119.66999816894531,118.55000305175781,119.51000213623047,98.89646911621094,309400,0.0,0.0
2016-07-21 00:00:00-04:00,119.19999694824219,119.94000244140625,117.80000305175781,118.45999908447266,98.02757263183594,758900,0.0,0.0
2016-07-22 00:00:00-04:00,118.18000030517578,118.56999969482422,117.37999725341797,118.52999877929688,98.08550262451172,572000,0.0,0.0
2016-07-25 00:00:00-04:00,118.19000244140625,118.8499984741211,117.41000366210938,118.18000030517578,97.79582977294922,904900,0.0,0.0
2016-07-26 00:00:00-04:00,118.29000091552734,120.73999786376953,118.29000091552734,120.63999938964844,99.83154296875,969200,0.0,0.0
2016-07-27 00:00:00-04:00,118.45999908447266,118.66999816894531,116.29000091552734,116.93000030517578,96.7614974975586,1253100,0.0,0.0
2016-07-28 00:00:00-04:00,116.19999694824219,116.91999816894531,114.9800033569336,116.2300033569336,96.18222045898438,821500,0.0,0.0
2016-07-29 00:00:00-04:00,115.87000274658203,116.16999816894531,114.0,114.4000015258789,94.66785430908203,1190700,0.0,0.0
2016-08-01 00:00:00-04:00,114.20999908447266,114.55000305175781,112.87000274658203,113.97000122070312,94.31200408935547,906800,0.0,0.0
2016-08-02 00:00:00-04:00,113.58999633789062,113.87999725341797,112.05000305175781,113.05000305175781,93.55072784423828,965100,0.0,0.0
2016-08-03 00:00:00-04:00,112.9000015258789,114.91000366210938,112.37999725341797,114.66000366210938,94.88301086425781,1268300,0.0,0.0
2016-08-04 00:00:00-04:00,114.58000183105469,116.47000122070312,114.41999816894531,115.05000305175781,95.20575714111328,634400,0.0,0.0
2016-08-05 00:00:00-04:00,115.26000213623047,117.1500015258789,115.26000213623047,117.13999938964844,96.93524932861328,526100,0.0,0.0
2016-08-08 00:00:00-04:00,117.69999694824219,118.44999694824219,117.54000091552734,117.98999786376953,97.63861846923828,799000,0.0,0.0
2016-08-09 00:00:00-04:00,118.0999984741211,118.97000122070312,118.04000091552734,118.56999969482422,98.11858367919922,625000,0.0,0.0
2016-08-10 00:00:00-04:00,118.69999694824219,119.36000061035156,118.12999725341797,119.33000183105469,98.74748992919922,963100,0.0,0.0
2016-08-11 00:00:00-04:00,118.94999694824219,119.55999755859375,118.80000305175781,119.0199966430664,99.093017578125,968600,0.725,0.0
2016-08-12 00:00:00-04:00,118.98999786376953,118.98999786376953,117.41999816894531,117.63999938964844,97.94408416748047,534800,0.0,0.0
2016-08-15 00:00:00-04:00,117.9000015258789,119.20999908447266,117.87999725341797,118.86000061035156,98.9598159790039,386800,0.0,0.0
2016-08-16 00:00:00-04:00,118.77999877929688,119.26000213623047,118.25,118.94000244140625,99.02642059326172,525300,0.0,0.0
2016-08-17 00:00:00-04:00,119.04000091552734,119.23999786376953,118.5199966430664,118.94999694824219,99.03474426269531,361300,0.0,0.0
2016-08-18 00:00:00-04:00,119.0,119.33000183105469,118.68000030517578,119.30999755859375,99.33446502685547,500400,0.0,0.0
2016-08-19 00:00:00-04:00,117.25,118.7699966430664,116.98999786376953,118.43000030517578,98.60181427001953,1318900,0.0,0.0
2016-08-22 00:00:00-04:00,118.22000122070312,118.37999725341797,117.18000030517578,118.1500015258789,98.3686752319336,818900,0.0,0.0
2016-08-23 00:00:00-04:00,118.80000305175781,119.33999633789062,118.4800033569336,118.83999633789062,98.9431381225586,455900,0.0,0.0
2016-08-24 00:00:00-04:00,118.73999786376953,118.9800033569336,117.55000305175781,117.81999969482422,98.09391784667969,433300,0.0,0.0
2016-08-25 00:00:00-04:00,117.56999969482422,118.19999694824219,117.25,117.69000244140625,97.98568725585938,446500,0.0,0.0
2016-08-26 00:00:00-04:00,117.91999816894531,119.36000061035156,117.37999725341797,117.87000274658203,98.13555908203125,496100,0.0,0.0
2016-08-29 00:00:00-04:00,117.95999908447266,118.76000213623047,117.76000213623047,118.30000305175781,98.49356079101562,341500,0.0,0.0
2016-08-30 00:00:00-04:00,118.44999694824219,118.44999694824219,116.75,117.3499984741211,97.70259857177734,570100,0.0,0.0
2016-08-31 00:00:00-04:00,117.12000274658203,117.25,115.4800033569336,115.93000030517578,96.52037048339844,510800,0.0,0.0
2016-09-01 00:00:00-04:00,116.12999725341797,116.56999969482422,115.13999938964844,116.43000030517578,96.93665313720703,594800,0.0,0.0
2016-09-02 00:00:00-04:00,117.16000366210938,117.76000213623047,116.62000274658203,117.08000183105469,97.47782897949219,434000,0.0,0.0
2016-09-06 00:00:00-04:00,117.37999725341797,117.56999969482422,116.22000122070312,116.5,96.99491882324219,437700,0.0,0.0
2016-09-07 00:00:00-04:00,116.5,116.94999694824219,116.13999938964844,116.44000244140625,96.94498443603516,594900,0.0,0.0
2016-09-08 00:00:00-04:00,116.41000366210938,116.83999633789062,115.88999938964844,116.20999908447266,96.75347137451172,485800,0.0,0.0
2016-09-09 00:00:00-04:00,115.27999877929688,115.48999786376953,112.5,112.5,93.66464233398438,719100,0.0,0.0
2016-09-12 00:00:00-04:00,112.36000061035156,115.05999755859375,111.5199966430664,114.72000122070312,95.51292419433594,729200,0.0,0.0
2016-09-13 00:00:00-04:00,113.36000061035156,114.70999908447266,113.30999755859375,114.18000030517578,95.06333923339844,882400,0.0,0.0
2016-09-14 00:00:00-04:00,114.04000091552734,115.06999969482422,113.27999877929688,114.55000305175781,95.37142181396484,755800,0.0,0.0
2016-09-15 00:00:00-04:00,114.73999786376953,115.6500015258789,114.33000183105469,115.44999694824219,96.1207275390625,732500,0.0,0.0
2016-09-16 00:00:00-04:00,114.58999633789062,114.58999633789062,113.2699966430664,113.88999938964844,94.82191467285156,1399900,0.0,0.0
2016-09-19 00:00:00-04:00,114.51000213623047,115.58999633789062,114.37999725341797,114.94000244140625,95.69610595703125,694600,0.0,0.0
2016-09-20 00:00:00-04:00,115.62000274658203,116.75,114.9800033569336,115.04000091552734,95.77937316894531,683900,0.0,0.0
2016-09-21 00:00:00-04:00,115.66999816894531,117.12999725341797,115.19999694824219,117.02999877929688,97.43617248535156,663600,0.0,0.0
2016-09-22 00:00:00-04:00,118.11000061035156,119.19000244140625,117.66999816894531,118.58000183105469,98.7266845703125,786000,0.0,0.0
2016-09-23 00:00:00-04:00,117.94000244140625,118.08000183105469,115.76000213623047,115.7699966430664,96.38716888427734,498600,0.0,0.0
2016-09-26 00:00:00-04:00,115.41000366210938,116.06999969482422,114.48999786376953,114.58999633789062,95.40470886230469,501000,0.0,0.0
2016-09-27 00:00:00-04:00,114.16000366210938,115.68000030517578,113.5,115.62000274658203,96.26226806640625,477100,0.0,0.0
2016-09-28 00:00:00-04:00,116.04000091552734,117.81999969482422,116.04000091552734,117.69999694824219,97.99401092529297,738400,0.0,0.0
2016-09-29 00:00:00-04:00,117.37000274658203,118.33000183105469,116.83999633789062,117.12000274658203,97.5111312866211,829900,0.0,0.0
2016-09-30 00:00:00-04:00,119.5,123.11000061035156,119.2699966430664,122.33999633789062,101.85716247558594,2568200,0.0,0.0
2016-10-03 00:00:00-04:00,121.61000061035156,121.94000244140625,119.13999938964844,120.56999969482422,100.38351440429688,1096200,0.0,0.0
2016-10-04 00:00:00-04:00,120.98999786376953,123.4800033569336,119.01000213623047,119.19000244140625,99.23457336425781,957800,0.0,0.0
2016-10-05 00:00:00-04:00,119.83000183105469,121.41999816894531,119.4800033569336,121.23999786376953,100.94133758544922,584600,0.0,0.0
2016-10-06 00:00:00-04:00,121.19999694824219,121.19999694824219,119.94999694824219,120.66999816894531,100.46678924560547,341000,0.0,0.0
2016-10-07 00:00:00-04:00,120.12999725341797,120.20999908447266,118.55000305175781,119.69999694824219,99.6591567993164,887200,0.0,0.0
2016-10-10 00:00:00-04:00,120.0199966430664,120.12999725341797,116.9000015258789,117.04000091552734,97.44450378417969,1696100,0.0,0.0
2016-10-11 00:00:00-04:00,116.44999694824219,116.62999725341797,114.45999908447266,115.19999694824219,95.91255950927734,882900,0.0,0.0
2016-10-12 00:00:00-04:00,115.38999938964844,116.70999908447266,114.4800033569336,116.2699966430664,96.80343627929688,595000,0.0,0.0
2016-10-13 00:00:00-04:00,115.4800033569336,116.87999725341797,115.08999633789062,116.30000305175781,96.82839965820312,931300,0.0,0.0
2016-10-14 00:00:00-04:00,117.4000015258789,118.16999816894531,116.77999877929688,116.80000305175781,97.24471282958984,942900,0.0,0.0
2016-10-17 00:00:00-04:00,116.37000274658203,116.95999908447266,115.36000061035156,115.5199966430664,96.17898559570312,757600,0.0,0.0
2016-10-18 00:00:00-04:00,116.76000213623047,117.12000274658203,115.72000122070312,115.97000122070312,96.55366516113281,549100,0.0,0.0
2016-10-19 00:00:00-04:00,116.06999969482422,118.30000305175781,115.66000366210938,117.44999694824219,97.78587341308594,646700,0.0,0.0
2016-10-20 00:00:00-04:00,117.13999938964844,118.19999694824219,116.43000030517578,118.01000213623047,98.2520980834961,827700,0.0,0.0
2016-10-21 00:00:00-04:00,116.94000244140625,126.1500015258789,116.27999877929688,122.98999786376953,102.39834594726562,6596300,0.0,0.0
2016-10-24 00:00:00-04:00,123.91000366210938,124.5,119.08000183105469,119.66999816894531,99.63418579101562,2482600,0.0,0.0
2016-10-25 00:00:00-04:00,118.72000122070312,119.44999694824219,117.9000015258789,118.62000274658203,98.7599868774414,884800,0.0,0.0
2016-10-26 00:00:00-04:00,118.48999786376953,121.18000030517578,118.36000061035156,120.62000274658203,100.4251480102539,734200,0.0,0.0
2016-10-27 00:00:00-04:00,120.5,121.0199966430664,117.87999725341797,118.20999908447266,98.41864013671875,847000,0.0,0.0
2016-10-28 00:00:00-04:00,118.48999786376953,120.05999755859375,118.02999877929688,118.80000305175781,98.90984344482422,620300,0.0,0.0
2016-10-31 00:00:00-04:00,119.4800033569336,120.37000274658203,118.52999877929688,119.72000122070312,99.67582702636719,790400,0.0,0.0
2016-11-01 00:00:00-04:00,120.23999786376953,120.7300033569336,118.12999725341797,118.95999908447266,99.0430679321289,842800,0.0,0.0
2016-11-02 00:00:00-04:00,118.83000183105469,119.43000030517578,118.0,118.30999755859375,98.50189208984375,626600,0.0,0.0
2016-11-03 00:00:00-04:00,118.88999938964844,118.88999938964844,117.23999786376953,117.47000122070312,97.80254364013672,608700,0.0,0.0
2016-11-04 00:00:00-04:00,117.79000091552734,119.36000061035156,117.51000213623047,117.55999755859375,97.87744903564453,1143900,0.0,0.0
2016-11-07 00:00:00-05:00,120.45999908447266,124.9000015258789,120.45999908447266,124.23999786376953,103.43905639648438,1863300,0.0,0.0
2016-11-08 00:00:00-05:00,124.5,125.76000213623047,123.69000244140625,125.02999877929688,104.09678649902344,1080800,0.0,0.0
2016-11-09 00:00:00-05:00,123.08999633789062,128.00999450683594,123.06999969482422,126.8499984741211,106.25797271728516,1419800,0.76,0.0
2016-11-10 00:00:00-05:00,128.11000061035156,130.85000610351562,127.30000305175781,130.75,109.5248794555664,1572600,0.0,0.0
2016-11-11 00:00:00-05:00,129.85000610351562,131.72000122070312,129.27999877929688,131.7100067138672,110.32904052734375,1021500,0.0,0.0
2016-11-14 00:00:00-05:00,132.0,133.27999877929688,131.83999633789062,132.22000122070312,110.75623321533203,1525700,0.0,0.0
2016-11-15 00:00:00-05:00,131.99000549316406,133.5399932861328,129.69000244140625,133.47999572753906,111.81169891357422,988000,0.0,0.0
2016-11-16 00:00:00-05:00,132.36000061035156,133.47000122070312,132.1199951171875,133.3800048828125,111.72795867919922,814700,0.0,0.0
2016-11-17 00:00:00-05:00,133.5,133.67999267578125,131.8300018310547,131.9499969482422,110.53007507324219,730500,0.0,0.0
2016-11-18 00:00:00-05:00,131.5500030517578,132.49000549316406,131.0500030517578,131.1999969482422,109.90182495117188,608200,0.0,0.0
2016-11-21 00:00:00-05:00,131.99000549316406,132.5,131.49000549316406,131.7100067138672,110.32904052734375,660800,0.0,0.0
2016-11-22 00:00:00-05:00,132.14999389648438,132.14999389648438,130.8800048828125,131.7100067138672,110.32904052734375,758600,0.0,0.0
2016-11-23 00:00:00-05:00,131.1300048828125,132.02999877929688,131.1300048828125,131.86000061035156,110.45468139648438,684000,0.0,0.0
2016-11-25 00:00:00-05:00,131.92999267578125,132.9600067138672,131.85000610351562,132.9199981689453,111.34258270263672,374600,0.0,0.0
2016-11-28 00:00:00-05:00,132.33999633789062,132.88999938964844,130.39999389648438,130.5,109.31544494628906,843100,0.0,0.0
2016-11-29 00:00:00-05:00,130.4499969482422,131.9199981689453,129.66000366210938,131.33999633789062,110.01909637451172,851800,0.0,0.0
2016-11-30 00:00:00-05:00,131.9199981689453,134.27000427246094,131.9199981689453,133.7100067138672,112.00437927246094,1183400,0.0,0.0
2016-12-01 00:00:00-05:00,134.47999572753906,138.75999450683594,134.2100067138672,137.19000244140625,114.91948699951172,2044400,0.0,0.0
2016-12-02 00:00:00-05:00,136.6999969482422,137.8000030517578,135.49000549316406,136.7899932861328,114.5843734741211,1273900,0.0,0.0
2016-12-05 00:00:00-05:00,137.22000122070312,138.0,135.5399932861328,136.22000122070312,114.10693359375,2048300,0.0,0.0
2016-12-06 00:00:00-05:00,135.6999969482422,136.47000122070312,135.47000122070312,136.39999389648438,114.2576904296875,1001500,0.0,0.0
2016-12-07 00:00:00-05:00,136.3300018310547,139.16000366210938,135.8800048828125,138.92999267578125,116.376953125,734200,0.0,0.0
2016-12-08 00:00:00-05:00,138.3699951171875,138.3699951171875,136.77000427246094,137.61000061035156,115.27127075195312,744800,0.0,0.0
2016-12-09 00:00:00-05:00,137.80999755859375,139.63999938964844,137.72000122070312,139.55999755859375,116.9046859741211,710800,0.0,0.0
2016-12-12 00:00:00-05:00,139.55999755859375,139.5800018310547,136.80999755859375,137.39999389648438,115.09535217285156,905900,0.0,0.0
2016-12-13 00:00:00-05:00,137.60000610351562,138.24000549316406,136.52999877929688,137.07000732421875,114.81893920898438,1098300,0.0,0.0
2016-12-14 00:00:00-05:00,136.77999877929688,137.97999572753906,135.39999389648438,135.57000732421875,113.56241607666016,903600,0.0,0.0
2016-12-15 00:00:00-05:00,135.7100067138672,136.49000549316406,135.2100067138672,136.2100067138672,114.09851837158203,837900,0.0,0.0
2016-12-16 00:00:00-05:00,136.0800018310547,136.85000610351562,134.44000244140625,134.91000366210938,113.00956726074219,1545300,0.0,0.0
2016-12-19 00:00:00-05:00,135.55999755859375,136.16000366210938,134.02000427246094,134.8300018310547,112.94255828857422,896900,0.0,0.0
2016-12-20 00:00:00-05:00,135.02999877929688,135.75999450683594,134.47000122070312,135.57000732421875,113.56241607666016,1078600,0.0,0.0
2016-12-21 00:00:00-05:00,135.60000610351562,136.72999572753906,135.02999877929688,135.57000732421875,113.56241607666016,633600,0.0,0.0
2016-12-22 00:00:00-05:00,135.58999633789062,136.07000732421875,134.8000030517578,135.57000732421875,113.56241607666016,631000,0.0,0.0
2016-12-23 00:00:00-05:00,135.39999389648438,136.47000122070312,135.10000610351562,136.00999450683594,113.9310073852539,386000,0.0,0.0
2016-12-27 00:00:00-05:00,136.47999572753906,136.80999755859375,135.72999572753906,136.02999877929688,113.94775390625,410400,0.0,0.0
2016-12-28 00:00:00-05:00,136.47999572753906,136.75,134.6199951171875,134.74000549316406,112.86715698242188,433500,0.0,0.0
2016-12-29 00:00:00-05:00,134.74000549316406,135.49000549316406,134.27999877929688,134.85000610351562,112.95929718017578,355000,0.0,0.0
2016-12-30 00:00:00-05:00,135.5399932861328,135.5399932861328,133.61000061035156,134.39999389648438,112.58232879638672,435900,0.0,0.0
2017-01-03 00:00:00-05:00,135.89999389648438,138.66000366210938,135.17999267578125,138.5399932861328,116.05026245117188,1329200,0.0,0.0
2017-01-04 00:00:00-05:00,138.77000427246094,139.49000549316406,137.2899932861328,137.9600067138672,115.56443786621094,851000,0.0,0.0
2017-01-05 00:00:00-05:00,137.6699981689453,139.39999389648438,135.8699951171875,137.74000549316406,115.38018035888672,822500,0.0,0.0
2017-01-06 00:00:00-05:00,138.36000061035156,139.61000061035156,137.69000244140625,138.50999450683594,116.02515411376953,659300,0.0,0.0
2017-01-09 00:00:00-05:00,139.0,139.99000549316406,138.2899932861328,138.30999755859375,115.85763549804688,828100,0.0,0.0
2017-01-10 00:00:00-05:00,139.0,140.0800018310547,138.27999877929688,139.52999877929688,116.87959289550781,883500,0.0,0.0
2017-01-11 00:00:00-05:00,140.02000427246094,142.5399932861328,139.74000549316406,141.66000366210938,118.66381072998047,1148000,0.0,0.0
2017-01-12 00:00:00-05:00,141.19000244140625,141.52000427246094,138.97000122070312,140.75999450683594,117.90991973876953,714500,0.0,0.0
2017-01-13 00:00:00-05:00,140.9499969482422,142.24000549316406,140.83999633789062,141.99000549316406,118.94021606445312,559800,0.0,0.0
2017-01-17 00:00:00-05:00,141.3300018310547,141.3300018310547,139.3800048828125,139.63999938964844,116.9717025756836,1126600,0.0,0.0
2017-01-18 00:00:00-05:00,140.13999938964844,140.4499969482422,139.39999389648438,139.9600067138672,117.23977661132812,919300,0.0,0.0
2017-01-19 00:00:00-05:00,140.25,141.2899932861328,139.69000244140625,140.0,117.27326965332031,1154600,0.0,0.0
2017-01-20 00:00:00-05:00,140.99000549316406,141.47000122070312,139.6300048828125,140.55999755859375,117.74240112304688,1754300,0.0,0.0
2017-01-23 00:00:00-05:00,140.8000030517578,140.97999572753906,139.50999450683594,140.02000427246094,117.2900390625,1058700,0.0,0.0
2017-01-24 00:00:00-05:00,140.42999267578125,143.74000549316406,139.72000122070312,142.02999877929688,118.97374725341797,1678200,0.0,0.0
2017-01-25 00:00:00-05:00,151.63999938964844,155.44000244140625,149.5399932861328,153.00999450683594,128.17127990722656,4674700,0.0,0.0
2017-01-26 00:00:00-05:00,153.6699981689453,154.91000366210938,152.07000732421875,152.9199981689453,128.095947265625,2337400,0.0,0.0
2017-01-27 00:00:00-05:00,152.44000244140625,152.6999969482422,150.6999969482422,150.75,126.27820587158203,1636800,0.0,0.0
2017-01-30 00:00:00-05:00,150.3300018310547,150.3300018310547,147.7899932861328,149.30999755859375,125.07193756103516,1964600,0.0,0.0
2017-01-31 00:00:00-05:00,149.27999877929688,149.63999938964844,147.4199981689453,147.99000549316406,123.96625518798828,2036900,0.0,0.0
2017-02-01 00:00:00-05:00,148.32000732421875,149.13999938964844,146.75999450683594,147.75999450683594,123.77359771728516,1343500,0.0,0.0
2017-02-02 00:00:00-05:00,146.8699951171875,148.35000610351562,146.3699951171875,147.64999389648438,123.68140411376953,918600,0.0,0.0
2017-02-03 00:00:00-05:00,148.1300048828125,150.1999969482422,147.5500030517578,149.72999572753906,125.42378234863281,1151000,0.0,0.0
2017-02-06 00:00:00-05:00,149.11000061035156,149.9600067138672,148.4600067138672,149.9600067138672,125.61644744873047,745600,0.0,0.0
2017-02-07 00:00:00-05:00,150.49000549316406,152.6199951171875,149.22999572753906,149.41000366210938,125.15576934814453,901700,0.0,0.0
2017-02-08 00:00:00-05:00,149.5,149.5,147.6699981689453,148.6300048828125,124.50234985351562,815100,0.0,0.0
2017-02-09 00:00:00-05:00,149.1699981689453,150.60000610351562,148.2899932861328,150.35000610351562,125.9430923461914,949900,0.0,0.0
2017-02-10 00:00:00-05:00,151.22000122070312,151.77999877929688,150.11000061035156,151.4499969482422,126.86450958251953,1060400,0.0,0.0
2017-02-13 00:00:00-05:00,151.69000244140625,153.67999267578125,151.69000244140625,152.00999450683594,127.33364868164062,1362300,0.0,0.0
2017-02-14 00:00:00-05:00,151.50999450683594,152.44000244140625,151.22000122070312,152.2100067138672,127.50121307373047,1215300,0.0,0.0
2017-02-15 00:00:00-05:00,151.52999877929688,152.77000427246094,151.52999877929688,152.49000549316406,127.73573303222656,836600,0.0,0.0
2017-02-16 00:00:00-05:00,151.9199981689453,152.3800048828125,151.0,151.8800048828125,127.86198425292969,859400,0.76,0.0
2017-02-17 00:00:00-05:00,150.60000610351562,151.92999267578125,149.6999969482422,151.9199981689453,127.89566802978516,691600,0.0,0.0
2017-02-21 00:00:00-05:00,152.36000061035156,152.6300048828125,150.97999572753906,151.8300018310547,127.81993103027344,1292700,0.0,0.0
2017-02-22 00:00:00-05:00,150.89999389648438,153.25,150.75999450683594,152.8800048828125,128.70396423339844,1022400,0.0,0.0
2017-02-23 00:00:00-05:00,153.52000427246094,153.8800048828125,149.88999938964844,151.47000122070312,127.51685333251953,1163500,0.0,0.0
2017-02-24 00:00:00-05:00,150.41000366210938,151.5399932861328,149.9600067138672,151.13999938964844,127.23902893066406,1005300,0.0,0.0
2017-02-27 00:00:00-05:00,151.25999450683594,151.72999572753906,150.66000366210938,151.25999450683594,127.34002685546875,765300,0.0,0.0
2017-02-28 00:00:00-05:00,151.25999450683594,151.67999267578125,150.10000610351562,151.10000610351562,127.20539093017578,949600,0.0,0.0
2017-03-01 00:00:00-05:00,153.67999267578125,156.11000061035156,153.07000732421875,155.47999572753906,130.89273071289062,1540900,0.0,0.0
2017-03-02 00:00:00-05:00,155.35000610351562,155.72000122070312,153.0,153.0500030517578,128.84695434570312,916300,0.0,0.0
2017-03-03 00:00:00-05:00,153.17999267578125,154.11000061035156,151.57000732421875,153.00999450683594,128.81326293945312,802000,0.0,0.0
2017-03-06 00:00:00-05:00,152.49000549316406,153.47000122070312,151.10000610351562,153.19000244140625,128.9648895263672,665400,0.0,0.0
2017-03-07 00:00:00-05:00,152.97000122070312,153.6999969482422,152.1199951171875,153.5800018310547,129.29315185546875,694700,0.0,0.0
2017-03-08 00:00:00-05:00,154.1199951171875,154.83999633789062,152.97000122070312,153.02999877929688,128.83016967773438,760300,0.0,0.0
2017-03-09 00:00:00-05:00,153.17999267578125,153.66000366210938,151.3800048828125,152.17999267578125,128.11456298828125,870100,0.0,0.0
2017-03-10 00:00:00-05:00,153.4600067138672,154.6300048828125,153.0,154.30999755859375,129.90773010253906,847800,0.0,0.0
2017-03-13 00:00:00-04:00,154.3000030517578,154.57000732421875,153.44000244140625,154.4499969482422,130.0255889892578,609600,0.0,0.0
2017-03-14 00:00:00-04:00,153.4199981689453,153.4600067138672,151.07000732421875,152.4499969482422,128.34185791015625,852600,0.0,0.0
2017-03-15 00:00:00-04:00,152.82000732421875,157.3000030517578,152.1300048828125,156.47000122070312,131.72618103027344,1110000,0.0,0.0
2017-03-16 00:00:00-04:00,156.88999938964844,157.00999450683594,154.47000122070312,155.6199951171875,131.0105743408203,721100,0.0,0.0
2017-03-17 00:00:00-04:00,156.36000061035156,156.97999572753906,155.55999755859375,155.99000549316406,131.3220672607422,909700,0.0,0.0
2017-03-20 00:00:00-04:00,156.02999877929688,156.16000366210938,155.0800018310547,155.9499969482422,131.28842163085938,893900,0.0,0.0
2017-03-21 00:00:00-04:00,156.94000244140625,157.25999450683594,153.55999755859375,154.14999389648438,129.7730255126953,979900,0.0,0.0
2017-03-22 00:00:00-04:00,153.9199981689453,154.97999572753906,153.1199951171875,154.61000061035156,130.1602783203125,741000,0.0,0.0
2017-03-23 00:00:00-04:00,154.63999938964844,155.52000427246094,153.5800018310547,154.0800018310547,129.7140655517578,864300,0.0,0.0
2017-03-24 00:00:00-04:00,154.27999877929688,154.89999389648438,152.57000732421875,153.25,129.01541137695312,541400,0.0,0.0
2017-03-27 00:00:00-04:00,151.97000122070312,153.3800048828125,149.38999938964844,152.85000610351562,128.6786651611328,816600,0.0,0.0
2017-03-28 00:00:00-04:00,152.6300048828125,155.97999572753906,152.27999877929688,155.13999938964844,130.6064910888672,581800,0.0,0.0
2017-03-29 00:00:00-04:00,154.75999450683594,155.57000732421875,154.2100067138672,154.47000122070312,130.04248046875,541600,0.0,0.0
2017-03-30 00:00:00-04:00,154.36000061035156,155.99000549316406,154.0,155.3800048828125,130.8085479736328,661800,0.0,0.0
2017-03-31 00:00:00-04:00,155.22999572753906,156.6999969482422,155.17999267578125,155.7100067138672,131.08633422851562,799700,0.0,0.0
2017-04-03 00:00:00-04:00,155.4199981689453,156.3800048828125,153.92999267578125,155.30999755859375,130.74957275390625,649000,0.0,0.0
2017-04-04 00:00:00-04:00,155.0800018310547,158.0,154.35000610351562,155.9600067138672,131.29685974121094,981200,0.0,0.0
2017-04-05 00:00:00-04:00,156.75999450683594,159.77999877929688,155.00999450683594,155.17999267578125,130.64015197753906,1401900,0.0,0.0
2017-04-06 00:00:00-04:00,155.17999267578125,156.58999633789062,154.5,155.8800048828125,131.22947692871094,591800,0.0,0.0
2017-04-07 00:00:00-04:00,155.38999938964844,156.27000427246094,154.9199981689453,155.27999877929688,130.72434997558594,1375000,0.0,0.0
2017-04-10 00:00:00-04:00,155.58999633789062,157.47999572753906,155.50999450683594,156.0500030517578,131.37257385253906,548600,0.0,0.0
2017-04-11 00:00:00-04:00,155.41000366210938,156.22999572753906,154.25999450683594,156.11000061035156,131.4230499267578,635100,0.0,0.0
2017-04-12 00:00:00-04:00,155.66000366210938,156.16000366210938,150.08999633789062,150.22999572753906,126.47293090820312,1886200,0.0,0.0
2017-04-13 00:00:00-04:00,149.7100067138672,150.52000427246094,148.35000610351562,148.42999267578125,124.95756530761719,1332400,0.0,0.0
2017-04-17 00:00:00-04:00,148.72000122070312,150.7100067138672,148.30999755859375,150.52000427246094,126.71710205078125,885200,0.0,0.0
2017-04-18 00:00:00-04:00,149.39999389648438,150.02999877929688,148.32000732421875,149.52999877929688,125.88360595703125,842800,0.0,0.0
2017-04-19 00:00:00-04:00,150.82000732421875,152.5800018310547,148.88999938964844,149.5800018310547,125.92581176757812,839800,0.0,0.0
2017-04-20 00:00:00-04:00,150.42999267578125,154.14999389648438,149.8800048828125,153.82000732421875,129.49520874023438,1474600,0.0,0.0
2017-04-21 00:00:00-04:00,153.74000549316406,154.3000030517578,152.94000244140625,153.58999633789062,129.30160522460938,816000,0.0,0.0
2017-04-24 00:00:00-04:00,155.99000549316406,157.3000030517578,155.58999633789062,156.9499969482422,132.13023376464844,1366400,0.0,0.0
2017-04-25 00:00:00-04:00,158.24000549316406,160.7100067138672,157.44000244140625,160.13999938964844,134.81582641601562,1989900,0.0,0.0
2017-04-26 00:00:00-04:00,161.77000427246094,165.0,159.5399932861328,159.9600067138672,134.66429138183594,2074600,0.0,0.0
2017-04-27 00:00:00-04:00,160.2100067138672,161.1699981689453,158.74000549316406,159.27000427246094,134.0833740234375,1152000,0.0,0.0
2017-04-28 00:00:00-04:00,158.52000427246094,159.6699981689453,157.30999755859375,157.35000610351562,132.4669952392578,1450600,0.0,0.0
2017-05-01 00:00:00-04:00,158.1300048828125,158.1300048828125,155.38999938964844,156.5,131.75140380859375,1206600,0.0,0.0
2017-05-02 00:00:00-04:00,156.5500030517578,157.30999755859375,154.58999633789062,155.97000122070312,131.3052978515625,1360700,0.0,0.0
2017-05-03 00:00:00-04:00,155.19000244140625,156.0800018310547,153.4600067138672,154.5399932861328,130.10130310058594,1486400,0.0,0.0
2017-05-04 00:00:00-04:00,155.07000732421875,155.5,153.05999755859375,154.89999389648438,130.40443420410156,1454500,0.0,0.0
2017-05-05 00:00:00-04:00,155.22999572753906,156.49000549316406,154.92999267578125,156.38999938964844,131.65882873535156,709500,0.0,0.0
2017-05-08 00:00:00-04:00,156.47999572753906,156.82000732421875,155.25,156.1300048828125,131.43992614746094,675100,0.0,0.0
2017-05-09 00:00:00-04:00,156.10000610351562,157.27999877929688,155.3699951171875,157.1300048828125,132.28182983398438,720000,0.0,0.0
2017-05-10 00:00:00-04:00,157.27999877929688,158.77000427246094,156.8300018310547,157.63999938964844,132.7111358642578,1036000,0.0,0.0
2017-05-11 00:00:00-04:00,156.3800048828125,157.30999755859375,154.75999450683594,156.8699951171875,132.70266723632812,668200,0.76,0.0
2017-05-12 00:00:00-04:00,156.47000122070312,156.72999572753906,155.3699951171875,155.6999969482422,131.71295166015625,519900,0.0,0.0
2017-05-15 00:00:00-04:00,156.49000549316406,158.60000610351562,156.49000549316406,158.02000427246094,133.67547607421875,1067600,0.0,0.0
2017-05-16 00:00:00-04:00,158.3800048828125,158.3800048828125,156.58999633789062,157.5,133.23562622070312,807000,0.0,0.0
2017-05-17 00:00:00-04:00,157.5,157.5,152.8800048828125,153.74000549316406,130.05491638183594,1167000,0.0,0.0
2017-05-18 00:00:00-04:00,152.72000122070312,155.3699951171875,151.77999877929688,154.22000122070312,130.46092224121094,959100,0.0,0.0
2017-05-19 00:00:00-04:00,155.27999877929688,158.13999938964844,154.6999969482422,157.36000061035156,133.11721801757812,856200,0.0,0.0
2017-05-22 00:00:00-04:00,158.0,160.24000549316406,158.0,158.4499969482422,134.03929138183594,1017900,0.0,0.0
2017-05-23 00:00:00-04:00,158.89999389648438,159.86000061035156,157.5399932861328,158.58999633789062,134.15769958496094,820300,0.0,0.0
2017-05-24 00:00:00-04:00,158.9499969482422,159.4199981689453,157.33999633789062,158.00999450683594,133.66708374023438,722000,0.0,0.0
2017-05-25 00:00:00-04:00,158.1699981689453,159.41000366210938,157.52999877929688,159.25999450683594,134.72450256347656,1060600,0.0,0.0
2017-05-26 00:00:00-04:00,159.0,159.6699981689453,158.27000427246094,159.27999877929688,134.74143981933594,447000,0.0,0.0
2017-05-30 00:00:00-04:00,158.89999389648438,159.85000610351562,158.58999633789062,159.3800048828125,134.82598876953125,506500,0.0,0.0
2017-05-31 00:00:00-04:00,159.39999389648438,159.92999267578125,157.91000366210938,158.72000122070312,134.26763916015625,1268900,0.0,0.0
2017-06-01 00:00:00-04:00,159.25,162.22000122070312,158.47999572753906,161.07000732421875,136.2556610107422,815200,0.0,0.0
2017-06-02 00:00:00-04:00,161.0,163.9199981689453,160.60000610351562,162.38999938964844,137.3722686767578,940500,0.0,0.0
2017-06-05 00:00:00-04:00,162.2100067138672,163.02000427246094,161.6199951171875,162.16000366210938,137.17774963378906,622900,0.0,0.0
2017-06-06 00:00:00-04:00,161.63999938964844,162.1300048828125,159.72000122070312,159.74000549316406,135.1305389404297,908300,0.0,0.0
2017-06-07 00:00:00-04:00,159.77999877929688,159.88999938964844,156.32000732421875,157.52000427246094,133.25254821777344,1109200,0.0,0.0
2017-06-08 00:00:00-04:00,157.52000427246094,160.47000122070312,157.30999755859375,160.0500030517578,135.392822265625,658000,0.0,0.0
2017-06-09 00:00:00-04:00,160.7100067138672,162.97999572753906,160.7100067138672,162.1300048828125,137.1522979736328,705700,0.0,0.0
2017-06-12 00:00:00-04:00,162.02000427246094,162.72999572753906,160.94000244140625,161.3000030517578,136.45018005371094,892100,0.0,0.0
2017-06-13 00:00:00-04:00,161.3800048828125,162.35000610351562,160.6300048828125,161.00999450683594,136.20486450195312,622100,0.0,0.0
2017-06-14 00:00:00-04:00,160.88999938964844,161.1699981689453,158.72999572753906,159.86000061035156,135.23199462890625,662700,0.0,0.0
2017-06-15 00:00:00-04:00,158.39999389648438,161.6699981689453,158.0800018310547,161.60000610351562,136.7039794921875,880400,0.0,0.0
2017-06-16 00:00:00-04:00,162.08999633789062,164.1300048828125,161.1300048828125,164.08999633789062,138.81036376953125,1112000,0.0,0.0
2017-06-19 00:00:00-04:00,164.83999633789062,165.38999938964844,162.97000122070312,164.05999755859375,138.78501892089844,694600,0.0,0.0
2017-06-20 00:00:00-04:00,163.05999755859375,163.9199981689453,161.9499969482422,162.14999389648438,137.16925048828125,583500,0.0,0.0
2017-06-21 00:00:00-04:00,162.85000610351562,163.00999450683594,159.8699951171875,160.1199951171875,135.45199584960938,621700,0.0,0.0
2017-06-22 00:00:00-04:00,160.25999450683594,161.08999633789062,159.3300018310547,160.52999877929688,135.79879760742188,393400,0.0,0.0
2017-06-23 00:00:00-04:00,161.3699951171875,162.4199981689453,160.1699981689453,162.19000244140625,137.20310974121094,1331000,0.0,0.0
2017-06-26 00:00:00-04:00,162.92999267578125,163.22999572753906,161.27000427246094,161.36000061035156,136.50091552734375,359400,0.0,0.0
2017-06-27 00:00:00-04:00,161.6199951171875,161.8699951171875,159.08999633789062,159.3699951171875,134.8175506591797,511800,0.0,0.0
2017-06-28 00:00:00-04:00,160.30999755859375,160.80999755859375,159.61000061035156,160.52999877929688,135.79879760742188,707800,0.0,0.0
2017-06-29 00:00:00-04:00,160.9600067138672,162.1199951171875,158.02999877929688,158.82000732421875,134.352294921875,858200,0.0,0.0
2017-06-30 00:00:00-04:00,159.3699951171875,162.7100067138672,159.3699951171875,161.9600067138672,137.00851440429688,702600,0.0,0.0
2017-07-03 00:00:00-04:00,162.67999267578125,163.92999267578125,162.13999938964844,162.83999633789062,137.75291442871094,403400,0.0,0.0
2017-07-05 00:00:00-04:00,162.55999755859375,163.80999755859375,161.57000732421875,163.49000549316406,138.30284118652344,698900,0.0,0.0
2017-07-06 00:00:00-04:00,163.19000244140625,164.6300048828125,162.4199981689453,162.7899932861328,137.7106475830078,705200,0.0,0.0
2017-07-07 00:00:00-04:00,163.1199951171875,165.52000427246094,162.50999450683594,164.42999267578125,139.09796142578125,553100,0.0,0.0
2017-07-10 00:00:00-04:00,163.41000366210938,165.8000030517578,163.36000061035156,164.69000244140625,139.3179931640625,559200,0.0,0.0
2017-07-11 00:00:00-04:00,164.58999633789062,164.8300018310547,163.17999267578125,164.16000366210938,138.86961364746094,642600,0.0,0.0
2017-07-12 00:00:00-04:00,164.8699951171875,166.02999877929688,164.6300048828125,165.72999572753906,140.19769287109375,535400,0.0,0.0
2017-07-13 00:00:00-04:00,165.72999572753906,166.4499969482422,165.0399932861328,165.67999267578125,140.15545654296875,638900,0.0,0.0
2017-07-14 00:00:00-04:00,166.05999755859375,167.8000030517578,165.7899932861328,167.33999633789062,141.5596466064453,766000,0.0,0.0
2017-07-17 00:00:00-04:00,167.1999969482422,167.33999633789062,166.08999633789062,166.3000030517578,140.67994689941406,485000,0.0,0.0
2017-07-18 00:00:00-04:00,166.0,166.1699981689453,165.0,165.49000549316406,139.99468994140625,580900,0.0,0.0
2017-07-19 00:00:00-04:00,165.5,167.3699951171875,165.33999633789062,167.33999633789062,141.5596466064453,684100,0.0,0.0
2017-07-20 00:00:00-04:00,167.17999267578125,167.97000122070312,165.6300048828125,166.8300018310547,141.1282501220703,685300,0.0,0.0
2017-07-21 00:00:00-04:00,165.9600067138672,166.6300048828125,163.92999267578125,165.0800018310547,139.64779663085938,633600,0.0,0.0
2017-07-24 00:00:00-04:00,165.47000122070312,165.47000122070312,163.60000610351562,163.9600067138672,138.70037841796875,937100,0.0,0.0
2017-07-25 00:00:00-04:00,165.27000427246094,166.27999877929688,161.77000427246094,163.10000610351562,137.97293090820312,1452500,0.0,0.0
2017-07-26 00:00:00-04:00,158.49000549316406,164.89999389648438,158.0,162.77999877929688,137.7021942138672,1939200,0.0,0.0
2017-07-27 00:00:00-04:00,163.47000122070312,166.7100067138672,163.27999877929688,164.97000122070312,139.55479431152344,1018800,0.0,0.0
2017-07-28 00:00:00-04:00,164.97999572753906,165.0,163.27000427246094,164.47000122070312,139.1318359375,653400,0.0,0.0
2017-07-31 00:00:00-04:00,165.0,166.6300048828125,164.75999450683594,165.02999877929688,139.60552978515625,636700,0.0,0.0
2017-08-01 00:00:00-04:00,165.19000244140625,165.5399932861328,162.5500030517578,163.57000732421875,138.37049865722656,824100,0.0,0.0
2017-08-02 00:00:00-04:00,163.14999389648438,166.16000366210938,163.14999389648438,165.22000122070312,139.7662811279297,786000,0.0,0.0
2017-08-03 00:00:00-04:00,165.1300048828125,166.10000610351562,164.82000732421875,165.52999877929688,140.02850341796875,519400,0.0,0.0
2017-08-04 00:00:00-04:00,165.6300048828125,166.0500030517578,164.75,164.89999389648438,139.49560546875,536300,0.0,0.0
2017-08-07 00:00:00-04:00,164.9600067138672,166.52999877929688,164.8300018310547,165.82000732421875,140.2738800048828,708200,0.0,0.0
2017-08-08 00:00:00-04:00,165.63999938964844,166.2100067138672,164.99000549316406,165.60000610351562,140.0877227783203,434200,0.0,0.0
2017-08-09 00:00:00-04:00,165.5,166.0800018310547,164.89999389648438,165.63999938964844,140.12156677246094,435500,0.0,0.0
2017-08-10 00:00:00-04:00,164.3000030517578,164.50999450683594,162.10000610351562,162.2100067138672,137.85252380371094,662100,0.76,0.0
2017-08-11 00:00:00-04:00,162.75,162.75,161.50999450683594,161.66000366210938,137.38514709472656,680000,0.0,0.0
2017-08-14 00:00:00-04:00,162.7899932861328,164.50999450683594,162.47999572753906,163.9600067138672,139.3397216796875,388300,0.0,0.0
2017-08-15 00:00:00-04:00,164.02000427246094,165.10000610351562,164.02000427246094,164.1199951171875,139.47572326660156,407200,0.0,0.0
2017-08-16 00:00:00-04:00,164.5800018310547,165.32000732421875,163.86000061035156,164.02999877929688,139.39915466308594,552200,0.0,0.0
2017-08-17 00:00:00-04:00,163.2100067138672,164.52999877929688,161.22000122070312,161.25999450683594,137.04518127441406,536800,0.0,0.0
2017-08-18 00:00:00-04:00,160.8800048828125,163.25999450683594,160.2899932861328,161.3800048828125,137.14712524414062,567800,0.0,0.0
2017-08-21 00:00:00-04:00,161.36000061035156,161.4499969482422,159.5800018310547,160.4600067138672,136.3652801513672,605000,0.0,0.0
2017-08-22 00:00:00-04:00,161.25,163.3300018310547,160.83999633789062,163.1699981689453,138.66836547851562,402400,0.0,0.0
2017-08-23 00:00:00-04:00,161.86000061035156,162.07000732421875,159.97999572753906,160.00999450683594,135.9828338623047,551900,0.0,0.0
2017-08-24 00:00:00-04:00,160.24000549316406,160.57000732421875,159.32000732421875,160.1300048828125,136.08489990234375,600300,0.0,0.0
2017-08-25 00:00:00-04:00,160.9499969482422,161.52000427246094,159.50999450683594,159.61000061035156,135.6429443359375,597000,0.0,0.0
2017-08-28 00:00:00-04:00,160.4499969482422,160.5500030517578,158.88999938964844,159.57000732421875,135.60888671875,341200,0.0,0.0
2017-08-29 00:00:00-04:00,158.72000122070312,160.6199951171875,158.61000061035156,160.3800048828125,136.29733276367188,482500,0.0,0.0
2017-08-30 00:00:00-04:00,160.38999938964844,162.74000549316406,160.38999938964844,162.6199951171875,138.20094299316406,383000,0.0,0.0
2017-08-31 00:00:00-04:00,163.41000366210938,164.3000030517578,162.9499969482422,164.05999755859375,139.4247589111328,582900,0.0,0.0
2017-09-01 00:00:00-04:00,164.69000244140625,165.85000610351562,164.3000030517578,164.36000061035156,139.67965698242188,452500,0.0,0.0
2017-09-05 00:00:00-04:00,164.35000610351562,165.25,163.0500030517578,163.41000366210938,138.87228393554688,775300,0.0,0.0
2017-09-06 00:00:00-04:00,164.27000427246094,164.82000732421875,162.14999389648438,162.32000732421875,137.9459991455078,647700,0.0,0.0
2017-09-07 00:00:00-04:00,162.80999755859375,162.80999755859375,161.2100067138672,162.55999755859375,138.14996337890625,931000,0.0,0.0
2017-09-08 00:00:00-04:00,162.17999267578125,164.67999267578125,161.6999969482422,164.00999450683594,139.3822021484375,512100,0.0,0.0
2017-09-11 00:00:00-04:00,165.0,169.35000610351562,164.47000122070312,168.83999633789062,143.48696899414062,1094100,0.0,0.0
2017-09-12 00:00:00-04:00,169.75,170.41000366210938,168.6199951171875,169.1199951171875,143.7248992919922,621200,0.0,0.0
2017-09-13 00:00:00-04:00,168.99000549316406,170.4499969482422,168.2100067138672,169.88999938964844,144.37925720214844,440700,0.0,0.0
2017-09-14 00:00:00-04:00,169.25999450683594,172.25,168.44000244140625,172.14999389648438,146.2998809814453,746400,0.0,0.0
2017-09-15 00:00:00-04:00,171.6199951171875,174.17999267578125,171.6199951171875,173.72999572753906,147.64268493652344,1019600,0.0,0.0
2017-09-18 00:00:00-04:00,173.9499969482422,175.32000732421875,173.1300048828125,175.16000366210938,148.85794067382812,558200,0.0,0.0
2017-09-19 00:00:00-04:00,175.38999938964844,177.33999633789062,175.17999267578125,177.1300048828125,150.53211975097656,638200,0.0,0.0
2017-09-20 00:00:00-04:00,177.52000427246094,178.11000061035156,176.32000732421875,177.5800018310547,150.91455078125,686400,0.0,0.0
2017-09-21 00:00:00-04:00,177.7100067138672,177.97000122070312,177.0,177.3300018310547,150.7021026611328,435100,0.0,0.0
2017-09-22 00:00:00-04:00,177.3300018310547,177.72000122070312,176.64999389648438,177.5500030517578,150.88906860351562,492100,0.0,0.0
2017-09-25 00:00:00-04:00,177.49000549316406,177.9199981689453,176.50999450683594,177.6699981689453,150.99102783203125,367700,0.0,0.0
2017-09-26 00:00:00-04:00,177.75,178.82000732421875,176.77000427246094,176.97999572753906,150.4046173095703,611400,0.0,0.0
2017-09-27 00:00:00-04:00,177.8699951171875,178.47999572753906,176.44000244140625,177.3300018310547,150.7021026611328,532600,0.0,0.0
2017-09-28 00:00:00-04:00,177.05999755859375,177.58999633789062,175.5,177.27000427246094,150.65109252929688,467200,0.0,0.0
2017-09-29 00:00:00-04:00,177.1999969482422,179.5,176.86000061035156,178.2100067138672,151.44993591308594,621400,0.0,0.0
2017-10-02 00:00:00-04:00,178.8000030517578,180.75,178.0,180.6999969482422,153.56605529785156,724900,0.0,0.0
2017-10-03 00:00:00-04:00,180.6699981689453,180.97999572753906,179.8300018310547,180.8000030517578,153.6510772705078,587800,0.0,0.0
2017-10-04 00:00:00-04:00,180.9199981689453,182.69000244140625,180.7100067138672,182.35000610351562,154.96832275390625,556300,0.0,0.0
2017-10-05 00:00:00-04:00,182.1300048828125,182.97000122070312,180.55999755859375,182.50999450683594,155.1042938232422,454900,0.0,0.0
2017-10-06 00:00:00-04:00,182.36000061035156,183.47000122070312,182.05999755859375,182.30999755859375,154.934326171875,481500,0.0,0.0
2017-10-09 00:00:00-04:00,182.47000122070312,183.8800048828125,182.47000122070312,183.27000427246094,155.75013732910156,335400,0.0,0.0
2017-10-10 00:00:00-04:00,184.13999938964844,184.13999938964844,182.49000549316406,182.74000549316406,155.2997283935547,371300,0.0,0.0
2017-10-11 00:00:00-04:00,182.94000244140625,183.77000427246094,182.52999877929688,183.75,156.15806579589844,375500,0.0,0.0
2017-10-12 00:00:00-04:00,183.25999450683594,185.2899932861328,183.17999267578125,184.5,156.79544067382812,444700,0.0,0.0
2017-10-13 00:00:00-04:00,184.66000366210938,186.49000549316406,184.30999755859375,185.8800048828125,157.96820068359375,524200,0.0,0.0
2017-10-16 00:00:00-04:00,187.1199951171875,187.2899932861328,185.91000366210938,186.41000366210938,158.41867065429688,390500,0.0,0.0
2017-10-17 00:00:00-04:00,186.39999389648438,187.27999877929688,185.97000122070312,186.27000427246094,158.29969787597656,432500,0.0,0.0
2017-10-18 00:00:00-04:00,185.89999389648438,186.55999755859375,184.55999755859375,184.97000122070312,157.1948699951172,730500,0.0,0.0
2017-10-19 00:00:00-04:00,184.60000610351562,186.69000244140625,184.17999267578125,186.44000244140625,158.44412231445312,525400,0.0,0.0
2017-10-20 00:00:00-04:00,186.89999389648438,188.60000610351562,186.80999755859375,188.5,160.19483947753906,677900,0.0,0.0
2017-10-23 00:00:00-04:00,188.6999969482422,188.9499969482422,187.16000366210938,187.6699981689453,159.4894561767578,392500,0.0,0.0
2017-10-24 00:00:00-04:00,188.89999389648438,189.91000366210938,187.9499969482422,188.67999267578125,160.34776306152344,612000,0.0,0.0
2017-10-25 00:00:00-04:00,188.25,188.99000549316406,186.27000427246094,187.07000732421875,158.97950744628906,642500,0.0,0.0
2017-10-26 00:00:00-04:00,188.1199951171875,188.5800018310547,187.14999389648438,188.02999877929688,159.79537963867188,511200,0.0,0.0
2017-10-27 00:00:00-04:00,187.91000366210938,188.9199981689453,186.88999938964844,188.77999877929688,160.4328155517578,411800,0.0,0.0
2017-10-30 00:00:00-04:00,188.33999633789062,188.64999389648438,186.07000732421875,187.0,158.9200439453125,502300,0.0,0.0
2017-10-31 00:00:00-04:00,210.66000366210938,210.72000122070312,195.3300018310547,200.82000732421875,170.66482543945312,3465200,0.0,0.0
2017-11-01 00:00:00-04:00,202.2899932861328,202.83999633789062,194.97999572753906,195.16000366210938,165.85475158691406,1632100,0.0,0.0
2017-11-02 00:00:00-04:00,195.8699951171875,200.05999755859375,195.5399932861328,199.22000122070312,169.30508422851562,759800,0.0,0.0
2017-11-03 00:00:00-04:00,199.50999450683594,199.61000061035156,197.64999389648438,198.3800048828125,168.59124755859375,744000,0.0,0.0
2017-11-06 00:00:00-05:00,197.66000366210938,198.3800048828125,196.44000244140625,196.8300018310547,167.27395629882812,1229800,0.0,0.0
2017-11-07 00:00:00-05:00,197.0500030517578,201.07000732421875,196.49000549316406,200.8300018310547,170.67333984375,1029900,0.0,0.0
2017-11-08 00:00:00-05:00,192.6999969482422,199.38999938964844,192.0,193.77999877929688,164.68194580078125,1459800,0.0,0.0
2017-11-09 00:00:00-05:00,192.67999267578125,193.1300048828125,189.35000610351562,189.80999755859375,161.30809020996094,952100,0.0,0.0
2017-11-10 00:00:00-05:00,189.75,193.0,188.30999755859375,192.61000061035156,164.41094970703125,541900,0.835,0.0
2017-11-13 00:00:00-05:00,191.72000122070312,193.1300048828125,190.1300048828125,192.5399932861328,164.3511505126953,632200,0.0,0.0
2017-11-14 00:00:00-05:00,191.82000732421875,192.42999267578125,190.72000122070312,191.5800018310547,163.53173828125,575200,0.0,0.0
2017-11-15 00:00:00-05:00,190.4600067138672,190.4600067138672,187.64999389648438,188.72999572753906,161.0989227294922,741400,0.0,0.0
2017-11-16 00:00:00-05:00,200.11000061035156,201.97999572753906,193.08999633789062,193.61000061035156,165.26454162597656,2377900,0.0,0.0
2017-11-17 00:00:00-05:00,193.02999877929688,196.99000549316406,193.02999877929688,194.36000061035156,165.90472412109375,1265000,0.0,0.0
2017-11-20 00:00:00-05:00,194.0,195.8000030517578,193.05999755859375,194.22999572753906,165.79373168945312,762400,0.0,0.0
2017-11-21 00:00:00-05:00,194.75,195.0,191.9199981689453,193.02000427246094,164.76084899902344,1001400,0.0,0.0
2017-11-22 00:00:00-05:00,190.42999267578125,192.44000244140625,188.8800048828125,191.02000427246094,163.0536651611328,1102000,0.0,0.0
2017-11-24 00:00:00-05:00,191.8000030517578,191.91000366210938,190.08999633789062,191.47999572753906,163.44635009765625,280000,0.0,0.0
2017-11-27 00:00:00-05:00,192.00999450683594,192.6199951171875,190.63999938964844,191.0399932861328,163.07073974609375,680200,0.0,0.0
2017-11-28 00:00:00-05:00,189.0,198.02000427246094,188.6699981689453,197.1300048828125,168.2691650390625,1895900,0.0,0.0
2017-11-29 00:00:00-05:00,197.0,197.16000366210938,188.8300018310547,190.1300048828125,162.29400634765625,1201900,0.0,0.0
2017-11-30 00:00:00-05:00,191.14999389648438,194.32000732421875,190.72000122070312,193.0800018310547,164.81211853027344,1250600,0.0,0.0
2017-12-01 00:00:00-05:00,192.94000244140625,195.3699951171875,188.60000610351562,190.4600067138672,162.5756378173828,862900,0.0,0.0
2017-12-04 00:00:00-05:00,192.7899932861328,195.8000030517578,190.25999450683594,190.77999877929688,162.84881591796875,1326700,0.0,0.0
2017-12-05 00:00:00-05:00,190.85000610351562,192.55999755859375,187.52999877929688,187.67999267578125,160.20266723632812,1155900,0.0,0.0
2017-12-06 00:00:00-05:00,187.83999633789062,191.7100067138672,187.1999969482422,190.58999633789062,162.68661499023438,1156700,0.0,0.0
2017-12-07 00:00:00-05:00,192.8699951171875,193.74000549316406,189.82000732421875,192.25999450683594,164.1121826171875,720900,0.0,0.0
2017-12-08 00:00:00-05:00,193.69000244140625,194.35000610351562,191.9499969482422,192.86000061035156,164.6243438720703,596100,0.0,0.0
2017-12-11 00:00:00-05:00,192.5,194.38999938964844,190.36000061035156,191.47000122070312,163.43785095214844,485900,0.0,0.0
2017-12-12 00:00:00-05:00,191.60000610351562,192.8000030517578,190.7100067138672,190.75,162.82321166992188,470800,0.0,0.0
2017-12-13 00:00:00-05:00,191.25999450683594,193.16000366210938,190.97999572753906,191.4600067138672,163.42922973632812,660800,0.0,0.0
2017-12-14 00:00:00-05:00,192.19000244140625,193.80999755859375,189.35000610351562,189.4499969482422,161.71356201171875,629600,0.0,0.0
2017-12-15 00:00:00-05:00,191.05999755859375,192.13999938964844,190.5500030517578,190.92999267578125,162.97679138183594,1121300,0.0,0.0
2017-12-18 00:00:00-05:00,193.32000732421875,194.47999572753906,192.4600067138672,192.8300018310547,164.5987091064453,631400,0.0,0.0
2017-12-19 00:00:00-05:00,193.08999633789062,194.41000366210938,191.8300018310547,193.83999633789062,165.46083068847656,768500,0.0,0.0
2017-12-20 00:00:00-05:00,195.38999938964844,195.58999633789062,192.7899932861328,193.07000732421875,164.80352783203125,548500,0.0,0.0
2017-12-21 00:00:00-05:00,194.1199951171875,194.88999938964844,192.52999877929688,194.13999938964844,165.7168731689453,450500,0.0,0.0
2017-12-22 00:00:00-05:00,193.6699981689453,194.67999267578125,192.97999572753906,194.57000732421875,166.08396911621094,422500,0.0,0.0
2017-12-26 00:00:00-05:00,194.57000732421875,195.60000610351562,194.25999450683594,194.52999877929688,166.04981994628906,287900,0.0,0.0
2017-12-27 00:00:00-05:00,195.0,196.6300048828125,194.63999938964844,195.99000549316406,167.29605102539062,389300,0.0,0.0
2017-12-28 00:00:00-05:00,196.74000549316406,197.7100067138672,195.69000244140625,197.52999877929688,168.610595703125,531700,0.0,0.0
2017-12-29 00:00:00-05:00,198.10000610351562,198.55999755859375,196.32000732421875,196.35000610351562,167.6033477783203,486900,0.0,0.0
2018-01-02 00:00:00-05:00,197.80999755859375,198.5,195.22000122070312,197.66000366210938,168.72149658203125,613400,0.0,0.0
2018-01-03 00:00:00-05:00,197.0399932861328,200.72000122070312,197.0399932861328,200.5500030517578,171.18846130371094,841400,0.0,0.0
2018-01-04 00:00:00-05:00,201.6300048828125,203.08999633789062,199.22999572753906,199.66000366210938,170.42872619628906,734300,0.0,0.0
2018-01-05 00:00:00-05:00,200.50999450683594,200.50999450683594,198.75999450683594,199.97000122070312,170.6934051513672,627400,0.0,0.0
2018-01-08 00:00:00-05:00,199.97000122070312,202.38999938964844,199.0399932861328,202.00999450683594,172.4346923828125,765700,0.0,0.0
2018-01-09 00:00:00-05:00,202.69000244140625,203.82000732421875,201.5399932861328,202.75,173.06637573242188,489400,0.0,0.0
2018-01-10 00:00:00-05:00,202.74000549316406,203.49000549316406,201.0,202.1300048828125,172.537109375,543400,0.0,0.0
2018-01-11 00:00:00-05:00,202.80999755859375,206.13999938964844,202.77000427246094,206.13999938964844,175.96005249023438,503500,0.0,0.0
2018-01-12 00:00:00-05:00,206.17999267578125,208.27999877929688,205.7100067138672,207.9199981689453,177.47946166992188,603200,0.0,0.0
2018-01-16 00:00:00-05:00,208.10000610351562,209.3800048828125,203.1199951171875,205.02000427246094,175.00401306152344,779500,0.0,0.0
2018-01-17 00:00:00-05:00,206.38999938964844,207.8699951171875,205.32000732421875,206.55999755859375,176.31851196289062,742400,0.0,0.0
2018-01-18 00:00:00-05:00,207.11000061035156,207.74000549316406,204.25999450683594,205.0500030517578,175.0296173095703,715300,0.0,0.0
2018-01-19 00:00:00-05:00,205.19000244140625,207.1300048828125,203.36000061035156,203.50999450683594,173.715087890625,1015300,0.0,0.0
2018-01-22 00:00:00-05:00,204.0,204.39999389648438,202.25,203.92999267578125,174.07357788085938,897100,0.0,0.0
2018-01-23 00:00:00-05:00,204.0,207.50999450683594,203.17999267578125,204.69000244140625,174.7223358154297,1040000,0.0,0.0
2018-01-24 00:00:00-05:00,206.86000061035156,206.86000061035156,198.77000427246094,200.47000122070312,171.12020874023438,1456500,0.0,0.0
2018-01-25 00:00:00-05:00,201.10000610351562,202.32000732421875,198.00999450683594,199.7100067138672,170.47140502929688,1064800,0.0,0.0
2018-01-26 00:00:00-05:00,199.74000549316406,203.24000549316406,199.6199951171875,203.00999450683594,173.2882843017578,873000,0.0,0.0
2018-01-29 00:00:00-05:00,202.05999755859375,203.9600067138672,199.25999450683594,199.77999877929688,170.53118896484375,665200,0.0,0.0
2018-01-30 00:00:00-05:00,198.66000366210938,200.92999267578125,197.61000061035156,199.77999877929688,170.53118896484375,621600,0.0,0.0
2018-01-31 00:00:00-05:00,200.9199981689453,201.00999450683594,196.3800048828125,197.2899932861328,168.4056854248047,876000,0.0,0.0
2018-02-01 00:00:00-05:00,197.11000061035156,201.80999755859375,196.47000122070312,199.19000244140625,170.0275421142578,1034900,0.0,0.0
2018-02-02 00:00:00-05:00,197.57000732421875,197.57000732421875,193.00999450683594,194.02000427246094,165.61447143554688,1153800,0.0,0.0
2018-02-05 00:00:00-05:00,192.61000061035156,194.47999572753906,184.55999755859375,184.55999755859375,157.53945922851562,1345400,0.0,0.0
2018-02-06 00:00:00-05:00,178.27999877929688,189.99000549316406,176.6999969482422,188.57000732421875,160.96238708496094,1767000,0.0,0.0
2018-02-07 00:00:00-05:00,187.99000549316406,191.6300048828125,187.24000549316406,188.77999877929688,161.1416473388672,984100,0.0,0.0
2018-02-08 00:00:00-05:00,188.39999389648438,188.82000732421875,178.55999755859375,178.72999572753906,152.56301879882812,1264300,0.0,0.0
2018-02-09 00:00:00-05:00,181.17999267578125,184.8699951171875,177.85000610351562,183.0399932861328,156.24195861816406,1418800,0.0,0.0
2018-02-12 00:00:00-05:00,186.10000610351562,188.0800018310547,183.64999389648438,186.3000030517578,159.02474975585938,800500,0.0,0.0
2018-02-13 00:00:00-05:00,183.97999572753906,185.4199981689453,182.02999877929688,184.44000244140625,157.4370574951172,1131700,0.0,0.0
2018-02-14 00:00:00-05:00,183.44000244140625,187.97000122070312,183.44000244140625,187.08999633789062,159.6990509033203,823500,0.0,0.0
2018-02-15 00:00:00-05:00,188.69000244140625,188.88999938964844,185.3699951171875,187.5800018310547,160.11729431152344,988200,0.0,0.0
2018-02-16 00:00:00-05:00,186.25,188.60000610351562,185.4499969482422,185.55999755859375,159.10130310058594,845900,0.835,0.0
2018-02-20 00:00:00-05:00,184.2899932861328,186.11000061035156,183.0500030517578,184.6699981689453,158.3381805419922,692900,0.0,0.0
2018-02-21 00:00:00-05:00,184.5800018310547,187.6699981689453,183.80999755859375,183.9499969482422,157.7208709716797,603500,0.0,0.0
2018-02-22 00:00:00-05:00,184.7100067138672,187.57000732421875,183.66000366210938,185.2899932861328,158.86976623535156,658400,0.0,0.0
2018-02-23 00:00:00-05:00,186.6999969482422,186.6999969482422,183.2899932861328,185.47000122070312,159.02413940429688,602100,0.0,0.0
2018-02-26 00:00:00-05:00,186.38999938964844,188.6999969482422,185.27999877929688,188.3699951171875,161.5106201171875,928600,0.0,0.0
2018-02-27 00:00:00-05:00,188.32000732421875,188.77000427246094,184.52000427246094,184.60000610351562,158.27818298339844,724400,0.0,0.0
2018-02-28 00:00:00-05:00,185.82000732421875,185.82000732421875,180.74000549316406,180.8000030517578,155.02001953125,988600,0.0,0.0
2018-03-01 00:00:00-05:00,180.5500030517578,181.4600067138672,175.3300018310547,176.1699981689453,151.05015563964844,1275100,0.0,0.0
2018-03-02 00:00:00-05:00,175.25999450683594,179.2100067138672,172.72000122070312,178.6199951171875,153.15086364746094,1218000,0.0,0.0
2018-03-05 00:00:00-05:00,177.2899932861328,181.44000244140625,176.7899932861328,181.11000061035156,155.28582763671875,842200,0.0,0.0
2018-03-06 00:00:00-05:00,182.4600067138672,183.4499969482422,180.11000061035156,181.5,155.62022399902344,753100,0.0,0.0
2018-03-07 00:00:00-05:00,179.33999633789062,183.1199951171875,178.3699951171875,182.10000610351562,156.1346435546875,775500,0.0,0.0
2018-03-08 00:00:00-05:00,182.75999450683594,184.25,181.11000061035156,183.85000610351562,157.63511657714844,805300,0.0,0.0
2018-03-09 00:00:00-05:00,185.2100067138672,189.19000244140625,184.69000244140625,189.1300048828125,162.1622314453125,691600,0.0,0.0
2018-03-12 00:00:00-04:00,189.0,189.3000030517578,186.5800018310547,187.89999389648438,161.1075897216797,700900,0.0,0.0
2018-03-13 00:00:00-04:00,188.58999633789062,189.0500030517578,184.83999633789062,185.4199981689453,158.9812774658203,753500,0.0,0.0
2018-03-14 00:00:00-04:00,186.77000427246094,187.0500030517578,183.05999755859375,183.41000366210938,157.2578582763672,674000,0.0,0.0
2018-03-15 00:00:00-04:00,183.77999877929688,184.11000061035156,181.0,181.75999450683594,155.84315490722656,812000,0.0,0.0
2018-03-16 00:00:00-04:00,181.74000549316406,184.5800018310547,181.02999877929688,183.97999572753906,157.74656677246094,1487000,0.0,0.0
2018-03-19 00:00:00-04:00,183.4600067138672,183.82000732421875,180.60000610351562,182.00999450683594,156.05746459960938,525000,0.0,0.0
2018-03-20 00:00:00-04:00,182.9600067138672,184.58999633789062,182.08999633789062,182.25999450683594,156.27183532714844,470600,0.0,0.0
2018-03-21 00:00:00-04:00,182.3800048828125,183.85000610351562,181.16000366210938,181.3800048828125,155.51731872558594,525600,0.0,0.0
2018-03-22 00:00:00-04:00,179.05999755859375,181.25999450683594,175.7899932861328,175.9600067138672,150.87014770507812,815700,0.0,0.0
2018-03-23 00:00:00-04:00,176.39999389648438,176.9199981689453,170.6300048828125,171.00999450683594,146.62596130371094,1084800,0.0,0.0
2018-03-26 00:00:00-04:00,173.75999450683594,178.13999938964844,172.74000549316406,177.0500030517578,151.8047332763672,1166300,0.0,0.0
2018-03-27 00:00:00-04:00,177.25,177.30999755859375,172.44000244140625,173.2100067138672,148.5122528076172,1048000,0.0,0.0
2018-03-28 00:00:00-04:00,176.22000122070312,176.39999389648438,173.8000030517578,174.6999969482422,149.789794921875,1078100,0.0,0.0
2018-03-29 00:00:00-04:00,175.13999938964844,177.63999938964844,174.1999969482422,174.1999969482422,149.3610382080078,1205200,0.0,0.0
2018-04-02 00:00:00-04:00,174.3800048828125,174.3800048828125,167.0399932861328,168.97000122070312,144.87681579589844,1310200,0.0,0.0
2018-04-03 00:00:00-04:00,168.99000549316406,172.86000061035156,168.97999572753906,172.77000427246094,148.13494873046875,1215500,0.0,0.0
2018-04-04 00:00:00-04:00,169.1999969482422,173.85000610351562,168.77999877929688,173.33999633789062,148.62371826171875,1501900,0.0,0.0
2018-04-05 00:00:00-04:00,174.57000732421875,175.72999572753906,173.32000732421875,174.92999267578125,149.9870147705078,848700,0.0,0.0
2018-04-06 00:00:00-04:00,173.25,174.25999450683594,166.85000610351562,168.9600067138672,144.86830139160156,1205300,0.0,0.0
2018-04-09 00:00:00-04:00,170.3000030517578,172.99000549316406,168.9600067138672,169.2899932861328,145.15121459960938,921800,0.0,0.0
2018-04-10 00:00:00-04:00,173.6999969482422,174.5399932861328,171.6699981689453,172.0399932861328,147.50909423828125,1130600,0.0,0.0
2018-04-11 00:00:00-04:00,170.08999633789062,172.8800048828125,169.89999389648438,171.86000061035156,147.3548126220703,715300,0.0,0.0
2018-04-12 00:00:00-04:00,173.4600067138672,175.3800048828125,173.02000427246094,173.97000122070312,149.1638946533203,803400,0.0,0.0
2018-04-13 00:00:00-04:00,175.3699951171875,175.97999572753906,171.9499969482422,172.8800048828125,148.22930908203125,684100,0.0,0.0
2018-04-16 00:00:00-04:00,174.1699981689453,175.47000122070312,173.4199981689453,173.5800018310547,148.82949829101562,667200,0.0,0.0
2018-04-17 00:00:00-04:00,174.75,175.75999450683594,173.97000122070312,174.5399932861328,149.652587890625,1033500,0.0,0.0
2018-04-18 00:00:00-04:00,175.8800048828125,178.72999572753906,174.94000244140625,177.1199951171875,151.86471557617188,741100,0.0,0.0
2018-04-19 00:00:00-04:00,177.49000549316406,178.8800048828125,173.1699981689453,174.5,149.61831665039062,870000,0.0,0.0
2018-04-20 00:00:00-04:00,175.05999755859375,175.6699981689453,171.3300018310547,172.8300018310547,148.1864471435547,1044300,0.0,0.0
2018-04-23 00:00:00-04:00,172.97999572753906,173.27000427246094,168.89999389648438,169.2100067138672,145.08261108398438,1137400,0.0,0.0
2018-04-24 00:00:00-04:00,169.8300018310547,172.55999755859375,159.42999267578125,162.00999450683594,138.90924072265625,2518000,0.0,0.0
2018-04-25 00:00:00-04:00,158.5800018310547,169.63999938964844,155.80999755859375,167.3000030517578,143.44497680664062,2506000,0.0,0.0
2018-04-26 00:00:00-04:00,167.1199951171875,167.89999389648438,160.8800048828125,165.2899932861328,141.72158813476562,1756400,0.0,0.0
2018-04-27 00:00:00-04:00,165.64999389648438,166.75,164.14999389648438,166.2899932861328,142.57894897460938,1139000,0.0,0.0
2018-04-30 00:00:00-04:00,166.94000244140625,167.94000244140625,164.47000122070312,164.52999877929688,141.06991577148438,1211100,0.0,0.0
2018-05-01 00:00:00-04:00,164.13999938964844,167.41000366210938,163.13999938964844,167.24000549316406,143.39356994628906,1218700,0.0,0.0
2018-05-02 00:00:00-04:00,168.0399932861328,169.9199981689453,166.88999938964844,167.38999938964844,143.52207946777344,1824100,0.0,0.0
2018-05-03 00:00:00-04:00,167.1199951171875,171.24000549316406,165.83999633789062,169.9499969482422,145.71710205078125,1910500,0.0,0.0
2018-05-04 00:00:00-04:00,168.99000549316406,174.4199981689453,168.24000549316406,173.49000549316406,148.75233459472656,1220400,0.0,0.0
2018-05-07 00:00:00-04:00,174.6999969482422,174.99000549316406,172.64999389648438,174.0500030517578,149.23248291015625,962100,0.0,0.0
2018-05-08 00:00:00-04:00,173.33999633789062,175.58999633789062,173.32000732421875,175.08999633789062,150.12417602539062,950200,0.0,0.0
2018-05-09 00:00:00-04:00,176.25,178.0500030517578,175.30999755859375,177.1999969482422,151.93331909179688,730000,0.0,0.0
2018-05-10 00:00:00-04:00,177.2100067138672,178.25999450683594,176.60000610351562,178.02000427246094,152.6363983154297,711800,0.0,0.0
2018-05-11 00:00:00-04:00,177.50999450683594,178.6199951171875,176.32000732421875,177.91000366210938,153.33450317382812,1046000,0.92,0.0
2018-05-14 00:00:00-04:00,178.5800018310547,179.55999755859375,177.52000427246094,178.86000061035156,154.15333557128906,644800,0.0,0.0
2018-05-15 00:00:00-04:00,177.47000122070312,178.3699951171875,176.3800048828125,178.17999267578125,153.56719970703125,718800,0.0,0.0
2018-05-16 00:00:00-04:00,178.5399932861328,180.69000244140625,178.13999938964844,180.0399932861328,155.17030334472656,891300,0.0,0.0
2018-05-17 00:00:00-04:00,180.0,181.8800048828125,178.94000244140625,179.75,154.92039489746094,1136500,0.0,0.0
2018-05-18 00:00:00-04:00,180.4199981689453,182.63999938964844,180.1199951171875,182.33999633789062,157.152587890625,821800,0.0,0.0
2018-05-21 00:00:00-04:00,183.94000244140625,185.2899932861328,183.27999877929688,183.6699981689453,158.2988739013672,758100,0.0,0.0
2018-05-22 00:00:00-04:00,183.97000122070312,184.99000549316406,180.8300018310547,181.1199951171875,156.10110473632812,922900,0.0,0.0
2018-05-23 00:00:00-04:00,179.4499969482422,181.02000427246094,178.8300018310547,180.8000030517578,155.82534790039062,866300,0.0,0.0
2018-05-24 00:00:00-04:00,180.1999969482422,181.24000549316406,176.97999572753906,178.89999389648438,154.18772888183594,937000,0.0,0.0
2018-05-25 00:00:00-04:00,177.99000549316406,178.9199981689453,177.02999877929688,178.0,153.41209411621094,779500,0.0,0.0
2018-05-29 00:00:00-04:00,176.57000732421875,178.8300018310547,174.85000610351562,176.4199981689453,152.05032348632812,953700,0.0,0.0
2018-05-30 00:00:00-04:00,177.27000427246094,178.89999389648438,176.66000366210938,177.97999572753906,153.39488220214844,625600,0.0,0.0
2018-05-31 00:00:00-04:00,178.08999633789062,178.64999389648438,174.66000366210938,175.41000366210938,151.17984008789062,962700,0.0,0.0
2018-06-01 00:00:00-04:00,177.0800018310547,179.02000427246094,176.16000366210938,178.60000610351562,153.92919921875,732800,0.0,0.0
2018-06-04 00:00:00-04:00,178.7100067138672,180.42999267578125,177.02000427246094,178.0800018310547,153.4810333251953,1383600,0.0,0.0
2018-06-05 00:00:00-04:00,178.3000030517578,179.32000732421875,177.8800048828125,178.35000610351562,153.71376037597656,1297300,0.0,0.0
2018-06-06 00:00:00-04:00,178.7100067138672,178.74000549316406,176.8000030517578,178.0,153.41209411621094,1432700,0.0,0.0
2018-06-07 00:00:00-04:00,178.32000732421875,179.2100067138672,177.3800048828125,178.64999389648438,153.97227478027344,2217900,0.0,0.0
2018-06-08 00:00:00-04:00,178.6199951171875,178.8000030517578,176.25999450683594,178.00999450683594,153.42066955566406,845200,0.0,0.0
2018-06-11 00:00:00-04:00,178.1300048828125,180.47000122070312,177.86000061035156,178.4499969482422,153.79989624023438,1002800,0.0,0.0
2018-06-12 00:00:00-04:00,178.9499969482422,180.27000427246094,178.38999938964844,180.2100067138672,155.31683349609375,869000,0.0,0.0
2018-06-13 00:00:00-04:00,180.3699951171875,180.63999938964844,178.3699951171875,178.8300018310547,154.12745666503906,723300,0.0,0.0
2018-06-14 00:00:00-04:00,179.92999267578125,181.47000122070312,178.75,178.94000244140625,154.22219848632812,744200,0.0,0.0
2018-06-15 00:00:00-04:00,178.4499969482422,178.47999572753906,175.5,177.66000366210938,153.1190643310547,1538900,0.0,0.0
2018-06-18 00:00:00-04:00,175.91000366210938,176.42999267578125,174.8699951171875,175.47000122070312,151.23159790039062,943400,0.0,0.0
2018-06-19 00:00:00-04:00,173.05999755859375,174.1300048828125,169.67999267578125,170.25999450683594,146.74124145507812,1425300,0.0,0.0
2018-06-20 00:00:00-04:00,171.1699981689453,171.72999572753906,170.17999267578125,170.82000732421875,147.2239227294922,932100,0.0,0.0
2018-06-21 00:00:00-04:00,170.8300018310547,170.8300018310547,167.52999877929688,168.13999938964844,144.9140625,1034300,0.0,0.0
2018-06-22 00:00:00-04:00,169.42999267578125,169.66000366210938,167.19000244140625,167.97999572753906,144.7762451171875,902500,0.0,0.0
2018-06-25 00:00:00-04:00,167.57000732421875,167.89999389648438,164.47999572753906,165.52000427246094,142.65602111816406,1415100,0.0,0.0
2018-06-26 00:00:00-04:00,165.7899932861328,167.47000122070312,164.57000732421875,164.74000549316406,141.9837646484375,1208900,0.0,0.0
2018-06-27 00:00:00-04:00,165.8699951171875,169.05999755859375,165.1999969482422,165.22000122070312,142.39743041992188,1258800,0.0,0.0
2018-06-28 00:00:00-04:00,164.38999938964844,165.6699981689453,162.11000061035156,164.63999938964844,141.89756774902344,1333500,0.0,0.0
2018-06-29 00:00:00-04:00,165.74000549316406,168.08999633789062,165.36000061035156,166.22999572753906,143.26792907714844,1262900,0.0,0.0
2018-07-02 00:00:00-04:00,164.24000549316406,167.8800048828125,164.0,167.69000244140625,144.5262451171875,1145100,0.0,0.0
2018-07-03 00:00:00-04:00,169.47000122070312,170.61000061035156,166.52000427246094,167.1199951171875,144.0349578857422,2444400,0.0,0.0
2018-07-05 00:00:00-04:00,169.0500030517578,169.72999572753906,167.2100067138672,169.6199951171875,146.18963623046875,1558600,0.0,0.0
2018-07-06 00:00:00-04:00,169.22000122070312,170.1699981689453,168.60000610351562,169.24000549316406,145.86215209960938,1236300,0.0,0.0
2018-07-09 00:00:00-04:00,169.97000122070312,171.52000427246094,169.77999877929688,170.89999389648438,147.29286193847656,1646900,0.0,0.0
2018-07-10 00:00:00-04:00,171.55999755859375,171.92999267578125,170.72000122070312,171.39999389648438,147.72377014160156,1428500,0.0,0.0
2018-07-11 00:00:00-04:00,169.44000244140625,170.17999267578125,167.22000122070312,167.25,144.14706420898438,868600,0.0,0.0
2018-07-12 00:00:00-04:00,168.7899932861328,169.22999572753906,166.89999389648438,168.8300018310547,145.50875854492188,990400,0.0,0.0
2018-07-13 00:00:00-04:00,169.11000061035156,171.5399932861328,169.11000061035156,171.07000732421875,147.43936157226562,680100,0.0,0.0
2018-07-16 00:00:00-04:00,168.75999450683594,169.5399932861328,166.69000244140625,167.6300048828125,144.4745330810547,1192000,0.0,0.0
2018-07-17 00:00:00-04:00,166.9199981689453,169.4600067138672,166.9199981689453,169.3000030517578,145.91383361816406,1031700,0.0,0.0
2018-07-18 00:00:00-04:00,169.52000427246094,171.1699981689453,169.3000030517578,170.41000366210938,146.8704833984375,657200,0.0,0.0
2018-07-19 00:00:00-04:00,169.5399932861328,172.63999938964844,169.5399932861328,172.07000732421875,148.30120849609375,868400,0.0,0.0
2018-07-20 00:00:00-04:00,170.69000244140625,172.11000061035156,169.8300018310547,171.3000030517578,147.63755798339844,1034000,0.0,0.0
2018-07-23 00:00:00-04:00,170.6999969482422,171.1999969482422,167.39999389648438,167.92999267578125,144.73309326171875,1427100,0.0,0.0
2018-07-24 00:00:00-04:00,169.25999450683594,171.39999389648438,168.2100067138672,170.47000122070312,146.92225646972656,1890800,0.0,0.0
2018-07-25 00:00:00-04:00,175.5,183.6999969482422,174.67999267578125,183.4600067138672,158.11785888671875,3142900,0.0,0.0
2018-07-26 00:00:00-04:00,183.97999572753906,186.2899932861328,183.72999572753906,184.07000732421875,158.6436309814453,1527000,0.0,0.0
2018-07-27 00:00:00-04:00,184.3000030517578,185.72999572753906,182.36000061035156,184.05999755859375,158.63497924804688,1013800,0.0,0.0
2018-07-30 00:00:00-04:00,184.89999389648438,186.36000061035156,182.3699951171875,182.75,157.5059051513672,800900,0.0,0.0
2018-07-31 00:00:00-04:00,183.85000610351562,188.36000061035156,183.22999572753906,187.55999755859375,161.65151977539062,1383100,0.0,0.0
2018-08-01 00:00:00-04:00,187.0800018310547,187.08999633789062,183.33999633789062,184.38999938964844,158.91937255859375,1093300,0.0,0.0
2018-08-02 00:00:00-04:00,182.6300048828125,183.16000366210938,178.30999755859375,180.3300018310547,155.4202117919922,2549400,0.0,0.0
2018-08-03 00:00:00-04:00,181.39999389648438,181.52000427246094,178.0,179.47999572753906,154.68765258789062,1692100,0.0,0.0
2018-08-06 00:00:00-04:00,179.07000732421875,180.5,178.4600067138672,178.89999389648438,154.18772888183594,1118700,0.0,0.0
2018-08-07 00:00:00-04:00,180.0500030517578,182.02999877929688,179.5800018310547,181.38999938964844,156.33377075195312,1386100,0.0,0.0
2018-08-08 00:00:00-04:00,181.25999450683594,181.60000610351562,177.0500030517578,177.1999969482422,152.7226104736328,696600,0.0,0.0
2018-08-09 00:00:00-04:00,177.2899932861328,178.41000366210938,175.17999267578125,175.91000366210938,151.61077880859375,806600,0.0,0.0
2018-08-10 00:00:00-04:00,174.47000122070312,174.92999267578125,172.52999877929688,173.25999450683594,150.11190795898438,959600,0.92,0.0
2018-08-13 00:00:00-04:00,173.10000610351562,173.38999938964844,171.16000366210938,171.91000366210938,148.94227600097656,910200,0.0,0.0
2018-08-14 00:00:00-04:00,172.0,173.60000610351562,171.19000244140625,172.3800048828125,149.34945678710938,807400,0.0,0.0
2018-08-15 00:00:00-04:00,171.63999938964844,172.32000732421875,170.27000427246094,171.69000244140625,148.75169372558594,793500,0.0,0.0
2018-08-16 00:00:00-04:00,172.38999938964844,174.39999389648438,172.10000610351562,173.32000732421875,150.16390991210938,885500,0.0,0.0
2018-08-17 00:00:00-04:00,173.44000244140625,174.38999938964844,172.52999877929688,173.6300048828125,150.4325408935547,887100,0.0,0.0
2018-08-20 00:00:00-04:00,173.89999389648438,175.17999267578125,173.5800018310547,173.77999877929688,150.56240844726562,628700,0.0,0.0
2018-08-21 00:00:00-04:00,173.92999267578125,174.67999267578125,172.72999572753906,173.7899932861328,150.5710906982422,809400,0.0,0.0
2018-08-22 00:00:00-04:00,172.5800018310547,173.58999633789062,170.9499969482422,171.33999633789062,148.44839477539062,887900,0.0,0.0
2018-08-23 00:00:00-04:00,171.14999389648438,173.33999633789062,170.32000732421875,172.8000030517578,149.71336364746094,1115300,0.0,0.0
2018-08-24 00:00:00-04:00,173.1999969482422,175.42999267578125,172.47000122070312,175.0399932861328,151.6541290283203,896600,0.0,0.0
2018-08-27 00:00:00-04:00,175.83999633789062,177.7899932861328,175.35000610351562,176.91000366210938,153.27430725097656,579700,0.0,0.0
2018-08-28 00:00:00-04:00,177.7100067138672,179.77000427246094,176.99000549316406,177.49000549316406,153.77676391601562,646800,0.0,0.0
2018-08-29 00:00:00-04:00,177.3000030517578,178.92999267578125,177.13999938964844,178.5500030517578,154.69517517089844,614600,0.0,0.0
2018-08-30 00:00:00-04:00,178.1300048828125,179.3699951171875,177.72999572753906,178.17999267578125,154.3745574951172,625400,0.0,0.0
2018-08-31 00:00:00-04:00,177.66000366210938,181.36000061035156,177.66000366210938,180.9600067138672,156.78317260742188,1227900,0.0,0.0
2018-09-04 00:00:00-04:00,180.3300018310547,182.0500030517578,179.99000549316406,181.75,157.4676513671875,1224300,0.0,0.0
2018-09-05 00:00:00-04:00,181.0,182.77999877929688,180.5,181.9600067138672,157.64955139160156,2063000,0.0,0.0
2018-09-06 00:00:00-04:00,182.27000427246094,183.0,181.2100067138672,182.08999633789062,157.76220703125,1114400,0.0,0.0
2018-09-07 00:00:00-04:00,181.86000061035156,184.19000244140625,181.6999969482422,183.5,158.98377990722656,1151000,0.0,0.0
2018-09-10 00:00:00-04:00,184.0399932861328,185.5399932861328,184.0399932861328,184.69000244140625,160.0148468017578,1291100,0.0,0.0
2018-09-11 00:00:00-04:00,184.0800018310547,185.3000030517578,183.50999450683594,184.49000549316406,159.84156799316406,1062400,0.0,0.0
2018-09-12 00:00:00-04:00,184.5500030517578,186.47000122070312,184.19000244140625,185.35000610351562,160.58660888671875,1194100,0.0,0.0
2018-09-13 00:00:00-04:00,186.47999572753906,188.47999572753906,186.44000244140625,188.3699951171875,163.20314025878906,1066400,0.0,0.0
2018-09-14 00:00:00-04:00,188.7899932861328,191.91000366210938,188.7899932861328,191.60000610351562,166.00161743164062,1314900,0.0,0.0
2018-09-17 00:00:00-04:00,191.6999969482422,191.94000244140625,190.92999267578125,191.4499969482422,165.87167358398438,1100400,0.0,0.0
2018-09-18 00:00:00-04:00,191.75,194.50999450683594,190.50999450683594,194.07000732421875,168.1416473388672,940600,0.0,0.0
2018-09-19 00:00:00-04:00,194.25,195.4600067138672,193.85000610351562,194.6300048828125,168.6268310546875,659100,0.0,0.0
2018-09-20 00:00:00-04:00,195.69000244140625,197.16000366210938,194.4499969482422,196.9499969482422,170.6368865966797,711100,0.0,0.0
2018-09-21 00:00:00-04:00,196.60000610351562,198.22999572753906,195.77999877929688,196.47000122070312,170.22096252441406,1174800,0.0,0.0
2018-09-24 00:00:00-04:00,195.8300018310547,195.8300018310547,192.1999969482422,193.17999267578125,167.37059020996094,1005800,0.0,0.0
2018-09-25 00:00:00-04:00,193.3800048828125,193.60000610351562,191.0800018310547,191.61000061035156,166.0102996826172,792100,0.0,0.0
2018-09-26 00:00:00-04:00,191.24000549316406,192.02000427246094,189.72999572753906,190.33999633789062,164.9099884033203,853700,0.0,0.0
2018-09-27 00:00:00-04:00,189.5,189.88999938964844,187.9600067138672,189.47000122070312,164.1562042236328,1012600,0.0,0.0
2018-09-28 00:00:00-04:00,189.4600067138672,190.1699981689453,186.88999938964844,187.52000427246094,162.46673583984375,827400,0.0,0.0
2018-10-01 00:00:00-04:00,188.7100067138672,189.88999938964844,187.00999450683594,188.00999450683594,162.89125061035156,745000,0.0,0.0
2018-10-02 00:00:00-04:00,188.19000244140625,189.97000122070312,187.94000244140625,189.5500030517578,164.22549438476562,1208800,0.0,0.0
2018-10-03 00:00:00-04:00,190.0,191.9600067138672,189.52999877929688,189.88999938964844,164.52011108398438,702800,0.0,0.0
2018-10-04 00:00:00-04:00,189.5500030517578,191.6699981689453,188.4199981689453,189.57000732421875,164.2428436279297,581400,0.0,0.0
2018-10-05 00:00:00-04:00,189.66000366210938,190.30999755859375,184.61000061035156,185.69000244140625,160.8812255859375,882300,0.0,0.0
2018-10-08 00:00:00-04:00,184.85000610351562,185.39999389648438,182.52999877929688,185.08999633789062,160.36138916015625,943900,0.0,0.0
2018-10-09 00:00:00-04:00,184.5399932861328,184.75999450683594,181.9499969482422,183.3800048828125,158.87985229492188,985400,0.0,0.0
2018-10-10 00:00:00-04:00,183.0,183.2899932861328,175.14999389648438,176.02999877929688,152.51187133789062,1497400,0.0,0.0
2018-10-11 00:00:00-04:00,176.1999969482422,177.02000427246094,170.5,170.60000610351562,147.80734252929688,1757100,0.0,0.0
2018-10-12 00:00:00-04:00,173.4199981689453,175.99000549316406,170.05999755859375,172.7899932861328,149.70472717285156,1257200,0.0,0.0
2018-10-15 00:00:00-04:00,170.11000061035156,171.5500030517578,168.8800048828125,169.02000427246094,146.43838500976562,827200,0.0,0.0
2018-10-16 00:00:00-04:00,171.16000366210938,172.57000732421875,168.86000061035156,172.47000122070312,149.42745971679688,1100500,0.0,0.0
2018-10-17 00:00:00-04:00,172.5399932861328,172.66000366210938,169.63999938964844,171.52000427246094,148.60440063476562,1072200,0.0,0.0
2018-10-18 00:00:00-04:00,170.99000549316406,170.99000549316406,165.8699951171875,166.25,144.0384521484375,1223300,0.0,0.0
2018-10-19 00:00:00-04:00,165.77000427246094,166.89999389648438,162.9600067138672,163.6999969482422,141.82916259765625,1856600,0.0,0.0
2018-10-22 00:00:00-04:00,164.42999267578125,165.14999389648438,163.05999755859375,163.22000122070312,141.41323852539062,1034000,0.0,0.0
2018-10-23 00:00:00-04:00,158.75,162.17999267578125,156.9600067138672,160.57000732421875,139.11732482910156,1259400,0.0,0.0
2018-10-24 00:00:00-04:00,160.30999755859375,161.41000366210938,153.6699981689453,154.08999633789062,133.50308227539062,1702800,0.0,0.0
2018-10-25 00:00:00-04:00,156.14999389648438,159.2100067138672,155.80999755859375,157.49000549316406,136.4488525390625,2182000,0.0,0.0
2018-10-26 00:00:00-04:00,155.74000549316406,163.39999389648438,155.07000732421875,161.32000732421875,139.7671661376953,1713300,0.0,0.0
2018-10-29 00:00:00-04:00,163.6999969482422,163.8800048828125,156.36000061035156,158.72000122070312,137.5145263671875,1157900,0.0,0.0
2018-10-30 00:00:00-04:00,158.42999267578125,164.14999389648438,158.42999267578125,163.75999450683594,141.8811798095703,1368100,0.0,0.0
2018-10-31 00:00:00-04:00,165.64999389648438,167.94000244140625,164.6300048828125,164.72999572753906,142.7215576171875,879700,0.0,0.0
2018-11-01 00:00:00-04:00,166.08999633789062,173.60000610351562,165.8800048828125,173.36000061035156,150.1985321044922,1331400,0.0,0.0
2018-11-02 00:00:00-04:00,174.72000122070312,174.9600067138672,170.75,172.47000122070312,149.42745971679688,1152200,0.0,0.0
2018-11-05 00:00:00-05:00,173.36000061035156,174.30999755859375,171.19000244140625,173.02999877929688,149.91268920898438,622500,0.0,0.0
2018-11-06 00:00:00-05:00,172.1300048828125,177.6199951171875,171.9499969482422,177.07000732421875,153.4129180908203,1120600,0.0,0.0
2018-11-07 00:00:00-05:00,174.89999389648438,179.69000244140625,171.8800048828125,178.97000122070312,155.05905151367188,1378200,0.0,0.0
2018-11-08 00:00:00-05:00,176.74000549316406,177.8000030517578,171.64999389648438,172.3000030517578,150.09365844726562,1392600,0.97,0.0
2018-11-09 00:00:00-05:00,170.69000244140625,171.72000122070312,167.1300048828125,169.27000427246094,147.45420837402344,1541000,0.0,0.0
2018-11-12 00:00:00-05:00,169.5500030517578,169.55999755859375,165.60000610351562,165.97000122070312,144.57948303222656,897600,0.0,0.0
2018-11-13 00:00:00-05:00,165.86000061035156,170.0399932861328,165.39999389648438,166.9499969482422,145.4332275390625,911200,0.0,0.0
2018-11-14 00:00:00-05:00,167.94000244140625,170.25,165.9199981689453,167.11000061035156,145.5725860595703,930700,0.0,0.0
2018-11-15 00:00:00-05:00,166.5,172.88999938964844,165.3699951171875,172.6999969482422,150.44212341308594,965300,0.0,0.0
2018-11-16 00:00:00-05:00,171.82000732421875,174.22999572753906,170.86000061035156,171.60000610351562,149.48390197753906,760100,0.0,0.0
2018-11-19 00:00:00-05:00,170.5,170.75,166.55999755859375,168.0399932861328,146.3826904296875,922900,0.0,0.0
2018-11-20 00:00:00-05:00,165.89999389648438,168.92999267578125,164.77999877929688,168.22999572753906,146.5482177734375,930500,0.0,0.0
2018-11-21 00:00:00-05:00,169.41000366210938,172.55999755859375,169.41000366210938,169.6699981689453,147.80262756347656,719500,0.0,0.0
2018-11-23 00:00:00-05:00,167.8699951171875,170.16000366210938,167.11000061035156,167.30999755859375,145.74679565429688,507400,0.0,0.0
2018-11-26 00:00:00-05:00,169.11000061035156,172.35000610351562,168.72000122070312,169.83999633789062,147.95074462890625,882900,0.0,0.0
2018-11-27 00:00:00-05:00,169.19000244140625,171.17999267578125,166.24000549316406,168.27000427246094,146.58306884765625,879600,0.0,0.0
2018-11-28 00:00:00-05:00,168.8699951171875,172.83999633789062,167.3800048828125,172.66000366210938,150.4072723388672,687700,0.0,0.0
2018-11-29 00:00:00-05:00,171.85000610351562,173.39999389648438,170.4600067138672,171.77000427246094,149.6320037841797,493700,0.0,0.0
2018-11-30 00:00:00-05:00,171.19000244140625,174.52999877929688,168.9600067138672,174.33999633789062,151.87075805664062,789000,0.0,0.0
2018-12-03 00:00:00-05:00,179.6300048828125,180.8699951171875,177.00999450683594,178.05999755859375,155.11131286621094,934800,0.0,0.0
2018-12-04 00:00:00-05:00,178.2100067138672,179.02999877929688,170.9499969482422,171.4600067138672,149.3619384765625,1354400,0.0,0.0
2018-12-06 00:00:00-05:00,169.00999450683594,169.9600067138672,162.32000732421875,167.25,145.69456481933594,1590400,0.0,0.0
2018-12-07 00:00:00-05:00,167.7100067138672,169.2100067138672,160.6999969482422,161.5500030517578,140.7291717529297,1050000,0.0,0.0
2018-12-10 00:00:00-05:00,161.60000610351562,161.8699951171875,155.63999938964844,160.16000366210938,139.51828002929688,1274600,0.0,0.0
2018-12-11 00:00:00-05:00,163.44000244140625,163.82000732421875,157.08999633789062,157.9499969482422,137.5930938720703,1151500,0.0,0.0
2018-12-12 00:00:00-05:00,160.2899932861328,163.02999877929688,158.94000244140625,159.13999938964844,138.62977600097656,1144000,0.0,0.0
2018-12-13 00:00:00-05:00,159.6699981689453,160.22999572753906,155.7100067138672,157.1999969482422,136.9397735595703,1587600,0.0,0.0
2018-12-14 00:00:00-05:00,155.80999755859375,159.74000549316406,155.41000366210938,156.74000549316406,136.5390625,1051700,0.0,0.0
2018-12-17 00:00:00-05:00,156.22000122070312,157.0399932861328,152.32000732421875,153.30999755859375,133.5511474609375,1147800,0.0,0.0
2018-12-18 00:00:00-05:00,154.72000122070312,156.67999267578125,151.7899932861328,153.66000366210938,133.85598754882812,1117900,0.0,0.0
2018-12-19 00:00:00-05:00,153.9600067138672,156.39999389648438,150.39999389648438,151.22999572753906,131.7392120361328,1013400,0.0,0.0
2018-12-20 00:00:00-05:00,150.0,151.19000244140625,146.02999877929688,148.13999938964844,129.04742431640625,1772700,0.0,0.0
2018-12-21 00:00:00-05:00,148.13999938964844,149.91000366210938,144.66000366210938,144.77999877929688,126.12049102783203,2627900,0.0,0.0
2018-12-24 00:00:00-05:00,143.72000122070312,146.08999633789062,141.4600067138672,141.77000427246094,123.49842834472656,605100,0.0,0.0
2018-12-26 00:00:00-05:00,142.77999877929688,148.7100067138672,142.0,148.5800018310547,129.43077087402344,914000,0.0,0.0
2018-12-27 00:00:00-05:00,146.07000732421875,150.0399932861328,144.60000610351562,149.7899932861328,130.4847869873047,1016600,0.0,0.0
2018-12-28 00:00:00-05:00,151.0,151.75999450683594,148.60000610351562,148.9199981689453,129.72689819335938,832600,0.0,0.0
2018-12-31 00:00:00-05:00,149.47000122070312,151.00999450683594,148.77999877929688,150.47999572753906,131.08587646484375,610600,0.0,0.0
2019-01-02 00:00:00-05:00,148.52000427246094,151.99000549316406,148.07000732421875,150.8699951171875,131.42555236816406,948300,0.0,0.0
2019-01-03 00:00:00-05:00,149.36000061035156,149.97000122070312,145.2100067138672,145.5399932861328,126.7825698852539,1190900,0.0,0.0
2019-01-04 00:00:00-05:00,148.1999969482422,150.32000732421875,146.97999572753906,150.1300048828125,130.78102111816406,1045000,0.0,0.0
2019-01-07 00:00:00-05:00,150.39999389648438,153.5,148.72999572753906,151.3800048828125,131.86988830566406,864900,0.0,0.0
2019-01-08 00:00:00-05:00,152.1999969482422,153.52999877929688,150.24000549316406,153.36000061035156,133.59471130371094,924400,0.0,0.0
2019-01-09 00:00:00-05:00,154.7100067138672,155.82000732421875,153.25,154.27999877929688,134.39614868164062,678100,0.0,0.0
2019-01-10 00:00:00-05:00,153.1699981689453,155.1699981689453,152.22999572753906,153.30999755859375,133.5511474609375,1667900,0.0,0.0
2019-01-11 00:00:00-05:00,152.13999938964844,157.22000122070312,152.13999938964844,155.85000610351562,135.7637939453125,1361600,0.0,0.0
2019-01-14 00:00:00-05:00,154.74000549316406,157.14999389648438,153.0,156.1999969482422,136.06866455078125,934600,0.0,0.0
2019-01-15 00:00:00-05:00,156.2899932861328,157.10000610351562,153.94000244140625,156.82000732421875,136.60882568359375,1257100,0.0,0.0
2019-01-16 00:00:00-05:00,156.60000610351562,158.66000366210938,156.4199981689453,157.6699981689453,137.34921264648438,851100,0.0,0.0
2019-01-17 00:00:00-05:00,156.64999389648438,162.11000061035156,156.64999389648438,160.25999450683594,139.6053924560547,1129300,0.0,0.0
2019-01-18 00:00:00-05:00,161.4199981689453,165.83999633789062,161.08999633789062,164.75,143.5167236328125,1490800,0.0,0.0
2019-01-22 00:00:00-05:00,163.7100067138672,164.42999267578125,160.85000610351562,163.47000122070312,142.40171813964844,1248200,0.0,0.0
2019-01-23 00:00:00-05:00,163.6999969482422,163.97000122070312,159.85000610351562,161.80999755859375,140.9556121826172,922700,0.0,0.0
2019-01-24 00:00:00-05:00,161.85000610351562,163.27000427246094,161.25,162.74000549316406,141.76580810546875,946500,0.0,0.0
2019-01-25 00:00:00-05:00,166.72999572753906,166.92999267578125,164.9499969482422,166.36000061035156,144.91920471191406,1053500,0.0,0.0
2019-01-28 00:00:00-05:00,164.25999450683594,165.6699981689453,163.0500030517578,163.25,142.21009826660156,1280100,0.0,0.0
2019-01-29 00:00:00-05:00,179.8000030517578,179.89999389648438,171.08999633789062,173.6300048828125,151.2522735595703,2420900,0.0,0.0
2019-01-30 00:00:00-05:00,173.7899932861328,174.2899932861328,168.1999969482422,171.8699951171875,149.7191162109375,1867600,0.0,0.0
2019-01-31 00:00:00-05:00,171.9600067138672,173.25999450683594,168.42999267578125,169.52000427246094,147.67196655273438,1391200,0.0,0.0
2019-02-01 00:00:00-05:00,170.0800018310547,172.47000122070312,168.61000061035156,168.92999267578125,147.15797424316406,1150900,0.0,0.0
2019-02-04 00:00:00-05:00,168.36000061035156,169.67999267578125,166.30999755859375,169.67999267578125,147.81134033203125,1667900,0.0,0.0
2019-02-05 00:00:00-05:00,169.0800018310547,170.83999633789062,168.38999938964844,170.72999572753906,148.72601318359375,1409200,0.0,0.0
2019-02-06 00:00:00-05:00,170.24000549316406,171.99000549316406,170.24000549316406,170.9600067138672,148.9263458251953,1047100,0.0,0.0
2019-02-07 00:00:00-05:00,169.19000244140625,170.42999267578125,168.25,169.97000122070312,148.06396484375,754200,0.0,0.0
2019-02-08 00:00:00-05:00,168.27000427246094,169.44000244140625,167.6300048828125,169.44000244140625,147.60227966308594,856400,0.0,0.0
2019-02-11 00:00:00-05:00,169.35000610351562,170.17999267578125,168.99000549316406,169.6999969482422,147.8287353515625,649300,0.0,0.0
2019-02-12 00:00:00-05:00,170.80999755859375,173.05999755859375,170.3000030517578,172.6999969482422,150.44212341308594,1094800,0.0,0.0
2019-02-13 00:00:00-05:00,173.2899932861328,177.5500030517578,173.02000427246094,176.82000732421875,154.03115844726562,1119900,0.0,0.0
2019-02-14 00:00:00-05:00,175.83999633789062,177.9600067138672,175.36000061035156,176.41000366210938,153.67398071289062,1265500,0.0,0.0
2019-02-15 00:00:00-05:00,177.24000549316406,177.6999969482422,176.57000732421875,177.38999938964844,155.3820343017578,702600,0.97,0.0
2019-02-19 00:00:00-05:00,176.52999877929688,178.5,176.4499969482422,177.4600067138672,155.44337463378906,475800,0.0,0.0
2019-02-20 00:00:00-05:00,177.75999450683594,179.38999938964844,177.00999450683594,178.83999633789062,156.65216064453125,563400,0.0,0.0
2019-02-21 00:00:00-05:00,178.27000427246094,178.5,176.8000030517578,177.9600067138672,155.8813018798828,533500,0.0,0.0
2019-02-22 00:00:00-05:00,178.44000244140625,180.02000427246094,177.86000061035156,179.22999572753906,156.99374389648438,656300,0.0,0.0
2019-02-25 00:00:00-05:00,180.05999755859375,181.50999450683594,179.4600067138672,180.0800018310547,157.73828125,712200,0.0,0.0
2019-02-26 00:00:00-05:00,179.16000366210938,180.8300018310547,179.16000366210938,179.3000030517578,157.05506896972656,569100,0.0,0.0
2019-02-27 00:00:00-05:00,178.66000366210938,180.69000244140625,177.77999877929688,180.50999450683594,158.11489868164062,561800,0.0,0.0
2019-02-28 00:00:00-05:00,179.80999755859375,179.99000549316406,177.75,178.55999755859375,156.40689086914062,735500,0.0,0.0
2019-03-01 00:00:00-05:00,179.97999572753906,180.5800018310547,177.02000427246094,178.50999450683594,156.36306762695312,753100,0.0,0.0
2019-03-04 00:00:00-05:00,180.0,180.69000244140625,176.91000366210938,177.83999633789062,155.77622985839844,842400,0.0,0.0
2019-03-05 00:00:00-05:00,178.00999450683594,179.22000122070312,177.49000549316406,178.22999572753906,156.11782836914062,705900,0.0,0.0
2019-03-06 00:00:00-05:00,178.14999389648438,179.4499969482422,177.63999938964844,178.0399932861328,155.95138549804688,561900,0.0,0.0
2019-03-07 00:00:00-05:00,177.86000061035156,177.86000061035156,174.3800048828125,175.50999450683594,153.73524475097656,727400,0.0,0.0
2019-03-08 00:00:00-05:00,174.08999633789062,174.55999755859375,172.83999633789062,174.52999877929688,152.87686157226562,545500,0.0,0.0
2019-03-11 00:00:00-04:00,174.41000366210938,178.69000244140625,174.36000061035156,178.3800048828125,156.24920654296875,687400,0.0,0.0
2019-03-12 00:00:00-04:00,178.9600067138672,180.25,178.3000030517578,178.6699981689453,156.503173828125,650800,0.0,0.0
2019-03-13 00:00:00-04:00,179.5800018310547,182.02000427246094,178.66000366210938,181.39999389648438,158.89453125,742300,0.0,0.0
2019-03-14 00:00:00-04:00,181.00999450683594,181.02999877929688,179.30999755859375,180.67999267578125,158.26385498046875,715000,0.0,0.0
2019-03-15 00:00:00-04:00,180.74000549316406,181.4199981689453,178.50999450683594,179.3300018310547,157.08135986328125,1867100,0.0,0.0
2019-03-18 00:00:00-04:00,179.72999572753906,180.92999267578125,179.42999267578125,180.7899932861328,158.36019897460938,548900,0.0,0.0
2019-03-19 00:00:00-04:00,180.8800048828125,181.7899932861328,178.08999633789062,178.77000427246094,156.5908660888672,593600,0.0,0.0
2019-03-20 00:00:00-04:00,177.6699981689453,177.9600067138672,174.5500030517578,176.02000427246094,154.18202209472656,627500,0.0,0.0
2019-03-21 00:00:00-04:00,175.08999633789062,177.7100067138672,174.25,177.02000427246094,155.05795288085938,554600,0.0,0.0
2019-03-22 00:00:00-04:00,175.88999938964844,176.2100067138672,169.80999755859375,169.92999267578125,148.84756469726562,788200,0.0,0.0
2019-03-25 00:00:00-04:00,169.67999267578125,171.41000366210938,168.47999572753906,169.8300018310547,148.75997924804688,651100,0.0,0.0
2019-03-26 00:00:00-04:00,171.49000549316406,172.5,170.1699981689453,171.52000427246094,150.24029541015625,556700,0.0,0.0
2019-03-27 00:00:00-04:00,171.3000030517578,172.14999389648438,170.0399932861328,171.0399932861328,149.81983947753906,582600,0.0,0.0
2019-03-28 00:00:00-04:00,171.63999938964844,173.97999572753906,171.49000549316406,173.83999633789062,152.27249145507812,602600,0.0,0.0
2019-03-29 00:00:00-04:00,175.14999389648438,176.0500030517578,174.5800018310547,175.4600067138672,153.6914825439453,656000,0.0,0.0
2019-04-01 00:00:00-04:00,177.41000366210938,181.30999755859375,177.41000366210938,180.91000366210938,158.4653778076172,780000,0.0,0.0
2019-04-02 00:00:00-04:00,181.00999450683594,182.22999572753906,180.41000366210938,182.07000732421875,159.4814453125,639300,0.0,0.0
2019-04-03 00:00:00-04:00,182.8000030517578,184.36000061035156,182.66000366210938,183.3300018310547,160.58511352539062,620100,0.0,0.0
2019-04-04 00:00:00-04:00,182.8800048828125,185.0,182.8800048828125,184.99000549316406,162.03915405273438,532600,0.0,0.0
2019-04-05 00:00:00-04:00,185.0,186.25,184.64999389648438,185.33999633789062,162.345703125,602300,0.0,0.0
2019-04-08 00:00:00-04:00,185.35000610351562,186.6999969482422,184.49000549316406,186.0,162.92385864257812,408200,0.0,0.0
2019-04-09 00:00:00-04:00,184.64999389648438,184.8699951171875,182.22999572753906,182.47999572753906,159.84054565429688,610900,0.0,0.0
2019-04-10 00:00:00-04:00,182.61000061035156,183.5800018310547,180.8000030517578,182.86000061035156,160.1734161376953,924900,0.0,0.0
2019-04-11 00:00:00-04:00,183.4499969482422,183.69000244140625,182.22000122070312,182.9499969482422,160.25221252441406,834900,0.0,0.0
2019-04-12 00:00:00-04:00,183.83999633789062,184.39999389648438,183.0,184.24000549316406,161.38218688964844,792600,0.0,0.0
2019-04-15 00:00:00-04:00,184.75,186.0800018310547,184.5,186.0,162.92385864257812,668400,0.0,0.0
2019-04-16 00:00:00-04:00,186.3300018310547,187.97999572753906,185.61000061035156,187.5800018310547,164.3078155517578,669000,0.0,0.0
2019-04-17 00:00:00-04:00,188.83999633789062,191.47999572753906,188.24000549316406,188.3000030517578,164.93849182128906,867000,0.0,0.0
2019-04-18 00:00:00-04:00,189.00999450683594,190.32000732421875,188.5399932861328,189.9199981689453,166.35751342773438,917500,0.0,0.0
2019-04-22 00:00:00-04:00,189.08999633789062,189.97999572753906,187.89999389648438,189.36000061035156,165.86697387695312,414300,0.0,0.0
2019-04-23 00:00:00-04:00,189.8000030517578,190.57000732421875,189.1199951171875,189.4499969482422,165.94577026367188,818700,0.0,0.0
2019-04-24 00:00:00-04:00,189.5399932861328,190.55999755859375,188.72000122070312,188.89999389648438,165.46405029296875,850400,0.0,0.0
2019-04-25 00:00:00-04:00,178.27000427246094,181.77999877929688,175.44000244140625,176.22000122070312,154.357177734375,2494600,0.0,0.0
2019-04-26 00:00:00-04:00,176.22000122070312,178.55999755859375,175.3000030517578,178.42999267578125,156.2930145263672,966000,0.0,0.0
2019-04-29 00:00:00-04:00,178.4199981689453,181.47000122070312,177.83999633789062,180.99000549316406,158.5354461669922,953800,0.0,0.0
2019-04-30 00:00:00-04:00,181.4600067138672,181.4600067138672,178.50999450683594,180.7100067138672,158.29014587402344,970200,0.0,0.0
2019-05-01 00:00:00-04:00,181.67999267578125,181.97999572753906,177.27000427246094,177.36000061035156,155.3557586669922,645900,0.0,0.0
2019-05-02 00:00:00-04:00,177.44000244140625,177.61000061035156,174.0800018310547,175.8699951171875,154.0506134033203,736000,0.0,0.0
2019-05-03 00:00:00-04:00,177.14999389648438,178.97000122070312,175.97999572753906,178.77000427246094,156.5908660888672,723900,0.0,0.0
2019-05-06 00:00:00-04:00,175.5,177.35000610351562,173.33999633789062,177.2100067138672,155.22434997558594,596200,0.0,0.0
2019-05-07 00:00:00-04:00,175.0800018310547,175.8800048828125,171.35000610351562,173.0,151.53668212890625,783200,0.0,0.0
2019-05-08 00:00:00-04:00,172.3800048828125,173.57000732421875,170.47999572753906,170.61000061035156,149.4432373046875,628100,0.0,0.0
2019-05-09 00:00:00-04:00,168.42999267578125,169.5399932861328,165.82000732421875,169.0,148.03294372558594,1041000,0.0,0.0
2019-05-10 00:00:00-04:00,167.47000122070312,168.25,163.77999877929688,166.49000549316406,146.67620849609375,1480800,0.97,0.0
2019-05-13 00:00:00-04:00,163.33999633789062,163.33999633789062,159.47000122070312,160.85000610351562,141.70742797851562,1186100,0.0,0.0
2019-05-14 00:00:00-04:00,161.64999389648438,162.4600067138672,160.58999633789062,161.8300018310547,142.57077026367188,907800,0.0,0.0
2019-05-15 00:00:00-04:00,160.8699951171875,163.17999267578125,160.2100067138672,162.22000122070312,142.91441345214844,681500,0.0,0.0
2019-05-16 00:00:00-04:00,162.86000061035156,164.35000610351562,162.39999389648438,162.97999572753906,143.58392333984375,526800,0.0,0.0
2019-05-17 00:00:00-04:00,161.10000610351562,162.9499969482422,160.19000244140625,160.32000732421875,141.24049377441406,579900,0.0,0.0
2019-05-20 00:00:00-04:00,158.77000427246094,160.72000122070312,157.4499969482422,158.5800018310547,139.70758056640625,685000,0.0,0.0
2019-05-21 00:00:00-04:00,159.9499969482422,162.49000549316406,159.9499969482422,161.50999450683594,142.28887939453125,760800,0.0,0.0
2019-05-22 00:00:00-04:00,160.89999389648438,161.60000610351562,159.39999389648438,159.39999389648438,140.429931640625,489500,0.0,0.0
2019-05-23 00:00:00-04:00,156.4499969482422,158.94000244140625,154.42999267578125,155.13999938964844,136.67691040039062,972400,0.0,0.0
2019-05-24 00:00:00-04:00,156.38999938964844,156.60000610351562,153.9600067138672,154.77999877929688,136.35980224609375,767800,0.0,0.0
2019-05-28 00:00:00-04:00,155.25,156.0,151.50999450683594,151.57000732421875,133.53182983398438,1188200,0.0,0.0
2019-05-29 00:00:00-04:00,151.6300048828125,153.8000030517578,151.11000061035156,153.11000061035156,134.8885955810547,1074300,0.0,0.0
2019-05-30 00:00:00-04:00,153.80999755859375,156.07000732421875,153.80999755859375,155.42999267578125,136.9324188232422,1254000,0.0,0.0
2019-05-31 00:00:00-04:00,153.10000610351562,153.10000610351562,148.10000610351562,148.85000610351562,131.13555908203125,1575800,0.0,0.0
2019-06-03 00:00:00-04:00,148.6999969482422,151.85000610351562,148.6999969482422,150.3000030517578,132.41299438476562,1019400,0.0,0.0
2019-06-04 00:00:00-04:00,154.02999877929688,157.27000427246094,152.72999572753906,157.05999755859375,138.3684539794922,1109700,0.0,0.0
2019-06-05 00:00:00-04:00,158.07000732421875,158.60000610351562,155.08999633789062,157.1300048828125,138.43016052246094,1054100,0.0,0.0
2019-06-06 00:00:00-04:00,157.52999877929688,158.5,154.39999389648438,156.17999267578125,137.5932159423828,825200,0.0,0.0
2019-06-07 00:00:00-04:00,157.30999755859375,158.11000061035156,155.2899932861328,157.1300048828125,138.43016052246094,905700,0.0,0.0
2019-06-10 00:00:00-04:00,158.05999755859375,160.5,158.05999755859375,158.80999755859375,139.91026306152344,798200,0.0,0.0
2019-06-11 00:00:00-04:00,161.02000427246094,161.42999267578125,158.85000610351562,159.0800018310547,140.14808654785156,1018000,0.0,0.0
2019-06-12 00:00:00-04:00,158.85000610351562,159.50999450683594,156.77999877929688,157.97999572753906,139.178955078125,591700,0.0,0.0
2019-06-13 00:00:00-04:00,159.00999450683594,159.33999633789062,157.8699951171875,159.30999755859375,140.3507080078125,374200,0.0,0.0
2019-06-14 00:00:00-04:00,158.36000061035156,158.91000366210938,155.35000610351562,156.52999877929688,137.90155029296875,478200,0.0,0.0
2019-06-17 00:00:00-04:00,156.6199951171875,157.97000122070312,155.66000366210938,155.85000610351562,137.302490234375,577300,0.0,0.0
2019-06-18 00:00:00-04:00,157.27000427246094,160.58999633789062,156.19000244140625,158.77000427246094,139.87498474121094,846700,0.0,0.0
2019-06-19 00:00:00-04:00,159.47999572753906,159.67999267578125,156.9199981689453,158.6999969482422,139.8132781982422,777500,0.0,0.0
2019-06-20 00:00:00-04:00,161.0800018310547,163.9499969482422,159.55999755859375,163.0500030517578,143.6455841064453,988700,0.0,0.0
2019-06-21 00:00:00-04:00,163.52000427246094,164.07000732421875,161.64999389648438,162.72000122070312,143.3549041748047,1051800,0.0,0.0
2019-06-24 00:00:00-04:00,162.0800018310547,163.8000030517578,161.24000549316406,162.1699981689453,142.87033081054688,443200,0.0,0.0
2019-06-25 00:00:00-04:00,162.94000244140625,163.3300018310547,160.94000244140625,161.16000366210938,141.98052978515625,567200,0.0,0.0
2019-06-26 00:00:00-04:00,161.8300018310547,163.08999633789062,161.3800048828125,162.3699951171875,143.04653930664062,571100,0.0,0.0
2019-06-27 00:00:00-04:00,162.3699951171875,164.14999389648438,161.36000061035156,162.1300048828125,142.83506774902344,432500,0.0,0.0
2019-06-28 00:00:00-04:00,162.74000549316406,164.6199951171875,162.35000610351562,163.8300018310547,144.332763671875,955500,0.0,0.0
2019-07-01 00:00:00-04:00,166.0500030517578,166.8699951171875,163.44000244140625,164.60000610351562,145.01116943359375,714500,0.0,0.0
2019-07-02 00:00:00-04:00,164.25999450683594,164.52000427246094,161.4499969482422,162.86000061035156,143.47821044921875,687100,0.0,0.0
2019-07-03 00:00:00-04:00,163.0,164.05999755859375,162.72999572753906,164.05999755859375,144.53543090820312,423900,0.0,0.0
2019-07-05 00:00:00-04:00,162.58999633789062,162.58999633789062,156.94000244140625,159.38999938964844,140.42117309570312,1047300,0.0,0.0
2019-07-08 00:00:00-04:00,158.58999633789062,160.60000610351562,157.38999938964844,157.44000244140625,138.70327758789062,780900,0.0,0.0
2019-07-09 00:00:00-04:00,156.1199951171875,157.27999877929688,154.6300048828125,155.14999389648438,136.68580627441406,1164700,0.0,0.0
2019-07-10 00:00:00-04:00,155.9499969482422,156.63999938964844,152.9199981689453,153.57000732421875,135.29380798339844,1177900,0.0,0.0
2019-07-11 00:00:00-04:00,154.11000061035156,156.32000732421875,152.3800048828125,156.1999969482422,137.61080932617188,1073200,0.0,0.0
2019-07-12 00:00:00-04:00,157.25,161.02999877929688,156.25,160.36000061035156,141.27574157714844,1107700,0.0,0.0
2019-07-15 00:00:00-04:00,160.35000610351562,161.02999877929688,158.8000030517578,159.2899932861328,140.33311462402344,903900,0.0,0.0
2019-07-16 00:00:00-04:00,158.92999267578125,165.4600067138672,157.58999633789062,162.57000732421875,143.2227325439453,1842800,0.0,0.0
2019-07-17 00:00:00-04:00,161.99000549316406,162.42999267578125,159.55999755859375,159.94000244140625,140.9057159423828,1061000,0.0,0.0
2019-07-18 00:00:00-04:00,159.47000122070312,160.22000122070312,158.0,159.14999389648438,140.209716796875,668900,0.0,0.0
2019-07-19 00:00:00-04:00,159.5399932861328,161.66000366210938,158.99000549316406,159.9499969482422,140.91453552246094,1077500,0.0,0.0
2019-07-22 00:00:00-04:00,159.99000549316406,161.80999755859375,159.10000610351562,159.30999755859375,140.3507080078125,770100,0.0,0.0
2019-07-23 00:00:00-04:00,160.25,167.0500030517578,160.00999450683594,166.72000122070312,146.87881469726562,1253800,0.0,0.0
2019-07-24 00:00:00-04:00,165.3000030517578,169.77000427246094,163.30999755859375,168.8800048828125,148.7818145751953,1911200,0.0,0.0
2019-07-25 00:00:00-04:00,160.5500030517578,169.0500030517578,160.41000366210938,167.22000122070312,147.31935119628906,2440000,0.0,0.0
2019-07-26 00:00:00-04:00,167.25999450683594,167.4499969482422,163.50999450683594,164.6199951171875,145.02879333496094,1087700,0.0,0.0
2019-07-29 00:00:00-04:00,164.47000122070312,165.3000030517578,162.50999450683594,163.25,143.8218536376953,1096700,0.0,0.0
2019-07-30 00:00:00-04:00,161.92999267578125,165.75,161.30999755859375,165.38999938964844,145.70709228515625,1157900,0.0,0.0
2019-07-31 00:00:00-04:00,165.3300018310547,165.3300018310547,158.85000610351562,160.77999877929688,141.645751953125,1270500,0.0,0.0
2019-08-01 00:00:00-04:00,160.3300018310547,162.8300018310547,154.9600067138672,155.75999450683594,137.22320556640625,1557400,0.0,0.0
2019-08-02 00:00:00-04:00,155.07000732421875,155.47000122070312,152.72999572753906,153.8000030517578,135.49642944335938,1118700,0.0,0.0
2019-08-05 00:00:00-04:00,151.00999450683594,152.25999450683594,149.38999938964844,150.8000030517578,132.8534698486328,1243800,0.0,0.0
2019-08-06 00:00:00-04:00,151.8300018310547,153.3300018310547,151.10000610351562,153.1300048828125,134.9062042236328,928900,0.0,0.0
2019-08-07 00:00:00-04:00,150.3000030517578,152.05999755859375,148.13999938964844,151.92999267578125,133.8489532470703,1052300,0.0,0.0
2019-08-08 00:00:00-04:00,153.07000732421875,156.63999938964844,152.8300018310547,156.38999938964844,137.7782440185547,1159400,0.0,0.0
2019-08-09 00:00:00-04:00,154.35000610351562,154.99000549316406,152.38999938964844,153.49000549316406,136.0673065185547,851800,0.97,0.0
2019-08-12 00:00:00-04:00,152.72999572753906,153.00999450683594,149.47999572753906,149.9600067138672,132.93801879882812,769800,0.0,0.0
2019-08-13 00:00:00-04:00,149.47999572753906,155.9199981689453,149.19000244140625,153.0399932861328,135.6683349609375,1001700,0.0,0.0
2019-08-14 00:00:00-04:00,150.0,150.52000427246094,146.6199951171875,146.9199981689453,130.24307250976562,931800,0.0,0.0
2019-08-15 00:00:00-04:00,147.33999633789062,147.33999633789062,145.1699981689453,145.92999267578125,129.3654022216797,782700,0.0,0.0
2019-08-16 00:00:00-04:00,147.32000732421875,150.66000366210938,147.0399932861328,150.30999755859375,133.24830627441406,853100,0.0,0.0
2019-08-19 00:00:00-04:00,152.86000061035156,153.5399932861328,151.5399932861328,153.24000549316406,135.8456573486328,621400,0.0,0.0
2019-08-20 00:00:00-04:00,152.99000549316406,152.99000549316406,150.39999389648438,150.6999969482422,133.59397888183594,512300,0.0,0.0
2019-08-21 00:00:00-04:00,153.02000427246094,153.36000061035156,151.0800018310547,151.8800048828125,134.64004516601562,433600,0.0,0.0
2019-08-22 00:00:00-04:00,152.50999450683594,153.42999267578125,150.72000122070312,152.50999450683594,135.19851684570312,504600,0.0,0.0
2019-08-23 00:00:00-04:00,151.2100067138672,152.07000732421875,146.9199981689453,147.8699951171875,131.08523559570312,793500,0.0,0.0
2019-08-26 00:00:00-04:00,148.8800048828125,150.30999755859375,143.91000366210938,144.5500030517578,128.1420440673828,1258500,0.0,0.0
2019-08-27 00:00:00-04:00,146.0,146.75,145.05999755859375,146.25,129.64913940429688,582700,0.0,0.0
2019-08-28 00:00:00-04:00,145.64999389648438,148.27999877929688,144.66000366210938,147.88999938964844,131.10293579101562,547600,0.0,0.0
2019-08-29 00:00:00-04:00,149.9199981689453,151.7899932861328,149.9199981689453,151.24000549316406,134.0727081298828,630300,0.0,0.0
2019-08-30 00:00:00-04:00,152.88999938964844,153.6999969482422,152.52999877929688,152.7899932861328,135.44674682617188,728200,0.0,0.0
2019-09-03 00:00:00-04:00,150.9499969482422,151.0,145.92999267578125,148.22999572753906,131.40435791015625,722400,0.0,0.0
2019-09-04 00:00:00-04:00,150.10000610351562,150.64999389648438,148.8300018310547,149.8300018310547,132.82273864746094,665100,0.0,0.0
2019-09-05 00:00:00-04:00,153.1300048828125,160.11000061035156,152.83999633789062,158.6999969482422,140.68588256835938,1086300,0.0,0.0
2019-09-06 00:00:00-04:00,158.66000366210938,161.6999969482422,157.86000061035156,161.0399932861328,142.76026916503906,1034600,0.0,0.0
2019-09-09 00:00:00-04:00,162.00999450683594,163.4199981689453,161.39999389648438,161.99000549316406,143.60244750976562,852700,0.0,0.0
2019-09-10 00:00:00-04:00,161.97000122070312,163.8699951171875,160.4499969482422,163.8699951171875,145.26902770996094,857200,0.0,0.0
2019-09-11 00:00:00-04:00,161.77000427246094,163.8699951171875,160.0399932861328,163.77999877929688,145.18923950195312,917600,0.0,0.0
2019-09-12 00:00:00-04:00,165.0,167.74000549316406,163.50999450683594,166.1300048828125,147.2725372314453,1071000,0.0,0.0
2019-09-13 00:00:00-04:00,167.5800018310547,170.10000610351562,165.91000366210938,166.75,147.8220977783203,997800,0.0,0.0
2019-09-16 00:00:00-04:00,166.0800018310547,167.14999389648438,164.83999633789062,165.8000030517578,146.97996520996094,1150100,0.0,0.0
2019-09-17 00:00:00-04:00,164.41000366210938,164.7899932861328,161.74000549316406,164.05999755859375,145.43748474121094,791000,0.0,0.0
2019-09-18 00:00:00-04:00,163.0399932861328,164.5,161.5,163.5800018310547,145.01199340820312,1203100,0.0,0.0
2019-09-19 00:00:00-04:00,163.6699981689453,165.1199951171875,162.9600067138672,163.00999450683594,144.50668334960938,1044200,0.0,0.0
2019-09-20 00:00:00-04:00,164.24000549316406,165.02000427246094,161.8300018310547,162.05999755859375,143.6645050048828,1625100,0.0,0.0
2019-09-23 00:00:00-04:00,160.9499969482422,164.7899932861328,160.02000427246094,164.1699981689453,145.53497314453125,1009700,0.0,0.0
2019-09-24 00:00:00-04:00,164.3699951171875,164.67999267578125,160.6199951171875,161.13999938964844,142.84890747070312,1241300,0.0,0.0
2019-09-25 00:00:00-04:00,160.72999572753906,163.02999877929688,158.58999633789062,162.4199981689453,143.983642578125,888000,0.0,0.0
2019-09-26 00:00:00-04:00,162.22999572753906,164.91000366210938,162.22999572753906,163.49000549316406,144.9321746826172,986800,0.0,0.0
2019-09-27 00:00:00-04:00,164.7899932861328,166.49000549316406,163.0,166.25,147.37892150878906,757700,0.0,0.0
2019-09-30 00:00:00-04:00,162.0,165.1999969482422,160.00999450683594,164.8000030517578,146.09347534179688,1149700,0.0,0.0
2019-10-01 00:00:00-04:00,166.3699951171875,167.94000244140625,162.0800018310547,162.2899932861328,143.8683624267578,959500,0.0,0.0
2019-10-02 00:00:00-04:00,160.58999633789062,160.58999633789062,153.7899932861328,155.8300018310547,138.14169311523438,1651600,0.0,0.0
2019-10-03 00:00:00-04:00,155.10000610351562,158.47999572753906,153.05999755859375,158.3699951171875,140.39334106445312,815000,0.0,0.0
2019-10-04 00:00:00-04:00,158.41000366210938,159.42999267578125,156.88999938964844,159.3699951171875,141.27984619140625,486800,0.0,0.0
2019-10-07 00:00:00-04:00,159.22999572753906,159.38999938964844,156.82000732421875,156.94000244140625,139.1256561279297,664900,0.0,0.0
2019-10-08 00:00:00-04:00,154.8000030517578,155.2899932861328,152.6699981689453,153.27999877929688,135.8811492919922,593700,0.0,0.0
2019-10-09 00:00:00-04:00,154.99000549316406,154.99000549316406,152.9600067138672,153.91000366210938,136.4396209716797,760200,0.0,0.0
2019-10-10 00:00:00-04:00,153.57000732421875,156.55999755859375,152.61000061035156,154.8000030517578,137.22860717773438,667900,0.0,0.0
2019-10-11 00:00:00-04:00,158.07000732421875,166.25999450683594,158.07000732421875,164.10000610351562,145.47291564941406,1504600,0.0,0.0
2019-10-14 00:00:00-04:00,162.39999389648438,164.69000244140625,160.69000244140625,164.1300048828125,145.49951171875,469700,0.0,0.0
2019-10-15 00:00:00-04:00,164.6999969482422,168.3000030517578,163.92999267578125,167.3699951171875,148.37176513671875,875700,0.0,0.0
2019-10-16 00:00:00-04:00,166.32000732421875,167.82000732421875,164.86000061035156,164.9499969482422,146.22645568847656,780200,0.0,0.0
2019-10-17 00:00:00-04:00,166.63999938964844,169.08999633789062,166.02999877929688,166.36000061035156,147.47640991210938,691100,0.0,0.0
2019-10-18 00:00:00-04:00,166.63999938964844,169.75999450683594,166.47999572753906,169.19000244140625,149.98521423339844,971700,0.0,0.0
2019-10-21 00:00:00-04:00,169.86000061035156,171.74000549316406,169.75,171.6199951171875,152.13931274414062,533800,0.0,0.0
2019-10-22 00:00:00-04:00,171.3800048828125,173.52000427246094,169.80999755859375,170.97999572753906,151.5719757080078,811300,0.0,0.0
2019-10-23 00:00:00-04:00,171.67999267578125,173.99000549316406,170.32000732421875,172.24000549316406,152.68899536132812,760400,0.0,0.0
2019-10-24 00:00:00-04:00,173.24000549316406,174.4499969482422,171.8699951171875,173.6300048828125,153.92120361328125,551600,0.0,0.0
2019-10-25 00:00:00-04:00,174.99000549316406,177.82000732421875,173.8300018310547,177.3800048828125,157.24551391601562,716400,0.0,0.0
2019-10-28 00:00:00-04:00,178.7100067138672,179.32000732421875,175.52999877929688,176.74000549316406,156.67819213867188,790100,0.0,0.0
2019-10-29 00:00:00-04:00,175.63999938964844,177.58999633789062,174.5800018310547,174.94000244140625,155.0824737548828,965100,0.0,0.0
2019-10-30 00:00:00-04:00,174.5399932861328,175.22000122070312,171.9199981689453,175.1999969482422,155.31298828125,802700,0.0,0.0
2019-10-31 00:00:00-04:00,174.82000732421875,175.1999969482422,170.88999938964844,171.99000549316406,152.4673309326172,658200,0.0,0.0
2019-11-01 00:00:00-04:00,173.38999938964844,177.6999969482422,173.30999755859375,177.6999969482422,157.5291748046875,661900,0.0,0.0
2019-11-04 00:00:00-05:00,179.97000122070312,181.92999267578125,178.97000122070312,181.85000610351562,161.2081298828125,777900,0.0,0.0
2019-11-05 00:00:00-05:00,182.0800018310547,183.36000061035156,180.9600067138672,181.8699951171875,161.22586059570312,802200,0.0,0.0
2019-11-06 00:00:00-05:00,181.4499969482422,181.4600067138672,177.67999267578125,178.4199981689453,158.16748046875,1123700,0.0,0.0
2019-11-07 00:00:00-05:00,180.42999267578125,180.83999633789062,177.67999267578125,178.0500030517578,157.83950805664062,1058400,0.0,0.0
2019-11-08 00:00:00-05:00,176.63999938964844,178.14999389648438,176.27000427246094,177.82000732421875,158.54383850097656,627300,1.02,0.0
2019-11-11 00:00:00-05:00,177.1199951171875,181.0,176.83999633789062,179.1999969482422,159.7742156982422,1210100,0.0,0.0
2019-11-12 00:00:00-05:00,201.02999877929688,207.11000061035156,196.33999633789062,198.00999450683594,176.545166015625,4132200,0.0,0.0
2019-11-13 00:00:00-05:00,195.67999267578125,201.2100067138672,194.55999755859375,198.07000732421875,176.5987091064453,1513300,0.0,0.0
2019-11-14 00:00:00-05:00,198.3300018310547,199.89999389648438,197.0800018310547,198.75,177.20498657226562,1211200,0.0,0.0
2019-11-15 00:00:00-05:00,199.60000610351562,200.8800048828125,198.3300018310547,200.27000427246094,178.5601806640625,825900,0.0,0.0
2019-11-18 00:00:00-05:00,199.41000366210938,200.0,196.89999389648438,197.6699981689453,176.24203491210938,1156200,0.0,0.0
2019-11-19 00:00:00-05:00,195.97000122070312,198.5399932861328,195.36000061035156,196.6699981689453,175.3504638671875,738800,0.0,0.0
2019-11-20 00:00:00-05:00,196.22999572753906,197.75999450683594,194.77999877929688,196.2100067138672,174.9403076171875,1123700,0.0,0.0
2019-11-21 00:00:00-05:00,195.47999572753906,196.66000366210938,194.52000427246094,195.2100067138672,174.0487060546875,936200,0.0,0.0
2019-11-22 00:00:00-05:00,196.24000549316406,196.5399932861328,194.10000610351562,194.8000030517578,173.6831512451172,631500,0.0,0.0
2019-11-25 00:00:00-05:00,195.05999755859375,197.4199981689453,194.3699951171875,195.72000122070312,174.5034637451172,914400,0.0,0.0
2019-11-26 00:00:00-05:00,195.1699981689453,196.47999572753906,193.97999572753906,196.32000732421875,175.0384063720703,902600,0.0,0.0
2019-11-27 00:00:00-05:00,197.67999267578125,197.67999267578125,195.27000427246094,196.4199981689453,175.12753295898438,659500,0.0,0.0
2019-11-29 00:00:00-05:00,196.27000427246094,197.3000030517578,194.8300018310547,195.83999633789062,174.61038208007812,330800,0.0,0.0
2019-12-02 00:00:00-05:00,196.67999267578125,198.6199951171875,193.77000427246094,193.97000122070312,172.94314575195312,592100,0.0,0.0
2019-12-03 00:00:00-05:00,191.13999938964844,194.8300018310547,190.2100067138672,194.0399932861328,173.00552368164062,966500,0.0,0.0
2019-12-04 00:00:00-05:00,194.6199951171875,197.55999755859375,194.55999755859375,195.00999450683594,173.8704071044922,911100,0.0,0.0
2019-12-05 00:00:00-05:00,196.02000427246094,196.64999389648438,195.32000732421875,196.42999267578125,175.13644409179688,543600,0.0,0.0
2019-12-06 00:00:00-05:00,199.05999755859375,199.7100067138672,197.86000061035156,198.17999267578125,176.69674682617188,635800,0.0,0.0
2019-12-09 00:00:00-05:00,198.24000549316406,200.30999755859375,198.24000549316406,198.75999450683594,177.21388244628906,891700,0.0,0.0
2019-12-10 00:00:00-05:00,198.3699951171875,200.72999572753906,197.33999633789062,199.75,178.09652709960938,641500,0.0,0.0
2019-12-11 00:00:00-05:00,201.10000610351562,203.57000732421875,200.25,203.25999450683594,181.22604370117188,720300,0.0,0.0
2019-12-12 00:00:00-05:00,202.86000061035156,205.69000244140625,201.5,205.47000122070312,183.1964874267578,828900,0.0,0.0
2019-12-13 00:00:00-05:00,205.6199951171875,206.9499969482422,202.17999267578125,203.47000122070312,181.413330078125,938500,0.0,0.0
2019-12-16 00:00:00-05:00,204.9499969482422,205.99000549316406,203.10000610351562,204.41000366210938,182.25140380859375,963000,0.0,0.0
2019-12-17 00:00:00-05:00,203.86000061035156,204.86000061035156,201.67999267578125,203.6199951171875,181.54701232910156,908300,0.0,0.0
2019-12-18 00:00:00-05:00,204.41000366210938,204.8300018310547,202.38999938964844,203.85000610351562,181.75213623046875,1039300,0.0,0.0
2019-12-19 00:00:00-05:00,203.67999267578125,204.14999389648438,202.25,202.83999633789062,180.8516082763672,893300,0.0,0.0
2019-12-20 00:00:00-05:00,204.0800018310547,204.4600067138672,202.07000732421875,204.35000610351562,182.19789123535156,1256100,0.0,0.0
2019-12-23 00:00:00-05:00,201.9199981689453,204.52000427246094,200.8300018310547,204.3000030517578,182.15330505371094,1001600,0.0,0.0
2019-12-24 00:00:00-05:00,204.66000366210938,204.66000366210938,202.27999877929688,202.83999633789062,180.8516082763672,253900,0.0,0.0
2019-12-26 00:00:00-05:00,203.27999877929688,204.22000122070312,201.3699951171875,204.22000122070312,182.08197021484375,297600,0.0,0.0
2019-12-27 00:00:00-05:00,204.6300048828125,204.72000122070312,202.57000732421875,202.97000122070312,180.96751403808594,451100,0.0,0.0
2019-12-30 00:00:00-05:00,203.2899932861328,204.27999877929688,202.6699981689453,202.92999267578125,180.93182373046875,337000,0.0,0.0
2019-12-31 00:00:00-05:00,202.5399932861328,204.1199951171875,202.3300018310547,202.6699981689453,180.70004272460938,436300,0.0,0.0
2020-01-02 00:00:00-05:00,203.82000732421875,205.63999938964844,202.60000610351562,205.63999938964844,183.3480987548828,638200,0.0,0.0
2020-01-03 00:00:00-05:00,201.91000366210938,203.22999572753906,200.50999450683594,202.63999938964844,180.6732940673828,542600,0.0,0.0
2020-01-06 00:00:00-05:00,201.47999572753906,204.32000732421875,200.9199981689453,204.25,182.10873413085938,1006900,0.0,0.0
2020-01-07 00:00:00-05:00,204.5,205.27000427246094,202.25,203.8300018310547,181.7342987060547,708700,0.0,0.0
2020-01-08 00:00:00-05:00,202.77999877929688,206.8000030517578,200.52000427246094,205.3800048828125,183.11627197265625,671100,0.0,0.0
2020-01-09 00:00:00-05:00,206.7100067138672,207.94000244140625,204.97000122070312,207.1699981689453,184.71217346191406,676100,0.0,0.0
2020-01-10 00:00:00-05:00,207.0399932861328,207.6199951171875,204.6999969482422,205.08999633789062,182.857666015625,777200,0.0,0.0
2020-01-13 00:00:00-05:00,205.0,206.60000610351562,204.64999389648438,206.5800018310547,184.18617248535156,547400,0.0,0.0
2020-01-14 00:00:00-05:00,206.5800018310547,206.5800018310547,202.3000030517578,202.89999389648438,180.90505981445312,805000,0.0,0.0
2020-01-15 00:00:00-05:00,202.50999450683594,205.4199981689453,201.63999938964844,202.22999572753906,180.30775451660156,711600,0.0,0.0
2020-01-16 00:00:00-05:00,203.6300048828125,205.32000732421875,202.57000732421875,205.25999450683594,183.00930786132812,562900,0.0,0.0
2020-01-17 00:00:00-05:00,205.77999877929688,206.5500030517578,204.49000549316406,204.74000549316406,182.5456085205078,594600,0.0,0.0
2020-01-21 00:00:00-05:00,203.52000427246094,204.32000732421875,201.3699951171875,201.7899932861328,179.91539001464844,719200,0.0,0.0
2020-01-22 00:00:00-05:00,203.6300048828125,203.8699951171875,199.08999633789062,199.3800048828125,177.7666778564453,682900,0.0,0.0
2020-01-23 00:00:00-05:00,199.6699981689453,202.77000427246094,196.75,202.3000030517578,180.37014770507812,766200,0.0,0.0
2020-01-24 00:00:00-05:00,202.75,203.14999389648438,197.8699951171875,199.72000122070312,178.06979370117188,631200,0.0,0.0
2020-01-27 00:00:00-05:00,195.3300018310547,196.0800018310547,193.61000061035156,193.9199981689453,172.8986053466797,835600,0.0,0.0
2020-01-28 00:00:00-05:00,195.8000030517578,197.44000244140625,194.16000366210938,196.6699981689453,175.3504638671875,1165300,0.0,0.0
2020-01-29 00:00:00-05:00,196.0,199.38999938964844,193.3300018310547,196.1699981689453,174.90464782714844,1163000,0.0,0.0
2020-01-30 00:00:00-05:00,194.38999938964844,196.35000610351562,189.75999450683594,194.80999755859375,173.69210815429688,1151100,0.0,0.0
2020-01-31 00:00:00-05:00,193.4499969482422,194.30999755859375,190.39999389648438,191.66000366210938,170.88352966308594,1250400,0.0,0.0
2020-02-03 00:00:00-05:00,192.85000610351562,197.16000366210938,192.49000549316406,194.55999755859375,173.4691619873047,1019900,0.0,0.0
2020-02-04 00:00:00-05:00,198.66000366210938,203.0,198.66000366210938,202.38999938964844,180.45037841796875,843400,0.0,0.0
2020-02-05 00:00:00-05:00,204.92999267578125,205.92999267578125,203.41000366210938,205.27000427246094,183.0181884765625,762800,0.0,0.0
2020-02-06 00:00:00-05:00,206.44000244140625,206.44000244140625,203.64999389648438,205.02999877929688,182.80416870117188,491700,0.0,0.0
2020-02-07 00:00:00-05:00,203.6300048828125,204.2899932861328,202.07000732421875,202.72000122070312,180.74461364746094,583100,0.0,0.0
2020-02-10 00:00:00-05:00,201.86000061035156,203.9499969482422,201.4199981689453,203.82000732421875,181.72537231445312,500000,0.0,0.0
2020-02-11 00:00:00-05:00,204.44000244140625,205.8800048828125,203.5,203.9600067138672,181.85018920898438,534700,0.0,0.0
2020-02-12 00:00:00-05:00,205.6999969482422,206.4600067138672,203.77000427246094,205.85000610351562,183.5352783203125,614700,0.0,0.0
2020-02-13 00:00:00-05:00,204.5500030517578,205.91000366210938,200.6300048828125,201.14999389648438,179.34478759765625,572300,0.0,0.0
2020-02-14 00:00:00-05:00,200.63999938964844,201.24000549316406,198.64999389648438,200.67999267578125,179.83770751953125,455000,1.02,0.0
2020-02-18 00:00:00-05:00,199.4499969482422,199.9199981689453,197.07000732421875,198.74000549316406,178.0991973876953,560700,0.0,0.0
2020-02-19 00:00:00-05:00,199.69000244140625,200.5500030517578,197.1999969482422,200.36000061035156,179.5509033203125,678000,0.0,0.0
2020-02-20 00:00:00-05:00,200.1199951171875,205.42999267578125,199.67999267578125,205.30999755859375,183.98681640625,893000,0.0,0.0
2020-02-21 00:00:00-05:00,203.47000122070312,209.61000061035156,202.22000122070312,209.3699951171875,187.62515258789062,1162600,0.0,0.0
2020-02-24 00:00:00-05:00,200.94000244140625,203.3800048828125,199.8000030517578,202.75999450683594,181.70164489746094,1502400,0.0,0.0
2020-02-25 00:00:00-05:00,203.55999755859375,204.82000732421875,196.08999633789062,196.8699951171875,176.42340087890625,1120400,0.0,0.0
2020-02-26 00:00:00-05:00,198.5800018310547,201.99000549316406,194.88999938964844,195.16000366210938,174.89097595214844,854900,0.0,0.0
2020-02-27 00:00:00-05:00,189.88999938964844,195.0399932861328,186.11000061035156,186.1999969482422,166.86155700683594,1363500,0.0,0.0
2020-02-28 00:00:00-05:00,179.5800018310547,184.4199981689453,177.75,183.5,164.4419403076172,1585800,0.0,0.0
2020-03-02 00:00:00-05:00,184.6699981689453,191.07000732421875,183.27999877929688,190.58999633789062,170.79562377929688,1649800,0.0,0.0
2020-03-03 00:00:00-05:00,190.39999389648438,198.10000610351562,183.5800018310547,183.94000244140625,164.83627319335938,1629200,0.0,0.0
2020-03-04 00:00:00-05:00,187.3699951171875,192.6699981689453,185.0,192.25,172.283203125,991400,0.0,0.0
2020-03-05 00:00:00-05:00,185.52000427246094,189.55999755859375,182.75999450683594,183.39999389648438,164.3523406982422,1228100,0.0,0.0
2020-03-06 00:00:00-05:00,177.69000244140625,180.94000244140625,174.5,178.85000610351562,160.27490234375,1321100,0.0,0.0
2020-03-09 00:00:00-04:00,156.4199981689453,165.4600067138672,151.4499969482422,152.63999938964844,136.7870330810547,2230900,0.0,0.0
2020-03-10 00:00:00-04:00,158.25999450683594,169.4499969482422,154.27999877929688,169.39999389648438,151.80630493164062,1722300,0.0,0.0
2020-03-11 00:00:00-04:00,157.44000244140625,164.4600067138672,156.2100067138672,159.08999633789062,142.56715393066406,1761000,0.0,0.0
2020-03-12 00:00:00-04:00,145.1300048828125,157.22999572753906,144.97000122070312,149.58999633789062,134.05381774902344,2491800,0.0,0.0
2020-03-13 00:00:00-04:00,157.8800048828125,166.35000610351562,152.27999877929688,166.17999267578125,148.92080688476562,2179400,0.0,0.0
2020-03-16 00:00:00-04:00,146.1699981689453,163.8300018310547,145.27000427246094,153.30999755859375,137.38742065429688,1858400,0.0,0.0
2020-03-17 00:00:00-04:00,156.36000061035156,159.1300048828125,148.10000610351562,155.16000366210938,139.04531860351562,1989500,0.0,0.0
2020-03-18 00:00:00-04:00,143.57000732421875,144.00999450683594,116.9800033569336,128.55999755859375,115.20794677734375,2301800,0.0,0.0
2020-03-19 00:00:00-04:00,127.26000213623047,137.8000030517578,119.9000015258789,135.0800018310547,121.05078887939453,1841100,0.0,0.0
2020-03-20 00:00:00-04:00,137.5800018310547,141.58999633789062,124.45999908447266,126.79000091552734,113.62179565429688,1701100,0.0,0.0
2020-03-23 00:00:00-04:00,122.47000122070312,125.33999633789062,115.37999725341797,120.68000030517578,108.14635467529297,2071500,0.0,0.0
2020-03-24 00:00:00-04:00,129.49000549316406,146.27999877929688,129.49000549316406,141.89999389648438,127.16246032714844,2545600,0.0,0.0
2020-03-25 00:00:00-04:00,143.6300048828125,159.99000549316406,138.5800018310547,154.55999755859375,138.50762939453125,2009500,0.0,0.0
2020-03-26 00:00:00-04:00,157.97999572753906,159.3699951171875,150.22000122070312,159.2899932861328,142.7463836669922,1547900,0.0,0.0
2020-03-27 00:00:00-04:00,150.0800018310547,156.6199951171875,146.52000427246094,151.4600067138672,135.72962951660156,1168100,0.0,0.0
2020-03-30 00:00:00-04:00,151.38999938964844,153.60000610351562,148.67999267578125,152.25999450683594,136.44650268554688,1199300,0.0,0.0
2020-03-31 00:00:00-04:00,150.22999572753906,152.85000610351562,145.50999450683594,150.91000366210938,135.23672485351562,1896800,0.0,0.0
2020-04-01 00:00:00-04:00,142.9600067138672,145.1300048828125,140.05999755859375,143.67999267578125,128.7576141357422,1408900,0.0,0.0
2020-04-02 00:00:00-04:00,142.47000122070312,152.3000030517578,142.47000122070312,149.7100067138672,134.1613311767578,997400,0.0,0.0
2020-04-03 00:00:00-04:00,150.27999877929688,152.52000427246094,144.83999633789062,146.77999877929688,131.53565979003906,935600,0.0,0.0
2020-04-06 00:00:00-04:00,155.92999267578125,159.3000030517578,154.3800048828125,157.41000366210938,141.0616455078125,1366600,0.0,0.0
2020-04-07 00:00:00-04:00,163.5,169.89999389648438,160.00999450683594,160.0800018310547,143.45433044433594,1199900,0.0,0.0
2020-04-08 00:00:00-04:00,162.3000030517578,169.69000244140625,161.83999633789062,167.8000030517578,150.37257385253906,898200,0.0,0.0
2020-04-09 00:00:00-04:00,170.36000061035156,174.0,161.83999633789062,167.63999938964844,150.2291717529297,1240600,0.0,0.0
2020-04-13 00:00:00-04:00,166.05999755859375,167.36000061035156,159.1999969482422,160.5399932861328,143.8665771484375,730000,0.0,0.0
2020-04-14 00:00:00-04:00,164.50999450683594,165.69000244140625,159.49000549316406,163.7899932861328,146.77906799316406,1072200,0.0,0.0
2020-04-15 00:00:00-04:00,158.6300048828125,159.61000061035156,154.8000030517578,158.9600067138672,142.45068359375,718100,0.0,0.0
2020-04-16 00:00:00-04:00,159.17999267578125,160.16000366210938,154.85000610351562,158.9499969482422,142.44166564941406,765700,0.0,0.0
2020-04-17 00:00:00-04:00,165.4499969482422,170.39999389648438,164.91000366210938,168.58999633789062,151.08045959472656,1073800,0.0,0.0
2020-04-20 00:00:00-04:00,164.39999389648438,171.0399932861328,162.0399932861328,168.5399932861328,151.03565979003906,1031600,0.0,0.0
2020-04-21 00:00:00-04:00,163.4600067138672,167.38999938964844,163.4600067138672,164.4600067138672,147.37940979003906,810900,0.0,0.0
2020-04-22 00:00:00-04:00,167.3800048828125,169.44000244140625,164.10000610351562,166.19000244140625,148.92974853515625,671300,0.0,0.0
2020-04-23 00:00:00-04:00,167.57000732421875,173.33999633789062,167.1699981689453,169.33999633789062,151.7526092529297,876200,0.0,0.0
2020-04-24 00:00:00-04:00,171.92999267578125,175.5399932861328,169.32000732421875,174.58999633789062,156.4573516845703,850600,0.0,0.0
2020-04-27 00:00:00-04:00,175.9600067138672,182.63999938964844,175.74000549316406,181.67999267578125,162.8109893798828,1057900,0.0,0.0
2020-04-28 00:00:00-04:00,194.22000122070312,199.97000122070312,191.13999938964844,196.10000610351562,175.7333526611328,2397600,0.0,0.0
2020-04-29 00:00:00-04:00,197.0,200.57000732421875,193.86000061035156,197.0,176.53988647460938,1492700,0.0,0.0
2020-04-30 00:00:00-04:00,193.63999938964844,194.41000366210938,188.44000244140625,189.47999572753906,169.8008575439453,1391000,0.0,0.0
2020-05-01 00:00:00-04:00,185.11000061035156,186.47999572753906,181.02999877929688,183.19000244140625,164.16415405273438,701200,0.0,0.0
2020-05-04 00:00:00-04:00,180.0,188.89999389648438,177.8000030517578,187.9199981689453,168.4028778076172,1273600,0.0,0.0
2020-05-05 00:00:00-04:00,191.24000549316406,192.9499969482422,188.47000122070312,190.99000549316406,171.1540985107422,759100,0.0,0.0
2020-05-06 00:00:00-04:00,190.82000732421875,191.8300018310547,187.58999633789062,189.2100067138672,169.55894470214844,521300,0.0,0.0
2020-05-07 00:00:00-04:00,192.72999572753906,194.14999389648438,190.22999572753906,191.02000427246094,171.1809539794922,647200,0.0,0.0
2020-05-08 00:00:00-04:00,194.47999572753906,195.57000732421875,191.89999389648438,192.4499969482422,172.4624481201172,698400,0.0,0.0
2020-05-11 00:00:00-04:00,190.63999938964844,195.33999633789062,188.89999389648438,193.36000061035156,173.2778778076172,837100,0.0,0.0
2020-05-12 00:00:00-04:00,194.97999572753906,194.97999572753906,188.49000549316406,188.57000732421875,168.98544311523438,713700,0.0,0.0
2020-05-13 00:00:00-04:00,188.14999389648438,191.3699951171875,183.88999938964844,186.86000061035156,167.45297241210938,1044400,0.0,0.0
2020-05-14 00:00:00-04:00,184.0,191.32000732421875,183.6699981689453,191.00999450683594,171.17198181152344,1490200,0.0,0.0
2020-05-15 00:00:00-04:00,188.66000366210938,202.8000030517578,188.38999938964844,197.8699951171875,178.2715301513672,3215900,1.02,0.0
2020-05-18 00:00:00-04:00,202.0,209.49000549316406,201.2899932861328,205.1699981689453,184.84844970703125,1514400,0.0,0.0
2020-05-19 00:00:00-04:00,204.19000244140625,207.25999450683594,202.60000610351562,202.6300048828125,182.56004333496094,989100,0.0,0.0
2020-05-20 00:00:00-04:00,205.0399932861328,206.57000732421875,203.8000030517578,206.0399932861328,185.6322784423828,840000,0.0,0.0
2020-05-21 00:00:00-04:00,205.8800048828125,206.25,203.30999755859375,203.72999572753906,183.55113220214844,789700,0.0,0.0
2020-05-22 00:00:00-04:00,204.22000122070312,204.22999572753906,200.55999755859375,202.19000244140625,182.16368103027344,736500,0.0,0.0
2020-05-26 00:00:00-04:00,210.0,217.5500030517578,207.75,215.89999389648438,194.5156707763672,1667900,0.0,0.0
2020-05-27 00:00:00-04:00,218.33999633789062,220.50999450683594,214.02000427246094,219.24000549316406,197.52484130859375,1399200,0.0,0.0
2020-05-28 00:00:00-04:00,220.0,221.30999755859375,216.02000427246094,216.39999389648438,194.96612548828125,1096000,0.0,0.0
2020-05-29 00:00:00-04:00,215.1699981689453,216.75,212.63999938964844,216.16000366210938,194.74993896484375,2935600,0.0,0.0
2020-06-01 00:00:00-04:00,216.4499969482422,217.16000366210938,213.75,214.6699981689453,193.40753173828125,725300,0.0,0.0
2020-06-02 00:00:00-04:00,216.1999969482422,217.8800048828125,215.02999877929688,217.58999633789062,196.0382843017578,666200,0.0,0.0
2020-06-03 00:00:00-04:00,218.0,222.61000061035156,217.6199951171875,220.3000030517578,198.47991943359375,830600,0.0,0.0
2020-06-04 00:00:00-04:00,218.52999877929688,222.66000366210938,218.0399932861328,222.49000549316406,200.4529571533203,772300,0.0,0.0
2020-06-05 00:00:00-04:00,225.0,230.7100067138672,224.97999572753906,227.38999938964844,204.86764526367188,1043900,0.0,0.0
2020-06-08 00:00:00-04:00,228.0,229.2100067138672,224.1199951171875,225.57000732421875,203.22789001464844,649600,0.0,0.0
2020-06-09 00:00:00-04:00,221.99000549316406,223.27000427246094,219.41000366210938,220.0399932861328,198.24557495117188,1099900,0.0,0.0
2020-06-10 00:00:00-04:00,220.0,220.89999389648438,217.86000061035156,218.13999938964844,196.53379821777344,1903200,0.0,0.0
2020-06-11 00:00:00-04:00,211.4600067138672,213.3800048828125,205.6699981689453,206.05999755859375,185.6503143310547,994100,0.0,0.0
2020-06-12 00:00:00-04:00,213.08999633789062,213.42999267578125,202.07000732421875,208.19000244140625,187.56935119628906,871100,0.0,0.0
2020-06-15 00:00:00-04:00,202.61000061035156,211.10000610351562,200.60000610351562,210.47999572753906,189.6324920654297,1206200,0.0,0.0
2020-06-16 00:00:00-04:00,218.7100067138672,219.69000244140625,209.08999633789062,213.74000549316406,192.569580078125,943400,0.0,0.0
2020-06-17 00:00:00-04:00,214.00999450683594,214.75999450683594,210.75999450683594,211.8699951171875,190.8848419189453,592700,0.0,0.0
2020-06-18 00:00:00-04:00,208.9199981689453,211.80999755859375,207.82000732421875,209.6699981689453,188.90272521972656,786800,0.0,0.0
2020-06-19 00:00:00-04:00,213.97000122070312,214.6300048828125,207.1699981689453,209.1300048828125,188.41619873046875,1837600,0.0,0.0
2020-06-22 00:00:00-04:00,209.6199951171875,212.6199951171875,206.89999389648438,210.55999755859375,189.70460510253906,590000,0.0,0.0
2020-06-23 00:00:00-04:00,213.24000549316406,213.24000549316406,208.5800018310547,208.69000244140625,188.01980590820312,603700,0.0,0.0
2020-06-24 00:00:00-04:00,206.72000122070312,209.0,202.97000122070312,205.02999877929688,184.72230529785156,652200,0.0,0.0
2020-06-25 00:00:00-04:00,204.39999389648438,208.4499969482422,202.02000427246094,208.1999969482422,187.57835388183594,625800,0.0,0.0
2020-06-26 00:00:00-04:00,207.55999755859375,207.91000366210938,202.89999389648438,205.27000427246094,184.93853759765625,1402400,0.0,0.0
2020-06-29 00:00:00-04:00,207.77999877929688,209.47999572753906,205.33999633789062,208.6699981689453,188.0017852783203,577800,0.0,0.0
2020-06-30 00:00:00-04:00,209.24000549316406,213.67999267578125,208.88999938964844,213.0,191.9029083251953,757300,0.0,0.0
2020-07-01 00:00:00-04:00,212.63999938964844,213.69000244140625,209.30999755859375,210.5,189.65054321289062,571100,0.0,0.0
2020-07-02 00:00:00-04:00,213.75,214.80999755859375,210.66000366210938,210.99000549316406,190.0919952392578,615300,0.0,0.0
2020-07-06 00:00:00-04:00,215.67999267578125,215.7100067138672,212.58999633789062,214.58999633789062,193.33543395996094,677500,0.0,0.0
2020-07-07 00:00:00-04:00,213.92999267578125,213.92999267578125,210.97000122070312,211.44000244140625,190.49745178222656,647200,0.0,0.0
2020-07-08 00:00:00-04:00,211.49000549316406,213.05999755859375,210.75,212.27999877929688,191.2542266845703,700100,0.0,0.0
2020-07-09 00:00:00-04:00,212.0,214.88999938964844,209.4499969482422,211.3699951171875,190.4343719482422,617300,0.0,0.0
2020-07-10 00:00:00-04:00,212.07000732421875,212.07000732421875,208.0399932861328,210.89999389648438,190.01089477539062,444500,0.0,0.0
2020-07-13 00:00:00-04:00,212.27000427246094,214.4499969482422,210.2100067138672,211.8000030517578,190.82176208496094,737200,0.0,0.0
2020-07-14 00:00:00-04:00,211.11000061035156,219.75,210.94000244140625,219.07000732421875,197.3717041015625,663700,0.0,0.0
2020-07-15 00:00:00-04:00,220.0,223.10000610351562,217.24000549316406,222.0399932861328,200.0475311279297,716900,0.0,0.0
2020-07-16 00:00:00-04:00,220.63999938964844,224.1699981689453,220.5800018310547,223.27999877929688,201.16468811035156,749400,0.0,0.0
2020-07-17 00:00:00-04:00,225.0,227.19000244140625,224.22999572753906,225.27999877929688,202.96661376953125,706200,0.0,0.0
2020-07-20 00:00:00-04:00,224.50999450683594,226.0,221.4199981689453,222.44000244140625,200.40792846679688,437900,0.0,0.0
2020-07-21 00:00:00-04:00,228.55999755859375,228.99000549316406,224.19000244140625,226.8300018310547,204.36306762695312,656700,0.0,0.0
2020-07-22 00:00:00-04:00,226.47000122070312,227.80999755859375,224.8699951171875,226.60000610351562,204.15589904785156,523500,0.0,0.0
2020-07-23 00:00:00-04:00,226.36000061035156,228.1999969482422,225.1300048828125,225.99000549316406,203.60629272460938,419200,0.0,0.0
2020-07-24 00:00:00-04:00,226.60000610351562,227.6199951171875,225.1199951171875,226.19000244140625,203.78648376464844,431200,0.0,0.0
2020-07-27 00:00:00-04:00,225.27999877929688,230.92999267578125,225.13999938964844,229.0,206.3181610107422,768200,0.0,0.0
2020-07-28 00:00:00-04:00,223.0,225.55999755859375,217.2100067138672,222.27999877929688,200.26376342773438,1190800,0.0,0.0
2020-07-29 00:00:00-04:00,224.19000244140625,224.47999572753906,219.05999755859375,220.97000122070312,199.08349609375,1055500,0.0,0.0
2020-07-30 00:00:00-04:00,218.7899932861328,220.85000610351562,215.02999877929688,219.83999633789062,198.06544494628906,840100,0.0,0.0
2020-07-31 00:00:00-04:00,219.27999877929688,219.97999572753906,214.5,218.13999938964844,196.53379821777344,770400,0.0,0.0
2020-08-03 00:00:00-04:00,219.22999572753906,222.7100067138672,218.16000366210938,220.77000427246094,198.90330505371094,501600,0.0,0.0
2020-08-04 00:00:00-04:00,218.02000427246094,220.63999938964844,217.6999969482422,220.4499969482422,198.61502075195312,493700,0.0,0.0
2020-08-05 00:00:00-04:00,221.80999755859375,224.1300048828125,219.9199981689453,223.94000244140625,201.7593536376953,653000,0.0,0.0
2020-08-06 00:00:00-04:00,223.0399932861328,224.77000427246094,220.67999267578125,221.9499969482422,199.9664306640625,357800,0.0,0.0
2020-08-07 00:00:00-04:00,222.1999969482422,224.72000122070312,220.60000610351562,223.63999938964844,201.48902893066406,471700,0.0,0.0
2020-08-10 00:00:00-04:00,224.02999877929688,231.47000122070312,224.02999877929688,229.32000732421875,206.60647583007812,875200,0.0,0.0
2020-08-11 00:00:00-04:00,230.4199981689453,238.49000549316406,230.02000427246094,232.17999267578125,209.18316650390625,921500,0.0,0.0
2020-08-12 00:00:00-04:00,233.9499969482422,237.42999267578125,231.97000122070312,236.1199951171875,212.73294067382812,495600,0.0,0.0
2020-08-13 00:00:00-04:00,234.67999267578125,235.63999938964844,232.50999450683594,233.99000549316406,210.81394958496094,465800,0.0,0.0
2020-08-14 00:00:00-04:00,231.6300048828125,233.9499969482422,231.25,232.0500030517578,209.9814453125,308300,1.02,0.0
2020-08-17 00:00:00-04:00,233.1699981689453,234.99000549316406,232.5500030517578,233.4499969482422,211.24826049804688,403400,0.0,0.0
2020-08-18 00:00:00-04:00,232.97999572753906,234.8000030517578,232.3699951171875,233.02000427246094,210.85914611816406,440600,0.0,0.0
2020-08-19 00:00:00-04:00,232.0,232.49000549316406,227.32000732421875,228.67999267578125,206.93186950683594,701600,0.0,0.0
2020-08-20 00:00:00-04:00,227.44000244140625,229.0,226.02999877929688,226.8300018310547,205.25782775878906,455800,0.0,0.0
2020-08-21 00:00:00-04:00,227.11000061035156,229.17999267578125,226.42999267578125,228.52000427246094,206.78709411621094,380800,0.0,0.0
2020-08-24 00:00:00-04:00,230.17999267578125,230.7899932861328,227.64999389648438,230.7899932861328,208.84121704101562,596400,0.0,0.0
2020-08-25 00:00:00-04:00,232.0,234.08999633789062,229.8300018310547,230.83999633789062,208.886474609375,641000,0.0,0.0
2020-08-26 00:00:00-04:00,230.61000061035156,233.10000610351562,229.25999450683594,232.38999938964844,210.28909301757812,609100,0.0,0.0
2020-08-27 00:00:00-04:00,232.2899932861328,233.8000030517578,230.8800048828125,232.00999450683594,209.94522094726562,410300,0.0,0.0
2020-08-28 00:00:00-04:00,231.3300018310547,233.4499969482422,229.82000732421875,233.27000427246094,211.0854034423828,327300,0.0,0.0
2020-08-31 00:00:00-04:00,232.75,233.19000244140625,229.5,230.52999877929688,208.6059112548828,367300,0.0,0.0
2020-09-01 00:00:00-04:00,229.22000122070312,234.07000732421875,228.4600067138672,233.94000244140625,211.691650390625,257600,0.0,0.0
2020-09-02 00:00:00-04:00,234.74000549316406,238.33999633789062,232.47999572753906,237.3000030517578,214.7321319580078,560000,0.0,0.0
2020-09-03 00:00:00-04:00,236.33999633789062,237.4499969482422,225.67999267578125,228.80999755859375,207.04954528808594,550800,0.0,0.0
2020-09-04 00:00:00-04:00,231.67999267578125,232.4199981689453,225.27000427246094,228.25,206.54281616210938,585300,0.0,0.0
2020-09-08 00:00:00-04:00,225.97000122070312,226.1300048828125,220.3800048828125,220.9199981689453,199.90989685058594,523200,0.0,0.0
2020-09-09 00:00:00-04:00,223.1199951171875,226.25999450683594,222.0800018310547,224.57000732421875,203.2127685546875,624600,0.0,0.0
2020-09-10 00:00:00-04:00,225.36000061035156,226.74000549316406,218.72000122070312,219.3699951171875,198.50730895996094,592500,0.0,0.0
2020-09-11 00:00:00-04:00,220.6199951171875,223.02000427246094,219.13999938964844,222.25,201.1134033203125,524400,0.0,0.0
2020-09-14 00:00:00-04:00,224.6300048828125,226.10000610351562,222.80999755859375,224.66000366210938,203.29420471191406,389300,0.0,0.0
2020-09-15 00:00:00-04:00,224.97999572753906,228.3699951171875,224.6300048828125,224.77000427246094,203.39378356933594,410600,0.0,0.0
2020-09-16 00:00:00-04:00,226.9499969482422,229.22999572753906,224.7899932861328,225.27999877929688,203.85525512695312,489100,0.0,0.0
2020-09-17 00:00:00-04:00,222.88999938964844,226.02999877929688,219.8000030517578,222.1999969482422,201.06817626953125,537900,0.0,0.0
2020-09-18 00:00:00-04:00,222.69000244140625,224.3300018310547,218.4600067138672,218.9600067138672,198.13629150390625,774100,0.0,0.0
2020-09-21 00:00:00-04:00,215.25999450683594,216.2100067138672,206.57000732421875,209.0800018310547,189.19589233398438,1024600,0.0,0.0
2020-09-22 00:00:00-04:00,209.32000732421875,214.32000732421875,209.2899932861328,214.08999633789062,193.72946166992188,558100,0.0,0.0
2020-09-23 00:00:00-04:00,214.5,216.47999572753906,212.52999877929688,212.77999877929688,192.54403686523438,669900,0.0,0.0
2020-09-24 00:00:00-04:00,214.00999450683594,219.05999755859375,210.74000549316406,217.3699951171875,196.69749450683594,471600,0.0,0.0
2020-09-25 00:00:00-04:00,215.5500030517578,217.2100067138672,214.6999969482422,215.6699981689453,195.15919494628906,563400,0.0,0.0
2020-09-28 00:00:00-04:00,219.1199951171875,221.74000549316406,218.3699951171875,219.99000549316406,199.06837463378906,470500,0.0,0.0
2020-09-29 00:00:00-04:00,220.0500030517578,222.63999938964844,218.69000244140625,221.22999572753906,200.19039916992188,388700,0.0,0.0
2020-09-30 00:00:00-04:00,222.5800018310547,225.77999877929688,219.5500030517578,220.67999267578125,199.69271850585938,609200,0.0,0.0
2020-10-01 00:00:00-04:00,222.6699981689453,224.36000061035156,216.36000061035156,219.52000427246094,198.64303588867188,703800,0.0,0.0
2020-10-02 00:00:00-04:00,215.72000122070312,225.49000549316406,215.50999450683594,223.42999267578125,202.1811981201172,512900,0.0,0.0
2020-10-05 00:00:00-04:00,227.1300048828125,233.25,226.22999572753906,233.22000122070312,211.0401153564453,715300,0.0,0.0
2020-10-06 00:00:00-04:00,233.60000610351562,238.22999572753906,232.41000366210938,232.7899932861328,210.65101623535156,519200,0.0,0.0
2020-10-07 00:00:00-04:00,235.9499969482422,238.27999877929688,233.38999938964844,236.4199981689453,213.93576049804688,428900,0.0,0.0
2020-10-08 00:00:00-04:00,237.42999267578125,241.35000610351562,235.39999389648438,241.1199951171875,218.18881225585938,655500,0.0,0.0
2020-10-09 00:00:00-04:00,243.9199981689453,246.4600067138672,242.64999389648438,244.27999877929688,221.04827880859375,764000,0.0,0.0
2020-10-12 00:00:00-04:00,247.77999877929688,249.0,244.0399932861328,244.22999572753906,221.0030975341797,604000,0.0,0.0
2020-10-13 00:00:00-04:00,244.0,246.00999450683594,241.17999267578125,243.14999389648438,220.02574157714844,480500,0.0,0.0
2020-10-14 00:00:00-04:00,244.75,246.83999633789062,243.49000549316406,243.97999572753906,220.77682495117188,460700,0.0,0.0
2020-10-15 00:00:00-04:00,240.77000427246094,248.47999572753906,240.77000427246094,247.4499969482422,223.91683959960938,371600,0.0,0.0
2020-10-16 00:00:00-04:00,248.97999572753906,251.9499969482422,248.10000610351562,249.02999877929688,225.3465576171875,452100,0.0,0.0
2020-10-19 00:00:00-04:00,248.13999938964844,250.8699951171875,243.32000732421875,244.4600067138672,221.21121215820312,406600,0.0,0.0
2020-10-20 00:00:00-04:00,245.6699981689453,247.3000030517578,238.63999938964844,240.97999572753906,218.06211853027344,844100,0.0,0.0
2020-10-21 00:00:00-04:00,240.5399932861328,246.11000061035156,236.64999389648438,236.82000732421875,214.29776000976562,730200,0.0,0.0
2020-10-22 00:00:00-04:00,237.82000732421875,241.3000030517578,237.64999389648438,239.3300018310547,216.5690460205078,594900,0.0,0.0
2020-10-23 00:00:00-04:00,241.27999877929688,243.92999267578125,240.25999450683594,243.10000610351562,219.98049926757812,562300,0.0,0.0
2020-10-26 00:00:00-04:00,240.02999877929688,241.1300048828125,234.6699981689453,236.94000244140625,214.40635681152344,610100,0.0,0.0
2020-10-27 00:00:00-04:00,237.5,238.69000244140625,233.72000122070312,236.8800048828125,214.35206604003906,739200,0.0,0.0
2020-10-28 00:00:00-04:00,232.4199981689453,236.36000061035156,230.69000244140625,234.00999450683594,211.75502014160156,845100,0.0,0.0
2020-10-29 00:00:00-04:00,234.0,238.7100067138672,231.5800018310547,235.83999633789062,213.41094970703125,488000,0.0,0.0
2020-10-30 00:00:00-04:00,235.1199951171875,237.6300048828125,232.39999389648438,237.1199951171875,214.56922912597656,478600,0.0,0.0
2020-11-02 00:00:00-05:00,240.07000732421875,246.27000427246094,240.07000732421875,245.38999938964844,222.052734375,694000,0.0,0.0
2020-11-03 00:00:00-05:00,249.19000244140625,254.7899932861328,246.77999877929688,253.3699951171875,229.2738494873047,573300,0.0,0.0
2020-11-04 00:00:00-05:00,251.02000427246094,251.27000427246094,241.5800018310547,242.69000244140625,219.60952758789062,813700,0.0,0.0
2020-11-05 00:00:00-05:00,247.60000610351562,255.6999969482422,246.33999633789062,250.3000030517578,226.49575805664062,528400,0.0,0.0
2020-11-06 00:00:00-05:00,250.67999267578125,252.44000244140625,249.30999755859375,249.44000244140625,225.71759033203125,518100,0.0,0.0
2020-11-09 00:00:00-05:00,264.5,267.4800109863281,254.2100067138672,254.74000549316406,230.51351928710938,928800,0.0,0.0
2020-11-10 00:00:00-05:00,242.1199951171875,253.91000366210938,237.02000427246094,249.0500030517578,225.36463928222656,1032400,0.0,0.0
2020-11-11 00:00:00-05:00,251.1199951171875,252.02999877929688,241.10000610351562,242.19000244140625,219.1570587158203,987700,0.0,0.0
2020-11-12 00:00:00-05:00,242.19000244140625,242.19000244140625,231.74000549316406,235.0800018310547,212.72323608398438,1253900,0.0,0.0
2020-11-13 00:00:00-05:00,237.5399932861328,239.94000244140625,236.72999572753906,239.77999877929688,217.96839904785156,740500,1.07,0.0
2020-11-16 00:00:00-05:00,241.9499969482422,242.97999572753906,236.50999450683594,241.22000122070312,219.2773895263672,914300,0.0,0.0
2020-11-17 00:00:00-05:00,241.80999755859375,243.69000244140625,239.27999877929688,241.32000732421875,219.36825561523438,663700,0.0,0.0
2020-11-18 00:00:00-05:00,241.77000427246094,249.0800018310547,241.19000244140625,245.5,223.16806030273438,907500,0.0,0.0
2020-11-19 00:00:00-05:00,245.5,250.63999938964844,242.5500030517578,250.13999938964844,227.38600158691406,770700,0.0,0.0
2020-11-20 00:00:00-05:00,250.0,251.33999633789062,246.97000122070312,247.6300048828125,225.10427856445312,778800,0.0,0.0
2020-11-23 00:00:00-05:00,251.52000427246094,253.55999755859375,249.4600067138672,251.77999877929688,228.8767852783203,573300,0.0,0.0
2020-11-24 00:00:00-05:00,256.1199951171875,259.25,253.5500030517578,256.80999755859375,233.44923400878906,896500,0.0,0.0
2020-11-25 00:00:00-05:00,256.1000061035156,257.80999755859375,252.4499969482422,256.42999267578125,233.1038055419922,539600,0.0,0.0
2020-11-27 00:00:00-05:00,257.6600036621094,259.010009765625,255.2100067138672,255.92999267578125,232.64926147460938,243800,0.0,0.0
2020-11-30 00:00:00-05:00,253.38999938964844,255.5800018310547,249.44000244140625,255.55999755859375,232.3129119873047,972900,0.0,0.0
2020-12-01 00:00:00-05:00,258.0,259.8299865722656,246.80999755859375,246.9600067138672,224.49526977539062,977300,0.0,0.0
2020-12-02 00:00:00-05:00,246.6300048828125,248.92999267578125,245.5,246.69000244140625,224.24981689453125,780100,0.0,0.0
2020-12-03 00:00:00-05:00,245.67999267578125,250.77000427246094,244.07000732421875,245.24000549316406,222.9317169189453,644600,0.0,0.0
2020-12-04 00:00:00-05:00,245.3000030517578,249.72000122070312,245.27999877929688,247.9600067138672,225.40432739257812,582900,0.0,0.0
2020-12-07 00:00:00-05:00,247.63999938964844,248.13999938964844,243.1199951171875,245.1300048828125,222.83172607421875,648800,0.0,0.0
2020-12-08 00:00:00-05:00,244.22000122070312,250.17999267578125,244.0800018310547,249.60000610351562,226.89511108398438,493200,0.0,0.0
2020-12-09 00:00:00-05:00,249.1199951171875,252.25,248.44000244140625,251.27999877929688,228.42227172851562,660200,0.0,0.0
2020-12-10 00:00:00-05:00,249.75,250.39999389648438,244.1300048828125,246.77000427246094,224.32252502441406,696500,0.0,0.0
2020-12-11 00:00:00-05:00,245.1300048828125,249.05999755859375,244.8699951171875,246.72000122070312,224.27708435058594,578600,0.0,0.0
2020-12-14 00:00:00-05:00,248.19000244140625,249.10000610351562,242.77000427246094,242.99000549316406,220.88638305664062,428200,0.0,0.0
2020-12-15 00:00:00-05:00,245.7100067138672,249.44000244140625,244.24000549316406,247.22000122070312,224.73159790039062,483500,0.0,0.0
2020-12-16 00:00:00-05:00,248.52000427246094,248.77000427246094,244.16000366210938,245.72999572753906,223.3771514892578,535500,0.0,0.0
2020-12-17 00:00:00-05:00,246.69000244140625,247.9199981689453,244.6199951171875,247.19000244140625,224.70436096191406,500600,0.0,0.0
2020-12-18 00:00:00-05:00,246.91000366210938,248.39999389648438,242.7100067138672,247.9499969482422,225.39517211914062,1325300,0.0,0.0
2020-12-21 00:00:00-05:00,244.0500030517578,250.16000366210938,243.30999755859375,249.36000061035156,226.67694091796875,702900,0.0,0.0
2020-12-22 00:00:00-05:00,249.05999755859375,249.13999938964844,245.63999938964844,247.63999938964844,225.11341857910156,538000,0.0,0.0
2020-12-23 00:00:00-05:00,248.41000366210938,250.88999938964844,248.02999877929688,248.02999877929688,225.46792602539062,498000,0.0,0.0
2020-12-24 00:00:00-05:00,248.55999755859375,249.0800018310547,247.2100067138672,248.6300048828125,226.01332092285156,131900,0.0,0.0
2020-12-28 00:00:00-05:00,251.41000366210938,251.99000549316406,248.05999755859375,248.36000061035156,225.7678985595703,416000,0.0,0.0
2020-12-29 00:00:00-05:00,250.22999572753906,250.36000061035156,244.67999267578125,246.66000366210938,224.22251892089844,396300,0.0,0.0
2020-12-30 00:00:00-05:00,247.3699951171875,249.89999389648438,247.10000610351562,249.10000610351562,226.44061279296875,296000,0.0,0.0
2020-12-31 00:00:00-05:00,249.99000549316406,251.08999633789062,247.64999389648438,250.80999755859375,227.9950408935547,354700,0.0,0.0
2021-01-04 00:00:00-05:00,251.88999938964844,256.489990234375,245.0500030517578,246.47000122070312,224.04981994628906,887000,0.0,0.0
2021-01-05 00:00:00-05:00,246.2100067138672,248.74000549316406,244.5,247.07000732421875,224.5952606201172,683100,0.0,0.0
2021-01-06 00:00:00-05:00,250.47999572753906,260.9100036621094,250.47999572753906,258.55999755859375,235.04006958007812,901800,0.0,0.0
2021-01-07 00:00:00-05:00,261.3699951171875,262.5400085449219,257.5799865722656,259.5400085449219,235.93087768554688,587300,0.0,0.0
2021-01-08 00:00:00-05:00,260.7300109863281,264.25,258.2300109863281,261.80999755859375,237.99447631835938,700900,0.0,0.0
2021-01-11 00:00:00-05:00,259.1099853515625,264.1300048828125,257.0199890136719,262.5899963378906,238.70350646972656,578700,0.0,0.0
2021-01-12 00:00:00-05:00,262.5199890136719,265.8399963378906,260.8900146484375,265.4700012207031,241.32147216796875,446300,0.0,0.0
2021-01-13 00:00:00-05:00,266.2099914550781,266.3699951171875,262.1099853515625,262.4200134277344,238.54893493652344,407300,0.0,0.0
2021-01-14 00:00:00-05:00,263.3599853515625,264.55999755859375,260.70001220703125,262.75,238.84893798828125,376100,0.0,0.0
2021-01-15 00:00:00-05:00,258.9700012207031,258.9700012207031,253.3800048828125,255.60000610351562,232.34930419921875,663900,0.0,0.0
2021-01-19 00:00:00-05:00,258.5899963378906,263.1199951171875,258.45001220703125,261.0,237.25811767578125,525100,0.0,0.0
2021-01-20 00:00:00-05:00,261.489990234375,265.0799865722656,260.1300048828125,263.9700012207031,239.95791625976562,519600,0.0,0.0
2021-01-21 00:00:00-05:00,264.17999267578125,268.5400085449219,261.94000244140625,267.70001220703125,243.3486785888672,774100,0.0,0.0
2021-01-22 00:00:00-05:00,264.9800109863281,268.9100036621094,262.7900085449219,265.9700012207031,241.7760009765625,735800,0.0,0.0
2021-01-25 00:00:00-05:00,265.510009765625,266.7300109863281,260.0899963378906,260.8500061035156,237.1217041015625,803000,0.0,0.0
2021-01-26 00:00:00-05:00,255.49000549316406,257.19000244140625,244.00999450683594,244.4499969482422,222.2135467529297,2311000,0.0,0.0
2021-01-27 00:00:00-05:00,245.91000366210938,247.17999267578125,238.49000549316406,241.0500030517578,219.1228485107422,2246400,0.0,0.0
2021-01-28 00:00:00-05:00,245.0399932861328,254.3800048828125,243.22000122070312,251.1999969482422,228.34957885742188,938000,0.0,0.0
2021-01-29 00:00:00-05:00,250.0,255.32000732421875,248.11000061035156,248.52999877929688,225.9224090576172,1108900,0.0,0.0
2021-02-01 00:00:00-05:00,252.02000427246094,252.60000610351562,247.08999633789062,247.67999267578125,225.14976501464844,985900,0.0,0.0
2021-02-02 00:00:00-05:00,250.0,254.05999755859375,249.42999267578125,252.52000427246094,229.5494842529297,677300,0.0,0.0
2021-02-03 00:00:00-05:00,252.6300048828125,253.85000610351562,245.0,245.38999938964844,223.0680694580078,720600,0.0,0.0
2021-02-04 00:00:00-05:00,245.74000549316406,246.5,237.77000427246094,241.27000427246094,219.3228302001953,1422600,0.0,0.0
2021-02-05 00:00:00-05:00,244.41000366210938,246.0399932861328,240.38999938964844,242.88999938964844,220.7954864501953,894400,0.0,0.0
2021-02-08 00:00:00-05:00,245.33999633789062,247.3300018310547,244.0800018310547,247.25999450683594,224.7679443359375,595700,0.0,0.0
2021-02-09 00:00:00-05:00,247.1300048828125,247.91000366210938,243.63999938964844,246.52000427246094,224.09527587890625,557700,0.0,0.0
2021-02-10 00:00:00-05:00,248.8699951171875,248.89999389648438,244.16000366210938,244.75,222.4862823486328,600100,0.0,0.0
2021-02-11 00:00:00-05:00,245.89999389648438,246.92999267578125,242.36000061035156,246.86000061035156,224.4043731689453,633400,0.0,0.0
2021-02-12 00:00:00-05:00,244.83999633789062,249.6699981689453,243.0500030517578,249.17999267578125,227.49935913085938,611500,1.07,0.0
2021-02-16 00:00:00-05:00,250.99000549316406,252.66000366210938,248.82000732421875,249.72000122070312,227.99241638183594,561900,0.0,0.0
2021-02-17 00:00:00-05:00,247.72000122070312,251.8800048828125,246.35000610351562,248.10000610351562,226.51336669921875,632400,0.0,0.0
2021-02-18 00:00:00-05:00,247.0,247.14999389648438,242.0,244.19000244140625,222.94357299804688,444900,0.0,0.0
2021-02-19 00:00:00-05:00,246.3800048828125,250.5,245.92999267578125,248.22999572753906,226.6320343017578,576300,0.0,0.0
2021-02-22 00:00:00-05:00,246.33999633789062,247.66000366210938,243.0800018310547,243.9499969482422,222.72438049316406,590500,0.0,0.0
2021-02-23 00:00:00-05:00,242.5,246.32000732421875,237.13999938964844,245.41000366210938,224.0574188232422,586000,0.0,0.0
2021-02-24 00:00:00-05:00,245.63999938964844,247.7100067138672,242.94000244140625,247.0399932861328,225.5455780029297,607700,0.0,0.0
2021-02-25 00:00:00-05:00,247.02999877929688,247.6199951171875,243.0500030517578,244.41000366210938,223.14443969726562,427700,0.0,0.0
2021-02-26 00:00:00-05:00,246.5,247.63999938964844,242.24000549316406,243.27999877929688,222.11276245117188,617200,0.0,0.0
2021-03-01 00:00:00-05:00,245.50999450683594,253.02999877929688,245.50999450683594,251.24000549316406,229.38015747070312,722600,0.0,0.0
2021-03-02 00:00:00-05:00,252.1300048828125,252.33999633789062,247.75,248.7100067138672,227.07032775878906,438100,0.0,0.0
2021-03-03 00:00:00-05:00,247.13999938964844,253.44000244140625,246.91000366210938,250.83999633789062,229.0149383544922,737300,0.0,0.0
2021-03-04 00:00:00-05:00,249.36000061035156,254.39999389648438,242.0500030517578,246.07000732421875,224.6599884033203,940900,0.0,0.0
2021-03-05 00:00:00-05:00,248.61000061035156,254.10000610351562,244.0,253.08999633789062,231.06919860839844,575300,0.0,0.0
2021-03-08 00:00:00-05:00,254.4499969482422,259.8999938964844,253.61000061035156,257.8699951171875,235.4332733154297,721600,0.0,0.0
2021-03-09 00:00:00-05:00,259.55999755859375,263.94000244140625,258.45001220703125,259.7200012207031,237.122314453125,746400,0.0,0.0
2021-03-10 00:00:00-05:00,260.3699951171875,265.1600036621094,259.010009765625,263.6600036621094,240.71951293945312,628200,0.0,0.0
2021-03-11 00:00:00-05:00,265.010009765625,268.20001220703125,262.69000244140625,264.25,241.2581787109375,743100,0.0,0.0
2021-03-12 00:00:00-05:00,265.0,265.239990234375,262.0199890136719,265.239990234375,242.16204833984375,644700,0.0,0.0
2021-03-15 00:00:00-04:00,264.0,265.05999755859375,260.20001220703125,265.05999755859375,241.9977264404297,553700,0.0,0.0
2021-03-16 00:00:00-04:00,265.17999267578125,265.17999267578125,257.0799865722656,258.3399963378906,235.86236572265625,861800,0.0,0.0
2021-03-17 00:00:00-04:00,258.6600036621094,261.760009765625,257.3299865722656,261.3299865722656,238.59222412109375,505400,0.0,0.0
2021-03-18 00:00:00-04:00,261.1700134277344,264.8699951171875,259.1499938964844,260.30999755859375,237.66102600097656,600000,0.0,0.0
2021-03-19 00:00:00-04:00,258.95001220703125,260.5199890136719,255.52999877929688,258.29998779296875,235.82586669921875,1027900,0.0,0.0
2021-03-22 00:00:00-04:00,259.3599853515625,263.1199951171875,256.5799865722656,261.8699951171875,239.0852508544922,666900,0.0,0.0
2021-03-23 00:00:00-04:00,260.9800109863281,263.45001220703125,257.1000061035156,258.7200012207031,236.20932006835938,605600,0.0,0.0
2021-03-24 00:00:00-04:00,260.0199890136719,265.989990234375,259.8999938964844,263.19000244140625,240.29039001464844,628300,0.0,0.0
2021-03-25 00:00:00-04:00,263.260009765625,265.3299865722656,256.6300048828125,264.6499938964844,241.62339782714844,523600,0.0,0.0
2021-03-26 00:00:00-04:00,266.69000244140625,274.1000061035156,266.0400085449219,273.54998779296875,249.7489776611328,761700,0.0,0.0
2021-03-29 00:00:00-04:00,273.0,275.42999267578125,270.2099914550781,270.32000732421875,246.80001831054688,619800,0.0,0.0
2021-03-30 00:00:00-04:00,269.739990234375,272.20001220703125,266.44000244140625,267.6400146484375,244.35325622558594,586900,0.0,0.0
2021-03-31 00:00:00-04:00,268.510009765625,270.1499938964844,264.3999938964844,265.44000244140625,242.34466552734375,734800,0.0,0.0
2021-04-01 00:00:00-04:00,266.6400146484375,266.9800109863281,261.55999755859375,263.44000244140625,240.5186309814453,784500,0.0,0.0
2021-04-05 00:00:00-04:00,265.989990234375,268.05999755859375,264.7200012207031,267.6600036621094,244.37152099609375,684900,0.0,0.0
2021-04-06 00:00:00-04:00,266.32000732421875,267.8999938964844,261.8500061035156,262.9200134277344,240.04391479492188,738400,0.0,0.0
2021-04-07 00:00:00-04:00,261.3500061035156,262.6700134277344,259.44000244140625,261.2699890136719,238.53741455078125,647800,0.0,0.0
2021-04-08 00:00:00-04:00,260.9700012207031,262.17999267578125,259.25,261.0400085449219,238.32745361328125,452800,0.0,0.0
2021-04-09 00:00:00-04:00,263.1300048828125,265.0899963378906,257.1700134277344,264.5899963378906,241.56857299804688,506500,0.0,0.0
2021-04-12 00:00:00-04:00,264.0799865722656,266.7699890136719,263.5,265.0899963378906,242.0251007080078,549800,0.0,0.0
2021-04-13 00:00:00-04:00,260.2699890136719,262.4800109863281,258.7799987792969,261.94000244140625,239.14918518066406,604600,0.0,0.0
2021-04-14 00:00:00-04:00,262.760009765625,263.4599914550781,259.3599853515625,259.6000061035156,237.01272583007812,464200,0.0,0.0
2021-04-15 00:00:00-04:00,260.2799987792969,264.6000061035156,259.8599853515625,264.2799987792969,241.28555297851562,588800,0.0,0.0
2021-04-16 00:00:00-04:00,267.44000244140625,269.6199951171875,265.54998779296875,265.8500061035156,242.71897888183594,580200,0.0,0.0
2021-04-19 00:00:00-04:00,264.8999938964844,267.20001220703125,263.7699890136719,267.1000061035156,243.86021423339844,517500,0.0,0.0
2021-04-20 00:00:00-04:00,267.80999755859375,268.0,261.3599853515625,263.2200012207031,240.3177947998047,435100,0.0,0.0
2021-04-21 00:00:00-04:00,263.3299865722656,267.8900146484375,263.1499938964844,267.82000732421875,244.517578125,452100,0.0,0.0
2021-04-22 00:00:00-04:00,268.3699951171875,268.3699951171875,263.9599914550781,265.04998779296875,241.98861694335938,694700,0.0,0.0
2021-04-23 00:00:00-04:00,265.6700134277344,269.42999267578125,265.19000244140625,269.05999755859375,245.649658203125,682600,0.0,0.0
2021-04-26 00:00:00-04:00,268.8299865722656,272.54998779296875,266.1199951171875,267.4200134277344,244.1523895263672,558500,0.0,0.0
2021-04-27 00:00:00-04:00,268.79998779296875,270.4599914550781,266.5199890136719,268.6199951171875,245.24795532226562,701900,0.0,0.0
2021-04-28 00:00:00-04:00,266.9599914550781,269.55999755859375,263.3599853515625,266.25,243.08416748046875,738700,0.0,0.0
2021-04-29 00:00:00-04:00,269.4599914550781,271.760009765625,266.7900085449219,267.7699890136719,244.47189331054688,529100,0.0,0.0
2021-04-30 00:00:00-04:00,265.1099853515625,267.4599914550781,263.1499938964844,264.260009765625,241.26731872558594,613900,0.0,0.0
2021-05-03 00:00:00-04:00,266.79998779296875,266.79998779296875,260.5199890136719,261.1700134277344,238.44622802734375,708000,0.0,0.0
2021-05-04 00:00:00-04:00,259.69000244140625,263.44000244140625,258.2099914550781,262.6000061035156,239.751708984375,606100,0.0,0.0
2021-05-05 00:00:00-04:00,264.07000732421875,268.4599914550781,262.3699951171875,266.5299987792969,243.33981323242188,991200,0.0,0.0
2021-05-06 00:00:00-04:00,267.0,268.6300048828125,264.79998779296875,268.5,245.13845825195312,579500,0.0,0.0
2021-05-07 00:00:00-04:00,267.30999755859375,271.2900085449219,265.94000244140625,270.67999267578125,247.12872314453125,616200,0.0,0.0
2021-05-10 00:00:00-04:00,271.0400085449219,274.1400146484375,270.3500061035156,270.80999755859375,247.24742126464844,507800,0.0,0.0
2021-05-11 00:00:00-04:00,269.0199890136719,270.1700134277344,266.0,268.30999755859375,244.96493530273438,659800,0.0,0.0
2021-05-12 00:00:00-04:00,266.3800048828125,269.3900146484375,260.44000244140625,260.5400085449219,237.87095642089844,746200,0.0,0.0
2021-05-13 00:00:00-04:00,261.1099853515625,267.1300048828125,261.0,265.7099914550781,242.59107971191406,416400,0.0,0.0
2021-05-14 00:00:00-04:00,266.8800048828125,269.6400146484375,264.6300048828125,267.4599914550781,245.17620849609375,460800,1.07,0.0
2021-05-17 00:00:00-04:00,268.3599853515625,268.760009765625,262.3299865722656,264.94000244140625,242.8661651611328,502600,0.0,0.0
2021-05-18 00:00:00-04:00,264.6499938964844,264.6700134277344,260.42999267578125,261.3900146484375,239.6119384765625,783700,0.0,0.0
2021-05-19 00:00:00-04:00,257.82000732421875,259.70001220703125,253.3699951171875,258.4200134277344,236.88937377929688,780000,0.0,0.0
2021-05-20 00:00:00-04:00,258.7799987792969,260.1099853515625,256.510009765625,258.3500061035156,236.82522583007812,549100,0.0,0.0
2021-05-21 00:00:00-04:00,259.5299987792969,262.5,259.0,260.20001220703125,238.52110290527344,424000,0.0,0.0
2021-05-24 00:00:00-04:00,261.7300109863281,263.3500061035156,260.0299987792969,262.3900146484375,240.52859497070312,415500,0.0,0.0
2021-05-25 00:00:00-04:00,262.75,264.8399963378906,259.9800109863281,260.5299987792969,238.82363891601562,551800,0.0,0.0
2021-05-26 00:00:00-04:00,260.04998779296875,261.0,257.25,260.510009765625,238.8052978515625,623400,0.0,0.0
2021-05-27 00:00:00-04:00,263.8599853515625,265.6300048828125,262.2699890136719,263.0899963378906,241.17034912109375,1717300,0.0,0.0
2021-05-28 00:00:00-04:00,263.7300109863281,264.5400085449219,260.6199951171875,263.7200012207031,241.747802734375,598500,0.0,0.0
2021-06-01 00:00:00-04:00,267.32000732421875,268.45001220703125,265.3699951171875,267.8900146484375,245.57037353515625,737400,0.0,0.0
2021-06-02 00:00:00-04:00,268.32000732421875,272.489990234375,267.2799987792969,271.82000732421875,249.17294311523438,751400,0.0,0.0
2021-06-03 00:00:00-04:00,270.8800048828125,275.010009765625,269.8299865722656,274.44000244140625,251.5746612548828,642000,0.0,0.0
2021-06-04 00:00:00-04:00,275.7200012207031,277.1400146484375,274.1199951171875,275.6199951171875,252.65631103515625,502200,0.0,0.0
2021-06-07 00:00:00-04:00,276.3699951171875,277.0,273.1700134277344,274.7300109863281,251.8404541015625,452400,0.0,0.0
2021-06-08 00:00:00-04:00,274.8999938964844,277.8900146484375,273.75,275.42999267578125,252.48216247558594,649400,0.0,0.0
2021-06-09 00:00:00-04:00,275.2300109863281,279.8800048828125,274.3500061035156,279.1499938964844,255.8922119140625,1061800,0.0,0.0
2021-06-10 00:00:00-04:00,280.20001220703125,281.80999755859375,278.5,281.6700134277344,258.2022399902344,892500,0.0,0.0
2021-06-11 00:00:00-04:00,282.9200134277344,284.2300109863281,280.2099914550781,284.1499938964844,260.4755859375,1002700,0.0,0.0
2021-06-14 00:00:00-04:00,283.94000244140625,283.94000244140625,279.2200012207031,281.70001220703125,258.2297668457031,689900,0.0,0.0
2021-06-15 00:00:00-04:00,282.8399963378906,284.44000244140625,279.80999755859375,284.010009765625,260.34735107421875,708600,0.0,0.0
2021-06-16 00:00:00-04:00,284.0,285.92999267578125,281.2300109863281,283.1300048828125,259.5406799316406,1395200,0.0,0.0
2021-06-17 00:00:00-04:00,283.19000244140625,283.19000244140625,268.9700012207031,270.989990234375,248.41217041015625,933600,0.0,0.0
2021-06-18 00:00:00-04:00,267.2799987792969,272.2699890136719,266.7699890136719,271.7099914550781,249.0720672607422,1466300,0.0,0.0
2021-06-21 00:00:00-04:00,273.30999755859375,280.3299865722656,273.30999755859375,280.32000732421875,256.9646911621094,1244700,0.0,0.0
2021-06-22 00:00:00-04:00,281.1000061035156,285.67999267578125,278.4800109863281,285.17999267578125,261.4198303222656,1712800,0.0,0.0
2021-06-23 00:00:00-04:00,286.0,289.5199890136719,285.20001220703125,285.79998779296875,261.9881591796875,1808300,0.0,0.0
2021-06-24 00:00:00-04:00,287.6700134277344,287.6700134277344,283.04998779296875,285.510009765625,261.7223815917969,715600,0.0,0.0
2021-06-25 00:00:00-04:00,286.4700012207031,289.3699951171875,284.3999938964844,285.6400146484375,261.84149169921875,1274100,0.0,0.0
2021-06-28 00:00:00-04:00,285.6700134277344,285.6700134277344,281.5299987792969,283.239990234375,259.64141845703125,924500,0.0,0.0
2021-06-29 00:00:00-04:00,284.3800048828125,285.07000732421875,282.32000732421875,283.5799865722656,259.9531555175781,747500,0.0,0.0
2021-06-30 00:00:00-04:00,282.5,286.54998779296875,281.7099914550781,286.0199890136719,262.1898193359375,597200,0.0,0.0
2021-07-01 00:00:00-04:00,288.010009765625,288.010009765625,284.7200012207031,285.29998779296875,261.5298767089844,543200,0.0,0.0
2021-07-02 00:00:00-04:00,285.7300109863281,286.07000732421875,283.2900085449219,285.2300109863281,261.4656982421875,628500,0.0,0.0
2021-07-06 00:00:00-04:00,286.42999267578125,286.6700134277344,280.3500061035156,284.0,260.33819580078125,711600,0.0,0.0
2021-07-07 00:00:00-04:00,283.760009765625,293.20001220703125,282.6099853515625,291.9599914550781,267.6349182128906,642000,0.0,0.0
2021-07-08 00:00:00-04:00,285.32000732421875,290.4800109863281,285.32000732421875,287.5,263.54656982421875,460100,0.0,0.0
2021-07-09 00:00:00-04:00,291.8800048828125,292.95001220703125,289.9800109863281,291.20001220703125,266.9382629394531,429400,0.0,0.0
2021-07-12 00:00:00-04:00,290.5,293.75,290.3999938964844,292.9100036621094,268.50579833984375,379000,0.0,0.0
2021-07-13 00:00:00-04:00,292.8900146484375,293.17999267578125,290.94000244140625,291.42999267578125,267.1492004394531,415100,0.0,0.0
2021-07-14 00:00:00-04:00,292.0899963378906,293.0799865722656,289.0899963378906,291.8800048828125,267.5616455078125,410200,0.0,0.0
2021-07-15 00:00:00-04:00,291.95001220703125,294.8500061035156,290.4800109863281,293.82000732421875,269.3399658203125,437900,0.0,0.0
2021-07-16 00:00:00-04:00,295.7099914550781,295.7099914550781,292.94000244140625,293.9200134277344,269.431640625,586300,0.0,0.0
2021-07-19 00:00:00-04:00,290.1199951171875,291.4599914550781,286.2200012207031,290.25,266.0674743652344,694300,0.0,0.0
2021-07-20 00:00:00-04:00,290.8399963378906,297.5799865722656,289.7699890136719,295.9200134277344,271.26507568359375,539500,0.0,0.0
2021-07-21 00:00:00-04:00,297.260009765625,298.7099914550781,296.9100036621094,298.2900085449219,273.4375305175781,417400,0.0,0.0
2021-07-22 00:00:00-04:00,299.0400085449219,299.2900085449219,296.760009765625,297.510009765625,272.7225341796875,332700,0.0,0.0
2021-07-23 00:00:00-04:00,299.45001220703125,299.9800109863281,296.989990234375,299.25,274.3175354003906,361200,0.0,0.0
2021-07-26 00:00:00-04:00,299.2099914550781,300.0899963378906,296.3900146484375,297.80999755859375,272.99749755859375,773700,0.0,0.0
2021-07-27 00:00:00-04:00,290.6199951171875,296.7699890136719,281.44000244140625,293.489990234375,269.0374755859375,1021300,0.0,0.0
2021-07-28 00:00:00-04:00,288.6199951171875,301.0,287.510009765625,299.17999267578125,274.2533874511719,1023900,0.0,0.0
2021-07-29 00:00:00-04:00,301.9800109863281,304.9800109863281,297.1600036621094,304.80999755859375,279.41436767578125,710300,0.0,0.0
2021-07-30 00:00:00-04:00,304.25,308.7900085449219,303.6099853515625,307.4200134277344,281.806884765625,632300,0.0,0.0
2021-08-02 00:00:00-04:00,308.760009765625,310.3399963378906,305.260009765625,307.30999755859375,281.70599365234375,692900,0.0,0.0
2021-08-03 00:00:00-04:00,308.7699890136719,312.1700134277344,307.67999267578125,311.05999755859375,285.1436462402344,968200,0.0,0.0
2021-08-04 00:00:00-04:00,309.55999755859375,313.7699890136719,309.010009765625,311.9200134277344,285.9319152832031,542500,0.0,0.0
2021-08-05 00:00:00-04:00,314.3699951171875,314.8500061035156,310.8399963378906,313.7099914550781,287.57281494140625,778100,0.0,0.0
2021-08-06 00:00:00-04:00,314.8299865722656,315.9700012207031,312.9200134277344,314.3299865722656,288.14117431640625,549600,0.0,0.0
2021-08-09 00:00:00-04:00,314.04998779296875,315.8800048828125,312.1499938964844,314.0299987792969,287.8661193847656,609300,0.0,0.0
2021-08-10 00:00:00-04:00,314.5799865722656,318.6499938964844,314.5799865722656,318.4100036621094,291.8812561035156,531300,0.0,0.0
2021-08-11 00:00:00-04:00,319.5,320.95001220703125,313.44000244140625,316.4200134277344,290.0570373535156,985500,0.0,0.0
2021-08-12 00:00:00-04:00,315.8800048828125,318.2900085449219,315.8800048828125,317.19000244140625,290.76287841796875,453900,0.0,0.0
2021-08-13 00:00:00-04:00,316.54998779296875,318.8900146484375,315.0899963378906,316.5299987792969,291.1400146484375,317800,1.07,0.0
2021-08-16 00:00:00-04:00,316.1400146484375,319.54998779296875,314.9599914550781,319.4200134277344,293.7981872558594,318100,0.0,0.0
2021-08-17 00:00:00-04:00,318.1700134277344,318.54998779296875,311.9700012207031,313.25,288.12310791015625,608800,0.0,0.0
2021-08-18 00:00:00-04:00,312.42999267578125,315.5799865722656,311.4100036621094,312.5899963378906,287.51611328125,404900,0.0,0.0
2021-08-19 00:00:00-04:00,310.42999267578125,318.2699890136719,308.9800109863281,314.3999938964844,289.1808776855469,593000,0.0,0.0
2021-08-20 00:00:00-04:00,314.3599853515625,317.6300048828125,314.3599853515625,315.04998779296875,289.7786560058594,272800,0.0,0.0
2021-08-23 00:00:00-04:00,316.6499938964844,318.3699951171875,314.2699890136719,314.5799865722656,289.34637451171875,409700,0.0,0.0
2021-08-24 00:00:00-04:00,315.1400146484375,317.7900085449219,314.3699951171875,316.45001220703125,291.06640625,335400,0.0,0.0
2021-08-25 00:00:00-04:00,316.7099914550781,320.25,315.4200134277344,319.3699951171875,293.7521667480469,315000,0.0,0.0
2021-08-26 00:00:00-04:00,319.7799987792969,320.6300048828125,318.3900146484375,319.7900085449219,294.1385192871094,359700,0.0,0.0
2021-08-27 00:00:00-04:00,321.67999267578125,322.9100036621094,320.8599853515625,321.6600036621094,295.8584899902344,333300,0.0,0.0
2021-08-30 00:00:00-04:00,322.2300109863281,326.5,321.5299987792969,324.79998779296875,298.74664306640625,402000,0.0,0.0
2021-08-31 00:00:00-04:00,324.5299987792969,326.2200012207031,322.6199951171875,325.45001220703125,299.344482421875,608100,0.0,0.0
2021-09-01 00:00:00-04:00,325.010009765625,325.6400146484375,321.5899963378906,323.0199890136719,297.109375,417100,0.0,0.0
2021-09-02 00:00:00-04:00,324.8399963378906,327.17999267578125,323.1000061035156,327.1400146484375,300.8988952636719,454300,0.0,0.0
2021-09-03 00:00:00-04:00,326.70001220703125,327.20001220703125,323.4599914550781,324.0,298.0108337402344,489300,0.0,0.0
2021-09-07 00:00:00-04:00,322.4200134277344,322.739990234375,318.1000061035156,318.4599914550781,292.9151306152344,649300,0.0,0.0
2021-09-08 00:00:00-04:00,318.1600036621094,319.44000244140625,314.7200012207031,318.75,293.181884765625,604700,0.0,0.0
2021-09-09 00:00:00-04:00,319.4100036621094,320.010009765625,313.75,315.0299987792969,289.7603759765625,591800,0.0,0.0
2021-09-10 00:00:00-04:00,316.44000244140625,316.760009765625,313.5799865722656,314.0899963378906,288.89569091796875,603000,0.0,0.0
2021-09-13 00:00:00-04:00,316.6000061035156,317.260009765625,312.07000732421875,315.7900085449219,290.4593505859375,445100,0.0,0.0
2021-09-14 00:00:00-04:00,317.489990234375,317.989990234375,312.8399963378906,313.30999755859375,288.17822265625,328800,0.0,0.0
2021-09-15 00:00:00-04:00,313.0,318.6700134277344,312.5,317.6700134277344,292.18865966796875,408200,0.0,0.0
2021-09-16 00:00:00-04:00,318.2900085449219,318.7900085449219,314.57000732421875,317.010009765625,291.58148193359375,382000,0.0,0.0
2021-09-17 00:00:00-04:00,315.0400085449219,315.0400085449219,310.4100036621094,311.54998779296875,286.55950927734375,1083600,0.0,0.0
2021-09-20 00:00:00-04:00,306.239990234375,306.67999267578125,300.2799987792969,302.4700012207031,278.2077941894531,941900,0.0,0.0
2021-09-21 00:00:00-04:00,304.2200012207031,304.260009765625,298.5199890136719,300.1700134277344,276.09234619140625,678200,0.0,0.0
2021-09-22 00:00:00-04:00,301.760009765625,303.2799987792969,300.4800109863281,301.94000244140625,277.7203063964844,543100,0.0,0.0
2021-09-23 00:00:00-04:00,304.6000061035156,306.3500061035156,301.42999267578125,304.1499938964844,279.7530212402344,550100,0.0,0.0
2021-09-24 00:00:00-04:00,302.75,305.6199951171875,302.4599914550781,302.57000732421875,278.29974365234375,325200,0.0,0.0
2021-09-27 00:00:00-04:00,302.54998779296875,306.5799865722656,302.3399963378906,302.8299865722656,278.5389099121094,309200,0.0,0.0
2021-09-28 00:00:00-04:00,301.4200134277344,303.1300048828125,295.5400085449219,296.739990234375,272.9373474121094,490000,0.0,0.0
2021-09-29 00:00:00-04:00,297.79998779296875,299.1700134277344,296.739990234375,297.8599853515625,273.9676208496094,406500,0.0,0.0
2021-09-30 00:00:00-04:00,299.67999267578125,300.42999267578125,293.9100036621094,294.0400085449219,270.4539794921875,598400,0.0,0.0
2021-10-01 00:00:00-04:00,293.6099853515625,297.3800048828125,289.55999755859375,294.8599853515625,271.2082214355469,469300,0.0,0.0
2021-10-04 00:00:00-04:00,293.8900146484375,295.6400146484375,290.5199890136719,292.75,269.2674255371094,461700,0.0,0.0
2021-10-05 00:00:00-04:00,295.95001220703125,299.25,294.4200134277344,298.3299865722656,274.3998107910156,407500,0.0,0.0
2021-10-06 00:00:00-04:00,294.8500061035156,298.4700012207031,292.6199951171875,298.2099914550781,274.28948974609375,421500,0.0,0.0
2021-10-07 00:00:00-04:00,301.1000061035156,306.4700012207031,300.5899963378906,304.8399963378906,280.3877258300781,697800,0.0,0.0
2021-10-08 00:00:00-04:00,300.92999267578125,303.19000244140625,299.0899963378906,301.3299865722656,277.1591796875,364500,0.0,0.0
2021-10-11 00:00:00-04:00,300.3800048828125,304.54998779296875,298.5799865722656,298.69000244140625,274.73101806640625,347700,0.0,0.0
2021-10-12 00:00:00-04:00,300.1400146484375,301.0,296.69000244140625,297.9599914550781,274.0596008300781,334500,0.0,0.0
2021-10-13 00:00:00-04:00,298.80999755859375,302.1700134277344,296.8299865722656,299.8699951171875,275.8163757324219,330300,0.0,0.0
2021-10-14 00:00:00-04:00,302.29998779296875,310.32000732421875,302.1700134277344,310.17999267578125,285.29937744140625,393200,0.0,0.0
2021-10-15 00:00:00-04:00,312.4200134277344,316.29998779296875,310.2900085449219,314.20001220703125,288.9968566894531,379000,0.0,0.0
2021-10-18 00:00:00-04:00,311.92999267578125,315.5799865722656,310.6700134277344,314.989990234375,289.7234802246094,290800,0.0,0.0
2021-10-19 00:00:00-04:00,317.6499938964844,318.17999267578125,314.20001220703125,316.1400146484375,290.78131103515625,331000,0.0,0.0
2021-10-20 00:00:00-04:00,317.6400146484375,320.6499938964844,316.1000061035156,319.3999938964844,293.7797546386719,288400,0.0,0.0
2021-10-21 00:00:00-04:00,317.7699890136719,317.8399963378906,309.79998779296875,317.70001220703125,292.2162170410156,493800,0.0,0.0
2021-10-22 00:00:00-04:00,318.9200134277344,319.989990234375,315.5400085449219,316.29998779296875,290.928466796875,288200,0.0,0.0
2021-10-25 00:00:00-04:00,316.29998779296875,317.29998779296875,312.3599853515625,315.67999267578125,290.3581848144531,440600,0.0,0.0
2021-10-26 00:00:00-04:00,316.8699951171875,318.5899963378906,314.75,315.57000732421875,290.2569885253906,498000,0.0,0.0
2021-10-27 00:00:00-04:00,316.45001220703125,320.1499938964844,312.9700012207031,313.7099914550781,288.54620361328125,380800,0.0,0.0
2021-10-28 00:00:00-04:00,315.2099914550781,319.0799865722656,314.4599914550781,318.7099914550781,293.1451110839844,498900,0.0,0.0
2021-10-29 00:00:00-04:00,318.239990234375,320.55999755859375,317.760009765625,319.3999938964844,293.7797546386719,439600,0.0,0.0
2021-11-01 00:00:00-04:00,319.8800048828125,321.989990234375,315.8500061035156,319.8900146484375,294.23052978515625,798700,0.0,0.0
2021-11-02 00:00:00-04:00,336.0,345.0799865722656,329.8500061035156,343.4100036621094,315.8638610839844,1543900,0.0,0.0
2021-11-03 00:00:00-04:00,343.0,343.54998779296875,333.9200134277344,339.29998779296875,312.0834655761719,886300,0.0,0.0
2021-11-04 00:00:00-04:00,340.3500061035156,344.9599914550781,339.7099914550781,341.8900146484375,314.46575927734375,437300,0.0,0.0
2021-11-05 00:00:00-04:00,344.0,345.8299865722656,337.3399963378906,339.010009765625,311.8168029785156,475600,0.0,0.0
2021-11-08 00:00:00-05:00,342.4800109863281,343.32000732421875,334.6199951171875,335.4800109863281,308.5699768066406,480700,0.0,0.0
2021-11-09 00:00:00-05:00,336.2200012207031,339.7900085449219,335.0,335.6400146484375,308.7170715332031,377400,0.0,0.0
2021-11-10 00:00:00-05:00,334.6700134277344,335.239990234375,331.32000732421875,333.4800109863281,306.7303466796875,457900,0.0,0.0
2021-11-11 00:00:00-05:00,333.5799865722656,333.5799865722656,326.6000061035156,329.6600036621094,303.216796875,571600,0.0,0.0
2021-11-12 00:00:00-05:00,330.4700012207031,335.239990234375,328.5299987792969,334.4800109863281,308.698974609375,348200,1.12,0.0
2021-11-15 00:00:00-05:00,334.4800109863281,337.95001220703125,333.3599853515625,335.05999755859375,309.2342224121094,336900,0.0,0.0
2021-11-16 00:00:00-05:00,335.3599853515625,343.4100036621094,335.3599853515625,340.57000732421875,314.3195495605469,482500,0.0,0.0
2021-11-17 00:00:00-05:00,343.6300048828125,347.04998779296875,338.4599914550781,341.95001220703125,315.5932312011719,679500,0.0,0.0
2021-11-18 00:00:00-05:00,342.3800048828125,344.8500061035156,339.9200134277344,344.7699890136719,318.1958312988281,475600,0.0,0.0
2021-11-19 00:00:00-05:00,345.6000061035156,349.8399963378906,343.1099853515625,348.1700134277344,321.3337707519531,531500,0.0,0.0
2021-11-22 00:00:00-05:00,348.5,353.42999267578125,346.260009765625,347.25,320.4847106933594,660200,0.0,0.0
2021-11-23 00:00:00-05:00,346.2699890136719,349.510009765625,342.6600036621094,345.9599914550781,319.2940979003906,571800,0.0,0.0
2021-11-24 00:00:00-05:00,343.6000061035156,346.5199890136719,341.2799987792969,344.94000244140625,318.3526611328125,625300,0.0,0.0
2021-11-26 00:00:00-05:00,338.989990234375,342.70001220703125,337.010009765625,339.20001220703125,313.0551452636719,513900,0.0,0.0
2021-11-29 00:00:00-05:00,341.4599914550781,344.20001220703125,337.2099914550781,340.5799865722656,314.3287658691406,589500,0.0,0.0
2021-11-30 00:00:00-05:00,338.5,339.510009765625,332.82000732421875,336.20001220703125,310.286376953125,1427100,0.0,0.0
2021-12-01 00:00:00-05:00,340.6199951171875,344.5,331.7300109863281,332.010009765625,306.4193420410156,590700,0.0,0.0
2021-12-02 00:00:00-05:00,333.3500061035156,345.7099914550781,333.3500061035156,343.6600036621094,317.1713562011719,1165200,0.0,0.0
2021-12-03 00:00:00-05:00,344.7900085449219,346.44000244140625,340.94000244140625,345.4700012207031,318.8418884277344,1043500,0.0,0.0
2021-12-06 00:00:00-05:00,346.5,347.489990234375,340.7900085449219,344.9200134277344,318.3342590332031,1012800,0.0,0.0
2021-12-07 00:00:00-05:00,348.4100036621094,353.1300048828125,347.54998779296875,350.760009765625,323.7241516113281,432700,0.0,0.0
2021-12-08 00:00:00-05:00,351.760009765625,352.0,346.8699951171875,348.45001220703125,321.5921936035156,450700,0.0,0.0
2021-12-09 00:00:00-05:00,348.3500061035156,348.95001220703125,345.67999267578125,346.57000732421875,319.8570861816406,389900,0.0,0.0
2021-12-10 00:00:00-05:00,348.8500061035156,351.0899963378906,347.6499938964844,350.6400146484375,323.6134033203125,395800,0.0,0.0
2021-12-13 00:00:00-05:00,350.0,353.8299865722656,348.7300109863281,351.0199890136719,323.9640808105469,533500,0.0,0.0
2021-12-14 00:00:00-05:00,350.1300048828125,351.8800048828125,339.30999755859375,342.6199951171875,316.2115478515625,685900,0.0,0.0
2021-12-15 00:00:00-05:00,344.3399963378906,351.42999267578125,343.010009765625,351.3500061035156,324.2685852050781,827300,0.0,0.0
2021-12-16 00:00:00-05:00,351.8999938964844,354.989990234375,347.2799987792969,348.8699951171875,321.97979736328125,536400,0.0,0.0
2021-12-17 00:00:00-05:00,345.9100036621094,346.70001220703125,341.25,341.760009765625,315.4177551269531,990700,0.0,0.0
2021-12-20 00:00:00-05:00,338.6300048828125,339.8599853515625,331.3399963378906,336.5899963378906,310.64630126953125,592900,0.0,0.0
2021-12-21 00:00:00-05:00,340.0299987792969,342.0799865722656,337.0299987792969,339.7099914550781,313.52581787109375,386400,0.0,0.0
2021-12-22 00:00:00-05:00,339.2300109863281,341.2300109863281,334.9599914550781,338.44000244140625,312.3537292480469,541200,0.0,0.0
2021-12-23 00:00:00-05:00,339.489990234375,342.6700134277344,339.1700134277344,340.1199951171875,313.9042053222656,585500,0.0,0.0
2021-12-27 00:00:00-05:00,341.760009765625,348.4800109863281,340.6199951171875,348.30999755859375,321.4629821777344,230400,0.0,0.0
2021-12-28 00:00:00-05:00,348.29998779296875,349.70001220703125,347.67999267578125,348.3399963378906,321.49066162109375,237500,0.0,0.0
2021-12-29 00:00:00-05:00,348.9700012207031,349.8699951171875,346.3599853515625,349.05999755859375,322.1551513671875,236800,0.0,0.0
2021-12-30 00:00:00-05:00,349.5799865722656,350.9800109863281,346.6300048828125,346.8399963378906,320.1063232421875,235300,0.0,0.0
2021-12-31 00:00:00-05:00,346.010009765625,350.3999938964844,346.010009765625,348.8500061035156,321.9613952636719,305000,0.0,0.0
2022-01-03 00:00:00-05:00,348.8500061035156,349.0,335.0299987792969,339.6600036621094,313.47967529296875,638200,0.0,0.0
2022-01-04 00:00:00-05:00,341.5199890136719,344.8999938964844,338.8800048828125,343.1000061035156,316.654541015625,588200,0.0,0.0
2022-01-05 00:00:00-05:00,344.3299865722656,345.05999755859375,336.94000244140625,337.3599853515625,311.35693359375,578100,0.0,0.0
2022-01-06 00:00:00-05:00,337.1300048828125,339.8699951171875,332.5,335.1099853515625,309.28033447265625,453500,0.0,0.0
2022-01-07 00:00:00-05:00,336.1099853515625,336.1099853515625,327.6400146484375,327.8800048828125,302.6076965332031,613400,0.0,0.0
2022-01-10 00:00:00-05:00,323.79998779296875,331.1000061035156,316.8699951171875,330.1499938964844,304.70263671875,766500,0.0,0.0
2022-01-11 00:00:00-05:00,332.30999755859375,335.42999267578125,325.4200134277344,335.0,309.1788635253906,502800,0.0,0.0
2022-01-12 00:00:00-05:00,337.42999267578125,339.7099914550781,331.3500061035156,335.1000061035156,309.2711181640625,594100,0.0,0.0
2022-01-13 00:00:00-05:00,335.5,336.7900085449219,329.70001220703125,330.010009765625,304.57354736328125,414800,0.0,0.0
2022-01-14 00:00:00-05:00,326.57000732421875,328.5799865722656,320.7099914550781,325.04998779296875,299.9958190917969,677800,0.0,0.0
2022-01-18 00:00:00-05:00,320.6700134277344,322.05999755859375,315.6499938964844,317.5,293.0277099609375,659800,0.0,0.0
2022-01-19 00:00:00-05:00,318.70001220703125,324.6600036621094,315.3800048828125,315.6300048828125,291.3019104003906,532600,0.0,0.0
2022-01-20 00:00:00-05:00,317.0199890136719,321.45001220703125,312.7300109863281,313.75,289.5668029785156,518600,0.0,0.0
2022-01-21 00:00:00-05:00,314.0799865722656,320.2300109863281,311.1700134277344,314.25,290.0282287597656,594200,0.0,0.0
2022-01-24 00:00:00-05:00,310.0,312.6600036621094,298.6700134277344,311.7799987792969,287.7486572265625,1100700,0.0,0.0
2022-01-25 00:00:00-05:00,305.0899963378906,306.9200134277344,296.2799987792969,301.6300048828125,278.3810119628906,868100,0.0,0.0
2022-01-26 00:00:00-05:00,302.510009765625,306.7099914550781,294.0799865722656,298.0400085449219,275.0677185058594,848300,0.0,0.0
2022-01-27 00:00:00-05:00,294.8900146484375,297.5199890136719,285.05999755859375,286.9800109863281,264.86016845703125,1442400,0.0,0.0
2022-01-28 00:00:00-05:00,285.30999755859375,286.8999938964844,275.3699951171875,284.6000061035156,262.6636047363281,1312500,0.0,0.0
2022-01-31 00:00:00-05:00,284.29998779296875,289.6099853515625,280.239990234375,289.2200012207031,266.9275207519531,850400,0.0,0.0
2022-02-01 00:00:00-05:00,290.9100036621094,291.4800109863281,283.07000732421875,290.1000061035156,267.73968505859375,667100,0.0,0.0
2022-02-02 00:00:00-05:00,291.4800109863281,295.55999755859375,290.6700134277344,294.3500061035156,271.66204833984375,915900,0.0,0.0
2022-02-03 00:00:00-05:00,290.8900146484375,292.5799865722656,283.7300109863281,284.7200012207031,262.77435302734375,645700,0.0,0.0
2022-02-04 00:00:00-05:00,281.95001220703125,284.8699951171875,276.3500061035156,280.67999267578125,259.04571533203125,752600,0.0,0.0
2022-02-07 00:00:00-05:00,280.7900085449219,284.6300048828125,278.8900146484375,280.2699890136719,258.6673889160156,498100,0.0,0.0
2022-02-08 00:00:00-05:00,280.2900085449219,282.4800109863281,277.989990234375,281.0299987792969,259.3687744140625,643800,0.0,0.0
2022-02-09 00:00:00-05:00,284.7300109863281,288.1300048828125,284.3800048828125,286.42999267578125,264.3525695800781,697900,0.0,0.0
2022-02-10 00:00:00-05:00,281.2699890136719,285.8399963378906,275.1000061035156,277.3299865722656,255.95401000976562,726500,0.0,0.0
2022-02-11 00:00:00-05:00,277.0,278.2300109863281,267.0799865722656,268.3399963378906,248.6611328125,674100,1.12,0.0
2022-02-14 00:00:00-05:00,268.510009765625,269.94000244140625,265.4800109863281,268.3699951171875,248.6888885498047,505700,0.0,0.0
2022-02-15 00:00:00-05:00,272.8900146484375,273.82000732421875,269.45001220703125,272.29998779296875,252.33067321777344,605500,0.0,0.0
2022-02-16 00:00:00-05:00,271.3299865722656,274.25,269.010009765625,273.010009765625,252.9886474609375,623700,0.0,0.0
2022-02-17 00:00:00-05:00,271.20001220703125,271.20001220703125,265.3299865722656,266.4599914550781,246.9189910888672,769800,0.0,0.0
2022-02-18 00:00:00-05:00,266.94000244140625,268.45001220703125,263.94000244140625,264.5899963378906,245.18612670898438,561100,0.0,0.0
2022-02-22 00:00:00-05:00,264.6000061035156,265.1000061035156,259.57000732421875,263.92999267578125,244.574462890625,715200,0.0,0.0
2022-02-23 00:00:00-05:00,265.1199951171875,267.3500061035156,256.2200012207031,257.20001220703125,238.3380889892578,504900,0.0,0.0
2022-02-24 00:00:00-05:00,252.25,267.5799865722656,250.64999389648438,266.05999755859375,246.54832458496094,1236300,0.0,0.0
2022-02-25 00:00:00-05:00,266.2799987792969,270.04998779296875,263.1199951171875,269.2799987792969,249.53221130371094,705400,0.0,0.0
2022-02-28 00:00:00-05:00,266.5899963378906,274.1099853515625,262.8299865722656,266.5799865722656,247.03016662597656,1206200,0.0,0.0
2022-03-01 00:00:00-05:00,266.55999755859375,266.55999755859375,260.29998779296875,262.1199951171875,242.89724731445312,737400,0.0,0.0
2022-03-02 00:00:00-05:00,264.6400146484375,271.04998779296875,263.0799865722656,268.739990234375,249.03172302246094,540400,0.0,0.0
2022-03-03 00:00:00-05:00,271.42999267578125,272.79998779296875,268.3900146484375,270.4599914550781,250.62567138671875,757900,0.0,0.0
2022-03-04 00:00:00-05:00,266.25,269.32000732421875,264.1700134277344,269.05999755859375,249.32827758789062,685700,0.0,0.0
2022-03-07 00:00:00-05:00,270.0,272.2699890136719,264.32000732421875,264.5400085449219,245.13980102539062,679100,0.0,0.0
2022-03-08 00:00:00-05:00,268.8999938964844,277.2900085449219,265.0899963378906,273.4599914550781,253.4055938720703,1406900,0.0,0.0
2022-03-09 00:00:00-05:00,279.82000732421875,281.6499938964844,270.45001220703125,271.0400085449219,251.1630859375,1036700,0.0,0.0
2022-03-10 00:00:00-05:00,265.5299987792969,266.92999267578125,259.010009765625,262.54998779296875,243.29571533203125,911800,0.0,0.0
2022-03-11 00:00:00-05:00,264.760009765625,266.1199951171875,256.6700134277344,257.010009765625,238.16201782226562,700900,0.0,0.0
2022-03-14 00:00:00-04:00,260.0,261.82000732421875,252.85000610351562,256.3500061035156,237.55039978027344,741000,0.0,0.0
2022-03-15 00:00:00-04:00,257.2099914550781,263.80999755859375,257.2099914550781,261.0199890136719,241.87791442871094,679300,0.0,0.0
2022-03-16 00:00:00-04:00,262.8699951171875,269.19000244140625,262.44000244140625,268.4800109863281,248.79087829589844,755800,0.0,0.0
2022-03-17 00:00:00-04:00,266.92999267578125,272.260009765625,266.92999267578125,271.0,251.12596130371094,569100,0.0,0.0
2022-03-18 00:00:00-04:00,273.4700012207031,276.489990234375,268.8699951171875,275.8299865722656,255.60182189941406,949400,0.0,0.0
2022-03-21 00:00:00-04:00,274.6000061035156,275.8699951171875,270.04998779296875,272.9100036621094,252.89590454101562,613700,0.0,0.0
2022-03-22 00:00:00-04:00,274.2799987792969,275.6300048828125,272.0400085449219,274.1499938964844,254.0449676513672,534900,0.0,0.0
2022-03-23 00:00:00-04:00,271.9200134277344,273.42999267578125,269.05999755859375,270.44000244140625,250.60704040527344,452800,0.0,0.0
2022-03-24 00:00:00-04:00,272.1600036621094,275.0,270.4599914550781,275.0,254.8326416015625,422100,0.0,0.0
2022-03-25 00:00:00-04:00,275.6400146484375,279.989990234375,274.7300109863281,279.17999267578125,258.7061462402344,526500,0.0,0.0
2022-03-28 00:00:00-04:00,276.2099914550781,280.3800048828125,275.32000732421875,280.239990234375,259.6883850097656,481800,0.0,0.0
2022-03-29 00:00:00-04:00,284.239990234375,288.3800048828125,282.1600036621094,284.8900146484375,263.9974060058594,626200,0.0,0.0
2022-03-30 00:00:00-04:00,282.9599914550781,283.5799865722656,279.6300048828125,280.7200012207031,260.13323974609375,656800,0.0,0.0
2022-03-31 00:00:00-04:00,279.9800109863281,283.7099914550781,279.4800109863281,280.0299987792969,259.493896484375,1083000,0.0,0.0
2022-04-01 00:00:00-04:00,282.05999755859375,284.75,278.9700012207031,284.4800109863281,263.6175231933594,740500,0.0,0.0
2022-04-04 00:00:00-04:00,283.0799865722656,284.0,279.6199951171875,281.1700134277344,260.5502624511719,666000,0.0,0.0
2022-04-05 00:00:00-04:00,281.69000244140625,283.6499938964844,277.75,279.1000061035156,258.63201904296875,756100,0.0,0.0
2022-04-06 00:00:00-04:00,272.7900085449219,275.1099853515625,269.20001220703125,272.2300109863281,252.2658233642578,814500,0.0,0.0
2022-04-07 00:00:00-04:00,270.3500061035156,272.54998779296875,266.5,271.04998779296875,251.1724395751953,665200,0.0,0.0
2022-04-08 00:00:00-04:00,271.0299987792969,275.010009765625,267.8299865722656,269.4100036621094,249.65269470214844,472100,0.0,0.0
2022-04-11 00:00:00-04:00,268.1000061035156,270.92999267578125,265.4800109863281,266.0799865722656,246.5668182373047,495900,0.0,0.0
2022-04-12 00:00:00-04:00,266.80999755859375,270.3999938964844,262.07000732421875,262.9100036621094,243.6293182373047,455800,0.0,0.0
2022-04-13 00:00:00-04:00,262.70001220703125,267.2099914550781,262.04998779296875,267.0400085449219,247.45645141601562,460600,0.0,0.0
2022-04-14 00:00:00-04:00,267.05999755859375,267.989990234375,261.4800109863281,261.6600036621094,242.47093200683594,509800,0.0,0.0
2022-04-18 00:00:00-04:00,260.8800048828125,264.9800109863281,260.2200012207031,261.4700012207031,242.29490661621094,422300,0.0,0.0
2022-04-19 00:00:00-04:00,262.3999938964844,271.2300109863281,261.67999267578125,270.9100036621094,251.04263305664062,529300,0.0,0.0
2022-04-20 00:00:00-04:00,273.3500061035156,277.1600036621094,271.9800109863281,272.5400085449219,252.5531005859375,607500,0.0,0.0
2022-04-21 00:00:00-04:00,276.1199951171875,280.4599914550781,271.6300048828125,271.760009765625,251.8303985595703,615000,0.0,0.0
2022-04-22 00:00:00-04:00,269.6199951171875,269.6199951171875,260.3699951171875,260.5299987792969,241.42391967773438,594000,0.0,0.0
2022-04-25 00:00:00-04:00,259.1099853515625,261.7699890136719,252.49000549316406,261.30999755859375,242.14663696289062,613900,0.0,0.0
2022-04-26 00:00:00-04:00,259.3699951171875,260.5199890136719,252.02999877929688,252.2100067138672,233.71405029296875,752800,0.0,0.0
2022-04-27 00:00:00-04:00,252.7899932861328,258.5799865722656,252.7899932861328,256.7900085449219,237.95816040039062,576000,0.0,0.0
2022-04-28 00:00:00-04:00,259.489990234375,264.2699890136719,256.5899963378906,263.3500061035156,244.03707885742188,464700,0.0,0.0
2022-04-29 00:00:00-04:00,262.0199890136719,264.5199890136719,251.85000610351562,252.6699981689453,234.1402587890625,1077700,0.0,0.0
2022-05-02 00:00:00-04:00,251.0,253.24000549316406,244.91000366210938,250.0399932861328,231.70314025878906,1572800,0.0,0.0
2022-05-03 00:00:00-04:00,228.5500030517578,230.0,210.6199951171875,213.74000549316406,198.0652618408203,4018500,0.0,0.0
2022-05-04 00:00:00-04:00,213.00999450683594,223.33999633789062,211.85000610351562,222.35000610351562,206.04385375976562,1792300,0.0,0.0
2022-05-05 00:00:00-04:00,219.5800018310547,221.39999389648438,212.27000427246094,214.44000244140625,198.71389770507812,1271300,0.0,0.0
2022-05-06 00:00:00-04:00,213.8699951171875,219.50999450683594,210.2100067138672,214.50999450683594,198.77874755859375,1306600,0.0,0.0
2022-05-09 00:00:00-04:00,210.88999938964844,213.50999450683594,202.3800048828125,203.22000122070312,188.3167266845703,1744500,0.0,0.0
2022-05-10 00:00:00-04:00,206.38999938964844,208.6300048828125,199.83999633789062,205.1199951171875,190.0773468017578,1403900,0.0,0.0
2022-05-11 00:00:00-04:00,203.66000366210938,207.3800048828125,198.63999938964844,199.0,184.4062042236328,1100600,0.0,0.0
2022-05-12 00:00:00-04:00,197.10000610351562,208.0,197.10000610351562,203.8300018310547,188.8820343017578,1555700,0.0,0.0
2022-05-13 00:00:00-04:00,204.77999877929688,209.38999938964844,202.3000030517578,203.82000732421875,189.91629028320312,1386800,1.12,0.0
2022-05-16 00:00:00-04:00,203.36000061035156,204.1300048828125,199.0,202.38999938964844,188.58380126953125,742800,0.0,0.0
2022-05-17 00:00:00-04:00,205.16000366210938,205.61000061035156,200.66000366210938,204.24000549316406,190.3076171875,812500,0.0,0.0
2022-05-18 00:00:00-04:00,201.9499969482422,202.49000549316406,194.52999877929688,195.39999389648438,182.0706787109375,1072600,0.0,0.0
2022-05-19 00:00:00-04:00,194.77999877929688,201.27999877929688,191.0800018310547,198.72000122070312,185.16416931152344,956900,0.0,0.0
2022-05-20 00:00:00-04:00,199.7899932861328,201.6300048828125,195.2100067138672,199.50999450683594,185.9002685546875,910600,0.0,0.0
2022-05-23 00:00:00-04:00,202.08999633789062,203.61000061035156,197.69000244140625,202.66000366210938,188.83544921875,701800,0.0,0.0
2022-05-24 00:00:00-04:00,195.75,199.3000030517578,193.9499969482422,198.17999267578125,184.66098022460938,1046200,0.0,0.0
2022-05-25 00:00:00-04:00,197.1699981689453,199.6300048828125,195.25,198.8300018310547,185.2666778564453,899000,0.0,0.0
2022-05-26 00:00:00-04:00,202.11000061035156,205.88999938964844,201.63999938964844,204.74000549316406,190.7734832763672,877900,0.0,0.0
2022-05-27 00:00:00-04:00,207.3800048828125,212.0800018310547,207.1199951171875,211.02000427246094,196.6251220703125,1176200,0.0,0.0
2022-05-31 00:00:00-04:00,208.94000244140625,214.86000061035156,207.22000122070312,213.1999969482422,198.65638732910156,2238300,0.0,0.0
2022-06-01 00:00:00-04:00,215.83999633789062,219.52999877929688,213.72000122070312,217.00999450683594,202.20651245117188,1433300,0.0,0.0
2022-06-02 00:00:00-04:00,218.0,220.42999267578125,214.8300018310547,220.16000366210938,205.1416473388672,1008200,0.0,0.0
2022-06-03 00:00:00-04:00,217.14999389648438,219.58999633789062,215.4600067138672,218.27000427246094,203.3805694580078,794700,0.0,0.0
2022-06-06 00:00:00-04:00,221.4199981689453,222.1699981689453,212.99000549316406,214.86000061035156,200.2031707763672,1197200,0.0,0.0
2022-06-07 00:00:00-04:00,212.77000427246094,217.42999267578125,211.25,217.2899932861328,202.4673614501953,997000,0.0,0.0
2022-06-08 00:00:00-04:00,215.47000122070312,218.22000122070312,214.22000122070312,214.8699951171875,200.2124481201172,824100,0.0,0.0
2022-06-09 00:00:00-04:00,212.9199981689453,217.47000122070312,210.5500030517578,213.3000030517578,198.74960327148438,992400,0.0,0.0
2022-06-10 00:00:00-04:00,210.47000122070312,212.60000610351562,208.55999755859375,208.74000549316406,194.50064086914062,1194700,0.0,0.0
2022-06-13 00:00:00-04:00,202.9499969482422,204.61000061035156,199.02000427246094,201.5800018310547,187.8290557861328,1370600,0.0,0.0
2022-06-14 00:00:00-04:00,201.0500030517578,202.52000427246094,197.9600067138672,200.4199981689453,186.74818420410156,817800,0.0,0.0
2022-06-15 00:00:00-04:00,202.24000549316406,208.72000122070312,201.10000610351562,205.66000366210938,191.63076782226562,1881600,0.0,0.0
2022-06-16 00:00:00-04:00,199.97999572753906,201.75,196.9199981689453,198.00999450683594,184.50259399414062,1633300,0.0,0.0
2022-06-17 00:00:00-04:00,196.47000122070312,200.16000366210938,190.8800048828125,191.08999633789062,178.05465698242188,3148500,0.0,0.0
2022-06-21 00:00:00-04:00,192.83999633789062,197.05999755859375,192.39999389648438,193.38999938964844,180.19773864746094,1487100,0.0,0.0
2022-06-22 00:00:00-04:00,190.0800018310547,196.75,190.0800018310547,195.66000366210938,182.31289672851562,1568200,0.0,0.0
2022-06-23 00:00:00-04:00,195.55999755859375,197.92999267578125,194.00999450683594,197.17999267578125,183.72923278808594,1149300,0.0,0.0
2022-06-24 00:00:00-04:00,199.5800018310547,201.75999450683594,197.64999389648438,201.05999755859375,187.3445587158203,1273700,0.0,0.0
2022-06-27 00:00:00-04:00,202.77999877929688,204.3300018310547,198.4199981689453,201.3000030517578,187.56817626953125,786900,0.0,0.0
2022-06-28 00:00:00-04:00,201.0800018310547,202.75,197.00999450683594,197.63999938964844,184.15786743164062,927300,0.0,0.0
2022-06-29 00:00:00-04:00,197.19000244140625,197.69000244140625,194.24000549316406,197.1699981689453,183.7198944091797,665000,0.0,0.0
2022-06-30 00:00:00-04:00,194.11000061035156,201.6999969482422,193.72000122070312,199.30999755859375,185.7139129638672,1287400,0.0,0.0
2022-07-01 00:00:00-04:00,199.6199951171875,201.7899932861328,194.4600067138672,198.7100067138672,185.15489196777344,670800,0.0,0.0
2022-07-05 00:00:00-04:00,195.94000244140625,199.86000061035156,194.86000061035156,199.6199951171875,186.0027618408203,612500,0.0,0.0
2022-07-06 00:00:00-04:00,200.6199951171875,202.6999969482422,198.94000244140625,200.57000732421875,186.8879852294922,593200,0.0,0.0
2022-07-07 00:00:00-04:00,200.7899932861328,203.72999572753906,200.00999450683594,202.92999267578125,189.08697509765625,663100,0.0,0.0
2022-07-08 00:00:00-04:00,201.97999572753906,202.61000061035156,199.05999755859375,200.1300048828125,186.47799682617188,588600,0.0,0.0
2022-07-11 00:00:00-04:00,199.27999877929688,203.49000549316406,198.8800048828125,200.83999633789062,187.1395263671875,682300,0.0,0.0
2022-07-12 00:00:00-04:00,200.13999938964844,202.4199981689453,197.3300018310547,198.47000122070312,184.9312286376953,449500,0.0,0.0
2022-07-13 00:00:00-04:00,194.6699981689453,200.0800018310547,192.89999389648438,197.9499969482422,184.4467010498047,757000,0.0,0.0
2022-07-14 00:00:00-04:00,194.9600067138672,200.07000732421875,194.22999572753906,199.67999267578125,186.05870056152344,525700,0.0,0.0
2022-07-15 00:00:00-04:00,202.24000549316406,207.32000732421875,200.97999572753906,206.35000610351562,192.27369689941406,1041900,0.0,0.0
2022-07-18 00:00:00-04:00,207.13999938964844,208.1199951171875,203.94000244140625,204.6999969482422,190.73623657226562,563400,0.0,0.0
2022-07-19 00:00:00-04:00,207.55999755859375,217.16000366210938,207.13999938964844,216.39999389648438,201.63812255859375,1056100,0.0,0.0
2022-07-20 00:00:00-04:00,213.9600067138672,216.9600067138672,208.72999572753906,215.86000061035156,201.1349334716797,1151200,0.0,0.0
2022-07-21 00:00:00-04:00,215.72000122070312,221.17999267578125,214.00999450683594,220.5,205.4584503173828,849500,0.0,0.0
2022-07-22 00:00:00-04:00,220.6199951171875,224.33999633789062,220.00999450683594,221.60000610351562,206.48342895507812,1085000,0.0,0.0
2022-07-25 00:00:00-04:00,220.80999755859375,221.74000549316406,218.6199951171875,219.9600067138672,204.95529174804688,698600,0.0,0.0
2022-07-26 00:00:00-04:00,218.47000122070312,222.63999938964844,217.75999450683594,219.42999267578125,204.46142578125,1457800,0.0,0.0
2022-07-27 00:00:00-04:00,248.88999938964844,253.02999877929688,233.6300048828125,240.4600067138672,224.05685424804688,2499100,0.0,0.0
2022-07-28 00:00:00-04:00,243.07000732421875,247.5800018310547,237.3300018310547,247.22999572753906,230.36505126953125,1510700,0.0,0.0
2022-07-29 00:00:00-04:00,247.0,255.88999938964844,246.07000732421875,255.27999877929688,237.86590576171875,1111200,0.0,0.0
2022-08-01 00:00:00-04:00,252.5399932861328,255.2100067138672,250.0399932861328,252.57000732421875,235.3407745361328,690700,0.0,0.0
2022-08-02 00:00:00-04:00,251.02000427246094,251.6699981689453,247.02000427246094,248.25999450683594,231.32476806640625,821700,0.0,0.0
2022-08-03 00:00:00-04:00,248.47999572753906,252.07000732421875,246.2899932861328,251.07000732421875,233.9430694580078,930100,0.0,0.0
2022-08-04 00:00:00-04:00,251.57000732421875,254.52000427246094,250.07000732421875,253.9600067138672,236.63595581054688,520200,0.0,0.0
2022-08-05 00:00:00-04:00,251.17999267578125,254.0399932861328,248.3000030517578,252.24000549316406,235.0332794189453,588300,0.0,0.0
2022-08-08 00:00:00-04:00,253.6999969482422,254.2899932861328,248.49000549316406,250.55999755859375,233.46788024902344,827200,0.0,0.0
2022-08-09 00:00:00-04:00,248.72000122070312,249.94000244140625,245.00999450683594,245.16000366210938,228.4362030029297,789100,0.0,0.0
2022-08-10 00:00:00-04:00,250.5800018310547,254.58999633789062,246.72999572753906,253.61000061035156,236.30978393554688,953100,0.0,0.0
2022-08-11 00:00:00-04:00,256.17999267578125,257.2699890136719,252.41000366210938,252.9199981689453,235.6668701171875,704600,0.0,0.0
2022-08-12 00:00:00-04:00,252.7100067138672,257.9800109863281,252.0800018310547,257.760009765625,241.24505615234375,472400,1.12,0.0
2022-08-15 00:00:00-04:00,255.85000610351562,260.7200012207031,255.36000061035156,258.82000732421875,242.23707580566406,603600,0.0,0.0
2022-08-16 00:00:00-04:00,256.82000732421875,261.6499938964844,256.3599853515625,259.44000244140625,242.8173828125,562800,0.0,0.0
2022-08-17 00:00:00-04:00,254.0800018310547,256.2799987792969,252.5500030517578,255.91000366210938,239.5135498046875,834700,0.0,0.0
2022-08-18 00:00:00-04:00,257.2699890136719,257.5400085449219,253.74000549316406,256.3999938964844,239.97216796875,436000,0.0,0.0
2022-08-19 00:00:00-04:00,253.99000549316406,255.11000061035156,250.47999572753906,251.61000061035156,235.48904418945312,425900,0.0,0.0
2022-08-22 00:00:00-04:00,247.3300018310547,248.16000366210938,243.02999877929688,243.89999389648438,228.2730255126953,674600,0.0,0.0
2022-08-23 00:00:00-04:00,243.57000732421875,245.82000732421875,242.52999877929688,243.4199981689453,227.82382202148438,682300,0.0,0.0
2022-08-24 00:00:00-04:00,243.66000366210938,245.8000030517578,241.3000030517578,243.13999938964844,227.56175231933594,791500,0.0,0.0
2022-08-25 00:00:00-04:00,245.3800048828125,247.6699981689453,243.69000244140625,246.86000061035156,231.0434112548828,491400,0.0,0.0
2022-08-26 00:00:00-04:00,247.02000427246094,247.8800048828125,236.83999633789062,236.8800048828125,221.70281982421875,485300,0.0,0.0
2022-08-29 00:00:00-04:00,235.00999450683594,240.86000061035156,234.50999450683594,237.9199981689453,222.67616271972656,489000,0.0,0.0
2022-08-30 00:00:00-04:00,239.55999755859375,239.97999572753906,235.13999938964844,236.6300048828125,221.46885681152344,343800,0.0,0.0
2022-08-31 00:00:00-04:00,237.58999633789062,240.2100067138672,236.6300048828125,236.94000244140625,221.7589569091797,865300,0.0,0.0
2022-09-01 00:00:00-04:00,235.0,241.8699951171875,234.4499969482422,241.77000427246094,226.27955627441406,813600,0.0,0.0
2022-09-02 00:00:00-04:00,244.89999389648438,245.7100067138672,236.5800018310547,238.00999450683594,222.7604522705078,551200,0.0,0.0
2022-09-06 00:00:00-04:00,237.4199981689453,239.49000549316406,234.3699951171875,238.25999450683594,222.9944305419922,437400,0.0,0.0
2022-09-07 00:00:00-04:00,239.3000030517578,244.25999450683594,238.02000427246094,243.0,227.43069458007812,405600,0.0,0.0
2022-09-08 00:00:00-04:00,241.3300018310547,245.11000061035156,240.38999938964844,244.92999267578125,229.23704528808594,441600,0.0,0.0
2022-09-09 00:00:00-04:00,248.27000427246094,256.0199890136719,247.99000549316406,255.3800048828125,239.0175018310547,1158200,0.0,0.0
2022-09-12 00:00:00-04:00,256.0,258.4700012207031,253.67999267578125,257.05999755859375,240.5898895263672,702900,0.0,0.0
2022-09-13 00:00:00-04:00,250.02000427246094,251.75,246.72999572753906,247.61000061035156,231.7453155517578,556000,0.0,0.0
2022-09-14 00:00:00-04:00,247.44000244140625,252.25,245.6300048828125,250.99000549316406,234.90879821777344,951400,0.0,0.0
2022-09-15 00:00:00-04:00,248.99000549316406,253.19000244140625,243.1699981689453,245.1699981689453,229.461669921875,685500,0.0,0.0
2022-09-16 00:00:00-04:00,242.1300048828125,242.22000122070312,235.2899932861328,237.89999389648438,222.65745544433594,1373800,0.0,0.0
2022-09-19 00:00:00-04:00,236.9499969482422,242.6699981689453,236.22999572753906,242.16000366210938,226.64450073242188,521100,0.0,0.0
2022-09-20 00:00:00-04:00,239.85000610351562,239.85000610351562,233.72999572753906,236.14999389648438,221.0196075439453,695300,0.0,0.0
2022-09-21 00:00:00-04:00,239.25,241.3000030517578,231.05999755859375,231.05999755859375,216.25570678710938,802000,0.0,0.0
2022-09-22 00:00:00-04:00,229.02000427246094,230.8699951171875,224.25,225.0,210.58396911621094,1072800,0.0,0.0
2022-09-23 00:00:00-04:00,222.6699981689453,222.99000549316406,217.07000732421875,219.75999450683594,205.67971801757812,859200,0.0,0.0
2022-09-26 00:00:00-04:00,219.47000122070312,221.13999938964844,215.1300048828125,215.4199981689453,201.61776733398438,673300,0.0,0.0
2022-09-27 00:00:00-04:00,218.30999755859375,218.30999755859375,209.27000427246094,212.1300048828125,198.5386199951172,1108700,0.0,0.0
2022-09-28 00:00:00-04:00,214.19000244140625,217.92999267578125,211.3000030517578,217.3300018310547,203.40542602539062,1125600,0.0,0.0
2022-09-29 00:00:00-04:00,215.44000244140625,217.94000244140625,211.1999969482422,215.77999877929688,201.95472717285156,743100,0.0,0.0
2022-09-30 00:00:00-04:00,216.24000549316406,220.8800048828125,214.88999938964844,215.11000061035156,201.32763671875,705300,0.0,0.0
2022-10-03 00:00:00-04:00,219.75,227.8000030517578,217.58999633789062,225.63999938964844,211.18296813964844,812500,0.0,0.0
2022-10-04 00:00:00-04:00,229.77000427246094,232.5500030517578,228.9600067138672,231.8300018310547,216.97637939453125,792300,0.0,0.0
2022-10-05 00:00:00-04:00,228.6300048828125,237.6199951171875,228.6300048828125,234.7100067138672,219.671875,823800,0.0,0.0
2022-10-06 00:00:00-04:00,233.9600067138672,237.11000061035156,232.44000244140625,233.1199951171875,218.1837158203125,599200,0.0,0.0
2022-10-07 00:00:00-04:00,229.97000122070312,230.00999450683594,223.67999267578125,225.41000366210938,210.96771240234375,545300,0.0,0.0
2022-10-10 00:00:00-04:00,227.25,228.60000610351562,223.07000732421875,225.3300018310547,210.89283752441406,355400,0.0,0.0
2022-10-11 00:00:00-04:00,223.7100067138672,230.10000610351562,223.08999633789062,225.92999267578125,211.4543914794922,596000,0.0,0.0
2022-10-12 00:00:00-04:00,227.3000030517578,228.61000061035156,224.13999938964844,225.33999633789062,210.9021759033203,532800,0.0,0.0
2022-10-13 00:00:00-04:00,221.35000610351562,232.58999633789062,219.55999755859375,231.97999572753906,217.1167449951172,637000,0.0,0.0
2022-10-14 00:00:00-04:00,232.72999572753906,234.57000732421875,223.0800018310547,223.8800048828125,209.53575134277344,570500,0.0,0.0
2022-10-17 00:00:00-04:00,229.8000030517578,231.6300048828125,228.6199951171875,230.7100067138672,215.9281463623047,434000,0.0,0.0
2022-10-18 00:00:00-04:00,238.0,239.02999877929688,231.8800048828125,236.7899932861328,221.61854553222656,504800,0.0,0.0
2022-10-19 00:00:00-04:00,233.47999572753906,236.30999755859375,231.42999267578125,233.92999267578125,218.9418182373047,534700,0.0,0.0
2022-10-20 00:00:00-04:00,233.80999755859375,234.82000732421875,224.64999389648438,225.2100067138672,210.7805633544922,768700,0.0,0.0
2022-10-21 00:00:00-04:00,225.1999969482422,232.49000549316406,221.8300018310547,231.8699951171875,217.0138397216797,1030300,0.0,0.0
2022-10-24 00:00:00-04:00,234.4600067138672,236.6199951171875,230.8800048828125,235.27000427246094,220.19601440429688,611900,0.0,0.0
2022-10-25 00:00:00-04:00,235.27000427246094,241.92999267578125,235.27000427246094,241.64999389648438,226.16722106933594,514300,0.0,0.0
2022-10-26 00:00:00-04:00,242.2899932861328,244.8699951171875,240.17999267578125,240.9600067138672,225.52139282226562,385800,0.0,0.0
2022-10-27 00:00:00-04:00,242.9499969482422,248.49000549316406,242.9199981689453,246.64999389648438,230.84686279296875,904400,0.0,0.0
2022-10-28 00:00:00-04:00,250.0,258.05999755859375,248.2899932861328,257.0799865722656,240.6085662841797,852600,0.0,0.0
2022-10-31 00:00:00-04:00,255.72000122070312,259.8699951171875,255.0,255.3000030517578,238.94261169433594,912900,0.0,0.0
2022-11-01 00:00:00-04:00,257.95001220703125,259.260009765625,252.8699951171875,255.64999389648438,239.27017211914062,910500,0.0,0.0
2022-11-02 00:00:00-04:00,240.16000366210938,248.02000427246094,234.05999755859375,235.3800048828125,220.29891967773438,2240000,0.0,0.0
2022-11-03 00:00:00-04:00,231.7899932861328,245.6699981689453,230.89999389648438,242.8300018310547,227.2716064453125,1115200,0.0,0.0
2022-11-04 00:00:00-04:00,246.1699981689453,249.7100067138672,240.30999755859375,247.42999267578125,231.57684326171875,1012000,0.0,0.0
2022-11-07 00:00:00-05:00,248.52999877929688,251.41000366210938,246.4499969482422,250.88999938964844,234.81520080566406,764700,0.0,0.0
2022-11-08 00:00:00-05:00,252.4600067138672,260.3800048828125,251.0800018310547,254.3300018310547,238.03477478027344,763900,0.0,0.0
2022-11-09 00:00:00-05:00,252.60000610351562,257.3999938964844,252.60000610351562,253.4499969482422,237.21116638183594,486200,0.0,0.0
2022-11-10 00:00:00-05:00,265.6700134277344,269.9800109863281,260.3299865722656,265.5400085449219,249.68905639648438,814700,1.18,0.0
2022-11-11 00:00:00-05:00,267.260009765625,275.7799987792969,266.1099853515625,273.5299987792969,257.20208740234375,1031200,0.0,0.0
2022-11-14 00:00:00-05:00,273.3500061035156,278.4200134277344,267.1499938964844,267.3900146484375,251.4285888671875,1046100,0.0,0.0
2022-11-15 00:00:00-05:00,271.3800048828125,273.9800109863281,267.239990234375,269.5400085449219,253.45025634765625,752000,0.0,0.0
2022-11-16 00:00:00-05:00,269.239990234375,271.25,262.8900146484375,264.30999755859375,248.532470703125,690400,0.0,0.0
2022-11-17 00:00:00-05:00,260.2900085449219,261.0,253.25999450683594,258.6700134277344,243.22914123535156,833400,0.0,0.0
2022-11-18 00:00:00-05:00,262.510009765625,264.8599853515625,260.9800109863281,264.739990234375,248.93679809570312,705500,0.0,0.0
2022-11-21 00:00:00-05:00,263.42999267578125,266.0,262.20001220703125,263.5899963378906,247.8554229736328,502900,0.0,0.0
2022-11-22 00:00:00-05:00,266.05999755859375,269.8599853515625,265.67999267578125,266.9700012207031,251.03366088867188,459100,0.0,0.0
2022-11-23 00:00:00-05:00,266.9599914550781,269.0199890136719,265.8500061035156,266.6099853515625,250.6951446533203,376900,0.0,0.0
2022-11-25 00:00:00-05:00,266.32000732421875,268.25,264.3699951171875,264.8599853515625,249.04962158203125,287700,0.0,0.0
2022-11-28 00:00:00-05:00,261.75,264.9599914550781,258.8500061035156,260.7099914550781,245.14736938476562,461800,0.0,0.0
2022-11-29 00:00:00-05:00,260.7099914550781,261.8699951171875,257.1199951171875,259.6300048828125,244.13185119628906,384400,0.0,0.0
2022-11-30 00:00:00-05:00,258.5299987792969,264.8299865722656,255.44000244140625,264.2200012207031,248.44778442382812,1266500,0.0,0.0
2022-12-01 00:00:00-05:00,265.5299987792969,266.7900085449219,260.8699951171875,266.75,250.82684326171875,650900,0.0,0.0
2022-12-02 00:00:00-05:00,261.79998779296875,266.0299987792969,260.2099914550781,265.489990234375,249.64199829101562,887400,0.0,0.0
2022-12-05 00:00:00-05:00,262.6700134277344,263.5,258.55999755859375,262.6700134277344,246.9904022216797,741900,0.0,0.0
2022-12-06 00:00:00-05:00,263.0,264.0799865722656,255.36000061035156,256.7699890136719,241.4425811767578,638100,0.0,0.0
2022-12-07 00:00:00-05:00,256.3399963378906,258.75,253.27999877929688,254.77000427246094,239.56195068359375,847600,0.0,0.0
2022-12-08 00:00:00-05:00,255.97999572753906,258.260009765625,255.16000366210938,257.1700134277344,241.8186798095703,542200,0.0,0.0
2022-12-09 00:00:00-05:00,258.0,262.4200134277344,256.989990234375,259.80999755859375,244.30108642578125,663800,0.0,0.0
2022-12-12 00:00:00-05:00,257.67999267578125,264.6099853515625,257.67999267578125,264.45001220703125,248.6641082763672,676300,0.0,0.0
2022-12-13 00:00:00-05:00,272.989990234375,276.8299865722656,267.05999755859375,271.7300109863281,255.50953674316406,1354400,0.0,0.0
2022-12-14 00:00:00-05:00,270.9800109863281,273.6099853515625,267.8800048828125,269.1700134277344,253.1023406982422,1014500,0.0,0.0
2022-12-15 00:00:00-05:00,264.3999938964844,264.3999938964844,256.3299865722656,257.1499938964844,241.7998809814453,685500,0.0,0.0
2022-12-16 00:00:00-05:00,253.13999938964844,255.74000549316406,249.67999267578125,253.07000732421875,237.9634246826172,1460600,0.0,0.0
2022-12-19 00:00:00-05:00,253.2899932861328,254.1300048828125,248.7100067138672,250.66000366210938,235.697265625,564600,0.0,0.0
2022-12-20 00:00:00-05:00,250.35000610351562,255.55999755859375,249.7100067138672,254.39999389648438,239.2140350341797,473100,0.0,0.0
2022-12-21 00:00:00-05:00,256.8699951171875,262.7799987792969,256.010009765625,259.3599853515625,243.8779296875,642900,0.0,0.0
2022-12-22 00:00:00-05:00,256.7099914550781,257.9100036621094,251.67999267578125,255.97000122070312,240.69032287597656,449800,0.0,0.0
2022-12-23 00:00:00-05:00,256.5,257.8399963378906,254.8300018310547,256.739990234375,241.41433715820312,297500,0.0,0.0
2022-12-27 00:00:00-05:00,257.510009765625,260.1000061035156,255.8000030517578,257.54998779296875,242.1759796142578,290800,0.0,0.0
2022-12-28 00:00:00-05:00,257.7200012207031,259.1400146484375,254.4600067138672,255.19000244140625,239.95687866210938,400800,0.0,0.0
2022-12-29 00:00:00-05:00,258.1300048828125,261.0,257.79998779296875,259.6300048828125,244.13185119628906,299400,0.0,0.0
2022-12-30 00:00:00-05:00,258.0799865722656,259.2799987792969,255.3300018310547,257.57000732421875,242.19480895996094,301500,0.0,0.0
2023-01-03 00:00:00-05:00,259.75,262.4100036621094,258.5199890136719,261.4200134277344,245.8149871826172,725000,0.0,0.0
2023-01-04 00:00:00-05:00,262.3900146484375,263.1400146484375,256.0199890136719,260.5299987792969,244.9781494140625,792700,0.0,0.0
2023-01-05 00:00:00-05:00,258.760009765625,262.1199951171875,255.5,258.5799865722656,243.1444854736328,616000,0.0,0.0
2023-01-06 00:00:00-05:00,262.3999938964844,268.8299865722656,259.7699890136719,267.5199890136719,251.55087280273438,550800,0.0,0.0
2023-01-09 00:00:00-05:00,270.8500061035156,274.6199951171875,269.260009765625,269.3399963378906,253.2621612548828,692500,0.0,0.0
2023-01-10 00:00:00-05:00,267.7799987792969,272.4200134277344,267.7799987792969,271.6600036621094,255.4437255859375,542300,0.0,0.0
2023-01-11 00:00:00-05:00,272.70001220703125,280.1000061035156,272.70001220703125,280.1000061035156,263.3799133300781,881900,0.0,0.0
2023-01-12 00:00:00-05:00,280.6499938964844,283.6000061035156,276.3500061035156,281.4100036621094,264.6117248535156,733900,0.0,0.0
2023-01-13 00:00:00-05:00,279.0299987792969,285.3500061035156,279.0299987792969,285.239990234375,268.2131042480469,525000,0.0,0.0
2023-01-17 00:00:00-05:00,284.260009765625,285.9599914550781,281.6099853515625,282.19000244140625,265.3451843261719,739000,0.0,0.0
2023-01-18 00:00:00-05:00,282.94000244140625,283.05999755859375,273.7200012207031,274.4200134277344,258.03900146484375,729600,0.0,0.0
2023-01-19 00:00:00-05:00,272.1700134277344,272.2900085449219,265.32000732421875,265.32000732421875,249.48214721679688,876700,0.0,0.0
2023-01-20 00:00:00-05:00,267.3599853515625,270.0299987792969,265.6000061035156,270.0,253.88279724121094,862100,0.0,0.0
2023-01-23 00:00:00-05:00,272.1000061035156,277.19000244140625,270.1000061035156,275.6199951171875,259.16729736328125,582200,0.0,0.0
2023-01-24 00:00:00-05:00,273.3500061035156,278.4200134277344,271.1499938964844,277.9800109863281,261.38641357421875,688400,0.0,0.0
2023-01-25 00:00:00-05:00,273.55999755859375,278.8900146484375,272.3399963378906,278.0799865722656,261.48046875,814100,0.0,0.0
2023-01-26 00:00:00-05:00,290.42999267578125,294.2099914550781,271.30999755859375,281.8699951171875,265.04425048828125,1505200,0.0,0.0
2023-01-27 00:00:00-05:00,282.75,287.2799987792969,276.1099853515625,286.4599914550781,269.3602600097656,1027900,0.0,0.0
2023-01-30 00:00:00-05:00,283.20001220703125,286.8900146484375,277.7699890136719,278.5,261.87542724609375,861700,0.0,0.0
2023-01-31 00:00:00-05:00,279.0799865722656,282.239990234375,273.0,282.0299987792969,265.1946716308594,1059100,0.0,0.0
2023-02-01 00:00:00-05:00,279.489990234375,286.17999267578125,277.05999755859375,282.8699951171875,265.9845886230469,831700,0.0,0.0
2023-02-02 00:00:00-05:00,284.8699951171875,293.0,282.80999755859375,291.1600036621094,273.7796936035156,999300,0.0,0.0
2023-02-03 00:00:00-05:00,288.0299987792969,293.3399963378906,287.6099853515625,289.9599914550781,272.6513366699219,534800,0.0,0.0
2023-02-06 00:00:00-05:00,286.6199951171875,288.5799865722656,284.69000244140625,287.7200012207031,270.54498291015625,482900,0.0,0.0
2023-02-07 00:00:00-05:00,287.4200134277344,290.1499938964844,283.3699951171875,289.3900146484375,272.1153564453125,631900,0.0,0.0
2023-02-08 00:00:00-05:00,287.6000061035156,289.0299987792969,284.07000732421875,285.4200134277344,268.3823547363281,663400,0.0,0.0
2023-02-09 00:00:00-05:00,289.0,290.45001220703125,286.55999755859375,287.70001220703125,270.5262145996094,536300,0.0,0.0
2023-02-10 00:00:00-05:00,286.3299865722656,286.739990234375,282.8399963378906,285.17999267578125,268.1566467285156,549500,0.0,0.0
2023-02-13 00:00:00-05:00,286.6400146484375,293.7900085449219,285.6099853515625,293.7900085449219,276.2527160644531,670300,0.0,0.0
2023-02-14 00:00:00-05:00,291.760009765625,294.79998779296875,289.1199951171875,293.1700134277344,275.66973876953125,610600,0.0,0.0
2023-02-15 00:00:00-05:00,292.6099853515625,299.3999938964844,292.010009765625,298.04998779296875,280.25836181640625,758800,0.0,0.0
2023-02-16 00:00:00-05:00,293.1000061035156,298.0,292.2200012207031,295.8800048828125,278.2179260253906,400400,0.0,0.0
2023-02-17 00:00:00-05:00,293.8500061035156,297.8299865722656,293.7900085449219,297.7200012207031,281.0690612792969,614800,1.18,0.0
2023-02-21 00:00:00-05:00,294.29998779296875,295.2099914550781,287.95001220703125,288.7200012207031,272.5724182128906,680000,0.0,0.0
2023-02-22 00:00:00-05:00,289.739990234375,291.8299865722656,286.94000244140625,288.94000244140625,272.7801208496094,419800,0.0,0.0
2023-02-23 00:00:00-05:00,291.7200012207031,293.3299865722656,287.239990234375,291.95001220703125,275.62176513671875,683600,0.0,0.0
2023-02-24 00:00:00-05:00,287.4599914550781,291.260009765625,286.7799987792969,290.3900146484375,274.14898681640625,293900,0.0,0.0
2023-02-27 00:00:00-05:00,293.5,294.7900085449219,292.3399963378906,294.3900146484375,277.9252624511719,441100,0.0,0.0
2023-02-28 00:00:00-05:00,293.989990234375,297.8699951171875,293.7099914550781,294.92999267578125,278.43511962890625,752300,0.0,0.0
2023-03-01 00:00:00-05:00,293.489990234375,297.1199951171875,290.8500061035156,292.6499938964844,276.2825622558594,495100,0.0,0.0
2023-03-02 00:00:00-05:00,291.67999267578125,297.70001220703125,290.1000061035156,296.5400085449219,279.9550476074219,484200,0.0,0.0
2023-03-03 00:00:00-05:00,297.6499938964844,303.20001220703125,296.6400146484375,302.5899963378906,285.666748046875,719900,0.0,0.0
2023-03-06 00:00:00-05:00,303.4599914550781,307.2799987792969,303.239990234375,305.55999755859375,288.4705810546875,622000,0.0,0.0
2023-03-07 00:00:00-05:00,305.57000732421875,305.9800109863281,298.7900085449219,299.3299865722656,282.58892822265625,549600,0.0,0.0
2023-03-08 00:00:00-05:00,299.8800048828125,303.0899963378906,299.19000244140625,302.29998779296875,285.3928527832031,587400,0.0,0.0
2023-03-09 00:00:00-05:00,304.4800109863281,309.3599853515625,298.30999755859375,298.9200134277344,282.2019348144531,773000,0.0,0.0
2023-03-10 00:00:00-05:00,297.8699951171875,297.8699951171875,286.92999267578125,289.07000732421875,272.90283203125,552200,0.0,0.0
2023-03-13 00:00:00-04:00,284.760009765625,288.5899963378906,282.510009765625,286.010009765625,270.013916015625,985900,0.0,0.0
2023-03-14 00:00:00-04:00,292.6300048828125,297.7300109863281,290.5400085449219,294.29998779296875,277.84027099609375,794600,0.0,0.0
2023-03-15 00:00:00-04:00,289.4100036621094,289.9700012207031,271.44000244140625,276.6600036621094,261.1868896484375,1125400,0.0,0.0
2023-03-16 00:00:00-04:00,274.5199890136719,283.0400085449219,272.75,282.0199890136719,266.2471008300781,977400,0.0,0.0
2023-03-17 00:00:00-04:00,277.9599914550781,278.29998779296875,270.42999267578125,272.7099914550781,257.4577941894531,1274500,0.0,0.0
2023-03-20 00:00:00-04:00,274.8399963378906,279.0299987792969,274.1499938964844,278.3299865722656,262.7634582519531,687700,0.0,0.0
2023-03-21 00:00:00-04:00,283.25,285.8999938964844,281.3599853515625,283.1600036621094,267.3233337402344,824100,0.0,0.0
2023-03-22 00:00:00-04:00,284.0199890136719,285.79998779296875,277.4599914550781,277.6300048828125,262.10260009765625,776900,0.0,0.0
2023-03-23 00:00:00-04:00,280.20001220703125,285.1700134277344,276.3699951171875,278.4200134277344,262.8484802246094,639300,0.0,0.0
2023-03-24 00:00:00-04:00,275.0799865722656,278.0,271.0799865722656,277.6000061035156,262.0743408203125,647700,0.0,0.0
2023-03-27 00:00:00-04:00,279.8699951171875,280.7799987792969,276.0400085449219,278.3999938964844,262.82958984375,572600,0.0,0.0
2023-03-28 00:00:00-04:00,278.67999267578125,280.1700134277344,277.489990234375,278.7799987792969,263.1883239746094,623100,0.0,0.0
2023-03-29 00:00:00-04:00,281.9800109863281,285.6300048828125,281.510009765625,284.5400085449219,268.62615966796875,577300,0.0,0.0
2023-03-30 00:00:00-04:00,287.0,287.8599853515625,286.44000244140625,287.5299987792969,271.4489440917969,430500,0.0,0.0
2023-03-31 00:00:00-04:00,289.1099853515625,293.7099914550781,288.6700134277344,293.45001220703125,277.0378112792969,594800,0.0,0.0
2023-04-03 00:00:00-04:00,291.1700134277344,294.1000061035156,288.82000732421875,291.2900085449219,274.9986877441406,729600,0.0,0.0
2023-04-04 00:00:00-04:00,291.8999938964844,293.1400146484375,277.1300048828125,278.760009765625,263.16943359375,751000,0.0,0.0
2023-04-05 00:00:00-04:00,276.4100036621094,278.04998779296875,272.6199951171875,273.1700134277344,257.8921813964844,790000,0.0,0.0
2023-04-06 00:00:00-04:00,272.17999267578125,274.489990234375,270.94000244140625,272.1499938964844,256.9291687011719,551800,0.0,0.0
2023-04-10 00:00:00-04:00,271.07000732421875,275.2699890136719,270.2200012207031,275.2300109863281,259.83685302734375,460500,0.0,0.0
2023-04-11 00:00:00-04:00,275.8399963378906,278.75,275.3299865722656,278.5199890136719,262.9428405761719,610600,0.0,0.0
2023-04-12 00:00:00-04:00,281.80999755859375,282.6199951171875,278.3599853515625,281.1199951171875,265.3974914550781,944800,0.0,0.0
2023-04-13 00:00:00-04:00,280.239990234375,280.6199951171875,272.3500061035156,278.1099853515625,262.5558776855469,919300,0.0,0.0
2023-04-14 00:00:00-04:00,277.8399963378906,281.17999267578125,275.30999755859375,277.29998779296875,261.7910461425781,666000,0.0,0.0
2023-04-17 00:00:00-04:00,277.80999755859375,279.5899963378906,276.0400085449219,277.8399963378906,262.30084228515625,552700,0.0,0.0
2023-04-18 00:00:00-04:00,279.6499938964844,281.1099853515625,275.9800109863281,276.8599853515625,261.3757019042969,519300,0.0,0.0
2023-04-19 00:00:00-04:00,274.69000244140625,275.55999755859375,272.70001220703125,274.32000732421875,258.977783203125,551400,0.0,0.0
2023-04-20 00:00:00-04:00,271.5400085449219,274.95001220703125,270.9599914550781,273.8299865722656,258.5151062011719,526300,0.0,0.0
2023-04-21 00:00:00-04:00,275.2099914550781,277.0199890136719,273.69000244140625,275.45001220703125,260.0445556640625,719900,0.0,0.0
2023-04-24 00:00:00-04:00,275.010009765625,277.3900146484375,275.010009765625,276.0799865722656,260.6393127441406,548700,0.0,0.0
2023-04-25 00:00:00-04:00,276.1600036621094,279.5799865722656,274.5400085449219,274.92999267578125,259.5536193847656,712300,0.0,0.0
2023-04-26 00:00:00-04:00,272.70001220703125,275.6099853515625,269.80999755859375,270.6300048828125,255.4940948486328,922400,0.0,0.0
2023-04-27 00:00:00-04:00,283.80999755859375,283.80999755859375,270.29998779296875,283.6199951171875,267.757568359375,2082100,0.0,0.0
2023-04-28 00:00:00-04:00,285.0,287.489990234375,281.6400146484375,283.4100036621094,267.55938720703125,849400,0.0,0.0
2023-05-01 00:00:00-04:00,284.0199890136719,286.2200012207031,280.67999267578125,282.6499938964844,266.84185791015625,803200,0.0,0.0
2023-05-02 00:00:00-04:00,281.6499938964844,282.54998779296875,275.5,279.0199890136719,263.41485595703125,755800,0.0,0.0
2023-05-03 00:00:00-04:00,279.5199890136719,283.5799865722656,278.05999755859375,278.6300048828125,263.0467529296875,674800,0.0,0.0
2023-05-04 00:00:00-04:00,276.8999938964844,280.8599853515625,275.2799987792969,279.20001220703125,263.58477783203125,782200,0.0,0.0
2023-05-05 00:00:00-04:00,282.6099853515625,283.489990234375,279.1099853515625,283.4200134277344,267.5688781738281,451700,0.0,0.0
2023-05-08 00:00:00-04:00,284.8900146484375,285.80999755859375,279.1400146484375,281.1000061035156,265.3785705566406,421100,0.0,0.0
2023-05-09 00:00:00-04:00,279.7200012207031,282.7699890136719,277.6499938964844,277.760009765625,262.22540283203125,602000,0.0,0.0
2023-05-10 00:00:00-04:00,275.0,278.07000732421875,267.7200012207031,270.0899963378906,254.984375,1243100,0.0,0.0
2023-05-11 00:00:00-04:00,267.54998779296875,270.69000244140625,266.6199951171875,270.489990234375,255.36199951171875,922600,0.0,0.0
2023-05-12 00:00:00-04:00,271.3999938964844,272.0799865722656,268.4200134277344,271.8599853515625,257.7798767089844,861500,1.18,0.0
2023-05-15 00:00:00-04:00,272.7699890136719,275.6700134277344,270.8699951171875,274.1400146484375,259.94183349609375,509500,0.0,0.0
2023-05-16 00:00:00-04:00,271.4200134277344,272.95001220703125,268.8699951171875,269.9800109863281,255.9972686767578,504600,0.0,0.0
2023-05-17 00:00:00-04:00,272.67999267578125,276.04998779296875,271.32000732421875,274.6300048828125,260.4064025878906,470500,0.0,0.0
2023-05-18 00:00:00-04:00,275.5400085449219,281.510009765625,273.9599914550781,281.1099853515625,266.55078125,740000,0.0,0.0
2023-05-19 00:00:00-04:00,284.05999755859375,284.2300109863281,278.2099914550781,281.30999755859375,266.740478515625,686500,0.0,0.0
2023-05-22 00:00:00-04:00,281.6000061035156,283.7699890136719,279.1700134277344,282.4700012207031,267.84033203125,562500,0.0,0.0
2023-05-23 00:00:00-04:00,280.0400085449219,281.8699951171875,277.67999267578125,278.4599914550781,264.0380554199219,923100,0.0,0.0
2023-05-24 00:00:00-04:00,277.0,277.6499938964844,269.3299865722656,270.2200012207031,256.2248229980469,577100,0.0,0.0
2023-05-25 00:00:00-04:00,272.489990234375,275.489990234375,269.80999755859375,273.42999267578125,259.2685546875,714100,0.0,0.0
2023-05-26 00:00:00-04:00,275.1400146484375,286.8599853515625,274.6700134277344,286.2300109863281,271.4056396484375,905000,0.0,0.0
2023-05-30 00:00:00-04:00,287.94000244140625,290.6400146484375,284.32000732421875,286.7900085449219,271.9366455078125,769800,0.0,0.0
2023-05-31 00:00:00-04:00,284.3699951171875,284.8500061035156,276.92999267578125,278.6000061035156,264.1707763671875,1472000,0.0,0.0
2023-06-01 00:00:00-04:00,278.2200012207031,282.8699951171875,275.9100036621094,280.4700012207031,265.9440002441406,556000,0.0,0.0
2023-06-02 00:00:00-04:00,283.8800048828125,294.42999267578125,280.5299987792969,292.8399963378906,277.67333984375,768500,0.0,0.0
2023-06-05 00:00:00-04:00,291.8999938964844,292.05999755859375,288.3399963378906,291.7099914550781,276.6018371582031,530000,0.0,0.0
2023-06-06 00:00:00-04:00,291.0,296.07000732421875,289.3299865722656,291.989990234375,276.8673095703125,636200,0.0,0.0
2023-06-07 00:00:00-04:00,291.1600036621094,300.0899963378906,290.5400085449219,299.1000061035156,283.6091003417969,872000,0.0,0.0
2023-06-08 00:00:00-04:00,298.04998779296875,303.8699951171875,297.32000732421875,302.9200134277344,287.231201171875,797800,0.0,0.0
2023-06-09 00:00:00-04:00,303.9100036621094,306.3999938964844,301.1199951171875,305.5,289.6776428222656,878500,0.0,0.0
2023-06-12 00:00:00-04:00,305.0,309.9200134277344,302.7900085449219,309.7799987792969,293.7359313964844,739000,0.0,0.0
2023-06-13 00:00:00-04:00,310.0,315.79998779296875,310.0,315.4700012207031,299.1312561035156,931500,0.0,0.0
2023-06-14 00:00:00-04:00,315.9100036621094,317.6700134277344,309.4100036621094,313.1199951171875,296.9029846191406,718300,0.0,0.0
2023-06-15 00:00:00-04:00,312.07000732421875,319.70001220703125,310.6600036621094,319.4100036621094,302.86724853515625,498300,0.0,0.0
2023-06-16 00:00:00-04:00,321.32000732421875,321.94000244140625,314.510009765625,315.79998779296875,299.4441833496094,1431800,0.0,0.0
2023-06-20 00:00:00-04:00,313.0,316.7799987792969,310.94000244140625,315.3900146484375,299.055419921875,598500,0.0,0.0
2023-06-21 00:00:00-04:00,313.32000732421875,321.69000244140625,312.4800109863281,320.75,304.13787841796875,713000,0.0,0.0
2023-06-22 00:00:00-04:00,318.19000244140625,318.79998779296875,313.04998779296875,314.9800109863281,298.6666564941406,736500,0.0,0.0
2023-06-23 00:00:00-04:00,311.0400085449219,315.30999755859375,310.0,313.2699890136719,297.0451354980469,1608700,0.0,0.0
2023-06-26 00:00:00-04:00,313.3500061035156,319.69000244140625,313.1400146484375,318.0400085449219,301.568115234375,711100,0.0,0.0
2023-06-27 00:00:00-04:00,317.5,324.760009765625,317.25,322.6600036621094,305.9488830566406,604400,0.0,0.0
2023-06-28 00:00:00-04:00,324.25,326.8599853515625,314.75,321.2099914550781,304.573974609375,851700,0.0,0.0
2023-06-29 00:00:00-04:00,320.57000732421875,325.239990234375,319.75,324.239990234375,307.44696044921875,536200,0.0,0.0
2023-06-30 00:00:00-04:00,327.1499938964844,331.3999938964844,325.44000244140625,329.45001220703125,312.3872375488281,617400,0.0,0.0
2023-07-03 00:00:00-04:00,329.45001220703125,330.0299987792969,326.1700134277344,329.4700012207031,312.4061584472656,344300,0.0,0.0
2023-07-05 00:00:00-04:00,326.6099853515625,328.760009765625,325.010009765625,327.0899963378906,310.1494140625,580400,0.0,0.0
2023-07-06 00:00:00-04:00,324.1400146484375,325.2900085449219,321.7799987792969,324.489990234375,307.68408203125,581400,0.0,0.0
2023-07-07 00:00:00-04:00,322.489990234375,328.4200134277344,321.6099853515625,325.3800048828125,308.528076171875,521900,0.0,0.0
2023-07-10 00:00:00-04:00,325.2300109863281,335.8599853515625,325.2300109863281,335.75,318.3609313964844,603800,0.0,0.0
2023-07-11 00:00:00-04:00,338.4200134277344,341.67999267578125,336.7799987792969,338.1400146484375,320.6271667480469,747800,0.0,0.0
2023-07-12 00:00:00-04:00,341.4800109863281,341.6300048828125,338.0899963378906,339.54998779296875,321.9640808105469,506500,0.0,0.0
2023-07-13 00:00:00-04:00,340.1600036621094,343.6600036621094,337.4200134277344,342.4599914550781,324.723388671875,465800,0.0,0.0
2023-07-14 00:00:00-04:00,341.8299865722656,342.3900146484375,338.55999755859375,341.2300109863281,323.55712890625,384200,0.0,0.0
2023-07-17 00:00:00-04:00,339.2300109863281,343.6700134277344,338.510009765625,342.5799865722656,324.8371887207031,554100,0.0,0.0
2023-07-18 00:00:00-04:00,342.0,348.5199890136719,342.0,346.8900146484375,328.9239501953125,664500,0.0,0.0
2023-07-19 00:00:00-04:00,345.4200134277344,345.510009765625,339.010009765625,344.0,326.1836242675781,639700,0.0,0.0
2023-07-20 00:00:00-04:00,343.9599914550781,344.5400085449219,340.5400085449219,342.55999755859375,324.8182067871094,823300,0.0,0.0
2023-07-21 00:00:00-04:00,343.6000061035156,344.0,336.7699890136719,337.0799865722656,319.6219787597656,654800,0.0,0.0
2023-07-24 00:00:00-04:00,338.2900085449219,339.7300109863281,336.1700134277344,338.1300048828125,320.61767578125,426400,0.0,0.0
2023-07-25 00:00:00-04:00,336.6300048828125,339.54998779296875,335.17999267578125,337.8900146484375,320.39007568359375,429800,0.0,0.0
2023-07-26 00:00:00-04:00,335.5400085449219,336.8699951171875,330.0299987792969,333.9599914550781,316.66363525390625,676300,0.0,0.0
2023-07-27 00:00:00-04:00,335.4700012207031,338.42999267578125,329.7799987792969,330.30999755859375,313.2026672363281,799200,0.0,0.0
2023-07-28 00:00:00-04:00,333.1000061035156,334.70001220703125,329.989990234375,333.29998779296875,316.03778076171875,719100,0.0,0.0
2023-07-31 00:00:00-04:00,336.0799865722656,339.6499938964844,334.30999755859375,336.2900085449219,318.87298583984375,1105500,0.0,0.0
2023-08-01 00:00:00-04:00,302.0,314.1499938964844,300.8900146484375,310.9100036621094,294.80743408203125,2650500,0.0,0.0
2023-08-02 00:00:00-04:00,310.010009765625,311.4700012207031,304.07000732421875,304.2799987792969,288.5208435058594,1599000,0.0,0.0
2023-08-03 00:00:00-04:00,303.45001220703125,305.0400085449219,298.25,302.04998779296875,286.40631103515625,1095500,0.0,0.0
2023-08-04 00:00:00-04:00,302.70001220703125,303.489990234375,296.79998779296875,298.82000732421875,283.3435974121094,737000,0.0,0.0
2023-08-07 00:00:00-04:00,300.8500061035156,311.25,300.55999755859375,310.4599914550781,294.38067626953125,1017600,0.0,0.0
2023-08-08 00:00:00-04:00,307.2200012207031,308.20001220703125,304.4599914550781,305.54998779296875,289.7250061035156,808000,0.0,0.0
2023-08-09 00:00:00-04:00,305.7099914550781,307.0299987792969,302.9599914550781,303.79998779296875,288.065673828125,735500,0.0,0.0
2023-08-10 00:00:00-04:00,301.8999938964844,304.67999267578125,296.6600036621094,299.260009765625,283.76080322265625,1489400,0.0,0.0
2023-08-11 00:00:00-04:00,297.05999755859375,298.2099914550781,294.0,296.17999267578125,281.9520263671875,719300,1.18,0.0
2023-08-14 00:00:00-04:00,295.94000244140625,299.45001220703125,295.3900146484375,299.1600036621094,284.7889099121094,468000,0.0,0.0
2023-08-15 00:00:00-04:00,297.6199951171875,298.8599853515625,295.45001220703125,297.6600036621094,283.3609619140625,363500,0.0,0.0
2023-08-16 00:00:00-04:00,298.20001220703125,300.3900146484375,294.760009765625,295.1499938964844,280.9715270996094,496800,0.0,0.0
2023-08-17 00:00:00-04:00,295.94000244140625,296.8500061035156,291.4800109863281,291.489990234375,277.48736572265625,512900,0.0,0.0
2023-08-18 00:00:00-04:00,288.82000732421875,293.5400085449219,287.8999938964844,291.5400085449219,277.53497314453125,435800,0.0,0.0
2023-08-21 00:00:00-04:00,291.82000732421875,293.75,290.4800109863281,292.8299865722656,278.7629699707031,418900,0.0,0.0
2023-08-22 00:00:00-04:00,295.1600036621094,296.7799987792969,291.4800109863281,292.6400146484375,278.5821838378906,535600,0.0,0.0
2023-08-23 00:00:00-04:00,294.70001220703125,298.8299865722656,293.8699951171875,297.5400085449219,283.2467346191406,467400,0.0,0.0
2023-08-24 00:00:00-04:00,301.5,304.6000061035156,298.3800048828125,298.4700012207031,284.132080078125,724600,0.0,0.0
2023-08-25 00:00:00-04:00,299.9800109863281,304.1000061035156,297.04998779296875,303.30999755859375,288.7395324707031,663500,0.0,0.0
2023-08-28 00:00:00-04:00,304.7900085449219,310.8699951171875,304.55999755859375,309.04998779296875,294.20379638671875,878200,0.0,0.0
2023-08-29 00:00:00-04:00,309.2799987792969,317.739990234375,309.2799987792969,317.25,302.0099182128906,836700,0.0,0.0
2023-08-30 00:00:00-04:00,312.0,312.7200012207031,306.3500061035156,309.57000732421875,294.6988525390625,1139800,0.0,0.0
2023-08-31 00:00:00-04:00,310.4200134277344,313.8800048828125,308.8599853515625,312.0799865722656,297.0882263183594,854500,0.0,0.0
2023-09-01 00:00:00-04:00,313.92999267578125,314.80999755859375,310.44000244140625,314.04998779296875,298.9636535644531,880000,0.0,0.0
2023-09-05 00:00:00-04:00,313.9200134277344,313.9200134277344,306.1099853515625,307.20001220703125,292.4427795410156,745200,0.0,0.0
2023-09-06 00:00:00-04:00,307.2799987792969,311.760009765625,307.0199890136719,310.4800109863281,295.56512451171875,413300,0.0,0.0
2023-09-07 00:00:00-04:00,306.9700012207031,308.7799987792969,304.2900085449219,304.44000244140625,289.8153076171875,921000,0.0,0.0
2023-09-08 00:00:00-04:00,303.239990234375,304.4599914550781,296.7699890136719,296.8599853515625,282.59942626953125,866100,0.0,0.0
2023-09-11 00:00:00-04:00,297.8699951171875,299.9800109863281,292.6199951171875,293.8900146484375,279.7720642089844,1055900,0.0,0.0
2023-09-12 00:00:00-04:00,292.010009765625,295.6000061035156,288.7900085449219,289.0799865722656,275.193115234375,931400,0.0,0.0
2023-09-13 00:00:00-04:00,287.6000061035156,289.57000732421875,284.4599914550781,285.4700012207031,271.75653076171875,973200,0.0,0.0
2023-09-14 00:00:00-04:00,288.7699890136719,289.9599914550781,284.0299987792969,287.0799865722656,273.2891845703125,843400,0.0,0.0
2023-09-15 00:00:00-04:00,285.1499938964844,289.05999755859375,284.07000732421875,285.20001220703125,271.4995422363281,1091800,0.0,0.0
2023-09-18 00:00:00-04:00,285.0299987792969,292.1099853515625,285.0,288.7300109863281,274.8599548339844,884100,0.0,0.0
2023-09-19 00:00:00-04:00,288.69000244140625,289.2200012207031,283.82000732421875,287.760009765625,273.9365539550781,666800,0.0,0.0
2023-09-20 00:00:00-04:00,290.1700134277344,292.3800048828125,284.67999267578125,285.1700134277344,271.4709777832031,458100,0.0,0.0
2023-09-21 00:00:00-04:00,283.69000244140625,283.8999938964844,278.1400146484375,278.94000244140625,265.540283203125,942900,0.0,0.0
2023-09-22 00:00:00-04:00,279.17999267578125,283.5199890136719,279.0899963378906,281.3599853515625,267.843994140625,727900,0.0,0.0
2023-09-25 00:00:00-04:00,280.2300109863281,285.17999267578125,279.29998779296875,284.4200134277344,270.7570495605469,435800,0.0,0.0
2023-09-26 00:00:00-04:00,281.0199890136719,283.2300109863281,278.70001220703125,279.04998779296875,265.64495849609375,493700,0.0,0.0
2023-09-27 00:00:00-04:00,282.0799865722656,287.4800109863281,281.4700012207031,284.79998779296875,271.11871337890625,816400,0.0,0.0
2023-09-28 00:00:00-04:00,284.1400146484375,289.3500061035156,283.3500061035156,286.4100036621094,272.65142822265625,501000,0.0,0.0
2023-09-29 00:00:00-04:00,290.8299865722656,291.7099914550781,285.04998779296875,285.8699951171875,272.1372985839844,595200,0.0,0.0
2023-10-02 00:00:00-04:00,285.70001220703125,289.2300109863281,282.1300048828125,283.95001220703125,270.30963134765625,631100,0.0,0.0
2023-10-03 00:00:00-04:00,282.70001220703125,285.54998779296875,281.7099914550781,284.32000732421875,270.66180419921875,847400,0.0,0.0
2023-10-04 00:00:00-04:00,284.5199890136719,289.8500061035156,282.7900085449219,288.79998779296875,274.9266052246094,844800,0.0,0.0
2023-10-05 00:00:00-04:00,287.1600036621094,290.0,282.0899963378906,286.1600036621094,272.4134216308594,819400,0.0,0.0
2023-10-06 00:00:00-04:00,284.55999755859375,292.9700012207031,282.1499938964844,290.30999755859375,276.3641052246094,555200,0.0,0.0
2023-10-09 00:00:00-04:00,288.3599853515625,291.57000732421875,285.57000732421875,290.4700012207031,276.516357421875,437900,0.0,0.0
2023-10-10 00:00:00-04:00,291.1099853515625,295.9100036621094,290.1099853515625,291.70001220703125,277.6873474121094,522200,0.0,0.0
2023-10-11 00:00:00-04:00,292.2200012207031,300.2699890136719,292.2200012207031,299.9200134277344,285.5124206542969,680600,0.0,0.0
2023-10-12 00:00:00-04:00,300.8500061035156,303.1199951171875,296.80999755859375,300.0299987792969,285.6171569824219,746400,0.0,0.0
2023-10-13 00:00:00-04:00,298.510009765625,300.8999938964844,284.7300109863281,288.32000732421875,274.4696350097656,1284300,0.0,0.0
2023-10-16 00:00:00-04:00,291.9100036621094,293.8599853515625,288.8500061035156,291.7799987792969,277.76348876953125,515900,0.0,0.0
2023-10-17 00:00:00-04:00,289.760009765625,295.3800048828125,288.2799987792969,290.54998779296875,276.592529296875,638100,0.0,0.0
2023-10-18 00:00:00-04:00,284.0,285.29998779296875,275.5400085449219,275.57000732421875,262.3321533203125,1477000,0.0,0.0
2023-10-19 00:00:00-04:00,276.6700134277344,277.9200134277344,270.0400085449219,271.5199890136719,258.47662353515625,971000,0.0,0.0
2023-10-20 00:00:00-04:00,271.3299865722656,272.1099853515625,265.2099914550781,266.05999755859375,253.2789764404297,1120400,0.0,0.0
2023-10-23 00:00:00-04:00,266.82000732421875,269.6400146484375,265.0899963378906,266.8500061035156,254.03109741210938,735400,0.0,0.0
2023-10-24 00:00:00-04:00,269.5199890136719,270.3699951171875,264.1199951171875,265.8599853515625,253.08853149414062,522000,0.0,0.0
2023-10-25 00:00:00-04:00,265.0,266.510009765625,261.1700134277344,263.32000732421875,250.6706085205078,646800,0.0,0.0
2023-10-26 00:00:00-04:00,264.8699951171875,268.04998779296875,262.5199890136719,262.6000061035156,249.9851837158203,758700,0.0,0.0
2023-10-27 00:00:00-04:00,264.1300048828125,264.1600036621094,260.6099853515625,262.0,249.4139862060547,709000,0.0,0.0
2023-10-30 00:00:00-04:00,264.92999267578125,264.92999267578125,261.0199890136719,263.4599914550781,250.8038787841797,769500,0.0,0.0
2023-10-31 00:00:00-04:00,262.69000244140625,265.1000061035156,261.6199951171875,262.80999755859375,250.1851043701172,812700,0.0,0.0
2023-11-01 00:00:00-04:00,264.2099914550781,267.1499938964844,257.989990234375,266.9800109863281,254.15481567382812,1379100,0.0,0.0
2023-11-02 00:00:00-04:00,255.60000610351562,261.45001220703125,252.19000244140625,258.6000061035156,246.17738342285156,2249100,0.0,0.0
2023-11-03 00:00:00-04:00,261.8500061035156,265.44000244140625,259.739990234375,263.70001220703125,251.03236389160156,1460800,0.0,0.0
2023-11-06 00:00:00-05:00,263.70001220703125,264.30999755859375,256.510009765625,258.5,246.0821533203125,1195700,0.0,0.0
2023-11-07 00:00:00-05:00,257.6300048828125,260.05999755859375,256.260009765625,257.0199890136719,244.67324829101562,1383200,0.0,0.0
2023-11-08 00:00:00-05:00,257.9700012207031,261.8800048828125,255.82000732421875,257.1199951171875,244.76844787597656,1059100,0.0,0.0
2023-11-09 00:00:00-05:00,259.05999755859375,259.4200134277344,255.33999633789062,257.1099853515625,244.7589111328125,1001000,0.0,0.0
2023-11-10 00:00:00-05:00,256.95001220703125,259.2699890136719,254.0800018310547,258.42999267578125,247.21743774414062,1125600,1.25,0.0
2023-11-13 00:00:00-05:00,257.6400146484375,263.2300109863281,257.45001220703125,261.3599853515625,250.02029418945312,987700,0.0,0.0
2023-11-14 00:00:00-05:00,267.5,270.69000244140625,266.1700134277344,267.54998779296875,255.9417266845703,983400,0.0,0.0
2023-11-15 00:00:00-05:00,268.9599914550781,273.8399963378906,268.1199951171875,270.1700134277344,258.4480895996094,1040400,0.0,0.0
2023-11-16 00:00:00-05:00,271.239990234375,277.4200134277344,270.1700134277344,272.7799987792969,260.9448547363281,964800,0.0,0.0
2023-11-17 00:00:00-05:00,275.0,275.5,272.3299865722656,275.260009765625,263.3172302246094,653100,0.0,0.0
2023-11-20 00:00:00-05:00,270.9200134277344,272.7900085449219,269.8999938964844,271.1199951171875,259.3567810058594,1292200,0.0,0.0
2023-11-21 00:00:00-05:00,270.0,271.2699890136719,269.260009765625,269.3900146484375,257.7019348144531,1091000,0.0,0.0
2023-11-22 00:00:00-05:00,270.0,274.8399963378906,269.54998779296875,272.79998779296875,260.9639587402344,1034200,0.0,0.0
2023-11-24 00:00:00-05:00,272.29998779296875,274.0899963378906,272.0299987792969,273.0,261.15521240234375,315500,0.0,0.0
2023-11-27 00:00:00-05:00,272.5400085449219,274.5,270.3399963378906,271.05999755859375,259.2994384765625,1054700,0.0,0.0
2023-11-28 00:00:00-05:00,270.6199951171875,271.30999755859375,268.3699951171875,269.25,257.5679626464844,1109200,0.0,0.0
2023-11-29 00:00:00-05:00,272.5,272.9700012207031,268.8999938964844,270.55999755859375,258.8211364746094,888500,0.0,0.0
2023-11-30 00:00:00-05:00,272.45001220703125,275.7799987792969,270.6400146484375,275.44000244140625,263.4893798828125,1896300,0.0,0.0
2023-12-01 00:00:00-05:00,275.69000244140625,281.5,275.5799865722656,281.4700012207031,269.2577819824219,1086800,0.0,0.0
2023-12-04 00:00:00-05:00,278.29998779296875,283.1600036621094,277.9700012207031,279.5,267.3731994628906,963200,0.0,0.0
2023-12-05 00:00:00-05:00,278.0,279.30999755859375,274.30999755859375,275.0,263.0684509277344,614900,0.0,0.0
2023-12-06 00:00:00-05:00,276.739990234375,281.5,276.44000244140625,278.1099853515625,266.04351806640625,936200,0.0,0.0
2023-12-07 00:00:00-05:00,279.25,279.3900146484375,276.2900085449219,277.8900146484375,265.8330993652344,491000,0.0,0.0
2023-12-08 00:00:00-05:00,277.6099853515625,280.6000061035156,276.69000244140625,278.5299987792969,266.4453430175781,741000,0.0,0.0
2023-12-11 00:00:00-05:00,279.30999755859375,284.2699890136719,278.6199951171875,279.7900085449219,267.6506652832031,736400,0.0,0.0
2023-12-12 00:00:00-05:00,280.7099914550781,285.510009765625,279.4800109863281,283.69000244140625,271.3814697265625,838300,0.0,0.0
2023-12-13 00:00:00-05:00,284.29998779296875,291.2699890136719,282.7900085449219,290.9700012207031,278.3455810546875,979500,0.0,0.0
2023-12-14 00:00:00-05:00,295.0,307.19000244140625,292.7699890136719,306.8500061035156,293.5366516113281,1638400,0.0,0.0
2023-12-15 00:00:00-05:00,306.1700134277344,309.7900085449219,303.80999755859375,304.3699951171875,291.1641845703125,1710100,0.0,0.0
2023-12-18 00:00:00-05:00,304.739990234375,306.8299865722656,301.7900085449219,305.29998779296875,292.0538635253906,536100,0.0,0.0
2023-12-19 00:00:00-05:00,310.5799865722656,312.3699951171875,309.5,310.4800109863281,297.0091247558594,629500,0.0,0.0
2023-12-20 00:00:00-05:00,309.510009765625,310.8800048828125,303.42999267578125,303.55999755859375,290.3893127441406,470300,0.0,0.0
2023-12-21 00:00:00-05:00,306.239990234375,307.239990234375,303.739990234375,306.75,293.44097900390625,501000,0.0,0.0
2023-12-22 00:00:00-05:00,309.3599853515625,310.69000244140625,306.1099853515625,307.7799987792969,294.4263000488281,311600,0.0,0.0
2023-12-26 00:00:00-05:00,309.1199951171875,311.79998779296875,308.7699890136719,311.0400085449219,297.5447998046875,407600,0.0,0.0
2023-12-27 00:00:00-05:00,311.6600036621094,312.760009765625,310.30999755859375,311.2200012207031,297.7170104980469,310700,0.0,0.0
2023-12-28 00:00:00-05:00,309.7799987792969,311.2900085449219,308.92999267578125,310.6199951171875,297.14300537109375,331900,0.0,0.0
2023-12-29 00:00:00-05:00,310.239990234375,312.54998779296875,308.2200012207031,310.4800109863281,297.0091247558594,326000,0.0,0.0
2024-01-02 00:00:00-05:00,307.2799987792969,310.0,304.9800109863281,306.3800048828125,293.0870361328125,415000,0.0,0.0
2024-01-03 00:00:00-05:00,307.5,308.6600036621094,303.05999755859375,303.8599853515625,290.6762390136719,823700,0.0,0.0
2024-01-04 00:00:00-05:00,303.7799987792969,307.70001220703125,303.4800109863281,304.6700134277344,291.45123291015625,753900,0.0,0.0
2024-01-05 00:00:00-05:00,302.1199951171875,306.04998779296875,300.9599914550781,305.04998779296875,291.8146667480469,635200,0.0,0.0
2024-01-08 00:00:00-05:00,305.2200012207031,306.82000732421875,303.1600036621094,306.05999755859375,292.7808532714844,549400,0.0,0.0
2024-01-09 00:00:00-05:00,304.0400085449219,305.760009765625,302.3599853515625,302.9700012207031,289.824951171875,578500,0.0,0.0
2024-01-10 00:00:00-05:00,302.79998779296875,304.29998779296875,301.1700134277344,302.07000732421875,288.9639892578125,689200,0.0,0.0
2024-01-11 00:00:00-05:00,302.95001220703125,305.6199951171875,299.7699890136719,305.1000061035156,291.8625183105469,703400,0.0,0.0
2024-01-12 00:00:00-05:00,307.3500061035156,307.6499938964844,302.2900085449219,304.5899963378906,291.3746337890625,455200,0.0,0.0
2024-01-16 00:00:00-05:00,302.94000244140625,302.94000244140625,297.6099853515625,298.3800048828125,285.43408203125,563400,0.0,0.0
2024-01-17 00:00:00-05:00,295.3699951171875,296.54998779296875,293.5199890136719,295.3800048828125,282.56427001953125,575000,0.0,0.0
2024-01-18 00:00:00-05:00,296.489990234375,300.45001220703125,296.489990234375,300.1499938964844,287.1272888183594,529100,0.0,0.0
2024-01-19 00:00:00-05:00,301.3900146484375,305.0,298.3800048828125,303.45001220703125,290.2840881347656,604600,0.0,0.0
2024-01-22 00:00:00-05:00,304.1700134277344,306.92999267578125,304.0799865722656,305.6400146484375,292.379150390625,562700,0.0,0.0
2024-01-23 00:00:00-05:00,306.79998779296875,307.32000732421875,303.57000732421875,304.2699890136719,291.0685119628906,427300,0.0,0.0
2024-01-24 00:00:00-05:00,307.29998779296875,307.29998779296875,300.32000732421875,300.3500061035156,287.318603515625,543600,0.0,0.0
2024-01-25 00:00:00-05:00,303.2900085449219,306.9800109863281,303.2200012207031,304.239990234375,291.0398254394531,547000,0.0,0.0
2024-01-26 00:00:00-05:00,305.760009765625,306.30999755859375,302.45001220703125,303.0,289.8536682128906,385500,0.0,0.0
2024-01-29 00:00:00-05:00,301.70001220703125,304.8399963378906,300.6099853515625,304.6199951171875,291.4033508300781,534600,0.0,0.0
2024-01-30 00:00:00-05:00,303.0199890136719,307.7099914550781,301.4100036621094,307.2200012207031,293.89056396484375,759500,0.0,0.0
2024-01-31 00:00:00-05:00,263.8999938964844,272.7099914550781,252.11000061035156,253.27999877929688,242.2908477783203,6466200,0.0,0.0
2024-02-01 00:00:00-05:00,258.04998779296875,265.30999755859375,257.5799865722656,263.010009765625,251.59872436523438,2080100,0.0,0.0
2024-02-02 00:00:00-05:00,261.75,270.94000244140625,259.5899963378906,268.010009765625,256.3817443847656,1710200,0.0,0.0
2024-02-05 00:00:00-05:00,265.8999938964844,269.25,263.489990234375,266.32000732421875,254.76512145996094,1234800,0.0,0.0
2024-02-06 00:00:00-05:00,267.3500061035156,267.3500061035156,259.8500061035156,259.9800109863281,248.70021057128906,1765800,0.0,0.0
2024-02-07 00:00:00-05:00,261.489990234375,270.19000244140625,261.3900146484375,269.0199890136719,257.34796142578125,1867800,0.0,0.0
2024-02-08 00:00:00-05:00,270.489990234375,279.7699890136719,270.2200012207031,278.7099914550781,266.6175231933594,2029000,0.0,0.0
2024-02-09 00:00:00-05:00,279.0,284.5799865722656,278.67999267578125,283.5,271.1996765136719,1503800,0.0,0.0
2024-02-12 00:00:00-05:00,283.5,286.6099853515625,279.7900085449219,280.69000244140625,268.5115966796875,1330200,0.0,0.0
2024-02-13 00:00:00-05:00,277.32000732421875,280.0,273.57000732421875,278.3800048828125,266.3018493652344,1451200,0.0,0.0
2024-02-14 00:00:00-05:00,279.2099914550781,280.3999938964844,276.5799865722656,279.92999267578125,267.7845458984375,1039100,0.0,0.0
2024-02-15 00:00:00-05:00,280.5199890136719,283.7699890136719,279.17999267578125,281.3800048828125,269.1716613769531,1466500,0.0,0.0
2024-02-16 00:00:00-05:00,279.9200134277344,283.9100036621094,279.6000061035156,279.7200012207031,268.77777099609375,1152700,1.25,0.0
2024-02-20 00:00:00-05:00,276.30999755859375,285.8999938964844,271.8699951171875,272.6199951171875,261.9554748535156,1833400,0.0,0.0
2024-02-21 00:00:00-05:00,270.9100036621094,274.9700012207031,268.6000061035156,274.6300048828125,263.8868103027344,970000,0.0,0.0
2024-02-22 00:00:00-05:00,278.07000732421875,280.3699951171875,276.30999755859375,278.6199951171875,267.7207336425781,1054800,0.0,0.0
2024-02-23 00:00:00-05:00,278.8500061035156,283.0400085449219,278.8500061035156,280.510009765625,269.53680419921875,792000,0.0,0.0
2024-02-26 00:00:00-05:00,279.6000061035156,281.5,276.5299987792969,277.80999755859375,266.94244384765625,765600,0.0,0.0
2024-02-27 00:00:00-05:00,279.70001220703125,281.6600036621094,278.7699890136719,280.9700012207031,269.97882080078125,785800,0.0,0.0
2024-02-28 00:00:00-05:00,280.0,286.6400146484375,280.0,286.4100036621094,275.2060241699219,1227400,0.0,0.0
2024-02-29 00:00:00-05:00,287.5899963378906,287.760009765625,282.75,285.0799865722656,273.9280090332031,1155300,0.0,0.0
2024-03-01 00:00:00-05:00,285.0,289.6300048828125,285.0,289.04998779296875,277.7427673339844,880800,0.0,0.0
2024-03-04 00:00:00-05:00,289.82000732421875,290.1499938964844,284.489990234375,288.1700134277344,276.89715576171875,1497600,0.0,0.0
2024-03-05 00:00:00-05:00,287.3399963378906,288.6199951171875,284.3999938964844,287.67999267578125,276.4263610839844,667000,0.0,0.0
2024-03-06 00:00:00-05:00,287.67999267578125,292.1499938964844,286.760009765625,291.17999267578125,279.7894592285156,779100,0.0,0.0
2024-03-07 00:00:00-05:00,294.19000244140625,296.45001220703125,290.6400146484375,294.1400146484375,282.6336364746094,556900,0.0,0.0
2024-03-08 00:00:00-05:00,296.489990234375,298.6300048828125,292.1600036621094,294.5899963378906,283.0660400390625,640300,0.0,0.0
2024-03-11 00:00:00-04:00,291.1600036621094,293.29998779296875,283.1000061035156,284.7900085449219,273.6493835449219,1259500,0.0,0.0
2024-03-12 00:00:00-04:00,284.8800048828125,285.760009765625,279.79998779296875,283.8800048828125,272.77496337890625,974800,0.0,0.0
2024-03-13 00:00:00-04:00,281.8900146484375,287.7699890136719,281.25,284.3800048828125,273.25543212890625,825700,0.0,0.0
2024-03-14 00:00:00-04:00,285.8399963378906,288.489990234375,277.19000244140625,280.0,269.0467529296875,970300,0.0,0.0
2024-03-15 00:00:00-04:00,278.1000061035156,280.95001220703125,277.739990234375,280.8800048828125,269.8923034667969,1373000,0.0,0.0
2024-03-18 00:00:00-04:00,280.239990234375,283.8800048828125,278.010009765625,278.1700134277344,267.2883605957031,567000,0.0,0.0
2024-03-19 00:00:00-04:00,272.5,278.7799987792969,269.07000732421875,278.19000244140625,267.30755615234375,1328100,0.0,0.0
2024-03-20 00:00:00-04:00,278.8299865722656,285.6600036621094,263.69000244140625,281.7799987792969,270.7571716308594,2011700,0.0,0.0
2024-03-21 00:00:00-04:00,283.6199951171875,292.1199951171875,281.7200012207031,290.0899963378906,278.7420654296875,1204600,0.0,0.0
2024-03-22 00:00:00-04:00,290.05999755859375,291.57000732421875,284.1300048828125,286.3800048828125,275.1771545410156,1149800,0.0,0.0
2024-03-25 00:00:00-04:00,283.80999755859375,285.4200134277344,282.1099853515625,282.4599914550781,271.4105529785156,668700,0.0,0.0
2024-03-26 00:00:00-04:00,284.55999755859375,287.2900085449219,283.6099853515625,284.45001220703125,273.3226623535156,620900,0.0,0.0
2024-03-27 00:00:00-04:00,285.95001220703125,291.7699890136719,284.57000732421875,291.2099914550781,279.8182678222656,664100,0.0,0.0
2024-03-28 00:00:00-04:00,291.0,292.67999267578125,289.07000732421875,291.3299865722656,279.93353271484375,605700,0.0,0.0
2024-04-01 00:00:00-04:00,291.1300048828125,291.19000244140625,283.2300109863281,283.3699951171875,272.2849426269531,680600,0.0,0.0
2024-04-02 00:00:00-04:00,283.0,283.7699890136719,278.2099914550781,280.2300109863281,269.2677917480469,942400,0.0,0.0
2024-04-03 00:00:00-04:00,278.7200012207031,283.75,278.7200012207031,279.8800048828125,268.9314270019531,1062500,0.0,0.0
2024-04-04 00:00:00-04:00,281.0,284.1300048828125,275.1099853515625,276.3299865722656,265.52032470703125,934800,0.0,0.0
2024-04-05 00:00:00-04:00,278.4800109863281,280.32000732421875,275.92999267578125,279.239990234375,268.31646728515625,597500,0.0,0.0
2024-04-08 00:00:00-04:00,280.5299987792969,283.2099914550781,278.44000244140625,282.04998779296875,271.01654052734375,683200,0.0,0.0
2024-04-09 00:00:00-04:00,282.8500061035156,288.1700134277344,282.19000244140625,286.8299865722656,275.60955810546875,867300,0.0,0.0
2024-04-10 00:00:00-04:00,282.1000061035156,282.4800109863281,276.94000244140625,282.05999755859375,271.0261535644531,816000,0.0,0.0
2024-04-11 00:00:00-04:00,282.0400085449219,288.9200134277344,281.55999755859375,288.5199890136719,277.2334289550781,915800,0.0,0.0
2024-04-12 00:00:00-04:00,284.5400085449219,287.95001220703125,282.75,284.82000732421875,273.6781921386719,1122900,0.0,0.0
2024-04-15 00:00:00-04:00,288.82000732421875,290.6700134277344,284.1300048828125,285.8999938964844,274.7159729003906,1391600,0.0,0.0
2024-04-16 00:00:00-04:00,284.42999267578125,284.8399963378906,275.9599914550781,281.3900146484375,270.3824462890625,1094700,0.0,0.0
2024-04-17 00:00:00-04:00,282.29998779296875,283.1499938964844,275.9100036621094,278.6499938964844,267.7496032714844,817900,0.0,0.0
2024-04-18 00:00:00-04:00,280.92999267578125,281.45001220703125,273.1400146484375,273.5,262.801025390625,1125000,0.0,0.0
2024-04-19 00:00:00-04:00,274.3999938964844,275.2900085449219,269.4700012207031,269.9599914550781,259.3995056152344,1196600,0.0,0.0
2024-04-22 00:00:00-04:00,270.9100036621094,275.4800109863281,270.2799987792969,273.4700012207031,262.7721862792969,888200,0.0,0.0
2024-04-23 00:00:00-04:00,273.6000061035156,278.8299865722656,272.4700012207031,276.3299865722656,265.52032470703125,663700,0.0,0.0
2024-04-24 00:00:00-04:00,277.8500061035156,279.3800048828125,274.70001220703125,275.55999755859375,264.780517578125,600500,0.0,0.0
2024-04-25 00:00:00-04:00,272.8399963378906,278.760009765625,271.4700012207031,276.95001220703125,266.1160888671875,919900,0.0,0.0
2024-04-26 00:00:00-04:00,275.9800109863281,282.54998779296875,273.5,280.1199951171875,269.1620178222656,626100,0.0,0.0
2024-04-29 00:00:00-04:00,280.2300109863281,282.5,278.1099853515625,279.9700012207031,269.0179138183594,529900,0.0,0.0
2024-04-30 00:00:00-04:00,278.17999267578125,279.32000732421875,270.7099914550781,270.9599914550781,260.36041259765625,649700,0.0,0.0
2024-05-01 00:00:00-04:00,270.239990234375,273.7200012207031,267.0,269.75,259.19775390625,854900,0.0,0.0
2024-05-02 00:00:00-04:00,272.489990234375,273.32000732421875,267.70001220703125,270.0400085449219,259.4764404296875,821000,0.0,0.0
2024-05-03 00:00:00-04:00,273.8900146484375,277.7099914550781,272.739990234375,274.04998779296875,263.3294982910156,995900,0.0,0.0
2024-05-06 00:00:00-04:00,278.3699951171875,278.7099914550781,275.54998779296875,277.3900146484375,266.5389099121094,996100,0.0,0.0
2024-05-07 00:00:00-04:00,270.0,282.5199890136719,263.510009765625,272.0400085449219,261.398193359375,2383400,0.0,0.0
2024-05-08 00:00:00-04:00,270.44000244140625,273.9800109863281,266.1499938964844,273.5899963378906,262.8874816894531,1355400,0.0,0.0
2024-05-09 00:00:00-04:00,272.1400146484375,273.0799865722656,268.75,270.5,259.9184265136719,1515100,0.0,0.0
2024-05-10 00:00:00-04:00,272.489990234375,274.05999755859375,269.3299865722656,273.5899963378906,264.10797119140625,1146300,1.25,0.0
2024-05-13 00:00:00-04:00,274.6700134277344,275.0,267.989990234375,268.9200134277344,259.599853515625,1150300,0.0,0.0
2024-05-14 00:00:00-04:00,269.510009765625,274.25,269.510009765625,270.8399963378906,261.4532775878906,728600,0.0,0.0
2024-05-15 00:00:00-04:00,273.79998779296875,276.4100036621094,272.54998779296875,275.2300109863281,265.691162109375,810900,0.0,0.0
2024-05-16 00:00:00-04:00,273.2699890136719,273.3900146484375,269.29998779296875,271.1099853515625,261.7139587402344,682500,0.0,0.0
2024-05-17 00:00:00-04:00,273.8800048828125,274.57000732421875,268.3800048828125,269.760009765625,260.4107360839844,516500,0.0,0.0
2024-05-20 00:00:00-04:00,269.9800109863281,272.5799865722656,268.4100036621094,271.2200012207031,261.8200988769531,661800,0.0,0.0
2024-05-21 00:00:00-04:00,269.760009765625,272.7300109863281,269.07000732421875,270.3599853515625,260.98992919921875,698200,0.0,0.0
2024-05-22 00:00:00-04:00,270.7799987792969,278.20001220703125,269.25,270.80999755859375,261.42431640625,912300,0.0,0.0
2024-05-23 00:00:00-04:00,271.3699951171875,272.7900085449219,261.8299865722656,262.0400085449219,252.9582977294922,877400,0.0,0.0
2024-05-24 00:00:00-04:00,263.6099853515625,266.1000061035156,262.8999938964844,264.17999267578125,255.02407836914062,592700,0.0,0.0
2024-05-28 00:00:00-04:00,264.0,264.0,257.69000244140625,258.6000061035156,249.6374969482422,990700,0.0,0.0
2024-05-29 00:00:00-04:00,255.4199981689453,257.4800109863281,254.4499969482422,255.27999877929688,246.4325714111328,896900,0.0,0.0
2024-05-30 00:00:00-04:00,255.1199951171875,257.3500061035156,254.8000030517578,257.17999267578125,248.2667236328125,982200,0.0,0.0
2024-05-31 00:00:00-04:00,257.44000244140625,259.57000732421875,255.27999877929688,257.5299987792969,248.60459899902344,1698100,0.0,0.0
2024-06-03 00:00:00-04:00,268.1000061035156,268.1000061035156,254.5800018310547,257.9599914550781,249.01966857910156,1149600,0.0,0.0
2024-06-04 00:00:00-04:00,255.57000732421875,258.0199890136719,251.27999877929688,254.99000549316406,246.15264892578125,709700,0.0,0.0
2024-06-05 00:00:00-04:00,256.8500061035156,259.5799865722656,255.11000061035156,259.5400085449219,250.54493713378906,569700,0.0,0.0
2024-06-06 00:00:00-04:00,259.29998779296875,259.29998779296875,253.1999969482422,255.25999450683594,246.41326904296875,480400,0.0,0.0
2024-06-07 00:00:00-04:00,254.22999572753906,257.3599853515625,252.44000244140625,255.91000366210938,247.04074096679688,432800,0.0,0.0
2024-06-10 00:00:00-04:00,255.10000610351562,256.3800048828125,254.1699981689453,255.22999572753906,246.38430786132812,535500,0.0,0.0
2024-06-11 00:00:00-04:00,253.77999877929688,255.47000122070312,251.30999755859375,255.08999633789062,246.2491455078125,479900,0.0,0.0
2024-06-12 00:00:00-04:00,259.9200134277344,264.6099853515625,258.8800048828125,262.1600036621094,253.0741424560547,669100,0.0,0.0
2024-06-13 00:00:00-04:00,260.5899963378906,261.3399963378906,257.260009765625,260.7200012207031,251.6840362548828,516000,0.0,0.0
2024-06-14 00:00:00-04:00,257.0199890136719,259.0,249.0,254.38999938964844,245.57342529296875,741100,0.0,0.0
2024-06-17 00:00:00-04:00,254.61000061035156,260.3900146484375,254.0,258.510009765625,249.55064392089844,954100,0.0,0.0
2024-06-18 00:00:00-04:00,258.1499938964844,262.0,258.0,260.30999755859375,251.28822326660156,701000,0.0,0.0
2024-06-20 00:00:00-04:00,259.8599853515625,262.54998779296875,257.0299987792969,260.5199890136719,251.490966796875,1136000,0.0,0.0
2024-06-21 00:00:00-04:00,260.3399963378906,260.6300048828125,255.8000030517578,258.5199890136719,249.56027221679688,2069300,0.0,0.0
2024-06-24 00:00:00-04:00,260.0,267.4100036621094,258.6300048828125,265.8699951171875,256.6555480957031,1026700,0.0,0.0
2024-06-25 00:00:00-04:00,267.0,272.92999267578125,265.2900085449219,265.8699951171875,256.6555480957031,1490400,0.0,0.0
2024-06-26 00:00:00-04:00,262.9800109863281,267.5799865722656,260.7900085449219,266.989990234375,257.7367248535156,1048100,0.0,0.0
2024-06-27 00:00:00-04:00,267.5,268.1600036621094,264.8399963378906,267.6600036621094,258.3835144042969,842900,0.0,0.0
2024-06-28 00:00:00-04:00,267.989990234375,277.25,267.3299865722656,275.2799987792969,265.73944091796875,4325900,0.0,0.0
2024-07-01 00:00:00-04:00,274.82000732421875,275.0299987792969,264.6600036621094,265.5199890136719,256.3176574707031,954600,0.0,0.0
2024-07-02 00:00:00-04:00,265.510009765625,267.7200012207031,263.6300048828125,264.8999938964844,255.7191619873047,677000,0.0,0.0
2024-07-03 00:00:00-04:00,266.32000732421875,269.05999755859375,264.8900146484375,266.3399963378906,257.1092529296875,405300,0.0,0.0
2024-07-05 00:00:00-04:00,265.67999267578125,265.7900085449219,261.69000244140625,264.07000732421875,254.9179229736328,490900,0.0,0.0
2024-07-08 00:00:00-04:00,263.2699890136719,266.79998779296875,263.0,265.1099853515625,255.92189025878906,346900,0.0,0.0
2024-07-09 00:00:00-04:00,264.8599853515625,266.19000244140625,260.0799865722656,261.239990234375,252.18600463867188,504500,0.0,0.0
2024-07-10 00:00:00-04:00,259.95001220703125,265.5299987792969,258.0199890136719,265.0799865722656,255.89288330078125,518400,0.0,0.0
2024-07-11 00:00:00-04:00,267.6400146484375,274.92999267578125,265.54998779296875,274.2300109863281,264.7257995605469,711200,0.0,0.0
2024-07-12 00:00:00-04:00,276.989990234375,285.30999755859375,274.7300109863281,283.3500061035156,273.5297546386719,1101000,0.0,0.0
2024-07-15 00:00:00-04:00,285.0,291.0,284.17999267578125,285.20001220703125,275.3155822753906,908300,0.0,0.0
2024-07-16 00:00:00-04:00,286.6300048828125,294.6499938964844,286.6300048828125,294.3699951171875,284.16778564453125,981800,0.0,0.0
2024-07-17 00:00:00-04:00,291.67999267578125,293.79998779296875,286.2799987792969,287.8599853515625,277.8833923339844,755200,0.0,0.0
2024-07-18 00:00:00-04:00,280.0299987792969,285.0899963378906,271.6700134277344,272.4599914550781,263.0171203613281,1061900,0.0,0.0
2024-07-19 00:00:00-04:00,274.0899963378906,275.5299987792969,267.55999755859375,269.760009765625,260.4107360839844,764400,0.0,0.0
2024-07-22 00:00:00-04:00,272.2900085449219,276.010009765625,268.7099914550781,275.7300109863281,266.173828125,558200,0.0,0.0
2024-07-23 00:00:00-04:00,275.3399963378906,277.3500061035156,271.5,272.1499938964844,262.7178955078125,488100,0.0,0.0
2024-07-24 00:00:00-04:00,270.1000061035156,272.8699951171875,262.6600036621094,263.07000732421875,253.95260620117188,698400,0.0,0.0
2024-07-25 00:00:00-04:00,263.3599853515625,275.0,260.0,271.0,261.6077575683594,1222400,0.0,0.0
2024-07-26 00:00:00-04:00,275.0,278.6300048828125,273.4800109863281,277.0400085449219,267.4384460449219,689200,0.0,0.0
2024-07-29 00:00:00-04:00,276.5,278.0,270.0199890136719,272.2099914550781,262.7758483886719,578900,0.0,0.0
2024-07-30 00:00:00-04:00,274.1600036621094,276.6499938964844,271.3900146484375,275.42999267578125,265.8842468261719,527200,0.0,0.0
2024-07-31 00:00:00-04:00,278.8999938964844,282.20001220703125,276.3399963378906,278.6499938964844,268.9925842285156,522200,0.0,0.0
2024-08-01 00:00:00-04:00,274.760009765625,276.8999938964844,259.92999267578125,264.6199951171875,255.4488525390625,1046800,0.0,0.0
2024-08-02 00:00:00-04:00,259.25,259.989990234375,250.4499969482422,253.47000122070312,244.685302734375,831500,0.0,0.0
2024-08-05 00:00:00-04:00,243.02999877929688,252.25,242.80999755859375,248.27000427246094,239.66552734375,887200,0.0,0.0
2024-08-06 00:00:00-04:00,249.64999389648438,254.7100067138672,247.0500030517578,250.77000427246094,242.07888793945312,796900,0.0,0.0
2024-08-07 00:00:00-04:00,254.99000549316406,265.25,246.05999755859375,249.16000366210938,240.52467346191406,1554400,0.0,0.0
2024-08-08 00:00:00-04:00,248.83999633789062,261.0799865722656,248.41000366210938,259.1400146484375,250.1588134765625,879200,0.0,0.0
2024-08-09 00:00:00-04:00,258.20001220703125,261.1099853515625,255.36000061035156,258.1499938964844,249.20309448242188,625300,0.0,0.0
2024-08-12 00:00:00-04:00,256.1000061035156,258.44000244140625,251.6199951171875,253.00999450683594,245.42967224121094,544300,1.25,0.0
2024-08-13 00:00:00-04:00,255.50999450683594,261.0,253.1300048828125,260.25,252.45269775390625,940200,0.0,0.0
2024-08-14 00:00:00-04:00,261.0,262.80999755859375,258.8699951171875,261.1700134277344,253.3451690673828,860100,0.0,0.0
2024-08-15 00:00:00-04:00,265.5,268.0299987792969,263.1000061035156,263.82000732421875,255.9158172607422,597900,0.0,0.0
2024-08-16 00:00:00-04:00,263.489990234375,267.30999755859375,260.6000061035156,262.69000244140625,254.8196258544922,547400,0.0,0.0
2024-08-19 00:00:00-04:00,263.45001220703125,266.54998779296875,262.2799987792969,265.20001220703125,257.25445556640625,380700,0.0,0.0
2024-08-20 00:00:00-04:00,264.6499938964844,267.3399963378906,263.9700012207031,265.4100036621094,257.4581298828125,449900,0.0,0.0
2024-08-21 00:00:00-04:00,267.0,267.9599914550781,262.6199951171875,265.54998779296875,257.5939636230469,849800,0.0,0.0
2024-08-22 00:00:00-04:00,266.5799865722656,267.1099853515625,262.1600036621094,263.0299987792969,255.1494598388672,489400,0.0,0.0
2024-08-23 00:00:00-04:00,264.75,271.44000244140625,263.9100036621094,270.9800109863281,262.86126708984375,512900,0.0,0.0
2024-08-26 00:00:00-04:00,272.1700134277344,273.6400146484375,267.1400146484375,268.1000061035156,260.0675354003906,377700,0.0,0.0
2024-08-27 00:00:00-04:00,267.25,267.25,262.760009765625,263.32000732421875,255.4307403564453,518100,0.0,0.0
2024-08-28 00:00:00-04:00,263.82000732421875,263.9200134277344,260.1400146484375,261.92999267578125,254.08238220214844,586200,0.0,0.0
2024-08-29 00:00:00-04:00,264.0299987792969,269.260009765625,262.2799987792969,266.5199890136719,258.53485107421875,548200,0.0,0.0
2024-08-30 00:00:00-04:00,268.42999267578125,272.32000732421875,265.70001220703125,272.0299987792969,263.8797607421875,962000,0.0,0.0
2024-09-03 00:00:00-04:00,269.489990234375,270.3699951171875,259.9100036621094,261.4800109863281,253.64590454101562,632600,0.0,0.0
2024-09-04 00:00:00-04:00,260.57000732421875,262.1400146484375,255.8800048828125,256.6600036621094,248.97027587890625,657500,0.0,0.0
2024-09-05 00:00:00-04:00,255.86000061035156,258.67999267578125,253.1999969482422,256.9200134277344,249.22251892089844,560800,0.0,0.0
2024-09-06 00:00:00-04:00,260.260009765625,261.8800048828125,253.91000366210938,255.67999267578125,248.0196533203125,609200,0.0,0.0
2024-09-09 00:00:00-04:00,259.2300109863281,262.20001220703125,257.8599853515625,259.25,251.4827117919922,579300,0.0,0.0
2024-09-10 00:00:00-04:00,260.5,262.2699890136719,257.04998779296875,261.989990234375,254.14060974121094,552800,0.0,0.0
2024-09-11 00:00:00-04:00,258.2699890136719,258.6000061035156,249.32000732421875,256.8500061035156,249.15460205078125,1189400,0.0,0.0
2024-09-12 00:00:00-04:00,257.67999267578125,258.4599914550781,252.19000244140625,258.0,250.27015686035156,646400,0.0,0.0
2024-09-13 00:00:00-04:00,259.4800109863281,264.489990234375,258.07000732421875,262.9200134277344,255.04273986816406,535000,0.0,0.0
2024-09-16 00:00:00-04:00,264.95001220703125,266.19000244140625,261.8699951171875,262.0799865722656,254.22792053222656,547600,0.0,0.0
2024-09-17 00:00:00-04:00,262.7900085449219,265.2099914550781,260.9800109863281,263.20001220703125,255.31434631347656,724400,0.0,0.0
2024-09-18 00:00:00-04:00,265.7799987792969,268.5799865722656,261.9200134277344,262.739990234375,254.86813354492188,691300,0.0,0.0
2024-09-19 00:00:00-04:00,270.0,270.32000732421875,264.6000061035156,268.2300109863281,260.19366455078125,801000,0.0,0.0
2024-09-20 00:00:00-04:00,265.3500061035156,265.92999267578125,260.010009765625,261.6000061035156,253.76229858398438,1304900,0.0,0.0
2024-09-23 00:00:00-04:00,262.07000732421875,262.54998779296875,258.6499938964844,261.05999755859375,253.2384796142578,641500,0.0,0.0
2024-09-24 00:00:00-04:00,261.8299865722656,263.5799865722656,259.20001220703125,261.9800109863281,254.13096618652344,808000,0.0,0.0
2024-09-25 00:00:00-04:00,261.69000244140625,261.7799987792969,257.1400146484375,258.0400085449219,250.30894470214844,738000,0.0,0.0
2024-09-26 00:00:00-04:00,262.3900146484375,271.8800048828125,262.3900146484375,271.1600036621094,263.0358581542969,980700,0.0,0.0
2024-09-27 00:00:00-04:00,274.3500061035156,277.94000244140625,270.4700012207031,270.6099853515625,262.5023193359375,900200,0.0,0.0
2024-09-30 00:00:00-04:00,270.5,270.5,265.510009765625,268.4599914550781,260.416748046875,595500,0.0,0.0
2024-10-01 00:00:00-04:00,268.239990234375,269.2300109863281,263.1499938964844,265.260009765625,257.3126525878906,523800,0.0,0.0
2024-10-02 00:00:00-04:00,263.8800048828125,266.5299987792969,260.30999755859375,266.2799987792969,258.30206298828125,682100,0.0,0.0
2024-10-03 00:00:00-04:00,264.739990234375,265.0,261.0,264.9700012207031,257.0313415527344,569700,0.0,0.0
2024-10-04 00:00:00-04:00,269.1300048828125,269.8900146484375,264.25,267.010009765625,259.0101623535156,415700,0.0,0.0
2024-10-07 00:00:00-04:00,264.67999267578125,267.6099853515625,264.67999267578125,267.2200012207031,259.2138977050781,368400,0.0,0.0
2024-10-08 00:00:00-04:00,267.760009765625,267.760009765625,261.75,266.1600036621094,258.1856689453125,434500,0.0,0.0
2024-10-09 00:00:00-04:00,266.8699951171875,271.1000061035156,265.2900085449219,269.80999755859375,261.726318359375,417600,0.0,0.0
2024-10-10 00:00:00-04:00,267.0199890136719,269.6000061035156,265.739990234375,268.1499938964844,260.11602783203125,440400,0.0,0.0
2024-10-11 00:00:00-04:00,268.4800109863281,273.8399963378906,268.3299865722656,271.1600036621094,263.0358581542969,597900,0.0,0.0
2024-10-14 00:00:00-04:00,271.9200134277344,275.8399963378906,269.95001220703125,275.2699890136719,267.0227355957031,389500,0.0,0.0
2024-10-15 00:00:00-04:00,275.17999267578125,277.04998779296875,271.4200134277344,272.2200012207031,264.06414794921875,494900,0.0,0.0
2024-10-16 00:00:00-04:00,273.67999267578125,276.3900146484375,272.989990234375,274.239990234375,266.0235900878906,535200,0.0,0.0
2024-10-17 00:00:00-04:00,272.6600036621094,274.010009765625,270.4800109863281,272.6300048828125,264.46185302734375,554700,0.0,0.0
2024-10-18 00:00:00-04:00,275.79998779296875,275.79998779296875,272.7200012207031,272.82000732421875,264.6461181640625,528900,0.0,0.0
2024-10-21 00:00:00-04:00,271.94000244140625,273.3299865722656,268.9100036621094,269.94000244140625,261.8524169921875,465800,0.0,0.0
2024-10-22 00:00:00-04:00,269.2200012207031,269.8999938964844,266.70001220703125,268.7900085449219,260.7368469238281,305900,0.0,0.0
2024-10-23 00:00:00-04:00,268.1700134277344,269.7900085449219,263.6199951171875,266.44000244140625,258.45721435546875,473200,0.0,0.0
2024-10-24 00:00:00-04:00,267.4200134277344,268.67999267578125,264.3800048828125,267.67999267578125,259.66009521484375,480900,0.0,0.0
2024-10-25 00:00:00-04:00,270.2900085449219,271.2099914550781,267.8999938964844,269.8599853515625,261.7747802734375,380700,0.0,0.0
2024-10-28 00:00:00-04:00,272.0,273.6099853515625,271.17999267578125,271.3299865722656,263.2008056640625,588900,0.0,0.0
2024-10-29 00:00:00-04:00,270.8900146484375,271.7699890136719,267.8500061035156,268.42999267578125,260.3876647949219,481000,0.0,0.0
2024-10-30 00:00:00-04:00,267.989990234375,270.67999267578125,266.2699890136719,266.6300048828125,258.6416015625,631800,0.0,0.0
2024-10-31 00:00:00-04:00,265.510009765625,268.1199951171875,265.510009765625,266.7099914550781,258.71917724609375,706200,0.0,0.0
2024-11-01 00:00:00-04:00,268.0,270.2900085449219,265.82000732421875,268.7200012207031,260.6689758300781,718400,0.0,0.0
2024-11-04 00:00:00-05:00,266.0299987792969,267.92999267578125,262.67999267578125,264.6499938964844,256.7209167480469,733800,0.0,0.0
2024-11-05 00:00:00-05:00,263.8299865722656,269.67999267578125,263.20001220703125,269.20001220703125,261.13458251953125,792700,0.0,0.0
2024-11-06 00:00:00-05:00,283.0,294.94000244140625,280.1700134277344,294.0,285.19158935546875,2203100,0.0,0.0
2024-11-07 00:00:00-05:00,292.3500061035156,292.6700134277344,275.9200134277344,277.0899963378906,268.7881774902344,2023700,0.0,0.0
2024-11-08 00:00:00-05:00,275.510009765625,276.32000732421875,271.7699890136719,272.1400146484375,263.98651123046875,1067400,0.0,0.0
2024-11-11 00:00:00-05:00,272.3500061035156,281.69000244140625,272.3500061035156,277.82000732421875,269.4963073730469,891100,0.0,0.0
2024-11-12 00:00:00-05:00,276.989990234375,280.7300109863281,275.4700012207031,277.8800048828125,269.55450439453125,1044600,0.0,0.0
2024-11-13 00:00:00-05:00,280.8500061035156,288.5400085449219,279.82000732421875,286.57000732421875,277.984130859375,1033300,0.0,0.0
2024-11-14 00:00:00-05:00,285.8999938964844,290.0799865722656,283.260009765625,286.42999267578125,277.8483581542969,1348200,0.0,0.0
2024-11-15 00:00:00-05:00,286.32000732421875,290.9700012207031,284.739990234375,286.1499938964844,277.5767517089844,1110600,0.0,0.0
2024-11-18 00:00:00-05:00,284.0899963378906,286.05999755859375,281.0299987792969,283.1300048828125,275.9103088378906,953100,1.31,0.0
2024-11-19 00:00:00-05:00,279.54998779296875,280.6199951171875,277.3299865722656,278.1400146484375,271.047607421875,945700,0.0,0.0
2024-11-20 00:00:00-05:00,281.45001220703125,281.54998779296875,277.7699890136719,280.0799865722656,272.9380798339844,995900,0.0,0.0
2024-11-21 00:00:00-05:00,281.7900085449219,281.7900085449219,276.94000244140625,278.29998779296875,271.2035217285156,992400,0.0,0.0
2024-11-22 00:00:00-05:00,280.0,296.0,278.3800048828125,290.8599853515625,283.4432373046875,1842300,0.0,0.0
2024-11-25 00:00:00-05:00,293.75,303.54998779296875,293.20001220703125,298.70001220703125,291.0833740234375,2234800,0.0,0.0
2024-11-26 00:00:00-05:00,295.8500061035156,298.3999938964844,293.0,296.0,288.4521484375,1164700,0.0,0.0
2024-11-27 00:00:00-05:00,296.7300109863281,299.95001220703125,292.8599853515625,294.95001220703125,287.4289855957031,637100,0.0,0.0
2024-11-29 00:00:00-05:00,295.5,298.7200012207031,294.6099853515625,295.1400146484375,287.6141052246094,395600,0.0,0.0
2024-12-02 00:00:00-05:00,295.5,298.75,294.2900085449219,297.1199951171875,289.5436096191406,723900,0.0,0.0
2024-12-03 00:00:00-05:00,295.4800109863281,297.0,290.8299865722656,291.55999755859375,284.1253662109375,676900,0.0,0.0
2024-12-04 00:00:00-05:00,292.3599853515625,294.239990234375,290.6300048828125,293.8299865722656,286.3374938964844,575900,0.0,0.0
2024-12-05 00:00:00-05:00,298.260009765625,302.9599914550781,295.8500061035156,297.1000061035156,289.5241394042969,993300,0.0,0.0
2024-12-06 00:00:00-05:00,298.8500061035156,300.45001220703125,293.1000061035156,295.4200134277344,287.8869934082031,652500,0.0,0.0
2024-12-09 00:00:00-05:00,298.5,302.7200012207031,297.0,298.7200012207031,291.1028137207031,905300,0.0,0.0
2024-12-10 00:00:00-05:00,297.45001220703125,299.0,293.1499938964844,293.70001220703125,286.2108459472656,900500,0.0,0.0
2024-12-11 00:00:00-05:00,297.9100036621094,299.9200134277344,295.6099853515625,297.3800048828125,289.7969970703125,804800,0.0,0.0
2024-12-12 00:00:00-05:00,298.79998779296875,303.8999938964844,297.32000732421875,302.9200134277344,295.1957702636719,1332400,0.0,0.0
2024-12-13 00:00:00-05:00,301.6400146484375,304.2900085449219,296.20001220703125,297.20001220703125,289.62158203125,1307800,0.0,0.0
2024-12-16 00:00:00-05:00,294.6099853515625,296.9599914550781,292.260009765625,296.0899963378906,288.53985595703125,794500,0.0,0.0
2024-12-17 00:00:00-05:00,295.0,295.7799987792969,290.4700012207031,293.489990234375,286.0061340332031,1238400,0.0,0.0
2024-12-18 00:00:00-05:00,293.8399963378906,296.4800109863281,287.25,287.69000244140625,280.35406494140625,1477800,0.0,0.0
2024-12-19 00:00:00-05:00,290.5199890136719,293.79998779296875,279.8599853515625,286.0,278.7071533203125,1337100,0.0,0.0
2024-12-20 00:00:00-05:00,284.3900146484375,292.3800048828125,282.6300048828125,289.7900085449219,282.4005432128906,2982300,0.0,0.0
2024-12-23 00:00:00-05:00,288.4599914550781,289.95001220703125,285.1600036621094,289.2099914550781,281.8353271484375,565500,0.0,0.0
2024-12-24 00:00:00-05:00,288.9800109863281,292.4800109863281,287.4700012207031,292.20001220703125,284.74908447265625,280400,0.0,0.0
2024-12-26 00:00:00-05:00,290.6000061035156,294.3599853515625,289.4599914550781,293.8800048828125,286.38623046875,371200,0.0,0.0
2024-12-27 00:00:00-05:00,291.9200134277344,294.7099914550781,289.05999755859375,290.5,283.0924072265625,382300,0.0,0.0
2024-12-30 00:00:00-05:00,286.989990234375,287.82000732421875,282.9599914550781,285.6400146484375,278.35638427734375,539000,0.0,0.0
2024-12-31 00:00:00-05:00,286.6499938964844,287.80999755859375,284.9599914550781,285.7900085449219,278.5025329589844,375100,0.0,0.0
2025-01-02 00:00:00-05:00,286.9599914550781,288.44000244140625,279.989990234375,280.8900146484375,273.72747802734375,531100,0.0,0.0
2025-01-03 00:00:00-05:00,280.8900146484375,283.8699951171875,279.0199890136719,282.7900085449219,275.57904052734375,595600,0.0,0.0
2025-01-06 00:00:00-05:00,285.3900146484375,287.4800109863281,281.0299987792969,281.4599914550781,274.2829284667969,564100,0.0,0.0
2025-01-07 00:00:00-05:00,282.07000732421875,284.67999267578125,279.67999267578125,281.30999755859375,274.13677978515625,557900,0.0,0.0
2025-01-08 00:00:00-05:00,277.739990234375,281.0799865722656,276.5199890136719,279.55999755859375,272.4313659667969,485300,0.0,0.0
2025-01-10 00:00:00-05:00,274.3800048828125,278.1499938964844,272.0799865722656,273.3999938964844,266.428466796875,837100,0.0,0.0
2025-01-13 00:00:00-05:00,270.0,276.2699890136719,269.5400085449219,275.5299987792969,268.5041809082031,656000,0.0,0.0
2025-01-14 00:00:00-05:00,276.7099914550781,278.29998779296875,274.3900146484375,276.9800109863281,269.91717529296875,520200,0.0,0.0
2025-01-15 00:00:00-05:00,282.07000732421875,282.9599914550781,274.54998779296875,276.1099853515625,269.0693359375,712300,0.0,0.0
2025-01-16 00:00:00-05:00,279.4800109863281,282.260009765625,276.6499938964844,280.9599914550781,273.79571533203125,824700,0.0,0.0
2025-01-17 00:00:00-05:00,283.739990234375,287.4800109863281,281.6099853515625,286.6000061035156,279.2919006347656,942100,0.0,0.0
2025-01-21 00:00:00-05:00,289.1499938964844,292.9800109863281,289.1300048828125,290.7699890136719,283.35552978515625,751100,0.0,0.0
2025-01-22 00:00:00-05:00,292.94000244140625,292.94000244140625,288.5400085449219,288.95001220703125,281.58197021484375,680000,0.0,0.0
2025-01-23 00:00:00-05:00,288.5,291.010009765625,286.2200012207031,290.70001220703125,283.2873229980469,659300,0.0,0.0
2025-01-24 00:00:00-05:00,290.69000244140625,291.760009765625,287.29998779296875,288.42999267578125,281.0751953125,720300,0.0,0.0
2025-01-27 00:00:00-05:00,288.07000732421875,289.7099914550781,281.7200012207031,284.2200012207031,276.97259521484375,718000,0.0,0.0
2025-01-28 00:00:00-05:00,282.6600036621094,284.05999755859375,278.0,282.239990234375,275.04302978515625,780200,0.0,0.0
2025-01-29 00:00:00-05:00,280.6700134277344,282.5199890136719,278.6700134277344,278.8999938964844,271.78826904296875,401200,0.0,0.0
2025-01-30 00:00:00-05:00,277.32000732421875,280.95001220703125,274.45001220703125,279.0,271.8857116699219,845400,0.0,0.0
2025-01-31 00:00:00-05:00,279.95001220703125,280.9200134277344,276.55999755859375,278.42999267578125,271.3302001953125,873300,0.0,0.0
2025-02-03 00:00:00-05:00,272.07000732421875,273.54998779296875,266.1700134277344,271.04998779296875,264.13836669921875,861300,0.0,0.0
2025-02-04 00:00:00-05:00,272.9100036621094,274.7099914550781,269.9599914550781,270.3399963378906,263.4465026855469,632000,0.0,0.0
2025-02-05 00:00:00-05:00,271.8699951171875,271.9599914550781,267.8399963378906,270.55999755859375,263.660888671875,772900,0.0,0.0
2025-02-06 00:00:00-05:00,272.3299865722656,273.489990234375,266.3900146484375,268.7200012207031,261.8677978515625,1165800,0.0,0.0
2025-02-07 00:00:00-05:00,271.44000244140625,271.8299865722656,266.75,268.3999938964844,261.5559387207031,1619100,0.0,0.0
2025-02-10 00:00:00-05:00,290.6700134277344,308.70001220703125,284.5,302.3399963378906,294.6305236816406,2936300,0.0,0.0
2025-02-11 00:00:00-05:00,304.989990234375,307.0,299.7200012207031,303.75,296.0045471191406,1272000,0.0,0.0
2025-02-12 00:00:00-05:00,301.4800109863281,303.29998779296875,298.79998779296875,301.95001220703125,294.25042724609375,944900,0.0,0.0
2025-02-13 00:00:00-05:00,301.239990234375,301.4100036621094,297.6199951171875,298.6600036621094,291.0444030761719,1031300,0.0,0.0
2025-02-14 00:00:00-05:00,300.1199951171875,300.1199951171875,293.5,294.3999938964844,286.8929748535156,881900,0.0,0.0
2025-02-18 00:00:00-05:00,295.3699951171875,301.2300109863281,292.67999267578125,301.1499938964844,294.7825622558594,737900,1.31,0.0
2025-02-19 00:00:00-05:00,301.9800109863281,301.9800109863281,298.510009765625,299.3399963378906,293.0108337402344,662000,0.0,0.0
2025-02-20 00:00:00-05:00,299.1700134277344,303.5799865722656,295.3800048828125,303.17999267578125,296.7696228027344,904400,0.0,0.0
2025-02-21 00:00:00-05:00,304.04998779296875,304.04998779296875,294.6700134277344,295.2200012207031,288.9779357910156,1114000,0.0,0.0
2025-02-24 00:00:00-05:00,296.0899963378906,296.3800048828125,290.79998779296875,292.6300048828125,286.4427490234375,808300,0.0,0.0
2025-02-25 00:00:00-05:00,290.7799987792969,294.3699951171875,287.6199951171875,288.75,282.644775390625,618500,0.0,0.0
2025-02-26 00:00:00-05:00,290.7799987792969,291.04998779296875,286.8299865722656,287.0899963378906,281.0198059082031,711100,0.0,0.0
2025-02-27 00:00:00-05:00,288.3699951171875,293.2699890136719,284.04998779296875,284.3299865722656,278.3182067871094,603100,0.0,0.0
2025-02-28 00:00:00-05:00,285.3299865722656,287.5899963378906,281.2099914550781,287.1499938964844,281.07855224609375,834800,0.0,0.0
2025-03-03 00:00:00-05:00,289.9599914550781,292.1700134277344,277.8500061035156,278.6300048828125,272.73870849609375,783600,0.0,0.0
2025-03-04 00:00:00-05:00,271.8299865722656,273.3999938964844,263.6099853515625,267.8699951171875,262.20623779296875,1018700,0.0,0.0
2025-03-05 00:00:00-05:00,269.1099853515625,274.7099914550781,266.4700012207031,273.6600036621094,267.8738098144531,744100,0.0,0.0
2025-03-06 00:00:00-05:00,269.5899963378906,273.55999755859375,268.1199951171875,271.82000732421875,266.07269287109375,1107400,0.0,0.0
2025-03-07 00:00:00-05:00,269.1099853515625,277.2300109863281,266.7099914550781,276.5400085449219,270.6929016113281,1078600,0.0,0.0
2025-03-10 00:00:00-04:00,271.989990234375,276.0299987792969,269.0400085449219,270.3699951171875,264.6534118652344,856500,0.0,0.0
2025-03-11 00:00:00-04:00,268.6199951171875,270.42999267578125,262.9599914550781,265.1499938964844,259.5437316894531,719900,0.0,0.0
2025-03-12 00:00:00-04:00,267.80999755859375,268.6499938964844,258.57000732421875,261.9800109863281,256.4407958984375,848700,0.0,0.0
2025-03-13 00:00:00-04:00,260.5199890136719,260.92999267578125,254.99000549316406,255.2899932861328,249.89219665527344,599400,0.0,0.0
2025-03-14 00:00:00-04:00,259.3699951171875,260.8399963378906,255.4499969482422,260.19000244140625,254.6885986328125,792400,0.0,0.0
2025-03-17 00:00:00-04:00,258.6499938964844,263.8299865722656,258.3399963378906,261.989990234375,256.4505615234375,688200,0.0,0.0
2025-03-18 00:00:00-04:00,261.0,261.32000732421875,255.88999938964844,258.1300048828125,252.6721649169922,775800,0.0,0.0
2025-03-19 00:00:00-04:00,258.5299987792969,262.8399963378906,258.260009765625,260.0299987792969,254.53201293945312,774200,0.0,0.0
2025-03-20 00:00:00-04:00,257.1400146484375,261.25,256.3900146484375,258.0899963378906,252.63299560546875,761600,0.0,0.0
2025-03-21 00:00:00-04:00,254.9499969482422,258.8900146484375,252.74000549316406,258.7900085449219,253.3182373046875,1197400,0.0,0.0
2025-03-24 00:00:00-04:00,262.9200134277344,268.3500061035156,262.6099853515625,267.9599914550781,262.2943115234375,1286200,0.0,0.0
2025-03-25 00:00:00-04:00,268.54998779296875,274.17999267578125,267.6499938964844,272.8500061035156,267.0809631347656,1020300,0.0,0.0
2025-03-26 00:00:00-04:00,271.7200012207031,274.5,267.54998779296875,269.2799987792969,263.5863952636719,769200,0.0,0.0
2025-03-27 00:00:00-04:00,267.3299865722656,271.0899963378906,265.1000061035156,268.0799865722656,262.41180419921875,1025100,0.0,0.0
2025-03-28 00:00:00-04:00,265.739990234375,266.2900085449219,257.4599914550781,258.6300048828125,253.16160583496094,987800,0.0,0.0
2025-03-31 00:00:00-04:00,255.1300048828125,259.55999755859375,249.0500030517578,258.3800048828125,252.91690063476562,1060500,0.0,0.0
2025-04-01 00:00:00-04:00,257.5799865722656,259.9599914550781,254.0,258.739990234375,253.26925659179688,839600,0.0,0.0
2025-04-02 00:00:00-04:00,255.27999877929688,262.6199951171875,253.7899932861328,260.8599853515625,255.3444061279297,1142400,0.0,0.0
2025-04-03 00:00:00-04:00,250.42999267578125,250.47999572753906,237.5,239.16000366210938,234.10325622558594,1432400,0.0,0.0
2025-04-04 00:00:00-04:00,232.10000610351562,232.10000610351562,218.47999572753906,227.11000061035156,222.3080596923828,1585200,0.0,0.0
2025-04-07 00:00:00-04:00,220.22000122070312,238.5500030517578,215.7100067138672,227.6199951171875,222.8072509765625,1922700,0.0,0.0
2025-04-08 00:00:00-04:00,233.11000061035156,234.24000549316406,215.2899932861328,218.97000122070312,214.3401641845703,1258100,0.0,0.0
2025-04-09 00:00:00-04:00,216.8699951171875,244.19000244140625,215.0,242.42999267578125,237.30413818359375,1946900,0.0,0.0
2025-04-10 00:00:00-04:00,236.32000732421875,236.47999572753906,224.22999572753906,230.16000366210938,225.29356384277344,1496200,0.0,0.0
2025-04-11 00:00:00-04:00,229.1699981689453,232.13999938964844,222.2899932861328,229.3800048828125,224.53004455566406,1536500,0.0,0.0
2025-04-14 00:00:00-04:00,233.75,236.07000732421875,228.8699951171875,233.4199981689453,228.484619140625,1102400,0.0,0.0
2025-04-15 00:00:00-04:00,233.02999877929688,238.1699981689453,231.60000610351562,233.0500030517578,228.12245178222656,810600,0.0,0.0
2025-04-16 00:00:00-04:00,229.89999389648438,232.24000549316406,225.11000061035156,228.11000061035156,223.28689575195312,797100,0.0,0.0
2025-04-17 00:00:00-04:00,230.0,236.8000030517578,230.0,232.2899932861328,227.3784942626953,1447300,0.0,0.0
2025-04-21 00:00:00-04:00,228.8800048828125,231.47000122070312,222.05999755859375,226.92999267578125,222.13182067871094,1197300,0.0,0.0
2025-04-22 00:00:00-04:00,230.33999633789062,234.49000549316406,227.63999938964844,234.4199981689453,229.46347045898438,1254700,0.0,0.0
2025-04-23 00:00:00-04:00,243.77000427246094,249.8800048828125,239.13999938964844,239.8300018310547,234.7591094970703,924300,0.0,0.0
2025-04-24 00:00:00-04:00,240.8800048828125,248.9600067138672,239.57000732421875,248.5399932861328,243.284912109375,692700,0.0,0.0
2025-04-25 00:00:00-04:00,247.1999969482422,250.36000061035156,247.0,248.3800048828125,243.12831115722656,511500,0.0,0.0
2025-04-28 00:00:00-04:00,248.72000122070312,251.38999938964844,244.14999389648438,246.5399932861328,241.32720947265625,757400,0.0,0.0
2025-04-29 00:00:00-04:00,245.63999938964844,249.0399932861328,244.77000427246094,247.64999389648438,242.41375732421875,585300,0.0,0.0
2025-04-30 00:00:00-04:00,244.35000610351562,247.75,240.1300048828125,247.67999267578125,242.443115234375,1018700,0.0,0.0
2025-05-01 00:00:00-04:00,249.0500030517578,252.8699951171875,246.97999572753906,249.17999267578125,243.91140747070312,781400,0.0,0.0
2025-05-02 00:00:00-04:00,253.60000610351562,257.2699890136719,252.5800018310547,253.64999389648438,248.28688049316406,940600,0.0,0.0
2025-05-05 00:00:00-04:00,251.1999969482422,256.54998779296875,251.1999969482422,253.83999633789062,248.47286987304688,982600,0.0,0.0
2025-05-06 00:00:00-04:00,250.6300048828125,254.9199981689453,250.32000732421875,253.0500030517578,247.69956970214844,1148600,0.0,0.0
2025-05-07 00:00:00-04:00,280.0,286.5,277.6600036621094,283.1700134277344,277.1827392578125,2275700,0.0,0.0
2025-05-08 00:00:00-04:00,288.260009765625,294.2699890136719,285.95001220703125,291.239990234375,285.08209228515625,1568700,0.0,0.0
2025-05-09 00:00:00-04:00,294.1499938964844,296.04998779296875,290.1400146484375,294.79998779296875,288.5668029785156,1024700,0.0,0.0
2025-05-12 00:00:00-04:00,304.45001220703125,305.5400085449219,299.239990234375,299.7799987792969,293.4415283203125,1868800,0.0,0.0
2025-05-13 00:00:00-04:00,302.0,310.7799987792969,300.0400085449219,308.510009765625,301.98699951171875,1350900,0.0,0.0
2025-05-14 00:00:00-04:00,308.0,309.1000061035156,305.0,307.5400085449219,301.0374450683594,873700,0.0,0.0
2025-05-15 00:00:00-04:00,306.0,309.6400146484375,305.8999938964844,307.8599853515625,301.3506774902344,668000,0.0,0.0
2025-05-16 00:00:00-04:00,308.2900085449219,309.04998779296875,305.80999755859375,309.04998779296875,302.5155029296875,664600,0.0,0.0
2025-05-19 00:00:00-04:00,303.6700134277344,309.19000244140625,302.0899963378906,308.20001220703125,302.9676818847656,789600,1.31,0.0
2025-05-20 00:00:00-04:00,306.8299865722656,308.70001220703125,305.5199890136719,308.0899963378906,302.8595886230469,947700,0.0,0.0
2025-05-21 00:00:00-04:00,304.9700012207031,309.0,301.4700012207031,301.7699890136719,296.6468811035156,713100,0.0,0.0
2025-05-22 00:00:00-04:00,301.0,308.7300109863281,298.70001220703125,306.29998779296875,301.0999450683594,1198000,0.0,0.0
2025-05-23 00:00:00-04:00,301.7900085449219,306.9200134277344,301.7900085449219,305.5400085449219,300.35284423828125,481500,0.0,0.0
2025-05-27 00:00:00-04:00,309.1000061035156,313.2099914550781,306.7099914550781,313.0899963378906,307.7746887207031,944200,0.0,0.0
2025-05-28 00:00:00-04:00,313.8299865722656,314.94000244140625,311.4700012207031,312.3900146484375,307.08660888671875,938300,0.0,0.0
2025-05-29 00:00:00-04:00,315.0,315.04998779296875,310.239990234375,314.92999267578125,309.58343505859375,845400,0.0,0.0
2025-05-30 00:00:00-04:00,315.2200012207031,316.2200012207031,312.260009765625,315.54998779296875,310.19293212890625,1520900,0.0,0.0
2025-06-02 00:00:00-04:00,315.0,317.8399963378906,311.17999267578125,317.2799987792969,311.8935241699219,862300,0.0,0.0
2025-06-03 00:00:00-04:00,317.2799987792969,319.2799987792969,314.30999755859375,316.6199951171875,311.2447509765625,1032200,0.0,0.0
2025-06-04 00:00:00-04:00,319.3800048828125,320.32000732421875,316.0899963378906,318.8900146484375,313.4761962890625,872400,0.0,0.0
2025-06-05 00:00:00-04:00,321.0,323.1499938964844,319.6700134277344,320.5,315.05889892578125,865600,0.0,0.0
2025-06-06 00:00:00-04:00,323.5,324.79998779296875,320.94000244140625,324.3299865722656,318.8238525390625,750600,0.0,0.0
2025-06-09 00:00:00-04:00,325.5400085449219,328.4700012207031,323.8800048828125,324.3500061035156,318.84356689453125,974200,0.0,0.0
2025-06-10 00:00:00-04:00,325.3999938964844,328.8999938964844,321.6099853515625,325.2200012207031,319.6987609863281,1081900,0.0,0.0
2025-06-11 00:00:00-04:00,325.3500061035156,326.7799987792969,323.2699890136719,325.0400085449219,319.5218200683594,725600,0.0,0.0
2025-06-12 00:00:00-04:00,323.0,325.1400146484375,320.80999755859375,325.1400146484375,319.6201477050781,598400,0.0,0.0
2025-06-13 00:00:00-04:00,321.3800048828125,323.5299987792969,317.0299987792969,317.8500061035156,312.453857421875,696500,0.0,0.0
2025-06-16 00:00:00-04:00,322.5799865722656,325.8299865722656,320.8900146484375,324.29998779296875,318.7944030761719,669400,0.0,0.0
2025-06-17 00:00:00-04:00,320.92999267578125,324.19000244140625,319.75,320.4100036621094,314.97039794921875,559800,0.0,0.0
2025-06-18 00:00:00-04:00,320.1000061035156,324.8399963378906,319.5799865722656,321.79998779296875,316.3367919921875,662300,0.0,0.0
2025-06-20 00:00:00-04:00,324.7200012207031,326.0,318.69000244140625,321.3900146484375,315.93377685546875,1083800,0.0,0.0
2025-06-23 00:00:00-04:00,321.7300109863281,323.92999267578125,316.8399963378906,323.80999755859375,318.3126525878906,575800,0.0,0.0
2025-06-24 00:00:00-04:00,327.0799865722656,327.9599914550781,324.3500061035156,325.95001220703125,320.4163818359375,787500,0.0,0.0
2025-06-25 00:00:00-04:00,325.9100036621094,325.9599914550781,321.94000244140625,322.4700012207031,316.99542236328125,646300,0.0,0.0
2025-06-26 00:00:00-04:00,323.92999267578125,326.8299865722656,323.32000732421875,326.2099914550781,320.6719055175781,1098600,0.0,0.0
2025-06-27 00:00:00-04:00,329.0,331.2699890136719,326.44000244140625,329.95001220703125,324.34844970703125,940400,0.0,0.0
2025-06-30 00:00:00-04:00,331.3399963378906,332.67999267578125,328.7099914550781,332.1700134277344,326.5307922363281,698700,0.0,0.0
2025-07-01 00:00:00-04:00,330.3999938964844,339.8999938964844,329.92999267578125,338.6099853515625,332.8614196777344,1056100,0.0,0.0
2025-07-02 00:00:00-04:00,338.30999755859375,343.2900085449219,336.4599914550781,342.739990234375,336.92132568359375,784200,0.0,0.0
2025-07-03 00:00:00-04:00,345.0,348.42999267578125,344.8599853515625,347.07000732421875,341.1778564453125,626800,0.0,0.0
2025-07-07 00:00:00-04:00,345.7300109863281,347.6000061035156,338.260009765625,338.92999267578125,333.17596435546875,1445100,0.0,0.0
2025-07-08 00:00:00-04:00,340.29998779296875,342.3599853515625,338.1499938964844,338.1499938964844,332.40924072265625,882400,0.0,0.0
2025-07-09 00:00:00-04:00,342.0,342.0,337.5400085449219,340.260009765625,334.48345947265625,574300,0.0,0.0
2025-07-10 00:00:00-04:00,340.8699951171875,346.25,336.80999755859375,344.95001220703125,339.09381103515625,807100,0.0,0.0
2025-07-11 00:00:00-04:00,341.25,344.3999938964844,338.42999267578125,343.07000732421875,337.2457275390625,516500,0.0,0.0
2025-07-14 00:00:00-04:00,341.8900146484375,344.8500061035156,340.29998779296875,343.1700134277344,337.3440246582031,662900,0.0,0.0
2025-07-15 00:00:00-04:00,345.5,351.07000732421875,344.5400085449219,346.5899963378906,340.7059326171875,979600,0.0,0.0
2025-07-16 00:00:00-04:00,352.0,353.7200012207031,346.3599853515625,351.6700134277344,345.69970703125,1459800,0.0,0.0
2025-07-17 00:00:00-04:00,353.8500061035156,357.6400146484375,352.9800109863281,356.489990234375,350.4378662109375,680200,0.0,0.0
2025-07-18 00:00:00-04:00,358.25,359.1600036621094,353.4100036621094,356.0,349.9562072753906,681600,0.0,0.0
2025-07-21 00:00:00-04:00,356.5,357.9599914550781,350.54998779296875,350.7099914550781,344.7560119628906,599700,0.0,0.0
2025-07-22 00:00:00-04:00,350.0,355.19000244140625,348.0199890136719,353.6199951171875,347.6165771484375,930500,0.0,0.0
2025-07-23 00:00:00-04:00,355.7300109863281,359.6600036621094,354.1600036621094,357.989990234375,351.91241455078125,629200,0.0,0.0
2025-07-24 00:00:00-04:00,358.3599853515625,360.9200134277344,356.1600036621094,357.010009765625,350.9490661621094,687500,0.0,0.0
2025-07-25 00:00:00-04:00,357.6600036621094,359.1000061035156,355.4200134277344,358.5199890136719,352.43341064453125,642600,0.0,0.0
2025-07-28 00:00:00-04:00,359.9700012207031,359.9700012207031,355.8399963378906,356.0299987792969,349.9856872558594,876900,0.0,0.0
2025-07-29 00:00:00-04:00,357.8599853515625,358.75,352.04998779296875,353.8999938964844,347.891845703125,901100,0.0,0.0
2025-07-30 00:00:00-04:00,354.6300048828125,355.260009765625,349.29998779296875,351.19000244140625,345.2279052734375,811200,0.0,0.0
2025-07-31 00:00:00-04:00,351.739990234375,355.44000244140625,347.29998779296875,351.7099914550781,345.7390441894531,1000900,0.0,0.0
2025-08-01 00:00:00-04:00,342.9100036621094,345.0299987792969,336.3699951171875,344.5,338.6514587402344,1087000,0.0,0.0
2025-08-04 00:00:00-04:00,347.0199890136719,350.4599914550781,344.32000732421875,350.1600036621094,344.2153625488281,949300,0.0,0.0
2025-08-05 00:00:00-04:00,349.6000061035156,350.489990234375,340.8699951171875,346.0,340.1259765625,1337500,0.0,0.0
2025-08-06 00:00:00-04:00,332.239990234375,332.9200134277344,305.44000244140625,328.6700134277344,323.0901794433594,3061700,0.0,0.0
2025-08-07 00:00:00-04:00,333.8500061035156,337.0299987792969,329.6000061035156,332.5899963378906,326.94366455078125,1728200,0.0,0.0
2025-08-08 00:00:00-04:00,332.760009765625,338.1099853515625,330.510009765625,333.2300109863281,327.57281494140625,874600,0.0,0.0
2025-08-11 00:00:00-04:00,333.4700012207031,336.2099914550781,328.70001220703125,329.760009765625,324.1617126464844,1143500,0.0,0.0
2025-08-12 00:00:00-04:00,330.75,340.739990234375,329.1000061035156,339.75,333.9820861816406,972100,0.0,0.0
2025-08-13 00:00:00-04:00,341.2200012207031,349.2099914550781,341.2200012207031,349.010009765625,343.08489990234375,1085800,0.0,0.0
2025-08-14 00:00:00-04:00,350.6499938964844,351.2200012207031,344.7799987792969,347.510009765625,341.6103515625,1029400,0.0,0.0
2025-08-15 00:00:00-04:00,346.760009765625,347.55999755859375,342.25,342.2799987792969,336.4691467285156,959600,0.0,0.0
2025-08-18 00:00:00-04:00,339.760009765625,343.75,339.05999755859375,342.82000732421875,338.29473876953125,602900,1.31,0.0
2025-08-19 00:00:00-04:00,343.0,347.1700134277344,342.1300048828125,343.510009765625,338.9756164550781,968400,0.0,0.0
2025-08-20 00:00:00-04:00,341.94000244140625,343.1199951171875,337.1600036621094,339.6199951171875,335.136962890625,989600,0.0,0.0
2025-08-21 00:00:00-04:00,339.8900146484375,342.4599914550781,337.30999755859375,339.5199890136719,335.03826904296875,573100,0.0,0.0
2025-08-22 00:00:00-04:00,342.7300109863281,353.5199890136719,341.8699951171875,351.19000244140625,346.55426025390625,663200,0.0,0.0
2025-08-25 00:00:00-04:00,350.75,351.8800048828125,349.45001220703125,349.9700012207031,345.350341796875,465300,0.0,0.0
2025-08-26 00:00:00-04:00,349.4800109863281,357.3599853515625,348.4100036621094,355.6700134277344,350.97509765625,1498100,0.0,0.0
2025-08-27 00:00:00-04:00,353.6499938964844,356.1499938964844,347.8800048828125,349.20001220703125,344.5904846191406,1222000,0.0,0.0
2025-08-28 00:00:00-04:00,351.6099853515625,351.94000244140625,348.44000244140625,349.1300048828125,344.52142333984375,920800,0.0,0.0
2025-08-29 00:00:00-04:00,348.44000244140625,349.75,342.010009765625,343.42999267578125,338.89666748046875,697300,0.0,0.0
2025-09-02 00:00:00-04:00,338.7099914550781,340.6499938964844,334.29998779296875,337.8399963378906,333.38043212890625,1076700,0.0,0.0
2025-09-03 00:00:00-04:00,338.07000732421875,338.7900085449219,335.1600036621094,338.6600036621094,334.1896057128906,514100,0.0,0.0
2025-09-04 00:00:00-04:00,339.9200134277344,342.1499938964844,337.04998779296875,341.8599853515625,337.3473815917969,378200,0.0,0.0
2025-09-05 00:00:00-04:00,343.5,345.6700134277344,337.3900146484375,339.760009765625,335.2751159667969,539600,0.0,0.0
2025-09-08 00:00:00-04:00,344.7699890136719,347.70001220703125,340.7300109863281,344.6700134277344,340.1203308105469,1195000,0.0,0.0
2025-09-09 00:00:00-04:00,344.1600036621094,344.1600036621094,338.2200012207031,342.95001220703125,338.4230041503906,540400,0.0,0.0
2025-09-10 00:00:00-04:00,341.9200134277344,347.3299865722656,336.9800109863281,339.3900146484375,334.9100036621094,709700,0.0,0.0
2025-09-11 00:00:00-04:00,340.92999267578125,351.510009765625,340.510009765625,350.5400085449219,345.9128112792969,730900,0.0,0.0
2025-09-12 00:00:00-04:00,349.3900146484375,349.3900146484375,344.8999938964844,344.92999267578125,340.3768615722656,545700,0.0,0.0
2025-09-15 00:00:00-04:00,346.20001220703125,348.05999755859375,343.95001220703125,346.44000244140625,341.8669128417969,621300,0.0,0.0
2025-09-16 00:00:00-04:00,346.0,346.30999755859375,338.80999755859375,342.260009765625,337.74212646484375,918400,0.0,0.0
2025-09-17 00:00:00-04:00,342.5,348.0199890136719,340.2099914550781,344.6600036621094,340.1104431152344,892100,0.0,0.0
2025-09-18 00:00:00-04:00,345.9200134277344,350.80999755859375,344.8599853515625,348.55999755859375,343.9589538574219,646800,0.0,0.0
2025-09-19 00:00:00-04:00,349.45001220703125,350.2200012207031,343.8299865722656,347.82000732421875,343.2287292480469,1045600,0.0,0.0
2025-09-22 00:00:00-04:00,347.5799865722656,347.8299865722656,343.5299987792969,345.3599853515625,340.8011779785156,773000,0.0,0.0
2025-09-23 00:00:00-04:00,346.82000732421875,349.04998779296875,341.44000244140625,342.7300109863281,338.2059020996094,865800,0.0,0.0
2025-09-24 00:00:00-04:00,345.67999267578125,346.7799987792969,340.6300048828125,342.4800109863281,337.9591979980469,765700,0.0,0.0
2025-09-25 00:00:00-04:00,339.1499938964844,341.0799865722656,336.7900085449219,340.0299987792969,335.5415344238281,714500,0.0,0.0
2025-09-26 00:00:00-04:00,341.1000061035156,344.7099914550781,339.45001220703125,343.5799865722656,339.044677734375,543500,0.0,0.0
2025-09-29 00:00:00-04:00,343.2799987792969,346.7200012207031,343.1099853515625,344.5299987792969,339.9821472167969,566600,0.0,0.0
2025-09-30 00:00:00-04:00,343.5400085449219,350.1600036621094,342.70001220703125,349.5299987792969,344.9161682128906,878900,0.0,0.0
2025-10-01 00:00:00-04:00,347.5400085449219,351.8800048828125,345.54998779296875,349.32000732421875,344.70892333984375,921100,0.0,0.0
2025-10-02 00:00:00-04:00,351.67999267578125,354.9800109863281,345.6099853515625,348.69000244140625,344.08721923828125,816600,0.0,0.0
2025-10-03 00:00:00-04:00,349.010009765625,353.6199951171875,346.6099853515625,349.3999938964844,344.787841796875,836100,0.0,0.0
2025-10-06 00:00:00-04:00,352.5199890136719,352.8900146484375,348.1400146484375,348.57000732421875,343.9688415527344,759600,0.0,0.0
2025-10-07 00:00:00-04:00,349.1499938964844,350.8999938964844,342.17999267578125,344.2200012207031,339.67620849609375,621600,0.0,0.0
2025-10-08 00:00:00-04:00,345.67999267578125,348.5299987792969,342.6300048828125,348.1099853515625,343.514892578125,679200,0.0,0.0
2025-10-09 00:00:00-04:00,350.9200134277344,350.9200134277344,340.7799987792969,342.79998779296875,338.27496337890625,588700,0.0,0.0
2025-10-10 00:00:00-04:00,344.94000244140625,347.6000061035156,332.7099914550781,333.75,329.34442138671875,862000,0.0,0.0
2025-10-13 00:00:00-04:00,338.3999938964844,340.9800109863281,336.6199951171875,339.20001220703125,334.72247314453125,601500,0.0,0.0
2025-10-14 00:00:00-04:00,335.30999755859375,349.0899963378906,335.1700134277344,344.010009765625,339.468994140625,1083700,0.0,0.0
2025-10-15 00:00:00-04:00,346.8800048828125,352.75,345.95001220703125,352.0899963378906,347.4423828125,828000,0.0,0.0
2025-10-16 00:00:00-04:00,354.1099853515625,354.25,345.510009765625,348.0199890136719,343.4260559082031,630200,0.0,0.0
2025-10-17 00:00:00-04:00,347.19000244140625,348.1000061035156,343.80999755859375,347.6600036621094,343.0708312988281,681600,0.0,0.0
2025-10-20 00:00:00-04:00,349.7699890136719,353.6600036621094,349.3299865722656,352.7900085449219,348.1330871582031,422600,0.0,0.0
2025-10-21 00:00:00-04:00,351.239990234375,358.8299865722656,350.1199951171875,354.1600036621094,349.4850158691406,499400,0.0,0.0
2025-10-22 00:00:00-04:00,357.0,360.70001220703125,349.1199951171875,350.29998779296875,345.6759948730469,623900,0.0,0.0
2025-10-23 00:00:00-04:00,350.6300048828125,357.1600036621094,350.6300048828125,357.1600036621094,352.4454345703125,414000,0.0,0.0
2025-10-24 00:00:00-04:00,361.6000061035156,361.6000061035156,356.3399963378906,356.4800109863281,351.7743835449219,419000,0.0,0.0
2025-10-27 00:00:00-04:00,360.20001220703125,364.5400085449219,359.0,361.5299987792969,356.7577209472656,601000,0.0,0.0
2025-10-28 00:00:00-04:00,360.4200134277344,362.2200012207031,356.6400146484375,361.9800109863281,357.2017822265625,549000,0.0,0.0
2025-10-29 00:00:00-04:00,363.1300048828125,372.2300109863281,362.5,368.1499938964844,363.2903747558594,880700,0.0,0.0
2025-10-30 00:00:00-04:00,365.0,375.0199890136719,364.1700134277344,365.6600036621094,360.833251953125,538700,0.0,0.0
2025-10-31 00:00:00-04:00,365.80999755859375,370.4599914550781,365.80999755859375,368.3599853515625,363.4975891113281,723700,0.0,0.0
2025-11-03 00:00:00-05:00,366.4800109863281,368.0,359.7799987792969,364.5400085449219,359.7279968261719,806600,0.0,0.0
2025-11-04 00:00:00-05:00,359.04998779296875,361.0899963378906,355.17999267578125,359.8500061035156,355.0999450683594,737600,0.0,0.0
2025-11-05 00:00:00-05:00,356.8699951171875,365.3599853515625,354.1099853515625,362.6000061035156,357.8136291503906,1199700,0.0,0.0
2025-11-06 00:00:00-05:00,383.1600036621094,396.8900146484375,372.5,372.5,367.5829162597656,2076000,0.0,0.0
2025-11-07 00:00:00-05:00,368.0199890136719,375.5199890136719,363.7799987792969,373.489990234375,368.5598449707031,1509600,0.0,0.0
2025-11-10 00:00:00-05:00,377.3500061035156,393.7200012207031,377.3500061035156,391.239990234375,386.0755310058594,1405800,0.0,0.0
2025-11-11 00:00:00-05:00,391.32000732421875,393.2099914550781,387.9200134277344,392.0799865722656,386.9044494628906,1034200,0.0,0.0
2025-11-12 00:00:00-05:00,393.6000061035156,398.20001220703125,391.6099853515625,394.5400085449219,389.3320007324219,1115600,0.0,0.0
2025-11-13 00:00:00-05:00,389.6300048828125,393.0,377.2200012207031,379.69000244140625,374.6780090332031,1007600,0.0,0.0
2025-11-14 00:00:00-05:00,373.8800048828125,381.6600036621094,371.69000244140625,377.1300048828125,372.15179443359375,866800,0.0,0.0
2025-11-17 00:00:00-05:00,374.04998779296875,375.75,366.7799987792969,370.1000061035156,366.555908203125,1559900,1.38,0.0
2025-11-18 00:00:00-05:00,366.6700134277344,370.19000244140625,363.9200134277344,366.010009765625,362.50506591796875,1007300,0.0,0.0
2025-11-19 00:00:00-05:00,367.6300048828125,373.6600036621094,365.4200134277344,372.4800109863281,368.91314697265625,1204200,0.0,0.0
2025-11-20 00:00:00-05:00,382.6199951171875,383.7900085449219,368.32000732421875,368.70001220703125,365.1693115234375,1455800,0.0,0.0
2025-11-21 00:00:00-05:00,371.1600036621094,384.6499938964844,369.0400085449219,378.7300109863281,375.103271484375,1644900,0.0,0.0
2025-11-24 00:00:00-05:00,379.45001220703125,387.1600036621094,376.44000244140625,384.3699951171875,380.68927001953125,2140100,0.0,0.0
2025-11-25 00:00:00-05:00,386.0199890136719,392.4100036621094,384.8800048828125,391.29998779296875,387.5528869628906,834600,0.0,0.0
2025-11-26 00:00:00-05:00,391.8800048828125,397.55999755859375,390.9800109863281,393.989990234375,390.21710205078125,895800,0.0,0.0
2025-11-28 00:00:00-05:00,395.9800109863281,398.82000732421875,394.8500061035156,395.8599853515625,392.0692138671875,540200,0.0,0.0
2025-12-01 00:00:00-05:00,390.9800109863281,396.82000732421875,388.5199890136719,389.9599914550781,386.2257080078125,919000,0.0,0.0
2025-12-02 00:00:00-05:00,392.8399963378906,393.3699951171875,387.0,391.20001220703125,387.4538879394531,721700,0.0,0.0
2025-12-03 00:00:00-05:00,391.010009765625,400.8699951171875,388.5400085449219,400.3699951171875,396.5360412597656,771400,0.0,0.0
2025-12-04 00:00:00-05:00,400.3699951171875,406.44000244140625,399.6199951171875,403.8900146484375,400.0223388671875,1310900,0.0,0.0
2025-12-05 00:00:00-05:00,403.510009765625,406.0400085449219,401.5,404.2900085449219,400.41851806640625,780200,0.0,0.0
2025-12-08 00:00:00-05:00,405.0,406.489990234375,400.2799987792969,402.2200012207031,398.3683166503906,824600,0.0,0.0
2025-12-09 00:00:00-05:00,400.760009765625,405.1300048828125,400.0,400.6099853515625,396.77374267578125,594600,0.0,0.0
2025-12-10 00:00:00-05:00,401.6700134277344,413.0400085449219,400.3399963378906,410.2300109863281,406.3016357421875,932400,0.0,0.0
2025-12-11 00:00:00-05:00,409.42999267578125,415.8900146484375,406.739990234375,413.04998779296875,409.0945739746094,842800,0.0,0.0
2025-12-12 00:00:00-05:00,413.4800109863281,414.79998779296875,402.3699951171875,405.17999267578125,401.29998779296875,797400,0.0,0.0
2025-12-15 00:00:00-05:00,404.6700134277344,408.1700134277344,400.4700012207031,401.6499938964844,397.80377197265625,911100,0.0,0.0
2025-12-16 00:00:00-05:00,408.5899963378906,409.4800109863281,398.07000732421875,401.0799865722656,397.2392272949219,788700,0.0,0.0
2025-12-17 00:00:00-05:00,399.6400146484375,404.0,388.32000732421875,389.5400085449219,385.80975341796875,816500,0.0,0.0
2025-12-18 00:00:00-05:00,396.6700134277344,397.5899963378906,391.1300048828125,391.6199951171875,387.86981201171875,874600,0.0,0.0
2025-12-19 00:00:00-05:00,393.2799987792969,396.44000244140625,391.6199951171875,395.8699951171875,392.0791320800781,1741200,0.0,0.0
2025-12-22 00:00:00-05:00,397.9100036621094,399.2900085449219,393.5299987792969,398.6000061035156,394.7829895019531,571000,0.0,0.0
2025-12-23 00:00:00-05:00,398.6499938964844,399.8699951171875,395.04998779296875,398.8399963378906,395.02069091796875,508300,0.0,0.0
2025-12-24 00:00:00-05:00,398.2200012207031,399.1499938964844,396.2300109863281,398.2200012207031,394.4066467285156,245300,0.0,0.0
2025-12-26 00:00:00-05:00,398.3800048828125,399.9200134277344,396.3900146484375,399.7900085449219,395.96160888671875,236100,0.0,0.0
2025-12-29 00:00:00-05:00,397.989990234375,400.0,395.69000244140625,396.4800109863281,392.68328857421875,438400,0.0,0.0
2025-12-30 00:00:00-05:00,394.989990234375,396.1400146484375,393.0,393.67999267578125,389.9101257324219,482500,0.0,0.0
2025-12-31 00:00:00-05:00,393.7799987792969,394.9599914550781,388.80999755859375,389.07000732421875,385.3442687988281,488800,0.0,0.0
2026-01-02 00:00:00-05:00,392.0,398.67999267578125,390.32000732421875,398.54998779296875,394.73345947265625,532700,0.0,0.0
2026-01-05 00:00:00-05:00,402.1400146484375,413.0,402.1400146484375,404.7300109863281,400.85430908203125,832200,0.0,0.0
2026-01-06 00:00:00-05:00,401.3999938964844,413.989990234375,396.8500061035156,413.3599853515625,409.401611328125,758500,0.0,0.0
2026-01-07 00:00:00-05:00,415.5299987792969,415.7799987792969,407.5400085449219,409.3399963378906,405.4201354980469,571100,0.0,0.0
2026-01-08 00:00:00-05:00,408.75,411.92999267578125,400.4599914550781,403.6600036621094,399.7945251464844,991300,0.0,0.0
2026-01-09 00:00:00-05:00,403.489990234375,412.42999267578125,403.489990234375,410.5299987792969,406.5987243652344,725400,0.0,0.0
2026-01-12 00:00:00-05:00,408.69000244140625,415.4100036621094,406.8999938964844,414.1300048828125,410.1642761230469,483300,0.0,0.0
2026-01-13 00:00:00-05:00,415.2900085449219,420.19000244140625,414.6300048828125,416.8800048828125,412.8879699707031,594500,0.0,0.0
2026-01-14 00:00:00-05:00,415.0899963378906,418.4100036621094,412.7900085449219,417.2099914550781,413.21478271484375,626700,0.0,0.0
2026-01-15 00:00:00-05:00,420.0,425.8999938964844,418.7099914550781,421.1300048828125,417.0972595214844,546300,0.0,0.0
2026-01-16 00:00:00-05:00,419.0199890136719,422.0,414.2099914550781,415.5199890136719,411.54095458984375,671700,0.0,0.0
2026-01-20 00:00:00-05:00,405.1099853515625,412.3699951171875,401.489990234375,404.0,400.1312561035156,828800,0.0,0.0
2026-01-21 00:00:00-05:00,407.760009765625,422.3699951171875,407.3599853515625,420.29998779296875,416.2751770019531,974600,0.0,0.0
2026-01-22 00:00:00-05:00,425.5899963378906,429.5799865722656,421.6600036621094,425.32000732421875,421.24713134765625,851900,0.0,0.0
2026-01-23 00:00:00-05:00,424.45001220703125,425.75,415.0400085449219,417.8399963378906,413.8387451171875,726200,0.0,0.0
2026-01-26 00:00:00-05:00,418.8500061035156,421.20001220703125,416.5,420.3999938964844,416.3742370605469,453700,0.0,0.0
2026-01-27 00:00:00-05:00,420.0899963378906,421.0199890136719,416.0799865722656,419.75,415.73046875,504000,0.0,0.0
2026-01-28 00:00:00-05:00,419.70001220703125,420.6000061035156,413.7099914550781,414.8999938964844,410.9268798828125,552800,0.0,0.0
2026-01-29 00:00:00-05:00,419.6499938964844,428.5400085449219,417.75,426.7300109863281,422.6436462402344,720300,0.0,0.0
2026-01-30 00:00:00-05:00,421.45001220703125,426.3900146484375,416.07000732421875,421.6499938964844,417.6122741699219,660800,0.0,0.0
2026-02-02 00:00:00-05:00,420.010009765625,429.2699890136719,420.0,429.1499938964844,425.04046630859375,627500,0.0,0.0
2026-02-03 00:00:00-05:00,431.0,433.9700012207031,425.0,430.30999755859375,426.1893310546875,916200,0.0,0.0
2026-02-04 00:00:00-05:00,432.489990234375,438.7200012207031,422.9200134277344,429.8399963378906,425.72381591796875,1467400,0.0,0.0
2026-02-05 00:00:00-05:00,405.2799987792969,410.05999755859375,385.7099914550781,406.70001220703125,402.805419921875,2605500,0.0,0.0
2026-02-06 00:00:00-05:00,407.010009765625,420.17999267578125,397.69000244140625,415.0199890136719,411.0457458496094,2180100,0.0,0.0
2026-02-09 00:00:00-05:00,411.4599914550781,416.8699951171875,410.010009765625,410.6600036621094,406.72747802734375,1161300,0.0,0.0
2026-02-10 00:00:00-05:00,411.5,418.510009765625,407.1600036621094,412.6000061035156,408.64892578125,1130700,0.0,0.0
2026-02-11 00:00:00-05:00,421.25,425.0,406.5400085449219,406.7699890136719,402.8747253417969,1436000,0.0,0.0
2026-02-12 00:00:00-05:00,417.1499938964844,422.9200134277344,380.2099914550781,382.0,378.34197998046875,2677300,0.0,0.0
2026-02-13 00:00:00-05:00,382.4700012207031,398.25,381.9800109863281,394.3699951171875,390.5934753417969,1354200,0.0,0.0
2026-02-17 00:00:00-05:00,383.0199890136719,391.6199951171875,375.7200012207031,388.4700012207031,384.75,1718100,0.0,0.0
2026-02-18 00:00:00-05:00,388.4700012207031,399.8800048828125,387.17999267578125,396.4599914550781,392.6634521484375,1244500,0.0,0.0
2026-02-19 00:00:00-05:00,394.2900085449219,397.95001220703125,390.8299865722656,395.3800048828125,391.5938415527344,931500,0.0,0.0
2026-02-20 00:00:00-05:00,392.44000244140625,402.1199951171875,391.0199890136719,398.7900085449219,394.9711608886719,860700,0.0,0.0
2026-02-23 00:00:00-05:00,392.94000244140625,394.80999755859375,386.3900146484375,387.6300048828125,385.2511901855469,1714900,1.38,0.0
2026-02-24 00:00:00-05:00,387.760009765625,407.1700134277344,387.6000061035156,405.29998779296875,402.812744140625,1245200,0.0,0.0
2026-02-25 00:00:00-05:00,409.3699951171875,410.0,397.7799987792969,402.3800048828125,399.9106750488281,1154000,0.0,0.0
2026-02-26 00:00:00-05:00,404.2099914550781,411.82000732421875,398.2799987792969,411.29998779296875,408.77593994140625,905600,0.0,0.0
2026-02-27 00:00:00-05:00,406.0899963378906,407.8399963378906,400.1199951171875,407.45001220703125,404.9495849609375,1207300,0.0,0.0
2026-03-02 00:00:00-05:00,399.70001220703125,412.7300109863281,395.0799865722656,412.1499938964844,409.6206970214844,861000,0.0,0.0
2026-03-03 00:00:00-05:00,401.1499938964844,405.9599914550781,393.0,398.5,396.05450439453125,908500,0.0,0.0
2026-03-04 00:00:00-05:00,402.0899963378906,404.7099914550781,382.5400085449219,383.3500061035156,380.9974670410156,1534400,0.0,0.0
2026-03-05 00:00:00-05:00,378.44000244140625,386.7300109863281,375.4100036621094,378.5,376.1772155761719,1191000,0.0,0.0
2026-03-06 00:00:00-05:00,370.0,371.3999938964844,366.0799865722656,369.8299865722656,367.5604248046875,1123600,0.0,0.0
2026-03-09 00:00:00-04:00,364.29998779296875,376.260009765625,360.5799865722656,375.54998779296875,373.24530029296875,1220100,0.0,0.0
2026-03-10 00:00:00-04:00,385.29998779296875,385.29998779296875,373.54998779296875,374.07000732421875,371.7744140625,925100,0.0,0.0
2026-03-11 00:00:00-04:00,372.07000732421875,375.3800048828125,366.69000244140625,373.25,370.9594421386719,897800,0.0,0.0
2026-03-12 00:00:00-04:00,365.0,369.0299987792969,356.82000732421875,358.20001220703125,356.0018310546875,1017900,0.0,0.0
2026-03-13 00:00:00-04:00,363.04998779296875,368.05999755859375,356.70001220703125,360.92999267578125,358.7150573730469,802800,0.0,0.0
2026-03-16 00:00:00-04:00,365.2799987792969,367.3900146484375,360.7799987792969,364.04998779296875,361.8158874511719,691800,0.0,0.0
2026-03-17 00:00:00-04:00,366.82000732421875,368.6099853515625,347.67999267578125,357.3900146484375,355.19677734375,1562800,0.0,0.0
2026-03-18 00:00:00-04:00,358.0299987792969,361.94000244140625,354.7799987792969,355.1099853515625,352.9307556152344,929400,0.0,0.0
2026-03-19 00:00:00-04:00,349.69000244140625,358.6300048828125,347.6300048828125,355.7300109863281,353.5469665527344,1253700,0.0,0.0
2026-03-20 00:00:00-04:00,354.6400146484375,357.57000732421875,349.80999755859375,355.1099853515625,352.9307556152344,1290200,0.0,0.0
2026-03-23 00:00:00-04:00,359.5899963378906,367.80999755859375,357.42999267578125,357.8299865722656,355.6340637207031,901300,0.0,0.0
2026-03-24 00:00:00-04:00,356.2900085449219,363.8399963378906,352.0,361.2200012207031,359.0032653808594,816200,0.0,0.0
2026-03-25 00:00:00-04:00,364.30999755859375,368.20001220703125,358.2300109863281,360.6499938964844,358.436767578125,672900,0.0,0.0
2026-03-26 00:00:00-04:00,356.1199951171875,363.1499938964844,354.75,354.82000732421875,352.6425476074219,711700,0.0,0.0
2026-03-27 00:00:00-04:00,351.3500061035156,355.4100036621094,350.7099914550781,351.5,349.3429260253906,818500,0.0,0.0
2026-03-30 00:00:00-04:00,353.42999267578125,355.2300109863281,347.5299987792969,348.510009765625,346.37127685546875,758700,0.0,0.0
2026-03-31 00:00:00-04:00,352.6300048828125,360.94000244140625,349.82000732421875,358.8800048828125,356.6776123046875,1054400,0.0,0.0
2026-04-01 00:00:00-04:00,363.3299865722656,371.7300109863281,361.05999755859375,368.9200134277344,366.656005859375,949900,0.0,0.0
2026-04-02 00:00:00-04:00,359.8800048828125,370.3900146484375,356.7900085449219,365.0199890136719,362.7799072265625,543500,0.0,0.0
2026-04-06 00:00:00-04:00,362.1099853515625,367.45001220703125,361.5899963378906,367.17999267578125,364.92669677734375,499600,0.0,0.0
2026-04-07 00:00:00-04:00,365.20001220703125,371.70001220703125,363.19000244140625,369.3699951171875,367.1032409667969,760900,0.0,0.0
2026-04-08 00:00:00-04:00,385.1099853515625,394.70001220703125,384.760009765625,389.9700012207031,387.5768127441406,907500,0.0,0.0
2026-04-09 00:00:00-04:00,388.75,396.9700012207031,385.25,394.8999938964844,392.4765625,743500,0.0,0.0
2026-04-10 00:00:00-04:00,397.9800109863281,397.9800109863281,393.1099853515625,396.0,393.56982421875,415400,0.0,0.0
2026-04-13 00:00:00-04:00,397.82000732421875,408.20001220703125,393.7799987792969,407.7799987792969,405.27752685546875,780000,0.0,0.0
2026-04-14 00:00:00-04:00,411.44000244140625,412.2799987792969,404.3999938964844,405.2699890136719,402.7829284667969,615300,0.0,0.0
2026-04-15 00:00:00-04:00,403.8399963378906,406.70001220703125,394.80999755859375,397.3999938964844,394.9612121582031,718500,0.0,0.0
2026-04-16 00:00:00-04:00,398.1700134277344,405.05999755859375,397.260009765625,402.80999755859375,400.3380126953125,548200,0.0,0.0
2026-04-17 00:00:00-04:00,409.0,418.8999938964844,406.70001220703125,415.7300109863281,413.1787414550781,865300,0.0,0.0
2026-04-20 00:00:00-04:00,415.0899963378906,418.239990234375,412.54998779296875,413.70001220703125,411.1612243652344,611700,0.0,0.0
2026-04-21 00:00:00-04:00,414.5899963378906,421.0299987792969,409.95001220703125,410.0400085449219,407.523681640625,695600,0.0,0.0
2026-04-22 00:00:00-04:00,413.79998779296875,415.1300048828125,404.6300048828125,407.0199890136719,404.5221862792969,405300,0.0,0.0
2026-04-23 00:00:00-04:00,407.8999938964844,412.92999267578125,403.010009765625,408.9100036621094,406.4006042480469,507200,0.0,0.0
2026-04-24 00:00:00-04:00,407.5,408.69000244140625,399.05999755859375,401.17999267578125,398.718017578125,884900,0.0,0.0
2026-04-27 00:00:00-04:00,404.2900085449219,409.3999938964844,402.3299865722656,406.9200134277344,404.4228210449219,708300,0.0,0.0
2026-04-28 00:00:00-04:00,404.5899963378906,406.2200012207031,398.0,401.2900085449219,398.8273620605469,569100,0.0,0.0
2026-04-29 00:00:00-04:00,401.70001220703125,403.5299987792969,396.29998779296875,400.20001220703125,397.7440490722656,500200,0.0,0.0
2026-04-30 00:00:00-04:00,401.5299987792969,410.4100036621094,400.54998779296875,408.9100036621094,406.4006042480469,661200,0.0,0.0
2026-05-01 00:00:00-04:00,410.1099853515625,410.1099853515625,404.05999755859375,407.42999267578125,404.9296875,665900,0.0,0.0
2026-05-04 00:00:00-04:00,406.5299987792969,411.8500061035156,400.30999755859375,400.30999755859375,397.8533630371094,964700,0.0,0.0
2026-05-05 00:00:00-04:00,454.5,454.6700134277344,431.1000061035156,435.92999267578125,433.2547912597656,1864800,0.0,0.0
2026-05-06 00:00:00-04:00,448.45001220703125,463.489990234375,445.2699890136719,459.3500061035156,456.53106689453125,1181400,0.0,0.0
2026-05-07 00:00:00-04:00,459.2699890136719,462.989990234375,445.67999267578125,448.54998779296875,445.7973327636719,1108400,0.0,0.0
2026-05-08 00:00:00-04:00,451.44000244140625,453.8999938964844,446.1099853515625,453.8900146484375,451.1045837402344,1063100,0.0,0.0
2026-05-11 00:00:00-04:00,451.6000061035156,462.1099853515625,451.5400085449219,456.6600036621094,453.8575744628906,888400,0.0,0.0
2026-05-12 00:00:00-04:00,456.5799865722656,457.8900146484375,447.0,455.0799865722656,452.2872619628906,666700,0.0,0.0
2026-05-13 00:00:00-04:00,457.4100036621094,459.45001220703125,451.2699890136719,454.989990234375,452.19781494140625,732700,0.0,0.0
2026-05-14 00:00:00-04:00,455.5199890136719,458.5299987792969,451.7300109863281,456.5400085449219,453.7383117675781,580900,0.0,0.0
2026-05-15 00:00:00-04:00,445.4700012207031,449.8699951171875,442.239990234375,448.739990234375,445.9861755371094,870500,0.0,0.0
2026-05-18 00:00:00-04:00,445.260009765625,447.20001220703125,433.5799865722656,436.3599853515625,435.01995849609375,698800,1.38,0.0
2026-05-19 00:00:00-04:00,430.6199951171875,431.1099853515625,418.8399963378906,422.2900085449219,420.9931640625,777800,0.0,0.0
2026-05-20 00:00:00-04:00,426.0199890136719,438.4200134277344,420.4599914550781,436.2300109863281,434.890380859375,725900,0.0,0.0
2026-05-21 00:00:00-04:00,432.5899963378906,441.760009765625,429.0299987792969,440.25,438.89801025390625,521300,0.0,0.0
2026-05-22 00:00:00-04:00,444.010009765625,454.82000732421875,441.8800048828125,452.2900085449219,450.90106201171875,858100,0.0,0.0
2026-05-26 00:00:00-04:00,455.54998779296875,458.5299987792969,452.2900085449219,456.29998779296875,454.8987121582031,711800,0.0,0.0
2026-05-27 00:00:00-04:00,458.5,458.9700012207031,455.1700134277344,456.0799865722656,454.67938232421875,506700,0.0,0.0
2026-05-28 00:00:00-04:00,454.0199890136719,457.69000244140625,447.20001220703125,454.79998779296875,453.4033203125,562800,0.0,0.0
2026-05-29 00:00:00-04:00,455.3599853515625,457.9800109863281,451.05999755859375,451.05999755859375,449.6748046875,1110200,0.0,0.0
2026-06-01 00:00:00-04:00,452.1499938964844,457.4100036621094,446.0,456.7099914550781,455.3074645996094,815900,0.0,0.0
2026-06-02 00:00:00-04:00,458.0799865722656,465.32000732421875,456.1400146484375,463.4100036621094,461.9869079589844,496400,0.0,0.0
2026-06-03 00:00:00-04:00,464.6600036621094,468.1099853515625,458.05999755859375,461.7300109863281,460.31207275390625,703400,0.0,0.0
2026-06-04 00:00:00-04:00,460.510009765625,464.2699890136719,457.739990234375,462.239990234375,460.8204650878906,445100,0.0,0.0
2026-06-05 00:00:00-04:00,456.1000061035156,456.1199951171875,441.20001220703125,446.7099914550781,445.3381652832031,844000,0.0,0.0
2026-06-08 00:00:00-04:00,449.45001220703125,453.3599853515625,447.44000244140625,451.6600036621094,450.2729797363281,685800,0.0,0.0
2026-06-09 00:00:00-04:00,456.7699890136719,465.04998779296875,445.510009765625,460.4700012207031,459.055908203125,486500,0.0,0.0
2026-06-10 00:00:00-04:00,461.82000732421875,461.8299865722656,439.70001220703125,440.07000732421875,438.71856689453125,615500,0.0,0.0
2026-06-11 00:00:00-04:00,442.5400085449219,459.8900146484375,442.1199951171875,457.5899963378906,456.18475341796875,590400,0.0,0.0
2026-06-12 00:00:00-04:00,462.3299865722656,463.8800048828125,455.989990234375,459.3399963378906,457.92938232421875,528700,0.0,0.0
2026-06-15 00:00:00-04:00,469.2799987792969,473.9100036621094,463.5,463.57000732421875,462.1463928222656,498300,0.0,0.0
2026-06-16 00:00:00-04:00,468.0899963378906,474.989990234375,466.0,466.30999755859375,464.87799072265625,636900,0.0,0.0
2026-06-17 00:00:00-04:00,469.05999755859375,470.2900085449219,456.239990234375,458.69000244140625,457.2814025878906,664200,0.0,0.0
2026-06-18 00:00:00-04:00,471.1300048828125,475.9200134277344,466.6099853515625,473.7900085449219,472.33502197265625,1154500,0.0,0.0
2026-06-22 00:00:00-04:00,475.95001220703125,479.5899963378906,474.0,478.0799865722656,476.61181640625,945600,0.0,0.0
2026-06-23 00:00:00-04:00,464.239990234375,467.05999755859375,455.7099914550781,456.3599853515625,454.9585266113281,688500,0.0,0.0
2026-06-24 00:00:00-04:00,457.0400085449219,464.6499938964844,455.70001220703125,460.3699951171875,458.9562072753906,737200,0.0,0.0
2026-06-25 00:00:00-04:00,470.760009765625,486.4700012207031,469.3900146484375,479.3900146484375,477.9178466796875,696400,0.0,0.0
2026-06-26 00:00:00-04:00,474.95001220703125,479.0,468.0199890136719,476.82000732421875,475.355712890625,4256800,0.0,0.0
2026-06-29 00:00:00-04:00,477.1600036621094,485.2799987792969,472.8999938964844,482.3299865722656,480.8487854003906,906100,0.0,0.0
2026-06-30 00:00:00-04:00,487.1000061035156,497.3599853515625,484.1000061035156,495.0799865722656,493.55963134765625,802100,0.0,0.0
2026-07-01 00:00:00-04:00,488.05999755859375,493.9700012207031,481.8900146484375,482.82000732421875,481.3372802734375,878300,0.0,0.0
2026-07-02 00:00:00-04:00,481.9700012207031,482.80999755859375,462.0899963378906,471.70001220703125,470.2514343261719,833800,0.0,0.0
2026-07-06 00:00:00-04:00,474.5199890136719,488.3500061035156,472.3800048828125,482.8699951171875,481.3871154785156,614400,0.0,0.0
2026-07-07 00:00:00-04:00,477.3800048828125,477.3800048828125,459.0400085449219,468.8999938964844,467.46002197265625,1008500,0.0,0.0
2026-07-08 00:00:00-04:00,460.5299987792969,464.70001220703125,456.0,463.6099853515625,462.1862487792969,685300,0.0,0.0
2026-07-09 00:00:00-04:00,473.9700012207031,474.8599853515625,466.760009765625,467.4800109863281,466.0444030761719,648400,0.0,0.0
2026-07-10 00:00:00-04:00,466.8699951171875,474.2900085449219,462.95001220703125,472.1199951171875,470.6701354980469,565000,0.0,0.0
2026-07-13 00:00:00-04:00,469.510009765625,472.1199951171875,458.5899963378906,460.45001220703125,459.0359802246094,641900,0.0,0.0
2026-07-14 00:00:00-04:00,467.7900085449219,471.7200012207031,466.739990234375,469.7699890136719,468.3273620605469,547500,0.0,0.0
2026-07-15 00:00:00-04:00,470.29998779296875,471.9700012207031,454.1499938964844,461.9200134277344,460.50146484375,614700,0.0,0.0
2026-07-16 00:00:00-04:00,456.6400146484375,469.6199951171875,450.1000061035156,468.6700134277344,467.2307434082031,758900,0.0,0.0
2026-07-17 00:00:00-04:00,454.6000061035156,465.5299987792969,451.5400085449219,461.8500061035156,460.43170166015625,792600,0.0,0.0
2026-07-20 00:00:00-04:00,464.30999755859375,466.75,456.3800048828125,458.7099914550781,457.30133056640625,631700,0.0,0.0
2026-07-21 00:00:00-04:00,463.8999938964844,468.6600036621094,457.42999267578125,464.82000732421875,463.392578125,465900,0.0,0.0
2026-07-22 00:00:00-04:00,463.6400146484375,469.6000061035156,457.260009765625,458.20001220703125,456.79290771484375,844800,0.0,0.0
2026-07-23 00:00:00-04:00,454.4599914550781,463.1700134277344,451.94000244140625,460.6499938964844,459.2353515625,812700,0.0,0.0
2026-07-24 00:00:00-04:00,462.989990234375,467.1499938964844,459.30999755859375,462.1600036621094,460.74072265625,583500,0.0,0.0
2026-07-27 00:00:00-04:00,463.9599914550781,467.989990234375,453.04998779296875,466.0,464.5689392089844,627600,0.0,0.0
2026-07-28 00:00:00-04:00,461.2699890136719,474.5899963378906,455.3999938964844,471.1700134277344,469.72308349609375,775600,0.0,0.0
2026-07-29 00:00:00-04:00,468.0899963378906,469.3299865722656,450.25,459.3900146484375,457.979248046875,791000,0.0,0.0
2026-07-30 00:00:00-04:00,473.0,475.9700012207031,468.17999267578125,471.010009765625,469.5635681152344,660900,0.0,0.0
2026-07-31 00:00:00-04:00,478.6700134277344,482.6700134277344,468.07000732421875,480.0799865722656,478.6056823730469,937500,0.0,0.0
2026-08-03 00:00:00-04:00,477.4700012207031,489.3500061035156,471.0299987792969,480.9800109863281,479.5029602050781,1676100,0.0,0.0
2026-08-04 00:00:00-04:00,452.1400146484375,454.2699890136719,433.1400146484375,445.2300109863281,443.86273193359375,2359000,0.0,0.0
2026-08-05 00:00:00-04:00,450.0,460.45001220703125,444.25,450.04998779296875,448.66790771484375,1125000,0.0,0.0
2026-08-06 00:00:00-04:00,451.0400085449219,454.260009765625,440.80999755859375,441.79998779296875,440.4432373046875,1088800,0.0,0.0
2026-08-07 00:00:00-04:00,449.5,449.5,439.2799987792969,441.0400085449219,439.68560791015625,1122300,0.0,0.0
2026-08-10 00:00:00-04:00,440.2799987792969,442.7699890136719,434.0,435.2200012207031,433.8834533691406,846900,0.0,0.0
2026-08-11 00:00:00-04:00,436.3699951171875,449.05999755859375,436.3699951171875,447.0,445.6272888183594,831600,0.0,0.0
2026-08-12 00:00:00-04:00,451.75,453.4200134277344,445.8299865722656,451.3900146484375,450.0038146972656,714500,0.0,0.0
2026-08-13 00:00:00-04:00,453.3900146484375,453.3900146484375,445.1499938964844,445.510009765625,444.1418762207031,498200,0.0,0.0
2026-08-14 00:00:00-04:00,444.739990234375,450.4200134277344,440.54998779296875,449.3699951171875,447.989990234375,454300,0.0,0.0
2026-08-17 00:00:00-04:00,449.20001220703125,454.69000244140625,444.260009765625,444.6000061035156,444.6000061035156,623100,1.38,0.0
2026-08-18 00:00:00-04:00,440.92999267578125,443.7099914550781,433.0,433.6700134277344,433.6700134277344,605900,0.0,0.0
2026-08-19 00:00:00-04:00,436.69000244140625,439.42999267578125,431.2900085449219,433.2699890136719,433.2699890136719,704100,0.0,0.0
2026-08-20 00:00:00-04:00,430.0,439.42999267578125,428.2200012207031,431.45001220703125,431.45001220703125,699000,0.0,0.0
2026-08-21 00:00:00-04:00,434.6400146484375,438.25,432.760009765625,437.0799865722656,437.0799865722656,558100,0.0,0.0
2026-08-24 00:00:00-04:00,435.0,436.1300048828125,426.9800109863281,429.69000244140625,429.69000244140625,603700,0.0,0.0
2026-08-25 00:00:00-04:00,433.8500061035156,434.7099914550781,428.2200012207031,429.3999938964844,429.3999938964844,595400,0.0,0.0
2026-08-26 00:00:00-04:00,431.5799865722656,435.7699890136719,430.42999267578125,431.75,431.75,560400,0.0,0.0
2026-08-27 00:00:00-04:00,431.3599853515625,435.25,428.29998779296875,433.0,433.0,549100,0.0,0.0
2026-08-28 00:00:00-04:00,434.6199951171875,436.2900085449219,427.4599914550781,430.8599853515625,430.8599853515625,566600,0.0,0.0
2026-08-31 00:00:00-04:00,426.9599914550781,429.2200012207031,422.5899963378906,424.42999267578125,424.42999267578125,1039000,0.0,0.0
2026-09-01 00:00:00-04:00,422.1300048828125,426.4100036621094,416.8299865722656,417.5299987792969,417.5299987792969,874300,0.0,0.0
2026-09-02 00:00:00-04:00,420.1400146484375,428.0,415.6400146484375,425.3599853515625,425.3599853515625,704500,0.0,0.0
2026-09-03 00:00:00-04:00,426.7099914550781,430.54998779296875,421.5,428.2799987792969,428.2799987792969,812800,0.0,0.0
2026-09-04 00:00:00-04:00,428.1099853515625,435.9599914550781,428.1099853515625,433.80999755859375,433.80999755859375,532300,0.0,0.0
2026-09-08 00:00:00-04:00,434.1499938964844,436.0,428.8800048828125,429.1300048828125,429.1300048828125,624000,0.0,0.0
2026-09-09 00:00:00-04:00,426.3299865722656,432.5,425.0400085449219,426.0799865722656,426.0799865722656,600900,0.0,0.0
2026-09-10 00:00:00-04:00,422.45001220703125,423.95001220703125,414.7799987792969,421.3699951171875,421.3699951171875,725200,0.0,0.0
2026-09-11 00:00:00-04:00,426.8599853515625,433.6700134277344,425.510009765625,428.3900146484375,428.3900146484375,864500,0.0,0.0
2026-09-14 00:00:00-04:00,416.3299865722656,419.9700012207031,412.239990234375,418.8500061035156,418.8500061035156,651000,0.0,0.0
2026-09-15 00:00:00-04:00,420.6000061035156,423.1400146484375,415.30999755859375,417.0,417.0,828100,0.0,0.0
2026-09-16 00:00:00-04:00,419.2200012207031,425.6600036621094,411.760009765625,414.9200134277344,414.9200134277344,679100,0.0,0.0
2026-09-17 00:00:00-04:00,423.4700012207031,424.239990234375,406.9200134277344,410.04998779296875,410.04998779296875,990500,0.0,0.0
2026-09-18 00:00:00-04:00,410.42999267578125,415.6400146484375,407.4700012207031,415.6199951171875,415.6199951171875,1098900,0.0,0.0
2026-09-21 00:00:00-04:00,419.30999755859375,425.2099914550781,413.7900085449219,424.8900146484375,424.8900146484375,755300,0.0,0.0
