Date,Open,High,Low,Close,Adj Close,Volume,Dividends,Stock Splits
2015-01-02 00:00:00-05:00,39.02000045776367,39.20000076293945,38.2599983215332,38.650001525878906,24.43463134765625,2173500,0.0,0.0
2015-01-05 00:00:00-05:00,38.459999084472656,38.47999954223633,37.349998474121094,37.43000030517578,23.66334342956543,4886500,0.0,0.0
2015-01-06 00:00:00-05:00,37.4900016784668,37.66999816894531,36.5099983215332,36.70000076293945,23.201833724975586,5305300,0.0,0.0
2015-01-07 00:00:00-05:00,37.279998779296875,37.31999969482422,36.720001220703125,37.189998626708984,23.511615753173828,4953200,0.0,0.0
2015-01-08 00:00:00-05:00,37.52000045776367,37.90999984741211,37.45000076293945,37.810001373291016,23.903573989868164,5412800,0.0,0.0
2015-01-09 00:00:00-05:00,37.81999969482422,37.91999816894531,36.7599983215332,36.83000183105469,23.284021377563477,3520400,0.0,0.0
2015-01-12 00:00:00-05:00,36.88999938964844,36.93000030517578,36.29999923706055,36.4900016784668,23.06906509399414,2943800,0.0,0.0
2015-01-13 00:00:00-05:00,36.810001373291016,37.209999084472656,36.189998626708984,36.43000030517578,23.03113555908203,3788300,0.0,0.0
2015-01-14 00:00:00-05:00,35.849998474121094,36.04999923706055,34.95000076293945,35.65999984741211,22.544340133666992,6897600,0.0,0.0
2015-01-15 00:00:00-05:00,35.68000030517578,35.88999938964844,35.29999923706055,35.5,22.443180084228516,5815000,0.0,0.0
2015-01-16 00:00:00-05:00,35.310001373291016,36.119998931884766,35.310001373291016,36.02000045776367,22.77193832397461,4717100,0.0,0.0
2015-01-20 00:00:00-05:00,36.060001373291016,36.209999084472656,35.560001373291016,35.7599983215332,22.607561111450195,3965700,0.0,0.0
2015-01-21 00:00:00-05:00,35.66999816894531,36.040000915527344,35.470001220703125,35.63999938964844,22.531692504882812,4865200,0.0,0.0
2015-01-22 00:00:00-05:00,36.20000076293945,37.09000015258789,35.959999084472656,36.90999984741211,23.334596633911133,5133000,0.0,0.0
2015-01-23 00:00:00-05:00,36.939998626708984,37.099998474121094,36.58000183105469,36.81999969482422,23.277700424194336,3913000,0.0,0.0
2015-01-26 00:00:00-05:00,36.83000183105469,37.060001373291016,36.47999954223633,36.9900016784668,23.385169982910156,4113900,0.0,0.0
2015-01-27 00:00:00-05:00,36.540000915527344,36.689998626708984,36.22999954223633,36.290000915527344,22.942626953125,3960700,0.0,0.0
2015-01-28 00:00:00-05:00,36.4900016784668,36.56999969482422,35.33000183105469,35.36000061035156,22.354684829711914,5486600,0.0,0.0
2015-01-29 00:00:00-05:00,35.5,35.7400016784668,35.220001220703125,35.66999816894531,22.550662994384766,4965200,0.0,0.0
2015-01-30 00:00:00-05:00,35.27000045776367,35.95000076293945,35.08000183105469,35.290000915527344,22.310420989990234,5468800,0.0,0.0
2015-02-02 00:00:00-05:00,35.4900016784668,36.029998779296875,35.2400016784668,35.959999084472656,22.734006881713867,3796300,0.0,0.0
2015-02-03 00:00:00-05:00,36.209999084472656,36.61000061035156,36.11000061035156,36.47999954223633,23.062753677368164,5293300,0.0,0.0
2015-02-04 00:00:00-05:00,36.41999816894531,36.66999816894531,36.29999923706055,36.369998931884766,22.993206024169922,3751700,0.0,0.0
2015-02-05 00:00:00-05:00,36.5,37.11000061035156,36.41999816894531,37.09000015258789,23.448389053344727,3926100,0.0,0.0
2015-02-06 00:00:00-05:00,37.54999923706055,38.33000183105469,37.459999084472656,38.029998779296875,24.042661666870117,5443700,0.0,0.0
2015-02-09 00:00:00-05:00,37.72999954223633,37.81999969482422,37.52000045776367,37.650001525878906,23.802425384521484,3416000,0.0,0.0
2015-02-10 00:00:00-05:00,37.939998626708984,38.0099983215332,37.54999923706055,37.810001373291016,23.903573989868164,1963800,0.0,0.0
2015-02-11 00:00:00-05:00,37.52000045776367,37.599998474121094,37.209999084472656,37.40999984741211,23.80177879333496,2489700,0.24,0.0
2015-02-12 00:00:00-05:00,37.619998931884766,38.34000015258789,37.4900016784668,38.31999969482422,24.38075828552246,5304300,0.0,0.0
2015-02-13 00:00:00-05:00,38.400001525878906,38.560001373291016,38.06999969482422,38.279998779296875,24.355304718017578,2879500,0.0,0.0
2015-02-17 00:00:00-05:00,38.2400016784668,38.529998779296875,38.0,38.439998626708984,24.457101821899414,3551900,0.0,0.0
2015-02-18 00:00:00-05:00,38.310001373291016,38.310001373291016,37.779998779296875,37.81999969482422,24.06263542175293,3958900,0.0,0.0
2015-02-19 00:00:00-05:00,37.650001525878906,37.97999954223633,37.380001068115234,37.79999923706055,24.04991340637207,3705700,0.0,0.0
2015-02-20 00:00:00-05:00,37.65999984741211,38.20000076293945,37.2599983215332,38.189998626708984,24.298053741455078,5622700,0.0,0.0
2015-02-23 00:00:00-05:00,37.970001220703125,38.0,37.7599983215332,37.970001220703125,24.15807342529297,3255100,0.0,0.0
2015-02-24 00:00:00-05:00,37.970001220703125,38.2599983215332,37.75,38.220001220703125,24.317129135131836,4492500,0.0,0.0
2015-02-25 00:00:00-05:00,38.15999984741211,38.47999954223633,38.02000045776367,38.34000015258789,24.39348602294922,3444800,0.0,0.0
2015-02-26 00:00:00-05:00,38.2599983215332,38.4900016784668,38.15999984741211,38.40999984741211,24.438013076782227,2903300,0.0,0.0
2015-02-27 00:00:00-05:00,38.29999923706055,38.459999084472656,38.02000045776367,38.04999923706055,24.208965301513672,3416700,0.0,0.0
2015-03-02 00:00:00-05:00,38.04999923706055,38.459999084472656,37.900001525878906,38.400001525878906,24.43165397644043,3233600,0.0,0.0
2015-03-03 00:00:00-05:00,38.209999084472656,38.38999938964844,37.9900016784668,38.16999816894531,24.28531837463379,2815200,0.0,0.0
2015-03-04 00:00:00-05:00,37.970001220703125,38.0,37.72999954223633,37.810001373291016,24.0562744140625,2889900,0.0,0.0
2015-03-05 00:00:00-05:00,37.75,38.0099983215332,37.540000915527344,37.970001220703125,24.15807342529297,2200300,0.0,0.0
2015-03-06 00:00:00-05:00,38.220001220703125,39.0,38.13999938964844,38.459999084472656,24.469829559326172,4898500,0.0,0.0
2015-03-09 00:00:00-04:00,38.459999084472656,38.68000030517578,38.29999923706055,38.56999969482422,24.53981590270996,2532100,0.0,0.0
2015-03-10 00:00:00-04:00,37.9900016784668,38.119998931884766,37.56999969482422,37.56999969482422,23.903573989868164,3094000,0.0,0.0
2015-03-11 00:00:00-04:00,37.68000030517578,38.20000076293945,37.619998931884766,37.970001220703125,24.15807342529297,3481500,0.0,0.0
2015-03-12 00:00:00-04:00,38.36000061035156,39.060001373291016,37.97999954223633,38.9900016784668,24.807037353515625,5144900,0.0,0.0
2015-03-13 00:00:00-04:00,39.0,39.130001068115234,38.439998626708984,38.90999984741211,24.756135940551758,4372000,0.0,0.0
2015-03-16 00:00:00-04:00,39.029998779296875,39.27000045776367,38.790000915527344,39.22999954223633,24.95974349975586,3000100,0.0,0.0
2015-03-17 00:00:00-04:00,38.95000076293945,39.459999084472656,38.86000061035156,39.45000076293945,25.099712371826172,4375100,0.0,0.0
2015-03-18 00:00:00-04:00,39.38999938964844,39.79999923706055,39.31999969482422,39.709999084472656,25.2651309967041,6753600,0.0,0.0
2015-03-19 00:00:00-04:00,39.5099983215332,39.63999938964844,39.15999984741211,39.560001373291016,25.16969871520996,7499500,0.0,0.0
2015-03-20 00:00:00-04:00,39.81999969482422,40.09000015258789,39.56999969482422,39.810001373291016,25.32876205444336,6709700,0.0,0.0
2015-03-23 00:00:00-04:00,39.810001373291016,40.16999816894531,39.5099983215332,39.5099983215332,25.13788414001465,3465300,0.0,0.0
2015-03-24 00:00:00-04:00,39.43000030517578,39.5,39.09000015258789,39.119998931884766,24.889753341674805,3803000,0.0,0.0
2015-03-25 00:00:00-04:00,39.11000061035156,39.11000061035156,38.34000015258789,38.47999954223633,24.48255157470703,3902400,0.0,0.0
2015-03-26 00:00:00-04:00,38.43000030517578,38.79999923706055,38.119998931884766,38.65999984741211,24.597084045410156,3633100,0.0,0.0
2015-03-27 00:00:00-04:00,38.86000061035156,38.90999984741211,38.31999969482422,38.4900016784668,24.48891830444336,4616100,0.0,0.0
2015-03-30 00:00:00-04:00,38.66999816894531,39.310001373291016,38.66999816894531,39.04999923706055,24.84521484375,2296000,0.0,0.0
2015-03-31 00:00:00-04:00,38.79999923706055,39.060001373291016,38.689998626708984,38.9900016784668,24.807037353515625,2944900,0.0,0.0
2015-04-01 00:00:00-04:00,38.77000045776367,38.790000915527344,38.220001220703125,38.560001373291016,24.533464431762695,4328900,0.0,0.0
2015-04-02 00:00:00-04:00,38.59000015258789,39.040000915527344,38.459999084472656,38.959999084472656,24.787948608398438,2908400,0.0,0.0
2015-04-06 00:00:00-04:00,38.5,39.279998779296875,38.31999969482422,39.20000076293945,24.94064712524414,5011900,0.0,0.0
2015-04-07 00:00:00-04:00,39.18000030517578,39.40999984741211,38.95000076293945,39.119998931884766,24.889753341674805,3122300,0.0,0.0
2015-04-08 00:00:00-04:00,39.290000915527344,39.34000015258789,38.900001525878906,38.9900016784668,24.807037353515625,2847400,0.0,0.0
2015-04-09 00:00:00-04:00,38.970001220703125,39.18000030517578,38.70000076293945,39.099998474121094,24.87702751159668,2540600,0.0,0.0
2015-04-10 00:00:00-04:00,39.099998474121094,39.16999816894531,38.88999938964844,39.040000915527344,24.838851928710938,2151100,0.0,0.0
2015-04-13 00:00:00-04:00,39.06999969482422,39.4900016784668,39.02000045776367,39.41999816894531,25.08061981201172,2595000,0.0,0.0
2015-04-14 00:00:00-04:00,39.31999969482422,39.349998474121094,38.88999938964844,39.0,24.813400268554688,3001000,0.0,0.0
2015-04-15 00:00:00-04:00,39.04999923706055,39.4900016784668,38.90999984741211,39.290000915527344,24.997920989990234,2413000,0.0,0.0
2015-04-16 00:00:00-04:00,39.15999984741211,39.40999984741211,38.869998931884766,39.189998626708984,24.934282302856445,2114500,0.0,0.0
2015-04-17 00:00:00-04:00,38.91999816894531,39.099998474121094,38.36000061035156,38.52000045776367,24.508007049560547,2961700,0.0,0.0
2015-04-20 00:00:00-04:00,38.81999969482422,39.06999969482422,38.66999816894531,38.790000915527344,24.679790496826172,2698600,0.0,0.0
2015-04-21 00:00:00-04:00,38.970001220703125,39.119998931884766,38.59000015258789,38.65999984741211,24.597084045410156,2532400,0.0,0.0
2015-04-22 00:00:00-04:00,38.630001068115234,38.959999084472656,38.349998474121094,38.869998931884766,24.730690002441406,3801800,0.0,0.0
2015-04-23 00:00:00-04:00,38.470001220703125,38.58000183105469,37.83000183105469,37.86000061035156,24.088090896606445,6464900,0.0,0.0
2015-04-24 00:00:00-04:00,37.54999923706055,38.0,37.33000183105469,37.779998779296875,24.037187576293945,4921900,0.0,0.0
2015-04-27 00:00:00-04:00,37.83000183105469,38.02000045776367,37.439998626708984,37.599998474121094,23.922658920288086,5152900,0.0,0.0
2015-04-28 00:00:00-04:00,37.52000045776367,37.9900016784668,37.40999984741211,37.959999084472656,24.15170669555664,3337600,0.0,0.0
2015-04-29 00:00:00-04:00,37.880001068115234,38.540000915527344,37.77000045776367,38.310001373291016,24.3743953704834,3560500,0.0,0.0
2015-04-30 00:00:00-04:00,38.310001373291016,38.560001373291016,38.04999923706055,38.290000915527344,24.36166763305664,4026400,0.0,0.0
2015-05-01 00:00:00-04:00,38.43000030517578,38.59000015258789,38.16999816894531,38.459999084472656,24.469829559326172,4108200,0.0,0.0
2015-05-04 00:00:00-04:00,38.4900016784668,39.119998931884766,38.40999984741211,39.09000015258789,24.870662689208984,3771400,0.0,0.0
2015-05-05 00:00:00-04:00,38.91999816894531,39.43000030517578,38.88999938964844,38.970001220703125,24.7943115234375,3407600,0.0,0.0
2015-05-06 00:00:00-04:00,39.0,39.16999816894531,38.310001373291016,38.65999984741211,24.597084045410156,3029000,0.0,0.0
2015-05-07 00:00:00-04:00,38.61000061035156,38.810001373291016,38.38999938964844,38.56999969482422,24.53981590270996,2233200,0.0,0.0
2015-05-08 00:00:00-04:00,38.75,39.130001068115234,38.61000061035156,39.060001373291016,24.851577758789062,3296200,0.0,0.0
2015-05-11 00:00:00-04:00,39.0099983215332,39.279998779296875,38.88999938964844,39.0099983215332,24.819761276245117,2907400,0.0,0.0
2015-05-12 00:00:00-04:00,38.869998931884766,39.29999923706055,38.58000183105469,39.119998931884766,24.889753341674805,2559800,0.0,0.0
2015-05-13 00:00:00-04:00,38.75,39.16999816894531,38.61000061035156,39.09000015258789,25.043506622314453,2716000,0.27,0.0
2015-05-14 00:00:00-04:00,39.29999923706055,39.34000015258789,39.0,39.16999816894531,25.09476661682129,1992800,0.0,0.0
2015-05-15 00:00:00-04:00,39.2400016784668,39.27000045776367,38.529998779296875,38.720001220703125,24.80646514892578,2352600,0.0,0.0
2015-05-18 00:00:00-04:00,38.7599983215332,39.29999923706055,38.75,39.22999954223633,25.13319969177246,2577200,0.0,0.0
2015-05-19 00:00:00-04:00,39.41999816894531,39.93000030517578,39.31999969482422,39.779998779296875,25.48556137084961,4118300,0.0,0.0
2015-05-20 00:00:00-04:00,39.790000915527344,39.790000915527344,39.43000030517578,39.59000015258789,25.363840103149414,2450400,0.0,0.0
2015-05-21 00:00:00-04:00,39.439998626708984,39.72999954223633,39.43000030517578,39.560001373291016,25.344627380371094,2351100,0.0,0.0
2015-05-22 00:00:00-04:00,39.529998779296875,39.630001068115234,39.400001525878906,39.40999984741211,25.248531341552734,1644800,0.0,0.0
2015-05-26 00:00:00-04:00,39.540000915527344,39.63999938964844,39.220001220703125,39.59000015258789,25.363840103149414,4955200,0.0,0.0
2015-05-27 00:00:00-04:00,39.65999984741211,39.97999954223633,39.58000183105469,39.90999984741211,25.568851470947266,2848900,0.0,0.0
2015-05-28 00:00:00-04:00,39.7599983215332,39.959999084472656,39.529998779296875,39.88999938964844,25.55604362487793,3304000,0.0,0.0
2015-05-29 00:00:00-04:00,39.88999938964844,39.88999938964844,39.290000915527344,39.470001220703125,25.28696060180664,3192600,0.0,0.0
2015-06-01 00:00:00-04:00,39.560001373291016,39.70000076293945,39.0,39.16999816894531,25.09476661682129,3027200,0.0,0.0
2015-06-02 00:00:00-04:00,39.20000076293945,39.58000183105469,39.02000045776367,39.45000076293945,25.274147033691406,3433900,0.0,0.0
2015-06-03 00:00:00-04:00,39.66999816894531,40.150001525878906,39.59000015258789,40.0,25.626514434814453,3459700,0.0,0.0
2015-06-04 00:00:00-04:00,39.77000045776367,40.18000030517578,39.650001525878906,39.709999084472656,25.440723419189453,3529900,0.0,0.0
2015-06-05 00:00:00-04:00,40.11000061035156,40.470001220703125,39.970001220703125,40.20000076293945,25.754653930664062,4321200,0.0,0.0
2015-06-08 00:00:00-04:00,40.25,40.4900016784668,40.0099983215332,40.27000045776367,25.79949378967285,2862800,0.0,0.0
2015-06-09 00:00:00-04:00,40.34000015258789,40.7400016784668,40.189998626708984,40.599998474121094,26.01091194152832,2901200,0.0,0.0
2015-06-10 00:00:00-04:00,40.77000045776367,41.31999969482422,40.72999954223633,41.15999984741211,26.369678497314453,4102200,0.0,0.0
2015-06-11 00:00:00-04:00,41.18000030517578,41.27000045776367,40.790000915527344,40.900001525878906,26.203109741210938,3044000,0.0,0.0
2015-06-12 00:00:00-04:00,40.81999969482422,41.09000015258789,40.709999084472656,41.06999969482422,26.312023162841797,2498800,0.0,0.0
2015-06-15 00:00:00-04:00,40.75,41.54999923706055,40.709999084472656,41.25,26.427339553833008,5157400,0.0,0.0
2015-06-16 00:00:00-04:00,41.150001525878906,41.630001068115234,41.0099983215332,41.459999084472656,26.56188201904297,3584500,0.0,0.0
2015-06-17 00:00:00-04:00,41.54999923706055,41.619998931884766,41.09000015258789,41.15999984741211,26.369678497314453,4356700,0.0,0.0
2015-06-18 00:00:00-04:00,41.29999923706055,41.400001525878906,40.91999816894531,41.279998779296875,26.446556091308594,5394700,0.0,0.0
2015-06-19 00:00:00-04:00,41.15999984741211,41.369998931884766,40.91999816894531,41.02000045776367,26.279987335205078,4731800,0.0,0.0
2015-06-22 00:00:00-04:00,41.31999969482422,41.470001220703125,41.06999969482422,41.189998626708984,26.3889102935791,5810100,0.0,0.0
2015-06-23 00:00:00-04:00,41.400001525878906,41.70000076293945,41.220001220703125,41.560001373291016,26.62595558166504,4611300,0.0,0.0
2015-06-24 00:00:00-04:00,41.38999938964844,41.66999816894531,41.150001525878906,41.15999984741211,26.369678497314453,3329300,0.0,0.0
2015-06-25 00:00:00-04:00,41.41999816894531,41.470001220703125,41.0,41.02000045776367,26.279987335205078,3762000,0.0,0.0
2015-06-26 00:00:00-04:00,41.290000915527344,41.5,41.099998474121094,41.290000915527344,26.452972412109375,4137800,0.0,0.0
2015-06-29 00:00:00-04:00,40.709999084472656,41.130001068115234,40.16999816894531,40.25,25.78668785095215,4241200,0.0,0.0
2015-06-30 00:00:00-04:00,40.75,41.02000045776367,40.29999923706055,40.310001373291016,25.825119018554688,4724600,0.0,0.0
2015-07-01 00:00:00-04:00,40.75,41.209999084472656,40.720001220703125,41.040000915527344,26.292797088623047,3874800,0.0,0.0
2015-07-02 00:00:00-04:00,40.970001220703125,40.9900016784668,40.2599983215332,40.380001068115234,25.869970321655273,3324200,0.0,0.0
2015-07-06 00:00:00-04:00,39.93000030517578,40.400001525878906,39.81999969482422,40.36000061035156,25.857152938842773,3950100,0.0,0.0
2015-07-07 00:00:00-04:00,40.369998931884766,40.45000076293945,39.650001525878906,40.34000015258789,25.844341278076172,5019800,0.0,0.0
2015-07-08 00:00:00-04:00,39.97999954223633,40.22999954223633,39.720001220703125,39.810001373291016,25.50478744506836,4514000,0.0,0.0
2015-07-09 00:00:00-04:00,40.5099983215332,40.66999816894531,40.0,40.18000030517578,25.741830825805664,4761500,0.0,0.0
2015-07-10 00:00:00-04:00,40.88999938964844,40.959999084472656,40.470001220703125,40.70000076293945,26.074970245361328,2801300,0.0,0.0
2015-07-13 00:00:00-04:00,41.13999938964844,41.220001220703125,40.900001525878906,41.09000015258789,26.324844360351562,2463500,0.0,0.0
2015-07-14 00:00:00-04:00,40.900001525878906,41.27000045776367,40.720001220703125,41.220001220703125,26.40812873840332,3636400,0.0,0.0
2015-07-15 00:00:00-04:00,41.34000015258789,41.79999923706055,41.18000030517578,41.59000015258789,26.645164489746094,5593300,0.0,0.0
2015-07-16 00:00:00-04:00,41.599998474121094,41.790000915527344,41.33000183105469,41.54999923706055,26.619539260864258,6013400,0.0,0.0
2015-07-17 00:00:00-04:00,41.54999923706055,41.54999923706055,40.380001068115234,40.849998474121094,26.171079635620117,6176000,0.0,0.0
2015-07-20 00:00:00-04:00,40.83000183105469,41.38999938964844,40.7400016784668,41.18000030517578,26.382495880126953,4714600,0.0,0.0
2015-07-21 00:00:00-04:00,41.22999954223633,41.630001068115234,41.02000045776367,41.27000045776367,26.440149307250977,4221000,0.0,0.0
2015-07-22 00:00:00-04:00,41.310001373291016,41.790000915527344,41.20000076293945,41.599998474121094,26.651578903198242,3854900,0.0,0.0
2015-07-23 00:00:00-04:00,41.65999984741211,41.900001525878906,41.34000015258789,41.459999084472656,26.56188201904297,4337500,0.0,0.0
2015-07-24 00:00:00-04:00,41.400001525878906,41.470001220703125,40.7400016784668,40.790000915527344,26.132638931274414,4848800,0.0,0.0
2015-07-27 00:00:00-04:00,40.52000045776367,40.779998779296875,40.2599983215332,40.459999084472656,25.921215057373047,3560800,0.0,0.0
2015-07-28 00:00:00-04:00,40.709999084472656,40.7599983215332,40.150001525878906,40.400001525878906,25.882780075073242,3492500,0.0,0.0
2015-07-29 00:00:00-04:00,40.41999816894531,40.720001220703125,40.13999938964844,40.61000061035156,26.017322540283203,4326400,0.0,0.0
2015-07-30 00:00:00-04:00,40.5,40.720001220703125,40.38999938964844,40.61000061035156,26.017322540283203,4701300,0.0,0.0
2015-07-31 00:00:00-04:00,40.63999938964844,40.849998474121094,40.27000045776367,40.27000045776367,25.79949378967285,11661700,0.0,0.0
2015-08-03 00:00:00-04:00,40.310001373291016,40.47999954223633,39.9900016784668,40.31999969482422,25.831527709960938,5556600,0.0,0.0
2015-08-04 00:00:00-04:00,40.36000061035156,40.849998474121094,40.310001373291016,40.63999938964844,26.03653907775879,4653700,0.0,0.0
2015-08-05 00:00:00-04:00,41.06999969482422,41.38999938964844,40.689998626708984,40.869998931884766,26.18389129638672,3479300,0.0,0.0
2015-08-06 00:00:00-04:00,40.9900016784668,41.130001068115234,40.54999923706055,40.689998626708984,26.068561553955078,3117500,0.0,0.0
2015-08-07 00:00:00-04:00,40.65999984741211,40.9900016784668,40.060001373291016,40.279998779296875,25.805898666381836,4791300,0.0,0.0
2015-08-10 00:00:00-04:00,40.52000045776367,41.08000183105469,40.47999954223633,40.970001220703125,26.247961044311523,4726400,0.0,0.0
2015-08-11 00:00:00-04:00,40.529998779296875,40.7400016784668,39.97999954223633,40.209999084472656,25.761045455932617,4709700,0.0,0.0
2015-08-12 00:00:00-04:00,39.72999954223633,39.72999954223633,38.849998474121094,39.310001373291016,25.35470962524414,4025700,0.27,0.0
2015-08-13 00:00:00-04:00,39.400001525878906,39.779998779296875,39.290000915527344,39.689998626708984,25.599796295166016,3335000,0.0,0.0
2015-08-14 00:00:00-04:00,39.689998626708984,40.310001373291016,39.59000015258789,40.310001373291016,25.999698638916016,3403300,0.0,0.0
2015-08-17 00:00:00-04:00,39.93000030517578,40.43000030517578,39.84000015258789,40.189998626708984,25.922300338745117,2937900,0.0,0.0
2015-08-18 00:00:00-04:00,39.54999923706055,40.38999938964844,39.54999923706055,40.09000015258789,25.857797622680664,8127300,0.0,0.0
2015-08-19 00:00:00-04:00,40.04999923706055,40.060001373291016,39.459999084472656,39.58000183105469,25.528852462768555,6825000,0.0,0.0
2015-08-20 00:00:00-04:00,39.31999969482422,39.43000030517578,38.59000015258789,38.59000015258789,24.890310287475586,6415100,0.0,0.0
2015-08-21 00:00:00-04:00,38.22999954223633,38.40999984741211,37.56999969482422,37.599998474121094,24.25176429748535,8121700,0.0,0.0
2015-08-24 00:00:00-04:00,35.08000183105469,36.7599983215332,34.7599983215332,35.56999969482422,22.94243812561035,10741900,0.0,0.0
2015-08-25 00:00:00-04:00,36.68000030517578,36.68000030517578,34.77000045776367,34.779998779296875,22.43288230895996,9155300,0.0,0.0
2015-08-26 00:00:00-04:00,35.720001220703125,36.380001068115234,35.2400016784668,36.31999969482422,23.42616844177246,9351600,0.0,0.0
2015-08-27 00:00:00-04:00,36.959999084472656,37.349998474121094,36.650001525878906,37.22999954223633,24.01312255859375,6845300,0.0,0.0
2015-08-28 00:00:00-04:00,37.0,37.2400016784668,36.83000183105469,37.099998474121094,23.929264068603516,3874900,0.0,0.0
2015-08-31 00:00:00-04:00,36.40999984741211,37.029998779296875,36.220001220703125,36.91999816894531,23.813167572021484,4664900,0.0,0.0
2015-09-01 00:00:00-04:00,36.02000045776367,36.2400016784668,35.06999969482422,35.33000183105469,22.78763198852539,7243900,0.0,0.0
2015-09-02 00:00:00-04:00,36.06999969482422,36.189998626708984,35.439998626708984,35.880001068115234,23.142379760742188,4397300,0.0,0.0
2015-09-03 00:00:00-04:00,36.0,36.689998626708984,35.90999984741211,36.47999954223633,23.529376983642578,6135600,0.0,0.0
2015-09-04 00:00:00-04:00,35.9900016784668,36.09000015258789,35.58000183105469,35.869998931884766,23.13591957092285,4278100,0.0,0.0
2015-09-08 00:00:00-04:00,36.630001068115234,36.77000045776367,36.209999084472656,36.72999954223633,23.690624237060547,3307700,0.0,0.0
2015-09-09 00:00:00-04:00,37.209999084472656,37.34000015258789,36.20000076293945,36.27000045776367,23.39392852783203,3558500,0.0,0.0
2015-09-10 00:00:00-04:00,36.09000015258789,37.02000045776367,36.060001373291016,36.68000030517578,23.658374786376953,6171400,0.0,0.0
2015-09-11 00:00:00-04:00,36.5099983215332,36.560001373291016,36.20000076293945,36.439998626708984,23.503570556640625,3594200,0.0,0.0
2015-09-14 00:00:00-04:00,36.470001220703125,36.7599983215332,36.400001525878906,36.560001373291016,23.580974578857422,3837900,0.0,0.0
2015-09-15 00:00:00-04:00,36.63999938964844,37.20000076293945,36.47999954223633,37.08000183105469,23.91636848449707,3271300,0.0,0.0
2015-09-16 00:00:00-04:00,36.97999954223633,37.189998626708984,36.65999984741211,37.08000183105469,23.91636848449707,3505800,0.0,0.0
2015-09-17 00:00:00-04:00,37.06999969482422,37.33000183105469,35.97999954223633,36.15999984741211,23.322978973388672,5814300,0.0,0.0
2015-09-18 00:00:00-04:00,35.66999816894531,35.79999923706055,35.15999984741211,35.29999923706055,22.76828384399414,6554500,0.0,0.0
2015-09-21 00:00:00-04:00,35.599998474121094,35.849998474121094,35.45000076293945,35.7400016784668,23.052087783813477,3248800,0.0,0.0
2015-09-22 00:00:00-04:00,35.16999816894531,35.45000076293945,34.88999938964844,35.25,22.73603630065918,3624700,0.0,0.0
2015-09-23 00:00:00-04:00,35.2400016784668,35.43000030517578,34.86000061035156,35.22999954223633,22.723129272460938,3827200,0.0,0.0
2015-09-24 00:00:00-04:00,34.790000915527344,35.119998931884766,34.72999954223633,35.04999923706055,22.607027053833008,2923600,0.0,0.0
2015-09-25 00:00:00-04:00,35.650001525878906,35.93000030517578,35.459999084472656,35.68000030517578,23.013378143310547,3426600,0.0,0.0
2015-09-28 00:00:00-04:00,35.40999984741211,35.5,34.79999923706055,34.849998474121094,22.478036880493164,5569500,0.0,0.0
2015-09-29 00:00:00-04:00,34.93000030517578,35.220001220703125,34.7400016784668,35.16999816894531,22.68442726135254,3821800,0.0,0.0
2015-09-30 00:00:00-04:00,35.56999969482422,35.63999938964844,35.13999938964844,35.599998474121094,22.961780548095703,4026600,0.0,0.0
2015-10-01 00:00:00-04:00,35.689998626708984,35.720001220703125,35.16999816894531,35.630001068115234,22.98113441467285,3946500,0.0,0.0
2015-10-02 00:00:00-04:00,34.83000183105469,35.75,34.2400016784668,35.75,23.058528900146484,9633700,0.0,0.0
2015-10-05 00:00:00-04:00,36.02000045776367,36.66999816894531,35.90999984741211,36.56999969482422,23.587419509887695,3530800,0.0,0.0
2015-10-06 00:00:00-04:00,36.33000183105469,36.59000015258789,36.209999084472656,36.41999816894531,23.49067497253418,3842300,0.0,0.0
2015-10-07 00:00:00-04:00,36.65999984741211,37.11000061035156,36.4900016784668,36.810001373291016,23.74223518371582,3771500,0.0,0.0
2015-10-08 00:00:00-04:00,36.66999816894531,36.95000076293945,36.470001220703125,36.90999984741211,23.80672264099121,3437200,0.0,0.0
2015-10-09 00:00:00-04:00,36.7400016784668,37.04999923706055,36.33000183105469,36.540000915527344,23.56807518005371,3378400,0.0,0.0
2015-10-12 00:00:00-04:00,36.5,36.77000045776367,36.27000045776367,36.709999084472656,23.677719116210938,2508800,0.0,0.0
2015-10-13 00:00:00-04:00,36.4900016784668,36.599998474121094,36.15999984741211,36.220001220703125,23.361679077148438,3881600,0.0,0.0
2015-10-14 00:00:00-04:00,36.150001525878906,36.20000076293945,35.56999969482422,35.75,23.058528900146484,4443600,0.0,0.0
2015-10-15 00:00:00-04:00,36.209999084472656,36.900001525878906,35.95000076293945,36.86000061035156,23.774478912353516,6196300,0.0,0.0
2015-10-16 00:00:00-04:00,37.0099983215332,37.25,36.38999938964844,36.4900016784668,23.53582763671875,4873300,0.0,0.0
2015-10-19 00:00:00-04:00,36.2400016784668,36.65999984741211,36.16999816894531,36.25,23.381027221679688,3477700,0.0,0.0
2015-10-20 00:00:00-04:00,36.29999923706055,36.81999969482422,36.150001525878906,36.75,23.70351791381836,3677100,0.0,0.0
2015-10-21 00:00:00-04:00,36.880001068115234,37.029998779296875,36.27000045776367,36.279998779296875,23.40037727355957,4045000,0.0,0.0
2015-10-22 00:00:00-04:00,36.470001220703125,37.209999084472656,36.470001220703125,36.91999816894531,23.813167572021484,3323900,0.0,0.0
2015-10-23 00:00:00-04:00,37.2599983215332,37.689998626708984,37.060001373291016,37.65999984741211,24.290464401245117,3673800,0.0,0.0
2015-10-26 00:00:00-04:00,37.59000015258789,37.7400016784668,37.11000061035156,37.290000915527344,24.05181312561035,2695600,0.0,0.0
2015-10-27 00:00:00-04:00,37.029998779296875,37.29999923706055,36.7599983215332,36.90999984741211,23.80672264099121,3358800,0.0,0.0
2015-10-28 00:00:00-04:00,36.97999954223633,38.029998779296875,36.95000076293945,38.02000045776367,24.522666931152344,6903000,0.0,0.0
2015-10-29 00:00:00-04:00,37.869998931884766,38.220001220703125,37.650001525878906,37.7599983215332,24.354965209960938,3310600,0.0,0.0
2015-10-30 00:00:00-04:00,37.77000045776367,37.79999923706055,36.97999954223633,37.150001525878906,23.961515426635742,5997300,0.0,0.0
2015-11-02 00:00:00-05:00,37.34000015258789,37.93000030517578,37.20000076293945,37.79999923706055,24.380769729614258,5341800,0.0,0.0
2015-11-03 00:00:00-05:00,37.65999984741211,37.95000076293945,37.45000076293945,37.779998779296875,24.36785888671875,3685100,0.0,0.0
2015-11-04 00:00:00-05:00,37.86000061035156,38.119998931884766,37.650001525878906,37.81999969482422,24.39366912841797,5117700,0.0,0.0
2015-11-05 00:00:00-05:00,37.880001068115234,38.439998626708984,37.86000061035156,38.150001525878906,24.60651397705078,4035000,0.0,0.0
2015-11-06 00:00:00-05:00,39.16999816894531,39.470001220703125,38.79999923706055,39.040000915527344,25.18056297302246,4851600,0.0,0.0
2015-11-09 00:00:00-05:00,39.18000030517578,39.25,38.40999984741211,38.650001525878906,24.929006576538086,4213500,0.0,0.0
2015-11-10 00:00:00-05:00,38.25,38.599998474121094,38.04999923706055,38.33000183105469,24.896533966064453,3849300,0.27,0.0
2015-11-11 00:00:00-05:00,38.61000061035156,38.68000030517578,38.13999938964844,38.310001373291016,24.883548736572266,4830800,0.0,0.0
2015-11-12 00:00:00-05:00,38.0099983215332,38.2400016784668,37.790000915527344,37.790000915527344,24.5457820892334,4156700,0.0,0.0
2015-11-13 00:00:00-05:00,37.709999084472656,37.97999954223633,37.220001220703125,37.349998474121094,24.259992599487305,5029400,0.0,0.0
2015-11-16 00:00:00-05:00,37.279998779296875,37.93000030517578,37.209999084472656,37.91999816894531,24.630226135253906,3753200,0.0,0.0
2015-11-17 00:00:00-05:00,38.040000915527344,38.279998779296875,37.209999084472656,37.79999923706055,24.552282333374023,3182400,0.0,0.0
2015-11-18 00:00:00-05:00,37.880001068115234,38.38999938964844,37.63999938964844,38.349998474121094,24.909526824951172,4249000,0.0,0.0
2015-11-19 00:00:00-05:00,38.349998474121094,38.66999816894531,38.09000015258789,38.540000915527344,25.03293228149414,3416800,0.0,0.0
2015-11-20 00:00:00-05:00,38.70000076293945,38.79999923706055,38.380001068115234,38.650001525878906,25.104381561279297,6260200,0.0,0.0
2015-11-23 00:00:00-05:00,38.66999816894531,39.06999969482422,38.630001068115234,38.77000045776367,25.182329177856445,3802100,0.0,0.0
2015-11-24 00:00:00-05:00,38.5,38.63999938964844,38.20000076293945,38.4900016784668,25.000457763671875,3526000,0.0,0.0
2015-11-25 00:00:00-05:00,38.529998779296875,38.66999816894531,38.29999923706055,38.47999954223633,24.993961334228516,2752300,0.0,0.0
2015-11-27 00:00:00-05:00,38.52000045776367,38.689998626708984,38.29999923706055,38.65999984741211,25.110881805419922,1194800,0.0,0.0
2015-11-30 00:00:00-05:00,38.72999954223633,38.81999969482422,38.41999816894531,38.619998931884766,25.08489418029785,3687700,0.0,0.0
2015-12-01 00:00:00-05:00,38.93000030517578,39.04999923706055,38.56999969482422,38.970001220703125,25.312227249145508,4358600,0.0,0.0
2015-12-02 00:00:00-05:00,39.02000045776367,39.09000015258789,38.40999984741211,38.4900016784668,25.000457763671875,3951800,0.0,0.0
2015-12-03 00:00:00-05:00,38.630001068115234,38.77000045776367,37.7599983215332,37.880001068115234,24.604238510131836,3684200,0.0,0.0
2015-12-04 00:00:00-05:00,38.08000183105469,39.060001373291016,37.849998474121094,38.95000076293945,25.29924201965332,4514200,0.0,0.0
2015-12-07 00:00:00-05:00,39.2599983215332,39.279998779296875,38.369998931884766,38.70000076293945,25.13685417175293,3538600,0.0,0.0
2015-12-08 00:00:00-05:00,38.349998474121094,38.529998779296875,37.779998779296875,37.900001525878906,24.617238998413086,4050700,0.0,0.0
2015-12-09 00:00:00-05:00,37.720001220703125,38.040000915527344,37.0099983215332,37.2400016784668,24.188549041748047,4243800,0.0,0.0
2015-12-10 00:00:00-05:00,37.220001220703125,38.08000183105469,37.04999923706055,37.560001373291016,24.396398544311523,3531500,0.0,0.0
2015-12-11 00:00:00-05:00,37.029998779296875,37.27000045776367,36.56999969482422,36.810001373291016,23.909257888793945,4464500,0.0,0.0
2015-12-14 00:00:00-05:00,36.97999954223633,37.33000183105469,36.4900016784668,36.90999984741211,23.97420310974121,4717900,0.0,0.0
2015-12-15 00:00:00-05:00,37.369998931884766,38.029998779296875,37.369998931884766,37.68000030517578,24.474334716796875,6770100,0.0,0.0
2015-12-16 00:00:00-05:00,38.02000045776367,38.400001525878906,37.52000045776367,38.33000183105469,24.896533966064453,5641800,0.0,0.0
2015-12-17 00:00:00-05:00,38.529998779296875,38.61000061035156,37.81999969482422,37.83000183105469,24.57176971435547,3780100,0.0,0.0
2015-12-18 00:00:00-05:00,37.61000061035156,37.7400016784668,37.16999816894531,37.22999954223633,24.182050704956055,16250000,0.0,0.0
2015-12-21 00:00:00-05:00,37.63999938964844,37.720001220703125,36.84000015258789,37.279998779296875,24.214523315429688,3874700,0.0,0.0
2015-12-22 00:00:00-05:00,37.540000915527344,37.66999816894531,36.83000183105469,37.63999938964844,24.4483585357666,4046200,0.0,0.0
2015-12-23 00:00:00-05:00,37.84000015258789,38.279998779296875,37.65999984741211,38.2400016784668,24.838077545166016,2932700,0.0,0.0
2015-12-24 00:00:00-05:00,38.16999816894531,38.45000076293945,38.060001373291016,38.27000045776367,24.857559204101562,980400,0.0,0.0
2015-12-28 00:00:00-05:00,38.04999923706055,38.150001525878906,37.599998474121094,38.09000015258789,24.740650177001953,2081800,0.0,0.0
2015-12-29 00:00:00-05:00,38.349998474121094,38.630001068115234,38.189998626708984,38.540000915527344,25.03293228149414,2049500,0.0,0.0
2015-12-30 00:00:00-05:00,38.470001220703125,38.529998779296875,38.099998474121094,38.16999816894531,24.792606353759766,1583000,0.0,0.0
2015-12-31 00:00:00-05:00,37.91999816894531,38.209999084472656,37.7400016784668,37.810001373291016,24.55877685546875,2910300,0.0,0.0
2016-01-04 00:00:00-05:00,36.91999816894531,37.029998779296875,36.279998779296875,36.650001525878906,23.80531883239746,5873200,0.0,0.0
2016-01-05 00:00:00-05:00,36.61000061035156,36.939998626708984,36.36000061035156,36.65999984741211,23.811811447143555,3584300,0.0,0.0
2016-01-06 00:00:00-05:00,36.060001373291016,36.59000015258789,35.86000061035156,36.150001525878906,23.480552673339844,4228300,0.0,0.0
2016-01-07 00:00:00-05:00,35.380001068115234,35.779998779296875,34.880001068115234,35.119998931884766,22.811538696289062,4703800,0.0,0.0
2016-01-08 00:00:00-05:00,35.41999816894531,35.439998626708984,34.290000915527344,34.36000061035156,22.317903518676758,5000100,0.0,0.0
2016-01-11 00:00:00-05:00,34.650001525878906,34.84000015258789,34.290000915527344,34.68000030517578,22.52574348449707,6162300,0.0,0.0
2016-01-12 00:00:00-05:00,35.099998474121094,35.18000030517578,34.369998931884766,34.900001525878906,22.668643951416016,4747600,0.0,0.0
2016-01-13 00:00:00-05:00,35.13999938964844,35.2400016784668,33.61000061035156,33.720001220703125,21.90219497680664,4729200,0.0,0.0
2016-01-14 00:00:00-05:00,33.84000015258789,34.25,33.400001525878906,34.02000045776367,22.0970458984375,4496400,0.0,0.0
2016-01-15 00:00:00-05:00,32.900001525878906,33.36000061035156,32.72999954223633,33.13999938964844,21.525466918945312,6748100,0.0,0.0
2016-01-19 00:00:00-05:00,33.70000076293945,33.70000076293945,32.58000183105469,32.91999816894531,21.382568359375,5833500,0.0,0.0
2016-01-20 00:00:00-05:00,32.150001525878906,33.290000915527344,31.780000686645508,32.86000061035156,21.343603134155273,13020900,0.0,0.0
2016-01-21 00:00:00-05:00,32.66999816894531,32.7599983215332,31.709999084472656,31.780000686645508,20.64210319519043,9970200,0.0,0.0
2016-01-22 00:00:00-05:00,32.189998626708984,32.5099983215332,31.559999465942383,31.950000762939453,20.752525329589844,6485200,0.0,0.0
2016-01-25 00:00:00-05:00,31.799999237060547,31.8799991607666,31.079999923706055,31.110000610351562,20.20691680908203,7275300,0.0,0.0
2016-01-26 00:00:00-05:00,31.219999313354492,31.59000015258789,30.989999771118164,31.469999313354492,20.440752029418945,6050500,0.0,0.0
2016-01-27 00:00:00-05:00,31.43000030517578,32.369998931884766,31.309999465942383,31.649999618530273,20.55767059326172,5436400,0.0,0.0
2016-01-28 00:00:00-05:00,31.860000610351562,32.279998779296875,31.719999313354492,31.90999984741211,20.726545333862305,8450700,0.0,0.0
2016-01-29 00:00:00-05:00,32.15999984741211,32.689998626708984,32.0099983215332,32.65999984741211,21.21368980407715,6853300,0.0,0.0
2016-02-01 00:00:00-05:00,32.529998779296875,32.630001068115234,32.04999923706055,32.290000915527344,20.973360061645508,4491400,0.0,0.0
2016-02-02 00:00:00-05:00,31.799999237060547,31.84000015258789,31.399999618530273,31.579999923706055,20.51219940185547,5414800,0.0,0.0
2016-02-03 00:00:00-05:00,31.719999313354492,31.889999389648438,30.719999313354492,31.780000686645508,20.64210319519043,6802800,0.0,0.0
2016-02-04 00:00:00-05:00,31.700000762939453,32.25,31.68000030517578,32.15999984741211,20.88892364501953,7160800,0.0,0.0
2016-02-05 00:00:00-05:00,32.16999816894531,32.540000915527344,31.8700008392334,32.060001373291016,20.823974609375,7104500,0.0,0.0
2016-02-08 00:00:00-05:00,31.56999969482422,31.610000610351562,30.899999618530273,31.329999923706055,20.349817276000977,6118700,0.0,0.0
2016-02-09 00:00:00-05:00,30.790000915527344,31.780000686645508,30.739999771118164,31.600000381469727,20.525192260742188,6286400,0.0,0.0
2016-02-10 00:00:00-05:00,31.670000076293945,31.950000762939453,31.239999771118164,31.270000457763672,20.485881805419922,5833400,0.27,0.0
2016-02-11 00:00:00-05:00,30.399999618530273,30.739999771118164,29.950000762939453,30.280000686645508,19.837308883666992,6114400,0.0,0.0
2016-02-12 00:00:00-05:00,31.059999465942383,31.600000381469727,30.75,31.579999923706055,20.6889705657959,5141600,0.0,0.0
2016-02-16 00:00:00-05:00,32.04999923706055,32.81999969482422,31.75,32.58000183105469,21.3441104888916,4865200,0.0,0.0
2016-02-17 00:00:00-05:00,32.84000015258789,33.119998931884766,32.77000045776367,32.91999816894531,21.566844940185547,5196800,0.0,0.0
2016-02-18 00:00:00-05:00,32.91999816894531,33.04999923706055,32.099998474121094,32.2599983215332,21.13446044921875,4049300,0.0,0.0
2016-02-19 00:00:00-05:00,32.04999923706055,32.40999984741211,31.93000030517578,32.380001068115234,21.21307373046875,3849100,0.0,0.0
2016-02-22 00:00:00-05:00,32.65999984741211,32.97999954223633,32.63999938964844,32.970001220703125,21.599605560302734,3846500,0.0,0.0
2016-02-23 00:00:00-05:00,32.77000045776367,32.97999954223633,31.8799991607666,32.099998474121094,21.029638290405273,5507100,0.0,0.0
2016-02-24 00:00:00-05:00,31.6200008392334,32.040000915527344,31.270000457763672,32.0,20.96412467956543,6344600,0.0,0.0
2016-02-25 00:00:00-05:00,32.099998474121094,32.5,32.02000045776367,32.4900016784668,21.28514289855957,5113000,0.0,0.0
2016-02-26 00:00:00-05:00,32.83000183105469,33.529998779296875,32.619998931884766,33.29999923706055,21.8157958984375,6295100,0.0,0.0
2016-02-29 00:00:00-05:00,33.209999084472656,33.290000915527344,32.150001525878906,32.15999984741211,21.06894302368164,6612500,0.0,0.0
2016-03-01 00:00:00-05:00,32.4900016784668,33.45000076293945,32.31999969482422,33.45000076293945,21.9140682220459,7307100,0.0,0.0
2016-03-02 00:00:00-05:00,33.529998779296875,33.90999984741211,33.349998474121094,33.810001373291016,22.149911880493164,5376000,0.0,0.0
2016-03-03 00:00:00-05:00,33.810001373291016,34.279998779296875,33.65999984741211,34.27000045776367,22.451269149780273,2905600,0.0,0.0
2016-03-04 00:00:00-05:00,34.439998626708984,34.79999923706055,34.27000045776367,34.4900016784668,22.59539794921875,4935300,0.0,0.0
2016-03-07 00:00:00-05:00,34.18000030517578,34.400001525878906,34.0099983215332,34.349998474121094,22.503679275512695,2555600,0.0,0.0
2016-03-08 00:00:00-05:00,34.25,34.25,33.47999954223633,33.65999984741211,22.051645278930664,4987600,0.0,0.0
2016-03-09 00:00:00-05:00,33.91999816894531,34.060001373291016,33.31999969482422,33.459999084472656,21.920616149902344,4888600,0.0,0.0
2016-03-10 00:00:00-05:00,33.7599983215332,34.209999084472656,33.209999084472656,33.65999984741211,22.051645278930664,5051700,0.0,0.0
2016-03-11 00:00:00-05:00,34.0099983215332,34.5,33.83000183105469,34.45000076293945,22.569196701049805,3540000,0.0,0.0
2016-03-14 00:00:00-04:00,34.40999984741211,34.54999923706055,34.130001068115234,34.380001068115234,22.523334503173828,2973800,0.0,0.0
2016-03-15 00:00:00-04:00,34.0099983215332,34.2599983215332,33.97999954223633,34.25,22.43816375732422,3158700,0.0,0.0
2016-03-16 00:00:00-04:00,34.06999969482422,34.45000076293945,33.83000183105469,33.959999084472656,22.2481689453125,6332600,0.0,0.0
2016-03-17 00:00:00-04:00,33.83000183105469,34.220001220703125,33.45000076293945,34.150001525878906,22.372652053833008,4830400,0.0,0.0
2016-03-18 00:00:00-04:00,34.380001068115234,34.84000015258789,34.29999923706055,34.66999816894531,22.713321685791016,9538600,0.0,0.0
2016-03-21 00:00:00-04:00,34.709999084472656,34.939998626708984,34.310001373291016,34.630001068115234,22.687110900878906,3220700,0.0,0.0
2016-03-22 00:00:00-04:00,34.34000015258789,34.58000183105469,34.20000076293945,34.400001525878906,22.536441802978516,3187100,0.0,0.0
2016-03-23 00:00:00-04:00,34.439998626708984,34.5099983215332,34.06999969482422,34.13999938964844,22.366100311279297,3674300,0.0,0.0
2016-03-24 00:00:00-04:00,33.91999816894531,33.91999816894531,33.43000030517578,33.689998626708984,22.071290969848633,4278200,0.0,0.0
2016-03-28 00:00:00-04:00,33.439998626708984,33.75,33.439998626708984,33.560001373291016,21.986125946044922,4926000,0.0,0.0
2016-03-29 00:00:00-04:00,33.4900016784668,33.4900016784668,32.939998626708984,33.31999969482422,21.828889846801758,5329000,0.0,0.0
2016-03-30 00:00:00-04:00,33.52000045776367,33.869998931884766,33.38999938964844,33.529998779296875,21.966468811035156,4626600,0.0,0.0
2016-03-31 00:00:00-04:00,33.52000045776367,33.68000030517578,33.189998626708984,33.27000045776367,21.7961483001709,5997100,0.0,0.0
2016-04-01 00:00:00-04:00,33.08000183105469,33.529998779296875,32.79999923706055,33.5099983215332,21.953367233276367,10914800,0.0,0.0
2016-04-04 00:00:00-04:00,33.470001220703125,33.83000183105469,33.34000015258789,33.689998626708984,22.071290969848633,6145000,0.0,0.0
2016-04-05 00:00:00-04:00,33.31999969482422,33.459999084472656,33.0099983215332,33.060001373291016,21.658559799194336,4378900,0.0,0.0
2016-04-06 00:00:00-04:00,33.13999938964844,33.369998931884766,32.97999954223633,33.130001068115234,21.704425811767578,7954500,0.0,0.0
2016-04-07 00:00:00-04:00,32.779998779296875,32.9900016784668,32.220001220703125,32.439998626708984,21.252378463745117,6992800,0.0,0.0
2016-04-08 00:00:00-04:00,32.72999954223633,33.09000015258789,32.400001525878906,32.4900016784668,21.28514289855957,5547400,0.0,0.0
2016-04-11 00:00:00-04:00,32.709999084472656,33.11000061035156,32.59000015258789,32.619998931884766,21.370302200317383,5067500,0.0,0.0
2016-04-12 00:00:00-04:00,32.70000076293945,33.150001525878906,32.560001373291016,33.04999923706055,21.652009963989258,4104600,0.0,0.0
2016-04-13 00:00:00-04:00,33.40999984741211,34.220001220703125,33.33000183105469,34.209999084472656,22.411949157714844,5727400,0.0,0.0
2016-04-14 00:00:00-04:00,34.130001068115234,34.84000015258789,34.0,34.5,22.601945877075195,4531200,0.0,0.0
2016-04-15 00:00:00-04:00,34.529998779296875,34.61000061035156,34.0,34.029998779296875,22.294036865234375,5637400,0.0,0.0
2016-04-18 00:00:00-04:00,33.9900016784668,34.400001525878906,33.81999969482422,34.25,22.43816375732422,5839000,0.0,0.0
2016-04-19 00:00:00-04:00,34.34000015258789,34.79999923706055,34.22999954223633,34.709999084472656,22.739526748657227,5242100,0.0,0.0
2016-04-20 00:00:00-04:00,34.869998931884766,35.22999954223633,34.68000030517578,35.209999084472656,23.067092895507812,5026000,0.0,0.0
2016-04-21 00:00:00-04:00,35.25,35.63999938964844,34.939998626708984,35.13999938964844,23.02123260498047,9351400,0.0,0.0
2016-04-22 00:00:00-04:00,35.36000061035156,35.900001525878906,35.2599983215332,35.83000183105469,23.4732723236084,6365200,0.0,0.0
2016-04-25 00:00:00-04:00,35.540000915527344,35.7599983215332,35.2400016784668,35.459999084472656,23.230867385864258,4223100,0.0,0.0
2016-04-26 00:00:00-04:00,35.59000015258789,36.220001220703125,35.470001220703125,36.15999984741211,23.68946647644043,6066800,0.0,0.0
2016-04-27 00:00:00-04:00,36.16999816894531,36.5,35.86000061035156,36.150001525878906,23.68290901184082,5775400,0.0,0.0
2016-04-28 00:00:00-04:00,35.790000915527344,36.11000061035156,35.470001220703125,35.599998474121094,23.32259178161621,3597500,0.0,0.0
2016-04-29 00:00:00-04:00,35.349998474121094,35.650001525878906,35.099998474121094,35.380001068115234,23.178466796875,4149100,0.0,0.0
2016-05-02 00:00:00-04:00,35.400001525878906,35.58000183105469,35.08000183105469,35.40999984741211,23.198110580444336,3894400,0.0,0.0
2016-05-03 00:00:00-04:00,34.95000076293945,35.150001525878906,34.630001068115234,34.83000183105469,22.81814193725586,4579900,0.0,0.0
2016-05-04 00:00:00-04:00,34.5,34.66999816894531,33.79999923706055,34.11000061035156,22.346446990966797,4815400,0.0,0.0
2016-05-05 00:00:00-04:00,34.099998474121094,34.2599983215332,33.880001068115234,34.0,22.27437973022461,3100300,0.0,0.0
2016-05-06 00:00:00-04:00,33.72999954223633,34.060001373291016,33.65999984741211,34.02000045776367,22.287477493286133,2682000,0.0,0.0
2016-05-09 00:00:00-04:00,33.720001220703125,34.04999923706055,33.5099983215332,33.72999954223633,22.097503662109375,3123400,0.0,0.0
2016-05-10 00:00:00-04:00,34.060001373291016,34.47999954223633,33.91999816894531,34.380001068115234,22.523334503173828,3524800,0.0,0.0
2016-05-11 00:00:00-04:00,34.0099983215332,34.290000915527344,33.790000915527344,33.93000030517578,22.411043167114258,3059300,0.28,0.0
2016-05-12 00:00:00-04:00,34.06999969482422,34.27000045776367,33.560001373291016,33.72999954223633,22.278940200805664,3592500,0.0,0.0
2016-05-13 00:00:00-04:00,33.66999816894531,33.970001220703125,33.0099983215332,33.119998931884766,21.876033782958984,4181900,0.0,0.0
2016-05-16 00:00:00-04:00,33.349998474121094,33.66999816894531,33.119998931884766,33.529998779296875,22.1468448638916,5292200,0.0,0.0
2016-05-17 00:00:00-04:00,33.38999938964844,33.97999954223633,33.2400016784668,33.619998931884766,22.206289291381836,6278300,0.0,0.0
2016-05-18 00:00:00-04:00,33.599998474121094,34.93000030517578,33.58000183105469,34.81999969482422,22.998899459838867,8434200,0.0,0.0
2016-05-19 00:00:00-04:00,34.650001525878906,35.150001525878906,34.56999969482422,35.0099983215332,23.124391555786133,7800500,0.0,0.0
2016-05-20 00:00:00-04:00,35.119998931884766,35.41999816894531,34.9900016784668,35.08000183105469,23.170629501342773,3800300,0.0,0.0
2016-05-23 00:00:00-04:00,35.04999923706055,35.2599983215332,34.709999084472656,34.97999954223633,23.104581832885742,3915300,0.0,0.0
2016-05-24 00:00:00-04:00,35.2400016784668,35.709999084472656,35.13999938964844,35.540000915527344,23.474464416503906,3329200,0.0,0.0
2016-05-25 00:00:00-04:00,35.81999969482422,36.54999923706055,35.79999923706055,36.369998931884766,24.022693634033203,5719100,0.0,0.0
2016-05-26 00:00:00-04:00,36.310001373291016,36.34000015258789,35.86000061035156,36.130001068115234,23.864166259765625,3228500,0.0,0.0
2016-05-27 00:00:00-04:00,36.189998626708984,36.36000061035156,36.0099983215332,36.349998474121094,24.00947380065918,3109300,0.0,0.0
2016-05-31 00:00:00-04:00,36.59000015258789,36.630001068115234,36.16999816894531,36.369998931884766,24.022693634033203,4808300,0.0,0.0
2016-06-01 00:00:00-04:00,36.0,36.72999954223633,35.720001220703125,36.66999816894531,24.220844268798828,4486100,0.0,0.0
2016-06-02 00:00:00-04:00,36.56999969482422,36.95000076293945,36.400001525878906,36.93000030517578,24.39257049560547,3627500,0.0,0.0
2016-06-03 00:00:00-04:00,36.2400016784668,36.52000045776367,35.61000061035156,36.369998931884766,24.022693634033203,5551100,0.0,0.0
2016-06-06 00:00:00-04:00,36.43000030517578,37.02000045776367,36.189998626708984,36.779998779296875,24.293495178222656,3442800,0.0,0.0
2016-06-07 00:00:00-04:00,36.790000915527344,36.88999938964844,36.599998474121094,36.619998931884766,24.187808990478516,3992300,0.0,0.0
2016-06-08 00:00:00-04:00,36.540000915527344,36.790000915527344,36.459999084472656,36.61000061035156,24.18120765686035,2847300,0.0,0.0
2016-06-09 00:00:00-04:00,36.349998474121094,36.369998931884766,35.900001525878906,36.18000030517578,23.897188186645508,2755500,0.0,0.0
2016-06-10 00:00:00-04:00,35.790000915527344,35.970001220703125,35.56999969482422,35.91999816894531,23.72545623779297,3397500,0.0,0.0
2016-06-13 00:00:00-04:00,35.77000045776367,36.349998474121094,35.68000030517578,35.77000045776367,23.626384735107422,4255900,0.0,0.0
2016-06-14 00:00:00-04:00,35.650001525878906,35.97999954223633,35.220001220703125,35.380001068115234,23.36878776550293,6560200,0.0,0.0
2016-06-15 00:00:00-04:00,35.45000076293945,36.130001068115234,35.31999969482422,35.56999969482422,23.494279861450195,4818800,0.0,0.0
2016-06-16 00:00:00-04:00,35.220001220703125,35.599998474121094,34.9900016784668,35.560001373291016,23.487672805786133,4500800,0.0,0.0
2016-06-17 00:00:00-04:00,35.560001373291016,36.0,35.33000183105469,35.75,23.613170623779297,7257300,0.0,0.0
2016-06-20 00:00:00-04:00,36.33000183105469,36.7599983215332,35.720001220703125,35.7599983215332,23.61977195739746,5197400,0.0,0.0
2016-06-21 00:00:00-04:00,35.869998931884766,36.060001373291016,35.540000915527344,35.9900016784668,23.77169418334961,3597600,0.0,0.0
2016-06-22 00:00:00-04:00,36.040000915527344,36.4900016784668,35.939998626708984,35.97999954223633,23.76508331298828,3446100,0.0,0.0
2016-06-23 00:00:00-04:00,36.369998931884766,36.95000076293945,36.369998931884766,36.95000076293945,24.40577507019043,4210400,0.0,0.0
2016-06-24 00:00:00-04:00,35.189998626708984,35.70000076293945,34.5099983215332,34.52000045776367,22.800743103027344,8059500,0.0,0.0
2016-06-27 00:00:00-04:00,33.97999954223633,34.0099983215332,32.849998474121094,33.04999923706055,21.82979965209961,5837900,0.0,0.0
2016-06-28 00:00:00-04:00,33.58000183105469,34.150001525878906,33.310001373291016,34.119998931884766,22.536542892456055,6794300,0.0,0.0
2016-06-29 00:00:00-04:00,34.25,34.709999084472656,34.04999923706055,34.68000030517578,22.906423568725586,6256800,0.0,0.0
2016-06-30 00:00:00-04:00,34.9900016784668,35.619998931884766,34.459999084472656,35.61000061035156,23.52069854736328,6451200,0.0,0.0
2016-07-01 00:00:00-04:00,35.61000061035156,35.61000061035156,35.11000061035156,35.27000045776367,23.29612922668457,4442300,0.0,0.0
2016-07-05 00:00:00-04:00,34.900001525878906,34.959999084472656,34.06999969482422,34.220001220703125,22.602590560913086,4214400,0.0,0.0
2016-07-06 00:00:00-04:00,33.90999984741211,34.5,33.720001220703125,34.459999084472656,22.76111602783203,3509200,0.0,0.0
2016-07-07 00:00:00-04:00,34.459999084472656,35.06999969482422,34.40999984741211,34.77000045776367,22.96587562561035,3763900,0.0,0.0
2016-07-08 00:00:00-04:00,35.33000183105469,35.59000015258789,35.150001525878906,35.220001220703125,23.263105392456055,3648600,0.0,0.0
2016-07-11 00:00:00-04:00,35.310001373291016,35.630001068115234,35.25,35.380001068115234,23.36878776550293,3766000,0.0,0.0
2016-07-12 00:00:00-04:00,35.7599983215332,36.09000015258789,35.689998626708984,36.02000045776367,23.791501998901367,3380300,0.0,0.0
2016-07-13 00:00:00-04:00,35.970001220703125,36.040000915527344,35.619998931884766,35.900001525878906,23.712247848510742,4299800,0.0,0.0
2016-07-14 00:00:00-04:00,36.630001068115234,36.779998779296875,36.34000015258789,36.66999816894531,24.220844268798828,4725100,0.0,0.0
2016-07-15 00:00:00-04:00,36.959999084472656,36.970001220703125,36.47999954223633,36.77000045776367,24.286890029907227,4390400,0.0,0.0
2016-07-18 00:00:00-04:00,36.68000030517578,36.93000030517578,36.599998474121094,36.68000030517578,24.227441787719727,2347400,0.0,0.0
2016-07-19 00:00:00-04:00,36.43000030517578,36.7599983215332,36.369998931884766,36.619998931884766,24.187808990478516,2930400,0.0,0.0
2016-07-20 00:00:00-04:00,36.84000015258789,36.869998931884766,36.41999816894531,36.439998626708984,24.06892204284668,5104200,0.0,0.0
2016-07-21 00:00:00-04:00,36.869998931884766,36.900001525878906,36.38999938964844,36.59000015258789,24.16799545288086,5148000,0.0,0.0
2016-07-22 00:00:00-04:00,36.529998779296875,36.880001068115234,36.189998626708984,36.880001068115234,24.359540939331055,4436700,0.0,0.0
2016-07-25 00:00:00-04:00,36.79999923706055,36.95000076293945,36.650001525878906,36.790000915527344,24.30010414123535,3333700,0.0,0.0
2016-07-26 00:00:00-04:00,36.7400016784668,36.9900016784668,36.689998626708984,36.9900016784668,24.432207107543945,2689100,0.0,0.0
2016-07-27 00:00:00-04:00,37.0,37.31999969482422,36.849998474121094,36.95000076293945,24.40577507019043,3524500,0.0,0.0
2016-07-28 00:00:00-04:00,36.869998931884766,37.189998626708984,36.599998474121094,37.11000061035156,24.511472702026367,4059200,0.0,0.0
2016-07-29 00:00:00-04:00,36.959999084472656,37.130001068115234,36.81999969482422,36.869998931884766,24.352943420410156,3614200,0.0,0.0
2016-08-01 00:00:00-04:00,36.959999084472656,37.06999969482422,36.61000061035156,36.66999816894531,24.220844268798828,2620300,0.0,0.0
2016-08-02 00:00:00-04:00,36.5099983215332,36.66999816894531,36.209999084472656,36.380001068115234,24.029298782348633,3083100,0.0,0.0
2016-08-03 00:00:00-04:00,36.47999954223633,37.150001525878906,36.45000076293945,37.13999938964844,24.531272888183594,3977100,0.0,0.0
2016-08-04 00:00:00-04:00,37.040000915527344,37.36000061035156,36.970001220703125,36.970001220703125,24.41899299621582,3559600,0.0,0.0
2016-08-05 00:00:00-04:00,37.38999938964844,38.060001373291016,37.34000015258789,38.060001373291016,25.13894271850586,4946900,0.0,0.0
2016-08-08 00:00:00-04:00,38.099998474121094,38.31999969482422,37.91999816894531,38.0,25.099306106567383,3009800,0.0,0.0
2016-08-09 00:00:00-04:00,37.970001220703125,38.150001525878906,37.900001525878906,38.0,25.099306106567383,3366400,0.0,0.0
2016-08-10 00:00:00-04:00,37.72999954223633,37.790000915527344,37.099998474121094,37.130001068115234,24.71982765197754,3876000,0.3,0.0
2016-08-11 00:00:00-04:00,37.2599983215332,37.400001525878906,37.08000183105469,37.189998626708984,24.759775161743164,3987200,0.0,0.0
2016-08-12 00:00:00-04:00,36.88999938964844,37.029998779296875,36.75,37.0099983215332,24.639936447143555,2936600,0.0,0.0
2016-08-15 00:00:00-04:00,37.189998626708984,37.619998931884766,37.16999816894531,37.529998779296875,24.98613166809082,2339400,0.0,0.0
2016-08-16 00:00:00-04:00,37.459999084472656,37.61000061035156,37.33000183105469,37.5,24.966157913208008,2421900,0.0,0.0
2016-08-17 00:00:00-04:00,37.47999954223633,37.779998779296875,37.400001525878906,37.66999816894531,25.079343795776367,2808000,0.0,0.0
2016-08-18 00:00:00-04:00,37.59000015258789,37.77000045776367,37.4900016784668,37.75,25.132604598999023,1923100,0.0,0.0
2016-08-19 00:00:00-04:00,37.63999938964844,37.84000015258789,37.470001220703125,37.79999923706055,25.1658935546875,2165600,0.0,0.0
2016-08-22 00:00:00-04:00,37.77000045776367,37.880001068115234,37.630001068115234,37.790000915527344,25.15923500061035,2033200,0.0,0.0
2016-08-23 00:00:00-04:00,37.97999954223633,38.040000915527344,37.849998474121094,37.86000061035156,25.20583724975586,2164500,0.0,0.0
2016-08-24 00:00:00-04:00,37.93000030517578,38.029998779296875,37.68000030517578,37.77000045776367,25.145917892456055,1874300,0.0,0.0
2016-08-25 00:00:00-04:00,37.79999923706055,37.95000076293945,37.68000030517578,37.90999984741211,25.2391300201416,2442000,0.0,0.0
2016-08-26 00:00:00-04:00,38.04999923706055,38.27000045776367,37.709999084472656,37.9900016784668,25.292388916015625,4754500,0.0,0.0
2016-08-29 00:00:00-04:00,38.11000061035156,38.279998779296875,37.869998931884766,38.09000015258789,25.358959197998047,3373200,0.0,0.0
2016-08-30 00:00:00-04:00,38.189998626708984,38.34000015258789,38.06999969482422,38.33000183105469,25.518754959106445,2919500,0.0,0.0
2016-08-31 00:00:00-04:00,38.41999816894531,38.5099983215332,38.04999923706055,38.5,25.631919860839844,4281100,0.0,0.0
2016-09-01 00:00:00-04:00,38.599998474121094,38.650001525878906,37.970001220703125,38.31999969482422,25.512088775634766,3889900,0.0,0.0
2016-09-02 00:00:00-04:00,38.16999816894531,38.54999923706055,38.16999816894531,38.4900016784668,25.625263214111328,3003200,0.0,0.0
2016-09-06 00:00:00-04:00,38.38999938964844,38.47999954223633,37.779998779296875,37.849998474121094,25.19917869567871,4288400,0.0,0.0
2016-09-07 00:00:00-04:00,37.77000045776367,37.91999816894531,37.61000061035156,37.86000061035156,25.20583724975586,8663400,0.0,0.0
2016-09-08 00:00:00-04:00,37.91999816894531,38.27000045776367,37.77000045776367,38.22999954223633,25.452167510986328,4240900,0.0,0.0
2016-09-09 00:00:00-04:00,38.15999984741211,38.470001220703125,38.08000183105469,38.20000076293945,25.43219757080078,7638500,0.0,0.0
2016-09-12 00:00:00-04:00,38.09000015258789,38.810001373291016,37.91999816894531,38.709999084472656,25.7717342376709,7196400,0.0,0.0
2016-09-13 00:00:00-04:00,38.2400016784668,38.38999938964844,37.4900016784668,37.77000045776367,25.145917892456055,6176200,0.0,0.0
2016-09-14 00:00:00-04:00,37.72999954223633,37.84000015258789,37.369998931884766,37.43000030517578,24.919559478759766,3954800,0.0,0.0
2016-09-15 00:00:00-04:00,37.27000045776367,38.18000030517578,37.150001525878906,38.11000061035156,25.372282028198242,5070500,0.0,0.0
2016-09-16 00:00:00-04:00,37.84000015258789,37.95000076293945,37.599998474121094,37.84000015258789,25.192514419555664,5540700,0.0,0.0
2016-09-19 00:00:00-04:00,38.09000015258789,38.380001068115234,37.91999816894531,38.08000183105469,25.35230255126953,3184800,0.0,0.0
2016-09-20 00:00:00-04:00,38.380001068115234,38.38999938964844,37.88999938964844,37.95000076293945,25.265748977661133,3043300,0.0,0.0
2016-09-21 00:00:00-04:00,38.20000076293945,38.45000076293945,37.91999816894531,38.27000045776367,25.478801727294922,4215900,0.0,0.0
2016-09-22 00:00:00-04:00,38.43000030517578,38.47999954223633,38.02000045776367,38.13999938964844,25.392253875732422,4892600,0.0,0.0
2016-09-23 00:00:00-04:00,38.029998779296875,38.40999984741211,37.869998931884766,37.869998931884766,25.212488174438477,6215300,0.0,0.0
2016-09-26 00:00:00-04:00,37.56999969482422,37.66999816894531,36.9900016784668,37.029998779296875,24.653249740600586,5744300,0.0,0.0
2016-09-27 00:00:00-04:00,36.93000030517578,37.439998626708984,36.79999923706055,37.400001525878906,24.89958381652832,4250900,0.0,0.0
2016-09-28 00:00:00-04:00,37.45000076293945,37.66999816894531,37.25,37.650001525878906,25.066030502319336,3133900,0.0,0.0
2016-09-29 00:00:00-04:00,37.5099983215332,37.9900016784668,37.130001068115234,37.279998779296875,24.8196964263916,4157400,0.0,0.0
2016-09-30 00:00:00-04:00,37.540000915527344,37.900001525878906,37.34000015258789,37.720001220703125,25.112632751464844,4264500,0.0,0.0
2016-10-03 00:00:00-04:00,37.58000183105469,37.84000015258789,37.439998626708984,37.61000061035156,25.03940200805664,2513600,0.0,0.0
2016-10-04 00:00:00-04:00,37.720001220703125,38.349998474121094,37.41999816894531,38.279998779296875,25.48545265197754,10280200,0.0,0.0
2016-10-05 00:00:00-04:00,38.5,38.9900016784668,38.380001068115234,38.84000015258789,25.858285903930664,6977400,0.0,0.0
2016-10-06 00:00:00-04:00,38.880001068115234,39.0099983215332,38.599998474121094,38.959999084472656,25.93817710876465,3793900,0.0,0.0
2016-10-07 00:00:00-04:00,38.939998626708984,39.04999923706055,38.4900016784668,38.88999938964844,25.89157485961914,3702300,0.0,0.0
2016-10-10 00:00:00-04:00,39.22999954223633,39.2599983215332,39.02000045776367,39.189998626708984,26.091306686401367,3282200,0.0,0.0
2016-10-11 00:00:00-04:00,39.060001373291016,39.41999816894531,38.65999984741211,38.75,25.798370361328125,7485200,0.0,0.0
2016-10-12 00:00:00-04:00,38.790000915527344,39.0,38.65999984741211,38.709999084472656,25.7717342376709,4066900,0.0,0.0
2016-10-13 00:00:00-04:00,38.33000183105469,38.34000015258789,37.54999923706055,37.869998931884766,25.212488174438477,4525400,0.0,0.0
2016-10-14 00:00:00-04:00,38.400001525878906,38.47999954223633,37.63999938964844,37.88999938964844,25.225814819335938,7965900,0.0,0.0
2016-10-17 00:00:00-04:00,37.95000076293945,38.029998779296875,37.400001525878906,37.43000030517578,24.919559478759766,4684500,0.0,0.0
2016-10-18 00:00:00-04:00,37.790000915527344,37.970001220703125,37.45000076293945,37.88999938964844,25.225814819335938,4850500,0.0,0.0
2016-10-19 00:00:00-04:00,38.31999969482422,38.970001220703125,37.61000061035156,38.77000045776367,25.811683654785156,9843000,0.0,0.0
2016-10-20 00:00:00-04:00,38.880001068115234,39.189998626708984,38.5,38.959999084472656,25.93817710876465,7822300,0.0,0.0
2016-10-21 00:00:00-04:00,38.61000061035156,38.93000030517578,38.4900016784668,38.79999923706055,25.831663131713867,5636300,0.0,0.0
2016-10-24 00:00:00-04:00,39.029998779296875,39.18000030517578,38.90999984741211,38.91999816894531,25.91155242919922,4018700,0.0,0.0
2016-10-25 00:00:00-04:00,38.84000015258789,39.119998931884766,38.7400016784668,38.880001068115234,25.884920120239258,3450300,0.0,0.0
2016-10-26 00:00:00-04:00,38.7599983215332,39.209999084472656,38.709999084472656,39.060001373291016,26.004751205444336,4143300,0.0,0.0
2016-10-27 00:00:00-04:00,39.290000915527344,39.630001068115234,39.18000030517578,39.33000183105469,26.18450927734375,4423600,0.0,0.0
2016-10-28 00:00:00-04:00,39.38999938964844,39.43000030517578,38.88999938964844,39.150001525878906,26.064672470092773,5242700,0.0,0.0
2016-10-31 00:00:00-04:00,39.310001373291016,39.4900016784668,39.189998626708984,39.20000076293945,26.09796714782715,3511500,0.0,0.0
2016-11-01 00:00:00-04:00,39.29999923706055,39.43000030517578,38.68000030517578,39.029998779296875,25.984777450561523,5341300,0.0,0.0
2016-11-02 00:00:00-04:00,38.81999969482422,38.90999984741211,38.43000030517578,38.619998931884766,25.711816787719727,5572800,0.0,0.0
2016-11-03 00:00:00-04:00,38.720001220703125,38.97999954223633,38.43000030517578,38.5099983215332,25.638586044311523,5870700,0.0,0.0
2016-11-04 00:00:00-04:00,38.56999969482422,38.709999084472656,38.22999954223633,38.25,25.465490341186523,4514600,0.0,0.0
2016-11-07 00:00:00-05:00,39.0,39.34000015258789,38.880001068115234,39.34000015258789,26.19117546081543,5678000,0.0,0.0
2016-11-08 00:00:00-05:00,39.02000045776367,39.09000015258789,38.70000076293945,38.880001068115234,26.083833694458008,5386400,0.3,0.0
2016-11-09 00:00:00-05:00,39.470001220703125,40.88999938964844,39.2400016784668,40.61000061035156,27.24444580078125,10663800,0.0,0.0
2016-11-10 00:00:00-05:00,41.150001525878906,42.119998931884766,41.08000183105469,41.41999816894531,27.787858963012695,14267600,0.0,0.0
2016-11-11 00:00:00-05:00,41.31999969482422,42.0,41.25,41.849998474121094,28.076337814331055,10197300,0.0,0.0
2016-11-14 00:00:00-05:00,42.0,43.20000076293945,41.959999084472656,42.849998474121094,28.747220993041992,9672100,0.0,0.0
2016-11-15 00:00:00-05:00,42.439998626708984,42.97999954223633,41.95000076293945,42.97999954223633,28.834440231323242,8574200,0.0,0.0
2016-11-16 00:00:00-05:00,41.599998474121094,43.15999984741211,41.599998474121094,42.81999969482422,28.727094650268555,9903100,0.0,0.0
2016-11-17 00:00:00-05:00,42.90999984741211,44.11000061035156,42.84000015258789,44.0099983215332,29.52543830871582,9424900,0.0,0.0
2016-11-18 00:00:00-05:00,44.0,44.54999923706055,43.810001373291016,44.4900016784668,29.84747314453125,7578100,0.0,0.0
2016-11-21 00:00:00-05:00,44.599998474121094,44.72999954223633,44.29999923706055,44.619998931884766,29.93468475341797,5704900,0.0,0.0
2016-11-22 00:00:00-05:00,44.70000076293945,44.880001068115234,44.189998626708984,44.5,29.854162216186523,6328800,0.0,0.0
2016-11-23 00:00:00-05:00,44.61000061035156,44.86000061035156,44.380001068115234,44.61000061035156,29.9279727935791,4201100,0.0,0.0
2016-11-25 00:00:00-05:00,44.61000061035156,44.720001220703125,44.5099983215332,44.650001525878906,29.95479965209961,1936200,0.0,0.0
2016-11-28 00:00:00-05:00,44.380001068115234,44.56999969482422,43.9900016784668,44.040000915527344,29.545574188232422,4308200,0.0,0.0
2016-11-29 00:00:00-05:00,44.13999938964844,44.33000183105469,43.9900016784668,44.150001525878906,29.619361877441406,3170500,0.0,0.0
2016-11-30 00:00:00-05:00,44.599998474121094,45.310001373291016,44.59000015258789,45.25,30.35733985900879,6956900,0.0,0.0
2016-12-01 00:00:00-05:00,45.34000015258789,46.150001525878906,45.119998931884766,45.84000015258789,30.753154754638672,7133000,0.0,0.0
2016-12-02 00:00:00-05:00,45.75,45.7599983215332,45.040000915527344,45.209999084472656,30.33050537109375,4719000,0.0,0.0
2016-12-05 00:00:00-05:00,45.65999984741211,45.84000015258789,45.400001525878906,45.529998779296875,30.54517936706543,5334700,0.0,0.0
2016-12-06 00:00:00-05:00,45.7599983215332,46.029998779296875,45.4900016784668,46.0,30.860496520996094,4213900,0.0,0.0
2016-12-07 00:00:00-05:00,46.0,46.540000915527344,45.709999084472656,46.4900016784668,31.189224243164062,4449900,0.0,0.0
2016-12-08 00:00:00-05:00,46.650001525878906,47.29999923706055,46.619998931884766,46.97999954223633,31.5179500579834,5620400,0.0,0.0
2016-12-09 00:00:00-05:00,46.86000061035156,47.25,46.349998474121094,47.25,31.699094772338867,5052100,0.0,0.0
2016-12-12 00:00:00-05:00,46.97999954223633,47.619998931884766,46.7400016784668,46.869998931884766,31.444162368774414,4758700,0.0,0.0
2016-12-13 00:00:00-05:00,47.08000183105469,47.290000915527344,46.709999084472656,47.060001373291016,31.571632385253906,3967700,0.0,0.0
2016-12-14 00:00:00-05:00,46.59000015258789,47.470001220703125,46.369998931884766,46.779998779296875,31.3837833404541,7596300,0.0,0.0
2016-12-15 00:00:00-05:00,47.0099983215332,47.369998931884766,46.619998931884766,46.959999084472656,31.50453758239746,4495700,0.0,0.0
2016-12-16 00:00:00-05:00,47.189998626708984,47.31999969482422,46.540000915527344,46.59000015258789,31.25630760192871,5081800,0.0,0.0
2016-12-19 00:00:00-05:00,46.63999938964844,46.880001068115234,46.40999984741211,46.86000061035156,31.437450408935547,2754700,0.0,0.0
2016-12-20 00:00:00-05:00,47.13999938964844,47.650001525878906,47.060001373291016,47.650001525878906,31.967445373535156,3107400,0.0,0.0
2016-12-21 00:00:00-05:00,47.79999923706055,47.849998474121094,47.20000076293945,47.400001525878906,31.799718856811523,3552900,0.0,0.0
2016-12-22 00:00:00-05:00,47.33000183105469,47.45000076293945,47.04999923706055,47.310001373291016,31.739349365234375,3573100,0.0,0.0
2016-12-23 00:00:00-05:00,47.38999938964844,47.560001373291016,47.189998626708984,47.540000915527344,31.89365005493164,2635100,0.0,0.0
2016-12-27 00:00:00-05:00,47.58000183105469,47.7599983215332,47.5099983215332,47.709999084472656,32.00770568847656,1869200,0.0,0.0
2016-12-28 00:00:00-05:00,47.72999954223633,47.7599983215332,47.11000061035156,47.20000076293945,31.66555404663086,2716000,0.0,0.0
2016-12-29 00:00:00-05:00,47.220001220703125,47.27000045776367,46.540000915527344,46.720001220703125,31.34352684020996,2811500,0.0,0.0
2016-12-30 00:00:00-05:00,46.95000076293945,47.130001068115234,46.720001220703125,47.02000045776367,31.544801712036133,3467500,0.0,0.0
2017-01-03 00:00:00-05:00,47.45000076293945,47.63999938964844,46.689998626708984,46.97999954223633,31.5179500579834,5674200,0.0,0.0
2017-01-04 00:00:00-05:00,47.08000183105469,47.41999816894531,47.0,47.34000015258789,31.75947380065918,4539800,0.0,0.0
2017-01-05 00:00:00-05:00,47.150001525878906,47.400001525878906,46.529998779296875,46.72999954223633,31.350238800048828,3619500,0.0,0.0
2017-01-06 00:00:00-05:00,46.95000076293945,47.13999938964844,46.65999984741211,47.040000915527344,31.558208465576172,3374500,0.0,0.0
2017-01-09 00:00:00-05:00,46.849998474121094,47.04999923706055,46.5099983215332,46.72999954223633,31.350238800048828,3289100,0.0,0.0
2017-01-10 00:00:00-05:00,46.77000045776367,47.13999938964844,46.5099983215332,46.65999984741211,31.303287506103516,4964300,0.0,0.0
2017-01-11 00:00:00-05:00,46.5,46.790000915527344,46.369998931884766,46.77000045776367,31.377071380615234,9262600,0.0,0.0
2017-01-12 00:00:00-05:00,46.599998474121094,46.75,46.130001068115234,46.34000015258789,31.08859634399414,6288700,0.0,0.0
2017-01-13 00:00:00-05:00,46.619998931884766,47.18000030517578,46.40999984741211,46.52000045776367,31.209360122680664,4145500,0.0,0.0
2017-01-17 00:00:00-05:00,46.13999938964844,46.13999938964844,45.41999816894531,45.560001373291016,30.5653133392334,8281700,0.0,0.0
2017-01-18 00:00:00-05:00,45.709999084472656,46.2599983215332,45.290000915527344,46.20000076293945,30.994661331176758,7225700,0.0,0.0
2017-01-19 00:00:00-05:00,46.060001373291016,46.119998931884766,44.810001373291016,45.290000915527344,30.38416862487793,7012100,0.0,0.0
2017-01-20 00:00:00-05:00,45.47999954223633,45.900001525878906,45.2400016784668,45.41999816894531,30.471385955810547,4466700,0.0,0.0
2017-01-23 00:00:00-05:00,45.31999969482422,45.75,45.150001525878906,45.400001525878906,30.45796012878418,4494500,0.0,0.0
2017-01-24 00:00:00-05:00,45.63999938964844,46.2599983215332,45.41999816894531,45.959999084472656,30.833650588989258,5619200,0.0,0.0
2017-01-25 00:00:00-05:00,46.56999969482422,47.02000045776367,46.36000061035156,46.97999954223633,31.5179500579834,4992700,0.0,0.0
2017-01-26 00:00:00-05:00,47.02000045776367,47.34000015258789,46.880001068115234,47.220001220703125,31.67898178100586,4147800,0.0,0.0
2017-01-27 00:00:00-05:00,47.0,47.25,46.849998474121094,46.970001220703125,31.511241912841797,3339300,0.0,0.0
2017-01-30 00:00:00-05:00,46.560001373291016,46.790000915527344,45.9900016784668,46.47999954223633,31.18252182006836,4738400,0.0,0.0
2017-01-31 00:00:00-05:00,46.25,46.619998931884766,45.97999954223633,46.189998626708984,30.987964630126953,4107400,0.0,0.0
2017-02-01 00:00:00-05:00,46.61000061035156,46.880001068115234,45.849998474121094,45.95000076293945,30.826946258544922,5641300,0.0,0.0
2017-02-02 00:00:00-05:00,45.61000061035156,45.95000076293945,45.40999984741211,45.810001373291016,30.733030319213867,3461600,0.0,0.0
2017-02-03 00:00:00-05:00,46.68000030517578,46.84000015258789,46.150001525878906,46.61000061035156,31.269731521606445,5359800,0.0,0.0
2017-02-06 00:00:00-05:00,46.22999954223633,46.72999954223633,46.13999938964844,46.43000030517578,31.148975372314453,3214500,0.0,0.0
2017-02-07 00:00:00-05:00,46.63999938964844,46.66999816894531,46.29999923706055,46.38999938964844,31.122142791748047,3458400,0.0,0.0
2017-02-08 00:00:00-05:00,45.650001525878906,45.88999938964844,45.5,45.790000915527344,30.91956901550293,4193500,0.3,0.0
2017-02-09 00:00:00-05:00,45.97999954223633,46.5,45.75,46.40999984741211,31.338218688964844,3796200,0.0,0.0
2017-02-10 00:00:00-05:00,46.650001525878906,46.75,46.38999938964844,46.630001068115234,31.486772537231445,2814300,0.0,0.0
2017-02-13 00:00:00-05:00,46.75,47.43000030517578,46.75,46.97999954223633,31.723106384277344,6355200,0.0,0.0
2017-02-14 00:00:00-05:00,47.04999923706055,47.93000030517578,46.93000030517578,47.869998931884766,32.32407760620117,4474100,0.0,0.0
2017-02-15 00:00:00-05:00,48.0099983215332,48.36000061035156,47.7599983215332,48.2599983215332,32.58742141723633,4298000,0.0,0.0
2017-02-16 00:00:00-05:00,48.130001068115234,48.25,47.61000061035156,48.0,32.41184997558594,3938300,0.0,0.0
2017-02-17 00:00:00-05:00,47.650001525878906,47.959999084472656,47.40999984741211,47.959999084472656,32.38484573364258,2635800,0.0,0.0
2017-02-21 00:00:00-05:00,48.11000061035156,48.31999969482422,47.7599983215332,47.9900016784668,32.40510559082031,3044400,0.0,0.0
2017-02-22 00:00:00-05:00,47.599998474121094,48.43000030517578,47.54999923706055,48.150001525878906,32.51314926147461,2889400,0.0,0.0
2017-02-23 00:00:00-05:00,48.20000076293945,48.529998779296875,47.72999954223633,48.529998779296875,32.76974105834961,4300800,0.0,0.0
2017-02-24 00:00:00-05:00,48.11000061035156,48.470001220703125,47.880001068115234,48.11000061035156,32.486141204833984,5928700,0.0,0.0
2017-02-27 00:00:00-05:00,48.040000915527344,48.369998931884766,48.0099983215332,48.18000030517578,32.533409118652344,5541200,0.0,0.0
2017-02-28 00:00:00-05:00,47.83000183105469,48.33000183105469,47.81999969482422,48.220001220703125,32.56041717529297,4610600,0.0,0.0
2017-03-01 00:00:00-05:00,49.150001525878906,49.880001068115234,49.099998474121094,49.70000076293945,33.559783935546875,5426600,0.0,0.0
2017-03-02 00:00:00-05:00,49.66999816894531,49.70000076293945,48.529998779296875,48.560001373291016,32.79000473022461,4128500,0.0,0.0
2017-03-03 00:00:00-05:00,48.529998779296875,48.810001373291016,48.47999954223633,48.63999938964844,32.84402084350586,4560100,0.0,0.0
2017-03-06 00:00:00-05:00,48.220001220703125,48.38999938964844,47.91999816894531,48.22999954223633,32.56717300415039,3688200,0.0,0.0
2017-03-07 00:00:00-05:00,48.08000183105469,48.36000061035156,47.900001525878906,47.93000030517578,32.36458969116211,3744500,0.0,0.0
2017-03-08 00:00:00-05:00,48.56999969482422,48.65999984741211,47.939998626708984,48.0,32.41184997558594,4060600,0.0,0.0
2017-03-09 00:00:00-05:00,48.150001525878906,48.61000061035156,47.9900016784668,48.08000183105469,32.46588897705078,4119800,0.0,0.0
2017-03-10 00:00:00-05:00,48.349998474121094,48.43000030517578,47.4900016784668,47.709999084472656,32.216041564941406,4827900,0.0,0.0
2017-03-13 00:00:00-04:00,47.70000076293945,47.93000030517578,47.56999969482422,47.68000030517578,32.19577407836914,3492600,0.0,0.0
2017-03-14 00:00:00-04:00,47.36000061035156,47.61000061035156,47.0099983215332,47.529998779296875,32.0944938659668,3294900,0.0,0.0
2017-03-15 00:00:00-04:00,47.810001373291016,47.970001220703125,46.900001525878906,47.02000045776367,31.750120162963867,5658600,0.0,0.0
2017-03-16 00:00:00-04:00,47.29999923706055,47.63999938964844,47.150001525878906,47.310001373291016,31.94594383239746,5887500,0.0,0.0
2017-03-17 00:00:00-04:00,47.36000061035156,47.47999954223633,46.689998626708984,46.83000183105469,31.6218204498291,7872100,0.0,0.0
2017-03-20 00:00:00-04:00,46.709999084472656,46.779998779296875,46.20000076293945,46.22999954223633,31.216672897338867,4607200,0.0,0.0
2017-03-21 00:00:00-04:00,46.540000915527344,46.599998474121094,43.869998931884766,44.0,29.71087646484375,8864100,0.0,0.0
2017-03-22 00:00:00-04:00,43.77000045776367,44.349998474121094,43.099998474121094,44.09000015258789,29.77164077758789,5919000,0.0,0.0
2017-03-23 00:00:00-04:00,44.02000045776367,44.720001220703125,43.849998474121094,44.31999969482422,29.926944732666016,5540100,0.0,0.0
2017-03-24 00:00:00-04:00,44.52000045776367,44.70000076293945,44.0099983215332,44.40999984741211,29.98772430419922,5079600,0.0,0.0
2017-03-27 00:00:00-04:00,43.2599983215332,44.20000076293945,42.72999954223633,44.16999816894531,29.825672149658203,5833700,0.0,0.0
2017-03-28 00:00:00-04:00,44.0,45.15999984741211,43.83000183105469,44.900001525878906,30.31859588623047,5302100,0.0,0.0
2017-03-29 00:00:00-04:00,44.79999923706055,44.93000030517578,44.31999969482422,44.470001220703125,30.02824592590332,3287700,0.0,0.0
2017-03-30 00:00:00-04:00,44.41999816894531,45.439998626708984,44.31999969482422,45.22999954223633,30.54142189025879,3074300,0.0,0.0
2017-03-31 00:00:00-04:00,45.04999923706055,45.18000030517578,44.689998626708984,44.70000076293945,30.18354606628418,3402100,0.0,0.0
2017-04-03 00:00:00-04:00,44.79999923706055,44.939998626708984,44.099998474121094,44.720001220703125,30.19704818725586,4082400,0.0,0.0
2017-04-04 00:00:00-04:00,44.43000030517578,44.709999084472656,44.36000061035156,44.540000915527344,30.07551383972168,3295400,0.0,0.0
2017-04-05 00:00:00-04:00,45.16999816894531,45.16999816894531,43.939998626708984,43.97999954223633,29.69736671447754,3996300,0.0,0.0
2017-04-06 00:00:00-04:00,43.88999938964844,44.380001068115234,43.619998931884766,44.310001373291016,29.920202255249023,4813700,0.0,0.0
2017-04-07 00:00:00-04:00,43.90999984741211,44.40999984741211,43.83000183105469,44.06999969482422,29.758148193359375,4154300,0.0,0.0
2017-04-10 00:00:00-04:00,44.04999923706055,44.31999969482422,43.63999938964844,43.790000915527344,29.56907081604004,3167700,0.0,0.0
2017-04-11 00:00:00-04:00,43.529998779296875,43.75,43.18000030517578,43.619998931884766,29.45427894592285,5156600,0.0,0.0
2017-04-12 00:00:00-04:00,43.38999938964844,43.65999984741211,43.0,43.22999954223633,29.190929412841797,4253700,0.0,0.0
2017-04-13 00:00:00-04:00,42.97999954223633,43.40999984741211,42.61000061035156,42.619998931884766,28.779037475585938,3727500,0.0,0.0
2017-04-17 00:00:00-04:00,42.70000076293945,43.220001220703125,42.5099983215332,43.150001525878906,29.136913299560547,4802600,0.0,0.0
2017-04-18 00:00:00-04:00,42.77000045776367,43.060001373291016,42.290000915527344,42.56999969482422,28.745267868041992,5436200,0.0,0.0
2017-04-19 00:00:00-04:00,42.93000030517578,43.16999816894531,42.43000030517578,42.630001068115234,28.785781860351562,4659000,0.0,0.0
2017-04-20 00:00:00-04:00,43.060001373291016,43.779998779296875,42.72999954223633,43.66999816894531,29.4880428314209,5573400,0.0,0.0
2017-04-21 00:00:00-04:00,43.459999084472656,43.619998931884766,42.91999816894531,42.93000030517578,28.98835563659668,5561400,0.0,0.0
2017-04-24 00:00:00-04:00,44.119998931884766,44.130001068115234,43.619998931884766,43.72999954223633,29.52855110168457,4976800,0.0,0.0
2017-04-25 00:00:00-04:00,44.06999969482422,44.220001220703125,43.650001525878906,43.650001525878906,29.47453498840332,3892300,0.0,0.0
2017-04-26 00:00:00-04:00,43.61000061035156,44.279998779296875,43.560001373291016,43.83000183105469,29.596088409423828,3958200,0.0,0.0
2017-04-27 00:00:00-04:00,43.880001068115234,43.900001525878906,43.29999923706055,43.58000183105469,29.427270889282227,3815600,0.0,0.0
2017-04-28 00:00:00-04:00,43.52000045776367,43.79999923706055,43.13999938964844,43.18000030517578,29.157163619995117,3812000,0.0,0.0
2017-05-01 00:00:00-04:00,43.45000076293945,43.81999969482422,43.220001220703125,43.58000183105469,29.427270889282227,3643800,0.0,0.0
2017-05-02 00:00:00-04:00,43.59000015258789,43.720001220703125,43.220001220703125,43.470001220703125,29.35298728942871,3779900,0.0,0.0
2017-05-03 00:00:00-04:00,43.27000045776367,44.20000076293945,43.18000030517578,44.150001525878906,29.812150955200195,4462300,0.0,0.0
2017-05-04 00:00:00-04:00,44.540000915527344,44.70000076293945,43.970001220703125,44.060001373291016,29.75139045715332,3991200,0.0,0.0
2017-05-05 00:00:00-04:00,44.16999816894531,44.27000045776367,43.52000045776367,43.72999954223633,29.52855110168457,2801300,0.0,0.0
2017-05-08 00:00:00-04:00,43.720001220703125,43.88999938964844,43.54999923706055,43.7400016784668,29.53531265258789,1844100,0.0,0.0
2017-05-09 00:00:00-04:00,43.83000183105469,44.02000045776367,43.290000915527344,43.470001220703125,29.35298728942871,2970400,0.0,0.0
2017-05-10 00:00:00-04:00,43.02000045776367,43.43000030517578,43.0,43.369998931884766,29.488975524902344,2674500,0.3,0.0
2017-05-11 00:00:00-04:00,43.13999938964844,43.290000915527344,42.63999938964844,43.029998779296875,29.257797241210938,3753100,0.0,0.0
2017-05-12 00:00:00-04:00,42.7400016784668,43.02000045776367,42.43000030517578,43.0099983215332,29.244197845458984,3714000,0.0,0.0
2017-05-15 00:00:00-04:00,43.119998931884766,43.45000076293945,43.06999969482422,43.369998931884766,29.488975524902344,2544200,0.0,0.0
2017-05-16 00:00:00-04:00,43.470001220703125,43.790000915527344,43.29999923706055,43.72999954223633,29.733755111694336,2921700,0.0,0.0
2017-05-17 00:00:00-04:00,43.72999954223633,43.72999954223633,41.75,42.0099983215332,28.564268112182617,5761900,0.0,0.0
2017-05-18 00:00:00-04:00,41.97999954223633,42.43000030517578,41.869998931884766,42.130001068115234,28.645856857299805,3664200,0.0,0.0
2017-05-19 00:00:00-04:00,42.2400016784668,42.61000061035156,42.130001068115234,42.25,28.727445602416992,3594600,0.0,0.0
2017-05-22 00:00:00-04:00,42.40999984741211,42.650001525878906,42.09000015258789,42.400001525878906,28.829442977905273,3051200,0.0,0.0
2017-05-23 00:00:00-04:00,42.43000030517578,43.25,42.31999969482422,43.029998779296875,29.257797241210938,2676200,0.0,0.0
2017-05-24 00:00:00-04:00,43.209999084472656,43.209999084472656,42.38999938964844,42.54999923706055,28.931425094604492,3219500,0.0,0.0
2017-05-25 00:00:00-04:00,42.650001525878906,42.93000030517578,42.459999084472656,42.630001068115234,28.985822677612305,2546600,0.0,0.0
2017-05-26 00:00:00-04:00,42.58000183105469,42.709999084472656,42.43000030517578,42.560001373291016,28.938230514526367,1671200,0.0,0.0
2017-05-30 00:00:00-04:00,42.2599983215332,42.38999938964844,41.72999954223633,42.06999969482422,28.605060577392578,2558800,0.0,0.0
2017-05-31 00:00:00-04:00,42.11000061035156,42.150001525878906,41.16999816894531,41.650001525878906,28.319496154785156,4898200,0.0,0.0
2017-06-01 00:00:00-04:00,41.880001068115234,42.439998626708984,41.459999084472656,42.41999816894531,28.843034744262695,3639600,0.0,0.0
2017-06-02 00:00:00-04:00,42.09000015258789,42.5,41.810001373291016,42.15999984741211,28.6662540435791,5191500,0.0,0.0
2017-06-05 00:00:00-04:00,42.15999984741211,42.630001068115234,42.08000183105469,42.25,28.727445602416992,3896700,0.0,0.0
2017-06-06 00:00:00-04:00,41.900001525878906,42.18000030517578,41.689998626708984,41.939998626708984,28.51666259765625,3785300,0.0,0.0
2017-06-07 00:00:00-04:00,42.060001373291016,42.400001525878906,41.970001220703125,42.2599983215332,28.73423957824707,5977700,0.0,0.0
2017-06-08 00:00:00-04:00,42.2599983215332,43.869998931884766,42.220001220703125,43.380001068115234,29.495765686035156,6902700,0.0,0.0
2017-06-09 00:00:00-04:00,43.65999984741211,44.209999084472656,43.619998931884766,44.11000061035156,29.99213981628418,5840200,0.0,0.0
2017-06-12 00:00:00-04:00,44.20000076293945,44.689998626708984,44.09000015258789,44.09000015258789,29.978532791137695,3675000,0.0,0.0
2017-06-13 00:00:00-04:00,44.38999938964844,44.56999969482422,44.150001525878906,44.290000915527344,30.11452865600586,3233400,0.0,0.0
2017-06-14 00:00:00-04:00,43.869998931884766,44.560001373291016,43.560001373291016,44.529998779296875,30.277706146240234,3555900,0.0,0.0
2017-06-15 00:00:00-04:00,44.290000915527344,44.7400016784668,44.22999954223633,44.40999984741211,30.19611930847168,3167300,0.0,0.0
2017-06-16 00:00:00-04:00,44.45000076293945,44.5099983215332,44.099998474121094,44.33000183105469,30.141719818115234,4158600,0.0,0.0
2017-06-19 00:00:00-04:00,44.52000045776367,44.810001373291016,44.2599983215332,44.369998931884766,30.168914794921875,2690800,0.0,0.0
2017-06-20 00:00:00-04:00,44.22999954223633,44.2599983215332,43.880001068115234,43.95000076293945,29.88334846496582,3359900,0.0,0.0
2017-06-21 00:00:00-04:00,43.959999084472656,44.0099983215332,43.540000915527344,43.650001525878906,29.679363250732422,2628600,0.0,0.0
2017-06-22 00:00:00-04:00,43.52000045776367,43.630001068115234,43.209999084472656,43.34000015258789,29.46858787536621,3216900,0.0,0.0
2017-06-23 00:00:00-04:00,43.54999923706055,43.75,43.0,43.16999816894531,29.352996826171875,4055500,0.0,0.0
2017-06-26 00:00:00-04:00,43.27000045776367,43.790000915527344,43.11000061035156,43.45000076293945,29.543376922607422,3283200,0.0,0.0
2017-06-27 00:00:00-04:00,43.72999954223633,44.25,43.540000915527344,43.81999969482422,29.79494857788086,3116300,0.0,0.0
2017-06-28 00:00:00-04:00,44.15999984741211,44.83000183105469,44.150001525878906,44.779998779296875,30.44769287109375,4461400,0.0,0.0
2017-06-29 00:00:00-04:00,45.81999969482422,46.5,44.9900016784668,45.61000061035156,31.012054443359375,5906800,0.0,0.0
2017-06-30 00:00:00-04:00,45.849998474121094,45.93000030517578,45.15999984741211,45.40999984741211,30.876056671142578,3806800,0.0,0.0
2017-07-03 00:00:00-04:00,45.720001220703125,46.279998779296875,45.65999984741211,46.119998931884766,31.35881805419922,2771200,0.0,0.0
2017-07-05 00:00:00-04:00,46.20000076293945,46.290000915527344,45.81999969482422,46.13999938964844,31.372417449951172,3587100,0.0,0.0
2017-07-06 00:00:00-04:00,46.13999938964844,46.22999954223633,45.52000045776367,45.529998779296875,30.957653045654297,3914100,0.0,0.0
2017-07-07 00:00:00-04:00,45.689998626708984,45.709999084472656,45.22999954223633,45.470001220703125,30.916852951049805,4054400,0.0,0.0
2017-07-10 00:00:00-04:00,45.349998474121094,45.56999969482422,45.16999816894531,45.349998474121094,30.835264205932617,2493700,0.0,0.0
2017-07-11 00:00:00-04:00,45.43000030517578,45.560001373291016,45.20000076293945,45.380001068115234,30.85565948486328,2803800,0.0,0.0
2017-07-12 00:00:00-04:00,45.2400016784668,45.560001373291016,45.099998474121094,45.43000030517578,30.889652252197266,2548700,0.0,0.0
2017-07-13 00:00:00-04:00,45.47999954223633,45.56999969482422,45.2400016784668,45.560001373291016,30.978052139282227,2293800,0.0,0.0
2017-07-14 00:00:00-04:00,45.029998779296875,45.15999984741211,44.59000015258789,44.810001373291016,30.468088150024414,6048100,0.0,0.0
2017-07-17 00:00:00-04:00,44.77000045776367,45.130001068115234,44.560001373291016,44.90999984741211,30.53608512878418,2344600,0.0,0.0
2017-07-18 00:00:00-04:00,44.61000061035156,44.84000015258789,44.40999984741211,44.61000061035156,30.33211898803711,3142800,0.0,0.0
2017-07-19 00:00:00-04:00,44.77000045776367,44.970001220703125,44.36000061035156,44.7599983215332,30.434091567993164,3374500,0.0,0.0
2017-07-20 00:00:00-04:00,45.2599983215332,46.529998779296875,45.02000045776367,46.2599983215332,31.454011917114258,6200800,0.0,0.0
2017-07-21 00:00:00-04:00,46.15999984741211,47.13999938964844,46.15999984741211,46.279998779296875,31.467609405517578,5932000,0.0,0.0
2017-07-24 00:00:00-04:00,46.25,46.709999084472656,46.25,46.59000015258789,31.678375244140625,4245300,0.0,0.0
2017-07-25 00:00:00-04:00,47.43000030517578,47.650001525878906,47.15999984741211,47.209999084472656,32.099952697753906,6146300,0.0,0.0
2017-07-26 00:00:00-04:00,47.209999084472656,47.369998931884766,46.66999816894531,46.75,31.787179946899414,5646000,0.0,0.0
2017-07-27 00:00:00-04:00,46.7400016784668,47.2400016784668,46.58000183105469,46.880001068115234,31.87557029724121,6262500,0.0,0.0
2017-07-28 00:00:00-04:00,46.810001373291016,47.09000015258789,46.65999984741211,46.880001068115234,31.87557029724121,3667900,0.0,0.0
2017-07-31 00:00:00-04:00,46.9900016784668,47.56999969482422,46.9900016784668,47.31999969482422,32.174739837646484,3965700,0.0,0.0
2017-08-01 00:00:00-04:00,47.58000183105469,47.849998474121094,47.34000015258789,47.849998474121094,32.53511047363281,4752400,0.0,0.0
2017-08-02 00:00:00-04:00,47.72999954223633,47.9900016784668,47.61000061035156,47.93000030517578,32.58950424194336,3370900,0.0,0.0
2017-08-03 00:00:00-04:00,47.810001373291016,47.9900016784668,47.63999938964844,47.84000015258789,32.52830505371094,2861400,0.0,0.0
2017-08-04 00:00:00-04:00,48.20000076293945,48.630001068115234,48.060001373291016,48.36000061035156,32.881874084472656,4518100,0.0,0.0
2017-08-07 00:00:00-04:00,48.310001373291016,48.400001525878906,48.11000061035156,48.15999984741211,32.745887756347656,3223700,0.0,0.0
2017-08-08 00:00:00-04:00,48.0099983215332,48.900001525878906,48.0099983215332,48.25,32.807090759277344,3312800,0.0,0.0
2017-08-09 00:00:00-04:00,47.65999984741211,47.83000183105469,47.45000076293945,47.689998626708984,32.64961242675781,4355600,0.33,0.0
2017-08-10 00:00:00-04:00,47.290000915527344,47.45000076293945,46.65999984741211,46.68000030517578,31.958148956298828,5226400,0.0,0.0
2017-08-11 00:00:00-04:00,46.880001068115234,47.029998779296875,46.15999984741211,46.310001373291016,31.70484161376953,4575000,0.0,0.0
2017-08-14 00:00:00-04:00,46.72999954223633,47.13999938964844,46.709999084472656,46.86000061035156,32.081382751464844,3209700,0.0,0.0
2017-08-15 00:00:00-04:00,47.290000915527344,47.47999954223633,46.939998626708984,46.9900016784668,32.170387268066406,3315800,0.0,0.0
2017-08-16 00:00:00-04:00,47.040000915527344,47.2599983215332,46.70000076293945,46.81999969482422,32.05400848388672,3612800,0.0,0.0
2017-08-17 00:00:00-04:00,46.72999954223633,46.86000061035156,46.130001068115234,46.15999984741211,31.602157592773438,4648600,0.0,0.0
2017-08-18 00:00:00-04:00,45.95000076293945,46.470001220703125,45.88999938964844,46.119998931884766,31.574766159057617,4394900,0.0,0.0
2017-08-21 00:00:00-04:00,46.13999938964844,46.13999938964844,45.880001068115234,45.880001068115234,31.410451889038086,5089900,0.0,0.0
2017-08-22 00:00:00-04:00,46.06999969482422,46.209999084472656,45.97999954223633,46.130001068115234,31.581626892089844,3875000,0.0,0.0
2017-08-23 00:00:00-04:00,45.81999969482422,46.380001068115234,45.72999954223633,46.150001525878906,31.59529685974121,3294700,0.0,0.0
2017-08-24 00:00:00-04:00,46.15999984741211,46.33000183105469,46.02000045776367,46.150001525878906,31.59529685974121,3775100,0.0,0.0
2017-08-25 00:00:00-04:00,46.33000183105469,46.43000030517578,46.150001525878906,46.150001525878906,31.59529685974121,3530200,0.0,0.0
2017-08-28 00:00:00-04:00,46.31999969482422,46.33000183105469,46.04999923706055,46.13999938964844,31.588464736938477,3320500,0.0,0.0
2017-08-29 00:00:00-04:00,45.68000030517578,46.20000076293945,45.5,46.06999969482422,31.54053497314453,5024100,0.0,0.0
2017-08-30 00:00:00-04:00,46.099998474121094,46.4900016784668,45.9900016784668,46.29999923706055,31.697994232177734,4387300,0.0,0.0
2017-08-31 00:00:00-04:00,46.59000015258789,46.59000015258789,46.060001373291016,46.09000015258789,31.55422019958496,4276800,0.0,0.0
2017-09-01 00:00:00-04:00,46.040000915527344,46.52000045776367,46.029998779296875,46.290000915527344,31.691146850585938,3076400,0.0,0.0
2017-09-05 00:00:00-04:00,46.04999923706055,46.15999984741211,45.279998779296875,45.380001068115234,31.068151473999023,5577100,0.0,0.0
2017-09-06 00:00:00-04:00,45.66999816894531,45.689998626708984,44.88999938964844,45.06999969482422,30.855911254882812,3991500,0.0,0.0
2017-09-07 00:00:00-04:00,45.040000915527344,45.04999923706055,43.58000183105469,43.65999984741211,29.890594482421875,5293000,0.0,0.0
2017-09-08 00:00:00-04:00,43.63999938964844,44.33000183105469,43.560001373291016,43.970001220703125,30.10283851623535,6016700,0.0,0.0
2017-09-11 00:00:00-04:00,44.4900016784668,44.81999969482422,44.27000045776367,44.68000030517578,30.588912963867188,4031400,0.0,0.0
2017-09-12 00:00:00-04:00,44.790000915527344,45.150001525878906,43.029998779296875,44.790000915527344,30.664215087890625,5956200,0.0,0.0
2017-09-13 00:00:00-04:00,44.599998474121094,44.93000030517578,44.599998474121094,44.709999084472656,30.60944175720215,4703000,0.0,0.0
2017-09-14 00:00:00-04:00,44.650001525878906,44.7400016784668,43.939998626708984,44.06999969482422,30.171297073364258,4434700,0.0,0.0
2017-09-15 00:00:00-04:00,44.040000915527344,44.290000915527344,43.880001068115234,44.13999938964844,30.219213485717773,7616100,0.0,0.0
2017-09-18 00:00:00-04:00,44.209999084472656,44.5,44.13999938964844,44.2400016784668,30.28767967224121,4485500,0.0,0.0
2017-09-19 00:00:00-04:00,44.2400016784668,44.810001373291016,44.18000030517578,44.650001525878906,30.56836700439453,5940500,0.0,0.0
2017-09-20 00:00:00-04:00,44.709999084472656,45.04999923706055,44.29999923706055,44.86000061035156,30.712146759033203,4183500,0.0,0.0
2017-09-21 00:00:00-04:00,44.90999984741211,45.38999938964844,44.79999923706055,45.2400016784668,30.972307205200195,3360200,0.0,0.0
2017-09-22 00:00:00-04:00,45.09000015258789,45.2599983215332,44.650001525878906,45.220001220703125,30.958600997924805,2953000,0.0,0.0
2017-09-25 00:00:00-04:00,45.13999938964844,45.5,45.029998779296875,45.33000183105469,31.033916473388672,3237500,0.0,0.0
2017-09-26 00:00:00-04:00,45.33000183105469,45.45000076293945,45.13999938964844,45.189998626708984,30.93805694580078,2816000,0.0,0.0
2017-09-27 00:00:00-04:00,45.90999984741211,46.45000076293945,45.619998931884766,46.08000183105469,31.547386169433594,4779300,0.0,0.0
2017-09-28 00:00:00-04:00,46.119998931884766,46.31999969482422,45.880001068115234,46.29999923706055,31.697994232177734,3075400,0.0,0.0
2017-09-29 00:00:00-04:00,46.31999969482422,47.189998626708984,46.2400016784668,46.939998626708984,32.13616180419922,4126300,0.0,0.0
2017-10-02 00:00:00-04:00,46.959999084472656,47.18000030517578,46.65999984741211,47.15999984741211,32.286773681640625,2737700,0.0,0.0
2017-10-03 00:00:00-04:00,47.06999969482422,47.2400016784668,46.70000076293945,46.880001068115234,32.0950813293457,2046800,0.0,0.0
2017-10-04 00:00:00-04:00,46.75,46.86000061035156,46.290000915527344,46.369998931884766,31.745914459228516,2791700,0.0,0.0
2017-10-05 00:00:00-04:00,46.7400016784668,47.72999954223633,46.459999084472656,47.619998931884766,32.60169982910156,4513100,0.0,0.0
2017-10-06 00:00:00-04:00,47.75,48.099998474121094,47.439998626708984,47.689998626708984,32.64961242675781,3154300,0.0,0.0
2017-10-09 00:00:00-04:00,47.79999923706055,47.79999923706055,47.34000015258789,47.47999954223633,32.5058479309082,2008800,0.0,0.0
2017-10-10 00:00:00-04:00,47.5,47.83000183105469,47.439998626708984,47.709999084472656,32.66331481933594,1928800,0.0,0.0
2017-10-11 00:00:00-04:00,47.529998779296875,47.59000015258789,47.220001220703125,47.349998474121094,32.41685485839844,2568400,0.0,0.0
2017-10-12 00:00:00-04:00,47.439998626708984,47.619998931884766,46.77000045776367,46.849998474121094,32.07455062866211,2602800,0.0,0.0
2017-10-13 00:00:00-04:00,46.77000045776367,47.18000030517578,46.36000061035156,46.70000076293945,31.971847534179688,2841800,0.0,0.0
2017-10-16 00:00:00-04:00,46.810001373291016,47.06999969482422,46.7400016784668,47.029998779296875,32.19776153564453,2537800,0.0,0.0
2017-10-17 00:00:00-04:00,47.189998626708984,47.189998626708984,46.4900016784668,46.52000045776367,31.848617553710938,3007900,0.0,0.0
2017-10-18 00:00:00-04:00,46.7599983215332,46.849998474121094,46.4900016784668,46.540000915527344,31.8623046875,4246600,0.0,0.0
2017-10-19 00:00:00-04:00,44.619998931884766,46.970001220703125,44.619998931884766,46.7400016784668,31.999231338500977,5188000,0.0,0.0
2017-10-20 00:00:00-04:00,47.29999923706055,47.95000076293945,47.22999954223633,47.5,32.51954650878906,5140300,0.0,0.0
2017-10-23 00:00:00-04:00,47.43000030517578,47.59000015258789,47.22999954223633,47.40999984741211,32.45792770385742,3911000,0.0,0.0
2017-10-24 00:00:00-04:00,47.709999084472656,47.93000030517578,47.4900016784668,47.58000183105469,32.574302673339844,4044500,0.0,0.0
2017-10-25 00:00:00-04:00,47.79999923706055,47.849998474121094,47.349998474121094,47.779998779296875,32.71124267578125,4712300,0.0,0.0
2017-10-26 00:00:00-04:00,48.0,48.709999084472656,47.90999984741211,48.619998931884766,33.28631591796875,4109700,0.0,0.0
2017-10-27 00:00:00-04:00,48.349998474121094,48.93000030517578,48.279998779296875,48.7400016784668,33.36848068237305,3630600,0.0,0.0
2017-10-30 00:00:00-04:00,48.83000183105469,49.369998931884766,48.68000030517578,49.11000061035156,33.62179183959961,7080000,0.0,0.0
2017-10-31 00:00:00-04:00,49.08000183105469,49.52000045776367,49.0099983215332,49.2400016784668,33.71078109741211,5214200,0.0,0.0
2017-11-01 00:00:00-04:00,49.349998474121094,49.90999984741211,49.349998474121094,49.54999923706055,33.923030853271484,7689800,0.0,0.0
2017-11-02 00:00:00-04:00,49.45000076293945,49.7400016784668,48.900001525878906,49.59000015258789,33.95041275024414,6312400,0.0,0.0
2017-11-03 00:00:00-04:00,49.4900016784668,49.54999923706055,48.970001220703125,49.540000915527344,33.916168212890625,5291900,0.0,0.0
2017-11-06 00:00:00-05:00,49.36000061035156,49.54999923706055,49.16999816894531,49.47999954223633,33.875091552734375,2897900,0.0,0.0
2017-11-07 00:00:00-05:00,49.47999954223633,49.560001373291016,48.15999984741211,48.22999954223633,33.019317626953125,5715600,0.0,0.0
2017-11-08 00:00:00-05:00,48.130001068115234,48.130001068115234,47.63999938964844,47.75,32.690704345703125,5981800,0.0,0.0
2017-11-09 00:00:00-05:00,47.22999954223633,47.529998779296875,46.59000015258789,46.75,32.22880935668945,6675400,0.33,0.0
2017-11-10 00:00:00-05:00,46.81999969482422,46.970001220703125,46.099998474121094,46.130001068115234,31.8013973236084,7960300,0.0,0.0
2017-11-13 00:00:00-05:00,45.959999084472656,46.560001373291016,45.72999954223633,46.4900016784668,32.049564361572266,6295800,0.0,0.0
2017-11-14 00:00:00-05:00,46.33000183105469,46.849998474121094,46.16999816894531,46.84000015258789,32.29085159301758,4422000,0.0,0.0
2017-11-15 00:00:00-05:00,46.439998626708984,47.08000183105469,46.27000045776367,46.81999969482422,32.27706527709961,3681300,0.0,0.0
2017-11-16 00:00:00-05:00,47.0099983215332,47.33000183105469,46.720001220703125,46.77000045776367,32.24259567260742,3241100,0.0,0.0
2017-11-17 00:00:00-05:00,46.41999816894531,47.040000915527344,46.33000183105469,46.81999969482422,32.27706527709961,2671700,0.0,0.0
2017-11-20 00:00:00-05:00,47.0099983215332,47.09000015258789,46.77000045776367,46.97999954223633,32.38737106323242,3578700,0.0,0.0
2017-11-21 00:00:00-05:00,47.0099983215332,47.08000183105469,46.369998931884766,46.56999969482422,32.1047248840332,4267500,0.0,0.0
2017-11-22 00:00:00-05:00,46.650001525878906,46.790000915527344,46.43000030517578,46.4900016784668,32.049564361572266,2652500,0.0,0.0
2017-11-24 00:00:00-05:00,46.61000061035156,46.689998626708984,46.31999969482422,46.34000015258789,31.946151733398438,1019500,0.0,0.0
2017-11-27 00:00:00-05:00,46.400001525878906,46.599998474121094,46.29999923706055,46.4900016784668,32.049564361572266,3159000,0.0,0.0
2017-11-28 00:00:00-05:00,46.619998931884766,47.66999816894531,46.52000045776367,47.529998779296875,32.76653289794922,14201300,0.0,0.0
2017-11-29 00:00:00-05:00,47.90999984741211,49.709999084472656,47.90999984741211,49.119998931884766,33.86265563964844,12575700,0.0,0.0
2017-11-30 00:00:00-05:00,49.5,50.119998931884766,49.09000015258789,49.41999816894531,34.06947326660156,9456300,0.0,0.0
2017-12-01 00:00:00-05:00,49.54999923706055,49.83000183105469,48.209999084472656,49.599998474121094,34.19354248046875,14865900,0.0,0.0
2017-12-04 00:00:00-05:00,50.25,51.11000061035156,50.16999816894531,50.2400016784668,34.63477325439453,7563400,0.0,0.0
2017-12-05 00:00:00-05:00,50.439998626708984,50.529998779296875,49.650001525878906,49.810001373291016,34.33833312988281,4915800,0.0,0.0
2017-12-06 00:00:00-05:00,49.790000915527344,49.900001525878906,49.380001068115234,49.380001068115234,34.041900634765625,3813900,0.0,0.0
2017-12-07 00:00:00-05:00,49.27000045776367,49.72999954223633,49.02000045776367,49.58000183105469,34.17976760864258,4261900,0.0,0.0
2017-12-08 00:00:00-05:00,49.7400016784668,49.90999984741211,49.36000061035156,49.810001373291016,34.33833312988281,3680800,0.0,0.0
2017-12-11 00:00:00-05:00,49.810001373291016,50.029998779296875,49.599998474121094,49.75,34.29697036743164,3035500,0.0,0.0
2017-12-12 00:00:00-05:00,50.02000045776367,50.560001373291016,49.75,50.279998779296875,34.66233825683594,3943200,0.0,0.0
2017-12-13 00:00:00-05:00,50.11000061035156,50.29999923706055,49.400001525878906,49.41999816894531,34.06947326660156,3301700,0.0,0.0
2017-12-14 00:00:00-05:00,49.599998474121094,49.619998931884766,48.869998931884766,48.970001220703125,33.759254455566406,3430000,0.0,0.0
2017-12-15 00:00:00-05:00,49.290000915527344,49.939998626708984,49.02000045776367,49.529998779296875,34.14529800415039,8890500,0.0,0.0
2017-12-18 00:00:00-05:00,49.970001220703125,50.18000030517578,49.77000045776367,50.0099983215332,34.47621536254883,4117200,0.0,0.0
2017-12-19 00:00:00-05:00,50.33000183105469,50.400001525878906,49.900001525878906,50.029998779296875,34.48999786376953,3174100,0.0,0.0
2017-12-20 00:00:00-05:00,50.470001220703125,50.630001068115234,49.63999938964844,49.84000015258789,34.3590202331543,2925900,0.0,0.0
2017-12-21 00:00:00-05:00,50.040000915527344,50.599998474121094,50.029998779296875,50.38999938964844,34.73817825317383,2791300,0.0,0.0
2017-12-22 00:00:00-05:00,50.56999969482422,50.68000030517578,50.099998474121094,50.45000076293945,34.779541015625,2386200,0.0,0.0
2017-12-26 00:00:00-05:00,50.310001373291016,50.58000183105469,49.84000015258789,50.040000915527344,34.49689483642578,1515000,0.0,0.0
2017-12-27 00:00:00-05:00,50.029998779296875,50.119998931884766,49.66999816894531,49.97999954223633,34.45552444458008,2299700,0.0,0.0
2017-12-28 00:00:00-05:00,50.02000045776367,50.13999938964844,49.7599983215332,50.119998931884766,34.55204391479492,1696400,0.0,0.0
2017-12-29 00:00:00-05:00,50.16999816894531,50.2599983215332,49.720001220703125,49.720001220703125,34.27629470825195,2626300,0.0,0.0
2018-01-02 00:00:00-05:00,50.0,50.099998474121094,49.650001525878906,49.91999816894531,34.414161682128906,2503400,0.0,0.0
2018-01-03 00:00:00-05:00,49.91999816894531,50.630001068115234,49.7599983215332,50.459999084472656,34.78643035888672,3410700,0.0,0.0
2018-01-04 00:00:00-05:00,50.720001220703125,51.63999938964844,50.720001220703125,51.06999969482422,35.20695114135742,3809900,0.0,0.0
2018-01-05 00:00:00-05:00,51.290000915527344,51.34000015258789,50.65999984741211,51.22999954223633,35.3172721862793,3345000,0.0,0.0
2018-01-08 00:00:00-05:00,51.349998474121094,51.560001373291016,51.11000061035156,51.5,35.50339889526367,3524300,0.0,0.0
2018-01-09 00:00:00-05:00,51.790000915527344,52.66999816894531,51.7400016784668,52.09000015258789,35.91012954711914,4102000,0.0,0.0
2018-01-10 00:00:00-05:00,52.18000030517578,53.36000061035156,52.13999938964844,52.709999084472656,36.337554931640625,4035700,0.0,0.0
2018-01-11 00:00:00-05:00,53.040000915527344,53.279998779296875,52.7400016784668,53.15999984741211,36.64777755737305,3624500,0.0,0.0
2018-01-12 00:00:00-05:00,53.459999084472656,53.90999984741211,52.90999984741211,53.13999938964844,36.63398742675781,4418400,0.0,0.0
2018-01-16 00:00:00-05:00,53.22999954223633,53.599998474121094,52.790000915527344,53.08000183105469,36.5926399230957,4033100,0.0,0.0
2018-01-17 00:00:00-05:00,53.36000061035156,53.47999954223633,52.709999084472656,53.279998779296875,36.730506896972656,4853200,0.0,0.0
2018-01-18 00:00:00-05:00,54.29999923706055,55.70000076293945,53.06999969482422,54.13999938964844,37.3233642578125,7884400,0.0,0.0
2018-01-19 00:00:00-05:00,54.400001525878906,55.13999938964844,54.290000915527344,54.79999923706055,37.778377532958984,5762900,0.0,0.0
2018-01-22 00:00:00-05:00,54.810001373291016,55.130001068115234,54.36000061035156,54.880001068115234,37.833518981933594,3551100,0.0,0.0
2018-01-23 00:00:00-05:00,54.619998931884766,55.29999923706055,54.5,54.869998931884766,37.82662582397461,5095800,0.0,0.0
2018-01-24 00:00:00-05:00,55.150001525878906,55.54999923706055,54.86000061035156,55.0,37.91624069213867,4533900,0.0,0.0
2018-01-25 00:00:00-05:00,55.279998779296875,55.290000915527344,54.459999084472656,54.689998626708984,37.70254135131836,4944400,0.0,0.0
2018-01-26 00:00:00-05:00,54.84000015258789,55.45000076293945,54.59000015258789,55.45000076293945,38.22647476196289,4263900,0.0,0.0
2018-01-29 00:00:00-05:00,55.349998474121094,55.849998474121094,55.290000915527344,55.38999938964844,38.18511199951172,3917200,0.0,0.0
2018-01-30 00:00:00-05:00,54.90999984741211,55.650001525878906,54.83000183105469,55.029998779296875,37.93692398071289,4390800,0.0,0.0
2018-01-31 00:00:00-05:00,55.029998779296875,55.63999938964844,54.93000030517578,55.189998626708984,38.04723358154297,3703100,0.0,0.0
2018-02-01 00:00:00-05:00,55.029998779296875,55.790000915527344,55.029998779296875,55.70000076293945,38.398826599121094,3413300,0.0,0.0
2018-02-02 00:00:00-05:00,55.56999969482422,55.9900016784668,54.939998626708984,55.11000061035156,37.99208068847656,4409800,0.0,0.0
2018-02-05 00:00:00-05:00,54.369998931884766,55.040000915527344,52.75,52.88999938964844,36.46164321899414,6967900,0.0,0.0
2018-02-06 00:00:00-05:00,51.720001220703125,53.83000183105469,51.09000015258789,53.709999084472656,37.026939392089844,7401400,0.0,0.0
2018-02-07 00:00:00-05:00,53.439998626708984,54.349998474121094,53.29999923706055,53.81999969482422,37.10277557373047,4510800,0.0,0.0
2018-02-08 00:00:00-05:00,53.54999923706055,53.56999969482422,51.040000915527344,51.06999969482422,35.42417526245117,4861700,0.33,0.0
2018-02-09 00:00:00-05:00,51.93000030517578,52.84000015258789,50.7599983215332,52.41999816894531,36.36056900024414,7494000,0.0,0.0
2018-02-12 00:00:00-05:00,52.709999084472656,53.650001525878906,52.400001525878906,53.0,36.76288986206055,3681700,0.0,0.0
2018-02-13 00:00:00-05:00,52.65999984741211,53.43000030517578,52.52000045776367,53.33000183105469,36.991790771484375,2240700,0.0,0.0
2018-02-14 00:00:00-05:00,53.2400016784668,54.83000183105469,53.150001525878906,54.7400016784668,37.96982192993164,3118100,0.0,0.0
2018-02-15 00:00:00-05:00,55.0,55.439998626708984,54.54999923706055,54.83000183105469,38.03225326538086,3804500,0.0,0.0
2018-02-16 00:00:00-05:00,54.58000183105469,55.2599983215332,54.54999923706055,54.959999084472656,38.12242126464844,2857700,0.0,0.0
2018-02-20 00:00:00-05:00,54.75,55.290000915527344,54.369998931884766,54.599998474121094,37.87270736694336,2901200,0.0,0.0
2018-02-21 00:00:00-05:00,54.68000030517578,55.849998474121094,54.56999969482422,55.09000015258789,38.21260070800781,3799100,0.0,0.0
2018-02-22 00:00:00-05:00,55.43000030517578,55.59000015258789,54.18000030517578,54.31999969482422,37.678489685058594,3684300,0.0,0.0
2018-02-23 00:00:00-05:00,54.54999923706055,55.369998931884766,54.470001220703125,55.36000061035156,38.399879455566406,3275000,0.0,0.0
2018-02-26 00:00:00-05:00,55.560001373291016,55.81999969482422,55.08000183105469,55.790000915527344,38.69813537597656,3247600,0.0,0.0
2018-02-27 00:00:00-05:00,55.45000076293945,56.189998626708984,54.95000076293945,54.95000076293945,38.115482330322266,3660000,0.0,0.0
2018-02-28 00:00:00-05:00,55.13999938964844,55.810001373291016,54.33000183105469,54.349998474121094,37.69929885864258,4090000,0.0,0.0
2018-03-01 00:00:00-05:00,54.31999969482422,54.779998779296875,53.439998626708984,53.88999938964844,37.38022232055664,4181600,0.0,0.0
2018-03-02 00:00:00-05:00,53.599998474121094,54.41999816894531,52.790000915527344,54.290000915527344,37.65768814086914,3584000,0.0,0.0
2018-03-05 00:00:00-05:00,53.72999954223633,55.08000183105469,53.349998474121094,54.91999816894531,38.12628173828125,3018500,0.045,0.0
2018-03-06 00:00:00-05:00,55.20000076293945,55.290000915527344,54.38999938964844,55.25,38.35536575317383,2954700,0.0,0.0
2018-03-07 00:00:00-05:00,54.66999816894531,55.16999816894531,54.220001220703125,55.02000045776367,38.19569778442383,3022400,0.0,0.0
2018-03-08 00:00:00-05:00,55.220001220703125,55.36000061035156,54.22999954223633,55.02000045776367,38.19569778442383,2176100,0.0,0.0
2018-03-09 00:00:00-05:00,55.5099983215332,56.08000183105469,55.130001068115234,56.029998779296875,38.8968620300293,2543600,0.0,0.0
2018-03-12 00:00:00-04:00,56.11000061035156,56.310001373291016,55.52000045776367,55.599998474121094,38.59834289550781,2878700,0.0,0.0
2018-03-13 00:00:00-04:00,55.900001525878906,55.959999084472656,55.209999084472656,55.380001068115234,38.44562530517578,3552500,0.0,0.0
2018-03-14 00:00:00-04:00,55.630001068115234,55.630001068115234,54.279998779296875,54.619998931884766,37.91801834106445,3271600,0.0,0.0
2018-03-15 00:00:00-04:00,54.9900016784668,54.9900016784668,54.16999816894531,54.61000061035156,37.91107177734375,2686900,0.0,0.0
2018-03-16 00:00:00-04:00,54.66999816894531,55.4900016784668,54.52000045776367,55.040000915527344,38.20958709716797,7622000,0.0,0.0
2018-03-19 00:00:00-04:00,54.9900016784668,55.18000030517578,54.22999954223633,54.959999084472656,38.1540412902832,4405400,0.0,0.0
2018-03-20 00:00:00-04:00,55.15999984741211,55.459999084472656,54.58000183105469,54.650001525878906,37.938846588134766,3209100,0.0,0.0
2018-03-21 00:00:00-04:00,54.7599983215332,55.380001068115234,54.209999084472656,54.720001220703125,37.9874382019043,3029500,0.0,0.0
2018-03-22 00:00:00-04:00,53.959999084472656,54.27000045776367,52.099998474121094,52.310001373291016,36.31437683105469,5162700,0.0,0.0
2018-03-23 00:00:00-04:00,52.4900016784668,52.4900016784668,50.56999969482422,50.68000030517578,35.18281555175781,5643400,0.0,0.0
2018-03-26 00:00:00-04:00,51.56999969482422,52.31999969482422,50.959999084472656,52.220001220703125,36.251895904541016,4246400,0.0,0.0
2018-03-27 00:00:00-04:00,53.349998474121094,53.400001525878906,51.189998626708984,51.58000183105469,35.80759811401367,7194300,0.0,0.0
2018-03-28 00:00:00-04:00,51.70000076293945,51.9900016784668,50.959999084472656,51.529998779296875,35.77289581298828,4406400,0.0,0.0
2018-03-29 00:00:00-04:00,51.83000183105469,52.36000061035156,51.349998474121094,52.040000915527344,36.126949310302734,3627300,0.0,0.0
2018-04-02 00:00:00-04:00,51.869998931884766,52.2400016784668,50.130001068115234,50.93000030517578,35.356353759765625,5051200,0.0,0.0
2018-04-03 00:00:00-04:00,51.13999938964844,52.06999969482422,51.0,51.939998626708984,36.057518005371094,4278300,0.0,0.0
2018-04-04 00:00:00-04:00,51.15999984741211,52.79999923706055,51.04999923706055,52.66999816894531,36.564292907714844,4261900,0.0,0.0
2018-04-05 00:00:00-04:00,52.959999084472656,53.130001068115234,52.34000015258789,52.88999938964844,36.717018127441406,4770100,0.0,0.0
2018-04-06 00:00:00-04:00,52.09000015258789,52.369998931884766,50.58000183105469,51.119998931884766,35.488258361816406,4134500,0.0,0.0
2018-04-09 00:00:00-04:00,51.5099983215332,52.77000045776367,51.400001525878906,51.63999938964844,35.84925079345703,3956100,0.0,0.0
2018-04-10 00:00:00-04:00,52.4900016784668,52.77000045776367,51.91999816894531,52.56999969482422,36.494873046875,3798300,0.0,0.0
2018-04-11 00:00:00-04:00,52.099998474121094,52.560001373291016,51.91999816894531,52.20000076293945,36.238006591796875,2860600,0.0,0.0
2018-04-12 00:00:00-04:00,52.630001068115234,53.400001525878906,52.47999954223633,53.04999923706055,36.828094482421875,3112600,0.0,0.0
2018-04-13 00:00:00-04:00,53.459999084472656,53.5,51.709999084472656,51.95000076293945,36.06446075439453,2683400,0.0,0.0
2018-04-16 00:00:00-04:00,52.400001525878906,52.47999954223633,51.7599983215332,52.0,36.09917068481445,2757200,0.0,0.0
2018-04-17 00:00:00-04:00,52.45000076293945,52.560001373291016,50.79999923706055,51.09000015258789,35.46744918823242,3541400,0.0,0.0
2018-04-18 00:00:00-04:00,51.349998474121094,51.5099983215332,50.439998626708984,50.630001068115234,35.14809799194336,4874500,0.0,0.0
2018-04-19 00:00:00-04:00,51.25,52.470001220703125,51.119998931884766,52.36000061035156,36.34907913208008,3927300,0.0,0.0
2018-04-20 00:00:00-04:00,52.52000045776367,53.25,52.38999938964844,52.709999084472656,36.59206771850586,4892400,0.0,0.0
2018-04-23 00:00:00-04:00,53.18000030517578,53.72999954223633,52.93000030517578,53.529998779296875,37.161319732666016,6637200,0.0,0.0
2018-04-24 00:00:00-04:00,53.86000061035156,54.70000076293945,53.720001220703125,54.02000045776367,37.501487731933594,9402500,0.0,0.0
2018-04-25 00:00:00-04:00,53.88999938964844,54.13999938964844,53.27000045776367,53.790000915527344,37.34181594848633,4469300,0.0,0.0
2018-04-26 00:00:00-04:00,53.70000076293945,53.849998474121094,53.279998779296875,53.31999969482422,37.01552963256836,3791000,0.0,0.0
2018-04-27 00:00:00-04:00,53.2599983215332,53.72999954223633,52.9900016784668,53.40999984741211,37.07801055908203,4758100,0.0,0.0
2018-04-30 00:00:00-04:00,53.59000015258789,53.880001068115234,52.790000915527344,52.79999923706055,36.654541015625,4060800,0.0,0.0
2018-05-01 00:00:00-04:00,52.68000030517578,53.290000915527344,52.2599983215332,53.06999969482422,36.84197235107422,2768700,0.0,0.0
2018-05-02 00:00:00-04:00,52.84000015258789,53.779998779296875,52.7400016784668,52.86000061035156,36.69620132446289,4741500,0.0,0.0
2018-05-03 00:00:00-04:00,52.47999954223633,52.900001525878906,51.779998779296875,52.45000076293945,36.41157913208008,5116000,0.0,0.0
2018-05-04 00:00:00-04:00,52.099998474121094,53.43000030517578,51.88999938964844,53.11000061035156,36.8697509765625,3620200,0.0,0.0
2018-05-07 00:00:00-04:00,53.18000030517578,53.939998626708984,52.97999954223633,53.72999954223633,37.30016326904297,3573100,0.0,0.0
2018-05-08 00:00:00-04:00,53.72999954223633,54.91999816894531,53.630001068115234,54.220001220703125,37.640323638916016,4079800,0.0,0.0
2018-05-09 00:00:00-04:00,54.439998626708984,55.220001220703125,54.130001068115234,54.91999816894531,38.12628173828125,2628000,0.0,0.0
2018-05-10 00:00:00-04:00,54.61000061035156,55.2400016784668,54.310001373291016,55.040000915527344,38.47228240966797,2246900,0.375,0.0
2018-05-11 00:00:00-04:00,55.040000915527344,55.41999816894531,54.91999816894531,55.060001373291016,38.48625183105469,1803600,0.0,0.0
2018-05-14 00:00:00-04:00,55.220001220703125,55.439998626708984,54.900001525878906,55.0,38.44432067871094,1938300,0.0,0.0
2018-05-15 00:00:00-04:00,54.97999954223633,55.900001525878906,54.810001373291016,55.4900016784668,38.786834716796875,3728800,0.0,0.0
2018-05-16 00:00:00-04:00,55.29999923706055,55.470001220703125,54.91999816894531,55.310001373291016,38.66099548339844,3211500,0.0,0.0
2018-05-17 00:00:00-04:00,55.16999816894531,55.529998779296875,54.77000045776367,55.43000030517578,38.74488067626953,2841000,0.0,0.0
2018-05-18 00:00:00-04:00,55.47999954223633,55.47999954223633,54.86000061035156,54.90999984741211,38.381404876708984,3195100,0.0,0.0
2018-05-21 00:00:00-04:00,55.119998931884766,55.27000045776367,54.47999954223633,54.83000183105469,38.325496673583984,3946300,0.0,0.0
2018-05-22 00:00:00-04:00,54.959999084472656,56.029998779296875,54.849998474121094,55.529998779296875,38.81476974487305,3850000,0.0,0.0
2018-05-23 00:00:00-04:00,55.31999969482422,55.650001525878906,54.97999954223633,55.27000045776367,38.63302993774414,3317800,0.0,0.0
2018-05-24 00:00:00-04:00,55.150001525878906,55.25,54.22999954223633,54.959999084472656,38.416358947753906,3517000,0.0,0.0
2018-05-25 00:00:00-04:00,54.619998931884766,54.97999954223633,54.43000030517578,54.810001373291016,38.3115119934082,2556000,0.0,0.0
2018-05-29 00:00:00-04:00,54.380001068115234,54.630001068115234,52.099998474121094,52.470001220703125,36.675880432128906,6418000,0.0,0.0
2018-05-30 00:00:00-04:00,52.97999954223633,53.31999969482422,52.31999969482422,53.09000015258789,37.10924530029297,4456700,0.0,0.0
2018-05-31 00:00:00-04:00,53.04999923706055,53.18000030517578,52.36000061035156,52.5,36.69683837890625,4863100,0.0,0.0
2018-06-01 00:00:00-04:00,53.31999969482422,53.619998931884766,53.02000045776367,53.20000076293945,37.18614196777344,3253700,0.0,0.0
2018-06-04 00:00:00-04:00,53.56999969482422,53.650001525878906,53.290000915527344,53.619998931884766,37.47971725463867,2322400,0.0,0.0
2018-06-05 00:00:00-04:00,53.31999969482422,53.47999954223633,52.939998626708984,53.31999969482422,37.27001190185547,2907600,0.0,0.0
2018-06-06 00:00:00-04:00,53.5099983215332,54.529998779296875,53.43000030517578,54.38999938964844,38.01793670654297,2882300,0.0,0.0
2018-06-07 00:00:00-04:00,54.59000015258789,54.86000061035156,54.02000045776367,54.41999816894531,38.038902282714844,2852200,0.0,0.0
2018-06-08 00:00:00-04:00,54.369998931884766,54.61000061035156,54.09000015258789,54.599998474121094,38.16471481323242,2466200,0.0,0.0
2018-06-11 00:00:00-04:00,54.68000030517578,54.959999084472656,54.16999816894531,54.20000076293945,37.8851318359375,2546100,0.0,0.0
2018-06-12 00:00:00-04:00,54.34000015258789,54.59000015258789,53.709999084472656,54.0,37.74532699584961,3205900,0.0,0.0
2018-06-13 00:00:00-04:00,54.18000030517578,54.70000076293945,53.75,53.790000915527344,37.59854507446289,3904500,0.0,0.0
2018-06-14 00:00:00-04:00,53.93000030517578,54.040000915527344,52.33000183105469,52.439998626708984,36.654911041259766,5731700,0.0,0.0
2018-06-15 00:00:00-04:00,52.2400016784668,52.4900016784668,51.720001220703125,52.31999969482422,36.57102584838867,8705500,0.0,0.0
2018-06-18 00:00:00-04:00,51.880001068115234,52.470001220703125,51.63999938964844,52.279998779296875,36.54306411743164,4350900,0.0,0.0
2018-06-19 00:00:00-04:00,51.91999816894531,52.27000045776367,51.72999954223633,52.22999954223633,36.50811767578125,4199500,0.0,0.0
2018-06-20 00:00:00-04:00,52.5,52.689998626708984,51.959999084472656,51.97999954223633,36.333377838134766,2515400,0.0,0.0
2018-06-21 00:00:00-04:00,51.790000915527344,52.470001220703125,51.40999984741211,52.060001373291016,36.389286041259766,3108700,0.0,0.0
2018-06-22 00:00:00-04:00,52.31999969482422,52.41999816894531,51.540000915527344,51.61000061035156,36.07475280761719,4474100,0.0,0.0
2018-06-25 00:00:00-04:00,51.5099983215332,51.869998931884766,50.970001220703125,51.709999084472656,36.14464569091797,5259800,0.0,0.0
2018-06-26 00:00:00-04:00,51.599998474121094,51.709999084472656,51.04999923706055,51.43000030517578,35.94892883300781,5900900,0.0,0.0
2018-06-27 00:00:00-04:00,51.2599983215332,51.86000061035156,50.689998626708984,50.689998626708984,35.43168640136719,5100800,0.0,0.0
2018-06-28 00:00:00-04:00,50.79999923706055,51.22999954223633,50.310001373291016,50.650001525878906,35.403709411621094,3282900,0.0,0.0
2018-06-29 00:00:00-04:00,51.150001525878906,51.4900016784668,50.439998626708984,50.439998626708984,35.256927490234375,4890600,0.0,0.0
2018-07-02 00:00:00-04:00,50.22999954223633,51.16999816894531,50.150001525878906,51.15999984741211,35.76020431518555,3088500,0.0,0.0
2018-07-03 00:00:00-04:00,51.279998779296875,51.4900016784668,50.38999938964844,50.47999954223633,35.28489685058594,1676000,0.0,0.0
2018-07-05 00:00:00-04:00,50.880001068115234,51.16999816894531,50.52000045776367,50.79999923706055,35.508567810058594,3673800,0.0,0.0
2018-07-06 00:00:00-04:00,50.68000030517578,51.459999084472656,50.369998931884766,51.209999084472656,35.79515838623047,2999500,0.0,0.0
2018-07-09 00:00:00-04:00,51.400001525878906,52.65999984741211,51.33000183105469,52.58000183105469,36.75276184082031,2939500,0.0,0.0
2018-07-10 00:00:00-04:00,52.72999954223633,52.90999984741211,52.099998474121094,52.31999969482422,36.57102584838867,3052900,0.0,0.0
2018-07-11 00:00:00-04:00,52.13999938964844,52.41999816894531,51.75,51.869998931884766,36.25648880004883,2747800,0.0,0.0
2018-07-12 00:00:00-04:00,52.25,52.310001373291016,51.189998626708984,51.54999923706055,36.03280258178711,3141200,0.0,0.0
2018-07-13 00:00:00-04:00,51.47999954223633,51.47999954223633,50.7400016784668,50.93000030517578,35.59943389892578,3676400,0.0,0.0
2018-07-16 00:00:00-04:00,51.11000061035156,51.75,51.11000061035156,51.63999938964844,36.0957145690918,2449600,0.0,0.0
2018-07-17 00:00:00-04:00,51.689998626708984,52.2400016784668,51.47999954223633,52.0,36.34736251831055,3945900,0.0,0.0
2018-07-18 00:00:00-04:00,51.84000015258789,53.04999923706055,51.099998474121094,52.97999954223633,37.03236389160156,5804000,0.0,0.0
2018-07-19 00:00:00-04:00,50.43000030517578,51.689998626708984,49.75,50.52000045776367,35.3128547668457,8124100,0.0,0.0
2018-07-20 00:00:00-04:00,50.5,50.77000045776367,49.709999084472656,49.939998626708984,34.90743637084961,6925300,0.0,0.0
2018-07-23 00:00:00-04:00,49.81999969482422,50.900001525878906,49.790000915527344,50.75,35.47361755371094,4984000,0.0,0.0
2018-07-24 00:00:00-04:00,50.869998931884766,51.5099983215332,50.68000030517578,50.849998474121094,35.543514251708984,5452400,0.0,0.0
2018-07-25 00:00:00-04:00,50.7599983215332,51.029998779296875,50.290000915527344,50.68000030517578,35.42469787597656,4543600,0.0,0.0
2018-07-26 00:00:00-04:00,50.81999969482422,51.52000045776367,50.81999969482422,51.060001373291016,35.6903076171875,3368500,0.0,0.0
2018-07-27 00:00:00-04:00,51.189998626708984,51.54999923706055,50.939998626708984,51.31999969482422,35.872047424316406,3049800,0.0,0.0
2018-07-30 00:00:00-04:00,51.380001068115234,51.869998931884766,51.33000183105469,51.439998626708984,35.9559211730957,3698400,0.0,0.0
2018-07-31 00:00:00-04:00,51.66999816894531,51.66999816894531,50.709999084472656,50.810001373291016,35.51557159423828,5439300,0.0,0.0
2018-08-01 00:00:00-04:00,50.9900016784668,51.52000045776367,50.959999084472656,51.11000061035156,35.72526168823242,3796000,0.0,0.0
2018-08-02 00:00:00-04:00,50.88999938964844,51.4900016784668,50.63999938964844,51.31999969482422,35.872047424316406,2542900,0.0,0.0
2018-08-03 00:00:00-04:00,51.22999954223633,51.630001068115234,51.22999954223633,51.599998474121094,36.067752838134766,2587400,0.0,0.0
2018-08-06 00:00:00-04:00,51.47999954223633,51.70000076293945,50.970001220703125,51.41999816894531,35.941932678222656,2379600,0.0,0.0
2018-08-07 00:00:00-04:00,51.56999969482422,52.099998474121094,51.56999969482422,51.709999084472656,36.14464569091797,3028000,0.0,0.0
2018-08-08 00:00:00-04:00,51.68000030517578,52.16999816894531,51.529998779296875,52.0099983215332,36.35434341430664,2046800,0.0,0.0
2018-08-09 00:00:00-04:00,51.4900016784668,51.59000015258789,51.06999969482422,51.20000076293945,36.069034576416016,2404000,0.405,0.0
2018-08-10 00:00:00-04:00,50.560001373291016,50.93000030517578,50.369998931884766,50.75,35.75202560424805,2589600,0.0,0.0
2018-08-13 00:00:00-04:00,50.72999954223633,51.0099983215332,50.45000076293945,50.5099983215332,35.582942962646484,2690100,0.0,0.0
2018-08-14 00:00:00-04:00,50.54999923706055,52.0099983215332,50.54999923706055,51.849998474121094,36.526939392089844,3963600,0.0,0.0
2018-08-15 00:00:00-04:00,51.47999954223633,51.72999954223633,51.099998474121094,51.33000183105469,36.160621643066406,2347200,0.0,0.0
2018-08-16 00:00:00-04:00,51.56999969482422,52.45000076293945,51.56999969482422,52.20000076293945,36.773502349853516,2746600,0.0,0.0
2018-08-17 00:00:00-04:00,52.06999969482422,52.56999969482422,52.029998779296875,52.43000030517578,36.9355354309082,2686700,0.0,0.0
2018-08-20 00:00:00-04:00,52.400001525878906,52.560001373291016,52.13999938964844,52.290000915527344,36.836910247802734,1982300,0.0,0.0
2018-08-21 00:00:00-04:00,52.38999938964844,53.08000183105469,52.130001068115234,52.709999084472656,37.13279342651367,2681700,0.0,0.0
2018-08-22 00:00:00-04:00,52.560001373291016,52.849998474121094,52.27000045776367,52.689998626708984,37.118690490722656,1839900,0.0,0.0
2018-08-23 00:00:00-04:00,52.630001068115234,52.70000076293945,51.869998931884766,52.0099983215332,36.63965606689453,2278800,0.0,0.0
2018-08-24 00:00:00-04:00,52.2400016784668,52.25,51.63999938964844,51.709999084472656,36.428314208984375,2042700,0.0,0.0
2018-08-27 00:00:00-04:00,51.91999816894531,52.4900016784668,51.75,52.25,36.8087272644043,2174700,0.0,0.0
2018-08-28 00:00:00-04:00,52.380001068115234,52.40999984741211,51.970001220703125,52.119998931884766,36.717140197753906,1504600,0.0,0.0
2018-08-29 00:00:00-04:00,52.220001220703125,52.220001220703125,51.66999816894531,52.0,36.63261032104492,1824300,0.0,0.0
2018-08-30 00:00:00-04:00,51.86000061035156,52.040000915527344,51.45000076293945,51.529998779296875,36.301513671875,1950200,0.0,0.0
2018-08-31 00:00:00-04:00,51.38999938964844,51.70000076293945,51.189998626708984,51.65999984741211,36.393096923828125,2022600,0.0,0.0
2018-09-04 00:00:00-04:00,51.650001525878906,52.189998626708984,51.40999984741211,52.13999938964844,36.731239318847656,2908800,0.0,0.0
2018-09-05 00:00:00-04:00,52.150001525878906,52.58000183105469,52.13999938964844,52.31999969482422,36.85804748535156,2142300,0.0,0.0
2018-09-06 00:00:00-04:00,52.400001525878906,52.47999954223633,52.11000061035156,52.25,36.8087272644043,1932600,0.0,0.0
2018-09-07 00:00:00-04:00,52.470001220703125,52.5,51.709999084472656,51.97999954223633,36.6185188293457,1898900,0.0,0.0
2018-09-10 00:00:00-04:00,52.15999984741211,52.220001220703125,51.70000076293945,51.7599983215332,36.463531494140625,1327400,0.0,0.0
2018-09-11 00:00:00-04:00,51.650001525878906,52.15999984741211,51.650001525878906,51.869998931884766,36.54103469848633,1402400,0.0,0.0
2018-09-12 00:00:00-04:00,51.75,51.91999816894531,50.650001525878906,50.66999816894531,35.69565963745117,2713800,0.0,0.0
2018-09-13 00:00:00-04:00,50.849998474121094,50.880001068115234,49.93000030517578,49.959999084472656,35.195491790771484,3919800,0.0,0.0
2018-09-14 00:00:00-04:00,50.02000045776367,50.310001373291016,49.91999816894531,50.209999084472656,35.371612548828125,3821600,0.0,0.0
2018-09-17 00:00:00-04:00,50.40999984741211,50.47999954223633,50.099998474121094,50.2400016784668,35.39274215698242,2728000,0.0,0.0
2018-09-18 00:00:00-04:00,50.290000915527344,50.31999969482422,49.900001525878906,50.060001373291016,35.26593780517578,2489000,0.0,0.0
2018-09-19 00:00:00-04:00,50.18000030517578,51.16999816894531,50.02000045776367,50.970001220703125,35.907005310058594,3382400,0.0,0.0
2018-09-20 00:00:00-04:00,51.22999954223633,51.790000915527344,51.22999954223633,51.56999969482422,36.32968521118164,2625800,0.0,0.0
2018-09-21 00:00:00-04:00,51.630001068115234,51.709999084472656,51.279998779296875,51.439998626708984,36.23810577392578,4819600,0.0,0.0
2018-09-24 00:00:00-04:00,51.36000061035156,51.41999816894531,50.63999938964844,50.68000030517578,35.70271301269531,2643100,0.0,0.0
2018-09-25 00:00:00-04:00,50.900001525878906,50.90999984741211,50.2599983215332,50.310001373291016,35.44205093383789,2310600,0.0,0.0
2018-09-26 00:00:00-04:00,50.540000915527344,50.619998931884766,49.66999816894531,49.75,35.04754638671875,2796400,0.0,0.0
2018-09-27 00:00:00-04:00,49.75,49.75,48.86000061035156,48.900001525878906,34.448753356933594,3251600,0.0,0.0
2018-09-28 00:00:00-04:00,48.59000015258789,48.849998474121094,48.40999984741211,48.540000915527344,34.19512939453125,3312200,0.0,0.0
2018-10-01 00:00:00-04:00,48.91999816894531,49.0099983215332,48.18000030517578,48.349998474121094,34.061279296875,2340800,0.0,0.0
2018-10-02 00:00:00-04:00,48.290000915527344,48.58000183105469,47.849998474121094,48.27000045776367,34.004920959472656,2997800,0.0,0.0
2018-10-03 00:00:00-04:00,48.52000045776367,49.25,48.29999923706055,48.959999084472656,34.49100875854492,4239400,0.0,0.0
2018-10-04 00:00:00-04:00,48.9900016784668,50.130001068115234,48.93000030517578,49.38999938964844,34.79393768310547,4017300,0.0,0.0
2018-10-05 00:00:00-04:00,49.58000183105469,49.86000061035156,48.900001525878906,48.9900016784668,34.512149810791016,3223600,0.0,0.0
2018-10-08 00:00:00-04:00,48.939998626708984,50.0,48.900001525878906,49.7400016784668,35.040504455566406,3573800,0.0,0.0
2018-10-09 00:00:00-04:00,49.58000183105469,49.66999816894531,49.220001220703125,49.43000030517578,34.82211685180664,3405700,0.0,0.0
2018-10-10 00:00:00-04:00,49.650001525878906,50.15999984741211,48.70000076293945,48.72999954223633,34.32898712158203,4094300,0.0,0.0
2018-10-11 00:00:00-04:00,48.54999923706055,48.880001068115234,47.29999923706055,47.439998626708984,33.42021179199219,6866800,0.0,0.0
2018-10-12 00:00:00-04:00,48.02000045776367,48.189998626708984,45.93000030517578,46.880001068115234,33.02570724487305,5779500,0.0,0.0
2018-10-15 00:00:00-04:00,46.90999984741211,47.27000045776367,46.630001068115234,46.790000915527344,32.96229934692383,4365400,0.0,0.0
2018-10-16 00:00:00-04:00,47.099998474121094,47.13999938964844,46.41999816894531,47.09000015258789,33.17364501953125,3825600,0.0,0.0
2018-10-17 00:00:00-04:00,46.959999084472656,48.15999984741211,46.619998931884766,47.709999084472656,33.610416412353516,5117800,0.0,0.0
2018-10-18 00:00:00-04:00,48.599998474121094,49.599998474121094,48.130001068115234,48.279998779296875,34.01197052001953,5202200,0.0,0.0
2018-10-19 00:00:00-04:00,48.16999816894531,49.27000045776367,47.779998779296875,48.91999816894531,34.46284103393555,5851000,0.0,0.0
2018-10-22 00:00:00-04:00,48.88999938964844,49.150001525878906,47.040000915527344,47.08000183105469,33.166603088378906,6734400,0.0,0.0
2018-10-23 00:00:00-04:00,46.27000045776367,47.400001525878906,46.11000061035156,47.099998474121094,33.180694580078125,6189600,0.0,0.0
2018-10-24 00:00:00-04:00,47.060001373291016,47.060001373291016,45.97999954223633,46.060001373291016,32.44804382324219,6351600,0.0,0.0
2018-10-25 00:00:00-04:00,46.540000915527344,47.47999954223633,46.34000015258789,47.0099983215332,33.11729431152344,5963500,0.0,0.0
2018-10-26 00:00:00-04:00,46.599998474121094,47.0,46.13999938964844,46.47999954223633,32.74391555786133,8930500,0.0,0.0
2018-10-29 00:00:00-04:00,47.25,48.15999984741211,47.150001525878906,47.77000045776367,33.652687072753906,7159000,0.0,0.0
2018-10-30 00:00:00-04:00,48.0099983215332,48.40999984741211,47.20000076293945,48.279998779296875,34.01197052001953,6667100,0.0,0.0
2018-10-31 00:00:00-04:00,48.65999984741211,49.72999954223633,48.599998474121094,49.15999984741211,34.631900787353516,6567800,0.0,0.0
2018-11-01 00:00:00-04:00,49.400001525878906,49.56999969482422,48.95000076293945,49.20000076293945,34.660091400146484,4756500,0.0,0.0
2018-11-02 00:00:00-04:00,49.59000015258789,49.88999938964844,48.7599983215332,49.16999816894531,34.63894271850586,4216400,0.0,0.0
2018-11-05 00:00:00-05:00,49.369998931884766,49.849998474121094,49.220001220703125,49.72999954223633,35.0334587097168,5007900,0.0,0.0
2018-11-06 00:00:00-05:00,49.619998931884766,50.09000015258789,49.38999938964844,49.970001220703125,35.20253372192383,4853700,0.0,0.0
2018-11-07 00:00:00-05:00,50.040000915527344,50.36000061035156,49.220001220703125,50.150001525878906,35.3293342590332,3967800,0.0,0.0
2018-11-08 00:00:00-05:00,49.540000915527344,50.33000183105469,49.540000915527344,50.130001068115234,35.602760314941406,6589000,0.405,0.0
2018-11-09 00:00:00-05:00,50.20000076293945,50.970001220703125,50.15999984741211,50.7599983215332,36.050201416015625,8034400,0.0,0.0
2018-11-12 00:00:00-05:00,50.779998779296875,51.11000061035156,50.459999084472656,50.540000915527344,35.89396286010742,8184300,0.0,0.0
2018-11-13 00:00:00-05:00,50.470001220703125,51.349998474121094,50.400001525878906,51.06999969482422,36.27036666870117,5279200,0.0,0.0
2018-11-14 00:00:00-05:00,51.36000061035156,51.77000045776367,49.70000076293945,50.52000045776367,35.87974548339844,5691200,0.0,0.0
2018-11-15 00:00:00-05:00,50.06999969482422,51.369998931884766,49.68000030517578,51.33000183105469,36.45502471923828,5780100,0.0,0.0
2018-11-16 00:00:00-05:00,50.95000076293945,51.709999084472656,50.849998474121094,51.40999984741211,36.51182556152344,4894200,0.0,0.0
2018-11-19 00:00:00-05:00,51.380001068115234,52.11000061035156,51.189998626708984,51.63999938964844,36.6751708984375,4226400,0.0,0.0
2018-11-20 00:00:00-05:00,51.22999954223633,51.65999984741211,50.709999084472656,50.939998626708984,36.178043365478516,5243500,0.0,0.0
2018-11-21 00:00:00-05:00,51.11000061035156,51.310001373291016,50.11000061035156,50.41999816894531,35.808719635009766,3766600,0.0,0.0
2018-11-23 00:00:00-05:00,49.970001220703125,50.790000915527344,49.779998779296875,50.369998931884766,35.77321243286133,1407100,0.0,0.0
2018-11-26 00:00:00-05:00,50.97999954223633,51.58000183105469,50.93000030517578,51.119998931884766,36.30587387084961,3191700,0.0,0.0
2018-11-27 00:00:00-05:00,50.86000061035156,51.25,50.5,50.95000076293945,36.18513488769531,3977000,0.0,0.0
2018-11-28 00:00:00-05:00,51.029998779296875,51.349998474121094,50.290000915527344,50.93000030517578,36.170936584472656,3846900,0.0,0.0
2018-11-29 00:00:00-05:00,50.59000015258789,50.95000076293945,50.20000076293945,50.599998474121094,35.93656539916992,3713000,0.0,0.0
2018-11-30 00:00:00-05:00,50.54999923706055,51.36000061035156,50.43000030517578,51.099998474121094,36.29167175292969,4685400,0.0,0.0
2018-12-03 00:00:00-05:00,51.619998931884766,51.77000045776367,50.540000915527344,50.72999954223633,36.028892517089844,4544900,0.0,0.0
2018-12-04 00:00:00-05:00,50.4900016784668,50.56999969482422,48.0099983215332,48.369998931884766,34.35279846191406,5791600,0.0,0.0
2018-12-06 00:00:00-05:00,47.560001373291016,48.18000030517578,46.90999984741211,48.13999938964844,34.189453125,6818600,0.0,0.0
2018-12-07 00:00:00-05:00,48.150001525878906,48.66999816894531,47.31999969482422,47.65999984741211,33.84855270385742,5524500,0.0,0.0
2018-12-10 00:00:00-05:00,47.599998474121094,47.65999984741211,46.25,46.95000076293945,33.34431076049805,5942800,0.0,0.0
2018-12-11 00:00:00-05:00,47.310001373291016,47.689998626708984,46.2599983215332,46.560001373291016,33.067317962646484,4734200,0.0,0.0
2018-12-12 00:00:00-05:00,47.099998474121094,47.369998931884766,46.65999984741211,46.81999969482422,33.25196838378906,4394700,0.0,0.0
2018-12-13 00:00:00-05:00,46.91999816894531,47.02000045776367,45.79999923706055,46.02000045776367,32.68381118774414,4718700,0.0,0.0
2018-12-14 00:00:00-05:00,45.689998626708984,46.400001525878906,45.59000015258789,45.65999984741211,32.428131103515625,5380600,0.0,0.0
2018-12-17 00:00:00-05:00,45.43000030517578,45.959999084472656,44.939998626708984,45.150001525878906,32.06593322753906,4859000,0.0,0.0
2018-12-18 00:00:00-05:00,45.2400016784668,45.470001220703125,43.88999938964844,44.15999984741211,31.362821578979492,5398100,0.0,0.0
2018-12-19 00:00:00-05:00,44.0099983215332,44.5,42.959999084472656,43.29999923706055,30.752038955688477,6380300,0.0,0.0
2018-12-20 00:00:00-05:00,42.779998779296875,43.54999923706055,42.709999084472656,43.189998626708984,30.67391014099121,7860400,0.0,0.0
2018-12-21 00:00:00-05:00,42.880001068115234,43.72999954223633,42.2599983215332,42.380001068115234,30.098648071289062,9199000,0.0,0.0
2018-12-24 00:00:00-05:00,42.06999969482422,42.41999816894531,41.25,41.27000045776367,29.310317993164062,3379000,0.0,0.0
2018-12-26 00:00:00-05:00,41.279998779296875,42.83000183105469,40.68000030517578,42.83000183105469,30.41823959350586,5577500,0.0,0.0
2018-12-27 00:00:00-05:00,42.310001373291016,42.97999954223633,41.47999954223633,42.97999954223633,30.52477264404297,6295300,0.0,0.0
2018-12-28 00:00:00-05:00,43.11000061035156,43.4900016784668,42.61000061035156,42.95000076293945,30.503477096557617,4593600,0.0,0.0
2018-12-31 00:00:00-05:00,43.0099983215332,43.45000076293945,42.63999938964844,43.31999969482422,30.766239166259766,3694100,0.0,0.0
2019-01-02 00:00:00-05:00,42.86000061035156,44.45000076293945,42.790000915527344,44.38999938964844,31.52617073059082,4831900,0.0,0.0
2019-01-03 00:00:00-05:00,44.220001220703125,44.790000915527344,43.959999084472656,44.09000015258789,31.31310272216797,3530600,0.0,0.0
2019-01-04 00:00:00-05:00,44.869998931884766,45.41999816894531,44.70000076293945,45.25,32.13694763183594,3267200,0.0,0.0
2019-01-07 00:00:00-05:00,45.130001068115234,46.040000915527344,44.86000061035156,45.61000061035156,32.39260482788086,3584400,0.0,0.0
2019-01-08 00:00:00-05:00,45.790000915527344,45.959999084472656,45.06999969482422,45.720001220703125,32.47075271606445,3389300,0.0,0.0
2019-01-09 00:00:00-05:00,45.84000015258789,46.290000915527344,45.619998931884766,46.150001525878906,32.77614212036133,5827000,0.0,0.0
2019-01-10 00:00:00-05:00,45.20000076293945,46.13999938964844,45.20000076293945,45.86000061035156,32.57017517089844,6726800,0.0,0.0
2019-01-11 00:00:00-05:00,44.83000183105469,45.7599983215332,44.779998779296875,45.61000061035156,32.39260482788086,11337100,0.0,0.0
2019-01-14 00:00:00-05:00,45.20000076293945,46.349998474121094,45.20000076293945,46.150001525878906,32.77614212036133,9035300,0.0,0.0
2019-01-15 00:00:00-05:00,46.02000045776367,46.38999938964844,45.540000915527344,46.34000015258789,32.911075592041016,6512500,0.0,0.0
2019-01-16 00:00:00-05:00,46.779998779296875,47.849998474121094,46.560001373291016,47.540000915527344,33.76332473754883,7020000,0.0,0.0
2019-01-17 00:00:00-05:00,46.75,48.45000076293945,46.54999923706055,48.279998779296875,34.288883209228516,5811600,0.0,0.0
2019-01-18 00:00:00-05:00,48.4900016784668,49.40999984741211,48.189998626708984,49.290000915527344,35.006195068359375,5214600,0.0,0.0
2019-01-22 00:00:00-05:00,49.04999923706055,49.61000061035156,48.900001525878906,49.13999938964844,34.8996696472168,6608300,0.0,0.0
2019-01-23 00:00:00-05:00,49.400001525878906,49.68000030517578,49.220001220703125,49.40999984741211,35.09142303466797,6495900,0.0,0.0
2019-01-24 00:00:00-05:00,49.16999816894531,49.459999084472656,48.7400016784668,49.25,34.977779388427734,3664000,0.0,0.0
2019-01-25 00:00:00-05:00,49.29999923706055,49.619998931884766,48.970001220703125,49.369998931884766,35.06300354003906,3910200,0.0,0.0
2019-01-28 00:00:00-05:00,49.02000045776367,49.459999084472656,48.810001373291016,49.27000045776367,34.99198532104492,3229800,0.0,0.0
2019-01-29 00:00:00-05:00,49.130001068115234,49.540000915527344,49.130001068115234,49.310001373291016,35.0203971862793,2724800,0.0,0.0
2019-01-30 00:00:00-05:00,49.400001525878906,49.40999984741211,48.880001068115234,48.97999954223633,34.78602981567383,3808300,0.0,0.0
2019-01-31 00:00:00-05:00,48.65999984741211,48.869998931884766,47.880001068115234,48.79999923706055,34.65818786621094,4979300,0.0,0.0
2019-02-01 00:00:00-05:00,48.88999938964844,49.11000061035156,48.65999984741211,48.869998931884766,34.707908630371094,4353200,0.0,0.0
2019-02-04 00:00:00-05:00,48.900001525878906,49.08000183105469,48.630001068115234,49.08000183105469,34.8570442199707,3290500,0.0,0.0
2019-02-05 00:00:00-05:00,49.029998779296875,49.099998474121094,48.45000076293945,48.790000915527344,34.65108871459961,3264100,0.0,0.0
2019-02-06 00:00:00-05:00,48.66999816894531,49.06999969482422,48.43000030517578,48.529998779296875,34.466426849365234,2566600,0.0,0.0
2019-02-07 00:00:00-05:00,51.0099983215332,51.5,48.90999984741211,50.459999084472656,35.83712387084961,25599100,0.0,0.0
2019-02-08 00:00:00-05:00,50.459999084472656,50.68000030517578,49.68000030517578,50.2400016784668,35.68089294433594,12227800,0.0,0.0
2019-02-11 00:00:00-05:00,50.45000076293945,50.66999816894531,50.189998626708984,50.56999969482422,35.91526412963867,7548100,0.0,0.0
2019-02-12 00:00:00-05:00,50.63999938964844,51.13999938964844,50.5,50.81999969482422,36.38420486450195,6915200,0.405,0.0
2019-02-13 00:00:00-05:00,50.79999923706055,51.040000915527344,50.29999923706055,50.459999084472656,36.12645721435547,6208400,0.0,0.0
2019-02-14 00:00:00-05:00,49.9900016784668,50.0,49.33000183105469,49.7400016784668,35.610992431640625,6103000,0.0,0.0
2019-02-15 00:00:00-05:00,50.2599983215332,50.849998474121094,50.150001525878906,50.70000076293945,36.29827880859375,8069300,0.0,0.0
2019-02-19 00:00:00-05:00,50.470001220703125,51.130001068115234,50.02000045776367,51.11000061035156,36.59183120727539,6593500,0.0,0.0
2019-02-20 00:00:00-05:00,51.04999923706055,51.79999923706055,50.880001068115234,51.779998779296875,37.071510314941406,7217200,0.0,0.0
2019-02-21 00:00:00-05:00,51.810001373291016,52.08000183105469,51.56999969482422,51.83000183105469,37.1072998046875,8042200,0.0,0.0
2019-02-22 00:00:00-05:00,51.91999816894531,51.91999816894531,51.29999923706055,51.4900016784668,36.86388397216797,4479600,0.0,0.0
2019-02-25 00:00:00-05:00,51.77000045776367,51.880001068115234,51.18000030517578,51.2599983215332,36.69921875,5089400,0.0,0.0
2019-02-26 00:00:00-05:00,51.060001373291016,51.470001220703125,50.58000183105469,50.869998931884766,36.41999053955078,5448600,0.0,0.0
2019-02-27 00:00:00-05:00,50.95000076293945,51.20000076293945,50.650001525878906,51.060001373291016,36.556034088134766,4456900,0.0,0.0
2019-02-28 00:00:00-05:00,51.18000030517578,51.27000045776367,50.810001373291016,50.970001220703125,36.491600036621094,5026500,0.0,0.0
2019-03-01 00:00:00-05:00,51.0,51.939998626708984,50.939998626708984,51.79999923706055,37.08582305908203,8588100,0.0,0.0
2019-03-04 00:00:00-05:00,51.970001220703125,52.45000076293945,51.29999923706055,51.83000183105469,37.1072998046875,6301600,0.0,0.0
2019-03-05 00:00:00-05:00,51.72999954223633,51.959999084472656,50.91999816894531,51.70000076293945,37.01423645019531,6038700,0.0,0.0
2019-03-06 00:00:00-05:00,51.5099983215332,51.58000183105469,50.380001068115234,50.599998474121094,36.22669219970703,5301100,0.0,0.0
2019-03-07 00:00:00-05:00,50.220001220703125,50.2599983215332,49.29999923706055,49.529998779296875,35.460636138916016,6541200,0.0,0.0
2019-03-08 00:00:00-05:00,49.15999984741211,49.599998474121094,48.97999954223633,49.599998474121094,35.51075744628906,3446400,0.0,0.0
2019-03-11 00:00:00-04:00,49.720001220703125,50.06999969482422,49.400001525878906,49.91999816894531,35.73984909057617,3858000,0.0,0.0
2019-03-12 00:00:00-04:00,50.06999969482422,50.20000076293945,49.45000076293945,49.58000183105469,35.49643325805664,6432200,0.0,0.0
2019-03-13 00:00:00-04:00,49.709999084472656,50.150001525878906,49.31999969482422,50.0,35.7971305847168,4905900,0.0,0.0
2019-03-14 00:00:00-04:00,50.08000183105469,50.290000915527344,49.83000183105469,50.130001068115234,35.890193939208984,3081000,0.0,0.0
2019-03-15 00:00:00-04:00,50.02000045776367,50.400001525878906,49.81999969482422,49.97999954223633,35.78281021118164,7042000,0.0,0.0
2019-03-18 00:00:00-04:00,50.0,50.689998626708984,49.97999954223633,50.47999954223633,36.14078903198242,5047100,0.0,0.0
2019-03-19 00:00:00-04:00,50.68000030517578,50.81999969482422,49.43000030517578,49.47999954223633,35.42483901977539,5042300,0.0,0.0
2019-03-20 00:00:00-04:00,49.34000015258789,49.4900016784668,47.9900016784668,48.02000045776367,34.37956619262695,9284400,0.0,0.0
2019-03-21 00:00:00-04:00,47.68000030517578,47.7599983215332,47.0099983215332,47.13999938964844,33.749534606933594,6192400,0.0,0.0
2019-03-22 00:00:00-04:00,46.59000015258789,46.790000915527344,45.02000045776367,45.09000015258789,32.28184509277344,9014000,0.0,0.0
2019-03-25 00:00:00-04:00,45.20000076293945,45.779998779296875,44.5099983215332,44.869998931884766,32.12434005737305,6108000,0.0,0.0
2019-03-26 00:00:00-04:00,45.36000061035156,45.849998474121094,44.75,45.33000183105469,32.45367431640625,7744600,0.0,0.0
2019-03-27 00:00:00-04:00,45.119998931884766,45.630001068115234,44.84000015258789,45.400001525878906,32.5037956237793,12764200,0.0,0.0
2019-03-28 00:00:00-04:00,45.56999969482422,46.349998474121094,45.43000030517578,46.310001373291016,33.155303955078125,7830000,0.0,0.0
2019-03-29 00:00:00-04:00,46.709999084472656,46.88999938964844,46.25,46.529998779296875,33.31280517578125,8284100,0.0,0.0
2019-04-01 00:00:00-04:00,46.880001068115234,48.09000015258789,46.849998474121094,48.02000045776367,34.37956619262695,6699600,0.0,0.0
2019-04-02 00:00:00-04:00,47.95000076293945,48.86000061035156,47.650001525878906,48.4900016784668,34.716060638427734,6120600,0.0,0.0
2019-04-03 00:00:00-04:00,48.900001525878906,49.369998931884766,48.189998626708984,48.40999984741211,34.658775329589844,5678000,0.0,0.0
2019-04-04 00:00:00-04:00,48.11000061035156,48.68000030517578,47.93000030517578,48.45000076293945,34.68742370605469,5199700,0.0,0.0
2019-04-05 00:00:00-04:00,48.400001525878906,48.709999084472656,48.029998779296875,48.369998931884766,34.63013458251953,4610800,0.0,0.0
2019-04-08 00:00:00-04:00,48.15999984741211,48.619998931884766,48.08000183105469,48.540000915527344,34.75184631347656,3526300,0.0,0.0
2019-04-09 00:00:00-04:00,48.189998626708984,48.38999938964844,47.70000076293945,47.900001525878906,34.29365158081055,4418800,0.0,0.0
2019-04-10 00:00:00-04:00,48.0,48.20000076293945,47.5,48.11000061035156,34.444000244140625,3792000,0.0,0.0
2019-04-11 00:00:00-04:00,48.33000183105469,48.779998779296875,48.20000076293945,48.439998626708984,34.680259704589844,5130800,0.0,0.0
2019-04-12 00:00:00-04:00,49.16999816894531,49.68000030517578,48.59000015258789,49.2599983215332,35.26732635498047,5335800,0.0,0.0
2019-04-15 00:00:00-04:00,49.2599983215332,49.33000183105469,48.47999954223633,48.59000015258789,34.787654876708984,3804700,0.0,0.0
2019-04-16 00:00:00-04:00,48.7400016784668,49.56999969482422,48.47999954223633,49.5099983215332,35.446319580078125,3136600,0.0,0.0
2019-04-17 00:00:00-04:00,49.689998626708984,50.08000183105469,49.15999984741211,49.84000015258789,35.68257141113281,5182200,0.0,0.0
2019-04-18 00:00:00-04:00,49.81999969482422,49.93000030517578,48.279998779296875,49.349998474121094,35.33177185058594,6679000,0.0,0.0
2019-04-22 00:00:00-04:00,49.16999816894531,49.56999969482422,48.86000061035156,49.2400016784668,35.253013610839844,4534500,0.0,0.0
2019-04-23 00:00:00-04:00,49.380001068115234,49.560001373291016,48.77000045776367,49.540000915527344,35.467803955078125,5886200,0.0,0.0
2019-04-24 00:00:00-04:00,49.29999923706055,49.9900016784668,49.119998931884766,49.84000015258789,35.68257141113281,5492500,0.0,0.0
2019-04-25 00:00:00-04:00,49.63999938964844,50.470001220703125,49.47999954223633,50.209999084472656,35.94747543334961,5425600,0.0,0.0
2019-04-26 00:00:00-04:00,50.27000045776367,50.790000915527344,50.119998931884766,50.72999954223633,36.31977462768555,6828400,0.0,0.0
2019-04-29 00:00:00-04:00,50.77000045776367,51.7599983215332,50.70000076293945,51.29999923706055,36.727848052978516,4976400,0.0,0.0
2019-04-30 00:00:00-04:00,51.189998626708984,51.43000030517578,50.77000045776367,51.20000076293945,36.65626525878906,5217100,0.0,0.0
2019-05-01 00:00:00-04:00,51.06999969482422,51.41999816894531,50.52000045776367,50.68000030517578,36.28397750854492,5977300,0.0,0.0
2019-05-02 00:00:00-04:00,50.75,51.11000061035156,50.27000045776367,50.540000915527344,36.183746337890625,4497500,0.0,0.0
2019-05-03 00:00:00-04:00,50.65999984741211,51.119998931884766,50.630001068115234,50.970001220703125,36.491600036621094,3775800,0.0,0.0
2019-05-06 00:00:00-04:00,50.290000915527344,51.040000915527344,50.029998779296875,50.790000915527344,36.36272430419922,2854800,0.0,0.0
2019-05-07 00:00:00-04:00,50.18000030517578,50.31999969482422,49.4900016784668,49.81999969482422,35.66826248168945,4211800,0.0,0.0
2019-05-08 00:00:00-04:00,49.779998779296875,49.939998626708984,49.29999923706055,49.33000183105469,35.31745529174805,3321600,0.0,0.0
2019-05-09 00:00:00-04:00,48.779998779296875,49.61000061035156,48.65999984741211,49.5,35.43915939331055,4827900,0.0,0.0
2019-05-10 00:00:00-04:00,49.18000030517578,50.02000045776367,48.810001373291016,49.86000061035156,35.696903228759766,3631400,0.0,0.0
2019-05-13 00:00:00-04:00,48.939998626708984,49.16999816894531,48.06999969482422,48.22999954223633,34.529911041259766,5807200,0.0,0.0
2019-05-14 00:00:00-04:00,48.0,48.630001068115234,47.810001373291016,48.040000915527344,34.685142517089844,3726000,0.405,0.0
2019-05-15 00:00:00-04:00,47.58000183105469,47.77000045776367,46.86000061035156,47.59000015258789,34.36024856567383,4005700,0.0,0.0
2019-05-16 00:00:00-04:00,47.84000015258789,48.45000076293945,47.720001220703125,48.189998626708984,34.79344177246094,3638900,0.0,0.0
2019-05-17 00:00:00-04:00,47.7400016784668,48.63999938964844,47.59000015258789,47.880001068115234,34.569618225097656,7093700,0.0,0.0
2019-05-20 00:00:00-04:00,47.88999938964844,48.599998474121094,47.86000061035156,48.34000015258789,34.90174865722656,4101600,0.0,0.0
2019-05-21 00:00:00-04:00,48.5099983215332,48.900001525878906,48.5,48.779998779296875,35.21943664550781,3254800,0.0,0.0
2019-05-22 00:00:00-04:00,48.63999938964844,49.20000076293945,48.40999984741211,48.9900016784668,35.37104797363281,4673500,0.0,0.0
2019-05-23 00:00:00-04:00,48.70000076293945,48.70000076293945,47.83000183105469,48.11000061035156,34.73568344116211,5005500,0.0,0.0
2019-05-24 00:00:00-04:00,48.27000045776367,48.470001220703125,48.099998474121094,48.33000183105469,34.8945198059082,3693800,0.0,0.0
2019-05-28 00:00:00-04:00,48.2400016784668,48.5,47.560001373291016,47.619998931884766,34.381900787353516,6264500,0.0,0.0
2019-05-29 00:00:00-04:00,47.27000045776367,47.7400016784668,46.91999816894531,47.65999984741211,34.410789489746094,3855700,0.0,0.0
2019-05-30 00:00:00-04:00,47.77000045776367,48.04999923706055,46.88999938964844,47.290000915527344,34.143638610839844,3197400,0.0,0.0
2019-05-31 00:00:00-04:00,46.75,47.02000045776367,46.529998779296875,46.75,33.75375747680664,3901800,0.0,0.0
2019-06-03 00:00:00-04:00,46.66999816894531,47.369998931884766,46.54999923706055,47.06999969482422,33.98478698730469,4588300,0.0,0.0
2019-06-04 00:00:00-04:00,47.790000915527344,48.880001068115234,47.619998931884766,48.83000183105469,35.25552749633789,4917400,0.0,0.0
2019-06-05 00:00:00-04:00,48.810001373291016,49.380001068115234,48.400001525878906,49.33000183105469,35.61653137207031,4005400,0.0,0.0
2019-06-06 00:00:00-04:00,49.15999984741211,49.36000061035156,48.83000183105469,49.25,35.55876922607422,5370400,0.0,0.0
2019-06-07 00:00:00-04:00,49.20000076293945,49.27000045776367,48.529998779296875,48.83000183105469,35.25552749633789,3645900,0.0,0.0
2019-06-10 00:00:00-04:00,49.279998779296875,49.900001525878906,49.029998779296875,49.58000183105469,35.797035217285156,3006200,0.0,0.0
2019-06-11 00:00:00-04:00,49.880001068115234,50.310001373291016,49.68000030517578,50.060001373291016,36.14359664916992,3209700,0.0,0.0
2019-06-12 00:00:00-04:00,50.189998626708984,50.5,49.5,49.59000015258789,35.80424499511719,3650800,0.0,0.0
2019-06-13 00:00:00-04:00,49.59000015258789,50.15999984741211,49.56999969482422,49.72999954223633,35.90532684326172,3454400,0.0,0.0
2019-06-14 00:00:00-04:00,49.75,50.18000030517578,49.33000183105469,50.060001373291016,36.14359664916992,2947200,0.0,0.0
2019-06-17 00:00:00-04:00,50.08000183105469,50.34000015258789,48.86000061035156,48.970001220703125,35.35660934448242,3072400,0.0,0.0
2019-06-18 00:00:00-04:00,48.7400016784668,49.61000061035156,48.630001068115234,49.369998931884766,35.64541244506836,4128900,0.0,0.0
2019-06-19 00:00:00-04:00,49.63999938964844,50.290000915527344,49.0099983215332,49.04999923706055,35.414371490478516,4499600,0.0,0.0
2019-06-20 00:00:00-04:00,49.349998474121094,49.380001068115234,47.97999954223633,48.709999084472656,35.16888427734375,4004500,0.0,0.0
2019-06-21 00:00:00-04:00,48.709999084472656,49.2400016784668,48.560001373291016,48.630001068115234,35.11112976074219,6221300,0.0,0.0
2019-06-24 00:00:00-04:00,48.56999969482422,49.130001068115234,48.22999954223633,48.4900016784668,35.01004409790039,2834500,0.0,0.0
2019-06-25 00:00:00-04:00,48.45000076293945,48.58000183105469,47.779998779296875,48.33000183105469,34.8945198059082,4348300,0.0,0.0
2019-06-26 00:00:00-04:00,48.47999954223633,48.77000045776367,48.060001373291016,48.08000183105469,34.71403121948242,3797000,0.0,0.0
2019-06-27 00:00:00-04:00,48.220001220703125,48.38999938964844,47.75,48.18000030517578,34.78623580932617,6204400,0.0,0.0
2019-06-28 00:00:00-04:00,48.70000076293945,49.290000915527344,48.52000045776367,49.130001068115234,35.47212600708008,7337800,0.0,0.0
2019-07-01 00:00:00-04:00,49.529998779296875,49.959999084472656,49.20000076293945,49.560001373291016,35.7825927734375,3722800,0.0,0.0
2019-07-02 00:00:00-04:00,49.38999938964844,49.63999938964844,48.66999816894531,48.790000915527344,35.226646423339844,3034900,0.0,0.0
2019-07-03 00:00:00-04:00,49.220001220703125,49.27000045776367,48.7599983215332,49.06999969482422,35.42879867553711,2586400,0.0,0.0
2019-07-05 00:00:00-04:00,49.400001525878906,49.959999084472656,49.380001068115234,49.939998626708984,36.05695343017578,3302200,0.0,0.0
2019-07-08 00:00:00-04:00,49.5099983215332,49.560001373291016,49.18000030517578,49.38999938964844,35.65985107421875,3349000,0.0,0.0
2019-07-09 00:00:00-04:00,49.25,50.209999084472656,49.040000915527344,50.04999923706055,36.136383056640625,4756500,0.0,0.0
2019-07-10 00:00:00-04:00,50.040000915527344,50.040000915527344,49.61000061035156,49.75,35.919776916503906,4246000,0.0,0.0
2019-07-11 00:00:00-04:00,49.790000915527344,50.40999984741211,49.58000183105469,50.310001373291016,36.324092864990234,3452900,0.0,0.0
2019-07-12 00:00:00-04:00,50.470001220703125,50.560001373291016,50.220001220703125,50.45000076293945,36.4251708984375,3896000,0.0,0.0
2019-07-15 00:00:00-04:00,50.4900016784668,50.4900016784668,49.77000045776367,49.970001220703125,36.07861328125,5197600,0.0,0.0
2019-07-16 00:00:00-04:00,50.0,50.0,49.38999938964844,49.63999938964844,35.84033966064453,4114200,0.0,0.0
2019-07-17 00:00:00-04:00,49.4900016784668,49.75,49.29999923706055,49.63999938964844,35.84033966064453,5221400,0.0,0.0
2019-07-18 00:00:00-04:00,49.75,51.290000915527344,49.29999923706055,51.029998779296875,36.84394454956055,5878700,0.0,0.0
2019-07-19 00:00:00-04:00,50.9900016784668,51.16999816894531,50.459999084472656,50.650001525878906,36.56957244873047,5127400,0.0,0.0
2019-07-22 00:00:00-04:00,50.5,50.77000045776367,50.25,50.439998626708984,36.417945861816406,4737300,0.0,0.0
2019-07-23 00:00:00-04:00,50.58000183105469,51.209999084472656,50.4900016784668,50.97999954223633,36.807830810546875,3381500,0.0,0.0
2019-07-24 00:00:00-04:00,50.97999954223633,51.65999984741211,50.75,51.540000915527344,37.21216583251953,3918800,0.0,0.0
2019-07-25 00:00:00-04:00,51.40999984741211,51.77000045776367,51.0,51.25,37.002777099609375,5677100,0.0,0.0
2019-07-26 00:00:00-04:00,51.349998474121094,51.75,51.220001220703125,51.650001525878906,37.29158020019531,3409700,0.0,0.0
2019-07-29 00:00:00-04:00,51.59000015258789,52.029998779296875,51.11000061035156,51.20000076293945,36.96668243408203,3809900,0.0,0.0
2019-07-30 00:00:00-04:00,50.91999816894531,51.41999816894531,50.61000061035156,51.38999938964844,37.10386276245117,4269600,0.0,0.0
2019-07-31 00:00:00-04:00,51.36000061035156,51.88999938964844,51.16999816894531,51.529998779296875,37.20494842529297,5957400,0.0,0.0
2019-08-01 00:00:00-04:00,51.41999816894531,51.66999816894531,49.459999084472656,49.630001068115234,35.833133697509766,5834800,0.0,0.0
2019-08-02 00:00:00-04:00,49.52000045776367,49.7400016784668,48.59000015258789,49.349998474121094,35.63096618652344,4483800,0.0,0.0
2019-08-05 00:00:00-04:00,48.58000183105469,48.58000183105469,46.7599983215332,47.369998931884766,34.20140838623047,4435400,0.0,0.0
2019-08-06 00:00:00-04:00,47.7599983215332,47.81999969482422,46.54999923706055,47.77000045776367,34.49020004272461,4367000,0.0,0.0
2019-08-07 00:00:00-04:00,46.7599983215332,47.25,45.959999084472656,47.130001068115234,34.02811050415039,6312200,0.0,0.0
2019-08-08 00:00:00-04:00,47.599998474121094,47.709999084472656,47.099998474121094,47.4900016784668,34.28804016113281,3454600,0.0,0.0
2019-08-09 00:00:00-04:00,47.34000015258789,47.599998474121094,46.849998474121094,47.349998474121094,34.18695831298828,2767400,0.0,0.0
2019-08-12 00:00:00-04:00,46.849998474121094,47.08000183105469,46.54999923706055,46.65999984741211,33.688777923583984,5267900,0.0,0.0
2019-08-13 00:00:00-04:00,46.279998779296875,47.400001525878906,45.900001525878906,46.72999954223633,34.06787109375,3130300,0.45,0.0
2019-08-14 00:00:00-04:00,45.709999084472656,46.349998474121094,44.97999954223633,45.2400016784668,32.98160934448242,8589700,0.0,0.0
2019-08-15 00:00:00-04:00,45.47999954223633,45.869998931884766,45.15999984741211,45.45000076293945,33.134708404541016,4444300,0.0,0.0
2019-08-16 00:00:00-04:00,45.86000061035156,46.720001220703125,45.66999816894531,46.54999923706055,33.936641693115234,8381900,0.0,0.0
2019-08-19 00:00:00-04:00,47.22999954223633,47.349998474121094,46.7599983215332,46.959999084472656,34.23555374145508,4027600,0.0,0.0
2019-08-20 00:00:00-04:00,46.54999923706055,46.630001068115234,45.91999816894531,46.04999923706055,33.57212829589844,4187700,0.0,0.0
2019-08-21 00:00:00-04:00,46.369998931884766,46.529998779296875,45.93000030517578,46.220001220703125,33.69606399536133,2984500,0.0,0.0
2019-08-22 00:00:00-04:00,46.529998779296875,46.86000061035156,46.119998931884766,46.68000030517578,34.03142547607422,2220200,0.0,0.0
2019-08-23 00:00:00-04:00,46.459999084472656,46.86000061035156,45.0,45.25,32.9888916015625,3881300,0.0,0.0
2019-08-26 00:00:00-04:00,45.66999816894531,46.040000915527344,45.27000045776367,46.02000045776367,33.550254821777344,3108300,0.0,0.0
2019-08-27 00:00:00-04:00,46.220001220703125,46.36000061035156,45.38999938964844,45.66999816894531,33.295082092285156,3233400,0.0,0.0
2019-08-28 00:00:00-04:00,45.41999816894531,46.75,45.380001068115234,46.61000061035156,33.980384826660156,3519300,0.0,0.0
2019-08-29 00:00:00-04:00,47.04999923706055,47.630001068115234,46.97999954223633,47.40999984741211,34.563621520996094,2730600,0.0,0.0
2019-08-30 00:00:00-04:00,47.79999923706055,48.150001525878906,47.470001220703125,47.650001525878906,34.738582611083984,7055500,0.0,0.0
2019-09-03 00:00:00-04:00,47.20000076293945,47.27000045776367,46.33000183105469,46.70000076293945,34.04600524902344,6060000,0.0,0.0
2019-09-04 00:00:00-04:00,47.150001525878906,47.47999954223633,46.93000030517578,47.310001373291016,34.49071502685547,2745300,0.0,0.0
2019-09-05 00:00:00-04:00,48.16999816894531,48.959999084472656,48.119998931884766,48.650001525878906,35.46761703491211,3394200,0.0,0.0
2019-09-06 00:00:00-04:00,48.650001525878906,48.959999084472656,48.40999984741211,48.720001220703125,35.518653869628906,4551600,0.0,0.0
2019-09-09 00:00:00-04:00,49.15999984741211,50.65999984741211,48.9900016784668,50.36000061035156,36.71427917480469,4715800,0.0,0.0
2019-09-10 00:00:00-04:00,50.63999938964844,51.27000045776367,49.689998626708984,51.2400016784668,37.3558235168457,7286200,0.0,0.0
2019-09-11 00:00:00-04:00,51.34000015258789,52.13999938964844,50.459999084472656,52.130001068115234,38.004669189453125,5256300,0.0,0.0
2019-09-12 00:00:00-04:00,51.79999923706055,53.04999923706055,51.279998779296875,52.790000915527344,38.48583221435547,5648900,0.0,0.0
2019-09-13 00:00:00-04:00,53.34000015258789,53.689998626708984,52.79999923706055,53.060001373291016,38.682674407958984,4467000,0.0,0.0
2019-09-16 00:00:00-04:00,52.52000045776367,53.130001068115234,52.29999923706055,52.91999816894531,38.580596923828125,4260400,0.0,0.0
2019-09-17 00:00:00-04:00,52.720001220703125,52.7599983215332,52.2599983215332,52.7599983215332,38.463958740234375,3448400,0.0,0.0
2019-09-18 00:00:00-04:00,52.400001525878906,53.47999954223633,52.18000030517578,53.11000061035156,38.719120025634766,4002300,0.0,0.0
2019-09-19 00:00:00-04:00,53.029998779296875,53.130001068115234,52.709999084472656,52.790000915527344,38.48583221435547,3189600,0.0,0.0
2019-09-20 00:00:00-04:00,53.02000045776367,53.20000076293945,52.31999969482422,52.41999816894531,38.21608352661133,6272300,0.0,0.0
2019-09-23 00:00:00-04:00,52.0,52.70000076293945,51.88999938964844,52.56999969482422,38.325443267822266,3740000,0.0,0.0
2019-09-24 00:00:00-04:00,52.58000183105469,52.630001068115234,51.61000061035156,52.040000915527344,37.939056396484375,3659400,0.0,0.0
2019-09-25 00:00:00-04:00,52.15999984741211,52.959999084472656,52.15999984741211,52.849998474121094,38.529571533203125,3777200,0.0,0.0
2019-09-26 00:00:00-04:00,52.66999816894531,53.11000061035156,52.5099983215332,52.91999816894531,38.580596923828125,3996600,0.0,0.0
2019-09-27 00:00:00-04:00,53.470001220703125,53.849998474121094,53.13999938964844,53.459999084472656,38.974281311035156,5031900,0.0,0.0
2019-09-30 00:00:00-04:00,53.77000045776367,53.81999969482422,53.2400016784668,53.369998931884766,38.908668518066406,6651800,0.0,0.0
2019-10-01 00:00:00-04:00,53.63999938964844,53.900001525878906,52.2599983215332,52.34000015258789,38.15776062011719,8007600,0.0,0.0
2019-10-02 00:00:00-04:00,51.959999084472656,51.959999084472656,50.86000061035156,51.06999969482422,37.23189163208008,5620000,0.0,0.0
2019-10-03 00:00:00-04:00,50.86000061035156,51.099998474121094,50.02000045776367,50.810001373291016,37.04234313964844,5300500,0.0,0.0
2019-10-04 00:00:00-04:00,50.88999938964844,51.68000030517578,50.709999084472656,51.65999984741211,37.66202163696289,4466000,0.0,0.0
2019-10-07 00:00:00-04:00,51.5,52.13999938964844,51.31999969482422,51.599998474121094,37.6182746887207,3552000,0.0,0.0
2019-10-08 00:00:00-04:00,51.2599983215332,51.43000030517578,50.7599983215332,50.97999954223633,37.16627502441406,4642300,0.0,0.0
2019-10-09 00:00:00-04:00,51.400001525878906,51.470001220703125,50.779998779296875,50.9900016784668,37.1735725402832,4603200,0.0,0.0
2019-10-10 00:00:00-04:00,51.16999816894531,51.72999954223633,51.0099983215332,51.33000183105469,37.42144012451172,7752500,0.0,0.0
2019-10-11 00:00:00-04:00,52.20000076293945,52.54999923706055,51.90999984741211,52.0,37.909881591796875,5192900,0.0,0.0
2019-10-14 00:00:00-04:00,51.72999954223633,52.15999984741211,51.619998931884766,51.97999954223633,37.89531326293945,2996400,0.0,0.0
2019-10-15 00:00:00-04:00,52.15999984741211,52.959999084472656,51.959999084472656,52.7400016784668,38.44938278198242,6301100,0.0,0.0
2019-10-16 00:00:00-04:00,52.900001525878906,53.290000915527344,52.68000030517578,52.9900016784668,38.63165283203125,5014200,0.0,0.0
2019-10-17 00:00:00-04:00,52.97999954223633,52.9900016784668,51.400001525878906,52.439998626708984,38.23065948486328,8105600,0.0,0.0
2019-10-18 00:00:00-04:00,52.41999816894531,53.02000045776367,52.34000015258789,52.66999816894531,38.39834976196289,5074400,0.0,0.0
2019-10-21 00:00:00-04:00,53.15999984741211,53.4900016784668,52.959999084472656,53.45000076293945,38.967002868652344,4405300,0.0,0.0
2019-10-22 00:00:00-04:00,53.59000015258789,53.970001220703125,53.02000045776367,53.470001220703125,38.98157501220703,4429400,0.0,0.0
2019-10-23 00:00:00-04:00,53.349998474121094,53.61000061035156,53.16999816894531,53.4900016784668,38.996158599853516,2540500,0.0,0.0
2019-10-24 00:00:00-04:00,53.619998931884766,53.63999938964844,52.790000915527344,53.04999923706055,38.67538070678711,2304900,0.0,0.0
2019-10-25 00:00:00-04:00,52.97999954223633,53.810001373291016,52.97999954223633,53.58000183105469,39.0617790222168,2189300,0.0,0.0
2019-10-28 00:00:00-04:00,53.880001068115234,54.20000076293945,53.709999084472656,54.0,39.367950439453125,3999700,0.0,0.0
2019-10-29 00:00:00-04:00,53.790000915527344,54.40999984741211,53.70000076293945,54.2400016784668,39.54293441772461,5472200,0.0,0.0
2019-10-30 00:00:00-04:00,54.09000015258789,54.099998474121094,53.540000915527344,53.68000030517578,39.13467025756836,4063400,0.0,0.0
2019-10-31 00:00:00-04:00,53.290000915527344,53.68000030517578,52.47999954223633,53.04999923706055,38.67538070678711,4361100,0.0,0.0
2019-11-01 00:00:00-04:00,53.61000061035156,54.119998931884766,53.400001525878906,54.099998474121094,39.44087219238281,3487300,0.0,0.0
2019-11-04 00:00:00-05:00,54.439998626708984,54.81999969482422,54.380001068115234,54.61000061035156,39.81268310546875,4964700,0.0,0.0
2019-11-05 00:00:00-05:00,54.869998931884766,55.65999984741211,54.83000183105469,55.36000061035156,40.359458923339844,5884700,0.0,0.0
2019-11-06 00:00:00-05:00,55.18000030517578,55.36000061035156,54.790000915527344,55.25,40.27926254272461,5577300,0.0,0.0
2019-11-07 00:00:00-05:00,55.099998474121094,55.529998779296875,54.58000183105469,54.72999954223633,40.22780227661133,5108600,0.45,0.0
2019-11-08 00:00:00-05:00,54.61000061035156,55.02000045776367,54.31999969482422,54.939998626708984,40.38216018676758,4185300,0.0,0.0
2019-11-11 00:00:00-05:00,54.439998626708984,54.63999938964844,54.130001068115234,54.290000915527344,39.90439987182617,3845400,0.0,0.0
2019-11-12 00:00:00-05:00,54.150001525878906,54.540000915527344,54.040000915527344,54.439998626708984,40.0146598815918,4328000,0.0,0.0
2019-11-13 00:00:00-05:00,53.93000030517578,54.63999938964844,53.58000183105469,54.369998931884766,39.96320724487305,5190700,0.0,0.0
2019-11-14 00:00:00-05:00,54.18000030517578,54.68000030517578,54.0,54.599998474121094,40.13224792480469,4157000,0.0,0.0
2019-11-15 00:00:00-05:00,54.900001525878906,54.95000076293945,54.40999984741211,54.61000061035156,40.13960266113281,5438400,0.0,0.0
2019-11-18 00:00:00-05:00,54.459999084472656,55.04999923706055,54.459999084472656,55.0099983215332,40.433624267578125,3980000,0.0,0.0
2019-11-19 00:00:00-05:00,55.150001525878906,55.20000076293945,54.5,54.689998626708984,40.19841766357422,5822600,0.0,0.0
2019-11-20 00:00:00-05:00,54.400001525878906,54.63999938964844,53.959999084472656,54.40999984741211,39.99260711669922,4566700,0.0,0.0
2019-11-21 00:00:00-05:00,54.66999816894531,54.709999084472656,53.91999816894531,54.18000030517578,39.82353973388672,3551700,0.0,0.0
2019-11-22 00:00:00-05:00,54.310001373291016,55.0,54.18000030517578,54.66999816894531,40.18370819091797,2208800,0.0,0.0
2019-11-25 00:00:00-05:00,54.83000183105469,55.2599983215332,54.70000076293945,55.20000076293945,40.57327651977539,3860100,0.0,0.0
2019-11-26 00:00:00-05:00,55.08000183105469,55.09000015258789,54.15999984741211,54.43000030517578,40.007301330566406,3752600,0.0,0.0
2019-11-27 00:00:00-05:00,54.68000030517578,54.97999954223633,54.54999923706055,54.91999816894531,40.36746597290039,2399900,0.0,0.0
2019-11-29 00:00:00-05:00,54.88999938964844,55.08000183105469,54.63999938964844,54.720001220703125,40.220462799072266,1567100,0.0,0.0
2019-12-02 00:00:00-05:00,54.9900016784668,55.060001373291016,54.31999969482422,54.40999984741211,39.99260711669922,3293900,0.0,0.0
2019-12-03 00:00:00-05:00,53.70000076293945,53.70000076293945,52.77000045776367,53.209999084472656,39.110565185546875,4517100,0.0,0.0
2019-12-04 00:00:00-05:00,53.25,53.5099983215332,53.06999969482422,53.310001373291016,39.18408203125,5437400,0.0,0.0
2019-12-05 00:00:00-05:00,53.5,53.59000015258789,53.040000915527344,53.4900016784668,39.316383361816406,6088500,0.0,0.0
2019-12-06 00:00:00-05:00,54.130001068115234,54.68000030517578,54.02000045776367,54.2400016784668,39.86764907836914,25954300,0.0,0.0
2019-12-09 00:00:00-05:00,54.959999084472656,54.959999084472656,54.2599983215332,54.720001220703125,40.220462799072266,7800900,0.0,0.0
2019-12-10 00:00:00-05:00,54.380001068115234,55.2599983215332,54.27000045776367,55.119998931884766,40.514461517333984,7020600,0.0,0.0
2019-12-11 00:00:00-05:00,55.119998931884766,55.2599983215332,53.66999816894531,53.68000030517578,39.45603561401367,7421200,0.0,0.0
2019-12-12 00:00:00-05:00,53.970001220703125,56.189998626708984,53.84000015258789,56.08000183105469,41.220096588134766,8978000,0.0,0.0
2019-12-13 00:00:00-05:00,56.11000061035156,56.65999984741211,55.63999938964844,56.02000045776367,41.17599105834961,7674400,0.0,0.0
2019-12-16 00:00:00-05:00,56.529998779296875,56.75,56.11000061035156,56.220001220703125,41.32299041748047,9003000,0.0,0.0
2019-12-17 00:00:00-05:00,56.279998779296875,56.77000045776367,56.029998779296875,56.66999816894531,41.65374755859375,6770500,0.0,0.0
2019-12-18 00:00:00-05:00,56.79999923706055,56.91999816894531,56.2400016784668,56.31999969482422,41.3964958190918,10229900,0.0,0.0
2019-12-19 00:00:00-05:00,56.380001068115234,56.52000045776367,55.849998474121094,56.13999938964844,41.264198303222656,5884200,0.0,0.0
2019-12-20 00:00:00-05:00,54.290000915527344,56.599998474121094,54.290000915527344,56.29999923706055,41.381805419921875,11611300,0.0,0.0
2019-12-23 00:00:00-05:00,56.560001373291016,56.58000183105469,56.099998474121094,56.20000076293945,41.30829620361328,4842600,0.0,0.0
2019-12-24 00:00:00-05:00,56.29999923706055,56.349998474121094,56.040000915527344,56.15999984741211,41.27889633178711,1785100,0.0,0.0
2019-12-26 00:00:00-05:00,56.279998779296875,56.7400016784668,56.189998626708984,56.720001220703125,41.69050979614258,2833600,0.0,0.0
2019-12-27 00:00:00-05:00,56.77000045776367,56.810001373291016,56.34000015258789,56.47999954223633,41.51409149169922,3232900,0.0,0.0
2019-12-30 00:00:00-05:00,56.70000076293945,56.84000015258789,56.31999969482422,56.41999816894531,41.470008850097656,3547400,0.0,0.0
2019-12-31 00:00:00-05:00,56.439998626708984,56.59000015258789,56.06999969482422,56.31999969482422,41.3964958190918,4090800,0.0,0.0
2020-01-02 00:00:00-05:00,56.40999984741211,56.68000030517578,55.880001068115234,56.66999816894531,41.65374755859375,5607100,0.0,0.0
2020-01-03 00:00:00-05:00,56.150001525878906,56.29999923706055,55.65999984741211,56.20000076293945,41.30829620361328,4434300,0.0,0.0
2020-01-06 00:00:00-05:00,55.4900016784668,55.79999923706055,55.150001525878906,55.72999954223633,40.962833404541016,9669300,0.0,0.0
2020-01-07 00:00:00-05:00,55.66999816894531,55.66999816894531,55.09000015258789,55.4900016784668,40.78643035888672,5272800,0.0,0.0
2020-01-08 00:00:00-05:00,55.41999816894531,55.81999969482422,55.310001373291016,55.61000061035156,40.87462615966797,6232700,0.0,0.0
2020-01-09 00:00:00-05:00,55.90999984741211,56.220001220703125,55.709999084472656,56.18000030517578,41.29359436035156,5700600,0.0,0.0
2020-01-10 00:00:00-05:00,56.380001068115234,56.5,55.72999954223633,55.959999084472656,41.13188552856445,5032600,0.0,0.0
2020-01-13 00:00:00-05:00,55.79999923706055,56.22999954223633,55.689998626708984,56.220001220703125,41.32299041748047,6121900,0.0,0.0
2020-01-14 00:00:00-05:00,56.18000030517578,56.4900016784668,55.90999984741211,56.36000061035156,41.425899505615234,5214100,0.0,0.0
2020-01-15 00:00:00-05:00,55.90999984741211,56.119998931884766,54.900001525878906,55.130001068115234,40.521820068359375,5899900,0.0,0.0
2020-01-16 00:00:00-05:00,55.189998626708984,55.869998931884766,55.189998626708984,55.86000061035156,41.05839157104492,4493800,0.0,0.0
2020-01-17 00:00:00-05:00,56.29999923706055,56.380001068115234,55.849998474121094,56.290000915527344,41.374446868896484,5789200,0.0,0.0
2020-01-21 00:00:00-05:00,56.04999923706055,56.529998779296875,55.84000015258789,56.279998779296875,41.367095947265625,6698600,0.0,0.0
2020-01-22 00:00:00-05:00,56.5,56.5,56.130001068115234,56.34000015258789,41.41120147705078,3952800,0.0,0.0
2020-01-23 00:00:00-05:00,55.9900016784668,56.38999938964844,55.2400016784668,56.36000061035156,41.425899505615234,4256400,0.0,0.0
2020-01-24 00:00:00-05:00,56.29999923706055,56.349998474121094,55.02000045776367,55.47999954223633,40.77907943725586,5520200,0.0,0.0
2020-01-27 00:00:00-05:00,54.52000045776367,54.970001220703125,54.34000015258789,54.68000030517578,40.19106674194336,5952300,0.0,0.0
2020-01-28 00:00:00-05:00,55.0099983215332,55.38999938964844,54.7400016784668,54.959999084472656,40.396881103515625,4390300,0.0,0.0
2020-01-29 00:00:00-05:00,55.09000015258789,55.25,53.650001525878906,53.86000061035156,39.58833694458008,5487500,0.0,0.0
2020-01-30 00:00:00-05:00,52.849998474121094,53.099998474121094,49.369998931884766,52.130001068115234,38.31675720214844,13251600,0.0,0.0
2020-01-31 00:00:00-05:00,51.86000061035156,51.880001068115234,51.2400016784668,51.56999969482422,37.90513610839844,7724900,0.0,0.0
2020-02-03 00:00:00-05:00,51.97999954223633,52.939998626708984,51.970001220703125,52.5,38.58871841430664,5448600,0.0,0.0
2020-02-04 00:00:00-05:00,53.400001525878906,53.90999984741211,53.09000015258789,53.15999984741211,39.07381820678711,4516900,0.0,0.0
2020-02-05 00:00:00-05:00,53.81999969482422,54.68000030517578,53.779998779296875,54.43000030517578,40.007301330566406,4896000,0.0,0.0
2020-02-06 00:00:00-05:00,54.650001525878906,54.880001068115234,53.79999923706055,54.18000030517578,39.82353973388672,4376900,0.0,0.0
2020-02-07 00:00:00-05:00,53.66999816894531,54.400001525878906,53.33000183105469,54.27000045776367,39.88970184326172,4123200,0.0,0.0
2020-02-10 00:00:00-05:00,53.84000015258789,54.41999816894531,53.84000015258789,54.33000183105469,39.933799743652344,2885000,0.0,0.0
2020-02-11 00:00:00-05:00,54.369998931884766,55.119998931884766,54.369998931884766,54.810001373291016,40.286617279052734,3769300,0.0,0.0
2020-02-12 00:00:00-05:00,55.189998626708984,55.470001220703125,54.209999084472656,54.439998626708984,40.0146598815918,4264500,0.0,0.0
2020-02-13 00:00:00-05:00,53.959999084472656,54.90999984741211,53.790000915527344,54.81999969482422,40.62980270385742,4162700,0.45,0.0
2020-02-14 00:00:00-05:00,54.79999923706055,54.970001220703125,54.38999938964844,54.939998626708984,40.71873474121094,4074200,0.0,0.0
2020-02-18 00:00:00-05:00,54.630001068115234,54.79999923706055,53.540000915527344,54.0099983215332,40.02947998046875,4265800,0.0,0.0
2020-02-19 00:00:00-05:00,54.2599983215332,54.650001525878906,54.04999923706055,54.61000061035156,40.47416687011719,3414600,0.0,0.0
2020-02-20 00:00:00-05:00,54.38999938964844,55.439998626708984,54.22999954223633,55.310001373291016,40.99296951293945,5185600,0.0,0.0
2020-02-21 00:00:00-05:00,54.83000183105469,55.099998474121094,54.2400016784668,54.849998474121094,40.65203857421875,5640300,0.0,0.0
2020-02-24 00:00:00-05:00,53.650001525878906,54.34000015258789,53.27000045776367,53.77000045776367,39.851593017578125,7350700,0.0,0.0
2020-02-25 00:00:00-05:00,53.75,53.779998779296875,51.150001525878906,51.310001373291016,38.02837371826172,7233200,0.0,0.0
2020-02-26 00:00:00-05:00,51.709999084472656,52.209999084472656,50.650001525878906,50.70000076293945,37.576271057128906,6856800,0.0,0.0
2020-02-27 00:00:00-05:00,49.790000915527344,50.22999954223633,47.540000915527344,47.54999923706055,35.24165344238281,7471600,0.0,0.0
2020-02-28 00:00:00-05:00,46.04999923706055,46.90999984741211,44.91999816894531,46.13999938964844,34.19664001464844,10746600,0.0,0.0
2020-03-02 00:00:00-05:00,48.099998474121094,48.81999969482422,45.61000061035156,48.810001373291016,36.17550277709961,8156400,0.0,0.0
2020-03-03 00:00:00-05:00,48.38999938964844,49.400001525878906,46.439998626708984,46.88999938964844,34.75249099731445,10348300,0.0,0.0
2020-03-04 00:00:00-05:00,47.2400016784668,47.599998474121094,45.86000061035156,47.380001068115234,35.11565399169922,9533200,0.0,0.0
2020-03-05 00:00:00-05:00,45.41999816894531,45.5099983215332,43.02000045776367,43.61000061035156,32.32151412963867,12103800,0.0,0.0
2020-03-06 00:00:00-05:00,41.4900016784668,42.4900016784668,39.54999923706055,40.66999816894531,30.142545700073242,13966100,0.0,0.0
2020-03-09 00:00:00-04:00,36.459999084472656,37.95000076293945,33.88999938964844,34.5099983215332,25.577064514160156,15081800,0.0,0.0
2020-03-10 00:00:00-04:00,36.22999954223633,36.869998931884766,33.93000030517578,36.34000015258789,26.933374404907227,14818100,0.0,0.0
2020-03-11 00:00:00-04:00,35.08000183105469,35.4900016784668,33.310001373291016,33.65999984741211,24.947084426879883,11487700,0.0,0.0
2020-03-12 00:00:00-04:00,30.31999969482422,33.15999984741211,28.940000534057617,30.219999313354492,22.397533416748047,12378600,0.0,0.0
2020-03-13 00:00:00-04:00,32.779998779296875,34.13999938964844,30.639999389648438,33.83000183105469,25.073091506958008,12391400,0.0,0.0
2020-03-16 00:00:00-04:00,28.469999313354492,30.31999969482422,24.010000228881836,27.3700008392334,20.285259246826172,12016800,0.0,0.0
2020-03-17 00:00:00-04:00,28.280000686645508,29.739999771118164,25.940000534057617,29.270000457763672,21.693443298339844,14132600,0.0,0.0
2020-03-18 00:00:00-04:00,27.229999542236328,29.469999313354492,26.040000915527344,28.31999969482422,20.98934555053711,11291600,0.0,0.0
2020-03-19 00:00:00-04:00,27.610000610351562,32.0,26.520000457763672,29.969999313354492,22.21224594116211,10763100,0.0,0.0
2020-03-20 00:00:00-04:00,30.309999465942383,30.690000534057617,28.0,30.040000915527344,22.264129638671875,15605700,0.0,0.0
2020-03-23 00:00:00-04:00,28.0,29.1299991607666,25.510000228881836,25.690000534057617,19.04012680053711,12832500,0.0,0.0
2020-03-24 00:00:00-04:00,26.93000030517578,30.389999389648438,26.229999542236328,30.1200008392334,22.32341957092285,10396700,0.0,0.0
2020-03-25 00:00:00-04:00,30.040000915527344,32.0,28.850000381469727,30.670000076293945,22.731054306030273,13398800,0.0,0.0
2020-03-26 00:00:00-04:00,30.829999923706055,34.66999816894531,30.540000915527344,34.279998779296875,25.40659523010254,10238300,0.0,0.0
2020-03-27 00:00:00-04:00,32.4900016784668,34.7599983215332,32.2599983215332,33.27000045776367,24.658039093017578,8639500,0.0,0.0
2020-03-30 00:00:00-04:00,33.15999984741211,33.529998779296875,31.68000030517578,32.560001373291016,24.131824493408203,7813100,0.0,0.0
2020-03-31 00:00:00-04:00,31.809999465942383,32.43000030517578,30.209999084472656,30.84000015258789,22.8570499420166,8324700,0.0,0.0
2020-04-01 00:00:00-04:00,28.600000381469727,29.290000915527344,28.09000015258789,28.469999313354492,21.100522994995117,9102300,0.0,0.0
2020-04-02 00:00:00-04:00,28.290000915527344,29.610000610351562,27.6299991607666,28.479999542236328,21.107934951782227,8909100,0.0,0.0
2020-04-03 00:00:00-04:00,28.239999771118164,28.56999969482422,26.40999984741211,27.209999084472656,20.16667366027832,9002000,0.0,0.0
2020-04-06 00:00:00-04:00,29.149999618530273,30.389999389648438,28.459999084472656,29.770000457763672,22.06401824951172,11721400,0.0,0.0
2020-04-07 00:00:00-04:00,31.920000076293945,32.33000183105469,30.420000076293945,30.59000015258789,22.67176055908203,11735700,0.0,0.0
2020-04-08 00:00:00-04:00,31.040000915527344,32.939998626708984,30.8799991607666,32.70000076293945,24.2355899810791,8369500,0.0,0.0
2020-04-09 00:00:00-04:00,33.720001220703125,36.119998931884766,33.54999923706055,36.11000061035156,26.762907028198242,9659800,0.0,0.0
2020-04-13 00:00:00-04:00,36.060001373291016,36.13999938964844,33.689998626708984,33.939998626708984,25.15460968017578,7753400,0.0,0.0
2020-04-14 00:00:00-04:00,34.72999954223633,35.20000076293945,32.790000915527344,33.36000061035156,24.724746704101562,6447400,0.0,0.0
2020-04-15 00:00:00-04:00,31.690000534057617,32.119998931884766,31.149999618530273,31.309999465942383,23.20539093017578,8380600,0.0,0.0
2020-04-16 00:00:00-04:00,31.520000457763672,31.520000457763672,29.239999771118164,29.639999389648438,21.96766471862793,5858800,0.0,0.0
2020-04-17 00:00:00-04:00,30.899999618530273,33.5,30.84000015258789,33.400001525878906,24.75438690185547,8133200,0.0,0.0
2020-04-20 00:00:00-04:00,33.5,35.08000183105469,32.77000045776367,34.130001068115234,25.295433044433594,8271300,0.0,0.0
2020-04-21 00:00:00-04:00,33.90999984741211,34.56999969482422,33.09000015258789,34.029998779296875,25.221315383911133,7740700,0.0,0.0
2020-04-22 00:00:00-04:00,34.560001373291016,35.13999938964844,33.68000030517578,34.0,25.19907569885254,7737700,0.0,0.0
2020-04-23 00:00:00-04:00,34.060001373291016,35.18000030517578,34.060001373291016,34.290000915527344,25.41400909423828,4777600,0.0,0.0
2020-04-24 00:00:00-04:00,34.59000015258789,35.810001373291016,34.22999954223633,35.47999954223633,26.29598045349121,6264300,0.0,0.0
2020-04-27 00:00:00-04:00,35.599998474121094,37.7400016784668,35.2400016784668,37.470001220703125,27.770870208740234,6375000,0.0,0.0
2020-04-28 00:00:00-04:00,38.849998474121094,39.63999938964844,37.459999084472656,37.52000045776367,27.807926177978516,7587700,0.0,0.0
2020-04-29 00:00:00-04:00,38.65999984741211,39.779998779296875,37.84000015258789,39.20000076293945,29.053064346313477,7180600,0.0,0.0
2020-04-30 00:00:00-04:00,37.90999984741211,38.2400016784668,36.970001220703125,37.31999969482422,27.65969467163086,5546800,0.0,0.0
2020-05-01 00:00:00-04:00,36.189998626708984,36.380001068115234,34.970001220703125,35.439998626708984,26.26633644104004,5396100,0.0,0.0
2020-05-04 00:00:00-04:00,34.880001068115234,35.650001525878906,34.2599983215332,35.560001373291016,26.355270385742188,5903200,0.0,0.0
2020-05-05 00:00:00-04:00,36.06999969482422,36.790000915527344,35.189998626708984,35.25,26.125516891479492,5608100,0.0,0.0
2020-05-06 00:00:00-04:00,35.529998779296875,35.70000076293945,34.290000915527344,34.310001373291016,25.428836822509766,4436900,0.0,0.0
2020-05-07 00:00:00-04:00,34.75,36.56999969482422,34.75,35.2400016784668,26.11809730529785,5356200,0.0,0.0
2020-05-08 00:00:00-04:00,36.279998779296875,36.599998474121094,35.560001373291016,36.2400016784668,26.859251022338867,4282600,0.0,0.0
2020-05-11 00:00:00-04:00,35.63999938964844,35.63999938964844,33.9900016784668,34.41999816894531,25.510356903076172,4972500,0.0,0.0
2020-05-12 00:00:00-04:00,34.59000015258789,34.970001220703125,32.97999954223633,33.060001373291016,24.502395629882812,6982500,0.0,0.0
2020-05-13 00:00:00-04:00,32.709999084472656,32.90999984741211,30.6200008392334,31.6299991607666,23.442554473876953,9941400,0.0,0.0
2020-05-14 00:00:00-04:00,30.690000534057617,32.349998474121094,29.8700008392334,32.060001373291016,24.10418128967285,8855100,0.45,0.0
2020-05-15 00:00:00-04:00,31.530000686645508,32.130001068115234,31.190000534057617,31.350000381469727,23.570369720458984,7437100,0.0,0.0
2020-05-18 00:00:00-04:00,33.04999923706055,34.43000030517578,32.900001525878906,34.150001525878906,25.675537109375,6456800,0.0,0.0
2020-05-19 00:00:00-04:00,33.47999954223633,33.779998779296875,32.31999969482422,32.34000015258789,24.314697265625,5837500,0.0,0.0
2020-05-20 00:00:00-04:00,33.08000183105469,33.959999084472656,33.04999923706055,33.77000045776367,25.38983154296875,5373600,0.0,0.0
2020-05-21 00:00:00-04:00,33.31999969482422,34.15999984741211,33.279998779296875,33.470001220703125,25.16427993774414,4933900,0.0,0.0
2020-05-22 00:00:00-04:00,33.4900016784668,33.81999969482422,32.7599983215332,33.290000915527344,25.02895164489746,4227500,0.0,0.0
2020-05-26 00:00:00-04:00,35.189998626708984,36.939998626708984,34.79999923706055,36.189998626708984,27.20929527282715,7618400,0.0,0.0
2020-05-27 00:00:00-04:00,39.36000061035156,39.7400016784668,37.83000183105469,39.5,29.697914123535156,8391500,0.0,0.0
2020-05-28 00:00:00-04:00,40.220001220703125,40.29999923706055,37.7599983215332,38.150001525878906,28.682918548583984,8036200,0.0,0.0
2020-05-29 00:00:00-04:00,37.43000030517578,37.7400016784668,36.279998779296875,36.779998779296875,27.65288543701172,8674700,0.0,0.0
2020-06-01 00:00:00-04:00,37.06999969482422,38.439998626708984,36.84000015258789,38.060001373291016,28.61525535583496,6065900,0.0,0.0
2020-06-02 00:00:00-04:00,38.560001373291016,38.869998931884766,37.25,37.61000061035156,28.27692413330078,7844600,0.0,0.0
2020-06-03 00:00:00-04:00,39.0,40.22999954223633,38.5099983215332,39.970001220703125,30.05128288269043,5780900,0.0,0.0
2020-06-04 00:00:00-04:00,39.65999984741211,41.880001068115234,39.36000061035156,41.869998931884766,31.47978973388672,6255800,0.0,0.0
2020-06-05 00:00:00-04:00,45.20000076293945,45.79999923706055,43.40999984741211,44.310001373291016,33.314292907714844,10788000,0.0,0.0
2020-06-08 00:00:00-04:00,45.36000061035156,46.529998779296875,45.27000045776367,46.369998931884766,34.86308670043945,10430300,0.0,0.0
2020-06-09 00:00:00-04:00,44.61000061035156,45.40999984741211,44.06999969482422,44.68000030517578,33.59247970581055,9148600,0.0,0.0
2020-06-10 00:00:00-04:00,44.25,44.540000915527344,41.5,41.5099983215332,31.20911979675293,9845200,0.0,0.0
2020-06-11 00:00:00-04:00,38.29999923706055,39.27000045776367,37.45000076293945,37.47999954223633,28.179183959960938,11823700,0.0,0.0
2020-06-12 00:00:00-04:00,40.09000015258789,40.09000015258789,37.56999969482422,39.470001220703125,29.67535400390625,7954500,0.0,0.0
2020-06-15 00:00:00-04:00,37.5,39.88999938964844,37.400001525878906,39.83000183105469,29.946022033691406,7428600,0.0,0.0
2020-06-16 00:00:00-04:00,41.849998474121094,41.959999084472656,39.779998779296875,41.06999969482422,30.878307342529297,6766500,0.0,0.0
2020-06-17 00:00:00-04:00,41.400001525878906,41.47999954223633,40.20000076293945,40.279998779296875,30.284337997436523,3942200,0.0,0.0
2020-06-18 00:00:00-04:00,39.68000030517578,41.11000061035156,39.5099983215332,40.5,30.449756622314453,3814100,0.0,0.0
2020-06-19 00:00:00-04:00,41.45000076293945,41.45000076293945,39.189998626708984,39.34000015258789,29.577619552612305,13507600,0.0,0.0
2020-06-22 00:00:00-04:00,38.72999954223633,39.790000915527344,38.59000015258789,39.529998779296875,29.720457077026367,4237900,0.0,0.0
2020-06-23 00:00:00-04:00,40.20000076293945,40.869998931884766,39.81999969482422,40.040000915527344,30.103910446166992,4378500,0.0,0.0
2020-06-24 00:00:00-04:00,39.11000061035156,39.36000061035156,37.52000045776367,37.65999984741211,28.31451416015625,7135400,0.0,0.0
2020-06-25 00:00:00-04:00,37.43000030517578,38.849998474121094,37.220001220703125,38.54999923706055,28.983659744262695,5934500,0.0,0.0
2020-06-26 00:00:00-04:00,37.540000915527344,37.66999816894531,35.65999984741211,35.95000076293945,27.02886199951172,9392700,0.0,0.0
2020-06-29 00:00:00-04:00,36.70000076293945,37.380001068115234,36.18000030517578,36.7400016784668,27.622817993164062,4903500,0.0,0.0
2020-06-30 00:00:00-04:00,36.33000183105469,37.869998931884766,36.33000183105469,37.54999923706055,28.231809616088867,7230500,0.0,0.0
2020-07-01 00:00:00-04:00,37.81999969482422,37.88999938964844,36.33000183105469,36.40999984741211,27.37470245361328,6076300,0.0,0.0
2020-07-02 00:00:00-04:00,37.540000915527344,38.09000015258789,36.38999938964844,36.41999816894531,27.38222885131836,5578500,0.0,0.0
2020-07-06 00:00:00-04:00,37.470001220703125,37.93000030517578,36.369998931884766,36.689998626708984,27.585220336914062,3787800,0.0,0.0
2020-07-07 00:00:00-04:00,36.099998474121094,36.130001068115234,35.060001373291016,35.29999923706055,26.540164947509766,6080300,0.0,0.0
2020-07-08 00:00:00-04:00,35.130001068115234,35.849998474121094,34.630001068115234,35.31999969482422,26.555198669433594,5017500,0.0,0.0
2020-07-09 00:00:00-04:00,35.0099983215332,35.119998931884766,33.470001220703125,33.61000061035156,25.26954460144043,4815700,0.0,0.0
2020-07-10 00:00:00-04:00,33.61000061035156,35.2599983215332,33.61000061035156,35.20000076293945,26.464969635009766,4393200,0.0,0.0
2020-07-13 00:00:00-04:00,35.630001068115234,36.06999969482422,34.75,35.61000061035156,26.773229598999023,6138800,0.0,0.0
2020-07-14 00:00:00-04:00,35.4900016784668,36.02000045776367,34.63999938964844,35.18000030517578,26.44993782043457,6329500,0.0,0.0
2020-07-15 00:00:00-04:00,36.279998779296875,37.20000076293945,35.900001525878906,36.93000030517578,27.765663146972656,6954400,0.0,0.0
2020-07-16 00:00:00-04:00,36.95000076293945,37.939998626708984,36.08000183105469,37.220001220703125,27.983713150024414,5062400,0.0,0.0
2020-07-17 00:00:00-04:00,37.150001525878906,37.25,36.290000915527344,36.29999923706055,27.292007446289062,4440500,0.0,0.0
2020-07-20 00:00:00-04:00,36.15999984741211,36.2599983215332,35.59000015258789,35.720001220703125,26.855937957763672,2793200,0.0,0.0
2020-07-21 00:00:00-04:00,35.939998626708984,37.54999923706055,35.939998626708984,37.25,28.00625991821289,5086300,0.0,0.0
2020-07-22 00:00:00-04:00,36.41999816894531,37.220001220703125,36.2400016784668,37.16999816894531,27.94611358642578,5834200,0.0,0.0
2020-07-23 00:00:00-04:00,36.91999816894531,38.06999969482422,36.84000015258789,37.900001525878906,28.494956970214844,4311400,0.0,0.0
2020-07-24 00:00:00-04:00,38.15999984741211,38.33000183105469,37.40999984741211,37.7400016784668,28.374658584594727,3966300,0.0,0.0
2020-07-27 00:00:00-04:00,37.25,37.47999954223633,36.349998474121094,36.66999816894531,27.5701847076416,4229900,0.0,0.0
2020-07-28 00:00:00-04:00,36.369998931884766,37.189998626708984,36.34000015258789,36.869998931884766,27.72056007385254,3361900,0.0,0.0
2020-07-29 00:00:00-04:00,36.720001220703125,38.40999984741211,36.4900016784668,38.34000015258789,28.825773239135742,4406000,0.0,0.0
2020-07-30 00:00:00-04:00,37.11000061035156,37.349998474121094,36.189998626708984,37.2400016784668,27.998741149902344,3519100,0.0,0.0
2020-07-31 00:00:00-04:00,37.119998931884766,37.5,36.56999969482422,37.459999084472656,28.164138793945312,5053000,0.0,0.0
2020-08-03 00:00:00-04:00,37.400001525878906,38.029998779296875,36.86000061035156,37.77000045776367,28.397218704223633,4142100,0.0,0.0
2020-08-04 00:00:00-04:00,37.779998779296875,37.959999084472656,36.779998779296875,37.18000030517578,27.95362663269043,4716600,0.0,0.0
2020-08-05 00:00:00-04:00,37.5,37.93000030517578,37.380001068115234,37.65999984741211,28.31451416015625,3480100,0.0,0.0
2020-08-06 00:00:00-04:00,37.349998474121094,37.849998474121094,37.13999938964844,37.54999923706055,28.231809616088867,3110500,0.0,0.0
2020-08-07 00:00:00-04:00,37.22999954223633,39.11000061035156,37.0,39.060001373291016,29.367103576660156,3777800,0.0,0.0
2020-08-10 00:00:00-04:00,39.18000030517578,40.08000183105469,39.119998931884766,39.41999816894531,29.637760162353516,3803900,0.0,0.0
2020-08-11 00:00:00-04:00,41.20000076293945,42.040000915527344,40.45000076293945,40.70000076293945,30.600126266479492,7344200,0.0,0.0
2020-08-12 00:00:00-04:00,41.61000061035156,41.790000915527344,40.119998931884766,40.810001373291016,30.68283462524414,10482500,0.0,0.0
2020-08-13 00:00:00-04:00,39.689998626708984,39.880001068115234,38.540000915527344,38.81999969482422,29.512075424194336,4911300,0.45,0.0
2020-08-14 00:00:00-04:00,38.5,39.95000076293945,38.29999923706055,39.5,30.02903175354004,3620200,0.0,0.0
2020-08-17 00:00:00-04:00,39.13999938964844,39.38999938964844,38.52000045776367,38.7400016784668,29.451255798339844,3264100,0.0,0.0
2020-08-18 00:00:00-04:00,38.86000061035156,38.88999938964844,37.779998779296875,37.90999984741211,28.820268630981445,2638600,0.0,0.0
2020-08-19 00:00:00-04:00,38.150001525878906,38.77000045776367,37.779998779296875,37.95000076293945,28.850683212280273,3700600,0.0,0.0
2020-08-20 00:00:00-04:00,37.31999969482422,37.7400016784668,36.88999938964844,37.209999084472656,28.28810691833496,2921600,0.0,0.0
2020-08-21 00:00:00-04:00,37.150001525878906,37.529998779296875,36.7599983215332,36.90999984741211,28.060033798217773,3193700,0.0,0.0
2020-08-24 00:00:00-04:00,37.08000183105469,38.66999816894531,36.880001068115234,38.650001525878906,29.382841110229492,4001400,0.0,0.0
2020-08-25 00:00:00-04:00,39.33000183105469,39.529998779296875,38.33000183105469,38.81999969482422,29.512075424194336,3363000,0.0,0.0
2020-08-26 00:00:00-04:00,38.459999084472656,38.58000183105469,37.86000061035156,37.869998931884766,28.789859771728516,3159000,0.0,0.0
2020-08-27 00:00:00-04:00,37.91999816894531,39.459999084472656,37.81999969482422,39.209999084472656,29.80856704711914,3525100,0.0,0.0
2020-08-28 00:00:00-04:00,39.58000183105469,39.630001068115234,39.0,39.59000015258789,30.097450256347656,2979500,0.0,0.0
2020-08-31 00:00:00-04:00,39.52000045776367,39.58000183105469,38.709999084472656,38.810001373291016,29.50447654724121,3807300,0.0,0.0
2020-09-01 00:00:00-04:00,38.75,39.560001373291016,38.130001068115234,39.16999816894531,29.778154373168945,4672800,0.0,0.0
2020-09-02 00:00:00-04:00,38.869998931884766,39.720001220703125,38.619998931884766,39.40999984741211,29.960609436035156,6730600,0.0,0.0
2020-09-03 00:00:00-04:00,39.81999969482422,41.040000915527344,38.439998626708984,38.61000061035156,29.352432250976562,7440600,0.0,0.0
2020-09-04 00:00:00-04:00,39.75,40.099998474121094,38.58000183105469,39.15999984741211,29.770549774169922,8359600,0.0,0.0
2020-09-08 00:00:00-04:00,38.689998626708984,38.779998779296875,37.15999984741211,37.90999984741211,28.820268630981445,7760300,0.0,0.0
2020-09-09 00:00:00-04:00,38.20000076293945,38.36000061035156,37.439998626708984,37.83000183105469,28.75944709777832,5423200,0.0,0.0
2020-09-10 00:00:00-04:00,38.0099983215332,38.459999084472656,37.16999816894531,37.209999084472656,28.28810691833496,4210700,0.0,0.0
2020-09-11 00:00:00-04:00,37.31999969482422,38.2400016784668,37.04999923706055,38.22999954223633,29.06353759765625,4706100,0.0,0.0
2020-09-14 00:00:00-04:00,38.47999954223633,39.88999938964844,38.36000061035156,39.7599983215332,30.2266902923584,5402300,0.0,0.0
2020-09-15 00:00:00-04:00,39.65999984741211,39.7400016784668,38.939998626708984,39.40999984741211,29.960609436035156,5804600,0.0,0.0
2020-09-16 00:00:00-04:00,39.220001220703125,40.65999984741211,38.97999954223633,40.25,30.59920310974121,5211200,0.0,0.0
2020-09-17 00:00:00-04:00,39.529998779296875,40.040000915527344,39.0099983215332,39.2599983215332,29.846582412719727,5511900,0.0,0.0
2020-09-18 00:00:00-04:00,38.9900016784668,39.630001068115234,38.849998474121094,39.15999984741211,29.770549774169922,6460000,0.0,0.0
2020-09-21 00:00:00-04:00,38.0,38.31999969482422,36.779998779296875,37.34000015258789,28.386940002441406,6251600,0.0,0.0
2020-09-22 00:00:00-04:00,37.13999938964844,37.70000076293945,35.91999816894531,36.25,27.558286666870117,4628300,0.0,0.0
2020-09-23 00:00:00-04:00,36.58000183105469,37.150001525878906,35.43000030517578,35.43000030517578,26.934904098510742,4605000,0.0,0.0
2020-09-24 00:00:00-04:00,35.810001373291016,36.34000015258789,35.09000015258789,35.470001220703125,26.965316772460938,4114600,0.0,0.0
2020-09-25 00:00:00-04:00,35.0099983215332,36.22999954223633,34.86000061035156,36.16999816894531,27.497465133666992,3570100,0.0,0.0
2020-09-28 00:00:00-04:00,36.81999969482422,37.79999923706055,36.72999954223633,37.45000076293945,28.470563888549805,5055400,0.0,0.0
2020-09-29 00:00:00-04:00,37.29999923706055,37.29999923706055,36.2400016784668,37.0099983215332,28.136058807373047,5172100,0.0,0.0
2020-09-30 00:00:00-04:00,37.040000915527344,38.2400016784668,37.0,38.04999923706055,28.926706314086914,7952500,0.0,0.0
2020-10-01 00:00:00-04:00,38.18000030517578,38.86000061035156,37.86000061035156,38.75,29.4588565826416,8545300,0.0,0.0
2020-10-02 00:00:00-04:00,38.130001068115234,40.2400016784668,37.939998626708984,39.97999954223633,30.39394187927246,6899800,0.0,0.0
2020-10-05 00:00:00-04:00,40.41999816894531,41.400001525878906,40.40999984741211,41.2400016784668,31.351835250854492,5296700,0.0,0.0
2020-10-06 00:00:00-04:00,41.630001068115234,42.66999816894531,40.650001525878906,40.81999969482422,31.03253746032715,5845800,0.0,0.0
2020-10-07 00:00:00-04:00,41.43000030517578,42.68000030517578,41.43000030517578,42.029998779296875,31.952404022216797,6073700,0.0,0.0
2020-10-08 00:00:00-04:00,42.369998931884766,43.15999984741211,42.04999923706055,43.060001373291016,32.73545455932617,4893500,0.0,0.0
2020-10-09 00:00:00-04:00,43.36000061035156,43.459999084472656,42.5,43.209999084472656,32.8494758605957,5933300,0.0,0.0
2020-10-12 00:00:00-04:00,43.029998779296875,43.619998931884766,42.83000183105469,43.459999084472656,33.039527893066406,5250800,0.0,0.0
2020-10-13 00:00:00-04:00,43.11000061035156,43.34000015258789,42.380001068115234,42.599998474121094,32.385746002197266,5186600,0.0,0.0
2020-10-14 00:00:00-04:00,42.849998474121094,43.11000061035156,42.099998474121094,42.22999954223633,32.104454040527344,6381900,0.0,0.0
2020-10-15 00:00:00-04:00,42.970001220703125,43.0,41.0,42.11000061035156,32.01322555541992,6180200,0.0,0.0
2020-10-16 00:00:00-04:00,42.08000183105469,42.20000076293945,40.939998626708984,41.650001525878906,31.66352081298828,4698700,0.0,0.0
2020-10-19 00:00:00-04:00,41.81999969482422,42.33000183105469,41.380001068115234,41.56999969482422,31.60270118713379,3578600,0.0,0.0
2020-10-20 00:00:00-04:00,42.02000045776367,43.20000076293945,41.959999084472656,42.09000015258789,31.998023986816406,4306500,0.0,0.0
2020-10-21 00:00:00-04:00,41.720001220703125,42.189998626708984,41.54999923706055,41.900001525878906,31.85358238220215,5700300,0.0,0.0
2020-10-22 00:00:00-04:00,41.79999923706055,43.529998779296875,41.77000045776367,43.45000076293945,33.03192901611328,3894200,0.0,0.0
2020-10-23 00:00:00-04:00,43.88999938964844,44.400001525878906,43.16999816894531,43.939998626708984,33.40444564819336,3534300,0.0,0.0
2020-10-26 00:00:00-04:00,43.130001068115234,43.310001373291016,42.529998779296875,43.029998779296875,32.71263885498047,4871300,0.0,0.0
2020-10-27 00:00:00-04:00,42.779998779296875,42.91999816894531,41.709999084472656,41.72999954223633,31.724340438842773,4024200,0.0,0.0
2020-10-28 00:00:00-04:00,40.560001373291016,41.77000045776367,40.52000045776367,41.119998931884766,31.260604858398438,7172200,0.0,0.0
2020-10-29 00:00:00-04:00,40.790000915527344,42.119998931884766,40.04999923706055,41.849998474121094,31.815574645996094,4418800,0.0,0.0
2020-10-30 00:00:00-04:00,41.70000076293945,42.18000030517578,41.220001220703125,42.119998931884766,32.02082824707031,5415000,0.0,0.0
2020-11-02 00:00:00-05:00,42.7599983215332,43.77000045776367,42.09000015258789,43.47999954223633,33.054744720458984,6478000,0.0,0.0
2020-11-03 00:00:00-05:00,44.72999954223633,45.18000030517578,44.189998626708984,44.7599983215332,34.027835845947266,5812000,0.0,0.0
2020-11-04 00:00:00-05:00,43.2599983215332,43.88999938964844,41.97999954223633,42.68000030517578,32.44655990600586,5209300,0.0,0.0
2020-11-05 00:00:00-05:00,42.70000076293945,45.209999084472656,42.65999984741211,44.93000030517578,34.15707015991211,6606400,0.0,0.0
2020-11-06 00:00:00-05:00,45.20000076293945,45.20000076293945,42.810001373291016,42.9900016784668,32.68223190307617,4892500,0.0,0.0
2020-11-09 00:00:00-05:00,47.41999816894531,49.720001220703125,47.400001525878906,48.52000045776367,36.88630294799805,10476500,0.0,0.0
2020-11-10 00:00:00-05:00,47.439998626708984,49.31999969482422,46.97999954223633,49.040000915527344,37.2816162109375,6279300,0.0,0.0
2020-11-11 00:00:00-05:00,49.20000076293945,49.279998779296875,47.90999984741211,48.81999969482422,37.11435317993164,5777100,0.0,0.0
2020-11-12 00:00:00-05:00,47.27000045776367,47.630001068115234,45.630001068115234,46.33000183105469,35.549072265625,4603400,0.45,0.0
2020-11-13 00:00:00-05:00,46.5099983215332,47.650001525878906,46.5,47.189998626708984,36.208946228027344,4788100,0.0,0.0
2020-11-16 00:00:00-05:00,49.0,49.150001525878906,48.06999969482422,48.56999969482422,37.267826080322266,5958600,0.0,0.0
2020-11-17 00:00:00-05:00,47.619998931884766,48.31999969482422,47.06999969482422,48.16999816894531,36.96088790893555,5144900,0.0,0.0
2020-11-18 00:00:00-05:00,48.33000183105469,48.880001068115234,47.439998626708984,47.45000076293945,36.408451080322266,5331600,0.0,0.0
2020-11-19 00:00:00-05:00,46.70000076293945,47.029998779296875,46.150001525878906,46.900001525878906,35.98643112182617,6361000,0.0,0.0
2020-11-20 00:00:00-05:00,46.72999954223633,46.88999938964844,46.06999969482422,46.209999084472656,35.457000732421875,6019000,0.0,0.0
2020-11-23 00:00:00-05:00,47.0,47.2400016784668,46.45000076293945,46.97999954223633,36.04780960083008,4683000,0.0,0.0
2020-11-24 00:00:00-05:00,48.099998474121094,49.150001525878906,48.0,48.970001220703125,37.574745178222656,6587600,0.0,0.0
2020-11-25 00:00:00-05:00,48.380001068115234,48.79999923706055,47.63999938964844,48.5099983215332,37.22178649902344,4010200,0.0,0.0
2020-11-27 00:00:00-05:00,48.61000061035156,49.029998779296875,48.16999816894531,48.5,37.214111328125,2898500,0.0,0.0
2020-11-30 00:00:00-05:00,48.18000030517578,48.4900016784668,46.36000061035156,46.41999816894531,35.618125915527344,6850300,0.0,0.0
2020-12-01 00:00:00-05:00,47.849998474121094,48.2599983215332,47.29999923706055,47.52000045776367,36.462158203125,6260100,0.0,0.0
2020-12-02 00:00:00-05:00,47.13999938964844,47.720001220703125,46.83000183105469,47.560001373291016,36.49285125732422,5015900,0.0,0.0
2020-12-03 00:00:00-05:00,47.650001525878906,47.779998779296875,46.959999084472656,47.40999984741211,36.37775802612305,4782400,0.0,0.0
2020-12-04 00:00:00-05:00,47.650001525878906,48.310001373291016,47.40999984741211,48.22999954223633,37.00693893432617,4872000,0.0,0.0
2020-12-07 00:00:00-05:00,47.66999816894531,48.13999938964844,47.13999938964844,47.86000061035156,36.72303771972656,3858000,0.0,0.0
2020-12-08 00:00:00-05:00,47.59000015258789,48.060001373291016,47.220001220703125,47.709999084472656,36.60794448852539,3797100,0.0,0.0
2020-12-09 00:00:00-05:00,48.189998626708984,48.31999969482422,47.58000183105469,47.880001068115234,36.73838806152344,5539900,0.0,0.0
2020-12-10 00:00:00-05:00,47.189998626708984,48.130001068115234,47.060001373291016,47.95000076293945,36.79209518432617,8441500,0.0,0.0
2020-12-11 00:00:00-05:00,47.13999938964844,47.310001373291016,46.689998626708984,47.0099983215332,36.070831298828125,4503100,0.0,0.0
2020-12-14 00:00:00-05:00,47.68000030517578,47.68000030517578,45.790000915527344,45.90999984741211,35.226802825927734,6202500,0.0,0.0
2020-12-15 00:00:00-05:00,46.27000045776367,46.939998626708984,45.720001220703125,46.720001220703125,35.848304748535156,5110800,0.0,0.0
2020-12-16 00:00:00-05:00,46.720001220703125,47.27000045776367,46.400001525878906,47.22999954223633,36.23963928222656,7242000,0.0,0.0
2020-12-17 00:00:00-05:00,47.11000061035156,47.290000915527344,46.29999923706055,47.099998474121094,36.1399040222168,7794700,0.0,0.0
2020-12-18 00:00:00-05:00,46.9900016784668,47.099998474121094,45.560001373291016,45.900001525878906,35.21913528442383,10492700,0.0,0.0
2020-12-21 00:00:00-05:00,46.09000015258789,46.619998931884766,45.439998626708984,46.31999969482422,35.54140090942383,6891100,0.0,0.0
2020-12-22 00:00:00-05:00,46.66999816894531,46.7599983215332,45.959999084472656,46.029998779296875,35.31888198852539,4526900,0.0,0.0
2020-12-23 00:00:00-05:00,46.599998474121094,47.56999969482422,46.310001373291016,47.290000915527344,36.285675048828125,5170900,0.0,0.0
2020-12-24 00:00:00-05:00,47.5,47.5,46.70000076293945,46.9900016784668,36.05548858642578,2276200,0.0,0.0
2020-12-28 00:00:00-05:00,47.31999969482422,47.84000015258789,47.02000045776367,47.529998779296875,36.4698371887207,3532600,0.0,0.0
2020-12-29 00:00:00-05:00,47.54999923706055,47.65999984741211,46.58000183105469,46.720001220703125,35.848304748535156,2791900,0.0,0.0
2020-12-30 00:00:00-05:00,46.959999084472656,47.52000045776367,46.83000183105469,47.369998931884766,36.3470573425293,2931900,0.0,0.0
2020-12-31 00:00:00-05:00,47.40999984741211,48.0,46.970001220703125,47.93000030517578,36.77675247192383,3559600,0.0,0.0
2021-01-04 00:00:00-05:00,48.25,48.36000061035156,46.709999084472656,47.18000030517578,36.20126724243164,6314900,0.0,0.0
2021-01-05 00:00:00-05:00,47.279998779296875,47.959999084472656,46.709999084472656,47.5,36.44680404663086,6814200,0.0,0.0
2021-01-06 00:00:00-05:00,49.20000076293945,51.08000183105469,48.650001525878906,50.0,38.365055084228516,12915600,0.0,0.0
2021-01-07 00:00:00-05:00,50.0,51.68000030517578,49.97999954223633,51.4900016784668,39.50834655761719,8188400,0.0,0.0
2021-01-08 00:00:00-05:00,51.439998626708984,51.439998626708984,49.869998931884766,50.650001525878906,38.86382293701172,4703200,0.0,0.0
2021-01-11 00:00:00-05:00,50.119998931884766,50.9900016784668,49.630001068115234,50.939998626708984,39.086334228515625,5008800,0.0,0.0
2021-01-12 00:00:00-05:00,51.43000030517578,52.47999954223633,51.0099983215332,52.25,40.091495513916016,4739300,0.0,0.0
2021-01-13 00:00:00-05:00,51.939998626708984,52.279998779296875,51.150001525878906,52.08000183105469,39.961055755615234,4780800,0.0,0.0
2021-01-14 00:00:00-05:00,52.41999816894531,53.4900016784668,52.310001373291016,53.13999938964844,40.77439880371094,6217300,0.0,0.0
2021-01-15 00:00:00-05:00,52.189998626708984,52.599998474121094,51.400001525878906,51.970001220703125,39.87665557861328,4901700,0.0,0.0
2021-01-19 00:00:00-05:00,52.29999923706055,52.400001525878906,51.619998931884766,52.150001525878906,40.014766693115234,6604300,0.0,0.0
2021-01-20 00:00:00-05:00,51.97999954223633,52.0,51.220001220703125,51.630001068115234,39.61576843261719,6584100,0.0,0.0
2021-01-21 00:00:00-05:00,51.29999923706055,52.470001220703125,50.720001220703125,51.06999969482422,39.18608856201172,6039900,0.0,0.0
2021-01-22 00:00:00-05:00,50.220001220703125,51.40999984741211,50.130001068115234,51.18000030517578,39.27047348022461,4132700,0.0,0.0
2021-01-25 00:00:00-05:00,51.0,51.27000045776367,50.0099983215332,51.04999923706055,39.17073440551758,5261400,0.0,0.0
2021-01-26 00:00:00-05:00,51.599998474121094,51.70000076293945,50.22999954223633,50.2400016784668,38.549217224121094,3623900,0.0,0.0
2021-01-27 00:00:00-05:00,49.209999084472656,49.52000045776367,48.2599983215332,48.38999938964844,37.12969970703125,5679700,0.0,0.0
2021-01-28 00:00:00-05:00,49.08000183105469,49.869998931884766,48.61000061035156,49.150001525878906,37.712860107421875,5337100,0.0,0.0
2021-01-29 00:00:00-05:00,48.880001068115234,49.61000061035156,47.689998626708984,47.97999954223633,36.81511688232422,6970400,0.0,0.0
2021-02-01 00:00:00-05:00,48.310001373291016,48.5099983215332,47.709999084472656,48.380001068115234,37.122039794921875,5428200,0.0,0.0
2021-02-02 00:00:00-05:00,49.060001373291016,50.599998474121094,48.84000015258789,50.209999084472656,38.52619552612305,4874700,0.0,0.0
2021-02-03 00:00:00-05:00,49.790000915527344,51.63999938964844,49.70000076293945,51.52000045776367,39.531368255615234,6100900,0.0,0.0
2021-02-04 00:00:00-05:00,51.83000183105469,53.599998474121094,51.72999954223633,53.369998931884766,40.95087432861328,5085900,0.0,0.0
2021-02-05 00:00:00-05:00,53.849998474121094,54.0,52.61000061035156,52.689998626708984,40.42909622192383,5194500,0.0,0.0
2021-02-08 00:00:00-05:00,52.900001525878906,53.06999969482422,52.47999954223633,52.970001220703125,40.64394760131836,5903000,0.0,0.0
2021-02-09 00:00:00-05:00,52.72999954223633,53.5,52.470001220703125,53.369998931884766,40.95087432861328,3552200,0.0,0.0
2021-02-10 00:00:00-05:00,53.66999816894531,54.45000076293945,53.400001525878906,53.709999084472656,41.21175765991211,4526000,0.0,0.0
2021-02-11 00:00:00-05:00,53.290000915527344,53.72999954223633,52.220001220703125,52.779998779296875,40.840335845947266,3569500,0.45,0.0
2021-02-12 00:00:00-05:00,52.599998474121094,54.11000061035156,52.4900016784668,54.0099983215332,41.79209518432617,4555200,0.0,0.0
2021-02-16 00:00:00-05:00,54.56999969482422,56.02000045776367,54.25,55.650001525878906,43.06109619140625,6221100,0.0,0.0
2021-02-17 00:00:00-05:00,55.060001373291016,56.0099983215332,55.060001373291016,55.650001525878906,43.06109619140625,4144600,0.0,0.0
2021-02-18 00:00:00-05:00,55.2599983215332,55.939998626708984,55.02000045776367,55.83000183105469,43.20037841796875,5346100,0.0,0.0
2021-02-19 00:00:00-05:00,56.25,57.7599983215332,56.04999923706055,57.58000183105469,44.554500579833984,6427300,0.0,0.0
2021-02-22 00:00:00-05:00,57.5,59.27000045776367,57.47999954223633,59.06999969482422,45.70744323730469,8987100,0.0,0.0
2021-02-23 00:00:00-05:00,59.79999923706055,59.88999938964844,58.04999923706055,58.72999954223633,45.44435119628906,7391200,0.0,0.0
2021-02-24 00:00:00-05:00,59.0,60.79999923706055,58.90999984741211,60.16999816894531,46.55860137939453,7776900,0.0,0.0
2021-02-25 00:00:00-05:00,61.0,61.2599983215332,58.43000030517578,58.630001068115234,45.36697006225586,5775900,0.0,0.0
2021-02-26 00:00:00-05:00,58.2400016784668,58.61000061035156,56.86000061035156,56.959999084472656,44.07476043701172,10838100,0.0,0.0
2021-03-01 00:00:00-05:00,58.2599983215332,59.279998779296875,58.060001373291016,58.810001373291016,45.506256103515625,4814100,0.0,0.0
2021-03-02 00:00:00-05:00,58.43000030517578,59.029998779296875,58.15999984741211,58.2599983215332,45.08067321777344,5087500,0.0,0.0
2021-03-03 00:00:00-05:00,58.5,59.619998931884766,58.349998474121094,58.4900016784668,45.258644104003906,6178900,0.0,0.0
2021-03-04 00:00:00-05:00,58.31999969482422,58.79999923706055,56.290000915527344,57.380001068115234,44.39973831176758,5960900,0.0,0.0
2021-03-05 00:00:00-05:00,59.02000045776367,59.220001220703125,56.83000183105469,58.720001220703125,45.43661117553711,6149000,0.0,0.0
2021-03-08 00:00:00-05:00,59.58000183105469,60.65999984741211,58.97999954223633,59.709999084472656,46.202659606933594,6833200,0.0,0.0
2021-03-09 00:00:00-05:00,58.81999969482422,59.27000045776367,57.529998779296875,58.25,45.07293701171875,5807700,0.0,0.0
2021-03-10 00:00:00-05:00,58.380001068115234,59.27000045776367,58.08000183105469,58.79999923706055,45.498512268066406,6963800,0.0,0.0
2021-03-11 00:00:00-05:00,58.290000915527344,59.130001068115234,57.869998931884766,58.90999984741211,45.58363723754883,9149800,0.0,0.0
2021-03-12 00:00:00-05:00,60.0,60.279998779296875,59.380001068115234,59.91999816894531,46.36515426635742,4388100,0.0,0.0
2021-03-15 00:00:00-04:00,59.86000061035156,60.0,58.650001525878906,59.47999954223633,46.024688720703125,6235800,0.0,0.0
2021-03-16 00:00:00-04:00,57.880001068115234,58.68000030517578,57.310001373291016,58.2400016784668,45.06520080566406,5585200,0.0,0.0
2021-03-17 00:00:00-04:00,58.90999984741211,59.369998931884766,57.91999816894531,58.58000183105469,45.328285217285156,5411400,0.0,0.0
2021-03-18 00:00:00-04:00,59.47999954223633,60.90999984741211,59.060001373291016,59.33000183105469,45.90862274169922,6257100,0.0,0.0
2021-03-19 00:00:00-04:00,58.25,59.25,57.06999969482422,58.540000915527344,45.297332763671875,14524400,0.0,0.0
2021-03-22 00:00:00-04:00,57.86000061035156,58.06999969482422,57.0099983215332,57.470001220703125,44.469383239746094,5349900,0.0,0.0
2021-03-23 00:00:00-04:00,56.90999984741211,57.439998626708984,55.959999084472656,56.08000183105469,43.39382553100586,5296600,0.0,0.0
2021-03-24 00:00:00-04:00,56.77000045776367,57.29999923706055,55.79999923706055,55.81999969482422,43.19264221191406,7361000,0.0,0.0
2021-03-25 00:00:00-04:00,55.95000076293945,57.66999816894531,55.279998779296875,57.4900016784668,44.48486328125,7007300,0.0,0.0
2021-03-26 00:00:00-04:00,58.599998474121094,59.540000915527344,58.279998779296875,59.349998474121094,45.924102783203125,9944700,0.0,0.0
2021-03-29 00:00:00-04:00,58.439998626708984,58.540000915527344,57.0099983215332,57.310001373291016,44.3455810546875,5700800,0.0,0.0
2021-03-30 00:00:00-04:00,57.880001068115234,59.04999923706055,57.83000183105469,58.779998779296875,45.48304748535156,5178000,0.0,0.0
2021-03-31 00:00:00-04:00,58.61000061035156,59.02000045776367,58.130001068115234,58.31999969482422,45.127098083496094,6100300,0.0,0.0
2021-04-01 00:00:00-04:00,58.29999923706055,59.060001373291016,58.11000061035156,59.04999923706055,45.69196319580078,4654400,0.0,0.0
2021-04-05 00:00:00-04:00,59.709999084472656,60.130001068115234,58.77000045776367,59.150001525878906,45.769351959228516,4866300,0.0,0.0
2021-04-06 00:00:00-04:00,58.970001220703125,59.36000061035156,58.52000045776367,59.130001068115234,45.75386428833008,3359100,0.0,0.0
2021-04-07 00:00:00-04:00,59.36000061035156,59.66999816894531,58.84000015258789,59.43000030517578,45.986000061035156,3245100,0.0,0.0
2021-04-08 00:00:00-04:00,58.88999938964844,59.41999816894531,58.06999969482422,59.25,45.84672164916992,4524000,0.0,0.0
2021-04-09 00:00:00-04:00,59.709999084472656,60.27000045776367,59.5099983215332,60.02000045776367,46.44253158569336,4247400,0.0,0.0
2021-04-12 00:00:00-04:00,60.11000061035156,60.41999816894531,59.849998474121094,60.189998626708984,46.57406997680664,4200200,0.0,0.0
2021-04-13 00:00:00-04:00,59.66999816894531,59.779998779296875,58.4900016784668,58.97999954223633,45.63779830932617,4393400,0.0,0.0
2021-04-14 00:00:00-04:00,58.619998931884766,60.31999969482422,58.619998931884766,59.689998626708984,46.18718338012695,4817500,0.0,0.0
2021-04-15 00:00:00-04:00,58.959999084472656,59.11000061035156,56.52000045776367,57.220001220703125,44.27593994140625,9229100,0.0,0.0
2021-04-16 00:00:00-04:00,57.79999923706055,58.099998474121094,57.09000015258789,57.84000015258789,44.755680084228516,5864300,0.0,0.0
2021-04-19 00:00:00-04:00,58.15999984741211,58.15999984741211,57.279998779296875,57.400001525878906,44.415225982666016,4857800,0.0,0.0
2021-04-20 00:00:00-04:00,56.93000030517578,57.119998931884766,55.4900016784668,55.75,43.13847351074219,6985300,0.0,0.0
2021-04-21 00:00:00-04:00,55.36000061035156,56.79999923706055,55.15999984741211,56.77000045776367,43.927734375,6078400,0.0,0.0
2021-04-22 00:00:00-04:00,56.720001220703125,56.81999969482422,55.83000183105469,55.86000061035156,43.223594665527344,6466600,0.0,0.0
2021-04-23 00:00:00-04:00,55.77000045776367,57.95000076293945,55.65999984741211,57.619998931884766,44.585453033447266,6461700,0.0,0.0
2021-04-26 00:00:00-04:00,58.02000045776367,58.650001525878906,57.650001525878906,57.720001220703125,44.6628303527832,4354900,0.0,0.0
2021-04-27 00:00:00-04:00,57.83000183105469,58.41999816894531,57.630001068115234,58.29999923706055,45.11162567138672,4840600,0.0,0.0
2021-04-28 00:00:00-04:00,58.529998779296875,59.22999954223633,58.41999816894531,58.939998626708984,45.60684585571289,4543600,0.0,0.0
2021-04-29 00:00:00-04:00,59.650001525878906,60.209999084472656,59.459999084472656,59.93000030517578,46.37289047241211,5050900,0.0,0.0
2021-04-30 00:00:00-04:00,59.5099983215332,60.02000045776367,59.04999923706055,59.310001373291016,45.893150329589844,5683800,0.0,0.0
2021-05-03 00:00:00-04:00,60.0099983215332,60.220001220703125,59.02000045776367,59.189998626708984,45.800289154052734,4265600,0.0,0.0
2021-05-04 00:00:00-04:00,58.779998779296875,60.130001068115234,58.27000045776367,60.0,46.427066802978516,8276300,0.0,0.0
2021-05-05 00:00:00-04:00,59.97999954223633,60.88999938964844,59.5,60.599998474121094,46.89133071899414,5051000,0.0,0.0
2021-05-06 00:00:00-04:00,61.0,61.099998474121094,59.90999984741211,61.04999923706055,47.23954391479492,4109500,0.0,0.0
2021-05-07 00:00:00-04:00,59.91999816894531,61.65999984741211,59.72999954223633,61.56999969482422,47.64190673828125,3926600,0.0,0.0
2021-05-10 00:00:00-04:00,61.56999969482422,62.099998474121094,60.880001068115234,60.88999938964844,47.11573028564453,4527400,0.0,0.0
2021-05-11 00:00:00-04:00,60.599998474121094,61.61000061035156,60.08000183105469,60.4900016784668,46.80622482299805,5025300,0.0,0.0
2021-05-12 00:00:00-04:00,61.119998931884766,61.43000030517578,59.45000076293945,59.61000061035156,46.12528610229492,5269500,0.0,0.0
2021-05-13 00:00:00-04:00,58.75,60.970001220703125,58.689998626708984,60.56999969482422,47.224613189697266,4901600,0.45,0.0
2021-05-14 00:00:00-04:00,60.9900016784668,61.810001373291016,60.56999969482422,61.63999938964844,48.058860778808594,4229600,0.0,0.0
2021-05-17 00:00:00-04:00,61.4900016784668,62.150001525878906,61.2400016784668,62.02000045776367,48.355140686035156,5156500,0.0,0.0
2021-05-18 00:00:00-04:00,62.04999923706055,62.689998626708984,61.150001525878906,61.189998626708984,47.708011627197266,5024700,0.0,0.0
2021-05-19 00:00:00-04:00,60.59000015258789,60.7400016784668,59.52000045776367,60.380001068115234,47.076480865478516,10376700,0.0,0.0
2021-05-20 00:00:00-04:00,60.33000183105469,60.650001525878906,59.380001068115234,60.2599983215332,46.98292922973633,4588000,0.0,0.0
2021-05-21 00:00:00-04:00,60.65999984741211,61.41999816894531,60.41999816894531,60.880001068115234,47.466312408447266,4110200,0.0,0.0
2021-05-24 00:00:00-04:00,61.22999954223633,61.56999969482422,60.70000076293945,61.209999084472656,47.723602294921875,3280900,0.0,0.0
2021-05-25 00:00:00-04:00,61.380001068115234,61.97999954223633,60.0,60.060001373291016,46.826988220214844,4050300,0.0,0.0
2021-05-26 00:00:00-04:00,60.650001525878906,60.97999954223633,59.869998931884766,60.619998931884766,47.263607025146484,4775700,0.0,0.0
2021-05-27 00:00:00-04:00,61.540000915527344,62.34000015258789,61.130001068115234,62.13999938964844,48.44870376586914,14971900,0.0,0.0
2021-05-28 00:00:00-04:00,61.83000183105469,62.029998779296875,60.83000183105469,61.779998779296875,48.16801834106445,6162100,0.0,0.0
2021-06-01 00:00:00-04:00,62.20000076293945,62.59000015258789,61.439998626708984,61.5,47.94971466064453,6068600,0.0,0.0
2021-06-02 00:00:00-04:00,61.63999938964844,61.779998779296875,60.7599983215332,60.779998779296875,47.38834762573242,5667200,0.0,0.0
2021-06-03 00:00:00-04:00,60.900001525878906,61.61000061035156,60.470001220703125,60.79999923706055,47.40393829345703,6215200,0.0,0.0
2021-06-04 00:00:00-04:00,60.720001220703125,60.7599983215332,59.61000061035156,60.189998626708984,46.92833709716797,7871000,0.0,0.0
2021-06-07 00:00:00-04:00,60.380001068115234,60.5099983215332,59.65999984741211,60.060001373291016,46.826988220214844,6097200,0.0,0.0
2021-06-08 00:00:00-04:00,59.61000061035156,60.150001525878906,59.09000015258789,59.83000183105469,46.64766311645508,5060500,0.0,0.0
2021-06-09 00:00:00-04:00,59.349998474121094,59.36000061035156,58.40999984741211,58.45000076293945,45.57171630859375,5201600,0.0,0.0
2021-06-10 00:00:00-04:00,59.15999984741211,59.34000015258789,57.790000915527344,57.83000183105469,45.08832550048828,6417400,0.0,0.0
2021-06-11 00:00:00-04:00,57.95000076293945,58.380001068115234,57.75,57.9900016784668,45.21306610107422,4164800,0.0,0.0
2021-06-14 00:00:00-04:00,57.849998474121094,58.040000915527344,56.31999969482422,56.689998626708984,44.19948959350586,7444200,0.0,0.0
2021-06-15 00:00:00-04:00,56.97999954223633,57.540000915527344,56.369998931884766,57.209999084472656,44.604923248291016,5578300,0.0,0.0
2021-06-16 00:00:00-04:00,56.7599983215332,58.31999969482422,56.16999816894531,57.79999923706055,45.0649299621582,6412700,0.0,0.0
2021-06-17 00:00:00-04:00,58.220001220703125,58.220001220703125,54.279998779296875,54.33000183105469,42.35947799682617,8196800,0.0,0.0
2021-06-18 00:00:00-04:00,53.220001220703125,53.630001068115234,52.61000061035156,52.810001373291016,41.174381256103516,13044500,0.0,0.0
2021-06-21 00:00:00-04:00,53.349998474121094,54.54999923706055,53.209999084472656,54.5,42.49201583862305,5459800,0.0,0.0
2021-06-22 00:00:00-04:00,54.58000183105469,54.83000183105469,53.849998474121094,54.36000061035156,42.38286590576172,4839700,0.0,0.0
2021-06-23 00:00:00-04:00,54.59000015258789,54.959999084472656,54.34000015258789,54.630001068115234,42.59337615966797,3702900,0.0,0.0
2021-06-24 00:00:00-04:00,54.810001373291016,55.599998474121094,54.43000030517578,55.31999969482422,43.13134765625,4773400,0.0,0.0
2021-06-25 00:00:00-04:00,55.650001525878906,56.31999969482422,55.369998931884766,56.130001068115234,43.762882232666016,4074700,0.0,0.0
2021-06-28 00:00:00-04:00,55.810001373291016,55.970001220703125,54.939998626708984,55.209999084472656,43.045589447021484,5718700,0.0,0.0
2021-06-29 00:00:00-04:00,55.7599983215332,56.290000915527344,55.02000045776367,55.29999923706055,43.115753173828125,4638900,0.0,0.0
2021-06-30 00:00:00-04:00,55.0,55.869998931884766,55.0,55.5,43.27168655395508,4720000,0.0,0.0
2021-07-01 00:00:00-04:00,55.83000183105469,56.33000183105469,55.56999969482422,56.29999923706055,43.89542770385742,4138800,0.0,0.0
2021-07-02 00:00:00-04:00,56.130001068115234,56.20000076293945,55.61000061035156,56.029998779296875,43.684913635253906,3093200,0.0,0.0
2021-07-06 00:00:00-04:00,55.59000015258789,55.7599983215332,54.33000183105469,54.41999816894531,42.42964553833008,4914000,0.0,0.0
2021-07-07 00:00:00-04:00,53.45000076293945,54.369998931884766,53.439998626708984,53.68000030517578,41.852691650390625,4521100,0.0,0.0
2021-07-08 00:00:00-04:00,53.029998779296875,53.56999969482422,52.25,52.97999954223633,41.306922912597656,6131600,0.0,0.0
2021-07-09 00:00:00-04:00,54.220001220703125,55.279998779296875,53.720001220703125,55.209999084472656,43.045589447021484,5192900,0.0,0.0
2021-07-12 00:00:00-04:00,54.349998474121094,55.72999954223633,53.9900016784668,55.599998474121094,43.34965515136719,4026600,0.0,0.0
2021-07-13 00:00:00-04:00,55.34000015258789,55.56999969482422,54.52000045776367,54.709999084472656,42.6557502746582,4636800,0.0,0.0
2021-07-14 00:00:00-04:00,54.72999954223633,55.459999084472656,53.779998779296875,54.43000030517578,42.43743896484375,6275800,0.0,0.0
2021-07-15 00:00:00-04:00,54.0,56.2400016784668,53.77000045776367,55.86000061035156,43.552371978759766,6293500,0.0,0.0
2021-07-16 00:00:00-04:00,56.20000076293945,56.2400016784668,54.220001220703125,54.38999938964844,42.4062614440918,5342900,0.0,0.0
2021-07-19 00:00:00-04:00,53.4900016784668,53.790000915527344,51.869998931884766,52.18000030517578,40.68318176269531,7131800,0.0,0.0
2021-07-20 00:00:00-04:00,52.099998474121094,54.93000030517578,51.93000030517578,54.06999969482422,42.15676498413086,6274900,0.0,0.0
2021-07-21 00:00:00-04:00,54.65999984741211,55.72999954223633,54.5,55.279998779296875,43.100162506103516,4352200,0.0,0.0
2021-07-22 00:00:00-04:00,55.02000045776367,55.13999938964844,54.06999969482422,54.33000183105469,42.35947799682617,3307700,0.0,0.0
2021-07-23 00:00:00-04:00,54.90999984741211,55.2400016784668,54.15999984741211,54.459999084472656,42.46083068847656,3186400,0.0,0.0
2021-07-26 00:00:00-04:00,54.61000061035156,55.18000030517578,54.5099983215332,54.900001525878906,42.80388259887695,3488800,0.0,0.0
2021-07-27 00:00:00-04:00,54.20000076293945,55.33000183105469,53.880001068115234,54.95000076293945,42.842864990234375,5234700,0.0,0.0
2021-07-28 00:00:00-04:00,55.560001373291016,55.619998931884766,54.2400016784668,55.08000183105469,42.94422912597656,4884300,0.0,0.0
2021-07-29 00:00:00-04:00,55.54999923706055,55.83000183105469,54.83000183105469,55.31999969482422,43.13134765625,3248100,0.0,0.0
2021-07-30 00:00:00-04:00,55.09000015258789,55.849998474121094,54.31999969482422,54.43000030517578,42.43743896484375,5808400,0.0,0.0
2021-08-02 00:00:00-04:00,54.72999954223633,55.970001220703125,54.11000061035156,54.13999938964844,42.211341857910156,4496800,0.0,0.0
2021-08-03 00:00:00-04:00,54.5,55.4900016784668,53.25,55.310001373291016,43.12355041503906,4018200,0.0,0.0
2021-08-04 00:00:00-04:00,54.54999923706055,55.43000030517578,54.29999923706055,54.59000015258789,42.56218719482422,4028900,0.0,0.0
2021-08-05 00:00:00-04:00,55.16999816894531,55.599998474121094,55.0,55.54999923706055,43.310672760009766,3526300,0.0,0.0
2021-08-06 00:00:00-04:00,56.36000061035156,57.13999938964844,56.06999969482422,56.599998474121094,44.12933349609375,4179300,0.0,0.0
2021-08-09 00:00:00-04:00,56.40999984741211,57.20000076293945,55.84000015258789,56.720001220703125,44.2228889465332,3892400,0.0,0.0
2021-08-10 00:00:00-04:00,56.529998779296875,57.97999954223633,56.40999984741211,57.959999084472656,45.189674377441406,5999800,0.0,0.0
2021-08-11 00:00:00-04:00,57.95000076293945,58.939998626708984,57.310001373291016,58.86000061035156,45.89137268066406,6605700,0.0,0.0
2021-08-12 00:00:00-04:00,58.36000061035156,58.81999969482422,57.939998626708984,58.5099983215332,45.99357986450195,4436000,0.48,0.0
2021-08-13 00:00:00-04:00,58.63999938964844,58.86000061035156,57.279998779296875,57.380001068115234,45.10530090332031,4773200,0.0,0.0
2021-08-16 00:00:00-04:00,57.0,57.099998474121094,56.06999969482422,57.06999969482422,44.86161422729492,3415700,0.0,0.0
2021-08-17 00:00:00-04:00,56.5,56.91999816894531,55.47999954223633,56.189998626708984,44.16986846923828,3553400,0.0,0.0
2021-08-18 00:00:00-04:00,55.880001068115234,56.65999984741211,55.5,55.560001373291016,43.67463302612305,3134500,0.0,0.0
2021-08-19 00:00:00-04:00,54.75,55.58000183105469,54.459999084472656,55.040000915527344,43.265865325927734,4371800,0.0,0.0
2021-08-20 00:00:00-04:00,54.88999938964844,55.599998474121094,54.619998931884766,55.58000183105469,43.69035720825195,3354900,0.0,0.0
2021-08-23 00:00:00-04:00,56.0,56.369998931884766,55.90999984741211,56.08000183105469,44.083396911621094,2687300,0.0,0.0
2021-08-24 00:00:00-04:00,56.06999969482422,56.81999969482422,56.04999923706055,56.709999084472656,44.57862091064453,2409200,0.0,0.0
2021-08-25 00:00:00-04:00,57.0,58.06999969482422,56.70000076293945,57.560001373291016,45.246788024902344,2691000,0.0,0.0
2021-08-26 00:00:00-04:00,57.619998931884766,57.88999938964844,56.90999984741211,56.97999954223633,44.790863037109375,3041300,0.0,0.0
2021-08-27 00:00:00-04:00,57.150001525878906,58.099998474121094,57.029998779296875,57.970001220703125,45.5690803527832,3758400,0.0,0.0
2021-08-30 00:00:00-04:00,58.0,58.099998474121094,56.709999084472656,56.790000915527344,44.641510009765625,3196500,0.0,0.0
2021-08-31 00:00:00-04:00,56.970001220703125,57.33000183105469,56.43000030517578,57.060001373291016,44.853759765625,5612900,0.0,0.0
2021-09-01 00:00:00-04:00,57.400001525878906,57.400001525878906,55.959999084472656,56.220001220703125,44.19344711303711,5519900,0.0,0.0
2021-09-02 00:00:00-04:00,56.2400016784668,56.93000030517578,56.119998931884766,56.599998474121094,44.492164611816406,3529100,0.0,0.0
2021-09-03 00:00:00-04:00,56.63999938964844,56.83000183105469,56.119998931884766,56.45000076293945,44.37424087524414,2580600,0.0,0.0
2021-09-07 00:00:00-04:00,56.54999923706055,57.15999984741211,55.959999084472656,56.02000045776367,44.03622817993164,4190000,0.0,0.0
2021-09-08 00:00:00-04:00,55.83000183105469,56.189998626708984,55.310001373291016,55.63999938964844,43.73751449584961,2824400,0.0,0.0
2021-09-09 00:00:00-04:00,55.59000015258789,56.56999969482422,55.36000061035156,55.72999954223633,43.80826950073242,3379100,0.0,0.0
2021-09-10 00:00:00-04:00,56.18000030517578,56.189998626708984,55.130001068115234,55.20000076293945,43.39164352416992,3196800,0.0,0.0
2021-09-13 00:00:00-04:00,55.630001068115234,56.349998474121094,55.5,56.22999954223633,44.2013053894043,4310100,0.0,0.0
2021-09-14 00:00:00-04:00,56.220001220703125,56.5099983215332,54.349998474121094,54.630001068115234,42.943580627441406,6008600,0.0,0.0
2021-09-15 00:00:00-04:00,54.650001525878906,55.86000061035156,54.650001525878906,55.58000183105469,43.69035720825195,4920300,0.0,0.0
2021-09-16 00:00:00-04:00,55.95000076293945,56.27000045776367,55.16999816894531,55.279998779296875,43.454532623291016,5272100,0.0,0.0
2021-09-17 00:00:00-04:00,55.150001525878906,56.08000183105469,55.11000061035156,55.33000183105469,43.493839263916016,19623700,0.0,0.0
2021-09-20 00:00:00-04:00,53.869998931884766,54.2400016784668,52.630001068115234,53.68000030517578,42.19680404663086,9463400,0.0,0.0
2021-09-21 00:00:00-04:00,54.0,54.2400016784668,53.41999816894531,53.66999816894531,42.188934326171875,4029300,0.0,0.0
2021-09-22 00:00:00-04:00,54.52000045776367,55.279998779296875,54.349998474121094,54.7400016784668,43.03005599975586,4933900,0.0,0.0
2021-09-23 00:00:00-04:00,55.380001068115234,57.34000015258789,55.369998931884766,57.09000015258789,44.87733840942383,6262400,0.0,0.0
2021-09-24 00:00:00-04:00,57.290000915527344,58.33000183105469,57.029998779296875,58.0,45.59266662597656,5608400,0.0,0.0
2021-09-27 00:00:00-04:00,58.79999923706055,60.529998779296875,58.68000030517578,60.150001525878906,47.28274917602539,5994300,0.0,0.0
2021-09-28 00:00:00-04:00,60.33000183105469,60.7400016784668,58.9900016784668,59.189998626708984,46.52810287475586,6925400,0.0,0.0
2021-09-29 00:00:00-04:00,59.439998626708984,59.70000076293945,58.970001220703125,59.41999816894531,46.708900451660156,3820800,0.0,0.0
2021-09-30 00:00:00-04:00,59.83000183105469,60.06999969482422,58.61000061035156,58.650001525878906,46.1036262512207,6660800,0.0,0.0
2021-10-01 00:00:00-04:00,59.099998474121094,60.65999984741211,58.59000015258789,60.220001220703125,47.3377685546875,5106000,0.0,0.0
2021-10-04 00:00:00-04:00,60.25,61.15999984741211,59.83000183105469,60.04999923706055,47.20412826538086,4096300,0.0,0.0
2021-10-05 00:00:00-04:00,59.689998626708984,60.7599983215332,59.689998626708984,60.279998779296875,47.38492965698242,3988900,0.0,0.0
2021-10-06 00:00:00-04:00,59.91999816894531,60.189998626708984,58.77000045776367,60.130001068115234,47.26702117919922,3994000,0.0,0.0
2021-10-07 00:00:00-04:00,60.650001525878906,61.040000915527344,60.2599983215332,60.52000045776367,47.57358932495117,3370800,0.0,0.0
2021-10-08 00:00:00-04:00,60.61000061035156,61.13999938964844,60.18000030517578,60.83000183105469,47.81727600097656,2678400,0.0,0.0
2021-10-11 00:00:00-04:00,61.2599983215332,61.400001525878906,60.209999084472656,60.22999954223633,47.34563064575195,2844500,0.0,0.0
2021-10-12 00:00:00-04:00,60.0,60.4900016784668,59.70000076293945,60.22999954223633,47.34563064575195,2622500,0.0,0.0
2021-10-13 00:00:00-04:00,59.97999954223633,60.20000076293945,58.459999084472656,59.91999816894531,47.10194396972656,4692200,0.0,0.0
2021-10-14 00:00:00-04:00,60.599998474121094,60.63999938964844,59.65999984741211,60.63999938964844,47.66792678833008,4505200,0.0,0.0
2021-10-15 00:00:00-04:00,61.22999954223633,61.970001220703125,60.40999984741211,61.34000015258789,48.21818542480469,5277400,0.0,0.0
2021-10-18 00:00:00-04:00,61.279998779296875,62.470001220703125,61.22999954223633,61.7599983215332,48.54833221435547,6523500,0.0,0.0
2021-10-19 00:00:00-04:00,62.04999923706055,62.70000076293945,61.849998474121094,62.56999969482422,49.18505859375,4086900,0.0,0.0
2021-10-20 00:00:00-04:00,62.380001068115234,63.88999938964844,62.20000076293945,63.880001068115234,50.21482467651367,4236000,0.0,0.0
2021-10-21 00:00:00-04:00,63.880001068115234,64.30999755859375,63.22999954223633,63.58000183105469,49.97899627685547,3704200,0.0,0.0
2021-10-22 00:00:00-04:00,63.79999923706055,64.77999877929688,63.79999923706055,64.44000244140625,50.655025482177734,4156900,0.0,0.0
2021-10-25 00:00:00-04:00,64.7699966430664,64.91999816894531,64.4000015258789,64.56999969482422,50.7572135925293,3360600,0.0,0.0
2021-10-26 00:00:00-04:00,64.66999816894531,64.91000366210938,64.22000122070312,64.44000244140625,50.655025482177734,4165000,0.0,0.0
2021-10-27 00:00:00-04:00,64.08000183105469,64.48999786376953,63.0,63.0099983215332,49.53093338012695,4640200,0.0,0.0
2021-10-28 00:00:00-04:00,63.369998931884766,64.0,63.31999969482422,63.88999938964844,50.22269058227539,4121800,0.0,0.0
2021-10-29 00:00:00-04:00,63.970001220703125,64.19000244140625,63.439998626708984,63.470001220703125,49.89253616333008,4994800,0.0,0.0
2021-11-01 00:00:00-04:00,64.0,64.58999633789062,63.83000183105469,64.43000030517578,50.64716339111328,3412200,0.0,0.0
2021-11-02 00:00:00-04:00,64.18000030517578,64.83000183105469,64.04000091552734,64.30000305175781,50.54498291015625,4159100,0.0,0.0
2021-11-03 00:00:00-04:00,64.11000061035156,65.41999816894531,63.810001373291016,65.13999938964844,51.205284118652344,4515300,0.0,0.0
2021-11-04 00:00:00-04:00,64.72000122070312,64.95999908447266,63.189998626708984,63.7599983215332,50.120479583740234,3963800,0.0,0.0
2021-11-05 00:00:00-04:00,64.44999694824219,64.93000030517578,63.93000030517578,64.29000091552734,50.53711700439453,3552200,0.0,0.0
2021-11-08 00:00:00-05:00,64.44999694824219,64.95999908447266,64.41000366210938,64.7699966430664,50.9144287109375,4851900,0.0,0.0
2021-11-09 00:00:00-05:00,64.30999755859375,65.1500015258789,64.30999755859375,64.73999786376953,50.89085388183594,4232600,0.0,0.0
2021-11-10 00:00:00-05:00,64.5199966430664,64.9000015258789,63.84000015258789,63.88999938964844,50.597835540771484,4485000,0.48,0.0
2021-11-11 00:00:00-05:00,63.77000045776367,64.0999984741211,63.380001068115234,63.439998626708984,50.24144744873047,2830400,0.0,0.0
2021-11-12 00:00:00-05:00,63.369998931884766,63.470001220703125,62.310001373291016,62.70000076293945,49.65541458129883,6044000,0.0,0.0
2021-11-15 00:00:00-05:00,62.970001220703125,63.380001068115234,62.7599983215332,63.279998779296875,50.11474609375,3138100,0.0,0.0
2021-11-16 00:00:00-05:00,63.439998626708984,63.86000061035156,63.040000915527344,63.54999923706055,50.32856750488281,2939100,0.0,0.0
2021-11-17 00:00:00-05:00,63.31999969482422,63.43000030517578,62.25,62.43000030517578,49.44158172607422,3247700,0.0,0.0
2021-11-18 00:00:00-05:00,62.380001068115234,62.63999938964844,61.459999084472656,61.869998931884766,48.99808120727539,3293000,0.0,0.0
2021-11-19 00:00:00-05:00,61.22999954223633,61.29999923706055,59.970001220703125,60.63999938964844,48.02399444580078,4654500,0.0,0.0
2021-11-22 00:00:00-05:00,61.560001373291016,62.81999969482422,61.2400016784668,62.119998931884766,49.19607925415039,3907300,0.0,0.0
2021-11-23 00:00:00-05:00,62.63999938964844,62.9900016784668,62.40999984741211,62.90999984741211,49.821712493896484,3771700,0.0,0.0
2021-11-24 00:00:00-05:00,62.7400016784668,63.47999954223633,62.47999954223633,62.88999938964844,49.805870056152344,3114900,0.0,0.0
2021-11-26 00:00:00-05:00,60.439998626708984,60.70000076293945,58.79999923706055,60.08000183105469,47.58049011230469,5189600,0.0,0.0
2021-11-29 00:00:00-05:00,62.08000183105469,63.09000015258789,60.16999816894531,61.060001373291016,48.35661315917969,6465300,0.0,0.0
2021-11-30 00:00:00-05:00,59.95000076293945,60.36000061035156,59.04999923706055,59.310001373291016,46.97068786621094,7545600,0.0,0.0
2021-12-01 00:00:00-05:00,60.88999938964844,61.41999816894531,58.29999923706055,58.349998474121094,46.21042251586914,5346800,0.0,0.0
2021-12-02 00:00:00-05:00,58.9900016784668,60.91999816894531,58.77000045776367,60.380001068115234,47.818077087402344,4901800,0.0,0.0
2021-12-03 00:00:00-05:00,60.369998931884766,60.529998779296875,58.130001068115234,58.47999954223633,46.31336975097656,6796700,0.0,0.0
2021-12-06 00:00:00-05:00,59.560001373291016,60.290000915527344,58.880001068115234,59.5,47.12115478515625,7772900,0.0,0.0
2021-12-07 00:00:00-05:00,59.9900016784668,61.02000045776367,59.75,60.58000183105469,47.97646713256836,5396300,0.0,0.0
2021-12-08 00:00:00-05:00,60.63999938964844,60.93000030517578,59.72999954223633,59.7599983215332,47.32706069946289,4300900,0.0,0.0
2021-12-09 00:00:00-05:00,59.36000061035156,60.0,58.88999938964844,59.619998931884766,47.2161979675293,3974000,0.0,0.0
2021-12-10 00:00:00-05:00,60.09000015258789,60.150001525878906,58.849998474121094,59.38999938964844,47.03404998779297,3162600,0.0,0.0
2021-12-13 00:00:00-05:00,59.060001373291016,59.29999923706055,57.779998779296875,58.0,45.9332275390625,6036300,0.0,0.0
2021-12-14 00:00:00-05:00,58.31999969482422,59.43000030517578,58.220001220703125,58.65999984741211,46.455928802490234,5715400,0.0,0.0
2021-12-15 00:00:00-05:00,58.91999816894531,59.2599983215332,57.79999923706055,58.56999969482422,46.38465118408203,4855300,0.0,0.0
2021-12-16 00:00:00-05:00,59.310001373291016,60.380001068115234,59.0,59.18000030517578,46.867733001708984,5427100,0.0,0.0
2021-12-17 00:00:00-05:00,59.029998779296875,59.11000061035156,56.7599983215332,57.11000061035156,45.228397369384766,9608400,0.0,0.0
2021-12-20 00:00:00-05:00,56.209999084472656,56.380001068115234,54.72999954223633,55.66999816894531,44.087982177734375,5968100,0.0,0.0
2021-12-21 00:00:00-05:00,56.41999816894531,57.349998474121094,56.29999923706055,57.119998931884766,45.23631286621094,4589700,0.0,0.0
2021-12-22 00:00:00-05:00,56.939998626708984,57.45000076293945,56.7400016784668,57.34000015258789,45.41054916381836,3935800,0.0,0.0
2021-12-23 00:00:00-05:00,57.84000015258789,58.38999938964844,57.599998474121094,57.77000045776367,45.75108337402344,3189100,0.0,0.0
2021-12-27 00:00:00-05:00,58.0,58.459999084472656,57.380001068115234,58.459999084472656,46.29752731323242,2597100,0.0,0.0
2021-12-28 00:00:00-05:00,58.369998931884766,58.91999816894531,58.189998626708984,58.70000076293945,46.48759460449219,2736400,0.0,0.0
2021-12-29 00:00:00-05:00,59.06999969482422,59.130001068115234,58.529998779296875,58.779998779296875,46.55095291137695,2623500,0.0,0.0
2021-12-30 00:00:00-05:00,58.970001220703125,59.34000015258789,58.439998626708984,58.5,46.32920455932617,2786900,0.0,0.0
2021-12-31 00:00:00-05:00,58.279998779296875,58.880001068115234,58.27000045776367,58.54999923706055,46.368804931640625,2863200,0.0,0.0
2022-01-03 00:00:00-05:00,59.33000183105469,60.470001220703125,59.29999923706055,60.400001525878906,47.83391189575195,5677600,0.0,0.0
2022-01-04 00:00:00-05:00,61.189998626708984,62.86000061035156,61.13999938964844,62.349998474121094,49.37821578979492,5741500,0.0,0.0
2022-01-05 00:00:00-05:00,62.47999954223633,63.11000061035156,61.619998931884766,61.66999816894531,48.839691162109375,5194800,0.0,0.0
2022-01-06 00:00:00-05:00,62.790000915527344,63.9900016784668,62.150001525878906,63.97999954223633,50.66911697387695,7388100,0.0,0.0
2022-01-07 00:00:00-05:00,63.720001220703125,65.19000244140625,63.40999984741211,65.0,51.47689437866211,7178800,0.0,0.0
2022-01-10 00:00:00-05:00,65.7699966430664,65.9800033569336,64.38999938964844,65.29000091552734,51.70656967163086,5931400,0.0,0.0
2022-01-11 00:00:00-05:00,65.5199966430664,65.75,64.69000244140625,65.66000366210938,51.999595642089844,5031700,0.0,0.0
2022-01-12 00:00:00-05:00,65.7699966430664,66.3499984741211,65.56999969482422,66.33000183105469,52.53019332885742,6632400,0.0,0.0
2022-01-13 00:00:00-05:00,66.58999633789062,67.47000122070312,66.41999816894531,66.7699966430664,52.8786506652832,7665000,0.0,0.0
2022-01-14 00:00:00-05:00,65.62000274658203,67.61000061035156,65.12999725341797,67.41000366210938,53.38550567626953,6997900,0.0,0.0
2022-01-18 00:00:00-05:00,67.25,68.94999694824219,66.7699966430664,67.16999816894531,53.1954231262207,8638700,0.0,0.0
2022-01-19 00:00:00-05:00,67.69000244140625,67.83000183105469,64.4800033569336,64.58000183105469,51.14426803588867,7110500,0.0,0.0
2022-01-20 00:00:00-05:00,64.27999877929688,64.94999694824219,63.029998779296875,63.119998931884766,49.98801803588867,5876200,0.0,0.0
2022-01-21 00:00:00-05:00,63.0,63.08000183105469,61.13999938964844,61.470001220703125,48.681304931640625,6636000,0.0,0.0
2022-01-24 00:00:00-05:00,61.04999923706055,62.400001525878906,59.380001068115234,62.29999923706055,49.33863067626953,10083000,0.0,0.0
2022-01-25 00:00:00-05:00,61.84000015258789,63.61000061035156,60.61000061035156,63.029998779296875,49.916751861572266,8014700,0.0,0.0
2022-01-26 00:00:00-05:00,63.689998626708984,64.18000030517578,61.880001068115234,62.869998931884766,49.7900390625,8914400,0.0,0.0
2022-01-27 00:00:00-05:00,63.810001373291016,64.55999755859375,61.52000045776367,61.90999984741211,49.0297737121582,9684300,0.0,0.0
2022-01-28 00:00:00-05:00,61.72999954223633,62.63999938964844,60.900001525878906,62.58000183105469,49.56037902832031,5973000,0.0,0.0
2022-01-31 00:00:00-05:00,61.90999984741211,63.2599983215332,61.040000915527344,62.81999969482422,49.75043869018555,6712600,0.0,0.0
2022-02-01 00:00:00-05:00,62.7599983215332,64.16000366210938,62.29999923706055,64.0199966430664,50.700782775878906,5492800,0.0,0.0
2022-02-02 00:00:00-05:00,63.66999816894531,64.6500015258789,63.380001068115234,64.56999969482422,51.13636016845703,5164300,0.0,0.0
2022-02-03 00:00:00-05:00,65.0,65.0,63.13999938964844,63.310001373291016,50.13850021362305,5370100,0.0,0.0
2022-02-04 00:00:00-05:00,63.38999938964844,64.47000122070312,63.34000015258789,63.97999954223633,50.66911697387695,9017100,0.0,0.0
2022-02-07 00:00:00-05:00,64.37999725341797,64.7300033569336,63.54999923706055,64.20999908447266,50.851253509521484,4799300,0.0,0.0
2022-02-08 00:00:00-05:00,65.33999633789062,66.0999984741211,65.06999969482422,65.8499984741211,52.15005111694336,6527200,0.0,0.0
2022-02-09 00:00:00-05:00,65.69000244140625,66.05000305175781,65.33000183105469,65.5,51.87287521362305,3711100,0.0,0.0
2022-02-10 00:00:00-05:00,64.88999938964844,65.83999633789062,64.30999755859375,64.62000274658203,51.55376434326172,5761200,0.48,0.0
2022-02-11 00:00:00-05:00,64.1500015258789,65.19999694824219,63.119998931884766,63.58000183105469,50.72404861450195,6068600,0.0,0.0
2022-02-14 00:00:00-05:00,63.86000061035156,64.30999755859375,62.2400016784668,63.0,50.26131820678711,6146900,0.0,0.0
2022-02-15 00:00:00-05:00,63.65999984741211,64.87000274658203,63.56999969482422,64.80000305175781,51.697357177734375,5054300,0.0,0.0
2022-02-16 00:00:00-05:00,64.05999755859375,65.36000061035156,64.05999755859375,64.70999908447266,51.62556076049805,3877400,0.0,0.0
2022-02-17 00:00:00-05:00,63.86000061035156,64.16999816894531,62.41999816894531,62.54999923706055,49.90230941772461,4675100,0.0,0.0
2022-02-18 00:00:00-05:00,62.52000045776367,63.22999954223633,62.08000183105469,62.31999969482422,49.71881103515625,4008400,0.0,0.0
2022-02-22 00:00:00-05:00,62.880001068115234,62.88999938964844,61.560001373291016,62.18000030517578,49.60712814331055,4939600,0.0,0.0
2022-02-23 00:00:00-05:00,62.2599983215332,62.779998779296875,60.400001525878906,60.599998474121094,48.34660720825195,5640300,0.0,0.0
2022-02-24 00:00:00-05:00,58.54999923706055,59.439998626708984,57.16999816894531,59.209999084472656,47.23766326904297,10624400,0.0,0.0
2022-02-25 00:00:00-05:00,60.18000030517578,63.08000183105469,60.02000045776367,62.970001220703125,50.237396240234375,8405100,0.0,0.0
2022-02-28 00:00:00-05:00,60.4900016784668,62.529998779296875,59.95000076293945,62.220001220703125,49.639041900634766,8099400,0.0,0.0
2022-03-01 00:00:00-05:00,61.279998779296875,61.5,57.470001220703125,58.150001525878906,46.39199447631836,8964000,0.0,0.0
2022-03-02 00:00:00-05:00,59.060001373291016,61.2400016784668,58.849998474121094,60.689998626708984,48.41841506958008,6482900,0.0,0.0
2022-03-03 00:00:00-05:00,60.9900016784668,61.27000045776367,59.720001220703125,60.54999923706055,48.30672073364258,4755600,0.0,0.0
2022-03-04 00:00:00-05:00,58.849998474121094,59.220001220703125,58.34000015258789,58.959999084472656,47.0382080078125,8031300,0.0,0.0
2022-03-07 00:00:00-05:00,58.540000915527344,58.849998474121094,56.189998626708984,56.22999954223633,44.860233306884766,8460000,0.0,0.0
2022-03-08 00:00:00-05:00,57.400001525878906,58.70000076293945,56.2599983215332,56.849998474121094,45.3548583984375,6575800,0.0,0.0
2022-03-09 00:00:00-05:00,58.900001525878906,59.619998931884766,58.119998931884766,58.52000045776367,46.68717956542969,6243100,0.0,0.0
2022-03-10 00:00:00-05:00,57.709999084472656,58.310001373291016,56.95000076293945,57.650001525878906,45.993099212646484,4919800,0.0,0.0
2022-03-11 00:00:00-05:00,58.15999984741211,58.810001373291016,57.09000015258789,57.13999938964844,45.586219787597656,5046500,0.0,0.0
2022-03-14 00:00:00-04:00,58.04999923706055,58.959999084472656,57.5,57.88999938964844,46.1845703125,5249900,0.0,0.0
2022-03-15 00:00:00-04:00,58.369998931884766,58.86000061035156,57.209999084472656,58.02000045776367,46.28828430175781,6405500,0.0,0.0
2022-03-16 00:00:00-04:00,58.849998474121094,59.970001220703125,58.68000030517578,59.709999084472656,47.63656234741211,9414800,0.0,0.0
2022-03-17 00:00:00-04:00,58.779998779296875,58.849998474121094,57.58000183105469,58.84000015258789,46.942481994628906,9084400,0.0,0.0
2022-03-18 00:00:00-04:00,58.83000183105469,58.86000061035156,57.0099983215332,58.560001373291016,46.7191047668457,16014800,0.0,0.0
2022-03-21 00:00:00-04:00,59.099998474121094,59.61000061035156,58.0099983215332,58.619998931884766,46.766963958740234,6689900,0.0,0.0
2022-03-22 00:00:00-04:00,59.54999923706055,60.279998779296875,59.13999938964844,59.709999084472656,47.63656234741211,5183600,0.0,0.0
2022-03-23 00:00:00-04:00,59.20000076293945,59.5,57.97999954223633,58.18000030517578,46.415931701660156,4964500,0.0,0.0
2022-03-24 00:00:00-04:00,58.470001220703125,58.79999923706055,57.88999938964844,58.790000915527344,46.902587890625,5929100,0.0,0.0
2022-03-25 00:00:00-04:00,58.93000030517578,60.20000076293945,58.630001068115234,60.11000061035156,47.955684661865234,7369200,0.0,0.0
2022-03-28 00:00:00-04:00,59.22999954223633,59.59000015258789,58.06999969482422,59.560001373291016,47.51689529418945,8356600,0.0,0.0
2022-03-29 00:00:00-04:00,60.70000076293945,61.099998474121094,60.060001373291016,60.560001373291016,48.314693450927734,7414300,0.0,0.0
2022-03-30 00:00:00-04:00,60.560001373291016,60.650001525878906,58.369998931884766,58.7400016784668,46.862701416015625,4995600,0.0,0.0
2022-03-31 00:00:00-04:00,58.470001220703125,59.06999969482422,56.70000076293945,56.70000076293945,45.23519515991211,7429000,0.0,0.0
2022-04-01 00:00:00-04:00,57.0,57.5,55.040000915527344,55.33000183105469,44.1422119140625,6637200,0.0,0.0
2022-04-04 00:00:00-04:00,54.900001525878906,55.630001068115234,54.04999923706055,55.27000045776367,44.09434127807617,5407100,0.0,0.0
2022-04-05 00:00:00-04:00,55.04999923706055,56.0,54.81999969482422,55.36000061035156,44.16614532470703,5845500,0.0,0.0
2022-04-06 00:00:00-04:00,54.849998474121094,55.279998779296875,54.45000076293945,54.7400016784668,43.671504974365234,5755500,0.0,0.0
2022-04-07 00:00:00-04:00,54.880001068115234,55.06999969482422,53.18000030517578,53.880001068115234,42.98539352416992,5393500,0.0,0.0
2022-04-08 00:00:00-04:00,53.83000183105469,54.5,53.40999984741211,53.869998931884766,42.97742462158203,4688400,0.0,0.0
2022-04-11 00:00:00-04:00,53.40999984741211,54.689998626708984,53.11000061035156,53.63999938964844,42.79392623901367,4734800,0.0,0.0
2022-04-12 00:00:00-04:00,53.5,54.16999816894531,52.400001525878906,52.689998626708984,42.036006927490234,5413100,0.0,0.0
2022-04-13 00:00:00-04:00,52.16999816894531,52.63999938964844,51.65999984741211,52.0,41.485538482666016,10198500,0.0,0.0
2022-04-14 00:00:00-04:00,52.040000915527344,52.79999923706055,51.68000030517578,52.13999938964844,41.597225189208984,8406900,0.0,0.0
2022-04-18 00:00:00-04:00,51.97999954223633,52.939998626708984,51.900001525878906,52.65999984741211,42.012081146240234,8065500,0.0,0.0
2022-04-19 00:00:00-04:00,52.0,52.369998931884766,50.290000915527344,52.0099983215332,41.49351119995117,10759600,0.0,0.0
2022-04-20 00:00:00-04:00,52.20000076293945,53.4900016784668,52.11000061035156,52.56999969482422,41.940277099609375,8541400,0.0,0.0
2022-04-21 00:00:00-04:00,53.08000183105469,53.630001068115234,51.88999938964844,52.11000061035156,41.57329559326172,6896100,0.0,0.0
2022-04-22 00:00:00-04:00,52.290000915527344,52.36000061035156,50.790000915527344,50.88999938964844,40.599979400634766,7083000,0.0,0.0
2022-04-25 00:00:00-04:00,50.25,50.90999984741211,48.91999816894531,50.84000015258789,40.560089111328125,12589400,0.0,0.0
2022-04-26 00:00:00-04:00,50.130001068115234,51.25,49.90999984741211,50.529998779296875,40.31277847290039,10290100,0.0,0.0
2022-04-27 00:00:00-04:00,50.58000183105469,51.060001373291016,50.209999084472656,50.529998779296875,40.31277847290039,7917800,0.0,0.0
2022-04-28 00:00:00-04:00,50.13999938964844,50.58000183105469,49.5099983215332,50.25,40.08938980102539,13012500,0.0,0.0
2022-04-29 00:00:00-04:00,50.310001373291016,50.63999938964844,48.220001220703125,48.349998474121094,38.57356643676758,10699000,0.0,0.0
2022-05-02 00:00:00-04:00,49.20000076293945,49.279998779296875,47.97999954223633,48.939998626708984,39.044273376464844,11638100,0.0,0.0
2022-05-03 00:00:00-04:00,49.47999954223633,50.20000076293945,49.2599983215332,49.61000061035156,39.578800201416016,11034600,0.0,0.0
2022-05-04 00:00:00-04:00,49.560001373291016,50.779998779296875,49.15999984741211,50.7599983215332,40.49626159667969,16563600,0.0,0.0
2022-05-05 00:00:00-04:00,50.040000915527344,50.189998626708984,48.54999923706055,49.45000076293945,39.45115280151367,8162500,0.0,0.0
2022-05-06 00:00:00-04:00,49.470001220703125,49.529998779296875,48.16999816894531,49.060001373291016,39.13999938964844,9088600,0.0,0.0
2022-05-09 00:00:00-04:00,48.779998779296875,49.189998626708984,48.150001525878906,48.56999969482422,38.749088287353516,8961000,0.0,0.0
2022-05-10 00:00:00-04:00,49.0,49.25,46.86000061035156,47.459999084472656,37.86353302001953,9444300,0.0,0.0
2022-05-11 00:00:00-04:00,47.58000183105469,48.84000015258789,46.779998779296875,46.849998474121094,37.376869201660156,7184500,0.0,0.0
2022-05-12 00:00:00-04:00,46.27000045776367,46.7400016784668,45.5099983215332,46.470001220703125,37.457481384277344,7684600,0.48,0.0
2022-05-13 00:00:00-04:00,46.880001068115234,47.0,45.869998931884766,46.310001373291016,37.32851028442383,8455800,0.0,0.0
2022-05-16 00:00:00-04:00,46.349998474121094,46.630001068115234,45.52000045776367,46.119998931884766,37.17535400390625,7753400,0.0,0.0
2022-05-17 00:00:00-04:00,47.099998474121094,48.02000045776367,46.869998931884766,47.88999938964844,38.60207748413086,10602800,0.0,0.0
2022-05-18 00:00:00-04:00,47.38999938964844,47.540000915527344,46.220001220703125,46.36000061035156,37.368812561035156,7114800,0.0,0.0
2022-05-19 00:00:00-04:00,45.90999984741211,46.619998931884766,45.7400016784668,46.119998931884766,37.17535400390625,7637100,0.0,0.0
2022-05-20 00:00:00-04:00,46.369998931884766,46.720001220703125,44.849998474121094,45.68000030517578,36.82069778442383,9730300,0.0,0.0
2022-05-23 00:00:00-04:00,46.70000076293945,47.77000045776367,46.38999938964844,47.27000045776367,38.102325439453125,6484700,0.0,0.0
2022-05-24 00:00:00-04:00,47.18000030517578,47.369998931884766,45.75,46.810001373291016,37.73154067993164,6402400,0.0,0.0
2022-05-25 00:00:00-04:00,46.63999938964844,47.93000030517578,46.63999938964844,47.619998931884766,38.38444137573242,7800000,0.0,0.0
2022-05-26 00:00:00-04:00,47.9900016784668,48.790000915527344,47.95000076293945,48.40999984741211,39.021236419677734,5331500,0.0,0.0
2022-05-27 00:00:00-04:00,48.439998626708984,49.13999938964844,48.34000015258789,49.130001068115234,39.601585388183594,5361600,0.0,0.0
2022-05-31 00:00:00-04:00,48.5,50.08000183105469,48.33000183105469,49.7400016784668,40.09328079223633,9984100,0.0,0.0
2022-06-01 00:00:00-04:00,49.900001525878906,50.0099983215332,48.31999969482422,48.91999816894531,39.43231964111328,7190400,0.0,0.0
2022-06-02 00:00:00-04:00,48.880001068115234,49.779998779296875,48.58000183105469,49.75,40.101341247558594,5355100,0.0,0.0
2022-06-03 00:00:00-04:00,49.369998931884766,49.81999969482422,49.02000045776367,49.09000015258789,39.56935501098633,5701000,0.0,0.0
2022-06-06 00:00:00-04:00,49.70000076293945,50.400001525878906,49.31999969482422,49.5,39.89982986450195,4415800,0.0,0.0
2022-06-07 00:00:00-04:00,48.9900016784668,49.88999938964844,48.7400016784668,49.7599983215332,40.10940933227539,3970300,0.0,0.0
2022-06-08 00:00:00-04:00,49.20000076293945,49.45000076293945,48.59000015258789,49.04999923706055,39.53710174560547,4064600,0.0,0.0
2022-06-09 00:00:00-04:00,48.900001525878906,49.0099983215332,47.68000030517578,47.709999084472656,38.45698547363281,5481000,0.0,0.0
2022-06-10 00:00:00-04:00,46.66999816894531,47.09000015258789,45.77000045776367,45.95000076293945,37.038330078125,6902900,0.0,0.0
2022-06-13 00:00:00-04:00,44.970001220703125,47.27000045776367,44.75,46.63999938964844,37.59450912475586,15682700,0.0,0.0
2022-06-14 00:00:00-04:00,46.7599983215332,47.650001525878906,45.75,46.2400016784668,37.272090911865234,9928400,0.0,0.0
2022-06-15 00:00:00-04:00,46.779998779296875,47.279998779296875,45.9900016784668,46.58000183105469,37.546142578125,7075800,0.0,0.0
2022-06-16 00:00:00-04:00,45.83000183105469,46.11000061035156,45.130001068115234,45.84000015258789,36.94966506958008,7801200,0.0,0.0
2022-06-17 00:00:00-04:00,46.02000045776367,46.880001068115234,45.720001220703125,46.290000915527344,37.31238555908203,13955600,0.0,0.0
2022-06-21 00:00:00-04:00,47.29999923706055,47.66999816894531,46.630001068115234,47.04999923706055,37.924983978271484,5355100,0.0,0.0
2022-06-22 00:00:00-04:00,46.59000015258789,47.380001068115234,46.400001525878906,47.22999954223633,38.07007598876953,6129800,0.0,0.0
2022-06-23 00:00:00-04:00,46.970001220703125,47.310001373291016,46.11000061035156,46.86000061035156,37.77184295654297,5791500,0.0,0.0
2022-06-24 00:00:00-04:00,47.06999969482422,49.279998779296875,47.06999969482422,49.220001220703125,39.674129486083984,6054000,0.0,0.0
2022-06-27 00:00:00-04:00,49.31999969482422,49.5,48.09000015258789,48.56999969482422,39.15019607543945,8440600,0.0,0.0
2022-06-28 00:00:00-04:00,48.900001525878906,49.689998626708984,48.18000030517578,48.369998931884766,38.98897933959961,4886900,0.0,0.0
2022-06-29 00:00:00-04:00,48.45000076293945,48.59000015258789,47.349998474121094,47.400001525878906,38.20711135864258,5353000,0.0,0.0
2022-06-30 00:00:00-04:00,46.4900016784668,47.81999969482422,45.869998931884766,47.43000030517578,38.231292724609375,5682900,0.0,0.0
2022-07-01 00:00:00-04:00,47.310001373291016,48.369998931884766,46.7599983215332,48.20000076293945,38.85195541381836,5086400,0.0,0.0
2022-07-05 00:00:00-04:00,47.25,48.63999938964844,46.75,48.63999938964844,39.20661926269531,4957300,0.0,0.0
2022-07-06 00:00:00-04:00,48.400001525878906,48.70000076293945,47.439998626708984,47.650001525878906,38.408626556396484,8800200,0.0,0.0
2022-07-07 00:00:00-04:00,48.119998931884766,48.459999084472656,47.880001068115234,48.0099983215332,38.69880676269531,4905300,0.0,0.0
2022-07-08 00:00:00-04:00,48.29999923706055,48.439998626708984,47.540000915527344,47.70000076293945,38.44892883300781,3922000,0.0,0.0
2022-07-11 00:00:00-04:00,47.22999954223633,47.779998779296875,47.060001373291016,47.400001525878906,38.20711135864258,6672700,0.0,0.0
2022-07-12 00:00:00-04:00,46.790000915527344,48.060001373291016,46.709999084472656,47.209999084472656,38.053955078125,3948000,0.0,0.0
2022-07-13 00:00:00-04:00,46.630001068115234,46.779998779296875,45.65999984741211,46.11000061035156,37.16728973388672,4792400,0.0,0.0
2022-07-14 00:00:00-04:00,45.130001068115234,45.400001525878906,44.68000030517578,45.20000076293945,36.43379211425781,6074200,0.0,0.0
2022-07-15 00:00:00-04:00,45.900001525878906,47.56999969482422,45.599998474121094,47.40999984741211,38.215171813964844,6939500,0.0,0.0
2022-07-18 00:00:00-04:00,48.02000045776367,48.599998474121094,46.849998474121094,47.099998474121094,37.96529006958008,6735400,0.0,0.0
2022-07-19 00:00:00-04:00,48.72999954223633,48.72999954223633,47.099998474121094,48.310001373291016,38.94062423706055,8117200,0.0,0.0
2022-07-20 00:00:00-04:00,47.939998626708984,48.290000915527344,47.5,48.02000045776367,38.706871032714844,5054900,0.0,0.0
2022-07-21 00:00:00-04:00,47.83000183105469,48.43000030517578,47.38999938964844,48.349998474121094,38.972869873046875,5015500,0.0,0.0
2022-07-22 00:00:00-04:00,48.459999084472656,48.72999954223633,47.720001220703125,48.13999938964844,38.80359649658203,4636100,0.0,0.0
2022-07-25 00:00:00-04:00,48.720001220703125,49.529998779296875,48.220001220703125,49.11000061035156,39.58546447753906,3559300,0.0,0.0
2022-07-26 00:00:00-04:00,48.83000183105469,49.41999816894531,48.290000915527344,48.470001220703125,39.06958770751953,4540300,0.0,0.0
2022-07-27 00:00:00-04:00,48.68000030517578,49.93000030517578,48.4900016784668,49.54999923706055,39.940128326416016,5415200,0.0,0.0
2022-07-28 00:00:00-04:00,49.41999816894531,49.72999954223633,48.709999084472656,49.560001373291016,39.94819259643555,4961100,0.0,0.0
2022-07-29 00:00:00-04:00,49.619998931884766,50.61000061035156,49.61000061035156,50.470001220703125,40.68170166015625,6341100,0.0,0.0
2022-08-01 00:00:00-04:00,49.95000076293945,50.63999938964844,49.54999923706055,50.29999923706055,40.54467010498047,6086100,0.0,0.0
2022-08-02 00:00:00-04:00,50.16999816894531,50.41999816894531,49.459999084472656,49.619998931884766,39.996559143066406,4124100,0.0,0.0
2022-08-03 00:00:00-04:00,50.0,50.63999938964844,49.59000015258789,50.400001525878906,40.62528991699219,4527100,0.0,0.0
2022-08-04 00:00:00-04:00,50.27000045776367,50.470001220703125,49.119998931884766,49.27000045776367,39.71443557739258,4386500,0.0,0.0
2022-08-05 00:00:00-04:00,49.0099983215332,50.279998779296875,49.0099983215332,50.099998474121094,40.38346862792969,3685600,0.0,0.0
2022-08-08 00:00:00-04:00,50.33000183105469,50.5,49.70000076293945,49.75,40.101341247558594,4002200,0.0,0.0
2022-08-09 00:00:00-04:00,49.939998626708984,50.04999923706055,49.369998931884766,49.790000915527344,40.133583068847656,3433500,0.0,0.0
2022-08-10 00:00:00-04:00,50.59000015258789,51.369998931884766,50.41999816894531,50.900001525878906,41.0283088684082,3962800,0.0,0.0
2022-08-11 00:00:00-04:00,51.0,51.279998779296875,50.689998626708984,51.02000045776367,41.54951477050781,3387300,0.52,0.0
2022-08-12 00:00:00-04:00,51.290000915527344,51.77000045776367,50.900001525878906,51.75,42.144004821777344,3511900,0.0,0.0
2022-08-15 00:00:00-04:00,51.099998474121094,51.59000015258789,50.900001525878906,51.41999816894531,41.87526321411133,4134900,0.0,0.0
2022-08-16 00:00:00-04:00,51.29999923706055,52.220001220703125,51.189998626708984,52.0099983215332,42.35573959350586,3360600,0.0,0.0
2022-08-17 00:00:00-04:00,51.31999969482422,51.650001525878906,51.02000045776367,51.20000076293945,41.696102142333984,4090100,0.0,0.0
2022-08-18 00:00:00-04:00,51.29999923706055,51.5,50.959999084472656,51.45000076293945,41.899688720703125,3011400,0.0,0.0
2022-08-19 00:00:00-04:00,51.150001525878906,51.2599983215332,50.279998779296875,50.630001068115234,41.23190689086914,3910300,0.0,0.0
2022-08-22 00:00:00-04:00,49.849998474121094,50.20000076293945,49.150001525878906,49.349998474121094,40.18949890136719,4253300,0.0,0.0
2022-08-23 00:00:00-04:00,49.47999954223633,49.70000076293945,49.20000076293945,49.27000045776367,40.124351501464844,3314000,0.0,0.0
2022-08-24 00:00:00-04:00,49.099998474121094,49.45000076293945,48.849998474121094,49.11000061035156,39.99405288696289,2544900,0.0,0.0
2022-08-25 00:00:00-04:00,49.11000061035156,49.84000015258789,48.93000030517578,49.630001068115234,40.41753387451172,2520000,0.0,0.0
2022-08-26 00:00:00-04:00,49.77000045776367,49.97999954223633,48.16999816894531,48.189998626708984,39.24482345581055,4500600,0.0,0.0
2022-08-29 00:00:00-04:00,47.900001525878906,48.400001525878906,47.630001068115234,47.939998626708984,39.041229248046875,4850400,0.0,0.0
2022-08-30 00:00:00-04:00,48.2599983215332,48.529998779296875,47.2599983215332,47.38999938964844,38.59333038330078,5315800,0.0,0.0
2022-08-31 00:00:00-04:00,47.540000915527344,47.7400016784668,46.79999923706055,46.84000015258789,38.14541244506836,8062500,0.0,0.0
2022-09-01 00:00:00-04:00,46.939998626708984,47.029998779296875,46.20000076293945,46.869998931884766,38.16984558105469,5484200,0.0,0.0
2022-09-02 00:00:00-04:00,47.47999954223633,47.869998931884766,46.20000076293945,46.4900016784668,37.860382080078125,5011100,0.0,0.0
2022-09-06 00:00:00-04:00,46.75,46.75,45.47999954223633,46.02000045776367,37.47761917114258,5921900,0.0,0.0
2022-09-07 00:00:00-04:00,45.779998779296875,47.310001373291016,45.619998931884766,47.099998474121094,38.357154846191406,4382900,0.0,0.0
2022-09-08 00:00:00-04:00,46.90999984741211,48.09000015258789,46.619998931884766,48.04999923706055,39.13080596923828,4727700,0.0,0.0
2022-09-09 00:00:00-04:00,48.380001068115234,48.709999084472656,48.25,48.47999954223633,39.48099899291992,4070600,0.0,0.0
2022-09-12 00:00:00-04:00,48.970001220703125,49.810001373291016,48.86000061035156,49.540000915527344,40.344234466552734,5574300,0.0,0.0
2022-09-13 00:00:00-04:00,48.599998474121094,48.720001220703125,47.040000915527344,47.11000061035156,38.36529541015625,7416100,0.0,0.0
2022-09-14 00:00:00-04:00,47.34000015258789,47.790000915527344,46.63999938964844,47.349998474121094,38.56074142456055,5477200,0.0,0.0
2022-09-15 00:00:00-04:00,47.540000915527344,48.61000061035156,47.380001068115234,48.119998931884766,39.18782424926758,5275400,0.0,0.0
2022-09-16 00:00:00-04:00,47.7400016784668,48.22999954223633,47.189998626708984,47.619998931884766,38.78063201904297,17268400,0.0,0.0
2022-09-19 00:00:00-04:00,47.0,48.04999923706055,46.88999938964844,47.9900016784668,39.08195114135742,9313100,0.0,0.0
2022-09-20 00:00:00-04:00,47.61000061035156,47.790000915527344,46.95000076293945,47.290000915527344,38.51188278198242,4126500,0.0,0.0
2022-09-21 00:00:00-04:00,47.34000015258789,47.529998779296875,45.9900016784668,46.0,37.461341857910156,5109600,0.0,0.0
2022-09-22 00:00:00-04:00,46.220001220703125,46.33000183105469,44.709999084472656,44.79999923706055,36.48408889770508,5199300,0.0,0.0
2022-09-23 00:00:00-04:00,44.2599983215332,44.61000061035156,43.540000915527344,44.34000015258789,36.109466552734375,7158700,0.0,0.0
2022-09-26 00:00:00-04:00,43.880001068115234,44.439998626708984,43.27000045776367,43.41999816894531,35.36024475097656,6548200,0.0,0.0
2022-09-27 00:00:00-04:00,43.650001525878906,43.970001220703125,42.560001373291016,43.040000915527344,35.05078125,5511900,0.0,0.0
2022-09-28 00:00:00-04:00,43.560001373291016,44.540000915527344,43.209999084472656,44.25,36.03617477416992,6901900,0.0,0.0
2022-09-29 00:00:00-04:00,43.72999954223633,44.31999969482422,43.4900016784668,43.970001220703125,35.80815505981445,5190900,0.0,0.0
2022-09-30 00:00:00-04:00,44.18000030517578,44.65999984741211,43.47999954223633,43.540000915527344,35.457977294921875,6455500,0.0,0.0
2022-10-03 00:00:00-04:00,44.13999938964844,45.029998779296875,43.459999084472656,44.709999084472656,36.41079330444336,5618800,0.0,0.0
2022-10-04 00:00:00-04:00,45.20000076293945,46.599998474121094,45.18000030517578,46.560001373291016,37.91739273071289,6582000,0.0,0.0
2022-10-05 00:00:00-04:00,45.849998474121094,46.38999938964844,45.68000030517578,45.86000061035156,37.347328186035156,4977700,0.0,0.0
2022-10-06 00:00:00-04:00,45.459999084472656,45.65999984741211,44.689998626708984,44.880001068115234,36.54924392700195,6052200,0.0,0.0
2022-10-07 00:00:00-04:00,44.599998474121094,44.7400016784668,43.380001068115234,43.529998779296875,35.449825286865234,6178000,0.0,0.0
2022-10-10 00:00:00-04:00,43.77000045776367,43.970001220703125,42.97999954223633,43.310001373291016,35.270660400390625,4851700,0.0,0.0
2022-10-11 00:00:00-04:00,42.97999954223633,43.380001068115234,42.22999954223633,42.43000030517578,34.55401611328125,7539400,0.0,0.0
2022-10-12 00:00:00-04:00,42.27000045776367,42.77000045776367,41.869998931884766,42.06999969482422,34.260841369628906,5951300,0.0,0.0
2022-10-13 00:00:00-04:00,41.47999954223633,44.38999938964844,41.06999969482422,44.08000183105469,35.897743225097656,7415800,0.0,0.0
2022-10-14 00:00:00-04:00,44.31999969482422,45.189998626708984,42.880001068115234,43.0,35.01820755004883,9559500,0.0,0.0
2022-10-17 00:00:00-04:00,44.0,44.68000030517578,43.90999984741211,44.43000030517578,36.182769775390625,8780100,0.0,0.0
2022-10-18 00:00:00-04:00,42.7599983215332,44.689998626708984,41.900001525878906,43.369998931884766,35.31953811645508,10932100,0.0,0.0
2022-10-19 00:00:00-04:00,42.849998474121094,43.59000015258789,42.189998626708984,42.439998626708984,34.56215286254883,9860300,0.0,0.0
2022-10-20 00:00:00-04:00,42.29999923706055,42.77000045776367,40.279998779296875,40.41999816894531,32.91712188720703,10601300,0.0,0.0
2022-10-21 00:00:00-04:00,40.33000183105469,41.65999984741211,40.0099983215332,41.5099983215332,33.80478286743164,11680200,0.0,0.0
2022-10-24 00:00:00-04:00,41.709999084472656,42.880001068115234,41.529998779296875,42.65999984741211,34.7413215637207,7350900,0.0,0.0
2022-10-25 00:00:00-04:00,42.380001068115234,43.88999938964844,42.2599983215332,43.849998474121094,35.710426330566406,10352200,0.0,0.0
2022-10-26 00:00:00-04:00,43.90999984741211,44.630001068115234,43.90999984741211,44.209999084472656,36.00361251831055,6010600,0.0,0.0
2022-10-27 00:00:00-04:00,44.709999084472656,44.9900016784668,44.060001373291016,44.18000030517578,35.97917556762695,5305800,0.0,0.0
2022-10-28 00:00:00-04:00,44.5,45.060001373291016,44.310001373291016,45.04999923706055,36.68768310546875,4813900,0.0,0.0
2022-10-31 00:00:00-04:00,44.880001068115234,45.25,44.56999969482422,44.790000915527344,36.47594451904297,8686600,0.0,0.0
2022-11-01 00:00:00-04:00,45.189998626708984,45.2599983215332,44.45000076293945,44.81999969482422,36.50037384033203,5814300,0.0,0.0
2022-11-02 00:00:00-04:00,44.369998931884766,45.33000183105469,43.88999938964844,43.91999816894531,35.76743698120117,9173400,0.0,0.0
2022-11-03 00:00:00-04:00,43.369998931884766,43.58000183105469,42.13999938964844,42.65999984741211,34.7413215637207,8659200,0.0,0.0
2022-11-04 00:00:00-04:00,43.2599983215332,43.939998626708984,43.06999969482422,43.65999984741211,35.555694580078125,6816100,0.0,0.0
2022-11-07 00:00:00-05:00,44.09000015258789,44.209999084472656,43.529998779296875,43.97999954223633,35.81629943847656,5209100,0.0,0.0
2022-11-08 00:00:00-05:00,44.11000061035156,44.66999816894531,43.959999084472656,44.4900016784668,36.231632232666016,5232800,0.0,0.0
2022-11-09 00:00:00-05:00,43.75,43.959999084472656,42.54999923706055,42.689998626708984,35.17689895629883,7675700,0.52,0.0
2022-11-10 00:00:00-05:00,44.09000015258789,46.13999938964844,44.09000015258789,46.040000915527344,37.93732833862305,8539300,0.0,0.0
2022-11-11 00:00:00-05:00,46.310001373291016,47.459999084472656,46.11000061035156,47.2599983215332,38.94261169433594,8323000,0.0,0.0
2022-11-14 00:00:00-05:00,46.84000015258789,47.27000045776367,46.0099983215332,46.04999923706055,37.94556427001953,6852500,0.0,0.0
2022-11-15 00:00:00-05:00,46.849998474121094,47.470001220703125,45.459999084472656,46.33000183105469,38.176292419433594,6244900,0.0,0.0
2022-11-16 00:00:00-05:00,46.400001525878906,46.58000183105469,45.5099983215332,45.529998779296875,37.5170783996582,7217200,0.0,0.0
2022-11-17 00:00:00-05:00,44.84000015258789,45.220001220703125,44.560001373291016,45.119998931884766,37.179237365722656,3819500,0.0,0.0
2022-11-18 00:00:00-05:00,45.880001068115234,46.150001525878906,45.20000076293945,45.65999984741211,37.624202728271484,4539700,0.0,0.0
2022-11-21 00:00:00-05:00,45.720001220703125,46.279998779296875,45.58000183105469,46.130001068115234,38.0114860534668,4563400,0.0,0.0
2022-11-22 00:00:00-05:00,46.58000183105469,46.939998626708984,46.27000045776367,46.41999816894531,38.25045394897461,3798600,0.0,0.0
2022-11-23 00:00:00-05:00,46.279998779296875,46.72999954223633,46.220001220703125,46.43000030517578,38.25868606567383,4930100,0.0,0.0
2022-11-25 00:00:00-05:00,46.65999984741211,47.06999969482422,46.5099983215332,46.91999816894531,38.662452697753906,1651000,0.0,0.0
2022-11-28 00:00:00-05:00,46.43000030517578,46.650001525878906,45.22999954223633,45.31999969482422,37.34403610229492,5783800,0.0,0.0
2022-11-29 00:00:00-05:00,45.38999938964844,45.959999084472656,45.2400016784668,45.90999984741211,37.8302116394043,7471400,0.0,0.0
2022-11-30 00:00:00-05:00,45.72999954223633,46.849998474121094,44.04999923706055,46.810001373291016,38.57181167602539,9633800,0.0,0.0
2022-12-01 00:00:00-05:00,47.060001373291016,47.459999084472656,45.9900016784668,46.220001220703125,38.08565139770508,7945700,0.0,0.0
2022-12-02 00:00:00-05:00,45.61000061035156,45.869998931884766,44.869998931884766,45.060001373291016,37.12980270385742,9505000,0.0,0.0
2022-12-05 00:00:00-05:00,44.5,44.790000915527344,42.29999923706055,42.59000015258789,35.0944938659668,12280900,0.0,0.0
2022-12-06 00:00:00-05:00,42.529998779296875,42.619998931884766,41.380001068115234,41.88999938964844,34.5177001953125,10523400,0.0,0.0
2022-12-07 00:00:00-05:00,41.7400016784668,42.220001220703125,41.29999923706055,41.84000015258789,34.47648620605469,7448300,0.0,0.0
2022-12-08 00:00:00-05:00,41.970001220703125,42.220001220703125,41.58000183105469,42.060001373291016,34.657772064208984,9584500,0.0,0.0
2022-12-09 00:00:00-05:00,41.91999816894531,42.38999938964844,41.84000015258789,42.08000183105469,34.674259185791016,10891000,0.0,0.0
2022-12-12 00:00:00-05:00,41.939998626708984,43.61000061035156,41.529998779296875,43.459999084472656,35.8113899230957,11615700,0.0,0.0
2022-12-13 00:00:00-05:00,44.560001373291016,45.029998779296875,42.90999984741211,43.189998626708984,35.58890151977539,9604900,0.0,0.0
2022-12-14 00:00:00-05:00,43.150001525878906,43.38999938964844,41.95000076293945,42.220001220703125,34.78962326049805,9994800,0.0,0.0
2022-12-15 00:00:00-05:00,41.599998474121094,41.900001525878906,41.2599983215332,41.4900016784668,34.188087463378906,10415700,0.0,0.0
2022-12-16 00:00:00-05:00,41.13999938964844,41.400001525878906,40.54999923706055,41.29999923706055,34.03152847290039,24293200,0.0,0.0
2022-12-19 00:00:00-05:00,41.290000915527344,41.630001068115234,40.79999923706055,41.119998931884766,33.883209228515625,7229600,0.0,0.0
2022-12-20 00:00:00-05:00,41.02000045776367,41.720001220703125,40.93000030517578,41.119998931884766,33.883209228515625,5364700,0.0,0.0
2022-12-21 00:00:00-05:00,41.709999084472656,41.91999816894531,41.5,41.75,34.40232849121094,5144500,0.0,0.0
2022-12-22 00:00:00-05:00,41.400001525878906,42.5099983215332,41.13999938964844,42.47999954223633,35.00385665893555,8405700,0.0,0.0
2022-12-23 00:00:00-05:00,42.5,42.790000915527344,42.380001068115234,42.59000015258789,35.0944938659668,4387000,0.0,0.0
2022-12-27 00:00:00-05:00,42.650001525878906,43.06999969482422,42.34000015258789,42.84000015258789,35.300498962402344,3951800,0.0,0.0
2022-12-28 00:00:00-05:00,42.900001525878906,43.06999969482422,42.4900016784668,42.54999923706055,35.06153106689453,3986700,0.0,0.0
2022-12-29 00:00:00-05:00,42.689998626708984,43.279998779296875,42.599998474121094,43.20000076293945,35.597145080566406,4666200,0.0,0.0
2022-12-30 00:00:00-05:00,42.86000061035156,43.290000915527344,42.7400016784668,43.029998779296875,35.457061767578125,4189200,0.0,0.0
2023-01-03 00:00:00-05:00,43.41999816894531,43.97999954223633,43.0099983215332,43.630001068115234,35.95146942138672,7269700,0.0,0.0
2023-01-04 00:00:00-05:00,44.119998931884766,45.22999954223633,43.54999923706055,44.849998474121094,36.95675277709961,8611400,0.0,0.0
2023-01-05 00:00:00-05:00,44.13999938964844,44.81999969482422,43.7599983215332,44.439998626708984,36.61891174316406,7688700,0.0,0.0
2023-01-06 00:00:00-05:00,44.369998931884766,46.06999969482422,44.290000915527344,45.86000061035156,37.789005279541016,5326200,0.0,0.0
2023-01-09 00:00:00-05:00,46.2400016784668,46.34000015258789,45.779998779296875,45.79999923706055,37.73956298828125,8979000,0.0,0.0
2023-01-10 00:00:00-05:00,45.849998474121094,46.29999923706055,45.540000915527344,46.0,37.90436553955078,8294700,0.0,0.0
2023-01-11 00:00:00-05:00,46.33000183105469,46.56999969482422,45.959999084472656,46.369998931884766,38.20924377441406,10156000,0.0,0.0
2023-01-12 00:00:00-05:00,46.7599983215332,47.349998474121094,46.5,47.18000030517578,38.8766975402832,6183000,0.0,0.0
2023-01-13 00:00:00-05:00,46.709999084472656,47.7400016784668,46.15999984741211,47.56999969482422,39.19805145263672,8241600,0.0,0.0
2023-01-17 00:00:00-05:00,47.529998779296875,47.599998474121094,46.880001068115234,47.150001525878906,38.85197448730469,10012800,0.0,0.0
2023-01-18 00:00:00-05:00,46.720001220703125,47.029998779296875,45.61000061035156,45.7400016784668,37.690128326416016,7793400,0.0,0.0
2023-01-19 00:00:00-05:00,46.11000061035156,48.029998779296875,45.77000045776367,47.709999084472656,39.31341552734375,9714100,0.0,0.0
2023-01-20 00:00:00-05:00,47.81999969482422,48.04999923706055,47.16999816894531,47.91999816894531,39.4864616394043,9187900,0.0,0.0
2023-01-23 00:00:00-05:00,48.20000076293945,49.06999969482422,47.810001373291016,48.84000015258789,40.24454116821289,7514100,0.0,0.0
2023-01-24 00:00:00-05:00,51.2599983215332,51.2599983215332,48.099998474121094,48.34000015258789,39.832550048828125,5204000,0.0,0.0
2023-01-25 00:00:00-05:00,47.970001220703125,48.79999923706055,47.68000030517578,48.779998779296875,40.19510269165039,5047500,0.0,0.0
2023-01-26 00:00:00-05:00,49.09000015258789,49.47999954223633,48.41999816894531,48.86000061035156,40.26102828979492,5506600,0.0,0.0
2023-01-27 00:00:00-05:00,48.90999984741211,49.25,48.7599983215332,48.84000015258789,40.24454116821289,4150500,0.0,0.0
2023-01-30 00:00:00-05:00,48.400001525878906,48.91999816894531,48.380001068115234,48.45000076293945,39.923187255859375,4868800,0.0,0.0
2023-01-31 00:00:00-05:00,48.2599983215332,49.43000030517578,48.119998931884766,49.38999938964844,40.69775390625,5962200,0.0,0.0
2023-02-01 00:00:00-05:00,48.95000076293945,50.06999969482422,48.77000045776367,49.630001068115234,40.8955078125,8539100,0.0,0.0
2023-02-02 00:00:00-05:00,50.04999923706055,50.56999969482422,49.5,50.38999938964844,41.521759033203125,6484800,0.0,0.0
2023-02-03 00:00:00-05:00,49.790000915527344,50.52000045776367,49.66999816894531,50.09000015258789,41.27455520629883,6504900,0.0,0.0
2023-02-06 00:00:00-05:00,49.90999984741211,49.90999984741211,49.349998474121094,49.599998474121094,40.87078857421875,4637100,0.0,0.0
2023-02-07 00:00:00-05:00,49.25,50.279998779296875,49.02000045776367,50.029998779296875,41.22511672973633,6181900,0.0,0.0
2023-02-08 00:00:00-05:00,49.33000183105469,49.86000061035156,49.119998931884766,49.2599983215332,40.590633392333984,4541300,0.0,0.0
2023-02-09 00:00:00-05:00,49.06999969482422,49.099998474121094,47.79999923706055,47.93000030517578,39.91606140136719,4139800,0.52,0.0
2023-02-10 00:00:00-05:00,47.79999923706055,48.41999816894531,47.72999954223633,48.380001068115234,40.29082489013672,5356000,0.0,0.0
2023-02-13 00:00:00-05:00,48.380001068115234,49.189998626708984,48.0099983215332,49.099998474121094,40.89044189453125,4796000,0.0,0.0
2023-02-14 00:00:00-05:00,48.90999984741211,49.31999969482422,48.4900016784668,48.81999969482422,40.657257080078125,4131900,0.0,0.0
2023-02-15 00:00:00-05:00,48.380001068115234,48.959999084472656,48.20000076293945,48.900001525878906,40.723880767822266,2771800,0.0,0.0
2023-02-16 00:00:00-05:00,48.209999084472656,48.459999084472656,47.75,47.959999084472656,39.94104766845703,4783800,0.0,0.0
2023-02-17 00:00:00-05:00,48.0,48.529998779296875,47.7599983215332,48.4900016784668,40.38242721557617,4333600,0.0,0.0
2023-02-21 00:00:00-05:00,48.02000045776367,48.189998626708984,46.91999816894531,47.13999938964844,39.25815963745117,4834300,0.0,0.0
2023-02-22 00:00:00-05:00,47.16999816894531,47.31999969482422,46.66999816894531,47.08000183105469,39.20818328857422,5716900,0.0,0.0
2023-02-23 00:00:00-05:00,47.4900016784668,47.619998931884766,46.439998626708984,46.68000030517578,38.875064849853516,7263600,0.0,0.0
2023-02-24 00:00:00-05:00,46.310001373291016,47.11000061035156,46.040000915527344,47.08000183105469,39.20818328857422,5382300,0.0,0.0
2023-02-27 00:00:00-05:00,47.540000915527344,47.849998474121094,46.869998931884766,47.13999938964844,39.25815963745117,4659700,0.0,0.0
2023-02-28 00:00:00-05:00,47.2400016784668,47.33000183105469,46.869998931884766,46.95000076293945,39.09992599487305,6423900,0.0,0.0
2023-03-01 00:00:00-05:00,46.61000061035156,47.04999923706055,46.41999816894531,46.70000076293945,38.891719818115234,5497100,0.0,0.0
2023-03-02 00:00:00-05:00,46.209999084472656,46.40999984741211,44.959999084472656,45.5,37.892364501953125,8375800,0.0,0.0
2023-03-03 00:00:00-05:00,45.900001525878906,46.279998779296875,45.52000045776367,46.2400016784668,38.508636474609375,5544100,0.0,0.0
2023-03-06 00:00:00-05:00,46.369998931884766,46.63999938964844,46.0099983215332,46.13999938964844,38.425350189208984,5702000,0.0,0.0
2023-03-07 00:00:00-05:00,45.70000076293945,45.880001068115234,43.88999938964844,44.08000183105469,36.70979309082031,7193600,0.0,0.0
2023-03-08 00:00:00-05:00,44.150001525878906,44.36000061035156,43.540000915527344,43.77000045776367,36.45161819458008,5398600,0.0,0.0
2023-03-09 00:00:00-05:00,43.290000915527344,43.380001068115234,41.380001068115234,41.619998931884766,34.66110610961914,13061700,0.0,0.0
2023-03-10 00:00:00-05:00,40.45000076293945,40.7599983215332,37.849998474121094,38.84000015258789,32.345916748046875,26845600,0.0,0.0
2023-03-13 00:00:00-04:00,33.27000045776367,35.59000015258789,30.510000228881836,32.2400016784668,26.849445343017578,61976500,0.0,0.0
2023-03-14 00:00:00-04:00,35.400001525878906,36.189998626708984,31.3700008392334,31.8799991607666,26.549633026123047,46857500,0.0,0.0
2023-03-15 00:00:00-04:00,31.450000762939453,32.91999816894531,30.59000015258789,32.099998474121094,26.73284912109375,38942600,0.0,0.0
2023-03-16 00:00:00-04:00,31.8799991607666,33.540000915527344,28.700000762939453,32.939998626708984,27.432401657104492,42679800,0.0,0.0
2023-03-17 00:00:00-04:00,32.099998474121094,32.20000076293945,30.34000015258789,30.559999465942383,25.45034408569336,46869400,0.0,0.0
2023-03-20 00:00:00-04:00,31.040000915527344,32.43000030517578,30.799999237060547,30.90999984741211,25.7418212890625,26558000,0.0,0.0
2023-03-21 00:00:00-04:00,32.22999954223633,33.7400016784668,31.889999389648438,33.70000076293945,28.065330505371094,27948700,0.0,0.0
2023-03-22 00:00:00-04:00,33.709999084472656,34.25,32.34000015258789,32.4900016784668,27.057645797729492,28020600,0.0,0.0
2023-03-23 00:00:00-04:00,32.68000030517578,33.91999816894531,32.22999954223633,32.56999969482422,27.124269485473633,21065000,0.0,0.0
2023-03-24 00:00:00-04:00,32.040000915527344,33.22999954223633,31.81999969482422,32.88999938964844,27.390764236450195,18651900,0.0,0.0
2023-03-27 00:00:00-04:00,34.099998474121094,35.06999969482422,33.040000915527344,33.08000183105469,27.54899787902832,19298700,0.0,0.0
2023-03-28 00:00:00-04:00,33.04999923706055,33.7599983215332,32.93000030517578,33.41999816894531,27.832143783569336,11571400,0.0,0.0
2023-03-29 00:00:00-04:00,33.869998931884766,34.47999954223633,33.65999984741211,34.470001220703125,28.706586837768555,12912100,0.0,0.0
2023-03-30 00:00:00-04:00,34.9900016784668,35.220001220703125,33.2599983215332,33.849998474121094,28.190250396728516,13962000,0.0,0.0
2023-03-31 00:00:00-04:00,34.2400016784668,34.380001068115234,33.36000061035156,34.099998474121094,28.398448944091797,12628200,0.0,0.0
2023-04-03 00:00:00-04:00,33.9900016784668,34.369998931884766,33.040000915527344,33.130001068115234,27.590639114379883,15191400,0.0,0.0
2023-04-04 00:00:00-04:00,33.5099983215332,33.61000061035156,31.399999618530273,31.950000762939453,26.60793113708496,18545100,0.0,0.0
2023-04-05 00:00:00-04:00,31.59000015258789,32.119998931884766,31.34000015258789,32.02000045776367,26.666229248046875,11581800,0.0,0.0
2023-04-06 00:00:00-04:00,32.16999816894531,33.060001373291016,32.040000915527344,32.7400016784668,27.26584815979004,10843400,0.0,0.0
2023-04-10 00:00:00-04:00,32.5,33.72999954223633,32.439998626708984,33.16999816894531,27.623943328857422,11562900,0.0,0.0
2023-04-11 00:00:00-04:00,33.18000030517578,33.91999816894531,33.02000045776367,33.70000076293945,28.065330505371094,8744700,0.0,0.0
2023-04-12 00:00:00-04:00,33.84000015258789,34.099998474121094,33.0,33.209999084472656,27.657257080078125,11729800,0.0,0.0
2023-04-13 00:00:00-04:00,33.40999984741211,34.20000076293945,32.90999984741211,33.84000015258789,28.18192481994629,11658300,0.0,0.0
2023-04-14 00:00:00-04:00,34.279998779296875,34.619998931884766,33.099998474121094,33.25,27.69057273864746,14777800,0.0,0.0
2023-04-17 00:00:00-04:00,33.27000045776367,34.34000015258789,32.720001220703125,34.2599983215332,28.531694412231445,15347600,0.0,0.0
2023-04-18 00:00:00-04:00,34.02000045776367,34.189998626708984,33.4900016784668,33.849998474121094,28.190250396728516,13691100,0.0,0.0
2023-04-19 00:00:00-04:00,34.06999969482422,35.38999938964844,33.810001373291016,34.790000915527344,28.97308349609375,17410500,0.0,0.0
2023-04-20 00:00:00-04:00,33.790000915527344,34.459999084472656,33.29999923706055,33.47999954223633,27.882112503051758,11668400,0.0,0.0
2023-04-21 00:00:00-04:00,33.16999816894531,33.20000076293945,31.43000030517578,31.469999313354492,26.208187103271484,22814800,0.0,0.0
2023-04-24 00:00:00-04:00,31.5,31.8700008392334,31.149999618530273,31.81999969482422,26.49966812133789,12735900,0.0,0.0
2023-04-25 00:00:00-04:00,31.229999542236328,31.510000228881836,30.270000457763672,30.43000030517578,25.342077255249023,11361700,0.0,0.0
2023-04-26 00:00:00-04:00,30.389999389648438,31.43000030517578,30.25,30.600000381469727,25.483652114868164,12232000,0.0,0.0
2023-04-27 00:00:00-04:00,30.68000030517578,31.829999923706055,30.6200008392334,31.3799991607666,26.133235931396484,11092900,0.0,0.0
2023-04-28 00:00:00-04:00,31.079999923706055,32.66999816894531,30.90999984741211,32.58000183105469,27.13259506225586,15199500,0.0,0.0
2023-05-01 00:00:00-04:00,32.43000030517578,32.529998779296875,31.43000030517578,31.520000457763672,26.24983024597168,10780000,0.0,0.0
2023-05-02 00:00:00-04:00,31.270000457763672,31.309999465942383,28.989999771118164,29.1200008392334,24.251113891601562,21140800,0.0,0.0
2023-05-03 00:00:00-04:00,29.56999969482422,29.8700008392334,27.950000762939453,28.1299991607666,23.4266414642334,21667000,0.0,0.0
2023-05-04 00:00:00-04:00,27.229999542236328,27.860000610351562,25.559999465942383,26.209999084472656,21.827665328979492,37831300,0.0,0.0
2023-05-05 00:00:00-04:00,27.43000030517578,29.0,27.010000228881836,28.690000534057617,23.893009185791016,24205300,0.0,0.0
2023-05-08 00:00:00-04:00,29.739999771118164,29.979999542236328,28.290000915527344,28.75,23.942977905273438,16557100,0.0,0.0
2023-05-09 00:00:00-04:00,28.329999923706055,28.790000915527344,27.93000030517578,28.600000381469727,23.81805419921875,10184100,0.0,0.0
2023-05-10 00:00:00-04:00,29.100000381469727,29.209999084472656,27.559999465942383,27.899999618530273,23.23509407043457,11861000,0.0,0.0
2023-05-11 00:00:00-04:00,27.040000915527344,27.18000030517578,26.489999771118164,26.829999923706055,22.768356323242188,16628500,0.52,0.0
2023-05-12 00:00:00-04:00,27.15999984741211,27.31999969482422,26.68000030517578,27.299999237060547,23.167205810546875,10733700,0.0,0.0
2023-05-15 00:00:00-04:00,27.270000457763672,27.920000076293945,27.239999771118164,27.8700008392334,23.650917053222656,11183800,0.0,0.0
2023-05-16 00:00:00-04:00,27.75,28.049999237060547,27.170000076293945,27.170000076293945,23.056888580322266,11692100,0.0,0.0
2023-05-17 00:00:00-04:00,27.75,28.959999084472656,27.700000762939453,28.920000076293945,24.541967391967773,18087200,0.0,0.0
2023-05-18 00:00:00-04:00,28.780000686645508,29.93000030517578,28.549999237060547,29.84000015258789,25.322689056396484,17349200,0.0,0.0
2023-05-19 00:00:00-04:00,30.020000457763672,30.200000762939453,28.889999389648438,29.700000762939453,25.203887939453125,13551400,0.0,0.0
2023-05-22 00:00:00-04:00,29.950000762939453,30.579999923706055,29.600000381469727,30.579999923706055,25.950666427612305,10179400,0.0,0.0
2023-05-23 00:00:00-04:00,30.700000762939453,31.889999389648438,30.639999389648438,30.75,26.094932556152344,15112600,0.0,0.0
2023-05-24 00:00:00-04:00,30.520000457763672,30.829999923706055,29.8700008392334,30.399999618530273,25.797914505004883,9610400,0.0,0.0
2023-05-25 00:00:00-04:00,30.229999542236328,30.540000915527344,29.770000457763672,30.530000686645508,25.90823745727539,9390600,0.0,0.0
2023-05-26 00:00:00-04:00,30.5,30.979999542236328,30.059999465942383,30.700000762939453,26.052499771118164,7997200,0.0,0.0
2023-05-30 00:00:00-04:00,31.059999465942383,31.139999389648438,30.229999542236328,31.09000015258789,26.383459091186523,10092000,0.0,0.0
2023-05-31 00:00:00-04:00,30.610000610351562,30.790000915527344,29.440000534057617,30.469999313354492,25.857318878173828,25043000,0.0,0.0
2023-06-01 00:00:00-04:00,31.040000915527344,31.3799991607666,30.399999618530273,30.959999084472656,26.27313995361328,18100400,0.0,0.0
2023-06-02 00:00:00-04:00,31.290000915527344,32.5099983215332,31.18000030517578,32.08000183105469,27.223594665527344,14179500,0.0,0.0
2023-06-05 00:00:00-04:00,32.369998931884766,32.369998931884766,31.299999237060547,31.739999771118164,26.935062408447266,9267400,0.0,0.0
2023-06-06 00:00:00-04:00,31.540000915527344,33.63999938964844,31.440000534057617,33.04999923706055,28.0467472076416,10852100,0.0,0.0
2023-06-07 00:00:00-04:00,33.189998626708984,33.75,32.79999923706055,33.47999954223633,28.41164779663086,9217100,0.0,0.0
2023-06-08 00:00:00-04:00,33.52000045776367,33.599998474121094,32.52000045776367,33.150001525878906,28.131610870361328,8824800,0.0,0.0
2023-06-09 00:00:00-04:00,33.279998779296875,33.5099983215332,32.43000030517578,32.630001068115234,27.690332412719727,8322300,0.0,0.0
2023-06-12 00:00:00-04:00,32.36000061035156,33.09000015258789,30.600000381469727,31.950000762939453,27.113271713256836,18040200,0.0,0.0
2023-06-13 00:00:00-04:00,31.969999313354492,32.88999938964844,31.690000534057617,32.400001525878906,27.495149612426758,13978800,0.0,0.0
2023-06-14 00:00:00-04:00,32.779998779296875,33.09000015258789,31.459999084472656,31.719999313354492,26.9180908203125,9262800,0.0,0.0
2023-06-15 00:00:00-04:00,31.549999237060547,32.439998626708984,31.459999084472656,32.220001220703125,27.342397689819336,9164300,0.0,0.0
2023-06-16 00:00:00-04:00,32.189998626708984,32.36000061035156,31.34000015258789,31.899999618530273,27.070837020874023,21751400,0.0,0.0
2023-06-20 00:00:00-04:00,31.690000534057617,31.850000381469727,30.969999313354492,31.350000381469727,26.604103088378906,11330900,0.0,0.0
2023-06-21 00:00:00-04:00,31.399999618530273,31.770000457763672,31.049999237060547,31.5,26.731395721435547,6919300,0.0,0.0
2023-06-22 00:00:00-04:00,31.5,31.510000228881836,30.530000686645508,30.610000610351562,25.976125717163086,9315400,0.0,0.0
2023-06-23 00:00:00-04:00,30.09000015258789,30.40999984741211,29.850000381469727,30.0,25.458471298217773,14164300,0.0,0.0
2023-06-26 00:00:00-04:00,30.09000015258789,30.489999771118164,29.940000534057617,30.09000015258789,25.53484535217285,11396900,0.0,0.0
2023-06-27 00:00:00-04:00,30.020000457763672,30.700000762939453,29.700000762939453,30.489999771118164,25.874290466308594,8421400,0.0,0.0
2023-06-28 00:00:00-04:00,30.450000762939453,30.520000457763672,30.059999465942383,30.469999313354492,25.857318878173828,7025100,0.0,0.0
2023-06-29 00:00:00-04:00,30.780000686645508,30.989999771118164,30.420000076293945,30.639999389648438,26.001583099365234,9988700,0.0,0.0
2023-06-30 00:00:00-04:00,30.959999084472656,30.979999542236328,30.260000228881836,30.350000381469727,25.755483627319336,11873000,0.0,0.0
2023-07-03 00:00:00-04:00,30.520000457763672,31.579999923706055,30.440000534057617,31.389999389648438,26.638042449951172,4333600,0.0,0.0
2023-07-05 00:00:00-04:00,30.899999618530273,31.610000610351562,30.700000762939453,30.989999771118164,26.298601150512695,6900300,0.0,0.0
2023-07-06 00:00:00-04:00,30.670000076293945,30.899999618530273,29.899999618530273,30.81999969482422,26.154333114624023,12587900,0.0,0.0
2023-07-07 00:00:00-04:00,30.8700008392334,32.15999984741211,30.8700008392334,31.8799991607666,27.053865432739258,8703800,0.0,0.0
2023-07-10 00:00:00-04:00,31.579999923706055,32.279998779296875,31.479999542236328,32.189998626708984,27.316938400268555,8340200,0.0,0.0
2023-07-11 00:00:00-04:00,32.040000915527344,32.77000045776367,31.93000030517578,32.47999954223633,27.563037872314453,11562600,0.0,0.0
2023-07-12 00:00:00-04:00,33.31999969482422,33.810001373291016,32.83000183105469,33.02000045776367,28.021289825439453,10177800,0.0,0.0
2023-07-13 00:00:00-04:00,33.2400016784668,33.75,32.959999084472656,33.619998931884766,28.53045654296875,9538900,0.0,0.0
2023-07-14 00:00:00-04:00,34.220001220703125,34.220001220703125,32.84000015258789,33.099998474121094,28.08917808532715,8211900,0.0,0.0
2023-07-17 00:00:00-04:00,32.84000015258789,33.54999923706055,32.84000015258789,33.43000030517578,28.369220733642578,6141000,0.0,0.0
2023-07-18 00:00:00-04:00,33.099998474121094,34.54999923706055,33.040000915527344,34.5099983215332,29.28572654724121,10738500,0.0,0.0
2023-07-19 00:00:00-04:00,34.630001068115234,35.779998779296875,34.529998779296875,35.59000015258789,30.202232360839844,11123800,0.0,0.0
2023-07-20 00:00:00-04:00,33.91999816894531,34.4900016784668,32.709999084472656,33.060001373291016,28.05523109436035,19275900,0.0,0.0
2023-07-21 00:00:00-04:00,33.56999969482422,33.56999969482422,32.529998779296875,33.04999923706055,28.0467472076416,10883700,0.0,0.0
2023-07-24 00:00:00-04:00,33.099998474121094,33.779998779296875,33.08000183105469,33.5,28.428625106811523,9652600,0.0,0.0
2023-07-25 00:00:00-04:00,33.599998474121094,33.599998474121094,32.56999969482422,32.58000183105469,27.64790153503418,13167000,0.0,0.0
2023-07-26 00:00:00-04:00,33.27000045776367,33.619998931884766,33.119998931884766,33.36000061035156,28.3098201751709,10925900,0.0,0.0
2023-07-27 00:00:00-04:00,33.52000045776367,33.709999084472656,31.979999542236328,31.989999771118164,27.147214889526367,14210700,0.0,0.0
2023-07-28 00:00:00-04:00,32.61000061035156,33.220001220703125,32.56999969482422,33.0099983215332,28.012800216674805,11455200,0.0,0.0
2023-07-31 00:00:00-04:00,33.310001373291016,33.61000061035156,32.83000183105469,33.220001220703125,28.19101333618164,11039900,0.0,0.0
2023-08-01 00:00:00-04:00,32.75,32.959999084472656,32.36000061035156,32.79999923706055,27.8345947265625,8550500,0.0,0.0
2023-08-02 00:00:00-04:00,32.400001525878906,32.45000076293945,31.889999389648438,32.310001373291016,27.418777465820312,9304300,0.0,0.0
2023-08-03 00:00:00-04:00,32.2599983215332,32.380001068115234,31.649999618530273,32.279998779296875,27.393312454223633,8520400,0.0,0.0
2023-08-04 00:00:00-04:00,32.0,32.52000045776367,32.0,32.06999969482422,27.215105056762695,8992800,0.0,0.0
2023-08-07 00:00:00-04:00,32.2400016784668,32.650001525878906,32.04999923706055,32.599998474121094,27.664871215820312,8999600,0.0,0.0
2023-08-08 00:00:00-04:00,31.399999618530273,32.470001220703125,30.959999084472656,32.40999984741211,27.50363540649414,18916000,0.0,0.0
2023-08-09 00:00:00-04:00,32.150001525878906,32.150001525878906,31.3700008392334,31.469999313354492,26.7059326171875,10060700,0.0,0.0
2023-08-10 00:00:00-04:00,31.170000076293945,31.549999237060547,30.93000030517578,31.469999313354492,27.154626846313477,10297600,0.52,0.0
2023-08-11 00:00:00-04:00,31.219999313354492,31.889999389648438,31.1299991607666,31.729999542236328,27.37897491455078,8851700,0.0,0.0
2023-08-14 00:00:00-04:00,31.270000457763672,31.350000381469727,30.420000076293945,30.56999969482422,26.378042221069336,11204300,0.0,0.0
2023-08-15 00:00:00-04:00,30.020000457763672,30.219999313354492,29.510000228881836,29.600000381469727,25.54105567932129,13327700,0.0,0.0
2023-08-16 00:00:00-04:00,29.559999465942383,29.65999984741211,28.959999084472656,29.100000381469727,25.109617233276367,12778900,0.0,0.0
2023-08-17 00:00:00-04:00,29.329999923706055,29.3700008392334,28.829999923706055,28.969999313354492,24.99744415283203,10166600,0.0,0.0
2023-08-18 00:00:00-04:00,28.5,28.889999389648438,28.440000534057617,28.780000686645508,24.833499908447266,9036100,0.0,0.0
2023-08-21 00:00:00-04:00,29.0,29.040000915527344,28.149999618530273,28.610000610351562,24.686813354492188,10975100,0.0,0.0
2023-08-22 00:00:00-04:00,28.559999465942383,28.690000534057617,27.950000762939453,28.049999237060547,24.20359992980957,11549700,0.0,0.0
2023-08-23 00:00:00-04:00,28.139999389648438,28.540000915527344,28.0,28.479999542236328,24.574636459350586,6480300,0.0,0.0
2023-08-24 00:00:00-04:00,28.549999237060547,28.950000762939453,28.40999984741211,28.860000610351562,24.902528762817383,9395800,0.0,0.0
2023-08-25 00:00:00-04:00,29.100000381469727,29.3700008392334,28.530000686645508,28.809999465942383,24.859378814697266,13120300,0.0,0.0
2023-08-28 00:00:00-04:00,29.170000076293945,29.469999313354492,28.979999542236328,29.3700008392334,25.342594146728516,6664400,0.0,0.0
2023-08-29 00:00:00-04:00,29.489999771118164,30.489999771118164,29.350000381469727,30.329999923706055,26.170948028564453,10349700,0.0,0.0
2023-08-30 00:00:00-04:00,30.31999969482422,30.459999084472656,29.959999084472656,30.25,26.1019229888916,7169400,0.0,0.0
2023-08-31 00:00:00-04:00,30.389999389648438,30.65999984741211,30.219999313354492,30.549999237060547,26.360788345336914,8276600,0.0,0.0
2023-09-01 00:00:00-04:00,30.8799991607666,31.350000381469727,30.75,30.899999618530273,26.662792205810547,7951500,0.0,0.0
2023-09-05 00:00:00-04:00,30.84000015258789,31.25,30.43000030517578,30.440000534057617,26.265871047973633,6381800,0.0,0.0
2023-09-06 00:00:00-04:00,30.149999618530273,30.290000915527344,29.540000915527344,29.719999313354492,25.64459800720215,10486600,0.0,0.0
2023-09-07 00:00:00-04:00,29.479999542236328,29.770000457763672,29.149999618530273,29.270000457763672,25.256305694580078,8523200,0.0,0.0
2023-09-08 00:00:00-04:00,29.5,29.8700008392334,29.110000610351562,29.780000686645508,25.696374893188477,12486900,0.0,0.0
2023-09-11 00:00:00-04:00,30.290000915527344,30.670000076293945,29.969999313354492,30.110000610351562,25.981122970581055,10262600,0.0,0.0
2023-09-12 00:00:00-04:00,30.3700008392334,30.799999237060547,29.920000076293945,30.010000228881836,25.894832611083984,10132400,0.0,0.0
2023-09-13 00:00:00-04:00,30.229999542236328,30.329999923706055,28.450000762939453,28.6200008392334,24.695438385009766,13317400,0.0,0.0
2023-09-14 00:00:00-04:00,29.049999237060547,29.549999237060547,28.899999618530273,29.420000076293945,25.385738372802734,12864000,0.0,0.0
2023-09-15 00:00:00-04:00,28.649999618530273,29.1200008392334,28.440000534057617,29.0,25.023330688476562,21392100,0.0,0.0
2023-09-18 00:00:00-04:00,28.75,28.799999237060547,28.239999771118164,28.670000076293945,24.73858642578125,10762000,0.0,0.0
2023-09-19 00:00:00-04:00,28.709999084472656,28.850000381469727,28.100000381469727,28.600000381469727,24.678180694580078,10592700,0.0,0.0
2023-09-20 00:00:00-04:00,28.989999771118164,29.309999465942383,28.239999771118164,28.3700008392334,24.479721069335938,7841400,0.0,0.0
2023-09-21 00:00:00-04:00,28.729999542236328,29.049999237060547,28.149999618530273,28.15999984741211,24.298519134521484,11550200,0.0,0.0
2023-09-22 00:00:00-04:00,28.309999465942383,28.34000015258789,27.850000381469727,28.06999969482422,24.220855712890625,7894000,0.0,0.0
2023-09-25 00:00:00-04:00,27.889999389648438,28.8799991607666,27.8799991607666,28.84000015258789,24.885269165039062,9385800,0.0,0.0
2023-09-26 00:00:00-04:00,28.479999542236328,28.8799991607666,28.170000076293945,28.25,24.37618064880371,7600800,0.0,0.0
2023-09-27 00:00:00-04:00,28.450000762939453,28.450000762939453,27.700000762939453,27.969999313354492,24.134571075439453,8551800,0.0,0.0
2023-09-28 00:00:00-04:00,27.959999084472656,28.399999618530273,27.829999923706055,28.229999542236328,24.35892105102539,7254200,0.0,0.0
2023-09-29 00:00:00-04:00,28.389999389648438,29.0,28.34000015258789,28.610000610351562,24.686813354492188,7883900,0.0,0.0
2023-10-02 00:00:00-04:00,28.5,28.700000762939453,27.549999237060547,27.6299991607666,23.84119415283203,8655100,0.0,0.0
2023-10-03 00:00:00-04:00,27.389999389648438,27.420000076293945,26.84000015258789,27.190000534057617,23.461532592773438,8735900,0.0,0.0
2023-10-04 00:00:00-04:00,27.309999465942383,27.3700008392334,26.700000762939453,27.170000076293945,23.444272994995117,6358200,0.0,0.0
2023-10-05 00:00:00-04:00,26.760000228881836,27.420000076293945,26.68000030517578,27.280000686645508,23.53919219970703,8328100,0.0,0.0
2023-10-06 00:00:00-04:00,26.969999313354492,27.639999389648438,26.56999969482422,27.31999969482422,23.573701858520508,11414800,0.0,0.0
2023-10-09 00:00:00-04:00,26.940000534057617,27.510000228881836,26.90999984741211,27.43000030517578,23.668615341186523,9145700,0.0,0.0
2023-10-10 00:00:00-04:00,29.3700008392334,29.690000534057617,28.700000762939453,29.25,25.239049911499023,17659700,0.0,0.0
2023-10-11 00:00:00-04:00,29.34000015258789,29.920000076293945,29.270000457763672,29.610000610351562,25.549686431884766,10602400,0.0,0.0
2023-10-12 00:00:00-04:00,29.459999084472656,29.75,28.809999465942383,28.8799991607666,24.91978645324707,9664800,0.0,0.0
2023-10-13 00:00:00-04:00,29.25,29.399999618530273,28.389999389648438,28.40999984741211,24.514236450195312,10700200,0.0,0.0
2023-10-16 00:00:00-04:00,28.860000610351562,29.1200008392334,28.420000076293945,29.0,25.023330688476562,12437400,0.0,0.0
2023-10-17 00:00:00-04:00,28.559999465942383,29.889999389648438,28.510000228881836,29.81999969482422,25.73088836669922,12739300,0.0,0.0
2023-10-18 00:00:00-04:00,29.469999313354492,29.670000076293945,28.559999465942383,28.739999771118164,24.798982620239258,10534900,0.0,0.0
2023-10-19 00:00:00-04:00,29.149999618530273,29.75,27.8799991607666,28.059999465942383,24.212230682373047,15234800,0.0,0.0
2023-10-20 00:00:00-04:00,28.040000915527344,28.170000076293945,26.950000762939453,27.15999984741211,23.435644149780273,14510500,0.0,0.0
2023-10-23 00:00:00-04:00,27.020000457763672,27.68000030517578,26.950000762939453,27.030000686645508,23.323471069335938,10653200,0.0,0.0
2023-10-24 00:00:00-04:00,27.059999465942383,27.799999237060547,27.059999465942383,27.559999465942383,23.78079605102539,10134300,0.0,0.0
2023-10-25 00:00:00-04:00,27.670000076293945,27.989999771118164,27.010000228881836,27.959999084472656,24.125940322875977,10127400,0.0,0.0
2023-10-26 00:00:00-04:00,27.8799991607666,28.84000015258789,27.860000610351562,28.510000228881836,24.600522994995117,10485200,0.0,0.0
2023-10-27 00:00:00-04:00,28.350000381469727,28.469999313354492,27.3799991607666,27.6200008392334,23.832565307617188,9322600,0.0,0.0
2023-10-30 00:00:00-04:00,27.8799991607666,28.299999237060547,27.639999389648438,28.18000030517578,24.31577491760254,8483200,0.0,0.0
2023-10-31 00:00:00-04:00,28.219999313354492,28.420000076293945,27.8799991607666,28.360000610351562,24.47109031677246,10506600,0.0,0.0
2023-11-01 00:00:00-04:00,28.3799991607666,28.670000076293945,28.1299991607666,28.489999771118164,24.58326530456543,10212100,0.0,0.0
2023-11-02 00:00:00-04:00,29.020000457763672,30.09000015258789,28.84000015258789,29.969999313354492,25.86031723022461,11165700,0.0,0.0
2023-11-03 00:00:00-04:00,30.850000381469727,31.450000762939453,30.760000228881836,31.190000534057617,26.91302490234375,12782000,0.0,0.0
2023-11-06 00:00:00-05:00,31.299999237060547,31.350000381469727,30.549999237060547,30.739999771118164,26.524734497070312,7182800,0.0,0.0
2023-11-07 00:00:00-05:00,30.5,30.739999771118164,30.31999969482422,30.520000457763672,26.334896087646484,5848200,0.0,0.0
2023-11-08 00:00:00-05:00,30.489999771118164,30.549999237060547,30.209999084472656,30.399999618530273,26.231353759765625,6516400,0.0,0.0
2023-11-09 00:00:00-05:00,29.979999542236328,30.1200008392334,28.940000534057617,29.149999618530273,25.590496063232422,9389800,0.52,0.0
2023-11-10 00:00:00-05:00,29.299999237060547,29.420000076293945,28.93000030517578,29.389999389648438,25.80118751525879,5851500,0.0,0.0
2023-11-13 00:00:00-05:00,29.1200008392334,29.5,28.969999313354492,29.350000381469727,25.766071319580078,5460200,0.0,0.0
2023-11-14 00:00:00-05:00,30.31999969482422,31.360000610351562,30.309999465942383,30.979999542236328,27.197032928466797,10641900,0.0,0.0
2023-11-15 00:00:00-05:00,31.1200008392334,32.09000015258789,31.1200008392334,31.90999984741211,28.013471603393555,12350200,0.0,0.0
2023-11-16 00:00:00-05:00,31.770000457763672,31.940000534057617,31.1299991607666,31.450000762939453,27.609642028808594,9671900,0.0,0.0
2023-11-17 00:00:00-05:00,31.780000686645508,32.0,31.399999618530273,31.969999313354492,28.066143035888672,6918800,0.0,0.0
2023-11-20 00:00:00-05:00,31.739999771118164,32.18000030517578,31.549999237060547,32.040000915527344,28.12759780883789,6765900,0.0,0.0
2023-11-21 00:00:00-05:00,31.950000762939453,31.989999771118164,31.510000228881836,31.579999923706055,27.723766326904297,5245800,0.0,0.0
2023-11-22 00:00:00-05:00,31.93000030517578,31.959999084472656,31.329999923706055,31.489999771118164,27.644756317138672,5283300,0.0,0.0
2023-11-24 00:00:00-05:00,31.510000228881836,31.809999465942383,31.280000686645508,31.780000686645508,27.899349212646484,2586900,0.0,0.0
2023-11-27 00:00:00-05:00,31.549999237060547,31.729999542236328,31.329999923706055,31.440000534057617,27.600862503051758,8574300,0.0,0.0
2023-11-28 00:00:00-05:00,31.440000534057617,31.700000762939453,31.229999542236328,31.559999465942383,27.706209182739258,6113600,0.0,0.0
2023-11-29 00:00:00-05:00,31.90999984741211,32.709999084472656,31.799999237060547,32.130001068115234,28.206605911254883,9377100,0.0,0.0
2023-11-30 00:00:00-05:00,32.34000015258789,32.43000030517578,31.989999771118164,32.13999938964844,28.21538543701172,12301000,0.0,0.0
2023-12-01 00:00:00-05:00,32.02000045776367,33.40999984741211,31.959999084472656,33.27000045776367,29.207401275634766,11699900,0.0,0.0
2023-12-04 00:00:00-05:00,33.0,33.630001068115234,32.970001220703125,33.279998779296875,29.2161808013916,11962300,0.0,0.0
2023-12-05 00:00:00-05:00,33.119998931884766,33.29999923706055,32.779998779296875,33.150001525878906,29.1020565032959,7593000,0.0,0.0
2023-12-06 00:00:00-05:00,33.400001525878906,34.209999084472656,33.02000045776367,33.040000915527344,29.0054874420166,9173300,0.0,0.0
2023-12-07 00:00:00-05:00,33.529998779296875,34.34000015258789,33.36000061035156,33.959999084472656,29.813142776489258,16613200,0.0,0.0
2023-12-08 00:00:00-05:00,34.0,34.58000183105469,33.72999954223633,34.33000183105469,30.137962341308594,11424100,0.0,0.0
2023-12-11 00:00:00-05:00,34.220001220703125,34.619998931884766,34.11000061035156,34.43000030517578,30.225753784179688,9279700,0.0,0.0
2023-12-12 00:00:00-05:00,34.61000061035156,34.61000061035156,34.0099983215332,34.099998474121094,29.936050415039062,7117200,0.0,0.0
2023-12-13 00:00:00-05:00,34.130001068115234,35.58000183105469,33.869998931884766,35.4900016784668,31.15631675720215,11418000,0.0,0.0
2023-12-14 00:00:00-05:00,36.70000076293945,37.65999984741211,36.279998779296875,37.63999938964844,33.04378128051758,17528700,0.0,0.0
2023-12-15 00:00:00-05:00,37.439998626708984,37.83000183105469,36.5099983215332,36.70000076293945,32.218570709228516,15702400,0.0,0.0
2023-12-18 00:00:00-05:00,36.709999084472656,37.04999923706055,36.31999969482422,36.34000015258789,31.90252685546875,8973600,0.0,0.0
2023-12-19 00:00:00-05:00,36.40999984741211,36.86000061035156,36.16999816894531,36.720001220703125,32.23611831665039,9319100,0.0,0.0
2023-12-20 00:00:00-05:00,36.41999816894531,36.849998474121094,35.77000045776367,35.790000915527344,31.419687271118164,10834400,0.0,0.0
2023-12-21 00:00:00-05:00,36.130001068115234,36.529998779296875,36.11000061035156,36.4900016784668,32.034210205078125,7842100,0.0,0.0
2023-12-22 00:00:00-05:00,36.66999816894531,36.9900016784668,36.4900016784668,36.7599983215332,32.271240234375,9644400,0.0,0.0
2023-12-26 00:00:00-05:00,36.709999084472656,37.220001220703125,36.58000183105469,37.11000061035156,32.57850646972656,6083900,0.0,0.0
2023-12-27 00:00:00-05:00,36.9900016784668,37.41999816894531,36.77000045776367,37.2400016784668,32.692623138427734,6483100,0.0,0.0
2023-12-28 00:00:00-05:00,37.119998931884766,37.43000030517578,37.119998931884766,37.290000915527344,32.73652267456055,6838000,0.0,0.0
2023-12-29 00:00:00-05:00,37.09000015258789,37.349998474121094,36.88999938964844,36.91999816894531,32.41170120239258,8058300,0.0,0.0
2024-01-02 00:00:00-05:00,36.630001068115234,37.689998626708984,36.5099983215332,37.5099983215332,32.92965316772461,8595500,0.0,0.0
2024-01-03 00:00:00-05:00,37.060001373291016,37.06999969482422,36.22999954223633,36.5099983215332,32.051761627197266,12154800,0.0,0.0
2024-01-04 00:00:00-05:00,37.060001373291016,37.369998931884766,36.779998779296875,36.970001220703125,32.45560073852539,9412000,0.0,0.0
2024-01-05 00:00:00-05:00,36.900001525878906,37.880001068115234,36.77000045776367,37.599998474121094,33.0086669921875,9362200,0.0,0.0
2024-01-08 00:00:00-05:00,37.47999954223633,38.0099983215332,37.25,38.0,33.35981750488281,7153200,0.0,0.0
2024-01-09 00:00:00-05:00,37.56999969482422,37.869998931884766,37.380001068115234,37.68000030517578,33.078895568847656,6806600,0.0,0.0
2024-01-10 00:00:00-05:00,37.61000061035156,37.86000061035156,37.189998626708984,37.72999954223633,33.12278747558594,8100200,0.0,0.0
2024-01-11 00:00:00-05:00,37.459999084472656,37.54999923706055,36.470001220703125,37.34000015258789,32.78041458129883,9698800,0.0,0.0
2024-01-12 00:00:00-05:00,37.439998626708984,37.630001068115234,36.459999084472656,36.7400016784668,32.253684997558594,8021600,0.0,0.0
2024-01-16 00:00:00-05:00,36.209999084472656,36.41999816894531,35.72999954223633,36.18000030517578,31.762060165405273,9340500,0.0,0.0
2024-01-17 00:00:00-05:00,35.7400016784668,36.22999954223633,35.439998626708984,35.779998779296875,31.410907745361328,8978600,0.0,0.0
2024-01-18 00:00:00-05:00,36.20000076293945,37.560001373291016,35.09000015258789,35.97999954223633,31.586483001708984,17018300,0.0,0.0
2024-01-19 00:00:00-05:00,36.20000076293945,37.5099983215332,35.849998474121094,37.470001220703125,32.894535064697266,13473900,0.0,0.0
2024-01-22 00:00:00-05:00,37.599998474121094,37.900001525878906,36.939998626708984,37.0099983215332,32.49070358276367,10268300,0.0,0.0
2024-01-23 00:00:00-05:00,37.08000183105469,37.29999923706055,36.630001068115234,36.81999969482422,32.323909759521484,6375800,0.0,0.0
2024-01-24 00:00:00-05:00,37.09000015258789,37.720001220703125,36.869998931884766,37.54999923706055,32.96477508544922,11035700,0.0,0.0
2024-01-25 00:00:00-05:00,38.0,38.02000045776367,37.16999816894531,37.5099983215332,32.92965316772461,8053800,0.0,0.0
2024-01-26 00:00:00-05:00,37.59000015258789,38.02000045776367,37.5,37.84000015258789,33.219364166259766,11477900,0.0,0.0
2024-01-29 00:00:00-05:00,37.66999816894531,38.209999084472656,37.61000061035156,38.09000015258789,33.43883514404297,9067100,0.0,0.0
2024-01-30 00:00:00-05:00,38.119998931884766,38.470001220703125,38.0099983215332,38.16999816894531,33.509063720703125,8091000,0.0,0.0
2024-01-31 00:00:00-05:00,37.40999984741211,38.04999923706055,36.90999984741211,37.060001373291016,32.53461456298828,14452300,0.0,0.0
2024-02-01 00:00:00-05:00,37.25,37.9900016784668,35.189998626708984,36.5,32.04298400878906,25481600,0.0,0.0
2024-02-02 00:00:00-05:00,36.27000045776367,36.88999938964844,35.959999084472656,36.790000915527344,32.297576904296875,11487000,0.0,0.0
2024-02-05 00:00:00-05:00,36.4900016784668,36.56999969482422,35.810001373291016,36.25,31.82351303100586,10585500,0.0,0.0
2024-02-06 00:00:00-05:00,36.290000915527344,36.4900016784668,35.869998931884766,36.25,31.82351303100586,7305700,0.0,0.0
2024-02-07 00:00:00-05:00,36.41999816894531,36.56999969482422,35.150001525878906,36.0099983215332,31.612823486328125,8909900,0.0,0.0
2024-02-08 00:00:00-05:00,35.20000076293945,35.66999816894531,35.13999938964844,35.5099983215332,31.63062858581543,7590300,0.52,0.0
2024-02-09 00:00:00-05:00,35.36000061035156,36.06999969482422,34.880001068115234,35.84000015258789,31.924589157104492,10079300,0.0,0.0
2024-02-12 00:00:00-05:00,35.779998779296875,36.47999954223633,35.689998626708984,36.0099983215332,32.076011657714844,7016400,0.0,0.0
2024-02-13 00:00:00-05:00,35.380001068115234,35.470001220703125,34.22999954223633,34.939998626708984,31.122907638549805,12822000,0.0,0.0
2024-02-14 00:00:00-05:00,35.31999969482422,35.56999969482422,34.869998931884766,35.40999984741211,31.541563034057617,9166300,0.0,0.0
2024-02-15 00:00:00-05:00,35.66999816894531,36.5099983215332,35.5,36.33000183105469,32.361053466796875,10093600,0.0,0.0
2024-02-16 00:00:00-05:00,36.06999969482422,36.459999084472656,35.7599983215332,36.099998474121094,32.156185150146484,7832200,0.0,0.0
2024-02-20 00:00:00-05:00,35.630001068115234,36.11000061035156,35.459999084472656,35.560001373291016,31.6751708984375,12208300,0.0,0.0
2024-02-21 00:00:00-05:00,35.22999954223633,35.849998474121094,34.79999923706055,35.77000045776367,31.862232208251953,8221700,0.0,0.0
2024-02-22 00:00:00-05:00,36.08000183105469,36.15999984741211,35.439998626708984,35.63999938964844,31.746431350708008,8455900,0.0,0.0
2024-02-23 00:00:00-05:00,35.72999954223633,35.779998779296875,35.20000076293945,35.2400016784668,31.3901309967041,7977200,0.0,0.0
2024-02-26 00:00:00-05:00,35.08000183105469,35.279998779296875,34.2599983215332,34.529998779296875,30.757694244384766,10383300,0.0,0.0
2024-02-27 00:00:00-05:00,34.709999084472656,35.20000076293945,34.650001525878906,34.880001068115234,31.06946563720703,8037300,0.0,0.0
2024-02-28 00:00:00-05:00,34.720001220703125,35.20000076293945,34.63999938964844,34.810001373291016,31.007104873657227,5512100,0.0,0.0
2024-02-29 00:00:00-05:00,35.22999954223633,35.439998626708984,34.779998779296875,34.97999954223633,31.158540725708008,12179200,0.0,0.0
2024-03-01 00:00:00-05:00,34.970001220703125,35.7599983215332,34.54999923706055,35.2599983215332,31.407949447631836,14112300,0.0,0.0
2024-03-04 00:00:00-05:00,35.369998931884766,36.52000045776367,35.369998931884766,36.16999816894531,32.21853256225586,9492500,0.0,0.0
2024-03-05 00:00:00-05:00,35.97999954223633,37.47999954223633,35.939998626708984,37.06999969482422,33.02021408081055,11247300,0.0,0.0
2024-03-06 00:00:00-05:00,37.16999816894531,37.630001068115234,36.599998474121094,37.27000045776367,33.198360443115234,13403900,0.0,0.0
2024-03-07 00:00:00-05:00,37.790000915527344,37.83000183105469,36.79999923706055,36.91999816894531,32.886600494384766,9950300,0.0,0.0
2024-03-08 00:00:00-05:00,37.130001068115234,37.529998779296875,36.63999938964844,37.439998626708984,33.34978485107422,11929000,0.0,0.0
2024-03-11 00:00:00-04:00,37.25,37.47999954223633,36.88999938964844,37.22999954223633,33.162723541259766,5987700,0.0,0.0
2024-03-12 00:00:00-04:00,37.29999923706055,37.310001373291016,36.65999984741211,36.93000030517578,32.895511627197266,7533900,0.0,0.0
2024-03-13 00:00:00-04:00,36.9900016784668,37.349998474121094,36.310001373291016,36.45000076293945,32.46793746948242,7079500,0.0,0.0
2024-03-14 00:00:00-04:00,36.0,36.290000915527344,34.689998626708984,35.02000045776367,31.194168090820312,10930500,0.0,0.0
2024-03-15 00:00:00-04:00,34.58000183105469,35.43000030517578,34.58000183105469,34.86000061035156,31.051645278930664,17477300,0.0,0.0
2024-03-18 00:00:00-04:00,35.0,35.13999938964844,34.5099983215332,34.93000030517578,31.113998413085938,7497100,0.0,0.0
2024-03-19 00:00:00-04:00,35.119998931884766,35.709999084472656,35.060001373291016,35.70000076293945,31.79987335205078,9701900,0.0,0.0
2024-03-20 00:00:00-04:00,35.40999984741211,36.880001068115234,35.349998474121094,36.81999969482422,32.79751968383789,8684100,0.0,0.0
2024-03-21 00:00:00-04:00,37.02000045776367,38.099998474121094,37.02000045776367,38.04999923706055,33.89314651489258,13598200,0.0,0.0
2024-03-22 00:00:00-04:00,38.27000045776367,38.54999923706055,37.56999969482422,37.689998626708984,33.572479248046875,9230600,0.0,0.0
2024-03-25 00:00:00-04:00,37.61000061035156,38.02000045776367,37.439998626708984,37.599998474121094,33.4923095703125,5454300,0.0,0.0
2024-03-26 00:00:00-04:00,37.81999969482422,37.88999938964844,37.45000076293945,37.599998474121094,33.4923095703125,7080300,0.0,0.0
2024-03-27 00:00:00-04:00,37.7599983215332,38.61000061035156,37.7599983215332,38.59000015258789,34.37415313720703,6269400,0.0,0.0
2024-03-28 00:00:00-04:00,38.83000183105469,39.290000915527344,38.72999954223633,38.97999954223633,34.7215461730957,8405600,0.0,0.0
2024-04-01 00:00:00-04:00,38.91999816894531,39.08000183105469,38.31999969482422,38.369998931884766,34.178192138671875,5420800,0.0,0.0
2024-04-02 00:00:00-04:00,38.119998931884766,38.13999938964844,37.650001525878906,37.88999938964844,33.75062942504883,10090700,0.0,0.0
2024-04-03 00:00:00-04:00,37.880001068115234,38.22999954223633,37.779998779296875,37.95000076293945,33.804073333740234,7723400,0.0,0.0
2024-04-04 00:00:00-04:00,38.56999969482422,38.66999816894531,37.779998779296875,37.939998626708984,33.795166015625,8147200,0.0,0.0
2024-04-05 00:00:00-04:00,37.59000015258789,38.2400016784668,37.56999969482422,38.09000015258789,33.92877960205078,6167500,0.0,0.0
2024-04-08 00:00:00-04:00,38.38999938964844,39.06999969482422,38.220001220703125,38.849998474121094,34.60574722290039,6877800,0.0,0.0
2024-04-09 00:00:00-04:00,39.119998931884766,39.22999954223633,38.439998626708984,38.970001220703125,34.712642669677734,5676000,0.0,0.0
2024-04-10 00:00:00-04:00,38.310001373291016,38.310001373291016,37.08000183105469,37.5,33.403236389160156,14315600,0.0,0.0
2024-04-11 00:00:00-04:00,37.38999938964844,37.4900016784668,36.650001525878906,37.29999923706055,33.22507858276367,10603100,0.0,0.0
2024-04-12 00:00:00-04:00,36.709999084472656,37.02000045776367,36.619998931884766,36.77000045776367,32.75298309326172,7875100,0.0,0.0
2024-04-15 00:00:00-04:00,37.20000076293945,37.66999816894531,36.439998626708984,36.70000076293945,32.690635681152344,11228900,0.0,0.0
2024-04-16 00:00:00-04:00,36.369998931884766,36.58000183105469,35.36000061035156,35.63999938964844,31.746431350708008,12902700,0.0,0.0
2024-04-17 00:00:00-04:00,35.790000915527344,35.93000030517578,35.09000015258789,35.65999984741211,31.76424789428711,9211300,0.0,0.0
2024-04-18 00:00:00-04:00,35.83000183105469,35.97999954223633,35.459999084472656,35.709999084472656,31.80878257751465,5755500,0.0,0.0
2024-04-19 00:00:00-04:00,35.79999923706055,36.84000015258789,35.650001525878906,36.79999923706055,32.77970504760742,10359600,0.0,0.0
2024-04-22 00:00:00-04:00,35.84000015258789,38.29999923706055,35.84000015258789,38.060001373291016,33.90205383300781,12580400,0.0,0.0
2024-04-23 00:00:00-04:00,37.97999954223633,39.20000076293945,37.79999923706055,38.84000015258789,34.59684371948242,10596900,0.0,0.0
2024-04-24 00:00:00-04:00,38.58000183105469,39.209999084472656,38.40999984741211,38.790000915527344,34.55230712890625,7109100,0.0,0.0
2024-04-25 00:00:00-04:00,38.630001068115234,38.790000915527344,37.7400016784668,37.970001220703125,33.82188415527344,7241500,0.0,0.0
2024-04-26 00:00:00-04:00,37.93000030517578,38.54999923706055,37.880001068115234,38.16999816894531,34.000038146972656,4651400,0.0,0.0
2024-04-29 00:00:00-04:00,38.290000915527344,38.529998779296875,38.029998779296875,38.310001373291016,34.12474822998047,6441400,0.0,0.0
2024-04-30 00:00:00-04:00,38.0099983215332,38.16999816894531,37.529998779296875,37.54999923706055,33.44777297973633,7482400,0.0,0.0
2024-05-01 00:00:00-04:00,37.689998626708984,38.79999923706055,37.540000915527344,38.04999923706055,33.89314651489258,6803400,0.0,0.0
2024-05-02 00:00:00-04:00,38.540000915527344,38.599998474121094,37.97999954223633,38.349998474121094,34.160369873046875,7609300,0.0,0.0
2024-05-03 00:00:00-04:00,38.880001068115234,39.150001525878906,38.66999816894531,38.849998474121094,34.60574722290039,8081400,0.0,0.0
2024-05-06 00:00:00-04:00,39.25,39.5,38.95000076293945,39.41999816894531,35.11347579956055,6237000,0.0,0.0
2024-05-07 00:00:00-04:00,39.900001525878906,40.349998474121094,38.869998931884766,39.11000061035156,34.83735275268555,10142100,0.0,0.0
2024-05-08 00:00:00-04:00,38.84000015258789,39.65999984741211,38.79999923706055,39.38999938964844,35.08675765991211,6381300,0.0,0.0
2024-05-09 00:00:00-04:00,38.70000076293945,39.16999816894531,38.58000183105469,39.099998474121094,35.294368743896484,6562900,0.52,0.0
2024-05-10 00:00:00-04:00,39.25,39.52000045776367,39.029998779296875,39.470001220703125,35.628360748291016,5245500,0.0,0.0
2024-05-13 00:00:00-04:00,39.790000915527344,39.810001373291016,39.029998779296875,39.18000030517578,35.3665885925293,5642400,0.0,0.0
2024-05-14 00:00:00-04:00,39.59000015258789,39.68000030517578,39.220001220703125,39.38999938964844,35.55614471435547,7992900,0.0,0.0
2024-05-15 00:00:00-04:00,39.88999938964844,40.189998626708984,39.66999816894531,40.18000030517578,36.269256591796875,6215500,0.0,0.0
2024-05-16 00:00:00-04:00,40.02000045776367,40.29999923706055,39.959999084472656,40.150001525878906,36.24217224121094,7700200,0.0,0.0
2024-05-17 00:00:00-04:00,40.5099983215332,40.5099983215332,39.91999816894531,39.970001220703125,36.079689025878906,5698600,0.0,0.0
2024-05-20 00:00:00-04:00,39.900001525878906,40.02000045776367,39.02000045776367,39.029998779296875,35.23118209838867,4804200,0.0,0.0
2024-05-21 00:00:00-04:00,39.130001068115234,39.61000061035156,39.099998474121094,39.540000915527344,35.69154357910156,5336800,0.0,0.0
2024-05-22 00:00:00-04:00,39.36000061035156,39.439998626708984,38.709999084472656,38.88999938964844,35.10480880737305,4357600,0.0,0.0
2024-05-23 00:00:00-04:00,39.099998474121094,39.099998474121094,37.77000045776367,38.2400016784668,34.518070220947266,4917500,0.0,0.0
2024-05-24 00:00:00-04:00,38.36000061035156,38.459999084472656,38.099998474121094,38.400001525878906,34.662506103515625,3149800,0.0,0.0
2024-05-28 00:00:00-04:00,38.459999084472656,38.4900016784668,37.58000183105469,37.75,34.07576370239258,5652300,0.0,0.0
2024-05-29 00:00:00-04:00,37.13999938964844,37.5099983215332,36.790000915527344,37.459999084472656,33.813987731933594,6294500,0.0,0.0
2024-05-30 00:00:00-04:00,37.70000076293945,37.86000061035156,37.04999923706055,37.119998931884766,33.50708770751953,8430900,0.0,0.0
2024-05-31 00:00:00-04:00,37.349998474121094,37.779998779296875,37.20000076293945,37.75,34.07576370239258,10417400,0.0,0.0
2024-06-03 00:00:00-04:00,38.11000061035156,38.189998626708984,36.7599983215332,37.11000061035156,33.49806213378906,7363500,0.0,0.0
2024-06-04 00:00:00-04:00,36.70000076293945,37.15999984741211,36.38999938964844,36.650001525878906,33.08283233642578,7220400,0.0,0.0
2024-06-05 00:00:00-04:00,36.83000183105469,36.959999084472656,36.5,36.630001068115234,33.064781188964844,6361100,0.0,0.0
2024-06-06 00:00:00-04:00,36.630001068115234,36.83000183105469,36.22999954223633,36.41999816894531,32.875213623046875,4829200,0.0,0.0
2024-06-07 00:00:00-04:00,36.150001525878906,36.65999984741211,36.040000915527344,36.16999816894531,32.6495475769043,4814700,0.0,0.0
2024-06-10 00:00:00-04:00,35.7400016784668,36.29999923706055,35.380001068115234,36.02000045776367,32.5141487121582,6378800,0.0,0.0
2024-06-11 00:00:00-04:00,35.709999084472656,35.849998474121094,35.29999923706055,35.68000030517578,32.20724868774414,6779500,0.0,0.0
2024-06-12 00:00:00-04:00,36.439998626708984,37.08000183105469,36.439998626708984,36.810001373291016,33.227256774902344,8739300,0.0,0.0
2024-06-13 00:00:00-04:00,36.77000045776367,36.83000183105469,36.209999084472656,36.36000061035156,32.82105255126953,8149100,0.0,0.0
2024-06-14 00:00:00-04:00,35.810001373291016,36.11000061035156,35.36000061035156,35.40999984741211,31.963523864746094,6188500,0.0,0.0
2024-06-17 00:00:00-04:00,35.310001373291016,35.81999969482422,35.099998474121094,35.79999923706055,32.31555938720703,5106700,0.0,0.0
2024-06-18 00:00:00-04:00,35.650001525878906,36.599998474121094,35.4900016784668,36.56999969482422,33.01061248779297,9417200,0.0,0.0
2024-06-20 00:00:00-04:00,36.34000015258789,36.779998779296875,36.119998931884766,36.630001068115234,33.064781188964844,6467700,0.0,0.0
2024-06-21 00:00:00-04:00,36.5099983215332,36.83000183105469,36.15999984741211,36.790000915527344,33.209205627441406,9437100,0.0,0.0
2024-06-24 00:00:00-04:00,37.11000061035156,37.650001525878906,36.810001373291016,37.459999084472656,33.813987731933594,6680700,0.0,0.0
2024-06-25 00:00:00-04:00,37.290000915527344,37.5,37.02000045776367,37.04999923706055,33.44389724731445,10122800,0.0,0.0
2024-06-26 00:00:00-04:00,36.81999969482422,37.09000015258789,36.619998931884766,36.88999938964844,33.29947280883789,7307700,0.0,0.0
2024-06-27 00:00:00-04:00,37.0,37.880001068115234,36.7400016784668,37.84000015258789,34.15700912475586,8263100,0.0,0.0
2024-06-28 00:00:00-04:00,38.0,38.88999938964844,37.90999984741211,38.849998474121094,35.06869888305664,9600200,0.0,0.0
2024-07-01 00:00:00-04:00,38.81999969482422,39.34000015258789,38.81999969482422,39.25,35.42976760864258,9190100,0.0,0.0
2024-07-02 00:00:00-04:00,39.04999923706055,39.56999969482422,38.86000061035156,39.560001373291016,35.709598541259766,7761300,0.0,0.0
2024-07-03 00:00:00-04:00,39.720001220703125,39.720001220703125,38.86000061035156,38.869998931884766,35.08675765991211,3976700,0.0,0.0
2024-07-05 00:00:00-04:00,38.93000030517578,38.970001220703125,38.060001373291016,38.220001220703125,34.500022888183594,5002100,0.0,0.0
2024-07-08 00:00:00-04:00,38.439998626708984,38.650001525878906,38.029998779296875,38.25,34.527095794677734,4137500,0.0,0.0
2024-07-09 00:00:00-04:00,37.939998626708984,39.04999923706055,37.849998474121094,38.90999984741211,35.12286376953125,5618100,0.0,0.0
2024-07-10 00:00:00-04:00,38.790000915527344,39.27000045776367,38.75,39.2599983215332,35.43879699707031,4425300,0.0,0.0
2024-07-11 00:00:00-04:00,39.61000061035156,40.47999954223633,39.5,40.38999938964844,36.45881271362305,6296400,0.0,0.0
2024-07-12 00:00:00-04:00,40.400001525878906,40.81999969482422,40.130001068115234,40.5099983215332,36.5671272277832,5139300,0.0,0.0
2024-07-15 00:00:00-04:00,41.13999938964844,41.59000015258789,40.779998779296875,41.400001525878906,37.37050247192383,8437100,0.0,0.0
2024-07-16 00:00:00-04:00,41.529998779296875,42.599998474121094,41.36000061035156,42.439998626708984,38.30928421020508,6928900,0.0,0.0
2024-07-17 00:00:00-04:00,41.790000915527344,43.279998779296875,41.63999938964844,43.099998474121094,38.90504455566406,8814300,0.0,0.0
2024-07-18 00:00:00-04:00,42.7599983215332,43.459999084472656,42.09000015258789,42.439998626708984,38.30928421020508,13300800,0.0,0.0
2024-07-19 00:00:00-04:00,42.619998931884766,42.869998931884766,42.08000183105469,42.40999984741211,38.28219985961914,9976100,0.0,0.0
2024-07-22 00:00:00-04:00,42.97999954223633,44.13999938964844,42.04999923706055,43.779998779296875,39.51885986328125,12943700,0.0,0.0
2024-07-23 00:00:00-04:00,43.75,44.380001068115234,43.540000915527344,44.150001525878906,39.85285186767578,7183800,0.0,0.0
2024-07-24 00:00:00-04:00,43.880001068115234,44.31999969482422,43.38999938964844,43.61000061035156,39.36540985107422,7366800,0.0,0.0
2024-07-25 00:00:00-04:00,43.61000061035156,44.779998779296875,43.470001220703125,44.119998931884766,39.825767517089844,9070400,0.0,0.0
2024-07-26 00:00:00-04:00,44.189998626708984,44.63999938964844,43.97999954223633,44.41999816894531,40.0965690612793,7274600,0.0,0.0
2024-07-29 00:00:00-04:00,44.68000030517578,44.7599983215332,44.130001068115234,44.459999084472656,40.13267517089844,7302100,0.0,0.0
2024-07-30 00:00:00-04:00,44.79999923706055,45.06999969482422,44.560001373291016,44.939998626708984,40.56595993041992,6492500,0.0,0.0
2024-07-31 00:00:00-04:00,45.0,45.310001373291016,44.66999816894531,44.689998626708984,40.34029006958008,8422900,0.0,0.0
2024-08-01 00:00:00-04:00,44.7599983215332,44.869998931884766,43.15999984741211,43.349998474121094,39.13071060180664,9276900,0.0,0.0
2024-08-02 00:00:00-04:00,42.619998931884766,42.70000076293945,41.209999084472656,42.119998931884766,38.02043151855469,10710400,0.0,0.0
2024-08-05 00:00:00-04:00,40.81999969482422,41.83000183105469,39.91999816894531,41.18000030517578,37.17192459106445,8756100,0.0,0.0
2024-08-06 00:00:00-04:00,41.25,42.150001525878906,40.95000076293945,41.650001525878906,37.5961799621582,7614900,0.0,0.0
2024-08-07 00:00:00-04:00,42.380001068115234,42.66999816894531,40.9900016784668,41.099998474121094,37.09970474243164,6245000,0.0,0.0
2024-08-08 00:00:00-04:00,41.45000076293945,42.25,41.41999816894531,42.06999969482422,37.97529602050781,5706500,0.0,0.0
2024-08-09 00:00:00-04:00,41.540000915527344,41.720001220703125,41.40999984741211,41.560001373291016,37.98443603515625,6236400,0.52,0.0
2024-08-12 00:00:00-04:00,41.81999969482422,42.34000015258789,41.04999923706055,41.220001220703125,37.67369079589844,7869800,0.0,0.0
2024-08-13 00:00:00-04:00,41.65999984741211,41.720001220703125,41.189998626708984,41.689998626708984,38.10325241088867,5910900,0.0,0.0
2024-08-14 00:00:00-04:00,41.900001525878906,41.970001220703125,41.54999923706055,41.900001525878906,38.295188903808594,3806800,0.0,0.0
2024-08-15 00:00:00-04:00,42.5,42.939998626708984,42.29999923706055,42.369998931884766,38.72474670410156,6438600,0.0,0.0
2024-08-16 00:00:00-04:00,42.310001373291016,42.75,42.279998779296875,42.529998779296875,38.870975494384766,4183500,0.0,0.0
2024-08-19 00:00:00-04:00,42.58000183105469,42.959999084472656,42.58000183105469,42.95000076293945,39.25484848022461,8338700,0.0,0.0
2024-08-20 00:00:00-04:00,42.72999954223633,42.72999954223633,42.15999984741211,42.2599983215332,38.624210357666016,5151200,0.0,0.0
2024-08-21 00:00:00-04:00,42.45000076293945,42.54999923706055,41.529998779296875,42.09000015258789,38.468841552734375,8700800,0.0,0.0
2024-08-22 00:00:00-04:00,42.18000030517578,42.54999923706055,41.79999923706055,41.869998931884766,38.267765045166016,12283600,0.0,0.0
2024-08-23 00:00:00-04:00,42.16999816894531,43.869998931884766,42.060001373291016,43.84000015258789,40.06827926635742,10157900,0.0,0.0
2024-08-26 00:00:00-04:00,44.0,44.349998474121094,43.91999816894531,44.220001220703125,40.415592193603516,10295300,0.0,0.0
2024-08-27 00:00:00-04:00,44.13999938964844,44.400001525878906,43.689998626708984,43.90999984741211,40.132259368896484,6847800,0.0,0.0
2024-08-28 00:00:00-04:00,43.79999923706055,44.189998626708984,43.65999984741211,43.939998626708984,40.15967559814453,4632000,0.0,0.0
2024-08-29 00:00:00-04:00,44.15999984741211,44.290000915527344,43.56999969482422,43.90999984741211,40.132259368896484,3669700,0.0,0.0
2024-08-30 00:00:00-04:00,44.11000061035156,44.5,44.060001373291016,44.459999084472656,40.63493728637695,6565400,0.0,0.0
2024-09-03 00:00:00-04:00,44.09000015258789,44.7599983215332,44.06999969482422,44.220001220703125,40.415592193603516,7204100,0.0,0.0
2024-09-04 00:00:00-04:00,44.13999938964844,44.5,43.27000045776367,43.619998931884766,39.86720657348633,8083100,0.0,0.0
2024-09-05 00:00:00-04:00,43.970001220703125,44.029998779296875,42.9900016784668,43.150001525878906,39.437644958496094,5853600,0.0,0.0
2024-09-06 00:00:00-04:00,43.20000076293945,43.54999923706055,41.810001373291016,42.060001373291016,38.44142150878906,8589000,0.0,0.0
2024-09-09 00:00:00-04:00,42.40999984741211,42.810001373291016,42.2400016784668,42.599998474121094,38.934959411621094,8392100,0.0,0.0
2024-09-10 00:00:00-04:00,42.72999954223633,42.7400016784668,41.4900016784668,41.91999816894531,38.3134651184082,9250900,0.0,0.0
2024-09-11 00:00:00-04:00,41.45000076293945,41.7400016784668,40.66999816894531,41.650001525878906,38.06669998168945,7447500,0.0,0.0
2024-09-12 00:00:00-04:00,41.650001525878906,41.95000076293945,41.31999969482422,41.630001068115234,38.04841613769531,7471400,0.0,0.0
2024-09-13 00:00:00-04:00,41.86000061035156,42.209999084472656,41.59000015258789,41.84000015258789,38.2403450012207,9629600,0.0,0.0
2024-09-16 00:00:00-04:00,42.119998931884766,42.369998931884766,41.93000030517578,42.130001068115234,38.50539779663086,10725500,0.0,0.0
2024-09-17 00:00:00-04:00,42.380001068115234,42.599998474121094,41.68000030517578,41.880001068115234,38.27690887451172,7495400,0.0,0.0
2024-09-18 00:00:00-04:00,41.84000015258789,42.77000045776367,41.68000030517578,42.02000045776367,38.40486145019531,6707800,0.0,0.0
2024-09-19 00:00:00-04:00,42.70000076293945,43.290000915527344,42.5,42.93000030517578,39.236576080322266,10786400,0.0,0.0
2024-09-20 00:00:00-04:00,42.72999954223633,42.810001373291016,42.040000915527344,42.31999969482422,38.67905044555664,12828800,0.0,0.0
2024-09-23 00:00:00-04:00,42.380001068115234,42.650001525878906,42.0,42.189998626708984,38.56023406982422,6994200,0.0,0.0
2024-09-24 00:00:00-04:00,42.06999969482422,42.45000076293945,41.72999954223633,41.97999954223633,38.36830520629883,5427600,0.0,0.0
2024-09-25 00:00:00-04:00,41.869998931884766,42.02000045776367,41.45000076293945,41.72999954223633,38.13981246948242,5834300,0.0,0.0
2024-09-26 00:00:00-04:00,42.22999954223633,42.4900016784668,41.75,42.33000183105469,38.688194274902344,6132500,0.0,0.0
2024-09-27 00:00:00-04:00,42.5,42.75,42.0099983215332,42.52000045776367,38.861839294433594,5329400,0.0,0.0
2024-09-30 00:00:00-04:00,42.33000183105469,42.79999923706055,42.040000915527344,42.77000045776367,39.090328216552734,4666100,0.0,0.0
2024-10-01 00:00:00-04:00,42.5099983215332,42.58000183105469,41.33000183105469,41.720001220703125,38.13067626953125,7834900,0.0,0.0
2024-10-02 00:00:00-04:00,41.560001373291016,42.310001373291016,41.560001373291016,41.77000045776367,38.176368713378906,5736200,0.0,0.0
2024-10-03 00:00:00-04:00,41.560001373291016,41.689998626708984,41.08000183105469,41.4900016784668,37.92045593261719,5646400,0.0,0.0
2024-10-04 00:00:00-04:00,42.220001220703125,42.61000061035156,41.9900016784668,42.38999938964844,38.74303436279297,5650800,0.0,0.0
2024-10-07 00:00:00-04:00,42.33000183105469,42.54999923706055,41.630001068115234,42.0,38.38657760620117,7170600,0.0,0.0
2024-10-08 00:00:00-04:00,42.2400016784668,42.47999954223633,41.900001525878906,42.130001068115234,38.50539779663086,5717200,0.0,0.0
2024-10-09 00:00:00-04:00,42.130001068115234,42.90999984741211,42.11000061035156,42.630001068115234,38.962379455566406,5570600,0.0,0.0
2024-10-10 00:00:00-04:00,42.47999954223633,42.84000015258789,42.36000061035156,42.4900016784668,38.83442306518555,5727700,0.0,0.0
2024-10-11 00:00:00-04:00,42.779998779296875,43.4900016784668,42.75,43.2599983215332,39.538177490234375,15639400,0.0,0.0
2024-10-14 00:00:00-04:00,43.29999923706055,43.83000183105469,43.0099983215332,43.59000015258789,39.83978271484375,11344500,0.0,0.0
2024-10-15 00:00:00-04:00,43.900001525878906,44.59000015258789,43.810001373291016,43.90999984741211,40.132259368896484,12720900,0.0,0.0
2024-10-16 00:00:00-04:00,44.33000183105469,44.93000030517578,44.099998474121094,44.529998779296875,40.698909759521484,11453000,0.0,0.0
2024-10-17 00:00:00-04:00,44.11000061035156,44.20000076293945,42.95000076293945,42.95000076293945,39.25484848022461,13570400,0.0,0.0
2024-10-18 00:00:00-04:00,43.5099983215332,43.790000915527344,42.810001373291016,43.66999816894531,39.912906646728516,7666500,0.0,0.0
2024-10-21 00:00:00-04:00,43.29999923706055,43.56999969482422,42.349998474121094,42.43000030517578,38.77959060668945,6925800,0.0,0.0
2024-10-22 00:00:00-04:00,42.540000915527344,43.59000015258789,42.189998626708984,43.38999938964844,39.6569938659668,13622700,0.0,0.0
2024-10-23 00:00:00-04:00,43.16999816894531,43.58000183105469,43.0,43.439998626708984,39.70269012451172,5139600,0.0,0.0
2024-10-24 00:00:00-04:00,43.630001068115234,43.630001068115234,42.88999938964844,43.41999816894531,39.684410095214844,5492900,0.0,0.0
2024-10-25 00:00:00-04:00,43.970001220703125,43.970001220703125,42.52000045776367,42.630001068115234,38.962379455566406,5868700,0.0,0.0
2024-10-28 00:00:00-04:00,42.90999984741211,43.380001068115234,42.70000076293945,43.290000915527344,39.56559753417969,4980400,0.0,0.0
2024-10-29 00:00:00-04:00,43.220001220703125,43.29999923706055,42.90999984741211,43.09000015258789,39.38280487060547,4795100,0.0,0.0
2024-10-30 00:00:00-04:00,42.75,43.810001373291016,42.75,43.310001373291016,39.5838737487793,7066000,0.0,0.0
2024-10-31 00:00:00-04:00,43.04999923706055,43.599998474121094,43.040000915527344,43.04999923706055,39.346248626708984,5773700,0.0,0.0
2024-11-01 00:00:00-04:00,43.33000183105469,43.66999816894531,42.7599983215332,42.81999969482422,39.13603210449219,6304900,0.0,0.0
2024-11-04 00:00:00-05:00,42.75,42.790000915527344,42.040000915527344,42.06999969482422,38.450557708740234,5321400,0.0,0.0
2024-11-05 00:00:00-05:00,42.25,42.720001220703125,42.15999984741211,42.31999969482422,38.67905044555664,5769700,0.0,0.0
2024-11-06 00:00:00-05:00,45.0,47.029998779296875,44.84000015258789,47.0,42.95641326904297,34314800,0.0,0.0
2024-11-07 00:00:00-05:00,46.31999969482422,46.4900016784668,45.68000030517578,46.20000076293945,42.225242614746094,13679300,0.0,0.0
2024-11-08 00:00:00-05:00,45.68000030517578,46.029998779296875,45.15999984741211,45.220001220703125,41.80003356933594,9361900,0.52,0.0
2024-11-11 00:00:00-05:00,45.900001525878906,46.619998931884766,45.7599983215332,46.439998626708984,42.927757263183594,8225300,0.0,0.0
2024-11-12 00:00:00-05:00,46.040000915527344,46.68000030517578,46.02000045776367,46.65999984741211,43.13111877441406,7005700,0.0,0.0
2024-11-13 00:00:00-05:00,46.810001373291016,47.56999969482422,46.4900016784668,46.5099983215332,42.992462158203125,8308800,0.0,0.0
2024-11-14 00:00:00-05:00,46.54999923706055,46.689998626708984,45.97999954223633,46.25,42.752132415771484,5377700,0.0,0.0
2024-11-15 00:00:00-05:00,46.2400016784668,46.95000076293945,46.16999816894531,46.54999923706055,43.02943420410156,5665100,0.0,0.0
2024-11-18 00:00:00-05:00,46.400001525878906,47.029998779296875,46.349998474121094,46.790000915527344,43.25128936767578,5175000,0.0,0.0
2024-11-19 00:00:00-05:00,46.09000015258789,46.81999969482422,46.040000915527344,46.630001068115234,43.1033821105957,6408400,0.0,0.0
2024-11-20 00:00:00-05:00,46.7400016784668,47.16999816894531,46.099998474121094,46.18000030517578,42.68742370605469,11326800,0.0,0.0
2024-11-21 00:00:00-05:00,46.36000061035156,47.150001525878906,46.2599983215332,46.810001373291016,43.269779205322266,9356000,0.0,0.0
2024-11-22 00:00:00-05:00,46.86000061035156,48.060001373291016,46.83000183105469,47.959999084472656,44.332801818847656,8587600,0.0,0.0
2024-11-25 00:00:00-05:00,48.36000061035156,49.060001373291016,48.06999969482422,48.099998474121094,44.46221160888672,9813600,0.0,0.0
2024-11-26 00:00:00-05:00,48.15999984741211,48.290000915527344,47.68000030517578,47.70000076293945,44.092472076416016,7296500,0.0,0.0
2024-11-27 00:00:00-05:00,48.04999923706055,48.310001373291016,47.72999954223633,47.75,44.13869094848633,6619800,0.0,0.0
2024-11-29 00:00:00-05:00,48.0099983215332,48.11000061035156,47.540000915527344,47.68000030517578,44.073978424072266,4588400,0.0,0.0
2024-12-02 00:00:00-05:00,47.900001525878906,47.970001220703125,46.83000183105469,46.97999954223633,43.426918029785156,8346000,0.0,0.0
2024-12-03 00:00:00-05:00,46.88999938964844,47.060001373291016,46.20000076293945,46.43000030517578,42.91851806640625,6863000,0.0,0.0
2024-12-04 00:00:00-05:00,46.56999969482422,46.650001525878906,45.959999084472656,46.220001220703125,42.724403381347656,5702000,0.0,0.0
2024-12-05 00:00:00-05:00,46.459999084472656,47.439998626708984,46.27000045776367,47.16999816894531,43.6025505065918,6923500,0.0,0.0
2024-12-06 00:00:00-05:00,47.220001220703125,47.619998931884766,46.779998779296875,47.2599983215332,43.68574142456055,4849000,0.0,0.0
2024-12-09 00:00:00-05:00,47.20000076293945,47.4900016784668,46.779998779296875,46.79999923706055,43.26053237915039,7355900,0.0,0.0
2024-12-10 00:00:00-05:00,46.84000015258789,47.7599983215332,46.41999816894531,46.459999084472656,42.94624710083008,10123700,0.0,0.0
2024-12-11 00:00:00-05:00,46.79999923706055,46.84000015258789,45.65999984741211,45.65999984741211,42.20674514770508,10208600,0.0,0.0
2024-12-12 00:00:00-05:00,45.709999084472656,45.849998474121094,45.09000015258789,45.720001220703125,42.26221466064453,8251100,0.0,0.0
2024-12-13 00:00:00-05:00,45.790000915527344,45.939998626708984,45.41999816894531,45.779998779296875,42.31767272949219,8230900,0.0,0.0
2024-12-16 00:00:00-05:00,45.84000015258789,45.88999938964844,45.150001525878906,45.290000915527344,41.86473846435547,11068400,0.0,0.0
2024-12-17 00:00:00-05:00,44.939998626708984,45.47999954223633,44.65999984741211,45.130001068115234,41.716835021972656,7813900,0.0,0.0
2024-12-18 00:00:00-05:00,45.2400016784668,45.439998626708984,43.06999969482422,43.11000061035156,39.849609375,8981400,0.0,0.0
2024-12-19 00:00:00-05:00,43.599998474121094,43.86000061035156,42.38999938964844,42.54999923706055,39.33195495605469,7541800,0.0,0.0
2024-12-20 00:00:00-05:00,42.310001373291016,43.68000030517578,42.279998779296875,43.31999969482422,40.04372024536133,14849800,0.0,0.0
2024-12-23 00:00:00-05:00,43.0,43.560001373291016,42.90999984741211,43.540000915527344,40.2470817565918,5013600,0.0,0.0
2024-12-24 00:00:00-05:00,43.540000915527344,43.9900016784668,43.38999938964844,43.9900016784668,40.663055419921875,1742200,0.0,0.0
2024-12-26 00:00:00-05:00,43.66999816894531,44.06999969482422,43.540000915527344,44.0,40.672298431396484,2877100,0.0,0.0
2024-12-27 00:00:00-05:00,43.689998626708984,44.29999923706055,43.459999084472656,43.66999816894531,40.367252349853516,3307200,0.0,0.0
2024-12-30 00:00:00-05:00,43.310001373291016,43.63999938964844,42.88999938964844,43.369998931884766,40.08993911743164,3432500,0.0,0.0
2024-12-31 00:00:00-05:00,43.599998474121094,43.79999923706055,43.2400016784668,43.380001068115234,40.09918975830078,5316200,0.0,0.0
2025-01-02 00:00:00-05:00,43.7400016784668,44.08000183105469,43.13999938964844,43.33000183105469,40.0529670715332,5056600,0.0,0.0
2025-01-03 00:00:00-05:00,43.56999969482422,44.13999938964844,43.060001373291016,44.099998474121094,40.764732360839844,5156400,0.0,0.0
2025-01-06 00:00:00-05:00,44.599998474121094,45.04999923706055,44.0099983215332,44.099998474121094,40.764732360839844,6246400,0.0,0.0
2025-01-07 00:00:00-05:00,44.650001525878906,44.75,43.72999954223633,43.970001220703125,40.64456558227539,7067400,0.0,0.0
2025-01-08 00:00:00-05:00,43.959999084472656,44.25,43.45000076293945,43.95000076293945,40.62607955932617,5727100,0.0,0.0
2025-01-10 00:00:00-05:00,43.31999969482422,43.47999954223633,42.56999969482422,42.779998779296875,39.544559478759766,8002200,0.0,0.0
2025-01-13 00:00:00-05:00,42.689998626708984,43.16999816894531,42.630001068115234,43.119998931884766,39.85885238647461,8693000,0.0,0.0
2025-01-14 00:00:00-05:00,43.5,43.9900016784668,43.2400016784668,43.90999984741211,40.58910369873047,10297800,0.0,0.0
2025-01-15 00:00:00-05:00,45.16999816894531,45.58000183105469,44.970001220703125,45.38999938964844,41.9571647644043,7973700,0.0,0.0
2025-01-16 00:00:00-05:00,44.939998626708984,45.4900016784668,44.439998626708984,44.97999954223633,41.578182220458984,11164600,0.0,0.0
2025-01-17 00:00:00-05:00,47.02000045776367,47.75,46.54999923706055,47.650001525878906,44.04624557495117,15704900,0.0,0.0
2025-01-21 00:00:00-05:00,48.0,48.529998779296875,47.7400016784668,47.88999938964844,44.268096923828125,10278500,0.0,0.0
2025-01-22 00:00:00-05:00,47.72999954223633,47.7400016784668,46.40999984741211,47.0099983215332,43.454654693603516,9029100,0.0,0.0
2025-01-23 00:00:00-05:00,47.04999923706055,47.22999954223633,46.54999923706055,46.7599983215332,43.22356033325195,6453200,0.0,0.0
2025-01-24 00:00:00-05:00,46.5,47.189998626708984,46.45000076293945,47.0,43.44540786743164,6377300,0.0,0.0
2025-01-27 00:00:00-05:00,47.18000030517578,47.619998931884766,47.04999923706055,47.61000061035156,44.00926971435547,4999800,0.0,0.0
2025-01-28 00:00:00-05:00,47.459999084472656,47.72999954223633,46.83000183105469,47.27000045776367,43.69499588012695,3848100,0.0,0.0
2025-01-29 00:00:00-05:00,47.25,48.189998626708984,47.2400016784668,47.439998626708984,43.85213088989258,5712500,0.0,0.0
2025-01-30 00:00:00-05:00,48.0,48.45000076293945,47.720001220703125,48.02000045776367,44.38827133178711,7772400,0.0,0.0
2025-01-31 00:00:00-05:00,48.06999969482422,48.36000061035156,47.45000076293945,47.619998931884766,44.018516540527344,12372000,0.0,0.0
2025-02-03 00:00:00-05:00,46.650001525878906,47.13999938964844,45.84000015258789,46.88999938964844,43.343727111816406,7494100,0.0,0.0
2025-02-04 00:00:00-05:00,46.88999938964844,47.56999969482422,46.849998474121094,47.380001068115234,43.796669006347656,4684500,0.0,0.0
2025-02-05 00:00:00-05:00,47.77000045776367,47.810001373291016,47.09000015258789,47.66999816894531,44.06473159790039,4238800,0.0,0.0
2025-02-06 00:00:00-05:00,48.189998626708984,48.25,47.470001220703125,48.150001525878906,44.50843048095703,13659300,0.0,0.0
2025-02-07 00:00:00-05:00,48.20000076293945,48.27000045776367,47.47999954223633,47.68000030517578,44.073978424072266,8008300,0.0,0.0
2025-02-10 00:00:00-05:00,47.68000030517578,47.720001220703125,46.939998626708984,47.150001525878906,43.58406066894531,6494800,0.0,0.0
2025-02-11 00:00:00-05:00,46.97999954223633,47.5099983215332,46.77000045776367,47.34000015258789,43.75969696044922,5957500,0.0,0.0
2025-02-12 00:00:00-05:00,46.75,46.849998474121094,46.11000061035156,46.380001068115234,42.87229919433594,5553600,0.0,0.0
2025-02-13 00:00:00-05:00,46.4900016784668,46.65999984741211,46.099998474121094,46.459999084472656,42.94624710083008,4566300,0.0,0.0
2025-02-14 00:00:00-05:00,46.119998931884766,46.86000061035156,45.779998779296875,46.810001373291016,43.75955581665039,5376200,0.52,0.0
2025-02-18 00:00:00-05:00,46.86000061035156,47.63999938964844,46.56999969482422,47.61000061035156,44.50741958618164,8662000,0.0,0.0
2025-02-19 00:00:00-05:00,47.18000030517578,47.77000045776367,47.0099983215332,47.529998779296875,44.4326286315918,5871100,0.0,0.0
2025-02-20 00:00:00-05:00,47.540000915527344,47.599998474121094,45.869998931884766,46.650001525878906,43.609981536865234,5599900,0.0,0.0
2025-02-21 00:00:00-05:00,46.880001068115234,46.880001068115234,45.529998779296875,45.65999984741211,42.68449401855469,5845200,0.0,0.0
2025-02-24 00:00:00-05:00,46.02000045776367,46.04999923706055,45.130001068115234,45.34000015258789,42.385345458984375,5969300,0.0,0.0
2025-02-25 00:00:00-05:00,45.689998626708984,45.97999954223633,44.790000915527344,45.150001525878906,42.20773696899414,5588900,0.0,0.0
2025-02-26 00:00:00-05:00,45.459999084472656,45.689998626708984,45.11000061035156,45.34000015258789,42.385345458984375,5120000,0.0,0.0
2025-02-27 00:00:00-05:00,45.5,46.119998931884766,45.29999923706055,45.709999084472656,42.73123550415039,5762900,0.0,0.0
2025-02-28 00:00:00-05:00,46.04999923706055,46.380001068115234,45.70000076293945,46.349998474121094,43.329524993896484,7194500,0.0,0.0
2025-03-03 00:00:00-05:00,46.540000915527344,46.91999816894531,45.04999923706055,45.43000030517578,42.469486236572266,8882000,0.0,0.0
2025-03-04 00:00:00-05:00,44.810001373291016,45.0,42.95000076293945,43.7599983215332,40.90830993652344,9627700,0.0,0.0
2025-03-05 00:00:00-05:00,43.900001525878906,44.45000076293945,42.689998626708984,43.11000061035156,40.3006706237793,12863600,0.0,0.0
2025-03-06 00:00:00-05:00,42.5,42.630001068115234,41.65999984741211,42.2400016784668,39.487361907958984,7319500,0.0,0.0
2025-03-07 00:00:00-05:00,42.02000045776367,42.36000061035156,40.95000076293945,42.189998626708984,39.44062423706055,8470700,0.0,0.0
2025-03-10 00:00:00-04:00,41.279998779296875,41.439998626708984,39.66999816894531,40.369998931884766,37.73922348022461,11406100,0.0,0.0
2025-03-11 00:00:00-04:00,40.279998779296875,40.7599983215332,39.5099983215332,39.90999984741211,37.309200286865234,9840900,0.0,0.0
2025-03-12 00:00:00-04:00,40.40999984741211,40.58000183105469,39.56999969482422,39.84000015258789,37.2437629699707,17943100,0.0,0.0
2025-03-13 00:00:00-04:00,40.09000015258789,40.15999984741211,39.40999984741211,39.47999954223633,36.90721893310547,10391100,0.0,0.0
2025-03-14 00:00:00-04:00,39.97999954223633,40.630001068115234,39.72999954223633,40.54999923706055,37.90748977661133,13626300,0.0,0.0
2025-03-17 00:00:00-04:00,40.31999969482422,41.36000061035156,40.31999969482422,41.04999923706055,38.374916076660156,8183600,0.0,0.0
2025-03-18 00:00:00-04:00,41.02000045776367,41.189998626708984,40.5,40.849998474121094,38.18794250488281,10511600,0.0,0.0
2025-03-19 00:00:00-04:00,40.90999984741211,41.630001068115234,40.630001068115234,41.27000045776367,38.58057403564453,8021900,0.0,0.0
2025-03-20 00:00:00-04:00,40.86000061035156,41.66999816894531,40.77000045776367,41.33000183105469,38.63666915893555,6124300,0.0,0.0
2025-03-21 00:00:00-04:00,41.11000061035156,41.43000030517578,40.650001525878906,41.41999816894531,38.72079849243164,16829400,0.0,0.0
2025-03-24 00:00:00-04:00,41.91999816894531,42.34000015258789,41.77000045776367,42.150001525878906,39.40323257446289,8635700,0.0,0.0
2025-03-25 00:00:00-04:00,42.2400016784668,42.43000030517578,41.93000030517578,42.0,39.26300048828125,9103600,0.0,0.0
2025-03-26 00:00:00-04:00,42.099998474121094,42.72999954223633,41.7599983215332,41.97999954223633,39.24430847167969,6177000,0.0,0.0
2025-03-27 00:00:00-04:00,41.900001525878906,41.900001525878906,41.25,41.400001525878906,38.70210266113281,4854300,0.0,0.0
2025-03-28 00:00:00-04:00,41.16999816894531,41.529998779296875,40.27000045776367,40.459999084472656,37.8233642578125,7361300,0.0,0.0
2025-03-31 00:00:00-04:00,40.220001220703125,41.31999969482422,39.970001220703125,41.150001525878906,38.4683952331543,8679200,0.0,0.0
2025-04-01 00:00:00-04:00,40.779998779296875,41.349998474121094,40.439998626708984,41.02000045776367,38.346866607666016,6561000,0.0,0.0
2025-04-02 00:00:00-04:00,40.310001373291016,41.630001068115234,40.29999923706055,41.560001373291016,38.85167694091797,8446100,0.0,0.0
2025-04-03 00:00:00-04:00,39.290000915527344,39.709999084472656,37.02000045776367,37.040000915527344,34.6262321472168,17871800,0.0,0.0
2025-04-04 00:00:00-04:00,35.52000045776367,35.810001373291016,33.709999084472656,34.790000915527344,32.522857666015625,21423200,0.0,0.0
2025-04-07 00:00:00-04:00,34.0,36.84000015258789,33.560001373291016,35.13999938964844,32.85004806518555,32030300,0.0,0.0
2025-04-08 00:00:00-04:00,36.33000183105469,37.08000183105469,34.349998474121094,34.91999816894531,32.64438247680664,17908100,0.0,0.0
2025-04-09 00:00:00-04:00,34.189998626708984,38.22999954223633,33.81999969482422,37.9900016784668,35.514320373535156,31112900,0.0,0.0
2025-04-10 00:00:00-04:00,36.880001068115234,36.970001220703125,34.58000183105469,35.63999938964844,33.31746292114258,17346800,0.0,0.0
2025-04-11 00:00:00-04:00,35.33000183105469,35.650001525878906,34.52000045776367,35.38999938964844,33.08375549316406,18557800,0.0,0.0
2025-04-14 00:00:00-04:00,36.13999938964844,36.470001220703125,35.619998931884766,36.18000030517578,33.8222770690918,12193800,0.0,0.0
2025-04-15 00:00:00-04:00,36.290000915527344,37.06999969482422,36.290000915527344,36.4900016784668,34.1120719909668,9309600,0.0,0.0
2025-04-16 00:00:00-04:00,36.220001220703125,36.66999816894531,35.529998779296875,36.0,33.65400695800781,11090100,0.0,0.0
2025-04-17 00:00:00-04:00,35.11000061035156,36.54999923706055,35.06999969482422,35.900001525878906,33.560523986816406,15140800,0.0,0.0
2025-04-21 00:00:00-04:00,35.5,35.65999984741211,35.0,35.310001373291016,33.008968353271484,10062600,0.0,0.0
2025-04-22 00:00:00-04:00,35.790000915527344,36.400001525878906,35.66999816894531,36.34000015258789,33.97184371948242,7413700,0.0,0.0
2025-04-23 00:00:00-04:00,37.31999969482422,38.40999984741211,37.02000045776367,37.13999938964844,34.71971893310547,8600500,0.0,0.0
2025-04-24 00:00:00-04:00,37.0,38.09000015258789,36.83000183105469,37.900001525878906,35.4301872253418,8135300,0.0,0.0
2025-04-25 00:00:00-04:00,37.61000061035156,37.970001220703125,37.470001220703125,37.66999816894531,35.215171813964844,6388900,0.0,0.0
2025-04-28 00:00:00-04:00,37.75,38.459999084472656,37.70000076293945,38.34000015258789,35.841514587402344,10765500,0.0,0.0
2025-04-29 00:00:00-04:00,38.09000015258789,39.029998779296875,38.09000015258789,38.7599983215332,36.2341423034668,10905000,0.0,0.0
2025-04-30 00:00:00-04:00,38.0,38.47999954223633,37.5099983215332,38.34000015258789,35.841514587402344,7394600,0.0,0.0
2025-05-01 00:00:00-04:00,38.310001373291016,38.91999816894531,38.15999984741211,38.59000015258789,36.07522201538086,5512100,0.0,0.0
2025-05-02 00:00:00-04:00,39.38999938964844,39.59000015258789,38.869998931884766,39.470001220703125,36.89787673950195,7950100,0.0,0.0
2025-05-05 00:00:00-04:00,39.06999969482422,39.869998931884766,39.02000045776367,39.349998474121094,36.78569412231445,5954400,0.0,0.0
2025-05-06 00:00:00-04:00,38.880001068115234,39.459999084472656,38.7599983215332,38.970001220703125,36.43046188354492,7528100,0.0,0.0
2025-05-07 00:00:00-04:00,39.2599983215332,39.47999954223633,38.54999923706055,38.709999084472656,36.187400817871094,10077400,0.0,0.0
2025-05-08 00:00:00-04:00,39.27000045776367,39.790000915527344,38.91999816894531,39.560001373291016,36.98200988769531,7294500,0.0,0.0
2025-05-09 00:00:00-04:00,39.27000045776367,39.31999969482422,38.849998474121094,39.0099983215332,36.95359420776367,7187600,0.52,0.0
2025-05-12 00:00:00-04:00,40.77000045776367,41.459999084472656,40.27000045776367,41.119998931884766,38.952362060546875,9839100,0.0,0.0
2025-05-13 00:00:00-04:00,41.25,41.4900016784668,41.04999923706055,41.349998474121094,39.17024230957031,6852600,0.0,0.0
2025-05-14 00:00:00-04:00,41.16999816894531,41.369998931884766,41.0099983215332,41.22999954223633,39.05656433105469,6462000,0.0,0.0
2025-05-15 00:00:00-04:00,40.97999954223633,41.310001373291016,40.84000015258789,41.18000030517578,39.00920104980469,6487900,0.0,0.0
2025-05-16 00:00:00-04:00,41.16999816894531,41.439998626708984,40.849998474121094,41.400001525878906,39.21760559082031,4786100,0.0,0.0
2025-05-19 00:00:00-04:00,41.0099983215332,41.4900016784668,40.849998474121094,41.400001525878906,39.21760559082031,6270400,0.0,0.0
2025-05-20 00:00:00-04:00,41.290000915527344,41.349998474121094,40.439998626708984,40.68000030517578,38.53555679321289,11772600,0.0,0.0
2025-05-21 00:00:00-04:00,40.25,40.34000015258789,39.119998931884766,39.119998931884766,37.05779266357422,8347600,0.0,0.0
2025-05-22 00:00:00-04:00,39.029998779296875,39.650001525878906,38.84000015258789,39.4900016784668,37.408287048339844,10461100,0.0,0.0
2025-05-23 00:00:00-04:00,38.5,39.38999938964844,38.27000045776367,39.279998779296875,37.20935821533203,7395100,0.0,0.0
2025-05-27 00:00:00-04:00,39.79999923706055,40.029998779296875,39.31999969482422,40.029998779296875,37.91981887817383,5675200,0.0,0.0
2025-05-28 00:00:00-04:00,39.970001220703125,40.150001525878906,39.290000915527344,39.34000015258789,37.26619338989258,8111100,0.0,0.0
2025-05-29 00:00:00-04:00,39.650001525878906,39.72999954223633,39.08000183105469,39.599998474121094,37.512489318847656,6824100,0.0,0.0
2025-05-30 00:00:00-04:00,39.34000015258789,39.68000030517578,39.18000030517578,39.5,37.41775894165039,10481000,0.0,0.0
2025-06-02 00:00:00-04:00,39.209999084472656,39.40999984741211,38.66999816894531,39.22999954223633,37.16199493408203,7597100,0.0,0.0
2025-06-03 00:00:00-04:00,39.20000076293945,39.77000045776367,38.93000030517578,39.619998931884766,37.531436920166016,9616400,0.0,0.0
2025-06-04 00:00:00-04:00,39.619998931884766,39.970001220703125,39.47999954223633,39.5099983215332,37.42723846435547,6465600,0.0,0.0
2025-06-05 00:00:00-04:00,39.61000061035156,39.7599983215332,39.119998931884766,39.630001068115234,37.54090881347656,8551300,0.0,0.0
2025-06-06 00:00:00-04:00,40.27000045776367,40.68000030517578,40.13999938964844,40.65999984741211,38.5166130065918,5710600,0.0,0.0
2025-06-09 00:00:00-04:00,40.88999938964844,41.04999923706055,40.40999984741211,40.45000076293945,38.31768035888672,5969000,0.0,0.0
2025-06-10 00:00:00-04:00,40.400001525878906,40.95000076293945,40.310001373291016,40.72999954223633,38.582923889160156,4643500,0.0,0.0
2025-06-11 00:00:00-04:00,40.779998779296875,40.959999084472656,40.20000076293945,40.2599983215332,38.137699127197266,7284600,0.0,0.0
2025-06-12 00:00:00-04:00,40.0,40.0099983215332,39.4900016784668,39.939998626708984,37.83456802368164,5565600,0.0,0.0
2025-06-13 00:00:00-04:00,39.47999954223633,39.58000183105469,38.84000015258789,38.970001220703125,36.915706634521484,6465700,0.0,0.0
2025-06-16 00:00:00-04:00,39.5,39.65999984741211,39.130001068115234,39.38999938964844,37.313560485839844,6628200,0.0,0.0
2025-06-17 00:00:00-04:00,39.040000915527344,39.41999816894531,38.880001068115234,39.029998779296875,36.972537994384766,6678300,0.0,0.0
2025-06-18 00:00:00-04:00,39.0099983215332,39.9900016784668,38.939998626708984,39.810001373291016,37.71142578125,7132900,0.0,0.0
2025-06-20 00:00:00-04:00,39.97999954223633,40.310001373291016,39.939998626708984,40.279998779296875,38.15664291381836,10243100,0.0,0.0
2025-06-23 00:00:00-04:00,40.06999969482422,41.119998931884766,39.9900016784668,41.04999923706055,38.886051177978516,7218900,0.0,0.0
2025-06-24 00:00:00-04:00,41.45000076293945,41.86000061035156,41.38999938964844,41.45000076293945,39.26496887207031,8900800,0.0,0.0
2025-06-25 00:00:00-04:00,41.41999816894531,41.560001373291016,41.130001068115234,41.400001525878906,39.21760559082031,6152100,0.0,0.0
2025-06-26 00:00:00-04:00,41.7599983215332,42.59000015258789,41.599998474121094,42.540000915527344,40.29751205444336,7022400,0.0,0.0
2025-06-27 00:00:00-04:00,42.79999923706055,42.93000030517578,42.369998931884766,42.61000061035156,40.36381912231445,8256000,0.0,0.0
2025-06-30 00:00:00-04:00,42.88999938964844,43.25,42.75,42.9900016784668,40.723793029785156,7689200,0.0,0.0
2025-07-01 00:00:00-04:00,42.81999969482422,44.400001525878906,42.7400016784668,44.20000076293945,41.8700065612793,8296500,0.0,0.0
2025-07-02 00:00:00-04:00,44.400001525878906,45.08000183105469,44.130001068115234,45.029998779296875,42.65625,6873600,0.0,0.0
2025-07-03 00:00:00-04:00,45.25,45.790000915527344,45.13999938964844,45.540000915527344,43.139366149902344,5612400,0.0,0.0
2025-07-07 00:00:00-04:00,45.34000015258789,45.84000015258789,44.91999816894531,45.15999984741211,42.77939987182617,7073000,0.0,0.0
2025-07-08 00:00:00-04:00,45.209999084472656,45.77000045776367,45.209999084472656,45.400001525878906,43.006744384765625,10677400,0.0,0.0
2025-07-09 00:00:00-04:00,45.43000030517578,45.790000915527344,45.0099983215332,45.15999984741211,42.77939987182617,8841800,0.0,0.0
2025-07-10 00:00:00-04:00,45.209999084472656,45.900001525878906,45.11000061035156,45.5,43.101470947265625,6822300,0.0,0.0
2025-07-11 00:00:00-04:00,45.040000915527344,45.790000915527344,44.88999938964844,45.43000030517578,43.03516387939453,8319500,0.0,0.0
2025-07-14 00:00:00-04:00,45.34000015258789,45.689998626708984,45.220001220703125,45.66999816894531,43.262508392333984,7394000,0.0,0.0
2025-07-15 00:00:00-04:00,45.41999816894531,45.779998779296875,44.33000183105469,44.369998931884766,42.03104019165039,8767400,0.0,0.0
2025-07-16 00:00:00-04:00,44.66999816894531,44.810001373291016,43.81999969482422,44.36000061035156,42.021568298339844,11340200,0.0,0.0
2025-07-17 00:00:00-04:00,44.380001068115234,45.15999984741211,44.33000183105469,45.0099983215332,42.63730239868164,11042100,0.0,0.0
2025-07-18 00:00:00-04:00,45.29999923706055,45.29999923706055,44.0,44.25,41.9173698425293,13739000,0.0,0.0
2025-07-21 00:00:00-04:00,44.47999954223633,45.5099983215332,44.43000030517578,44.72999954223633,42.372066497802734,9884400,0.0,0.0
2025-07-22 00:00:00-04:00,44.93000030517578,45.29999923706055,44.58000183105469,45.209999084472656,42.826759338378906,7226500,0.0,0.0
2025-07-23 00:00:00-04:00,45.4900016784668,46.0,45.220001220703125,45.81999969482422,43.404605865478516,10246200,0.0,0.0
2025-07-24 00:00:00-04:00,45.84000015258789,46.130001068115234,45.459999084472656,45.47999954223633,43.08252716064453,6648400,0.0,0.0
2025-07-25 00:00:00-04:00,45.540000915527344,45.70000076293945,44.81999969482422,45.650001525878906,43.243568420410156,6278600,0.0,0.0
2025-07-28 00:00:00-04:00,45.59000015258789,45.70000076293945,44.83000183105469,45.09000015258789,42.71308898925781,5658500,0.0,0.0
2025-07-29 00:00:00-04:00,45.31999969482422,45.349998474121094,44.68000030517578,44.72999954223633,42.372066497802734,5090200,0.0,0.0
2025-07-30 00:00:00-04:00,44.939998626708984,44.959999084472656,43.88999938964844,44.2599983215332,41.92683792114258,5372500,0.0,0.0
2025-07-31 00:00:00-04:00,44.0,44.290000915527344,43.59000015258789,43.709999084472656,41.40583038330078,8718100,0.0,0.0
2025-08-01 00:00:00-04:00,42.91999816894531,43.040000915527344,41.97999954223633,42.959999084472656,40.695369720458984,8456100,0.0,0.0
2025-08-04 00:00:00-04:00,43.25,43.52000045776367,42.970001220703125,43.40999984741211,41.12165069580078,7175400,0.0,0.0
2025-08-05 00:00:00-04:00,43.58000183105469,43.63999938964844,42.689998626708984,43.41999816894531,41.13111877441406,4688500,0.0,0.0
2025-08-06 00:00:00-04:00,43.619998931884766,43.630001068115234,43.0,43.0099983215332,40.74272918701172,4540900,0.0,0.0
2025-08-07 00:00:00-04:00,43.43000030517578,43.439998626708984,42.52000045776367,42.849998474121094,40.59116744995117,5936900,0.0,0.0
2025-08-08 00:00:00-04:00,42.650001525878906,43.290000915527344,42.310001373291016,43.06999969482422,41.3007698059082,5314100,0.52,0.0
2025-08-11 00:00:00-04:00,43.02000045776367,43.349998474121094,42.59000015258789,42.83000183105469,41.07062911987305,5693900,0.0,0.0
2025-08-12 00:00:00-04:00,43.209999084472656,44.06999969482422,43.099998474121094,44.0099983215332,42.20215606689453,8368800,0.0,0.0
2025-08-13 00:00:00-04:00,44.25,44.880001068115234,43.90999984741211,44.810001373291016,42.96929168701172,8715500,0.0,0.0
2025-08-14 00:00:00-04:00,44.439998626708984,45.08000183105469,44.09000015258789,44.95000076293945,43.10354232788086,4967300,0.0,0.0
2025-08-15 00:00:00-04:00,45.04999923706055,45.04999923706055,44.400001525878906,44.41999816894531,42.595314025878906,6876900,0.0,0.0
2025-08-18 00:00:00-04:00,44.209999084472656,44.45000076293945,44.099998474121094,44.33000183105469,42.50901412963867,5203700,0.0,0.0
2025-08-19 00:00:00-04:00,44.33000183105469,44.7400016784668,43.9900016784668,44.18000030517578,42.365177154541016,6074800,0.0,0.0
2025-08-20 00:00:00-04:00,44.31999969482422,44.65999984741211,44.099998474121094,44.38999938964844,42.56654357910156,5170800,0.0,0.0
2025-08-21 00:00:00-04:00,43.79999923706055,44.22999954223633,43.75,44.06999969482422,42.25968551635742,5951300,0.0,0.0
2025-08-22 00:00:00-04:00,44.349998474121094,46.0,44.2400016784668,45.90999984741211,44.024105072021484,6669000,0.0,0.0
2025-08-25 00:00:00-04:00,45.79999923706055,46.029998779296875,45.65999984741211,45.72999954223633,43.85150146484375,8060500,0.0,0.0
2025-08-26 00:00:00-04:00,45.59000015258789,46.439998626708984,45.349998474121094,46.36000061035156,44.455623626708984,9406500,0.0,0.0
2025-08-27 00:00:00-04:00,46.209999084472656,46.90999984741211,46.20000076293945,46.779998779296875,44.858367919921875,8546300,0.0,0.0
2025-08-28 00:00:00-04:00,47.0,47.0,46.540000915527344,46.790000915527344,44.867958068847656,8817600,0.0,0.0
2025-08-29 00:00:00-04:00,46.77000045776367,47.13999938964844,46.70000076293945,46.81999969482422,44.896724700927734,9363000,0.0,0.0
2025-09-02 00:00:00-04:00,46.38999938964844,46.5,45.81999969482422,46.41999816894531,44.51315689086914,6963800,0.0,0.0
2025-09-03 00:00:00-04:00,46.31999969482422,46.68000030517578,45.849998474121094,46.40999984741211,44.50356674194336,5456700,0.0,0.0
2025-09-04 00:00:00-04:00,46.689998626708984,47.09000015258789,46.38999938964844,47.06999969482422,45.136451721191406,5621200,0.0,0.0
2025-09-05 00:00:00-04:00,47.220001220703125,47.459999084472656,46.2400016784668,46.52000045776367,44.60905075073242,7854800,0.0,0.0
2025-09-08 00:00:00-04:00,46.560001373291016,46.58000183105469,45.59000015258789,46.0099983215332,44.1199951171875,6170000,0.0,0.0
2025-09-09 00:00:00-04:00,45.900001525878906,46.2599983215332,45.11000061035156,45.290000915527344,43.4295768737793,12564900,0.0,0.0
2025-09-10 00:00:00-04:00,45.2400016784668,45.43000030517578,44.81999969482422,45.119998931884766,43.26655960083008,10523700,0.0,0.0
2025-09-11 00:00:00-04:00,45.09000015258789,45.43000030517578,44.880001068115234,45.29999923706055,43.43916320800781,7388600,0.0,0.0
2025-09-12 00:00:00-04:00,45.18000030517578,45.380001068115234,44.900001525878906,45.20000076293945,43.3432731628418,8029400,0.0,0.0
2025-09-15 00:00:00-04:00,45.25,45.38999938964844,44.58000183105469,44.779998779296875,42.94052505493164,6904000,0.0,0.0
2025-09-16 00:00:00-04:00,44.810001373291016,44.970001220703125,43.9900016784668,44.560001373291016,42.72956085205078,6036900,0.0,0.0
2025-09-17 00:00:00-04:00,44.599998474121094,45.900001525878906,44.5099983215332,45.380001068115234,43.5158805847168,9131600,0.0,0.0
2025-09-18 00:00:00-04:00,45.470001220703125,46.18000030517578,45.220001220703125,46.08000183105469,44.18712615966797,7483900,0.0,0.0
2025-09-19 00:00:00-04:00,46.029998779296875,46.119998931884766,45.59000015258789,45.9900016784668,44.10082244873047,19223400,0.0,0.0
2025-09-22 00:00:00-04:00,45.599998474121094,45.90999984741211,45.15999984741211,45.38999938964844,43.52546691894531,6339500,0.0,0.0
2025-09-23 00:00:00-04:00,45.52000045776367,46.209999084472656,45.439998626708984,45.70000076293945,43.82273483276367,8004000,0.0,0.0
2025-09-24 00:00:00-04:00,45.810001373291016,47.25,45.47999954223633,45.88999938964844,44.00492858886719,8221100,0.0,0.0
2025-09-25 00:00:00-04:00,45.61000061035156,46.02000045776367,45.38999938964844,45.7400016784668,43.86109161376953,5384300,0.0,0.0
2025-09-26 00:00:00-04:00,45.9900016784668,46.369998931884766,45.63999938964844,46.02000045776367,44.12958908081055,4366400,0.0,0.0
2025-09-29 00:00:00-04:00,46.33000183105469,46.33000183105469,45.43000030517578,45.91999816894531,44.03369140625,4902800,0.0,0.0
2025-09-30 00:00:00-04:00,45.7400016784668,46.02000045776367,44.790000915527344,45.720001220703125,43.84191131591797,9721700,0.0,0.0
2025-10-01 00:00:00-04:00,45.36000061035156,45.84000015258789,45.34000015258789,45.56999969482422,43.69807434082031,7257800,0.0,0.0
2025-10-02 00:00:00-04:00,45.54999923706055,45.81999969482422,45.189998626708984,45.36000061035156,43.496700286865234,5396500,0.0,0.0
2025-10-03 00:00:00-04:00,45.47999954223633,46.04999923706055,45.369998931884766,45.52000045776367,43.65013122558594,6539600,0.0,0.0
2025-10-06 00:00:00-04:00,45.560001373291016,46.369998931884766,45.0099983215332,45.33000183105469,43.467933654785156,9665800,0.0,0.0
2025-10-07 00:00:00-04:00,45.650001525878906,45.97999954223633,45.13999938964844,45.20000076293945,43.3432731628418,6460300,0.0,0.0
2025-10-08 00:00:00-04:00,45.15999984741211,45.27000045776367,44.060001373291016,44.13999938964844,42.326812744140625,6915600,0.0,0.0
2025-10-09 00:00:00-04:00,44.41999816894531,44.45000076293945,43.790000915527344,44.25,42.43229675292969,6963400,0.0,0.0
2025-10-10 00:00:00-04:00,44.380001068115234,44.5,42.29999923706055,42.310001373291016,40.57198715209961,8512300,0.0,0.0
2025-10-13 00:00:00-04:00,43.0,43.18000030517578,42.58000183105469,42.95000076293945,41.185699462890625,7160200,0.0,0.0
2025-10-14 00:00:00-04:00,42.63999938964844,44.2400016784668,42.599998474121094,43.93000030517578,42.12544250488281,10230700,0.0,0.0
2025-10-15 00:00:00-04:00,44.06999969482422,44.130001068115234,42.849998474121094,43.2599983215332,41.48296356201172,8881100,0.0,0.0
2025-10-16 00:00:00-04:00,43.08000183105469,43.2599983215332,40.779998779296875,41.09000015258789,39.402103424072266,15162200,0.0,0.0
2025-10-17 00:00:00-04:00,42.0,42.869998931884766,41.599998474121094,42.599998474121094,40.850074768066406,19866300,0.0,0.0
2025-10-20 00:00:00-04:00,43.11000061035156,43.630001068115234,42.70000076293945,43.45000076293945,41.6651611328125,8580600,0.0,0.0
2025-10-21 00:00:00-04:00,44.060001373291016,44.099998474121094,43.630001068115234,43.83000183105469,42.0295524597168,8726200,0.0,0.0
2025-10-22 00:00:00-04:00,44.06999969482422,44.29999923706055,43.5,43.599998474121094,41.80899429321289,8417400,0.0,0.0
2025-10-23 00:00:00-04:00,43.619998931884766,43.90999984741211,43.41999816894531,43.61000061035156,41.81858825683594,6909700,0.0,0.0
2025-10-24 00:00:00-04:00,44.06999969482422,44.5,43.95000076293945,44.189998626708984,42.374755859375,5824500,0.0,0.0
2025-10-27 00:00:00-04:00,44.400001525878906,44.869998931884766,44.220001220703125,44.630001068115234,42.79668426513672,9207000,0.0,0.0
2025-10-28 00:00:00-04:00,44.5,44.65999984741211,44.11000061035156,44.33000183105469,42.50901412963867,7056800,0.0,0.0
2025-10-29 00:00:00-04:00,44.0,44.56999969482422,43.65999984741211,43.90999984741211,42.106266021728516,9490600,0.0,0.0
2025-10-30 00:00:00-04:00,43.880001068115234,44.939998626708984,43.84000015258789,44.34000015258789,42.51860046386719,7313100,0.0,0.0
2025-10-31 00:00:00-04:00,44.189998626708984,44.75,43.90999984741211,44.630001068115234,42.79668426513672,6214300,0.0,0.0
2025-11-03 00:00:00-05:00,44.400001525878906,44.470001220703125,43.70000076293945,44.220001220703125,42.40353012084961,12313300,0.0,0.0
2025-11-04 00:00:00-05:00,43.91999816894531,44.220001220703125,43.400001525878906,43.72999954223633,41.933658599853516,12371600,0.0,0.0
2025-11-05 00:00:00-05:00,43.650001525878906,44.470001220703125,43.369998931884766,44.060001373291016,42.25010681152344,9574600,0.0,0.0
2025-11-06 00:00:00-05:00,43.93000030517578,44.540000915527344,43.83000183105469,44.0099983215332,42.20215606689453,6387700,0.0,0.0
2025-11-07 00:00:00-05:00,43.75,44.7400016784668,43.630001068115234,44.7400016784668,42.90217208862305,6741100,0.0,0.0
2025-11-10 00:00:00-05:00,44.880001068115234,45.290000915527344,44.560001373291016,45.119998931884766,43.26655960083008,6576800,0.0,0.0
2025-11-11 00:00:00-05:00,45.2599983215332,45.54999923706055,44.97999954223633,45.310001373291016,43.448753356933594,4798800,0.0,0.0
2025-11-12 00:00:00-05:00,45.400001525878906,46.290000915527344,45.310001373291016,45.63999938964844,43.76519775390625,8622600,0.0,0.0
2025-11-13 00:00:00-05:00,45.5,45.970001220703125,45.15999984741211,45.33000183105469,43.467933654785156,11444900,0.0,0.0
2025-11-14 00:00:00-05:00,44.75,45.13999938964844,44.209999084472656,44.86000061035156,43.51643371582031,7258400,0.52,0.0
2025-11-17 00:00:00-05:00,44.86000061035156,45.02000045776367,43.7400016784668,43.91999816894531,42.604583740234375,9530400,0.0,0.0
2025-11-18 00:00:00-05:00,43.70000076293945,44.75,43.58000183105469,44.34000015258789,43.01200866699219,6656200,0.0,0.0
2025-11-19 00:00:00-05:00,44.40999984741211,44.7400016784668,44.2400016784668,44.650001525878906,43.31272888183594,5998900,0.0,0.0
2025-11-20 00:00:00-05:00,45.0,45.779998779296875,44.29999923706055,44.400001525878906,43.070213317871094,8232100,0.0,0.0
2025-11-21 00:00:00-05:00,44.61000061035156,45.959999084472656,44.56999969482422,45.47999954223633,44.11786651611328,9239000,0.0,0.0
2025-11-24 00:00:00-05:00,45.38999938964844,45.72999954223633,45.15999984741211,45.5,44.13726806640625,11189400,0.0,0.0
2025-11-25 00:00:00-05:00,45.75,46.59000015258789,45.66999816894531,46.31999969482422,44.932708740234375,7575600,0.0,0.0
2025-11-26 00:00:00-05:00,46.220001220703125,46.65999984741211,46.220001220703125,46.2400016784668,44.855106353759766,5988200,0.0,0.0
2025-11-28 00:00:00-05:00,46.40999984741211,46.63999938964844,46.209999084472656,46.5,45.10731887817383,3930000,0.0,0.0
2025-12-01 00:00:00-05:00,46.4900016784668,47.11000061035156,46.369998931884766,46.56999969482422,45.17522430419922,8937600,0.0,0.0
2025-12-02 00:00:00-05:00,46.75,46.75,46.310001373291016,46.47999954223633,45.08791732788086,4645000,0.0,0.0
2025-12-03 00:00:00-05:00,46.5,47.459999084472656,46.47999954223633,47.41999816894531,45.999759674072266,5471900,0.0,0.0
2025-12-04 00:00:00-05:00,47.40999984741211,47.86000061035156,47.310001373291016,47.540000915527344,46.11616897583008,7882300,0.0,0.0
2025-12-05 00:00:00-05:00,47.38999938964844,47.880001068115234,47.29999923706055,47.529998779296875,46.106468200683594,5196700,0.0,0.0
2025-12-08 00:00:00-05:00,47.689998626708984,47.81999969482422,47.310001373291016,47.70000076293945,46.27137756347656,7837400,0.0,0.0
2025-12-09 00:00:00-05:00,47.70000076293945,48.54999923706055,47.70000076293945,47.91999816894531,46.48478698730469,8344400,0.0,0.0
2025-12-10 00:00:00-05:00,47.95000076293945,49.63999938964844,47.91999816894531,49.560001373291016,48.07566833496094,10268800,0.0,0.0
2025-12-11 00:00:00-05:00,49.11000061035156,50.2599983215332,49.029998779296875,49.70000076293945,48.21147918701172,9095200,0.0,0.0
2025-12-12 00:00:00-05:00,50.0,50.0,49.5,49.88999938964844,48.39578628540039,11452600,0.0,0.0
2025-12-15 00:00:00-05:00,50.2400016784668,50.43000030517578,49.650001525878906,49.7400016784668,48.25027847290039,6284900,0.0,0.0
2025-12-16 00:00:00-05:00,49.720001220703125,49.83000183105469,49.06999969482422,49.709999084472656,48.22117233276367,9056800,0.0,0.0
2025-12-17 00:00:00-05:00,49.900001525878906,50.38999938964844,49.66999816894531,50.150001525878906,48.64800262451172,8882100,0.0,0.0
2025-12-18 00:00:00-05:00,50.25,50.5,49.41999816894531,49.939998626708984,48.44428634643555,7590500,0.0,0.0
2025-12-19 00:00:00-05:00,50.06999969482422,50.33000183105469,49.84000015258789,50.08000183105469,48.58009719848633,13181900,0.0,0.0
2025-12-22 00:00:00-05:00,50.06999969482422,50.630001068115234,50.04999923706055,50.560001373291016,49.04572296142578,6950600,0.0,0.0
2025-12-23 00:00:00-05:00,50.650001525878906,50.86000061035156,50.40999984741211,50.4900016784668,48.97781753540039,6807500,0.0,0.0
2025-12-24 00:00:00-05:00,50.619998931884766,50.86000061035156,50.31999969482422,50.7400016784668,49.220333099365234,2871600,0.0,0.0
2025-12-26 00:00:00-05:00,50.75,50.79999923706055,50.380001068115234,50.61000061035156,49.09422302246094,3239500,0.0,0.0
2025-12-29 00:00:00-05:00,50.63999938964844,50.70000076293945,49.939998626708984,50.02000045776367,48.52189254760742,7099900,0.0,0.0
2025-12-30 00:00:00-05:00,50.119998931884766,50.2400016784668,49.45000076293945,49.560001373291016,48.07566833496094,5095200,0.0,0.0
2025-12-31 00:00:00-05:00,49.689998626708984,49.779998779296875,49.209999084472656,49.209999084472656,47.73615264892578,4490500,0.0,0.0
2026-01-02 00:00:00-05:00,49.2599983215332,49.91999816894531,48.83000183105469,49.7400016784668,48.25027847290039,5931000,0.0,0.0
2026-01-05 00:00:00-05:00,49.380001068115234,51.0099983215332,49.290000915527344,50.47999954223633,48.96811294555664,11054000,0.0,0.0
2026-01-06 00:00:00-05:00,50.400001525878906,51.27000045776367,50.2400016784668,51.18000030517578,49.647151947021484,7619400,0.0,0.0
2026-01-07 00:00:00-05:00,51.16999816894531,51.20000076293945,50.439998626708984,50.58000183105469,49.06512451171875,6721400,0.0,0.0
2026-01-08 00:00:00-05:00,50.5099983215332,51.52000045776367,50.400001525878906,50.95000076293945,49.424041748046875,7713500,0.0,0.0
2026-01-09 00:00:00-05:00,51.11000061035156,51.29999923706055,50.380001068115234,50.619998931884766,49.10392379760742,7521700,0.0,0.0
2026-01-12 00:00:00-05:00,50.15999984741211,50.33000183105469,49.79999923706055,50.13999938964844,48.63829803466797,11918600,0.0,0.0
2026-01-13 00:00:00-05:00,50.38999938964844,50.470001220703125,49.47999954223633,49.689998626708984,48.20177459716797,10404200,0.0,0.0
2026-01-14 00:00:00-05:00,49.36000061035156,50.09000015258789,49.279998779296875,49.83000183105469,48.33758544921875,10681800,0.0,0.0
2026-01-15 00:00:00-05:00,49.959999084472656,50.70000076293945,49.939998626708984,50.279998779296875,48.77410125732422,5737100,0.0,0.0
2026-01-16 00:00:00-05:00,50.18000030517578,50.459999084472656,49.970001220703125,49.9900016784668,48.492794036865234,8297500,0.0,0.0
2026-01-20 00:00:00-05:00,49.400001525878906,50.04999923706055,48.720001220703125,49.13999938964844,47.66824722290039,18662700,0.0,0.0
2026-01-21 00:00:00-05:00,47.83000183105469,50.77000045776367,47.83000183105469,50.02000045776367,48.52189254760742,16770100,0.0,0.0
2026-01-22 00:00:00-05:00,50.029998779296875,51.13999938964844,50.029998779296875,50.29999923706055,48.79350662231445,11630100,0.0,0.0
2026-01-23 00:00:00-05:00,50.0099983215332,50.650001525878906,49.34000015258789,49.56999969482422,48.08536911010742,12505500,0.0,0.0
2026-01-26 00:00:00-05:00,49.59000015258789,50.43000030517578,49.59000015258789,50.189998626708984,48.68680191040039,10018200,0.0,0.0
2026-01-27 00:00:00-05:00,50.33000183105469,50.939998626708984,50.290000915527344,50.88999938964844,49.36583709716797,10000600,0.0,0.0
2026-01-28 00:00:00-05:00,50.84000015258789,51.08000183105469,49.790000915527344,50.310001373291016,48.80320739746094,11102700,0.0,0.0
2026-01-29 00:00:00-05:00,50.720001220703125,51.400001525878906,50.45000076293945,51.31999969482422,49.782955169677734,12269500,0.0,0.0
2026-01-30 00:00:00-05:00,51.08000183105469,51.66999816894531,50.779998779296875,51.41999816894531,49.87996292114258,12027700,0.0,0.0
2026-02-02 00:00:00-05:00,51.5099983215332,52.720001220703125,51.38999938964844,52.65999984741211,51.08282470703125,12477400,0.0,0.0
2026-02-03 00:00:00-05:00,52.81999969482422,54.2400016784668,52.77000045776367,54.029998779296875,52.41179275512695,15914000,0.0,0.0
2026-02-04 00:00:00-05:00,54.5099983215332,55.75,54.5,55.11000061035156,53.45944595336914,12554500,0.0,0.0
2026-02-05 00:00:00-05:00,54.75,55.25,54.349998474121094,55.13999938964844,53.488548278808594,9738100,0.0,0.0
2026-02-06 00:00:00-05:00,55.68000030517578,56.20000076293945,55.54999923706055,55.810001373291016,54.13848114013672,7399800,0.0,0.0
2026-02-09 00:00:00-05:00,55.540000915527344,55.75,54.7400016784668,54.779998779296875,53.13932800292969,11305000,0.0,0.0
2026-02-10 00:00:00-05:00,54.54999923706055,55.33000183105469,54.290000915527344,55.099998474121094,53.449745178222656,8195900,0.0,0.0
2026-02-11 00:00:00-05:00,55.27000045776367,55.75,53.93000030517578,54.040000915527344,52.42149353027344,9982800,0.0,0.0
2026-02-12 00:00:00-05:00,54.40999984741211,54.70000076293945,51.630001068115234,52.06999969482422,50.510498046875,11461800,0.0,0.0
2026-02-13 00:00:00-05:00,51.279998779296875,52.11000061035156,50.95000076293945,51.900001525878906,50.85344314575195,7003000,0.52,0.0
2026-02-17 00:00:00-05:00,53.0,53.209999084472656,52.029998779296875,52.20000076293945,51.14738845825195,7508700,0.0,0.0
2026-02-18 00:00:00-05:00,52.2400016784668,53.0099983215332,52.15999984741211,52.689998626708984,51.62751007080078,6804400,0.0,0.0
2026-02-19 00:00:00-05:00,52.22999954223633,52.5,51.34000015258789,51.779998779296875,50.73585510253906,9333700,0.0,0.0
2026-02-20 00:00:00-05:00,51.75,52.40999984741211,51.25,52.31999969482422,51.26496887207031,9437100,0.0,0.0
2026-02-23 00:00:00-05:00,52.189998626708984,52.61000061035156,49.61000061035156,50.09000015258789,49.07993698120117,9735000,0.0,0.0
2026-02-24 00:00:00-05:00,49.93000030517578,50.380001068115234,49.189998626708984,49.65999984741211,48.658607482910156,6752900,0.0,0.0
2026-02-25 00:00:00-05:00,49.88999938964844,50.650001525878906,49.88999938964844,50.56999969482422,49.55025863647461,5635400,0.0,0.0
2026-02-26 00:00:00-05:00,50.84000015258789,51.90999984741211,50.75,51.5,50.46150588989258,6013600,0.0,0.0
2026-02-27 00:00:00-05:00,50.689998626708984,51.0,48.869998931884766,49.310001373291016,48.315670013427734,11533800,0.0,0.0
2026-03-02 00:00:00-05:00,48.400001525878906,50.11000061035156,48.22999954223633,49.54999923706055,48.55082702636719,6514100,0.0,0.0
2026-03-03 00:00:00-05:00,48.439998626708984,49.779998779296875,48.119998931884766,49.29999923706055,48.30586624145508,5377800,0.0,0.0
2026-03-04 00:00:00-05:00,49.59000015258789,49.650001525878906,48.97999954223633,49.11000061035156,48.11970138549805,5166800,0.0,0.0
2026-03-05 00:00:00-05:00,48.56999969482422,49.02000045776367,47.91999816894531,48.47999954223633,47.502403259277344,7143200,0.0,0.0
2026-03-06 00:00:00-05:00,47.18000030517578,47.61000061035156,45.880001068115234,46.4900016784668,45.55253219604492,20735300,0.0,0.0
2026-03-09 00:00:00-04:00,46.060001373291016,46.9900016784668,44.90999984741211,46.75,45.80728530883789,9819000,0.0,0.0
2026-03-10 00:00:00-04:00,46.790000915527344,47.560001373291016,46.09000015258789,46.650001525878906,45.70930480957031,6508100,0.0,0.0
2026-03-11 00:00:00-04:00,46.41999816894531,46.58000183105469,45.27000045776367,45.650001525878906,44.729469299316406,11810100,0.0,0.0
2026-03-12 00:00:00-04:00,44.63999938964844,45.43000030517578,44.130001068115234,44.369998931884766,43.47528076171875,14445700,0.0,0.0
2026-03-13 00:00:00-04:00,44.79999923706055,44.959999084472656,43.77000045776367,43.83000183105469,42.946170806884766,8962500,0.0,0.0
2026-03-16 00:00:00-04:00,44.560001373291016,44.939998626708984,44.279998779296875,44.52000045776367,43.622257232666016,11570000,0.0,0.0
2026-03-17 00:00:00-04:00,45.150001525878906,45.209999084472656,44.459999084472656,44.59000015258789,43.69084548950195,9344900,0.0,0.0
2026-03-18 00:00:00-04:00,44.13999938964844,44.54999923706055,43.83000183105469,43.849998474121094,42.96576690673828,11048400,0.0,0.0
2026-03-19 00:00:00-04:00,43.61000061035156,44.189998626708984,43.130001068115234,43.880001068115234,42.99516296386719,11009400,0.0,0.0
2026-03-20 00:00:00-04:00,43.90999984741211,44.16999816894531,43.599998474121094,44.15999984741211,43.26951217651367,18050200,0.0,0.0
2026-03-23 00:00:00-04:00,45.349998474121094,45.40999984741211,44.599998474121094,44.86000061035156,43.95539855957031,10209700,0.0,0.0
2026-03-24 00:00:00-04:00,44.400001525878906,45.689998626708984,44.349998474121094,45.31999969482422,44.406124114990234,8304500,0.0,0.0
2026-03-25 00:00:00-04:00,45.790000915527344,46.099998474121094,44.900001525878906,45.38999938964844,44.47471237182617,7008500,0.0,0.0
2026-03-26 00:00:00-04:00,44.66999816894531,45.279998779296875,44.52000045776367,44.970001220703125,44.06318283081055,8772300,0.0,0.0
2026-03-27 00:00:00-04:00,44.810001373291016,45.22999954223633,44.130001068115234,44.529998779296875,43.63205337524414,13424800,0.0,0.0
2026-03-30 00:00:00-04:00,44.939998626708984,44.97999954223633,44.27000045776367,44.63999938964844,43.739837646484375,8738400,0.0,0.0
2026-03-31 00:00:00-04:00,45.36000061035156,46.0099983215332,44.900001525878906,45.970001220703125,45.04301834106445,10011100,0.0,0.0
2026-04-01 00:00:00-04:00,46.38999938964844,47.150001525878906,46.36000061035156,46.709999084472656,45.76809310913086,10065000,0.0,0.0
2026-04-02 00:00:00-04:00,45.869998931884766,47.209999084472656,45.83000183105469,47.15999984741211,46.209022521972656,9200900,0.0,0.0
2026-04-06 00:00:00-04:00,47.2599983215332,47.720001220703125,47.13999938964844,47.63999938964844,46.67934036254883,8677300,0.0,0.0
2026-04-07 00:00:00-04:00,47.40999984741211,48.189998626708984,47.29999923706055,47.83000183105469,46.86551284790039,13743700,0.0,0.0
2026-04-08 00:00:00-04:00,49.06999969482422,49.869998931884766,48.97999954223633,49.290000915527344,48.29607009887695,13813000,0.0,0.0
2026-04-09 00:00:00-04:00,48.97999954223633,50.68000030517578,48.869998931884766,50.47999954223633,49.46207046508789,11399100,0.0,0.0
2026-04-10 00:00:00-04:00,50.369998931884766,50.58000183105469,49.56999969482422,49.599998474121094,48.599815368652344,9238400,0.0,0.0
2026-04-13 00:00:00-04:00,49.119998931884766,50.040000915527344,48.95000076293945,50.0099983215332,49.001548767089844,5232900,0.0,0.0
2026-04-14 00:00:00-04:00,49.7599983215332,49.84000015258789,49.16999816894531,49.529998779296875,48.53123092651367,6856700,0.0,0.0
2026-04-15 00:00:00-04:00,49.59000015258789,49.97999954223633,49.220001220703125,49.59000015258789,48.59001922607422,7225100,0.0,0.0
2026-04-16 00:00:00-04:00,49.31999969482422,49.689998626708984,49.119998931884766,49.43000030517578,48.43324661254883,10206900,0.0,0.0
2026-04-17 00:00:00-04:00,48.7400016784668,51.34000015258789,48.560001373291016,50.56999969482422,49.55025863647461,13512600,0.0,0.0
2026-04-20 00:00:00-04:00,50.22999954223633,51.15999984741211,50.22999954223633,50.84000015258789,49.814815521240234,7352400,0.0,0.0
2026-04-21 00:00:00-04:00,50.91999816894531,51.75,50.849998474121094,51.06999969482422,50.0401725769043,8665100,0.0,0.0
2026-04-22 00:00:00-04:00,51.36000061035156,51.619998931884766,50.779998779296875,50.95000076293945,49.9225959777832,6803900,0.0,0.0
2026-04-23 00:00:00-04:00,51.04999923706055,51.61000061035156,50.68000030517578,51.400001525878906,50.363521575927734,8070400,0.0,0.0
2026-04-24 00:00:00-04:00,51.43000030517578,51.54999923706055,50.47999954223633,50.72999954223633,49.70703125,7320700,0.0,0.0
2026-04-27 00:00:00-04:00,50.86000061035156,51.720001220703125,50.81999969482422,51.22999954223633,50.19694900512695,7201700,0.0,0.0
2026-04-28 00:00:00-04:00,51.81999969482422,52.11000061035156,50.95000076293945,51.150001525878906,50.11856460571289,7452700,0.0,0.0
2026-04-29 00:00:00-04:00,51.08000183105469,51.459999084472656,50.400001525878906,50.650001525878906,49.62864685058594,6869500,0.0,0.0
2026-04-30 00:00:00-04:00,50.36000061035156,51.58000183105469,50.130001068115234,51.5,50.46150588989258,7608100,0.0,0.0
2026-05-01 00:00:00-04:00,51.16999816894531,51.380001068115234,50.75,50.93000030517578,49.90299987792969,4847300,0.0,0.0
2026-05-04 00:00:00-04:00,50.650001525878906,50.650001525878906,49.369998931884766,49.47999954223633,48.48223876953125,6511800,0.0,0.0
2026-05-05 00:00:00-04:00,49.689998626708984,50.18000030517578,49.4900016784668,49.95000076293945,48.94276428222656,6055800,0.0,0.0
2026-05-06 00:00:00-04:00,50.5,51.0099983215332,50.4900016784668,50.79999923706055,49.77561950683594,4995900,0.0,0.0
2026-05-07 00:00:00-04:00,50.7599983215332,50.970001220703125,49.65999984741211,49.7400016784668,48.736995697021484,5338900,0.0,0.0
2026-05-08 00:00:00-04:00,49.5099983215332,49.61000061035156,49.0099983215332,49.11000061035156,48.628074645996094,4301500,0.52,0.0
2026-05-11 00:00:00-04:00,49.2400016784668,49.380001068115234,47.849998474121094,47.970001220703125,47.499263763427734,6548900,0.0,0.0
2026-05-12 00:00:00-04:00,48.0,48.08000183105469,47.060001373291016,47.790000915527344,47.32102966308594,8684400,0.0,0.0
2026-05-13 00:00:00-04:00,47.689998626708984,47.720001220703125,46.349998474121094,46.540000915527344,46.08329391479492,12525700,0.0,0.0
2026-05-14 00:00:00-04:00,46.9900016784668,47.43000030517578,46.88999938964844,47.130001068115234,46.66750717163086,9802400,0.0,0.0
2026-05-15 00:00:00-04:00,47.06999969482422,47.13999938964844,46.2400016784668,46.959999084472656,46.49917221069336,6502600,0.0,0.0
2026-05-18 00:00:00-04:00,47.0,47.290000915527344,46.810001373291016,47.04999923706055,46.588287353515625,5401600,0.0,0.0
2026-05-19 00:00:00-04:00,46.849998474121094,47.119998931884766,46.349998474121094,46.77000045776367,46.311038970947266,5447700,0.0,0.0
2026-05-20 00:00:00-04:00,47.0099983215332,48.02000045776367,46.459999084472656,48.0,47.528968811035156,7078000,0.0,0.0
2026-05-21 00:00:00-04:00,47.63999938964844,48.09000015258789,47.459999084472656,47.88999938964844,47.4200439453125,7088100,0.0,0.0
2026-05-22 00:00:00-04:00,48.04999923706055,48.529998779296875,47.939998626708984,48.380001068115234,47.90523910522461,5460900,0.0,0.0
2026-05-26 00:00:00-04:00,48.779998779296875,49.11000061035156,48.34000015258789,48.68000030517578,48.202293395996094,5280200,0.0,0.0
2026-05-27 00:00:00-04:00,48.7400016784668,49.08000183105469,48.27000045776367,48.459999084472656,47.98445129394531,6863000,0.0,0.0
2026-05-28 00:00:00-04:00,48.15999984741211,48.40999984741211,47.380001068115234,47.79999923706055,47.330928802490234,8100400,0.0,0.0
2026-05-29 00:00:00-04:00,47.75,48.220001220703125,47.209999084472656,48.209999084472656,47.73690414428711,13589800,0.0,0.0
2026-06-01 00:00:00-04:00,47.599998474121094,47.88999938964844,46.779998779296875,46.869998931884766,46.41005325317383,11593300,0.0,0.0
2026-06-02 00:00:00-04:00,46.7599983215332,48.25,46.599998474121094,48.119998931884766,47.647789001464844,13085200,0.0,0.0
2026-06-03 00:00:00-04:00,47.810001373291016,47.88999938964844,47.04999923706055,47.41999816894531,46.95465850830078,8257000,0.0,0.0
2026-06-04 00:00:00-04:00,48.29999923706055,49.22999954223633,48.11000061035156,49.18000030517578,48.6973876953125,11453200,0.0,0.0
2026-06-05 00:00:00-04:00,49.31999969482422,49.65999984741211,48.9900016784668,49.20000076293945,48.717193603515625,6861800,0.0,0.0
2026-06-08 00:00:00-04:00,49.060001373291016,49.63999938964844,48.630001068115234,48.83000183105469,48.35082244873047,6433700,0.0,0.0
2026-06-09 00:00:00-04:00,49.20000076293945,50.11000061035156,48.91999816894531,49.43000030517578,48.9449348449707,8517700,0.0,0.0
2026-06-10 00:00:00-04:00,49.439998626708984,50.18000030517578,49.15999984741211,49.7599983215332,49.27169418334961,9144400,0.0,0.0
2026-06-11 00:00:00-04:00,50.33000183105469,50.939998626708984,49.79999923706055,50.68000030517578,50.18266677856445,11512900,0.0,0.0
2026-06-12 00:00:00-04:00,50.93000030517578,51.77000045776367,50.93000030517578,51.65999984741211,51.15304946899414,9181700,0.0,0.0
2026-06-15 00:00:00-04:00,51.54999923706055,52.06999969482422,48.310001373291016,48.47999954223633,48.00425720214844,22998900,0.0,0.0
2026-06-16 00:00:00-04:00,48.95000076293945,49.369998931884766,48.709999084472656,49.130001068115234,48.64788055419922,20284800,0.0,0.0
2026-06-17 00:00:00-04:00,49.20000076293945,49.93000030517578,47.810001373291016,48.16999816894531,47.697296142578125,14775200,0.0,0.0
2026-06-18 00:00:00-04:00,48.900001525878906,49.2400016784668,47.970001220703125,48.33000183105469,47.85573196411133,18836900,0.0,0.0
2026-06-22 00:00:00-04:00,48.31999969482422,49.18000030517578,48.31999969482422,48.7599983215332,48.2815055847168,13838900,0.0,0.0
2026-06-23 00:00:00-04:00,48.97999954223633,49.72999954223633,48.689998626708984,49.66999816894531,49.18257522583008,15988700,0.0,0.0
2026-06-24 00:00:00-04:00,49.70000076293945,50.459999084472656,49.66999816894531,49.790000915527344,49.3014030456543,11272500,0.0,0.0
2026-06-25 00:00:00-04:00,49.849998474121094,51.20000076293945,49.83000183105469,50.66999816894531,50.17276382446289,9329600,0.0,0.0
2026-06-26 00:00:00-04:00,50.84000015258789,50.86000061035156,50.060001373291016,50.4900016784668,49.99453353881836,8826000,0.0,0.0
2026-06-29 00:00:00-04:00,50.15999984741211,50.65999984741211,50.099998474121094,50.58000183105469,50.08365249633789,6097000,0.0,0.0
2026-06-30 00:00:00-04:00,50.0,50.380001068115234,49.61000061035156,49.81999969482422,49.33110809326172,6825500,0.0,0.0
2026-07-01 00:00:00-04:00,49.27000045776367,51.029998779296875,49.220001220703125,50.88999938964844,50.39060592651367,7840400,0.0,0.0
2026-07-02 00:00:00-04:00,51.400001525878906,51.400001525878906,50.47999954223633,50.97999954223633,50.4797248840332,6858700,0.0,0.0
2026-07-06 00:00:00-04:00,50.34000015258789,51.5099983215332,50.34000015258789,51.41999816894531,50.9154052734375,5985900,0.0,0.0
2026-07-07 00:00:00-04:00,51.279998779296875,51.849998474121094,51.2400016784668,51.36000061035156,50.855995178222656,7510800,0.0,0.0
2026-07-08 00:00:00-04:00,50.650001525878906,50.7400016784668,49.369998931884766,49.689998626708984,49.2023811340332,6865800,0.0,0.0
2026-07-09 00:00:00-04:00,49.91999816894531,51.45000076293945,49.900001525878906,51.369998931884766,50.86589431762695,9904600,0.0,0.0
2026-07-10 00:00:00-04:00,51.619998931884766,52.040000915527344,51.33000183105469,51.66999816894531,51.1629524230957,6037100,0.0,0.0
2026-07-13 00:00:00-04:00,52.0,52.040000915527344,51.189998626708984,51.95000076293945,51.44020462036133,7153200,0.0,0.0
2026-07-14 00:00:00-04:00,51.88999938964844,52.619998931884766,51.61000061035156,51.95000076293945,51.44020462036133,7626900,0.0,0.0
2026-07-15 00:00:00-04:00,52.15999984741211,52.9900016784668,52.029998779296875,52.79999923706055,52.281864166259766,6300000,0.0,0.0
2026-07-16 00:00:00-04:00,53.0,54.029998779296875,52.599998474121094,53.25,52.727447509765625,11491100,0.0,0.0
2026-07-17 00:00:00-04:00,52.900001525878906,54.220001220703125,52.43000030517578,52.5,51.984806060791016,13920400,0.0,0.0
2026-07-20 00:00:00-04:00,52.5,52.63999938964844,50.689998626708984,51.0,50.49952697753906,11250400,0.0,0.0
2026-07-21 00:00:00-04:00,50.959999084472656,51.380001068115234,50.720001220703125,51.380001068115234,50.87580108642578,9091700,0.0,0.0
2026-07-22 00:00:00-04:00,51.5,51.869998931884766,51.25,51.72999954223633,51.22236251831055,7319500,0.0,0.0
2026-07-23 00:00:00-04:00,51.08000183105469,51.2400016784668,50.540000915527344,51.20000076293945,50.697566986083984,5973800,0.0,0.0
2026-07-24 00:00:00-04:00,51.40999984741211,52.040000915527344,51.290000915527344,51.7599983215332,51.25206756591797,5033500,0.0,0.0
2026-07-27 00:00:00-04:00,52.029998779296875,52.75,51.84000015258789,52.119998931884766,51.60853576660156,5630400,0.0,0.0
2026-07-28 00:00:00-04:00,52.31999969482422,53.08000183105469,52.220001220703125,52.9900016784668,52.470001220703125,8120900,0.0,0.0
2026-07-29 00:00:00-04:00,52.58000183105469,53.13999938964844,52.11000061035156,52.310001373291016,51.79667282104492,7326800,0.0,0.0
2026-07-30 00:00:00-04:00,52.38999938964844,52.59000015258789,51.59000015258789,52.0099983215332,51.49961471557617,8529000,0.0,0.0
2026-07-31 00:00:00-04:00,52.06999969482422,52.43000030517578,51.65999984741211,51.84000015258789,51.33128356933594,6990900,0.0,0.0
2026-08-03 00:00:00-04:00,51.939998626708984,52.18000030517578,51.220001220703125,51.91999816894531,51.41049575805664,8206300,0.0,0.0
2026-08-04 00:00:00-04:00,51.84000015258789,52.9900016784668,51.630001068115234,52.65999984741211,52.14323806762695,5426900,0.0,0.0
2026-08-05 00:00:00-04:00,52.939998626708984,53.130001068115234,52.630001068115234,52.849998474121094,52.33137130737305,9252300,0.0,0.0
2026-08-06 00:00:00-04:00,53.25,53.459999084472656,52.459999084472656,52.59000015258789,52.07392501831055,6174200,0.0,0.0
2026-08-07 00:00:00-04:00,52.220001220703125,52.720001220703125,52.0099983215332,52.349998474121094,51.83627700805664,6346400,0.0,0.0
2026-08-10 00:00:00-04:00,52.0,52.33000183105469,51.7599983215332,51.86000061035156,51.35108947753906,5390200,0.0,0.0
2026-08-11 00:00:00-04:00,51.7599983215332,52.47999954223633,51.72999954223633,52.310001373291016,51.79667282104492,5838500,0.0,0.0
2026-08-12 00:00:00-04:00,52.45000076293945,52.84000015258789,52.25,52.66999816894531,52.15313720703125,5726800,0.0,0.0
2026-08-13 00:00:00-04:00,53.0,53.34000015258789,52.810001373291016,52.9900016784668,52.470001220703125,5324000,0.0,0.0
2026-08-14 00:00:00-04:00,52.470001220703125,53.27000045776367,52.41999816894531,53.099998474121094,53.099998474121094,6130800,0.52,0.0
2026-08-17 00:00:00-04:00,52.900001525878906,53.529998779296875,52.52000045776367,52.529998779296875,52.529998779296875,6457000,0.0,0.0
2026-08-18 00:00:00-04:00,52.810001373291016,52.9900016784668,52.13999938964844,52.40999984741211,52.40999984741211,5299700,0.0,0.0
2026-08-19 00:00:00-04:00,52.40999984741211,52.52000045776367,50.88999938964844,50.970001220703125,50.970001220703125,5330200,0.0,0.0
2026-08-20 00:00:00-04:00,50.68000030517578,51.060001373291016,50.22999954223633,50.22999954223633,50.22999954223633,5505000,0.0,0.0
2026-08-21 00:00:00-04:00,50.470001220703125,50.849998474121094,50.11000061035156,50.41999816894531,50.41999816894531,6199100,0.0,0.0
2026-08-24 00:00:00-04:00,50.58000183105469,51.38999938964844,50.47999954223633,50.810001373291016,50.810001373291016,4137000,0.0,0.0
2026-08-25 00:00:00-04:00,50.880001068115234,50.959999084472656,50.220001220703125,50.29999923706055,50.29999923706055,5505000,0.0,0.0
2026-08-26 00:00:00-04:00,50.38999938964844,50.86000061035156,50.20000076293945,50.66999816894531,50.66999816894531,5120000,0.0,0.0
2026-08-27 00:00:00-04:00,50.08000183105469,50.470001220703125,49.86000061035156,50.29999923706055,50.29999923706055,4838100,0.0,0.0
2026-08-28 00:00:00-04:00,50.689998626708984,51.0,50.130001068115234,50.43000030517578,50.43000030517578,4618600,0.0,0.0
2026-08-31 00:00:00-04:00,50.279998779296875,50.40999984741211,49.58000183105469,49.58000183105469,49.58000183105469,8264100,0.0,0.0
2026-09-01 00:00:00-04:00,49.560001373291016,50.16999816894531,49.060001373291016,49.439998626708984,49.439998626708984,6697300,0.0,0.0
2026-09-02 00:00:00-04:00,49.88999938964844,51.369998931884766,49.83000183105469,50.810001373291016,50.810001373291016,6430900,0.0,0.0
2026-09-03 00:00:00-04:00,51.09000015258789,51.709999084472656,50.79999923706055,51.61000061035156,51.61000061035156,4759200,0.0,0.0
2026-09-04 00:00:00-04:00,51.349998474121094,51.88999938964844,51.349998474121094,51.650001525878906,51.650001525878906,4614600,0.0,0.0
2026-09-08 00:00:00-04:00,51.400001525878906,51.63999938964844,50.529998779296875,50.54999923706055,50.54999923706055,6080800,0.0,0.0
2026-09-09 00:00:00-04:00,50.279998779296875,50.880001068115234,50.119998931884766,50.150001525878906,50.150001525878906,5556700,0.0,0.0
2026-09-10 00:00:00-04:00,50.33000183105469,50.470001220703125,49.7599983215332,50.33000183105469,50.33000183105469,8266400,0.0,0.0
2026-09-11 00:00:00-04:00,50.95000076293945,51.060001373291016,50.0,50.400001525878906,50.400001525878906,3788600,0.0,0.0
2026-09-14 00:00:00-04:00,50.349998474121094,50.84000015258789,49.95000076293945,50.099998474121094,50.099998474121094,4351000,0.0,0.0
2026-09-15 00:00:00-04:00,50.189998626708984,51.33000183105469,50.189998626708984,50.459999084472656,50.459999084472656,10011300,0.0,0.0
2026-09-16 00:00:00-04:00,50.45000076293945,50.45000076293945,47.63999938964844,48.439998626708984,48.439998626708984,11697900,0.0,0.0
2026-09-17 00:00:00-04:00,49.08000183105469,49.75,48.16999816894531,48.45000076293945,48.45000076293945,10167700,0.0,0.0
2026-09-18 00:00:00-04:00,48.47999954223633,48.91999816894531,48.20000076293945,48.560001373291016,48.560001373291016,17188700,0.0,0.0
2026-09-21 00:00:00-04:00,48.81999969482422,49.2400016784668,48.68000030517578,49.0,49.0,9847300,0.0,0.0
