Date,Open,High,Low,Close,Adj Close,Volume,Dividends,Stock Splits
2018-08-02 00:00:00-04:00,9.979999542236328,9.989999771118164,9.979999542236328,9.989999771118164,9.934714317321777,21000,0.0,0.0
2018-08-03 00:00:00-04:00,9.989999771118164,9.989999771118164,9.989999771118164,9.989999771118164,9.934714317321777,0,0.0,0.0
2018-08-06 00:00:00-04:00,10.09000015258789,10.09000015258789,9.949999809265137,9.960000038146973,9.90488052368164,6600,0.0,0.0
2018-08-07 00:00:00-04:00,9.949999809265137,9.949999809265137,9.949999809265137,9.949999809265137,9.894935607910156,500,0.0,0.0
2018-08-08 00:00:00-04:00,9.949999809265137,9.949999809265137,9.949999809265137,9.949999809265137,9.894935607910156,0,0.0,0.0
2018-08-09 00:00:00-04:00,9.899999618530273,9.899999618530273,9.899999618530273,9.899999618530273,9.845212936401367,500,0.0,0.0
2018-08-10 00:00:00-04:00,9.899999618530273,10.359999656677246,9.850000381469727,9.850000381469727,9.795490264892578,4100,0.0,0.0
2018-08-13 00:00:00-04:00,9.850000381469727,9.904999732971191,9.800000190734863,9.8100004196167,9.75571060180664,710800,0.0,0.0
2018-08-14 00:00:00-04:00,10.75,10.770000457763672,9.800000190734863,9.800000190734863,9.745767593383789,50100,0.0,0.0
2018-08-15 00:00:00-04:00,9.850000381469727,9.880000114440918,9.84000015258789,9.850000381469727,9.795490264892578,524700,0.0,0.0
2018-08-16 00:00:00-04:00,9.850000381469727,9.859999656677246,9.850000381469727,9.859999656677246,9.80543327331543,22900,0.0,0.0
2018-08-17 00:00:00-04:00,9.819999694824219,9.829999923706055,9.800000190734863,9.829999923706055,9.775598526000977,402100,0.0,0.0
2018-08-20 00:00:00-04:00,9.829999923706055,9.829999923706055,9.829999923706055,9.829999923706055,9.775598526000977,0,0.0,0.0
2018-08-21 00:00:00-04:00,9.800000190734863,9.800000190734863,9.800000190734863,9.800000190734863,9.745767593383789,2100,0.0,0.0
2018-08-22 00:00:00-04:00,9.835000038146973,9.835000038146973,9.800000190734863,9.800000190734863,9.745767593383789,24800,0.0,0.0
2018-08-23 00:00:00-04:00,9.8100004196167,9.850000381469727,9.75,9.8100004196167,9.75571060180664,334300,0.0,0.0
2018-08-24 00:00:00-04:00,9.800000190734863,9.800000190734863,9.800000190734863,9.800000190734863,9.745767593383789,100000,0.0,0.0
2018-08-27 00:00:00-04:00,9.800000190734863,9.800000190734863,9.75,9.75,9.696043968200684,2381000,0.0,0.0
2018-08-28 00:00:00-04:00,9.760000228881836,9.760000228881836,9.720000267028809,9.75,9.696043968200684,685100,0.0,0.0
2018-08-29 00:00:00-04:00,9.79699993133545,9.800000190734863,9.770000457763672,9.800000190734863,9.745767593383789,52600,0.0,0.0
2018-08-30 00:00:00-04:00,9.800000190734863,9.800000190734863,9.800000190734863,9.800000190734863,9.745767593383789,300,0.0,0.0
2018-08-31 00:00:00-04:00,9.75,9.800000190734863,9.729999542236328,9.729999542236328,9.676155090332031,10600,0.0,0.0
2018-09-04 00:00:00-04:00,9.789999961853027,9.789999961853027,9.789999961853027,9.789999961853027,9.735822677612305,100,0.0,0.0
2018-09-05 00:00:00-04:00,9.75,9.800000190734863,9.75,9.800000190734863,9.745767593383789,2100,0.0,0.0
2018-09-06 00:00:00-04:00,9.800000190734863,9.800000190734863,9.800000190734863,9.800000190734863,9.745767593383789,3800,0.0,0.0
2018-09-07 00:00:00-04:00,9.779999732971191,9.779999732971191,9.779999732971191,9.779999732971191,9.72587776184082,4300,0.0,0.0
2018-09-10 00:00:00-04:00,9.75,9.869999885559082,9.75,9.869999885559082,9.815380096435547,125100,0.0,0.0
2018-09-11 00:00:00-04:00,9.75,9.75,9.739999771118164,9.75,9.696043968200684,179800,0.0,0.0
2018-09-12 00:00:00-04:00,9.75,9.800000190734863,9.75,9.800000190734863,9.745767593383789,483000,0.0,0.0
2018-09-13 00:00:00-04:00,9.800000190734863,9.800000190734863,9.800000190734863,9.800000190734863,9.745767593383789,0,0.0,0.0
2018-09-14 00:00:00-04:00,9.734999656677246,9.800000190734863,9.734999656677246,9.800000190734863,9.745767593383789,600,0.0,0.0
2018-09-17 00:00:00-04:00,9.84000015258789,9.84000015258789,9.75,9.75,9.696043968200684,264600,0.0,0.0
2018-09-18 00:00:00-04:00,9.770000457763672,9.770000457763672,9.75,9.770000457763672,9.71593189239502,7200,0.0,0.0
2018-09-19 00:00:00-04:00,9.779999732971191,9.84000015258789,9.770000457763672,9.779999732971191,9.72587776184082,280800,0.0,0.0
2018-09-20 00:00:00-04:00,9.75,9.779999732971191,9.729999542236328,9.729999542236328,9.676155090332031,47900,0.0,0.0
2018-09-21 00:00:00-04:00,9.75,9.770000457763672,9.75,9.75,9.696043968200684,74300,0.0,0.0
2018-09-24 00:00:00-04:00,9.779999732971191,9.779999732971191,9.770000457763672,9.770000457763672,9.71593189239502,400,0.0,0.0
2018-09-25 00:00:00-04:00,9.741000175476074,9.770000457763672,9.741000175476074,9.770000457763672,9.71593189239502,47300,0.0,0.0
2018-09-26 00:00:00-04:00,9.75,9.75,9.74899959564209,9.74899959564209,9.695049285888672,2300,0.0,0.0
2018-09-27 00:00:00-04:00,9.75,9.770000457763672,9.75,9.75,9.696043968200684,9000,0.0,0.0
2018-09-28 00:00:00-04:00,9.75,9.770000457763672,9.729999542236328,9.75,9.696043968200684,65400,0.0,0.0
2018-10-01 00:00:00-04:00,9.74899959564209,9.75,9.71500015258789,9.75,9.696043968200684,8200,0.0,0.0
2018-10-02 00:00:00-04:00,9.729999542236328,9.760000228881836,9.720000267028809,9.729999542236328,9.676155090332031,359600,0.0,0.0
2018-10-03 00:00:00-04:00,9.732999801635742,9.732999801635742,9.732999801635742,9.732999801635742,9.67913818359375,800,0.0,0.0
2018-10-04 00:00:00-04:00,9.739999771118164,9.760000228881836,9.720000267028809,9.760000228881836,9.705986976623535,62800,0.0,0.0
2018-10-05 00:00:00-04:00,9.760000228881836,9.760000228881836,9.720000267028809,9.720000267028809,9.666210174560547,41300,0.0,0.0
2018-10-08 00:00:00-04:00,9.720000267028809,9.75,9.720000267028809,9.75,9.696043968200684,2000,0.0,0.0
2018-10-09 00:00:00-04:00,9.779999732971191,9.779999732971191,9.720000267028809,9.720000267028809,9.666210174560547,3300,0.0,0.0
2018-10-10 00:00:00-04:00,9.720000267028809,9.739999771118164,9.699999809265137,9.739999771118164,9.6860990524292,391300,0.0,0.0
2018-10-11 00:00:00-04:00,9.739999771118164,9.739999771118164,9.704999923706055,9.739999771118164,9.6860990524292,15900,0.0,0.0
2018-10-12 00:00:00-04:00,9.729999542236328,9.75,9.729999542236328,9.75,9.696043968200684,284400,0.0,0.0
2018-10-15 00:00:00-04:00,9.699999809265137,9.75,9.699999809265137,9.729999542236328,9.676155090332031,6200,0.0,0.0
2018-10-16 00:00:00-04:00,9.75,9.75,9.699999809265137,9.739999771118164,9.6860990524292,10100,0.0,0.0
2018-10-17 00:00:00-04:00,9.729999542236328,9.75,9.729999542236328,9.75,9.696043968200684,19000,0.0,0.0
2018-10-18 00:00:00-04:00,9.756999969482422,9.760000228881836,9.756999969482422,9.760000228881836,9.705986976623535,400,0.0,0.0
2018-10-19 00:00:00-04:00,9.770000457763672,9.819999694824219,9.739999771118164,9.819999694824219,9.765655517578125,2600,0.0,0.0
2018-10-22 00:00:00-04:00,9.800000190734863,9.800000190734863,9.75,9.75,9.696043968200684,4900,0.0,0.0
2018-10-23 00:00:00-04:00,9.760000228881836,9.760000228881836,9.70300006866455,9.760000228881836,9.705986976623535,1300,0.0,0.0
2018-10-24 00:00:00-04:00,9.75,9.75,9.699999809265137,9.699999809265137,9.646320343017578,2600,0.0,0.0
2018-10-25 00:00:00-04:00,9.699999809265137,9.760000228881836,9.699999809265137,9.760000228881836,9.705986976623535,700,0.0,0.0
2018-10-26 00:00:00-04:00,9.75,9.75,9.699999809265137,9.699999809265137,9.646320343017578,5300,0.0,0.0
2018-10-29 00:00:00-04:00,9.75,9.75,9.75,9.75,9.696043968200684,1000,0.0,0.0
2018-10-30 00:00:00-04:00,9.767000198364258,9.767000198364258,9.739999771118164,9.739999771118164,9.6860990524292,8900,0.0,0.0
2018-10-31 00:00:00-04:00,9.760000228881836,9.760000228881836,9.710000038146973,9.710000038146973,9.656266212463379,1000,0.0,0.0
2018-11-01 00:00:00-04:00,9.710000038146973,9.710000038146973,9.710000038146973,9.710000038146973,9.656266212463379,100,0.0,0.0
2018-11-02 00:00:00-04:00,9.760000228881836,9.760000228881836,9.710000038146973,9.75,9.696043968200684,1200,0.0,0.0
2018-11-05 00:00:00-05:00,9.850000381469727,9.850000381469727,9.720000267028809,9.720000267028809,9.666210174560547,13800,0.0,0.0
2018-11-06 00:00:00-05:00,9.770000457763672,9.770000457763672,9.699999809265137,9.770000457763672,9.71593189239502,4100,0.0,0.0
2018-11-07 00:00:00-05:00,9.779999732971191,9.819999694824219,9.699999809265137,9.699999809265137,9.646320343017578,69300,0.0,0.0
2018-11-08 00:00:00-05:00,9.75,9.850000381469727,9.699999809265137,9.699999809265137,9.646320343017578,279700,0.0,0.0
2018-11-09 00:00:00-05:00,9.699999809265137,9.850000381469727,9.699999809265137,9.84000015258789,9.785543441772461,15300,0.0,0.0
2018-11-12 00:00:00-05:00,9.838000297546387,9.850000381469727,9.829999923706055,9.829999923706055,9.775598526000977,3200,0.0,0.0
2018-11-13 00:00:00-05:00,9.84000015258789,9.84000015258789,9.75,9.75,9.696043968200684,500,0.0,0.0
2018-11-14 00:00:00-05:00,9.829999923706055,9.850000381469727,9.800000190734863,9.800000190734863,9.745767593383789,63900,0.0,0.0
2018-11-15 00:00:00-05:00,9.800000190734863,9.850000381469727,9.800000190734863,9.800000190734863,9.745767593383789,1200,0.0,0.0
2018-11-16 00:00:00-05:00,9.850000381469727,9.850000381469727,9.850000381469727,9.850000381469727,9.795490264892578,300,0.0,0.0
2018-11-19 00:00:00-05:00,9.822999954223633,9.84000015258789,9.75,9.75,9.696043968200684,119400,0.0,0.0
2018-11-20 00:00:00-05:00,9.84000015258789,9.84000015258789,9.8100004196167,9.8100004196167,9.75571060180664,7600,0.0,0.0
2018-11-21 00:00:00-05:00,9.829999923706055,9.829999923706055,9.75,9.75,9.696043968200684,8800,0.0,0.0
2018-11-23 00:00:00-05:00,9.829999923706055,9.829999923706055,9.8100004196167,9.829999923706055,9.775598526000977,900,0.0,0.0
2018-11-26 00:00:00-05:00,9.829999923706055,9.829999923706055,9.75,9.75,9.696043968200684,15700,0.0,0.0
2018-11-27 00:00:00-05:00,9.829999923706055,10.0600004196167,9.829999923706055,10.0600004196167,10.004328727722168,11300,0.0,0.0
2018-11-28 00:00:00-05:00,9.850000381469727,9.859999656677246,9.8100004196167,9.8100004196167,9.75571060180664,2000,0.0,0.0
2018-11-29 00:00:00-05:00,10.0,10.0,9.8100004196167,9.869999885559082,9.815380096435547,4300,0.0,0.0
2018-11-30 00:00:00-05:00,9.869999885559082,9.869999885559082,9.850000381469727,9.850000381469727,9.795490264892578,2100,0.0,0.0
2018-12-03 00:00:00-05:00,9.880000114440918,9.899999618530273,9.819999694824219,9.819999694824219,9.765655517578125,19700,0.0,0.0
2018-12-04 00:00:00-05:00,9.979999542236328,10.0,9.819999694824219,9.819999694824219,9.765655517578125,1100,0.0,0.0
2018-12-06 00:00:00-05:00,9.949999809265137,9.949999809265137,9.84000015258789,9.850000381469727,9.795490264892578,50500,0.0,0.0
2018-12-07 00:00:00-05:00,9.850000381469727,9.850000381469727,9.760000228881836,9.779999732971191,9.72587776184082,62800,0.0,0.0
2018-12-10 00:00:00-05:00,9.819999694824219,9.880000114440918,9.819999694824219,9.880000114440918,9.825325012207031,27000,0.0,0.0
2018-12-11 00:00:00-05:00,9.859999656677246,9.864999771118164,9.805000305175781,9.850000381469727,9.795490264892578,52300,0.0,0.0
2018-12-12 00:00:00-05:00,9.850000381469727,9.869999885559082,9.819999694824219,9.869999885559082,9.815380096435547,51100,0.0,0.0
2018-12-13 00:00:00-05:00,9.829999923706055,9.859999656677246,9.800000190734863,9.800000190734863,9.745767593383789,20200,0.0,0.0
2018-12-14 00:00:00-05:00,9.699999809265137,9.850000381469727,9.699999809265137,9.720000267028809,9.666210174560547,45700,0.0,0.0
2018-12-17 00:00:00-05:00,9.75,9.84000015258789,9.75,9.75,9.696043968200684,2200,0.0,0.0
2018-12-18 00:00:00-05:00,9.850000381469727,9.850000381469727,9.75,9.75,9.696043968200684,42700,0.0,0.0
2018-12-19 00:00:00-05:00,9.829999923706055,9.829999923706055,9.8100004196167,9.819999694824219,9.765655517578125,10700,0.0,0.0
2018-12-20 00:00:00-05:00,9.819999694824219,9.819999694824219,9.800000190734863,9.800000190734863,9.745767593383789,6800,0.0,0.0
2018-12-21 00:00:00-05:00,9.800000190734863,9.800000190734863,9.800000190734863,9.800000190734863,9.745767593383789,212100,0.0,0.0
2018-12-24 00:00:00-05:00,9.800000190734863,9.800000190734863,9.800000190734863,9.800000190734863,9.745767593383789,100,0.0,0.0
2018-12-26 00:00:00-05:00,9.84000015258789,9.84000015258789,9.800000190734863,9.800000190734863,9.745767593383789,2300,0.0,0.0
2018-12-27 00:00:00-05:00,9.789999961853027,9.800000190734863,9.729999542236328,9.729999542236328,9.676155090332031,2800,0.0,0.0
2018-12-28 00:00:00-05:00,9.829999923706055,9.829999923706055,9.729999542236328,9.729999542236328,9.676155090332031,8600,0.0,0.0
2018-12-31 00:00:00-05:00,9.770000457763672,9.800000190734863,9.729999542236328,9.800000190734863,9.745767593383789,21400,0.0,0.0
2019-01-02 00:00:00-05:00,9.75,9.829999923706055,9.75,9.75,9.696043968200684,2300,0.0,0.0
2019-01-03 00:00:00-05:00,9.75,9.8100004196167,9.75,9.75,9.696043968200684,1800,0.0,0.0
2019-01-04 00:00:00-05:00,9.75,9.789999961853027,9.75,9.779999732971191,9.72587776184082,16000,0.0,0.0
2019-01-07 00:00:00-05:00,9.779999732971191,9.84000015258789,9.779999732971191,9.8100004196167,9.75571060180664,18400,0.0,0.0
2019-01-08 00:00:00-05:00,9.850000381469727,9.880000114440918,9.760000228881836,9.800000190734863,9.745767593383789,221400,0.0,0.0
2019-01-09 00:00:00-05:00,9.8100004196167,9.84000015258789,9.779999732971191,9.819999694824219,9.765655517578125,25400,0.0,0.0
2019-01-10 00:00:00-05:00,9.800000190734863,9.850000381469727,9.770000457763672,9.770000457763672,9.71593189239502,39900,0.0,0.0
2019-01-11 00:00:00-05:00,9.850000381469727,9.850000381469727,9.770000457763672,9.84000015258789,9.785543441772461,35000,0.0,0.0
2019-01-14 00:00:00-05:00,9.760000228881836,9.850000381469727,9.760000228881836,9.829999923706055,9.775598526000977,27100,0.0,0.0
2019-01-15 00:00:00-05:00,9.84000015258789,9.850000381469727,9.791000366210938,9.850000381469727,9.795490264892578,16300,0.0,0.0
2019-01-16 00:00:00-05:00,9.850000381469727,9.859999656677246,9.8100004196167,9.8100004196167,9.75571060180664,21600,0.0,0.0
2019-01-17 00:00:00-05:00,9.850000381469727,9.850000381469727,9.8100004196167,9.850000381469727,9.795490264892578,400,0.0,0.0
2019-01-18 00:00:00-05:00,9.845999717712402,9.850000381469727,9.819999694824219,9.850000381469727,9.795490264892578,326000,0.0,0.0
2019-01-22 00:00:00-05:00,9.84000015258789,9.85099983215332,9.800000190734863,9.829999923706055,9.775598526000977,426900,0.0,0.0
2019-01-23 00:00:00-05:00,9.869999885559082,9.880000114440918,9.869999885559082,9.880000114440918,9.825325012207031,400,0.0,0.0
2019-01-24 00:00:00-05:00,9.819999694824219,9.869999885559082,9.819999694824219,9.869999885559082,9.815380096435547,395600,0.0,0.0
2019-01-25 00:00:00-05:00,9.850000381469727,9.869999885559082,9.850000381469727,9.859999656677246,9.80543327331543,101100,0.0,0.0
2019-01-28 00:00:00-05:00,9.859999656677246,9.880000114440918,9.859999656677246,9.869999885559082,9.815380096435547,103800,0.0,0.0
2019-01-29 00:00:00-05:00,9.869999885559082,9.899999618530273,9.859999656677246,9.859999656677246,9.80543327331543,2400,0.0,0.0
2019-01-30 00:00:00-05:00,9.869999885559082,9.890000343322754,9.869999885559082,9.890000343322754,9.835270881652832,4900,0.0,0.0
2019-01-31 00:00:00-05:00,9.869999885559082,9.930000305175781,9.859999656677246,9.869999885559082,9.815380096435547,7200,0.0,0.0
2019-02-01 00:00:00-05:00,9.949999809265137,9.949999809265137,9.949999809265137,9.949999809265137,9.894935607910156,700,0.0,0.0
2019-02-04 00:00:00-05:00,9.920000076293945,9.949999809265137,9.829999923706055,9.829999923706055,9.775598526000977,92000,0.0,0.0
2019-02-05 00:00:00-05:00,9.869999885559082,9.869999885559082,9.84000015258789,9.859999656677246,9.80543327331543,594400,0.0,0.0
2019-02-06 00:00:00-05:00,9.880000114440918,9.949999809265137,9.869999885559082,9.949999809265137,9.894935607910156,6300,0.0,0.0
2019-02-07 00:00:00-05:00,9.899999618530273,9.949999809265137,9.899999618530273,9.949999809265137,9.894935607910156,8800,0.0,0.0
2019-02-08 00:00:00-05:00,9.930000305175781,9.949999809265137,9.930000305175781,9.949999809265137,9.894935607910156,1800,0.0,0.0
2019-02-11 00:00:00-05:00,9.9399995803833,9.9399995803833,9.885000228881836,9.9399995803833,9.884992599487305,4000,0.0,0.0
2019-02-12 00:00:00-05:00,9.930000305175781,9.979999542236328,9.930000305175781,9.979999542236328,9.924768447875977,51100,0.0,0.0
2019-02-13 00:00:00-05:00,9.979999542236328,9.979999542236328,9.920000076293945,9.930000305175781,9.875046730041504,15100,0.0,0.0
2019-02-14 00:00:00-05:00,9.920000076293945,9.949999809265137,9.890000343322754,9.930000305175781,9.875046730041504,600700,0.0,0.0
2019-02-15 00:00:00-05:00,9.880000114440918,9.949999809265137,9.880000114440918,9.890000343322754,9.835270881652832,7400,0.0,0.0
2019-02-19 00:00:00-05:00,9.949999809265137,9.949999809265137,9.890000343322754,9.890000343322754,9.835270881652832,3100,0.0,0.0
2019-02-20 00:00:00-05:00,9.899999618530273,9.899999618530273,9.859999656677246,9.859999656677246,9.80543327331543,92700,0.0,0.0
2019-02-21 00:00:00-05:00,9.949999809265137,9.949999809265137,9.949999809265137,9.949999809265137,9.894935607910156,2700,0.0,0.0
2019-02-22 00:00:00-05:00,9.9350004196167,9.9399995803833,9.899999618530273,9.899999618530273,9.845212936401367,3000,0.0,0.0
2019-02-25 00:00:00-05:00,9.899999618530273,9.899999618530273,9.899999618530273,9.899999618530273,9.845212936401367,100,0.0,0.0
2019-02-26 00:00:00-05:00,9.930000305175781,9.949999809265137,9.90999984741211,9.949999809265137,9.894935607910156,3300,0.0,0.0
2019-02-27 00:00:00-05:00,9.920000076293945,9.949999809265137,9.880000114440918,9.930000305175781,9.875046730041504,74000,0.0,0.0
2019-02-28 00:00:00-05:00,9.930000305175781,9.930000305175781,9.930000305175781,9.930000305175781,9.875046730041504,0,0.0,0.0
2019-03-01 00:00:00-05:00,9.949999809265137,9.949999809265137,9.9399995803833,9.9399995803833,9.884992599487305,23600,0.0,0.0
2019-03-04 00:00:00-05:00,9.930000305175781,9.949999809265137,9.930000305175781,9.949999809265137,9.894935607910156,1400,0.0,0.0
2019-03-05 00:00:00-05:00,9.930000305175781,10.0,9.930000305175781,10.0,9.944657325744629,488600,0.0,0.0
2019-03-06 00:00:00-05:00,10.0,10.029999732971191,9.949999809265137,10.029999732971191,9.974492073059082,9300,0.0,0.0
2019-03-07 00:00:00-05:00,10.0,10.010000228881836,9.970000267028809,9.970000267028809,9.914825439453125,52200,0.0,0.0
2019-03-08 00:00:00-05:00,9.970000267028809,9.970000267028809,9.949000358581543,9.970000267028809,9.914825439453125,11600,0.0,0.0
2019-03-11 00:00:00-04:00,9.949999809265137,9.970000267028809,9.949999809265137,9.960000038146973,9.90488052368164,140100,0.0,0.0
2019-03-12 00:00:00-04:00,9.970000267028809,9.970000267028809,9.930000305175781,9.930000305175781,9.875046730041504,65800,0.0,0.0
2019-03-13 00:00:00-04:00,9.970000267028809,9.979999542236328,9.949999809265137,9.949999809265137,9.894935607910156,513800,0.0,0.0
2019-03-14 00:00:00-04:00,9.949999809265137,9.970000267028809,9.949999809265137,9.949999809265137,9.894935607910156,10200,0.0,0.0
2019-03-15 00:00:00-04:00,9.9399995803833,9.979999542236328,9.9399995803833,9.979999542236328,9.924768447875977,800,0.0,0.0
2019-03-18 00:00:00-04:00,9.970000267028809,9.989999771118164,9.970000267028809,9.989999771118164,9.934714317321777,8100,0.0,0.0
2019-03-19 00:00:00-04:00,10.0,10.0,9.970000267028809,9.979999542236328,9.924768447875977,133700,0.0,0.0
2019-03-20 00:00:00-04:00,9.984000205993652,9.989999771118164,9.970000267028809,9.970000267028809,9.914825439453125,127200,0.0,0.0
2019-03-21 00:00:00-04:00,9.949999809265137,9.960000038146973,9.9399995803833,9.9399995803833,9.884992599487305,3800,0.0,0.0
2019-03-22 00:00:00-04:00,9.989999771118164,9.989999771118164,9.9399995803833,9.949999809265137,9.894935607910156,198000,0.0,0.0
2019-03-25 00:00:00-04:00,9.989999771118164,9.989999771118164,9.970000267028809,9.970000267028809,9.914825439453125,1800,0.0,0.0
2019-03-26 00:00:00-04:00,9.989999771118164,10.039999961853027,9.989999771118164,10.010000228881836,9.954604148864746,238100,0.0,0.0
2019-03-27 00:00:00-04:00,9.989999771118164,10.020000457763672,9.970000267028809,9.989999771118164,9.934714317321777,141400,0.0,0.0
2019-03-28 00:00:00-04:00,10.029999732971191,10.029999732971191,9.994999885559082,9.998000144958496,9.942669868469238,800,0.0,0.0
2019-03-29 00:00:00-04:00,10.015999794006348,10.050000190734863,10.0,10.020000457763672,9.964548110961914,122000,0.0,0.0
2019-04-01 00:00:00-04:00,10.010000228881836,10.010000228881836,9.989999771118164,9.989999771118164,9.934714317321777,92600,0.0,0.0
2019-04-02 00:00:00-04:00,10.010000228881836,10.010000228881836,9.989999771118164,10.0,9.944657325744629,31700,0.0,0.0
2019-04-03 00:00:00-04:00,10.029999732971191,10.029999732971191,10.0,10.020000457763672,9.964548110961914,71100,0.0,0.0
2019-04-04 00:00:00-04:00,10.029999732971191,10.029999732971191,9.970000267028809,9.970000267028809,9.914825439453125,361600,0.0,0.0
2019-04-05 00:00:00-04:00,10.015000343322754,10.029999732971191,10.010000228881836,10.010000228881836,9.954604148864746,261200,0.0,0.0
2019-04-08 00:00:00-04:00,10.0600004196167,10.0600004196167,10.019000053405762,10.029999732971191,9.974492073059082,1300,0.0,0.0
2019-04-09 00:00:00-04:00,10.0,10.0,10.0,10.0,9.944657325744629,200,0.0,0.0
2019-04-10 00:00:00-04:00,10.0,10.020000457763672,10.0,10.0,9.944657325744629,3100,0.0,0.0
2019-04-11 00:00:00-04:00,10.015000343322754,10.015000343322754,9.989999771118164,9.989999771118164,9.934714317321777,700,0.0,0.0
2019-04-12 00:00:00-04:00,10.050000190734863,10.050000190734863,10.0,10.0,9.944657325744629,4600,0.0,0.0
2019-04-15 00:00:00-04:00,10.020000457763672,10.069999694824219,10.020000457763672,10.069999694824219,10.014273643493652,700,0.0,0.0
2019-04-16 00:00:00-04:00,10.069999694824219,10.069999694824219,10.069999694824219,10.069999694824219,10.014273643493652,100,0.0,0.0
2019-04-17 00:00:00-04:00,10.050000190734863,10.050000190734863,10.050000190734863,10.050000190734863,9.994382858276367,7100,0.0,0.0
2019-04-18 00:00:00-04:00,10.050000190734863,10.050000190734863,10.050000190734863,10.050000190734863,9.994382858276367,0,0.0,0.0
2019-04-22 00:00:00-04:00,10.019000053405762,10.0600004196167,10.010000228881836,10.010000228881836,9.954604148864746,286100,0.0,0.0
2019-04-23 00:00:00-04:00,10.0600004196167,10.079999923706055,10.0600004196167,10.0600004196167,10.004328727722168,360300,0.0,0.0
2019-04-24 00:00:00-04:00,10.069999694824219,10.100000381469727,10.065999984741211,10.100000381469727,10.04410457611084,54600,0.0,0.0
2019-04-25 00:00:00-04:00,10.079999923706055,10.079999923706055,10.069999694824219,10.079999923706055,10.024216651916504,300700,0.0,0.0
2019-04-26 00:00:00-04:00,10.119999885559082,10.119999885559082,10.119999885559082,10.119999885559082,10.063995361328125,500,0.0,0.0
2019-04-29 00:00:00-04:00,10.062999725341797,10.100000381469727,10.062999725341797,10.100000381469727,10.04410457611084,326000,0.0,0.0
2019-04-30 00:00:00-04:00,10.119999885559082,10.119999885559082,10.119999885559082,10.119999885559082,10.063995361328125,700,0.0,0.0
2019-05-01 00:00:00-04:00,10.149999618530273,10.149999618530273,10.100000381469727,10.119999885559082,10.063995361328125,24200,0.0,0.0
2019-05-02 00:00:00-04:00,10.119999885559082,10.119999885559082,10.100000381469727,10.100000381469727,10.04410457611084,700,0.0,0.0
2019-05-03 00:00:00-04:00,10.100000381469727,10.100000381469727,10.100000381469727,10.100000381469727,10.04410457611084,800,0.0,0.0
2019-05-06 00:00:00-04:00,10.050000190734863,10.100000381469727,10.050000190734863,10.100000381469727,10.04410457611084,53000,0.0,0.0
2019-05-07 00:00:00-04:00,10.09000015258789,10.09000015258789,10.09000015258789,10.09000015258789,10.034161567687988,2200,0.0,0.0
2019-05-08 00:00:00-04:00,10.109999656677246,10.109999656677246,10.109999656677246,10.109999656677246,10.054051399230957,200,0.0,0.0
2019-05-09 00:00:00-04:00,10.100000381469727,10.100000381469727,10.0600004196167,10.0600004196167,10.004328727722168,2000,0.0,0.0
2019-05-10 00:00:00-04:00,10.086000442504883,10.086000442504883,10.079999923706055,10.079999923706055,10.024216651916504,19700,0.0,0.0
2019-05-13 00:00:00-04:00,10.050000190734863,10.0600004196167,10.050000190734863,10.0600004196167,10.004328727722168,300,0.0,0.0
2019-05-14 00:00:00-04:00,10.08899974822998,10.100000381469727,10.079999923706055,10.079999923706055,10.024216651916504,4400,0.0,0.0
2019-05-15 00:00:00-04:00,10.130000114440918,10.130000114440918,10.09000015258789,10.100000381469727,10.04410457611084,900,0.0,0.0
2019-05-16 00:00:00-04:00,10.100000381469727,10.100000381469727,10.100000381469727,10.100000381469727,10.04410457611084,52100,0.0,0.0
2019-05-17 00:00:00-04:00,10.100000381469727,10.100000381469727,10.100000381469727,10.100000381469727,10.04410457611084,100,0.0,0.0
2019-05-20 00:00:00-04:00,10.09000015258789,10.09000015258789,10.09000015258789,10.09000015258789,10.034161567687988,5000,0.0,0.0
2019-05-21 00:00:00-04:00,10.119999885559082,10.119999885559082,10.09000015258789,10.09000015258789,10.034161567687988,5700,0.0,0.0
2019-05-22 00:00:00-04:00,10.100000381469727,10.100000381469727,10.09000015258789,10.09000015258789,10.034161567687988,7300,0.0,0.0
2019-05-23 00:00:00-04:00,10.100000381469727,10.100000381469727,10.0600004196167,10.0600004196167,10.004328727722168,25100,0.0,0.0
2019-05-24 00:00:00-04:00,10.079999923706055,10.100000381469727,10.069999694824219,10.069999694824219,10.014273643493652,755200,0.0,0.0
2019-05-28 00:00:00-04:00,10.079999923706055,10.100000381469727,10.069999694824219,10.069999694824219,10.014273643493652,2406800,0.0,0.0
2019-05-29 00:00:00-04:00,10.085000038146973,10.09000015258789,10.079999923706055,10.079999923706055,10.024216651916504,54800,0.0,0.0
2019-05-30 00:00:00-04:00,10.140000343322754,10.140000343322754,10.069999694824219,10.079999923706055,10.024216651916504,342700,0.0,0.0
2019-05-31 00:00:00-04:00,10.085000038146973,10.09000015258789,10.069999694824219,10.079999923706055,10.024216651916504,1500,0.0,0.0
2019-06-03 00:00:00-04:00,10.1899995803833,10.1899995803833,10.100000381469727,10.100000381469727,10.04410457611084,39700,0.0,0.0
2019-06-04 00:00:00-04:00,10.100000381469727,10.100000381469727,10.069999694824219,10.100000381469727,10.04410457611084,11900,0.0,0.0
2019-06-05 00:00:00-04:00,10.100000381469727,10.100000381469727,10.100000381469727,10.100000381469727,10.04410457611084,400,0.0,0.0
2019-06-06 00:00:00-04:00,10.086000442504883,10.09000015258789,10.069999694824219,10.09000015258789,10.034161567687988,3000,0.0,0.0
2019-06-07 00:00:00-04:00,10.100000381469727,10.100000381469727,10.09000015258789,10.100000381469727,10.04410457611084,35200,0.0,0.0
2019-06-10 00:00:00-04:00,10.097000122070312,10.097000122070312,10.09000015258789,10.09000015258789,10.034161567687988,28600,0.0,0.0
2019-06-11 00:00:00-04:00,10.088000297546387,10.088000297546387,10.086999893188477,10.086999893188477,10.031177520751953,1000,0.0,0.0
2019-06-12 00:00:00-04:00,10.100000381469727,10.100000381469727,10.100000381469727,10.100000381469727,10.04410457611084,10700,0.0,0.0
2019-06-13 00:00:00-04:00,10.09000015258789,10.100000381469727,10.09000015258789,10.09000015258789,10.034161567687988,20600,0.0,0.0
2019-06-14 00:00:00-04:00,10.09000015258789,10.140000343322754,10.09000015258789,10.100000381469727,10.04410457611084,3270100,0.0,0.0
2019-06-17 00:00:00-04:00,10.100000381469727,10.100000381469727,10.100000381469727,10.100000381469727,10.04410457611084,0,0.0,0.0
2019-06-18 00:00:00-04:00,10.100000381469727,10.140000343322754,10.100000381469727,10.100000381469727,10.04410457611084,700,0.0,0.0
2019-06-19 00:00:00-04:00,10.100000381469727,10.109999656677246,10.100000381469727,10.109999656677246,10.054051399230957,500,0.0,0.0
2019-06-20 00:00:00-04:00,10.109999656677246,10.119999885559082,10.109999656677246,10.109999656677246,10.054051399230957,1200,0.0,0.0
2019-06-21 00:00:00-04:00,10.140000343322754,10.1899995803833,10.140000343322754,10.1899995803833,10.133607864379883,8700,0.0,0.0
2019-06-24 00:00:00-04:00,10.180000305175781,10.180000305175781,10.149999618530273,10.149999618530273,10.093828201293945,11100,0.0,0.0
2019-06-25 00:00:00-04:00,10.105999946594238,10.15999984741211,10.105999946594238,10.130000114440918,10.07394027709961,112200,0.0,0.0
2019-06-26 00:00:00-04:00,10.140000343322754,10.15999984741211,10.140000343322754,10.140000343322754,10.083883285522461,301500,0.0,0.0
2019-06-27 00:00:00-04:00,10.140000343322754,10.170000076293945,10.100000381469727,10.119999885559082,10.063995361328125,776500,0.0,0.0
2019-06-28 00:00:00-04:00,10.130000114440918,10.140000343322754,10.100000381469727,10.140000343322754,10.083883285522461,9600,0.0,0.0
2019-07-01 00:00:00-04:00,10.119999885559082,10.119999885559082,10.109999656677246,10.109999656677246,10.054051399230957,1800,0.0,0.0
2019-07-02 00:00:00-04:00,10.140000343322754,10.140000343322754,10.100000381469727,10.140000343322754,10.083883285522461,46700,0.0,0.0
2019-07-03 00:00:00-04:00,10.140000343322754,10.140000343322754,10.140000343322754,10.140000343322754,10.083883285522461,125200,0.0,0.0
2019-07-05 00:00:00-04:00,10.140000343322754,10.140000343322754,10.130000114440918,10.130000114440918,10.07394027709961,95700,0.0,0.0
2019-07-08 00:00:00-04:00,10.140000343322754,10.1899995803833,10.119999885559082,10.15999984741211,10.10377311706543,1561300,0.0,0.0
2019-07-09 00:00:00-04:00,10.15999984741211,10.164999961853027,10.15999984741211,10.164999961853027,10.108747482299805,600,0.0,0.0
2019-07-10 00:00:00-04:00,10.220000267028809,10.220000267028809,10.180000305175781,10.199999809265137,10.143552780151367,2800,0.0,0.0
2019-07-11 00:00:00-04:00,10.210000038146973,10.210000038146973,10.15999984741211,10.170000076293945,10.113718032836914,107400,0.0,0.0
2019-07-12 00:00:00-04:00,10.220000267028809,10.220000267028809,10.180000305175781,10.180000305175781,10.123663902282715,109800,0.0,0.0
2019-07-15 00:00:00-04:00,10.1899995803833,10.1899995803833,10.1899995803833,10.1899995803833,10.133607864379883,10100,0.0,0.0
2019-07-16 00:00:00-04:00,10.1899995803833,10.1899995803833,10.1899995803833,10.1899995803833,10.133607864379883,100,0.0,0.0
2019-07-17 00:00:00-04:00,10.149999618530273,10.149999618530273,10.149999618530273,10.149999618530273,10.093828201293945,155000,0.0,0.0
2019-07-18 00:00:00-04:00,10.109999656677246,10.199999809265137,10.109999656677246,10.15999984741211,10.10377311706543,2091500,0.0,0.0
2019-07-19 00:00:00-04:00,10.09000015258789,10.210000038146973,10.09000015258789,10.180000305175781,10.123663902282715,4600,0.0,0.0
2019-07-22 00:00:00-04:00,10.199999809265137,10.199999809265137,10.199999809265137,10.199999809265137,10.143552780151367,200,0.0,0.0
2019-07-23 00:00:00-04:00,10.199999809265137,10.199999809265137,10.199999809265137,10.199999809265137,10.143552780151367,100,0.0,0.0
2019-07-24 00:00:00-04:00,10.15999984741211,10.210000038146973,10.15999984741211,10.210000038146973,10.153496742248535,1500,0.0,0.0
2019-07-25 00:00:00-04:00,10.270000457763672,10.270000457763672,10.130000114440918,10.180000305175781,10.123663902282715,162800,0.0,0.0
2019-07-26 00:00:00-04:00,10.25,10.25,10.15999984741211,10.229999542236328,10.173385620117188,50700,0.0,0.0
2019-07-29 00:00:00-04:00,10.140000343322754,10.239999771118164,10.140000343322754,10.220000267028809,10.16344165802002,20200,0.0,0.0
2019-07-30 00:00:00-04:00,10.220000267028809,10.25,10.199999809265137,10.25,10.193276405334473,34900,0.0,0.0
2019-07-31 00:00:00-04:00,10.25,10.25,10.170000076293945,10.1899995803833,10.133607864379883,40400,0.0,0.0
2019-08-01 00:00:00-04:00,10.100000381469727,10.239999771118164,10.100000381469727,10.199999809265137,10.143552780151367,226400,0.0,0.0
2019-08-02 00:00:00-04:00,10.270000457763672,10.270000457763672,10.149999618530273,10.25,10.193276405334473,62600,0.0,0.0
2019-08-05 00:00:00-04:00,10.229999542236328,10.25,10.180000305175781,10.180000305175781,10.123663902282715,600,0.0,0.0
2019-08-06 00:00:00-04:00,10.25,10.25,10.220000267028809,10.220000267028809,10.16344165802002,21000,0.0,0.0
2019-08-07 00:00:00-04:00,10.130000114440918,10.25,10.130000114440918,10.180000305175781,10.123663902282715,57600,0.0,0.0
2019-08-08 00:00:00-04:00,10.170000076293945,10.220000267028809,10.170000076293945,10.180000305175781,10.123663902282715,5800,0.0,0.0
2019-08-09 00:00:00-04:00,10.100000381469727,10.25,10.100000381469727,10.1899995803833,10.133607864379883,19600,0.0,0.0
2019-08-12 00:00:00-04:00,10.100000381469727,10.25,10.100000381469727,10.1899995803833,10.133607864379883,19600,0.0,0.0
2019-08-13 00:00:00-04:00,10.180000305175781,10.25,10.180000305175781,10.229999542236328,10.173385620117188,10800,0.0,0.0
2019-08-14 00:00:00-04:00,10.210000038146973,10.25,10.210000038146973,10.25,10.193276405334473,1900,0.0,0.0
2019-08-15 00:00:00-04:00,10.220000267028809,10.239999771118164,10.210000038146973,10.239999771118164,10.183333396911621,13800,0.0,0.0
2019-08-16 00:00:00-04:00,10.229999542236328,10.239999771118164,10.229999542236328,10.239999771118164,10.183333396911621,1400,0.0,0.0
2019-08-19 00:00:00-04:00,10.239999771118164,10.289999961853027,10.239999771118164,10.244999885559082,10.188304901123047,10100,0.0,0.0
2019-08-20 00:00:00-04:00,10.25,10.25,10.119999885559082,10.119999885559082,10.063995361328125,9300,0.0,0.0
2019-08-21 00:00:00-04:00,10.25,10.25,10.25,10.25,10.193276405334473,100,0.0,0.0
2019-08-22 00:00:00-04:00,10.239999771118164,10.25,10.170000076293945,10.25,10.193276405334473,7200,0.0,0.0
2019-08-23 00:00:00-04:00,10.225000381469727,10.229999542236328,10.194999694824219,10.194999694824219,10.138580322265625,6400,0.0,0.0
2019-08-26 00:00:00-04:00,10.199999809265137,10.239999771118164,10.1899995803833,10.220000267028809,10.16344165802002,121800,0.0,0.0
2019-08-27 00:00:00-04:00,10.289999961853027,10.289999961853027,10.199999809265137,10.199999809265137,10.143552780151367,900,0.0,0.0
2019-08-28 00:00:00-04:00,10.199999809265137,10.199999809265137,10.1899995803833,10.1899995803833,10.133607864379883,2200,0.0,0.0
2019-08-29 00:00:00-04:00,10.192999839782715,10.192999839782715,10.170000076293945,10.170000076293945,10.113718032836914,800,0.0,0.0
2019-08-30 00:00:00-04:00,10.199999809265137,10.25,10.199999809265137,10.25,10.193276405334473,1200,0.0,0.0
2019-09-03 00:00:00-04:00,10.199999809265137,10.25,10.1850004196167,10.229999542236328,10.173385620117188,124900,0.0,0.0
2019-09-04 00:00:00-04:00,10.239999771118164,10.239999771118164,10.232999801635742,10.232999801635742,10.176369667053223,600,0.0,0.0
2019-09-05 00:00:00-04:00,10.229999542236328,10.229999542236328,10.229999542236328,10.229999542236328,10.173385620117188,300,0.0,0.0
2019-09-06 00:00:00-04:00,10.220000267028809,10.220000267028809,10.1899995803833,10.1899995803833,10.133607864379883,206200,0.0,0.0
2019-09-09 00:00:00-04:00,10.1899995803833,10.199999809265137,10.1899995803833,10.1899995803833,10.133607864379883,383500,0.0,0.0
2019-09-10 00:00:00-04:00,10.220000267028809,10.220000267028809,10.1899995803833,10.1899995803833,10.133607864379883,300,0.0,0.0
2019-09-11 00:00:00-04:00,10.1899995803833,10.199999809265137,10.1899995803833,10.199999809265137,10.143552780151367,10200,0.0,0.0
2019-09-12 00:00:00-04:00,10.229999542236328,10.239999771118164,10.1899995803833,10.199999809265137,10.143552780151367,4300,0.0,0.0
2019-09-13 00:00:00-04:00,10.199999809265137,10.239999771118164,10.199999809265137,10.239999771118164,10.183333396911621,59600,0.0,0.0
2019-09-16 00:00:00-04:00,10.210000038146973,10.229999542236328,10.199999809265137,10.220000267028809,10.16344165802002,392900,0.0,0.0
2019-09-17 00:00:00-04:00,10.1899995803833,10.229999542236328,10.1899995803833,10.220000267028809,10.16344165802002,4000,0.0,0.0
2019-09-18 00:00:00-04:00,10.220000267028809,10.220000267028809,10.199999809265137,10.220000267028809,10.16344165802002,29500,0.0,0.0
2019-09-19 00:00:00-04:00,10.25,10.25,10.220000267028809,10.220000267028809,10.16344165802002,24800,0.0,0.0
2019-09-20 00:00:00-04:00,10.199999809265137,10.279999732971191,10.199999809265137,10.279999732971191,10.223111152648926,333100,0.0,0.0
2019-09-23 00:00:00-04:00,10.390000343322754,10.390000343322754,10.229999542236328,10.25,10.193276405334473,57400,0.0,0.0
2019-09-24 00:00:00-04:00,10.229999542236328,10.239999771118164,10.210000038146973,10.229999542236328,10.173385620117188,26100,0.0,0.0
2019-09-25 00:00:00-04:00,10.25,10.25,10.239999771118164,10.239999771118164,10.183333396911621,2900,0.0,0.0
2019-09-26 00:00:00-04:00,10.25,10.289999961853027,10.220000267028809,10.270000457763672,10.213164329528809,106400,0.0,0.0
2019-09-27 00:00:00-04:00,10.270000457763672,10.270000457763672,10.25,10.270000457763672,10.213164329528809,8700,0.0,0.0
2019-09-30 00:00:00-04:00,10.270000457763672,10.270000457763672,10.199999809265137,10.199999809265137,10.143552780151367,1100,0.0,0.0
2019-10-01 00:00:00-04:00,10.25,10.25,10.229999542236328,10.229999542236328,10.173385620117188,2300,0.0,0.0
2019-10-02 00:00:00-04:00,10.199999809265137,10.25,10.199999809265137,10.220000267028809,10.16344165802002,1300,0.0,0.0
2019-10-03 00:00:00-04:00,10.239999771118164,10.239999771118164,10.229999542236328,10.229999542236328,10.173385620117188,50800,0.0,0.0
2019-10-04 00:00:00-04:00,10.220000267028809,10.270000457763672,10.220000267028809,10.270000457763672,10.213164329528809,107500,0.0,0.0
2019-10-07 00:00:00-04:00,10.279999732971191,10.279999732971191,10.239999771118164,10.25,10.193276405334473,20600,0.0,0.0
2019-10-08 00:00:00-04:00,10.229999542236328,10.229999542236328,10.220000267028809,10.229999542236328,10.173385620117188,1100,0.0,0.0
2019-10-09 00:00:00-04:00,10.229999542236328,10.25,10.229999542236328,10.229999542236328,10.173385620117188,234200,0.0,0.0
2019-10-10 00:00:00-04:00,10.229999542236328,10.239999771118164,10.220000267028809,10.239999771118164,10.183333396911621,12200,0.0,0.0
2019-10-11 00:00:00-04:00,10.229999542236328,10.229999542236328,10.229999542236328,10.229999542236328,10.173385620117188,400,0.0,0.0
2019-10-14 00:00:00-04:00,10.229999542236328,10.25,10.229999542236328,10.229999542236328,10.173385620117188,74600,0.0,0.0
2019-10-15 00:00:00-04:00,10.25,10.300000190734863,10.220000267028809,10.220000267028809,10.16344165802002,128500,0.0,0.0
2019-10-16 00:00:00-04:00,10.279999732971191,10.279999732971191,10.239999771118164,10.239999771118164,10.183333396911621,4700,0.0,0.0
2019-10-17 00:00:00-04:00,10.244999885559082,10.25,10.199999809265137,10.220000267028809,10.16344165802002,263000,0.0,0.0
2019-10-18 00:00:00-04:00,10.220000267028809,10.220000267028809,10.220000267028809,10.220000267028809,10.16344165802002,100,0.0,0.0
2019-10-21 00:00:00-04:00,10.220000267028809,10.239999771118164,10.220000267028809,10.239999771118164,10.183333396911621,1500,0.0,0.0
2019-10-22 00:00:00-04:00,10.239999771118164,10.239999771118164,10.239999771118164,10.239999771118164,10.183333396911621,404000,0.0,0.0
2019-10-23 00:00:00-04:00,10.239999771118164,10.300000190734863,10.239999771118164,10.270000457763672,10.213164329528809,660200,0.0,0.0
2019-10-24 00:00:00-04:00,10.270000457763672,10.270000457763672,10.270000457763672,10.270000457763672,10.213164329528809,76200,0.0,0.0
2019-10-25 00:00:00-04:00,10.25,10.300000190734863,10.239999771118164,10.270000457763672,10.213164329528809,450600,0.0,0.0
2019-10-28 00:00:00-04:00,10.288000106811523,10.288000106811523,10.25,10.270000457763672,10.213164329528809,54300,0.0,0.0
2019-10-29 00:00:00-04:00,10.270000457763672,10.270000457763672,10.270000457763672,10.270000457763672,10.213164329528809,0,0.0,0.0
2019-10-30 00:00:00-04:00,10.274999618530273,10.279999732971191,10.274999618530273,10.279999732971191,10.223111152648926,200,0.0,0.0
2019-10-31 00:00:00-04:00,10.279999732971191,10.279999732971191,10.270000457763672,10.270000457763672,10.213164329528809,1400,0.0,0.0
2019-11-01 00:00:00-04:00,10.270000457763672,10.270000457763672,10.270000457763672,10.270000457763672,10.213164329528809,100,0.0,0.0
2019-11-04 00:00:00-05:00,10.270000457763672,10.270000457763672,10.270000457763672,10.270000457763672,10.213164329528809,100,0.0,0.0
2019-11-05 00:00:00-05:00,10.239999771118164,10.25,10.239999771118164,10.239999771118164,10.183333396911621,52100,0.0,0.0
2019-11-06 00:00:00-05:00,10.270000457763672,10.270000457763672,10.270000457763672,10.270000457763672,10.213164329528809,10000,0.0,0.0
2019-11-07 00:00:00-05:00,10.270000457763672,10.270000457763672,10.270000457763672,10.270000457763672,10.213164329528809,0,0.0,0.0
2019-11-08 00:00:00-05:00,10.270000457763672,10.279999732971191,10.239999771118164,10.239999771118164,10.183333396911621,45600,0.0,0.0
2019-11-11 00:00:00-05:00,10.239999771118164,10.239999771118164,10.239999771118164,10.239999771118164,10.183333396911621,0,0.0,0.0
2019-11-12 00:00:00-05:00,10.260000228881836,10.260000228881836,10.239999771118164,10.255000114440918,10.198248863220215,2231700,0.0,0.0
2019-11-13 00:00:00-05:00,10.239999771118164,10.25,10.229999542236328,10.239999771118164,10.183333396911621,1602300,0.0,0.0
2019-11-14 00:00:00-05:00,10.239999771118164,10.260000228881836,10.239999771118164,10.239999771118164,10.183333396911621,126100,0.0,0.0
2019-11-15 00:00:00-05:00,10.239999771118164,10.279999732971191,10.229999542236328,10.279999732971191,10.223111152648926,27800,0.0,0.0
2019-11-18 00:00:00-05:00,10.239999771118164,10.25,10.229999542236328,10.239999771118164,10.183333396911621,20700,0.0,0.0
2019-11-19 00:00:00-05:00,10.239999771118164,10.239999771118164,10.239999771118164,10.239999771118164,10.183333396911621,5000,0.0,0.0
2019-11-20 00:00:00-05:00,10.239999771118164,10.239999771118164,10.239999771118164,10.239999771118164,10.183333396911621,100,0.0,0.0
2019-11-21 00:00:00-05:00,10.25,10.25,10.25,10.25,10.193276405334473,27200,0.0,0.0
2019-11-22 00:00:00-05:00,10.229999542236328,10.25,10.229999542236328,10.25,10.193276405334473,500,0.0,0.0
2019-11-25 00:00:00-05:00,10.279999732971191,10.279999732971191,10.229999542236328,10.229999542236328,10.173385620117188,1650800,0.0,0.0
2019-11-26 00:00:00-05:00,10.239999771118164,10.239999771118164,10.229999542236328,10.229999542236328,10.173385620117188,5000,0.0,0.0
2019-11-27 00:00:00-05:00,10.229999542236328,10.229999542236328,10.229999542236328,10.229999542236328,10.173385620117188,0,0.0,0.0
2019-11-29 00:00:00-05:00,10.229999542236328,10.229999542236328,10.229999542236328,10.229999542236328,10.173385620117188,0,0.0,0.0
2019-12-02 00:00:00-05:00,10.260000228881836,10.350000381469727,10.248000144958496,10.350000381469727,10.292723655700684,2611000,0.0,0.0
2019-12-03 00:00:00-05:00,10.359999656677246,10.380000114440918,10.345000267028809,10.380000114440918,10.322555541992188,411600,0.0,0.0
2019-12-04 00:00:00-05:00,10.359999656677246,10.399999618530273,10.359999656677246,10.380000114440918,10.322555541992188,151500,0.0,0.0
2019-12-05 00:00:00-05:00,10.380000114440918,10.380000114440918,10.350000381469727,10.375,10.317584991455078,5000,0.0,0.0
2019-12-06 00:00:00-05:00,10.380000114440918,10.390000343322754,10.380000114440918,10.390000343322754,10.332499504089355,2900,0.0,0.0
2019-12-09 00:00:00-05:00,10.399999618530273,10.454999923706055,10.390000343322754,10.449999809265137,10.392168998718262,665100,0.0,0.0
2019-12-10 00:00:00-05:00,10.710000038146973,11.050000190734863,10.59000015258789,10.619999885559082,10.56122875213623,20965500,0.0,0.0
2019-12-11 00:00:00-05:00,10.829999923706055,11.100000381469727,10.699999809265137,11.039999961853027,10.978904724121094,8038900,0.0,0.0
2019-12-12 00:00:00-05:00,11.100000381469727,11.5,11.039999961853027,11.069999694824219,11.008737564086914,6818900,0.0,0.0
2019-12-13 00:00:00-05:00,11.100000381469727,11.140000343322754,10.90999984741211,10.9399995803833,10.879456520080566,1196200,0.0,0.0
2019-12-16 00:00:00-05:00,11.0,11.039999961853027,10.84000015258789,10.899999618530273,10.839677810668945,372400,0.0,0.0
2019-12-17 00:00:00-05:00,10.9399995803833,11.039999961853027,10.800000190734863,10.890000343322754,10.829734802246094,1448400,0.0,0.0
2019-12-18 00:00:00-05:00,10.850000381469727,10.899999618530273,10.800000190734863,10.850000381469727,10.789955139160156,256800,0.0,0.0
2019-12-19 00:00:00-05:00,10.84000015258789,10.899999618530273,10.8100004196167,10.859999656677246,10.79990005493164,295600,0.0,0.0
2019-12-20 00:00:00-05:00,10.850000381469727,11.010000228881836,10.850000381469727,10.979999542236328,10.919238090515137,2357300,0.0,0.0
2019-12-23 00:00:00-05:00,10.979999542236328,11.029999732971191,10.920000076293945,10.949999809265137,10.889400482177734,223900,0.0,0.0
2019-12-24 00:00:00-05:00,10.9399995803833,11.0,10.850000381469727,10.899999618530273,10.839677810668945,275700,0.0,0.0
2019-12-26 00:00:00-05:00,10.949999809265137,10.963000297546387,10.899999618530273,10.920000076293945,10.859566688537598,501700,0.0,0.0
2019-12-27 00:00:00-05:00,10.949999809265137,10.979999542236328,10.899999618530273,10.9399995803833,10.879456520080566,809900,0.0,0.0
2019-12-30 00:00:00-05:00,11.010000228881836,11.010000228881836,10.899999618530273,10.920000076293945,10.859566688537598,421200,0.0,0.0
2019-12-31 00:00:00-05:00,10.949999809265137,11.039999961853027,10.949999809265137,11.029999732971191,10.968958854675293,1540500,0.0,0.0
2020-01-02 00:00:00-05:00,11.119999885559082,11.289999961853027,11.010000228881836,11.220000267028809,11.15790843963623,1033800,0.0,0.0
2020-01-03 00:00:00-05:00,11.1899995803833,11.270000457763672,11.130000114440918,11.239999771118164,11.177793502807617,646300,0.0,0.0
2020-01-06 00:00:00-05:00,11.170000076293945,11.383000373840332,11.170000076293945,11.319999694824219,11.257353782653809,954000,0.0,0.0
2020-01-07 00:00:00-05:00,11.25,11.5,11.25,11.40999984741211,11.346856117248535,1311300,0.0,0.0
2020-01-08 00:00:00-05:00,11.399999618530273,11.479999542236328,11.359999656677246,11.449999809265137,11.386635780334473,1258800,0.0,0.0
2020-01-09 00:00:00-05:00,11.5,11.829999923706055,11.479999542236328,11.75,11.684975624084473,3353900,0.0,0.0
2020-01-10 00:00:00-05:00,11.829999923706055,11.880000114440918,11.520000457763672,11.670000076293945,11.605416297912598,3927900,0.0,0.0
2020-01-13 00:00:00-05:00,11.579999923706055,11.770000457763672,11.5600004196167,11.670000076293945,11.605416297912598,1175900,0.0,0.0
2020-01-14 00:00:00-05:00,11.739999771118164,11.829999923706055,11.649999618530273,11.699999809265137,11.63525104522705,564700,0.0,0.0
2020-01-15 00:00:00-05:00,11.75,11.859999656677246,11.630000114440918,11.710000038146973,11.645196914672852,1517700,0.0,0.0
2020-01-16 00:00:00-05:00,11.699999809265137,11.90999984741211,11.670000076293945,11.670000076293945,11.605416297912598,684500,0.0,0.0
2020-01-17 00:00:00-05:00,11.699999809265137,11.699999809265137,11.399999618530273,11.399999618530273,11.33691120147705,1550800,0.0,0.0
2020-01-21 00:00:00-05:00,11.59000015258789,11.6899995803833,11.470000267028809,11.5,11.436358451843262,1932700,0.0,0.0
2020-01-22 00:00:00-05:00,11.520000457763672,11.720000267028809,11.5,11.59000015258789,11.525861740112305,1907400,0.0,0.0
2020-01-23 00:00:00-05:00,11.550000190734863,11.753000259399414,11.40999984741211,11.699999809265137,11.63525104522705,2965800,0.0,0.0
2020-01-24 00:00:00-05:00,11.699999809265137,12.15999984741211,11.699999809265137,11.90999984741211,11.844090461730957,3502700,0.0,0.0
2020-01-27 00:00:00-05:00,11.829999923706055,12.279999732971191,11.770000457763672,12.15999984741211,12.092706680297852,4482000,0.0,0.0
2020-01-28 00:00:00-05:00,12.149999618530273,12.710000038146973,12.149999618530273,12.510000228881836,12.440768241882324,2480500,0.0,0.0
2020-01-29 00:00:00-05:00,12.5,12.949999809265137,12.399999618530273,12.630000114440918,12.560105323791504,2262300,0.0,0.0
2020-01-30 00:00:00-05:00,12.739999771118164,12.850000381469727,12.449999809265137,12.489999771118164,12.420879364013672,1207000,0.0,0.0
2020-01-31 00:00:00-05:00,12.470000267028809,12.5,12.279999732971191,12.399999618530273,12.331377029418945,2144000,0.0,0.0
2020-02-03 00:00:00-05:00,12.399999618530273,12.510000228881836,12.307999610900879,12.380000114440918,12.31148910522461,1195100,0.0,0.0
2020-02-04 00:00:00-05:00,12.470000267028809,12.869999885559082,12.350000381469727,12.6899995803833,12.619771957397461,1775000,0.0,0.0
2020-02-05 00:00:00-05:00,12.699999809265137,12.829999923706055,12.479999542236328,12.789999961853027,12.719219207763672,1138600,0.0,0.0
2020-02-06 00:00:00-05:00,12.770000457763672,13.539999961853027,12.619999885559082,12.859999656677246,12.78883171081543,2820800,0.0,0.0
2020-02-07 00:00:00-05:00,13.149999618530273,13.199999809265137,12.694999694824219,12.880000114440918,12.808722496032715,475700,0.0,0.0
2020-02-10 00:00:00-05:00,13.199999809265137,13.430000305175781,12.880000114440918,13.0,12.928057670593262,738000,0.0,0.0
2020-02-11 00:00:00-05:00,13.75,13.75,12.510000228881836,12.75,12.679441452026367,2963500,0.0,0.0
2020-02-12 00:00:00-05:00,12.739999771118164,13.149999618530273,12.5,12.5,12.430824279785156,1178300,0.0,0.0
2020-02-13 00:00:00-05:00,12.65999984741211,12.911999702453613,12.449999809265137,12.670000076293945,12.599884986877441,1863800,0.0,0.0
2020-02-14 00:00:00-05:00,13.100000381469727,13.178999900817871,12.800000190734863,13.0,12.928057670593262,2181800,0.0,0.0
2020-02-18 00:00:00-05:00,13.0,13.5,13.0,13.34000015258789,13.266175270080566,3368500,0.0,0.0
2020-02-19 00:00:00-05:00,13.449999809265137,13.5,13.34000015258789,13.460000038146973,13.385512351989746,1836400,0.0,0.0
2020-02-20 00:00:00-05:00,13.40999984741211,13.5,12.899999618530273,13.0,12.928057670593262,2199000,0.0,0.0
2020-02-21 00:00:00-05:00,13.34000015258789,13.34000015258789,12.699999809265137,12.850000381469727,12.778887748718262,2137000,0.0,0.0
2020-02-24 00:00:00-05:00,12.09000015258789,12.770000457763672,12.09000015258789,12.6899995803833,12.619771957397461,2670200,0.0,0.0
2020-02-25 00:00:00-05:00,12.84000015258789,13.0649995803833,12.199999809265137,12.5,12.430824279785156,3332900,0.0,0.0
2020-02-26 00:00:00-05:00,12.880000114440918,12.949999809265137,12.229999542236328,12.319999694824219,12.251819610595703,2051500,0.0,0.0
2020-02-27 00:00:00-05:00,12.199999809265137,12.569999694824219,11.649999618530273,11.84000015258789,11.774477005004883,3491200,0.0,0.0
2020-02-28 00:00:00-05:00,11.390000343322754,12.0,11.109999656677246,11.789999961853027,11.724751472473145,2810000,0.0,0.0
2020-03-02 00:00:00-05:00,11.800000190734863,11.9350004196167,11.239999771118164,11.760000228881836,11.694921493530273,1710000,0.0,0.0
2020-03-03 00:00:00-05:00,11.899999618530273,11.90999984741211,10.869999885559082,11.140000343322754,11.078351020812988,3235500,0.0,0.0
2020-03-04 00:00:00-05:00,11.350000381469727,11.630000114440918,11.069999694824219,11.239999771118164,11.177793502807617,3358000,0.0,0.0
2020-03-05 00:00:00-05:00,11.119999885559082,11.119999885559082,10.470000267028809,10.489999771118164,10.431946754455566,3424900,0.0,0.0
2020-03-06 00:00:00-05:00,10.3100004196167,10.34000015258789,9.59000015258789,10.0,9.944657325744629,3305500,0.0,0.0
2020-03-09 00:00:00-04:00,8.5,10.899999618530273,8.5,9.949999809265137,9.894935607910156,3629600,0.0,0.0
2020-03-10 00:00:00-04:00,10.09000015258789,11.345000267028809,10.029999732971191,11.100000381469727,11.03857135772705,3061800,0.0,0.0
2020-03-11 00:00:00-04:00,10.670000076293945,10.949999809265137,10.25,10.649999618530273,10.59106159210205,2294000,0.0,0.0
2020-03-12 00:00:00-04:00,10.220000267028809,10.399999618530273,8.619999885559082,8.699999809265137,8.651854515075684,4272800,0.0,0.0
2020-03-13 00:00:00-04:00,9.199999809265137,9.670000076293945,8.050000190734863,8.899999618530273,8.850747108459473,4997600,0.0,0.0
2020-03-16 00:00:00-04:00,7.889999866485596,7.889999866485596,6.699999809265137,7.730000019073486,7.687222003936768,5696100,0.0,0.0
2020-03-17 00:00:00-04:00,7.800000190734863,7.800000190734863,6.5,7.25,7.209877967834473,2917700,0.0,0.0
2020-03-18 00:00:00-04:00,6.75,6.760000228881836,5.0,5.570000171661377,5.539175510406494,5092500,0.0,0.0
2020-03-19 00:00:00-04:00,5.650000095367432,7.119999885559082,4.75,6.760000228881836,6.722589492797852,3926000,0.0,0.0
2020-03-20 00:00:00-04:00,6.659999847412109,7.400000095367432,6.650000095367432,7.360000133514404,7.319269180297852,3384100,0.0,0.0
2020-03-23 00:00:00-04:00,7.119999885559082,7.340000152587891,6.010000228881836,6.760000228881836,6.722589492797852,3538400,0.0,0.0
2020-03-24 00:00:00-04:00,7.110000133514404,7.679999828338623,7.090000152587891,7.679999828338623,7.637497425079346,3403000,0.0,0.0
2020-03-25 00:00:00-04:00,7.699999809265137,9.149999618530273,7.289999961853027,8.920000076293945,8.870635986328125,1863700,0.0,0.0
2020-03-26 00:00:00-04:00,8.649999618530273,9.0,8.579999923706055,8.880000114440918,8.83085823059082,2393600,0.0,0.0
2020-03-27 00:00:00-04:00,8.479999542236328,8.479999542236328,7.739999771118164,8.220000267028809,8.17451000213623,2577800,0.0,0.0
2020-03-30 00:00:00-04:00,8.1899995803833,8.34000015258789,7.989999771118164,8.140000343322754,8.094952583312988,1332700,0.0,0.0
2020-03-31 00:00:00-04:00,8.020000457763672,8.710000038146973,7.809999942779541,8.649999618530273,8.602130889892578,1628800,0.0,0.0
2020-04-01 00:00:00-04:00,8.539999961853027,8.640000343322754,7.909999847412109,8.069999694824219,8.025339126586914,2206300,0.0,0.0
2020-04-02 00:00:00-04:00,8.0600004196167,8.409000396728516,7.920000076293945,8.130000114440918,8.085007667541504,1339200,0.0,0.0
2020-04-03 00:00:00-04:00,8.100000381469727,8.170000076293945,7.659999847412109,7.900000095367432,7.856280326843262,1483100,0.0,0.0
2020-04-06 00:00:00-04:00,8.079999923706055,8.755000114440918,8.050000190734863,8.600000381469727,8.552407264709473,1415700,0.0,0.0
2020-04-07 00:00:00-04:00,9.020000457763672,9.279999732971191,8.100000381469727,8.140000343322754,8.094952583312988,1974700,0.0,0.0
2020-04-08 00:00:00-04:00,8.229999542236328,8.729999542236328,8.1899995803833,8.5,8.452959060668945,1550600,0.0,0.0
2020-04-09 00:00:00-04:00,8.800000190734863,9.359999656677246,8.75,9.1899995803833,9.139142036437988,2207500,0.0,0.0
2020-04-13 00:00:00-04:00,8.970000267028809,9.760000228881836,8.949999809265137,9.649999618530273,9.596596717834473,2202400,0.0,0.0
2020-04-14 00:00:00-04:00,9.720000267028809,10.369999885559082,9.720000267028809,9.880000114440918,9.825325012207031,2254300,0.0,0.0
2020-04-15 00:00:00-04:00,9.699999809265137,10.015000343322754,9.239999771118164,9.720000267028809,9.666210174560547,1091500,0.0,0.0
2020-04-16 00:00:00-04:00,9.770000457763672,10.149999618530273,9.670000076293945,10.0,9.944657325744629,1551100,0.0,0.0
2020-04-17 00:00:00-04:00,10.329999923706055,10.600000381469727,10.074999809265137,10.279999732971191,10.223111152648926,2105700,0.0,0.0
2020-04-20 00:00:00-04:00,10.130000114440918,10.600000381469727,9.850000381469727,10.260000228881836,10.203222274780273,865800,0.0,0.0
2020-04-21 00:00:00-04:00,10.079999923706055,10.319999694824219,9.760000228881836,9.979999542236328,9.924768447875977,2111300,0.0,0.0
2020-04-22 00:00:00-04:00,10.119999885559082,10.350000381469727,9.84000015258789,10.0,9.944657325744629,1884500,0.0,0.0
2020-04-23 00:00:00-04:00,10.010000228881836,10.380000114440918,9.869999885559082,10.09000015258789,10.034161567687988,981000,0.0,0.0
2020-04-24 00:00:00-04:00,10.229999542236328,10.470000267028809,10.039999961853027,10.260000228881836,10.203222274780273,753700,0.0,0.0
2020-04-27 00:00:00-04:00,10.399999618530273,10.569999694824219,10.210000038146973,10.369999885559082,10.312609672546387,1096800,0.0,0.0
2020-04-28 00:00:00-04:00,10.5,10.8100004196167,10.100000381469727,10.449999809265137,10.392168998718262,1192000,0.0,0.0
2020-04-29 00:00:00-04:00,10.710000038146973,10.859999656677246,10.5,10.649999618530273,10.59106159210205,1242400,0.0,0.0
2020-04-30 00:00:00-04:00,10.630000114440918,10.835000038146973,10.0600004196167,10.59000015258789,10.531393051147461,1567000,0.0,0.0
2020-05-01 00:00:00-04:00,10.420000076293945,10.59000015258789,9.819999694824219,10.289999961853027,10.233053207397461,2055300,0.0,0.0
2020-05-04 00:00:00-04:00,10.399999618530273,10.399999618530273,9.979999542236328,10.09000015258789,10.034161567687988,1527400,0.0,0.0
2020-05-05 00:00:00-04:00,10.130000114440918,10.5,10.100000381469727,10.399999618530273,10.342446327209473,2763700,0.0,0.0
2020-05-06 00:00:00-04:00,9.850000381469727,10.869999885559082,9.720000267028809,10.649999618530273,10.59106159210205,4518500,0.0,0.0
2020-05-07 00:00:00-04:00,11.029999732971191,11.359999656677246,10.789999961853027,10.869999885559082,10.809844970703125,2720500,0.0,0.0
2020-05-08 00:00:00-04:00,10.960000038146973,11.399999618530273,10.899999618530273,11.010000228881836,10.949069023132324,2308600,0.0,0.0
2020-05-11 00:00:00-04:00,11.229999542236328,11.800000190734863,11.0600004196167,11.539999961853027,11.476139068603516,2556400,0.0,0.0
2020-05-12 00:00:00-04:00,11.640000343322754,11.800000190734863,11.479999542236328,11.5600004196167,11.496026992797852,1971700,0.0,0.0
2020-05-13 00:00:00-04:00,11.529999732971191,11.649999618530273,11.069999694824219,11.239999771118164,11.177793502807617,2783000,0.0,0.0
2020-05-14 00:00:00-04:00,11.069999694824219,11.640000343322754,10.75,11.59000015258789,11.525861740112305,1927100,0.0,0.0
2020-05-15 00:00:00-04:00,11.5,11.630000114440918,11.279999732971191,11.449999809265137,11.386635780334473,1591700,0.0,0.0
2020-05-18 00:00:00-04:00,11.75,12.25,11.4399995803833,11.710000038146973,11.645196914672852,2161800,0.0,0.0
2020-05-19 00:00:00-04:00,11.6899995803833,12.180000305175781,11.649999618530273,11.75,11.684975624084473,1527600,0.0,0.0
2020-05-20 00:00:00-04:00,12.0,12.4399995803833,11.960000038146973,11.970000267028809,11.90375804901123,2236500,0.0,0.0
2020-05-21 00:00:00-04:00,12.010000228881836,12.300000190734863,11.770000457763672,12.020000457763672,11.953481674194336,2635400,0.0,0.0
2020-05-22 00:00:00-04:00,12.0600004196167,12.180000305175781,11.979999542236328,12.069999694824219,12.003204345703125,2370700,0.0,0.0
2020-05-26 00:00:00-04:00,12.470000267028809,12.579999923706055,12.210000038146973,12.489999771118164,12.420879364013672,3573400,0.0,0.0
2020-05-27 00:00:00-04:00,12.75,12.75,12.305000305175781,12.449999809265137,12.38110065460205,3815200,0.0,0.0
2020-05-28 00:00:00-04:00,12.550000190734863,12.800000190734863,12.25,12.550000190734863,12.480547904968262,1189100,0.0,0.0
2020-05-29 00:00:00-04:00,12.430000305175781,12.829999923706055,12.119999885559082,12.729999542236328,12.659551620483398,3242400,0.0,0.0
2020-06-01 00:00:00-04:00,12.75,13.609999656677246,12.729999542236328,13.3100004196167,13.236342430114746,2224700,0.0,0.0
2020-06-02 00:00:00-04:00,13.270000457763672,13.65999984741211,13.100000381469727,13.470000267028809,13.39545726776123,2440400,0.0,0.0
2020-06-03 00:00:00-04:00,13.600000381469727,14.005000114440918,13.4399995803833,13.920000076293945,13.842965126037598,2661900,0.0,0.0
2020-06-04 00:00:00-04:00,13.699999809265137,14.069999694824219,13.470000267028809,13.640000343322754,13.564516067504883,2451900,0.0,0.0
2020-06-05 00:00:00-04:00,13.960000038146973,14.420000076293945,13.680000305175781,14.0,13.922524452209473,2638000,0.0,0.0
2020-06-08 00:00:00-04:00,14.229999542236328,15.029999732971191,14.050000190734863,14.859999656677246,14.777763366699219,7791500,0.0,0.0
2020-06-09 00:00:00-04:00,14.6899995803833,15.050000190734863,14.15999984741211,14.220000267028809,14.14130687713623,2446200,0.0,0.0
2020-06-10 00:00:00-04:00,14.279999732971191,14.539999961853027,14.079999923706055,14.220000267028809,14.14130687713623,2268700,0.0,0.0
2020-06-11 00:00:00-04:00,13.779999732971191,14.020000457763672,13.4399995803833,13.539999961853027,13.465069770812988,2480500,0.0,0.0
2020-06-12 00:00:00-04:00,13.949999809265137,14.550000190734863,13.897000312805176,14.260000228881836,14.181082725524902,2562200,0.0,0.0
2020-06-15 00:00:00-04:00,13.960000038146973,14.3149995803833,13.869999885559082,14.239999771118164,14.161194801330566,2419600,0.0,0.0
2020-06-16 00:00:00-04:00,14.539999961853027,14.84000015258789,14.329999923706055,14.489999771118164,14.409811973571777,2556100,0.0,0.0
2020-06-17 00:00:00-04:00,14.609999656677246,14.609999656677246,13.930000305175781,14.15999984741211,14.08163833618164,4404800,0.0,0.0
2020-06-18 00:00:00-04:00,14.020000457763672,14.4399995803833,14.020000457763672,14.270000457763672,14.191027641296387,5284400,0.0,0.0
2020-06-19 00:00:00-04:00,14.34000015258789,14.470000267028809,13.760000228881836,13.819999694824219,13.74351978302002,5114600,0.0,0.0
2020-06-22 00:00:00-04:00,13.779999732971191,13.895000457763672,13.15999984741211,13.479999542236328,13.405401229858398,7418200,0.0,0.0
2020-06-23 00:00:00-04:00,13.770000457763672,14.010000228881836,13.430000305175781,13.579999923706055,13.504847526550293,7218300,0.0,0.0
2020-06-24 00:00:00-04:00,13.479999542236328,13.654999732971191,13.039999961853027,13.1899995803833,13.117005348205566,2230400,0.0,0.0
2020-06-25 00:00:00-04:00,13.1899995803833,13.270000457763672,12.670000076293945,12.979999542236328,12.908166885375977,2936700,0.0,0.0
2020-06-26 00:00:00-04:00,13.010000228881836,13.15999984741211,12.09000015258789,12.270000457763672,12.202096939086914,16064100,0.0,0.0
2020-06-29 00:00:00-04:00,12.420000076293945,13.109999656677246,12.109999656677246,13.109999656677246,13.03744888305664,2720700,0.0,0.0
2020-06-30 00:00:00-04:00,13.140000343322754,13.640000343322754,12.789999961853027,13.5600004196167,13.484957695007324,3386500,0.0,0.0
2020-07-01 00:00:00-04:00,13.5,14.039999961853027,13.369999885559082,13.970000267028809,13.892688751220703,3589000,0.0,0.0
2020-07-02 00:00:00-04:00,14.170000076293945,14.170000076293945,13.90999984741211,14.069999694824219,13.992136001586914,2013100,0.0,0.0
2020-07-06 00:00:00-04:00,14.289999961853027,14.350000381469727,13.875,13.970000267028809,13.892688751220703,1592700,0.0,0.0
2020-07-07 00:00:00-04:00,13.930000305175781,13.930000305175781,13.510000228881836,13.619999885559082,13.544628143310547,2169300,0.0,0.0
2020-07-08 00:00:00-04:00,13.609999656677246,13.970000267028809,13.609999656677246,13.829999923706055,13.75346565246582,3022300,0.0,0.0
2020-07-09 00:00:00-04:00,13.819999694824219,14.0,13.46500015258789,13.880000114440918,13.803186416625977,2176400,0.0,0.0
2020-07-10 00:00:00-04:00,13.920000076293945,14.010000228881836,13.680000305175781,13.899999618530273,13.823076248168945,1746900,0.0,0.0
2020-07-13 00:00:00-04:00,14.0,14.020000457763672,13.40999984741211,13.539999961853027,13.465069770812988,3101800,0.0,0.0
2020-07-14 00:00:00-04:00,13.449999809265137,13.890000343322754,13.449999809265137,13.850000381469727,13.773354530334473,1694500,0.0,0.0
2020-07-15 00:00:00-04:00,14.0,14.020000457763672,13.899999618530273,14.0,13.922524452209473,3458900,0.0,0.0
2020-07-16 00:00:00-04:00,13.949999809265137,14.045000076293945,13.8149995803833,13.880000114440918,13.803186416625977,1537400,0.0,0.0
2020-07-17 00:00:00-04:00,13.9399995803833,14.329999923706055,13.90999984741211,14.239999771118164,14.161194801330566,2680800,0.0,0.0
2020-07-20 00:00:00-04:00,14.40999984741211,14.569999694824219,13.9399995803833,13.989999771118164,13.912577629089355,1466700,0.0,0.0
2020-07-21 00:00:00-04:00,14.020000457763672,14.119999885559082,13.84000015258789,13.880000114440918,13.803186416625977,1519100,0.0,0.0
2020-07-22 00:00:00-04:00,13.850000381469727,13.850000381469727,13.539999961853027,13.760000228881836,13.683850288391113,2370200,0.0,0.0
2020-07-23 00:00:00-04:00,13.739999771118164,13.890000343322754,13.510000228881836,13.5600004196167,13.484957695007324,2122800,0.0,0.0
2020-07-24 00:00:00-04:00,13.5,13.579999923706055,13.210000038146973,13.579999923706055,13.504847526550293,1550900,0.0,0.0
2020-07-27 00:00:00-04:00,13.5600004196167,13.6899995803833,13.449999809265137,13.65999984741211,13.584406852722168,947900,0.0,0.0
2020-07-28 00:00:00-04:00,13.539999961853027,13.725000381469727,13.510000228881836,13.550000190734863,13.475013732910156,1183900,0.0,0.0
2020-07-29 00:00:00-04:00,13.609999656677246,14.020000457763672,13.609999656677246,14.0,13.922524452209473,1137500,0.0,0.0
2020-07-30 00:00:00-04:00,13.779999732971191,14.289999961853027,13.699999809265137,14.25,14.17113971710205,1261600,0.0,0.0
2020-07-31 00:00:00-04:00,14.300000190734863,14.569999694824219,14.069999694824219,14.5,14.419755935668945,1462100,0.0,0.0
2020-08-03 00:00:00-04:00,14.65999984741211,15.100000381469727,14.649999618530273,15.010000228881836,14.926935195922852,3192500,0.0,0.0
2020-08-04 00:00:00-04:00,15.239999771118164,15.550000190734863,14.829999923706055,15.199999809265137,15.11588191986084,2256100,0.0,0.0
2020-08-05 00:00:00-04:00,16.709999084472656,17.229999542236328,16.43000030517578,16.889999389648438,16.796525955200195,4644400,0.0,0.0
2020-08-06 00:00:00-04:00,16.950000762939453,16.989999771118164,16.100000381469727,16.420000076293945,16.329132080078125,3011200,0.0,0.0
2020-08-07 00:00:00-04:00,16.43000030517578,16.770000457763672,16.3799991607666,16.489999771118164,16.398744583129883,1753200,0.0,0.0
2020-08-10 00:00:00-04:00,16.639999389648438,17.1299991607666,16.639999389648438,16.8799991607666,16.78658676147461,2350200,0.0,0.0
2020-08-11 00:00:00-04:00,17.079999923706055,17.110000610351562,16.690000534057617,16.770000457763672,16.67719841003418,2344400,0.0,0.0
2020-08-12 00:00:00-04:00,16.030000686645508,16.5049991607666,15.630000114440918,15.760000228881836,15.672784805297852,4869500,0.0,0.0
2020-08-13 00:00:00-04:00,16.43000030517578,16.709999084472656,16.100000381469727,16.65999984741211,16.567800521850586,12446500,0.0,0.0
2020-08-14 00:00:00-04:00,16.690000534057617,16.799999237060547,16.290000915527344,16.299999237060547,16.209794998168945,2871700,0.0,0.0
2020-08-17 00:00:00-04:00,16.31999969482422,16.424999237060547,15.75,15.75,15.66283893585205,4364600,0.0,0.0
2020-08-18 00:00:00-04:00,15.75,15.930000305175781,15.5,15.5,15.414223670959473,3634400,0.0,0.0
2020-08-19 00:00:00-04:00,15.5,15.800000190734863,15.420000076293945,15.680000305175781,15.593225479125977,3102800,0.0,0.0
2020-08-20 00:00:00-04:00,15.630000114440918,16.3700008392334,15.449999809265137,16.200000762939453,16.110349655151367,3072500,0.0,0.0
2020-08-21 00:00:00-04:00,16.079999923706055,16.18000030517578,15.899999618530273,15.90999984741211,15.821953773498535,4479200,0.0,0.0
2020-08-24 00:00:00-04:00,16.010000228881836,16.545000076293945,16.010000228881836,16.5,16.408687591552734,3710200,0.0,0.0
2020-08-25 00:00:00-04:00,16.530000686645508,17.040000915527344,16.530000686645508,16.920000076293945,16.82636260986328,2553800,0.0,0.0
2020-08-26 00:00:00-04:00,16.8700008392334,17.049999237060547,16.56999969482422,16.739999771118164,16.64735984802246,1933000,0.0,0.0
2020-08-27 00:00:00-04:00,16.780000686645508,16.969999313354492,16.420000076293945,16.75,16.657304763793945,1988300,0.0,0.0
2020-08-28 00:00:00-04:00,16.90999984741211,17.059999465942383,16.450000762939453,16.5,16.408687591552734,1167100,0.0,0.0
2020-08-31 00:00:00-04:00,16.559999465942383,16.690000534057617,16.010000228881836,16.229999542236328,16.14018440246582,1802700,0.0,0.0
2020-09-01 00:00:00-04:00,16.229999542236328,16.690000534057617,16.059999465942383,16.440000534057617,16.34902000427246,1393600,0.0,0.0
2020-09-02 00:00:00-04:00,16.5,16.68000030517578,16.229999542236328,16.639999389648438,16.547910690307617,1696100,0.0,0.0
2020-09-03 00:00:00-04:00,16.510000228881836,16.59000015258789,15.770000457763672,15.960000038146973,15.871676445007324,2272500,0.0,0.0
2020-09-04 00:00:00-04:00,16.0,16.350000381469727,15.5,16.100000381469727,16.010902404785156,2199500,0.0,0.0
2020-09-08 00:00:00-04:00,16.209999084472656,16.665000915527344,15.890000343322754,16.350000381469727,16.259517669677734,2792800,0.0,0.0
2020-09-09 00:00:00-04:00,16.43000030517578,16.989999771118164,16.43000030517578,16.850000381469727,16.756752014160156,2324900,0.0,0.0
2020-09-10 00:00:00-04:00,17.09000015258789,17.459999084472656,16.79599952697754,16.90999984741211,16.816417694091797,2899800,0.0,0.0
2020-09-11 00:00:00-04:00,17.010000228881836,17.209999084472656,16.733999252319336,16.950000762939453,16.856197357177734,1451200,0.0,0.0
2020-09-14 00:00:00-04:00,17.200000762939453,17.59000015258789,17.139999389648438,17.540000915527344,17.442934036254883,2518200,0.0,0.0
2020-09-15 00:00:00-04:00,18.0,18.0,17.514999389648438,17.65999984741211,17.562271118164062,2277400,0.0,0.0
2020-09-16 00:00:00-04:00,17.700000762939453,17.940000534057617,17.56999969482422,17.579999923706055,17.482707977294922,2337900,0.0,0.0
2020-09-17 00:00:00-04:00,17.3799991607666,17.829999923706055,17.19499969482422,17.399999618530273,17.303709030151367,2589600,0.0,0.0
2020-09-18 00:00:00-04:00,17.520000457763672,17.770000457763672,17.389999389648438,17.610000610351562,17.51254653930664,11179600,0.0,0.0
2020-09-21 00:00:00-04:00,17.229999542236328,17.27899932861328,16.75,16.950000762939453,16.856197357177734,3094400,0.0,0.0
2020-09-22 00:00:00-04:00,17.079999923706055,17.190000534057617,16.68000030517578,16.969999313354492,16.876087188720703,1667700,0.0,0.0
2020-09-23 00:00:00-04:00,16.969999313354492,17.03499984741211,16.454999923706055,16.729999542236328,16.637413024902344,2038900,0.0,0.0
2020-09-24 00:00:00-04:00,16.6299991607666,16.815000534057617,16.290000915527344,16.639999389648438,16.547910690307617,1479700,0.0,0.0
2020-09-25 00:00:00-04:00,16.739999771118164,16.899999618530273,16.450000762939453,16.81999969482422,16.726913452148438,1291000,0.0,0.0
2020-09-28 00:00:00-04:00,17.110000610351562,17.209999084472656,16.764999389648438,16.969999313354492,16.876087188720703,1916500,0.0,0.0
2020-09-29 00:00:00-04:00,17.0,17.209999084472656,16.84000015258789,17.1299991607666,17.035200119018555,2273800,0.0,0.0
2020-09-30 00:00:00-04:00,17.079999923706055,17.530000686645508,17.030000686645508,17.31999969482422,17.224149703979492,2140600,0.0,0.0
2020-10-01 00:00:00-04:00,17.579999923706055,17.899999618530273,17.31999969482422,17.899999618530273,17.800941467285156,3281600,0.0,0.0
2020-10-02 00:00:00-04:00,17.260000228881836,18.040000915527344,17.239999771118164,17.59000015258789,17.492656707763672,2072500,0.0,0.0
2020-10-05 00:00:00-04:00,17.84000015258789,18.100000381469727,17.600000381469727,17.799999237060547,17.701494216918945,4075400,0.0,0.0
2020-10-06 00:00:00-04:00,17.8799991607666,18.200000762939453,17.684999465942383,17.84000015258789,17.74127197265625,2456100,0.0,0.0
2020-10-07 00:00:00-04:00,18.010000228881836,18.225000381469727,17.799999237060547,18.100000381469727,17.999832153320312,2521100,0.0,0.0
2020-10-08 00:00:00-04:00,18.239999771118164,18.399999618530273,18.0,18.139999389648438,18.039609909057617,1661500,0.0,0.0
2020-10-09 00:00:00-04:00,18.239999771118164,18.367000579833984,17.94499969482422,18.040000915527344,17.940166473388672,1036000,0.0,0.0
2020-10-12 00:00:00-04:00,18.170000076293945,18.2450008392334,17.834999084472656,17.979999542236328,17.8804988861084,1562100,0.0,0.0
2020-10-13 00:00:00-04:00,17.81999969482422,18.09000015258789,17.760000228881836,17.93000030517578,17.830774307250977,1520500,0.0,0.0
2020-10-14 00:00:00-04:00,18.43000030517578,18.643999099731445,18.200000762939453,18.309999465942383,18.208667755126953,2604400,0.0,0.0
2020-10-15 00:00:00-04:00,18.020000457763672,18.5,17.899999618530273,18.329999923706055,18.228559494018555,2096500,0.0,0.0
2020-10-16 00:00:00-04:00,18.5,18.59000015258789,18.299999237060547,18.34000015258789,18.238506317138672,3381800,0.0,0.0
2020-10-19 00:00:00-04:00,18.860000610351562,18.93000030517578,18.209999084472656,18.31999969482422,18.218618392944336,3165700,0.0,0.0
2020-10-20 00:00:00-04:00,18.360000610351562,18.84000015258789,18.34000015258789,18.510000228881836,18.407564163208008,1919300,0.0,0.0
2020-10-21 00:00:00-04:00,18.6299991607666,18.875,18.479999542236328,18.56999969482422,18.46723747253418,2029900,0.0,0.0
2020-10-22 00:00:00-04:00,18.6299991607666,19.079999923706055,18.600000381469727,19.049999237060547,18.9445743560791,2900700,0.0,0.0
2020-10-23 00:00:00-04:00,19.0,19.183000564575195,18.450000762939453,18.84000015258789,18.735736846923828,2237500,0.0,0.0
2020-10-26 00:00:00-04:00,18.6200008392334,18.649999618530273,18.040000915527344,18.170000076293945,18.06944465637207,3688100,0.0,0.0
2020-10-27 00:00:00-04:00,18.149999618530273,18.280000686645508,17.709999084472656,17.920000076293945,17.82082748413086,2147800,0.0,0.0
2020-10-28 00:00:00-04:00,17.540000915527344,17.899999618530273,17.5049991607666,17.600000381469727,17.502599716186523,1650400,0.0,0.0
2020-10-29 00:00:00-04:00,17.739999771118164,18.0,17.514999389648438,17.940000534057617,17.840721130371094,1506700,0.0,0.0
2020-10-30 00:00:00-04:00,17.84000015258789,18.010000228881836,17.31999969482422,17.649999618530273,17.552324295043945,2097100,0.0,0.0
2020-11-02 00:00:00-05:00,17.889999389648438,18.1299991607666,17.290000915527344,17.40999984741211,17.31365394592285,3679800,0.0,0.0
2020-11-03 00:00:00-05:00,17.6200008392334,17.90999984741211,17.270000457763672,17.600000381469727,17.502599716186523,2448000,0.0,0.0
2020-11-04 00:00:00-05:00,17.649999618530273,18.649999618530273,17.239999771118164,17.350000381469727,17.253984451293945,3915700,0.0,0.0
2020-11-05 00:00:00-05:00,17.93000030517578,18.100000381469727,17.209999084472656,17.280000686645508,17.184370040893555,2086200,0.0,0.0
2020-11-06 00:00:00-05:00,17.31999969482422,17.450000762939453,16.8799991607666,16.959999084472656,16.866138458251953,2642700,0.0,0.0
2020-11-09 00:00:00-05:00,17.8700008392334,17.979999542236328,16.850000381469727,16.899999618530273,16.80647087097168,3974400,0.0,0.0
2020-11-10 00:00:00-05:00,16.899999618530273,17.0,16.645000457763672,16.81999969482422,16.726913452148438,2996200,0.0,0.0
2020-11-11 00:00:00-05:00,16.959999084472656,17.350000381469727,16.822999954223633,17.350000381469727,17.253984451293945,1742100,0.0,0.0
2020-11-12 00:00:00-05:00,17.469999313354492,17.610000610351562,17.059999465942383,17.309999465942383,17.21420669555664,1927800,0.0,0.0
2020-11-13 00:00:00-05:00,17.969999313354492,18.200000762939453,17.649999618530273,17.989999771118164,17.890439987182617,16417800,0.0,0.0
2020-11-16 00:00:00-05:00,18.25,18.469999313354492,17.940000534057617,18.270000457763672,18.16889190673828,6663700,0.0,0.0
2020-11-17 00:00:00-05:00,18.170000076293945,18.6299991607666,18.110000610351562,18.40999984741211,18.308116912841797,3459800,0.0,0.0
2020-11-18 00:00:00-05:00,18.450000762939453,18.670000076293945,18.09000015258789,18.100000381469727,17.999832153320312,4945000,0.0,0.0
2020-11-19 00:00:00-05:00,18.190000534057617,18.655000686645508,18.010000228881836,18.540000915527344,18.437400817871094,2605800,0.0,0.0
2020-11-20 00:00:00-05:00,18.420000076293945,18.719999313354492,18.399999618530273,18.6200008392334,18.516958236694336,2086600,0.0,0.0
2020-11-23 00:00:00-05:00,18.799999237060547,18.9950008392334,18.709999084472656,18.969999313354492,18.865018844604492,2501500,0.0,0.0
2020-11-24 00:00:00-05:00,19.040000915527344,19.149999618530273,18.489999771118164,18.639999389648438,18.536846160888672,3199400,0.0,0.0
2020-11-25 00:00:00-05:00,18.540000915527344,18.90999984741211,18.290000915527344,18.829999923706055,18.72579574584961,1766600,0.0,0.0
2020-11-27 00:00:00-05:00,18.940000534057617,18.989999771118164,18.725000381469727,18.850000381469727,18.745685577392578,831200,0.0,0.0
2020-11-30 00:00:00-05:00,18.850000381469727,19.149999618530273,18.520000457763672,18.709999084472656,18.606456756591797,2224000,0.0,0.0
2020-12-01 00:00:00-05:00,18.770000457763672,19.4060001373291,18.559999465942383,19.389999389648438,19.29300880432129,6334900,0.01,0.0
2020-12-02 00:00:00-05:00,19.40999984741211,19.579999923706055,18.950000762939453,19.389999389648438,19.29300880432129,2584300,0.0,0.0
2020-12-03 00:00:00-05:00,19.399999618530273,19.75,19.094999313354492,19.239999771118164,19.143760681152344,3120000,0.0,0.0
2020-12-04 00:00:00-05:00,19.399999618530273,19.75,19.239999771118164,19.75,19.651206970214844,1927900,0.0,0.0
2020-12-07 00:00:00-05:00,19.790000915527344,19.790000915527344,19.200000762939453,19.389999389648438,19.29300880432129,2415700,0.0,0.0
2020-12-08 00:00:00-05:00,19.670000076293945,19.90999984741211,19.399999618530273,19.90999984741211,19.810401916503906,3607800,0.0,0.0
2020-12-09 00:00:00-05:00,20.040000915527344,20.139999389648438,18.7450008392334,18.920000076293945,18.82535743713379,4283800,0.0,0.0
2020-12-10 00:00:00-05:00,18.65999984741211,19.149999618530273,18.65999984741211,19.030000686645508,18.934810638427734,3212300,0.0,0.0
2020-12-11 00:00:00-05:00,19.0,19.40999984741211,18.950000762939453,18.979999542236328,18.88505744934082,3147000,0.0,0.0
2020-12-14 00:00:00-05:00,19.100000381469727,19.253999710083008,18.6200008392334,19.030000686645508,18.934810638427734,2983100,0.0,0.0
2020-12-15 00:00:00-05:00,19.219999313354492,19.260000228881836,18.93000030517578,19.0,18.90496063232422,2411100,0.0,0.0
2020-12-16 00:00:00-05:00,18.829999923706055,18.975000381469727,18.559999465942383,18.75,18.65620994567871,3401600,0.0,0.0
2020-12-17 00:00:00-05:00,18.860000610351562,19.469999313354492,18.71500015258789,19.280000686645508,19.183557510375977,4416100,0.0,0.0
2020-12-18 00:00:00-05:00,19.3700008392334,19.59000015258789,18.975000381469727,19.190000534057617,19.094009399414062,4474300,0.0,0.0
2020-12-21 00:00:00-05:00,18.950000762939453,19.200000762939453,18.8799991607666,19.010000228881836,18.91490936279297,2361700,0.0,0.0
2020-12-22 00:00:00-05:00,19.110000610351562,19.170000076293945,18.674999237060547,18.959999084472656,18.865158081054688,2289100,0.0,0.0
2020-12-23 00:00:00-05:00,19.049999237060547,19.104999542236328,18.885000228881836,19.0,18.90496063232422,1814900,0.0,0.0
2020-12-24 00:00:00-05:00,18.889999389648438,19.055999755859375,18.8799991607666,18.93000030517578,18.83530616760254,506000,0.0,0.0
2020-12-28 00:00:00-05:00,19.1200008392334,19.15999984741211,18.635000228881836,18.649999618530273,18.556711196899414,2069500,0.0,0.0
2020-12-29 00:00:00-05:00,18.719999313354492,18.784000396728516,18.40999984741211,18.5,18.40745735168457,1927700,0.0,0.0
2020-12-30 00:00:00-05:00,18.5,18.809999465942383,18.440000534057617,18.59000015258789,18.497007369995117,1942100,0.0,0.0
2020-12-31 00:00:00-05:00,18.649999618530273,18.809999465942383,18.469999313354492,18.670000076293945,18.576610565185547,1724300,0.0,0.0
2021-01-04 00:00:00-05:00,18.760000228881836,18.84000015258789,18.34000015258789,18.520000457763672,18.42736053466797,3548500,0.0,0.0
2021-01-05 00:00:00-05:00,18.459999084472656,18.649999618530273,18.084999084472656,18.149999618530273,18.059206008911133,3283300,0.0,0.0
2021-01-06 00:00:00-05:00,18.170000076293945,18.420000076293945,17.93000030517578,18.25,18.15870475769043,4894500,0.0,0.0
2021-01-07 00:00:00-05:00,18.540000915527344,18.649999618530273,18.100000381469727,18.270000457763672,18.178606033325195,3248200,0.0,0.0
2021-01-08 00:00:00-05:00,18.219999313354492,18.469999313354492,17.8799991607666,18.06999969482422,17.979610443115234,6194900,0.0,0.0
2021-01-11 00:00:00-05:00,17.969999313354492,18.364999771118164,17.94499969482422,18.079999923706055,17.98955726623535,3522900,0.0,0.0
2021-01-12 00:00:00-05:00,18.1299991607666,18.440000534057617,18.1299991607666,18.3700008392334,18.278108596801758,4936900,0.0,0.0
2021-01-13 00:00:00-05:00,18.389999389648438,18.700000762939453,18.139999389648438,18.690000534057617,18.596508026123047,5570400,0.0,0.0
2021-01-14 00:00:00-05:00,18.8700008392334,19.0,18.600000381469727,18.780000686645508,18.686058044433594,6251700,0.0,0.0
2021-01-15 00:00:00-05:00,18.6299991607666,19.559999465942383,18.6299991607666,19.510000228881836,19.412405014038086,4458400,0.0,0.0
2021-01-19 00:00:00-05:00,19.790000915527344,20.639999389648438,19.600000381469727,20.610000610351562,20.50690460205078,7240600,0.0,0.0
2021-01-20 00:00:00-05:00,21.149999618530273,21.489999771118164,20.6200008392334,20.790000915527344,20.686006546020508,10998700,0.0,0.0
2021-01-21 00:00:00-05:00,20.889999389648438,21.06999969482422,20.1299991607666,20.610000610351562,20.50690460205078,6646700,0.0,0.0
2021-01-22 00:00:00-05:00,20.530000686645508,20.68000030517578,19.850000381469727,20.010000228881836,19.9099063873291,3341100,0.0,0.0
2021-01-25 00:00:00-05:00,20.0,20.270000457763672,19.68000030517578,20.200000762939453,20.098953247070312,3258100,0.0,0.0
2021-01-26 00:00:00-05:00,20.459999084472656,20.959999084472656,20.459999084472656,20.709999084472656,20.606403350830078,4830700,0.0,0.0
2021-01-27 00:00:00-05:00,20.31999969482422,20.31999969482422,19.579999923706055,19.690000534057617,19.591506958007812,7543900,0.0,0.0
2021-01-28 00:00:00-05:00,19.860000610351562,20.200000762939453,19.3700008392334,20.020000457763672,19.91985321044922,4299100,0.0,0.0
2021-01-29 00:00:00-05:00,20.010000228881836,20.469999313354492,19.639999389648438,20.1200008392334,20.01935386657715,4962000,0.0,0.0
2021-02-01 00:00:00-05:00,20.420000076293945,20.6299991607666,19.90999984741211,20.139999389648438,20.039257049560547,4228300,0.0,0.0
2021-02-02 00:00:00-05:00,20.25,20.3700008392334,19.979999542236328,20.1200008392334,20.01935386657715,3230300,0.0,0.0
2021-02-03 00:00:00-05:00,20.149999618530273,20.350000381469727,19.559999465942383,20.09000015258789,19.989503860473633,2695600,0.0,0.0
2021-02-04 00:00:00-05:00,20.18000030517578,20.579999923706055,20.020000457763672,20.559999465942383,20.4571533203125,2044600,0.0,0.0
2021-02-05 00:00:00-05:00,20.700000762939453,21.18000030517578,20.610000610351562,20.899999618530273,20.795454025268555,2862100,0.0,0.0
2021-02-08 00:00:00-05:00,21.059999465942383,21.309999465942383,20.979999542236328,21.309999465942383,21.203397750854492,3150900,0.0,0.0
2021-02-09 00:00:00-05:00,21.280000686645508,21.399999618530273,20.8700008392334,20.899999618530273,20.795454025268555,1609500,0.0,0.0
2021-02-10 00:00:00-05:00,20.969999313354492,21.584999084472656,20.690000534057617,21.309999465942383,21.203397750854492,2409500,0.0,0.0
2021-02-11 00:00:00-05:00,21.469999313354492,22.43000030517578,20.98200035095215,21.15999984741211,21.054153442382812,2739700,0.0,0.0
2021-02-12 00:00:00-05:00,21.030000686645508,21.6299991607666,21.030000686645508,21.440000534057617,21.332754135131836,2935400,0.0,0.0
2021-02-16 00:00:00-05:00,21.600000381469727,21.700000762939453,21.114999771118164,21.299999237060547,21.193449020385742,3156700,0.0,0.0
2021-02-17 00:00:00-05:00,21.100000381469727,21.270000457763672,20.690000534057617,21.149999618530273,21.04420280456543,2536000,0.0,0.0
2021-02-18 00:00:00-05:00,20.940000534057617,21.229999542236328,20.68000030517578,21.030000686645508,20.9248046875,2742200,0.0,0.0
2021-02-19 00:00:00-05:00,21.209999084472656,21.809999465942383,21.1299991607666,21.6299991607666,21.521799087524414,3680600,0.0,0.0
2021-02-22 00:00:00-05:00,21.5,21.788999557495117,21.260000228881836,21.329999923706055,21.223302841186523,2835200,0.0,0.0
2021-02-23 00:00:00-05:00,20.530000686645508,21.725000381469727,19.899999618530273,21.700000762939453,21.591453552246094,5856800,0.0,0.0
2021-02-24 00:00:00-05:00,20.0,21.3700008392334,19.469999313354492,20.799999237060547,20.695951461791992,9617200,0.0,0.0
2021-02-25 00:00:00-05:00,21.399999618530273,21.399999618530273,19.950000762939453,20.329999923706055,20.22830581665039,7092600,0.0,0.0
2021-02-26 00:00:00-05:00,20.489999771118164,21.06999969482422,20.21500015258789,20.93000030517578,20.82530403137207,4103400,0.0,0.0
2021-03-01 00:00:00-05:00,21.0,21.540000915527344,20.719999313354492,21.31999969482422,21.213350296020508,9549700,0.0,0.0
2021-03-02 00:00:00-05:00,21.299999237060547,21.600000381469727,20.80500030517578,20.950000762939453,20.84520721435547,4736400,0.0,0.0
2021-03-03 00:00:00-05:00,21.079999923706055,21.389999389648438,20.719999313354492,20.899999618530273,20.795454025268555,4456200,0.0,0.0
2021-03-04 00:00:00-05:00,20.770000457763672,21.15999984741211,19.209999084472656,20.040000915527344,19.939756393432617,8668900,0.0,0.0
2021-03-05 00:00:00-05:00,20.260000228881836,20.469999313354492,18.959999084472656,20.049999237060547,19.949703216552734,7871400,0.0,0.0
2021-03-08 00:00:00-05:00,20.100000381469727,20.489999771118164,19.4950008392334,19.65999984741211,19.561655044555664,4648400,0.0,0.0
2021-03-09 00:00:00-05:00,20.1299991607666,20.3799991607666,19.825000762939453,20.209999084472656,20.108903884887695,4125900,0.0,0.0
2021-03-10 00:00:00-05:00,20.40999984741211,20.780000686645508,20.184999465942383,20.6299991607666,20.52680206298828,3875500,0.0,0.0
2021-03-11 00:00:00-05:00,21.0,21.530000686645508,20.899999618530273,21.170000076293945,21.064098358154297,5271700,0.0,0.0
2021-03-12 00:00:00-05:00,21.0,21.40999984741211,20.899999618530273,21.06999969482422,20.9646053314209,2404500,0.0,0.0
2021-03-15 00:00:00-04:00,21.229999542236328,21.299999237060547,20.889999389648438,21.110000610351562,21.004405975341797,3331500,0.0,0.0
2021-03-16 00:00:00-04:00,21.06999969482422,21.260000228881836,20.229999542236328,20.420000076293945,20.317853927612305,3141800,0.0,0.0
2021-03-17 00:00:00-04:00,20.06999969482422,20.790000915527344,20.06999969482422,20.709999084472656,20.606403350830078,3053100,0.0,0.0
2021-03-18 00:00:00-04:00,20.59000015258789,20.790000915527344,20.209999084472656,20.239999771118164,20.13875389099121,3094600,0.0,0.0
2021-03-19 00:00:00-04:00,20.149999618530273,20.690000534057617,19.989999771118164,20.450000762939453,20.347705841064453,4649400,0.0,0.0
2021-03-22 00:00:00-04:00,20.360000610351562,20.56999969482422,19.959999084472656,20.360000610351562,20.258155822753906,3272600,0.0,0.0
2021-03-23 00:00:00-04:00,20.360000610351562,20.540000915527344,19.475000381469727,19.540000915527344,19.4422550201416,3831200,0.0,0.0
2021-03-24 00:00:00-04:00,19.549999237060547,19.829999923706055,19.139999389648438,19.200000762939453,19.103960037231445,2981800,0.0,0.0
2021-03-25 00:00:00-04:00,19.0,19.479999542236328,18.530000686645508,19.40999984741211,19.312904357910156,5115100,0.0,0.0
2021-03-26 00:00:00-04:00,19.5,19.829999923706055,19.274999618530273,19.489999771118164,19.392505645751953,6852400,0.0,0.0
2021-03-29 00:00:00-04:00,19.469999313354492,19.649999618530273,19.084999084472656,19.280000686645508,19.183557510375977,4390700,0.0,0.0
2021-03-30 00:00:00-04:00,19.290000915527344,19.899999618530273,18.90999984741211,19.780000686645508,19.681058883666992,7039600,0.0,0.0
2021-03-31 00:00:00-04:00,19.950000762939453,20.274999618530273,19.719999313354492,20.0,19.899951934814453,3594800,0.0,0.0
2021-04-01 00:00:00-04:00,20.190000534057617,21.020000457763672,20.020000457763672,21.010000228881836,20.9049015045166,4111700,0.0,0.0
2021-04-05 00:00:00-04:00,21.25,21.350000381469727,20.799999237060547,20.969999313354492,20.865100860595703,2572200,0.0,0.0
2021-04-06 00:00:00-04:00,20.950000762939453,21.610000610351562,20.760000228881836,21.540000915527344,21.432249069213867,3588800,0.0,0.0
2021-04-07 00:00:00-04:00,21.530000686645508,21.670000076293945,21.079999923706055,21.170000076293945,21.064098358154297,2482000,0.0,0.0
2021-04-08 00:00:00-04:00,22.010000228881836,22.110000610351562,21.170000076293945,21.489999771118164,21.38250160217285,2850800,0.0,0.0
2021-04-09 00:00:00-04:00,21.3700008392334,21.520000457763672,21.229999542236328,21.43000030517578,21.32280158996582,1855300,0.0,0.0
2021-04-12 00:00:00-04:00,21.329999923706055,21.700000762939453,21.312999725341797,21.600000381469727,21.4919490814209,1816400,0.0,0.0
2021-04-13 00:00:00-04:00,21.65999984741211,21.969999313354492,21.4950008392334,21.959999084472656,21.85015106201172,3224600,0.0,0.0
2021-04-14 00:00:00-04:00,22.0,22.309999465942383,21.969999313354492,22.139999389648438,22.02924919128418,4170700,0.0,0.0
2021-04-15 00:00:00-04:00,22.350000381469727,22.549999237060547,22.219999313354492,22.399999618530273,22.28795051574707,6105000,0.0,0.0
2021-04-16 00:00:00-04:00,22.559999465942383,22.725000381469727,22.280000686645508,22.469999313354492,22.35759735107422,3932100,0.0,0.0
2021-04-19 00:00:00-04:00,22.31999969482422,22.489999771118164,22.110000610351562,22.25,22.138700485229492,3582300,0.0,0.0
2021-04-20 00:00:00-04:00,22.25,22.34000015258789,21.329999923706055,21.780000686645508,21.671051025390625,4778500,0.0,0.0
2021-04-21 00:00:00-04:00,21.690000534057617,21.924999237060547,21.530000686645508,21.799999237060547,21.690948486328125,2333200,0.0,0.0
2021-04-22 00:00:00-04:00,22.030000686645508,22.059999465942383,21.68000030517578,21.969999313354492,21.860095977783203,2973900,0.0,0.0
2021-04-23 00:00:00-04:00,22.1299991607666,22.209999084472656,21.75,21.770000457763672,21.661096572875977,2426500,0.0,0.0
2021-04-26 00:00:00-04:00,21.790000915527344,22.469999313354492,21.790000915527344,22.399999618530273,22.28795051574707,4198600,0.0,0.0
2021-04-27 00:00:00-04:00,22.399999618530273,23.264999389648438,22.209999084472656,23.079999923706055,22.964550018310547,4706000,0.0,0.0
2021-04-28 00:00:00-04:00,23.15999984741211,23.15999984741211,22.40999984741211,22.989999771118164,22.874998092651367,6045100,0.0,0.0
2021-04-29 00:00:00-04:00,23.260000228881836,23.479999542236328,22.889999389648438,23.25,23.133695602416992,3677800,0.0,0.0
2021-04-30 00:00:00-04:00,23.030000686645508,23.18000030517578,22.625,22.700000762939453,22.586448669433594,2825100,0.0,0.0
2021-05-03 00:00:00-04:00,22.93000030517578,23.020000457763672,22.5049991607666,22.81999969482422,22.705848693847656,2853400,0.0,0.0
2021-05-04 00:00:00-04:00,22.530000686645508,22.719999313354492,22.290000915527344,22.600000381469727,22.486949920654297,3274200,0.0,0.0
2021-05-05 00:00:00-04:00,22.65999984741211,22.915000915527344,22.46500015258789,22.889999389648438,22.77549934387207,2813000,0.0,0.0
2021-05-06 00:00:00-04:00,22.8700008392334,23.09000015258789,22.385000228881836,22.860000610351562,22.745651245117188,2999800,0.0,0.0
2021-05-07 00:00:00-04:00,22.8799991607666,23.139999389648438,22.729999542236328,23.010000228881836,22.894899368286133,2921400,0.0,0.0
2021-05-10 00:00:00-04:00,23.010000228881836,23.09000015258789,22.579999923706055,22.700000762939453,22.586448669433594,1815000,0.0,0.0
2021-05-11 00:00:00-04:00,22.31999969482422,22.639999389648438,22.200000762939453,22.360000610351562,22.24814796447754,1979800,0.0,0.0
2021-05-12 00:00:00-04:00,22.18000030517578,22.540000915527344,21.729999542236328,21.760000228881836,21.65114974975586,2717200,0.0,0.0
2021-05-13 00:00:00-04:00,21.899999618530273,22.450000762939453,21.860000610351562,22.209999084472656,22.098899841308594,1967400,0.0,0.0
2021-05-14 00:00:00-04:00,22.329999923706055,23.3700008392334,22.219999313354492,23.309999465942383,23.193401336669922,2018600,0.0,0.0
2021-05-17 00:00:00-04:00,23.219999313354492,23.290000915527344,22.950000762939453,23.1299991607666,23.014299392700195,2584900,0.0,0.0
2021-05-18 00:00:00-04:00,23.1299991607666,23.635000228881836,23.049999237060547,23.190000534057617,23.073997497558594,1826500,0.0,0.0
2021-05-19 00:00:00-04:00,23.010000228881836,23.469999313354492,22.6299991607666,23.459999084472656,23.3426456451416,2364500,0.0,0.0
2021-05-20 00:00:00-04:00,23.610000610351562,23.875,23.450000762939453,23.649999618530273,23.531696319580078,2184000,0.0,0.0
2021-05-21 00:00:00-04:00,23.889999389648438,24.014999389648438,23.6299991607666,23.649999618530273,23.531696319580078,2348000,0.0,0.0
2021-05-24 00:00:00-04:00,23.850000381469727,24.469999313354492,23.679000854492188,24.329999923706055,24.208295822143555,2521200,0.0,0.0
2021-05-25 00:00:00-04:00,24.31999969482422,24.579999923706055,24.045000076293945,24.270000457763672,24.148595809936523,3424300,0.0,0.0
2021-05-26 00:00:00-04:00,24.469999313354492,24.670000076293945,24.100000381469727,24.420000076293945,24.297842025756836,2441200,0.0,0.0
2021-05-27 00:00:00-04:00,24.40999984741211,24.709999084472656,24.239999771118164,24.6200008392334,24.496849060058594,2594700,0.0,0.0
2021-05-28 00:00:00-04:00,24.700000762939453,24.954999923706055,24.625,24.81999969482422,24.695842742919922,2414600,0.0,0.0
2021-06-01 00:00:00-04:00,24.979999542236328,25.059999465942383,24.690000534057617,24.920000076293945,24.79534149169922,2157000,0.0,0.0
2021-06-02 00:00:00-04:00,24.920000076293945,25.049999237060547,24.670000076293945,25.049999237060547,24.92469024658203,2919100,0.0,0.0
2021-06-03 00:00:00-04:00,24.940000534057617,25.290000915527344,24.6299991607666,25.149999618530273,25.024188995361328,2156900,0.0,0.0
2021-06-04 00:00:00-04:00,25.309999465942383,25.5,25.0,25.350000381469727,25.223194122314453,2479100,0.0,0.0
2021-06-07 00:00:00-04:00,25.510000228881836,25.700000762939453,25.329999923706055,25.649999618530273,25.521692276000977,3265100,0.0,0.0
2021-06-08 00:00:00-04:00,25.709999084472656,26.190000534057617,25.415000915527344,26.010000228881836,25.879894256591797,2676400,0.0,0.0
2021-06-09 00:00:00-04:00,26.100000381469727,26.520000457763672,25.829999923706055,26.260000228881836,26.128643035888672,4194700,0.0,0.0
2021-06-10 00:00:00-04:00,26.260000228881836,26.549999237060547,25.899999618530273,25.90999984741211,25.7803897857666,2396200,0.0,0.0
2021-06-11 00:00:00-04:00,26.010000228881836,26.219999313354492,25.889999389648438,26.209999084472656,26.078886032104492,1262800,0.0,0.0
2021-06-14 00:00:00-04:00,26.260000228881836,26.3700008392334,25.84000015258789,25.889999389648438,25.7604923248291,2155800,0.0,0.0
2021-06-15 00:00:00-04:00,25.920000076293945,25.979999542236328,25.690000534057617,25.90999984741211,25.7803897857666,1974200,0.0,0.0
2021-06-16 00:00:00-04:00,25.989999771118164,26.600000381469727,25.989999771118164,26.549999237060547,26.41718864440918,4274000,0.0,0.0
2021-06-17 00:00:00-04:00,26.459999084472656,26.825000762939453,26.100000381469727,26.450000762939453,26.317689895629883,3588600,0.0,0.0
2021-06-18 00:00:00-04:00,26.010000228881836,26.440000534057617,25.93000030517578,26.1200008392334,25.98933982849121,2464000,0.0,0.0
2021-06-21 00:00:00-04:00,26.170000076293945,26.649999618530273,26.059999465942383,26.639999389648438,26.506742477416992,1845900,0.0,0.0
2021-06-22 00:00:00-04:00,26.649999618530273,26.90999984741211,26.434999465942383,26.8700008392334,26.735591888427734,1575800,0.0,0.0
2021-06-23 00:00:00-04:00,26.899999618530273,27.1299991607666,26.80500030517578,26.979999542236328,26.84503936767578,1305400,0.0,0.0
2021-06-24 00:00:00-04:00,27.100000381469727,27.43000030517578,26.950000762939453,27.209999084472656,27.073888778686523,1838000,0.0,0.0
2021-06-25 00:00:00-04:00,27.270000457763672,27.579999923706055,27.049999237060547,27.149999618530273,27.014192581176758,3838100,0.0,0.0
2021-06-28 00:00:00-04:00,27.1200008392334,27.15999984741211,26.739999771118164,27.079999923706055,26.94454002380371,1547200,0.0,0.0
2021-06-29 00:00:00-04:00,27.110000610351562,27.489999771118164,27.059999465942383,27.18000030517578,27.044036865234375,1581100,0.0,0.0
2021-06-30 00:00:00-04:00,27.309999465942383,27.56999969482422,27.209999084472656,27.299999237060547,27.163434982299805,2655600,0.0,0.0
2021-07-01 00:00:00-04:00,27.270000457763672,27.777999877929688,27.100000381469727,27.459999084472656,27.3226375579834,2929000,0.0,0.0
2021-07-02 00:00:00-04:00,27.540000915527344,27.56999969482422,26.871000289916992,26.950000762939453,26.815189361572266,1858700,0.0,0.0
2021-07-06 00:00:00-04:00,27.059999465942383,27.639999389648438,26.8700008392334,27.610000610351562,27.47188949584961,1759400,0.0,0.0
2021-07-07 00:00:00-04:00,27.639999389648438,27.809999465942383,26.829999923706055,27.030000686645508,26.894790649414062,2032300,0.0,0.0
2021-07-08 00:00:00-04:00,26.600000381469727,27.40999984741211,26.15999984741211,27.190000534057617,27.053993225097656,2056400,0.0,0.0
2021-07-09 00:00:00-04:00,27.309999465942383,27.43000030517578,27.0,27.389999389648438,27.252986907958984,1180800,0.0,0.0
2021-07-12 00:00:00-04:00,27.329999923706055,27.579999923706055,27.229999542236328,27.43000030517578,27.292789459228516,1312600,0.0,0.0
2021-07-13 00:00:00-04:00,27.399999618530273,27.635000228881836,27.219999313354492,27.25,27.113693237304688,1237600,0.0,0.0
2021-07-14 00:00:00-04:00,27.424999237060547,27.530000686645508,26.440000534057617,26.65999984741211,26.52663803100586,2081100,0.0,0.0
2021-07-15 00:00:00-04:00,26.540000915527344,26.915000915527344,26.325000762939453,26.489999771118164,26.357486724853516,2480600,0.0,0.0
2021-07-16 00:00:00-04:00,26.760000228881836,26.844999313354492,26.479999542236328,26.559999465942383,26.427143096923828,1848900,0.0,0.0
2021-07-19 00:00:00-04:00,26.190000534057617,26.6299991607666,26.040000915527344,26.6299991607666,26.496788024902344,2177200,0.0,0.0
2021-07-20 00:00:00-04:00,26.700000762939453,27.3799991607666,26.700000762939453,27.15999984741211,27.024139404296875,2200600,0.0,0.0
2021-07-21 00:00:00-04:00,27.149999618530273,27.729999542236328,27.149999618530273,27.65999984741211,27.52164077758789,2594000,0.0,0.0
2021-07-22 00:00:00-04:00,27.709999084472656,27.75,27.209999084472656,27.440000534057617,27.302738189697266,1822700,0.0,0.0
2021-07-23 00:00:00-04:00,27.31999969482422,27.80500030517578,27.31999969482422,27.739999771118164,27.601240158081055,970300,0.0,0.0
2021-07-26 00:00:00-04:00,27.790000915527344,27.940000534057617,27.459999084472656,27.510000228881836,27.372385025024414,1184900,0.0,0.0
2021-07-27 00:00:00-04:00,27.5,27.700000762939453,27.229999542236328,27.670000076293945,27.531587600708008,2186600,0.0,0.0
2021-07-28 00:00:00-04:00,27.31999969482422,27.78499984741211,26.43000030517578,27.610000610351562,27.47188949584961,2797600,0.0,0.0
2021-07-29 00:00:00-04:00,27.940000534057617,28.450000762939453,27.770000457763672,28.1299991607666,27.989286422729492,2570800,0.0,0.0
2021-07-30 00:00:00-04:00,28.190000534057617,28.34000015258789,28.014999389648438,28.040000915527344,27.89974021911621,2066600,0.0,0.0
2021-08-02 00:00:00-04:00,28.079999923706055,28.170000076293945,27.68000030517578,27.729999542236328,27.59128761291504,2362500,0.0,0.0
2021-08-03 00:00:00-04:00,27.850000381469727,28.260000228881836,27.600000381469727,28.0,27.85993766784668,2921600,0.0,0.0
2021-08-04 00:00:00-04:00,27.959999084472656,28.239999771118164,27.56999969482422,27.6200008392334,27.481842041015625,1626100,0.0,0.0
2021-08-05 00:00:00-04:00,27.520000457763672,27.6200008392334,27.139999389648438,27.350000381469727,27.21318817138672,2566600,0.0,0.0
2021-08-06 00:00:00-04:00,27.399999618530273,27.65999984741211,27.190000534057617,27.260000228881836,27.123640060424805,2168200,0.0,0.0
2021-08-09 00:00:00-04:00,27.209999084472656,27.559999465942383,27.020000457763672,27.520000457763672,27.382333755493164,2363500,0.0,0.0
2021-08-10 00:00:00-04:00,27.540000915527344,27.670000076293945,26.959999084472656,27.030000686645508,26.894790649414062,2207800,0.0,0.0
2021-08-11 00:00:00-04:00,26.969999313354492,27.139999389648438,26.350000381469727,27.020000457763672,26.88484001159668,3030900,0.0,0.0
2021-08-12 00:00:00-04:00,27.06999969482422,27.540000915527344,26.924999237060547,27.459999084472656,27.3226375579834,2756500,0.0,0.0
2021-08-13 00:00:00-04:00,27.43000030517578,27.469999313354492,27.010000228881836,27.149999618530273,27.014192581176758,1027400,0.0,0.0
2021-08-16 00:00:00-04:00,27.209999084472656,27.25,26.84000015258789,26.920000076293945,26.785341262817383,1590800,0.0,0.0
2021-08-17 00:00:00-04:00,26.75,27.0,26.6299991607666,26.959999084472656,26.825138092041016,1616300,0.0,0.0
2021-08-18 00:00:00-04:00,26.979999542236328,27.350000381469727,26.799999237060547,26.950000762939453,26.815189361572266,1424600,0.0,0.0
2021-08-19 00:00:00-04:00,26.780000686645508,27.079999923706055,26.579999923706055,26.59000015258789,26.456989288330078,1458600,0.0,0.0
2021-08-20 00:00:00-04:00,26.549999237060547,27.135000228881836,26.549999237060547,27.079999923706055,26.94454002380371,1584300,0.0,0.0
2021-08-23 00:00:00-04:00,27.290000915527344,27.420000076293945,27.135000228881836,27.290000915527344,27.15349006652832,1690000,0.0,0.0
2021-08-24 00:00:00-04:00,27.389999389648438,27.709999084472656,27.3700008392334,27.520000457763672,27.382333755493164,1252000,0.0,0.0
2021-08-25 00:00:00-04:00,27.469999313354492,27.770000457763672,27.385000228881836,27.670000076293945,27.531587600708008,1671000,0.0,0.0
2021-08-26 00:00:00-04:00,27.739999771118164,27.93000030517578,27.649999618530273,27.899999618530273,27.760435104370117,1085500,0.0,0.0
2021-08-27 00:00:00-04:00,28.0,28.514999389648438,27.8799991607666,28.290000915527344,28.148488998413086,856300,0.0,0.0
2021-08-30 00:00:00-04:00,28.3700008392334,28.764999389648438,28.31999969482422,28.549999237060547,28.407188415527344,1116000,0.0,0.0
2021-08-31 00:00:00-04:00,28.549999237060547,28.719999313354492,28.100000381469727,28.170000076293945,28.02909278869629,889900,0.0,0.0
2021-09-01 00:00:00-04:00,28.270000457763672,28.420000076293945,28.049999237060547,28.360000610351562,28.2181396484375,1011500,0.0,0.0
2021-09-02 00:00:00-04:00,28.510000228881836,28.799999237060547,28.441999435424805,28.59000015258789,28.446985244750977,961100,0.0,0.0
2021-09-03 00:00:00-04:00,28.520000457763672,28.719999313354492,28.114999771118164,28.190000534057617,28.048988342285156,730000,0.0,0.0
2021-09-07 00:00:00-04:00,28.18000030517578,28.290000915527344,27.979999542236328,28.040000915527344,27.89974021911621,1030500,0.0,0.0
2021-09-08 00:00:00-04:00,26.700000762939453,27.010000228881836,25.709999084472656,25.989999771118164,25.8599910736084,5216800,0.0,0.0
2021-09-09 00:00:00-04:00,25.68000030517578,25.920000076293945,24.829999923706055,25.06999969482422,24.944591522216797,5095000,0.0,0.0
2021-09-10 00:00:00-04:00,25.170000076293945,25.290000915527344,24.5,24.530000686645508,24.40730094909668,3810000,0.0,0.0
2021-09-13 00:00:00-04:00,24.0,24.489999771118164,23.649999618530273,23.969999313354492,23.850093841552734,4860100,0.0,0.0
2021-09-14 00:00:00-04:00,24.020000457763672,24.06999969482422,23.489999771118164,23.639999389648438,23.521747589111328,3141700,0.0,0.0
2021-09-15 00:00:00-04:00,23.56999969482422,23.739999771118164,23.405000686645508,23.549999237060547,23.43219757080078,3112300,0.0,0.0
2021-09-16 00:00:00-04:00,23.559999465942383,24.094999313354492,23.5,24.0,23.879947662353516,2947800,0.0,0.0
2021-09-17 00:00:00-04:00,24.020000457763672,24.200000762939453,23.645000457763672,23.729999542236328,23.611297607421875,4570500,0.0,0.0
2021-09-20 00:00:00-04:00,23.31999969482422,23.860000610351562,23.09000015258789,23.860000610351562,23.74064826965332,2993200,0.0,0.0
2021-09-21 00:00:00-04:00,24.0,24.03499984741211,23.565000534057617,23.690000534057617,23.571496963500977,2078600,0.0,0.0
2021-09-22 00:00:00-04:00,23.7450008392334,24.104999542236328,23.670000076293945,24.0,23.879947662353516,1708100,0.0,0.0
2021-09-23 00:00:00-04:00,24.09000015258789,24.5,24.0049991607666,24.110000610351562,23.98940086364746,3519200,0.0,0.0
2021-09-24 00:00:00-04:00,24.0,24.070999145507812,23.739999771118164,23.829999923706055,23.710796356201172,2126100,0.0,0.0
2021-09-27 00:00:00-04:00,23.729999542236328,24.174999237060547,23.690000534057617,24.149999618530273,24.029197692871094,3350000,0.0,0.0
2021-09-28 00:00:00-04:00,24.0,24.139999389648438,23.405000686645508,23.68000030517578,23.561546325683594,2479400,0.0,0.0
2021-09-29 00:00:00-04:00,23.760000228881836,24.469999313354492,23.700000762939453,24.280000686645508,24.158546447753906,3017900,0.0,0.0
2021-09-30 00:00:00-04:00,24.31999969482422,24.55500030517578,24.06999969482422,24.09000015258789,23.969497680664062,4069800,0.0,0.0
2021-10-01 00:00:00-04:00,24.09000015258789,24.6200008392334,23.69499969482422,24.540000915527344,24.41724395751953,3352600,0.0,0.0
2021-10-04 00:00:00-04:00,24.770000457763672,24.799999237060547,23.520000457763672,23.760000228881836,23.64114761352539,3431500,0.0,0.0
2021-10-05 00:00:00-04:00,23.75,23.864999771118164,23.100000381469727,23.1299991607666,23.014299392700195,3387300,0.0,0.0
2021-10-06 00:00:00-04:00,23.0,23.149999618530273,22.801000595092773,23.06999969482422,22.95459747314453,1911300,0.0,0.0
2021-10-07 00:00:00-04:00,23.09000015258789,23.450000762939453,23.024999618530273,23.1200008392334,23.004348754882812,1660900,0.0,0.0
2021-10-08 00:00:00-04:00,23.200000762939453,23.200000762939453,22.40999984741211,22.43000030517578,22.317794799804688,2343500,0.0,0.0
2021-10-11 00:00:00-04:00,22.31999969482422,22.459999084472656,22.06999969482422,22.270000457763672,22.158597946166992,2803400,0.0,0.0
2021-10-12 00:00:00-04:00,22.280000686645508,22.489999771118164,21.56999969482422,21.709999084472656,21.60140037536621,3381300,0.0,0.0
2021-10-13 00:00:00-04:00,21.799999237060547,21.979999542236328,21.329999923706055,21.860000610351562,21.75065040588379,4905500,0.0,0.0
2021-10-14 00:00:00-04:00,22.040000915527344,22.989999771118164,22.0,22.860000610351562,22.745651245117188,3530900,0.0,0.0
2021-10-15 00:00:00-04:00,23.079999923706055,23.399999618530273,22.780000686645508,22.920000076293945,22.805349349975586,1928700,0.0,0.0
2021-10-18 00:00:00-04:00,22.81999969482422,23.450000762939453,22.809999465942383,23.219999313354492,23.103851318359375,2785600,0.0,0.0
2021-10-19 00:00:00-04:00,23.3700008392334,23.670000076293945,23.18000030517578,23.3799991607666,23.26304817199707,1703700,0.0,0.0
2021-10-20 00:00:00-04:00,23.600000381469727,23.600000381469727,23.19499969482422,23.469999313354492,23.352602005004883,1218000,0.0,0.0
2021-10-21 00:00:00-04:00,23.350000381469727,23.81999969482422,23.280000686645508,23.799999237060547,23.680944442749023,1465200,0.0,0.0
2021-10-22 00:00:00-04:00,23.93000030517578,24.290000915527344,23.799999237060547,24.06999969482422,23.94959831237793,2415300,0.0,0.0
2021-10-25 00:00:00-04:00,24.030000686645508,24.350000381469727,23.825000762939453,24.209999084472656,24.088895797729492,1751600,0.0,0.0
2021-10-26 00:00:00-04:00,24.420000076293945,24.485000610351562,24.030000686645508,24.049999237060547,23.92969512939453,1876300,0.0,0.0
2021-10-27 00:00:00-04:00,24.360000610351562,25.190000534057617,23.979999542236328,24.690000534057617,24.566495895385742,4845700,0.0,0.0
2021-10-28 00:00:00-04:00,25.049999237060547,26.225000381469727,24.540000915527344,25.700000762939453,25.571441650390625,3870600,0.0,0.0
2021-10-29 00:00:00-04:00,25.489999771118164,25.78499984741211,25.31999969482422,25.68000030517578,25.551544189453125,2092100,0.0,0.0
2021-11-01 00:00:00-04:00,25.81999969482422,26.145000457763672,25.31999969482422,26.049999237060547,25.91969108581543,5267900,0.0,0.0
2021-11-02 00:00:00-04:00,24.90999984741211,25.389999389648438,24.68199920654297,25.149999618530273,25.024188995361328,13370900,0.0,0.0
2021-11-03 00:00:00-04:00,25.170000076293945,25.954999923706055,24.84000015258789,25.809999465942383,25.680889129638672,7516400,0.0,0.0
2021-11-04 00:00:00-04:00,25.950000762939453,27.2450008392334,25.854999542236328,26.950000762939453,26.815189361572266,4065100,0.0,0.0
2021-11-05 00:00:00-04:00,27.079999923706055,27.670000076293945,26.93000030517578,27.6299991607666,27.49178695678711,5864200,0.0,0.0
2021-11-08 00:00:00-05:00,27.770000457763672,27.969999313354492,27.459999084472656,27.540000915527344,27.402240753173828,3972700,0.0,0.0
2021-11-09 00:00:00-05:00,27.520000457763672,27.549999237060547,26.795000076293945,26.969999313354492,26.8350887298584,1638100,0.0,0.0
2021-11-10 00:00:00-05:00,26.93000030517578,27.34000015258789,26.459999084472656,26.65999984741211,26.52663803100586,1580700,0.0,0.0
2021-11-11 00:00:00-05:00,26.790000915527344,27.110000610351562,26.579999923706055,26.700000762939453,26.56644058227539,1647400,0.0,0.0
2021-11-12 00:00:00-05:00,26.709999084472656,26.84000015258789,26.3700008392334,26.709999084472656,26.576391220092773,2112900,0.0,0.0
2021-11-15 00:00:00-05:00,27.049999237060547,27.28499984741211,26.780000686645508,26.920000076293945,26.785341262817383,2419700,0.0,0.0
2021-11-16 00:00:00-05:00,26.809999465942383,27.110000610351562,26.7450008392334,26.84000015258789,26.70573616027832,2365600,0.0,0.0
2021-11-17 00:00:00-05:00,26.829999923706055,26.920000076293945,26.614999771118164,26.760000228881836,26.62613868713379,908400,0.0,0.0
2021-11-18 00:00:00-05:00,26.799999237060547,26.84000015258789,26.280000686645508,26.59000015258789,26.456989288330078,5429400,0.0,0.0
2021-11-19 00:00:00-05:00,26.549999237060547,27.229999542236328,26.40999984741211,26.979999542236328,26.84503936767578,2201100,0.0,0.0
2021-11-22 00:00:00-05:00,27.209999084472656,27.329999923706055,26.299999237060547,26.59000015258789,26.456989288330078,2552400,0.0,0.0
2021-11-23 00:00:00-05:00,26.360000610351562,26.520000457763672,25.139999389648438,25.6200008392334,25.491840362548828,5577000,0.0,0.0
2021-11-24 00:00:00-05:00,26.229999542236328,26.280000686645508,25.479999542236328,26.239999771118164,26.108741760253906,1777600,0.0,0.0
2021-11-26 00:00:00-05:00,25.829999923706055,26.100000381469727,25.489999771118164,25.780000686645508,25.65104103088379,1458200,0.0,0.0
2021-11-29 00:00:00-05:00,26.18000030517578,26.260000228881836,25.56999969482422,25.989999771118164,25.8599910736084,1388400,0.0,0.0
2021-11-30 00:00:00-05:00,25.829999923706055,25.989999771118164,25.209999084472656,25.639999389648438,25.521560668945312,2968000,0.01,0.0
2021-12-01 00:00:00-05:00,25.920000076293945,26.19499969482422,24.639999389648438,24.700000762939453,24.58590316772461,3421100,0.0,0.0
2021-12-02 00:00:00-05:00,24.899999618530273,25.639999389648438,24.770000457763672,25.639999389648438,25.521560668945312,3097100,0.0,0.0
2021-12-03 00:00:00-05:00,25.770000457763672,26.030000686645508,25.229999542236328,25.510000228881836,25.392162322998047,1476100,0.0,0.0
2021-12-06 00:00:00-05:00,25.489999771118164,25.8799991607666,24.65999984741211,25.829999923706055,25.71068572998047,2578600,0.0,0.0
2021-12-07 00:00:00-05:00,26.290000915527344,26.895000457763672,26.149999618530273,26.559999465942383,26.43731117248535,3742700,0.0,0.0
2021-12-08 00:00:00-05:00,26.719999313354492,27.040000915527344,26.469999313354492,26.760000228881836,26.636388778686523,1648400,0.0,0.0
2021-12-09 00:00:00-05:00,26.579999923706055,26.760000228881836,25.899999618530273,25.989999771118164,25.869943618774414,2272600,0.0,0.0
2021-12-10 00:00:00-05:00,26.049999237060547,26.239999771118164,25.44300079345703,25.780000686645508,25.66091537475586,1405400,0.0,0.0
2021-12-13 00:00:00-05:00,25.700000762939453,25.959999084472656,25.399999618530273,25.450000762939453,25.332441329956055,1558200,0.0,0.0
2021-12-14 00:00:00-05:00,24.799999237060547,24.899999618530273,23.81999969482422,24.34000015258789,24.227561950683594,3494300,0.0,0.0
2021-12-15 00:00:00-05:00,24.395000457763672,25.108999252319336,24.280000686645508,25.020000457763672,24.90442657470703,1504700,0.0,0.0
2021-12-16 00:00:00-05:00,25.290000915527344,25.510000228881836,23.850000381469727,24.020000457763672,23.90904426574707,1907200,0.0,0.0
2021-12-17 00:00:00-05:00,23.81999969482422,24.354999542236328,23.149999618530273,23.950000762939453,23.839366912841797,3752600,0.0,0.0
2021-12-20 00:00:00-05:00,23.520000457763672,23.829999923706055,23.329999923706055,23.790000915527344,23.680105209350586,2400100,0.0,0.0
2021-12-21 00:00:00-05:00,24.0,24.280000686645508,23.75,24.190000534057617,24.07826042175293,1101100,0.0,0.0
2021-12-22 00:00:00-05:00,24.15999984741211,24.270000457763672,23.700000762939453,23.979999542236328,23.869230270385742,1619100,0.0,0.0
2021-12-23 00:00:00-05:00,24.139999389648438,24.94499969482422,23.979999542236328,24.860000610351562,24.745168685913086,1208700,0.0,0.0
2021-12-27 00:00:00-05:00,24.899999618530273,25.059999465942383,24.549999237060547,24.979999542236328,24.864612579345703,1398500,0.0,0.0
2021-12-28 00:00:00-05:00,24.940000534057617,24.979999542236328,24.420000076293945,24.700000762939453,24.58590316772461,1282300,0.0,0.0
2021-12-29 00:00:00-05:00,24.700000762939453,25.1200008392334,24.579999923706055,25.0,24.884519577026367,1106300,0.0,0.0
2021-12-30 00:00:00-05:00,25.0,25.354999542236328,25.0,25.18000030517578,25.063684463500977,2279300,0.0,0.0
2021-12-31 00:00:00-05:00,25.09000015258789,25.239999771118164,24.920000076293945,24.969999313354492,24.854656219482422,1349500,0.0,0.0
2022-01-03 00:00:00-05:00,25.170000076293945,25.170000076293945,24.024999618530273,24.3799991607666,24.267379760742188,4275100,0.0,0.0
2022-01-04 00:00:00-05:00,24.260000228881836,24.368000030517578,23.549999237060547,23.920000076293945,23.809505462646484,2508200,0.0,0.0
2022-01-05 00:00:00-05:00,23.829999923706055,23.899999618530273,22.729999542236328,22.84000015258789,22.734495162963867,3887900,0.0,0.0
2022-01-06 00:00:00-05:00,22.795000076293945,23.5,22.40999984741211,23.399999618530273,23.291906356811523,2417000,0.0,0.0
2022-01-07 00:00:00-05:00,23.479999542236328,23.770000457763672,22.530000686645508,22.549999237060547,22.445833206176758,4071600,0.0,0.0
2022-01-10 00:00:00-05:00,22.5,23.549999237060547,22.34000015258789,23.540000915527344,23.431264877319336,2855500,0.0,0.0
2022-01-11 00:00:00-05:00,23.5049991607666,23.979999542236328,23.350000381469727,23.969999313354492,23.859272003173828,2299700,0.0,0.0
2022-01-12 00:00:00-05:00,24.170000076293945,24.290000915527344,23.399999618530273,23.90999984741211,23.799551010131836,2179300,0.0,0.0
2022-01-13 00:00:00-05:00,24.06999969482422,24.19499969482422,23.719999313354492,23.770000457763672,23.660198211669922,2507700,0.0,0.0
2022-01-14 00:00:00-05:00,23.6200008392334,23.770000457763672,22.8700008392334,23.290000915527344,23.182418823242188,1810500,0.0,0.0
2022-01-18 00:00:00-05:00,22.889999389648438,23.15999984741211,22.459999084472656,22.729999542236328,22.625,2087100,0.0,0.0
2022-01-19 00:00:00-05:00,22.850000381469727,23.1299991607666,22.31999969482422,22.389999389648438,22.28657341003418,3156400,0.0,0.0
2022-01-20 00:00:00-05:00,22.385000228881836,23.059999465942383,21.959999084472656,21.979999542236328,21.878467559814453,1784000,0.0,0.0
2022-01-21 00:00:00-05:00,21.969999313354492,22.09000015258789,21.31999969482422,21.34000015258789,21.241422653198242,2037800,0.0,0.0
2022-01-24 00:00:00-05:00,21.020000457763672,22.0,20.538000106811523,21.920000076293945,21.818744659423828,2565900,0.0,0.0
2022-01-25 00:00:00-05:00,21.610000610351562,21.739999771118164,20.704999923706055,21.209999084472656,21.112022399902344,1641500,0.0,0.0
2022-01-26 00:00:00-05:00,21.440000534057617,21.610000610351562,20.48200035095215,20.6299991607666,20.534706115722656,2274300,0.0,0.0
2022-01-27 00:00:00-05:00,20.8700008392334,21.100000381469727,19.56999969482422,19.65999984741211,19.569185256958008,3074100,0.0,0.0
2022-01-28 00:00:00-05:00,19.639999389648438,20.059999465942383,19.110000610351562,20.049999237060547,19.95738410949707,2054600,0.0,0.0
2022-01-31 00:00:00-05:00,20.059999465942383,20.93000030517578,20.049999237060547,20.860000610351562,20.763641357421875,2576800,0.0,0.0
2022-02-01 00:00:00-05:00,21.049999237060547,21.280000686645508,20.479999542236328,21.110000610351562,21.012487411499023,2720900,0.0,0.0
2022-02-02 00:00:00-05:00,21.239999771118164,21.579999923706055,21.110000610351562,21.329999923706055,21.231468200683594,2412600,0.0,0.0
2022-02-03 00:00:00-05:00,20.899999618530273,21.40999984741211,20.854999542236328,20.93000030517578,20.833316802978516,4568800,0.0,0.0
2022-02-04 00:00:00-05:00,20.93000030517578,21.469999313354492,20.704999923706055,21.329999923706055,21.231468200683594,2645400,0.0,0.0
2022-02-07 00:00:00-05:00,21.3700008392334,22.09000015258789,21.31999969482422,21.6200008392334,21.52013397216797,3592600,0.0,0.0
2022-02-08 00:00:00-05:00,21.68000030517578,22.600000381469727,21.68000030517578,22.520000457763672,22.415973663330078,3952700,0.0,0.0
2022-02-09 00:00:00-05:00,22.8700008392334,23.100000381469727,22.459999084472656,22.81999969482422,22.714588165283203,1580100,0.0,0.0
2022-02-10 00:00:00-05:00,22.43000030517578,23.079999923706055,22.295000076293945,22.40999984741211,22.306482315063477,1350100,0.0,0.0
2022-02-11 00:00:00-05:00,22.40999984741211,22.540000915527344,20.959999084472656,21.139999389648438,21.042346954345703,1771800,0.0,0.0
2022-02-14 00:00:00-05:00,21.010000228881836,21.34000015258789,20.600000381469727,20.81999969482422,20.723827362060547,1553600,0.0,0.0
2022-02-15 00:00:00-05:00,21.25,21.700000762939453,21.09000015258789,21.68000030517578,21.579853057861328,1348500,0.0,0.0
2022-02-16 00:00:00-05:00,21.59000015258789,22.209999084472656,21.420000076293945,21.959999084472656,21.85856056213379,1166700,0.0,0.0
2022-02-17 00:00:00-05:00,21.670000076293945,21.735000610351562,20.670000076293945,20.690000534057617,20.59442901611328,1210500,0.0,0.0
2022-02-18 00:00:00-05:00,20.790000915527344,21.190000534057617,20.43000030517578,20.469999313354492,20.375444412231445,1685300,0.0,0.0
2022-02-22 00:00:00-05:00,20.219999313354492,20.350000381469727,19.514999389648438,19.56999969482422,19.47960090637207,2898600,0.0,0.0
2022-02-23 00:00:00-05:00,12.119999885559082,12.649999618530273,10.75,12.380000114440918,12.322813034057617,44348900,0.0,0.0
2022-02-24 00:00:00-05:00,11.479999542236328,12.5600004196167,11.3100004196167,12.390000343322754,12.332768440246582,17918800,0.0,0.0
2022-02-25 00:00:00-05:00,12.390000343322754,13.390000343322754,12.324999809265137,13.199999809265137,13.139023780822754,17192100,0.0,0.0
2022-02-28 00:00:00-05:00,12.9399995803833,13.390000343322754,12.819999694824219,13.020000457763672,12.959857940673828,7558800,0.0,0.0
2022-03-01 00:00:00-05:00,12.880000114440918,12.989999771118164,12.5600004196167,12.59000015258789,12.531842231750488,7668200,0.0,0.0
2022-03-02 00:00:00-05:00,12.619999885559082,12.739999771118164,11.875,12.0,11.944567680358887,7589400,0.0,0.0
2022-03-03 00:00:00-05:00,12.020000457763672,12.059000015258789,11.40999984741211,11.5,11.446879386901855,6230000,0.0,0.0
2022-03-04 00:00:00-05:00,11.430000305175781,11.529999732971191,10.390000343322754,10.569999694824219,10.521173477172852,8436600,0.0,0.0
2022-03-07 00:00:00-05:00,10.680000305175781,10.710000038146973,10.029999732971191,10.050000190734863,10.00357723236084,10042700,0.0,0.0
2022-03-08 00:00:00-05:00,10.100000381469727,10.3100004196167,9.59000015258789,10.1899995803833,10.142930030822754,6391600,0.0,0.0
2022-03-09 00:00:00-05:00,10.529999732971191,11.100000381469727,10.475000381469727,10.920000076293945,10.86955738067627,7174900,0.0,0.0
2022-03-10 00:00:00-05:00,10.600000381469727,11.489999771118164,10.470000267028809,11.390000343322754,11.337386131286621,6141800,0.0,0.0
2022-03-11 00:00:00-05:00,11.539999961853027,11.975000381469727,11.479999542236328,11.84000015258789,11.785306930541992,6518900,0.0,0.0
2022-03-14 00:00:00-04:00,11.8100004196167,12.0,10.975000381469727,11.130000114440918,11.078585624694824,5718300,0.0,0.0
2022-03-15 00:00:00-04:00,11.15999984741211,11.920000076293945,10.954999923706055,11.890000343322754,11.835076332092285,5581900,0.0,0.0
2022-03-16 00:00:00-04:00,12.020000457763672,12.550000190734863,12.010000228881836,12.319999694824219,12.263091087341309,5783100,0.0,0.0
2022-03-17 00:00:00-04:00,12.210000038146973,13.390000343322754,12.154999732971191,13.220000267028809,13.158933639526367,5278000,0.0,0.0
2022-03-18 00:00:00-04:00,13.039999961853027,13.619999885559082,13.039999961853027,13.399999618530273,13.33810043334961,4513500,0.0,0.0
2022-03-21 00:00:00-04:00,13.6850004196167,13.779999732971191,12.854999542236328,13.039999961853027,12.979764938354492,6229400,0.0,0.0
2022-03-22 00:00:00-04:00,13.079999923706055,13.609999656677246,13.010000228881836,13.420000076293945,13.358006477355957,7609900,0.0,0.0
2022-03-23 00:00:00-04:00,13.140000343322754,13.5600004196167,12.979999542236328,13.109999656677246,13.04944133758545,5698400,0.0,0.0
2022-03-24 00:00:00-04:00,13.140000343322754,13.210000038146973,12.5649995803833,12.779999732971191,12.720963478088379,4380100,0.0,0.0
2022-03-25 00:00:00-04:00,12.720000267028809,12.920000076293945,12.140000343322754,12.850000381469727,12.790640830993652,4676100,0.0,0.0
2022-03-28 00:00:00-04:00,12.859999656677246,13.149999618530273,12.510000228881836,13.050000190734863,12.989718437194824,4792600,0.0,0.0
2022-03-29 00:00:00-04:00,13.399999618530273,13.850000381469727,13.300000190734863,13.640000343322754,13.576993942260742,5330700,0.0,0.0
2022-03-30 00:00:00-04:00,13.350000381469727,13.760000228881836,13.34000015258789,13.710000038146973,13.64666748046875,4587900,0.0,0.0
2022-03-31 00:00:00-04:00,13.800000190734863,14.25,13.6899995803833,14.0,13.935331344604492,5565200,0.0,0.0
2022-04-01 00:00:00-04:00,14.729999542236328,15.194999694824219,14.359999656677246,14.579999923706055,14.512650489807129,6237100,0.0,0.0
2022-04-04 00:00:00-04:00,14.34000015258789,14.529999732971191,13.930000305175781,14.489999771118164,14.423066139221191,3067100,0.0,0.0
2022-04-05 00:00:00-04:00,14.579999923706055,14.609999656677246,13.755000114440918,13.850000381469727,13.78602409362793,4378600,0.0,0.0
2022-04-06 00:00:00-04:00,13.520000457763672,13.744999885559082,13.27400016784668,13.65999984741211,13.59689998626709,2471000,0.0,0.0
2022-04-07 00:00:00-04:00,13.640000343322754,13.90999984741211,13.239999771118164,13.470000267028809,13.407776832580566,3169500,0.0,0.0
2022-04-08 00:00:00-04:00,13.40999984741211,13.739999771118164,13.289999961853027,13.539999961853027,13.477455139160156,3341000,0.0,0.0
2022-04-11 00:00:00-04:00,13.300000190734863,13.600000381469727,12.920000076293945,12.960000038146973,12.900134086608887,3885500,0.0,0.0
2022-04-12 00:00:00-04:00,13.09000015258789,13.25,12.260000228881836,12.369999885559082,12.312859535217285,4140800,0.0,0.0
2022-04-13 00:00:00-04:00,12.319999694824219,13.119999885559082,12.319999694824219,13.119999885559082,13.059393882751465,2575000,0.0,0.0
2022-04-14 00:00:00-04:00,13.03499984741211,13.164999961853027,12.34000015258789,12.380000114440918,12.322813034057617,3012600,0.0,0.0
2022-04-18 00:00:00-04:00,12.229999542236328,12.390000343322754,11.845000267028809,12.0600004196167,12.004292488098145,3221700,0.0,0.0
2022-04-19 00:00:00-04:00,12.079999923706055,13.220000267028809,11.9399995803833,13.069999694824219,13.009625434875488,4146700,0.0,0.0
2022-04-20 00:00:00-04:00,13.199999809265137,13.270000457763672,12.875,12.899999618530273,12.840410232543945,4125400,0.0,0.0
2022-04-21 00:00:00-04:00,13.050000190734863,13.119999885559082,12.300000190734863,12.4399995803833,12.382534980773926,3047800,0.0,0.0
2022-04-22 00:00:00-04:00,12.3100004196167,12.375,11.569999694824219,11.630000114440918,11.576278686523438,3708400,0.0,0.0
2022-04-25 00:00:00-04:00,11.5,12.09000015258789,11.289999961853027,12.0600004196167,12.004292488098145,5055500,0.0,0.0
2022-04-26 00:00:00-04:00,11.960000038146973,12.039999961853027,11.510000228881836,11.539999961853027,11.486693382263184,4863400,0.0,0.0
2022-04-27 00:00:00-04:00,12.755000114440918,13.220000267028809,12.390000343322754,12.869999885559082,12.810548782348633,6304400,0.0,0.0
2022-04-28 00:00:00-04:00,12.979999542236328,13.09000015258789,12.100000381469727,12.760000228881836,12.701056480407715,4641000,0.0,0.0
2022-04-29 00:00:00-04:00,12.65999984741211,13.130000114440918,12.470000267028809,12.529999732971191,12.47212028503418,3632000,0.0,0.0
2022-05-02 00:00:00-04:00,12.479999542236328,12.90999984741211,12.15999984741211,12.609999656677246,12.551751136779785,3397600,0.0,0.0
2022-05-03 00:00:00-04:00,12.479999542236328,12.925000190734863,12.414999961853027,12.75,12.6911039352417,1929800,0.0,0.0
2022-05-04 00:00:00-04:00,12.729999542236328,13.319999694824219,12.255000114440918,13.289999961853027,13.228609085083008,2342300,0.0,0.0
2022-05-05 00:00:00-04:00,13.130000114440918,13.130000114440918,12.210000038146973,12.510000228881836,12.452213287353516,3199200,0.0,0.0
2022-05-06 00:00:00-04:00,12.380000114440918,12.40999984741211,11.795000076293945,12.210000038146973,12.153597831726074,2076300,0.0,0.0
2022-05-09 00:00:00-04:00,11.850000381469727,11.90999984741211,11.140000343322754,11.15999984741211,11.10844898223877,2664500,0.0,0.0
2022-05-10 00:00:00-04:00,11.390000343322754,11.5600004196167,10.039999961853027,10.050000190734863,10.00357723236084,6103500,0.0,0.0
2022-05-11 00:00:00-04:00,9.890000343322754,10.420000076293945,9.609999656677246,10.170000076293945,10.12302303314209,5569900,0.0,0.0
2022-05-12 00:00:00-04:00,9.880000114440918,10.680000305175781,9.880000114440918,10.4399995803833,10.391775131225586,4539800,0.0,0.0
2022-05-13 00:00:00-04:00,10.739999771118164,11.46500015258789,10.640000343322754,11.300000190734863,11.247801780700684,3724800,0.0,0.0
2022-05-16 00:00:00-04:00,11.220000267028809,11.3100004196167,10.720000267028809,10.789999961853027,10.740158081054688,2216900,0.0,0.0
2022-05-17 00:00:00-04:00,11.15999984741211,11.470000267028809,11.03499984741211,11.40999984741211,11.357294082641602,2745800,0.0,0.0
2022-05-18 00:00:00-04:00,11.210000038146973,11.579999923706055,10.850000381469727,10.920000076293945,10.86955738067627,2734300,0.0,0.0
2022-05-19 00:00:00-04:00,10.84000015258789,11.59000015258789,10.84000015258789,10.979999542236328,10.929280281066895,4873700,0.0,0.0
2022-05-20 00:00:00-04:00,11.119999885559082,11.180000305175781,10.600000381469727,10.84000015258789,10.789926528930664,5960200,0.0,0.0
2022-05-23 00:00:00-04:00,10.859999656677246,11.0,10.550000190734863,10.789999961853027,10.740158081054688,3019000,0.0,0.0
2022-05-24 00:00:00-04:00,10.6899995803833,10.6899995803833,9.845000267028809,10.25,10.202652931213379,4667700,0.0,0.0
2022-05-25 00:00:00-04:00,10.25,10.414999961853027,9.670000076293945,10.239999771118164,10.192699432373047,7147600,0.0,0.0
2022-05-26 00:00:00-04:00,10.34000015258789,11.260000228881836,10.270000457763672,10.859999656677246,10.809834480285645,5967000,0.0,0.0
2022-05-27 00:00:00-04:00,11.069999694824219,11.505000114440918,10.989999771118164,11.4399995803833,11.387154579162598,5822300,0.0,0.0
2022-05-31 00:00:00-04:00,11.489999771118164,11.489999771118164,10.9399995803833,10.989999771118164,10.939233779907227,5310600,0.0,0.0
2022-06-01 00:00:00-04:00,10.920000076293945,11.15999984741211,10.0,10.34000015258789,10.292236328125,9220400,0.0,0.0
2022-06-02 00:00:00-04:00,10.399999618530273,11.050000190734863,10.3149995803833,10.859999656677246,10.809834480285645,8995800,0.0,0.0
2022-06-03 00:00:00-04:00,10.6899995803833,10.9399995803833,10.199999809265137,10.869999885559082,10.819790840148926,14598500,0.0,0.0
2022-06-06 00:00:00-04:00,11.1899995803833,11.369999885559082,10.850000381469727,11.020000457763672,10.969097137451172,6891400,0.0,0.0
2022-06-07 00:00:00-04:00,10.869999885559082,11.449999809265137,10.800000190734863,11.40999984741211,11.357294082641602,5971600,0.0,0.0
2022-06-08 00:00:00-04:00,11.210000038146973,11.329999923706055,10.729999542236328,10.949999809265137,10.899419784545898,5353100,0.0,0.0
2022-06-09 00:00:00-04:00,10.859999656677246,10.859999656677246,10.479999542236328,10.489999771118164,10.441543579101562,4997600,0.0,0.0
2022-06-10 00:00:00-04:00,10.210000038146973,10.329999923706055,10.020000457763672,10.09000015258789,10.043391227722168,5388900,0.0,0.0
2022-06-13 00:00:00-04:00,9.710000038146973,9.890000343322754,9.399999618530273,9.40999984741211,9.366533279418945,6325300,0.0,0.0
2022-06-14 00:00:00-04:00,9.460000038146973,9.609999656677246,9.170000076293945,9.359999656677246,9.316763877868652,6433100,0.0,0.0
2022-06-15 00:00:00-04:00,9.449999809265137,10.0649995803833,9.359999656677246,9.6899995803833,9.645238876342773,5400000,0.0,0.0
2022-06-16 00:00:00-04:00,9.329999923706055,9.449999809265137,8.914999961853027,9.039999961853027,8.99824047088623,5474900,0.0,0.0
2022-06-17 00:00:00-04:00,9.069999694824219,9.324999809265137,9.0,9.180000305175781,9.137595176696777,4339700,0.0,0.0
2022-06-21 00:00:00-04:00,9.350000381469727,9.350000381469727,9.029999732971191,9.1899995803833,9.147549629211426,4084500,0.0,0.0
2022-06-22 00:00:00-04:00,8.920000076293945,9.305000305175781,8.920000076293945,9.1899995803833,9.147549629211426,4048000,0.0,0.0
2022-06-23 00:00:00-04:00,9.210000038146973,9.430000305175781,9.020000457763672,9.420000076293945,9.376485824584961,2701600,0.0,0.0
2022-06-24 00:00:00-04:00,9.550000190734863,10.270000457763672,9.529999732971191,10.229999542236328,10.182744979858398,9564700,0.0,0.0
2022-06-27 00:00:00-04:00,10.319999694824219,10.399999618530273,9.890000343322754,10.0,9.95380687713623,3144800,0.0,0.0
2022-06-28 00:00:00-04:00,10.050000190734863,10.305000305175781,9.555000305175781,9.59000015258789,9.545701026916504,2000700,0.0,0.0
2022-06-29 00:00:00-04:00,9.520000457763672,9.555000305175781,8.920000076293945,8.9399995803833,8.898703575134277,4448900,0.0,0.0
2022-06-30 00:00:00-04:00,8.729999542236328,8.789999961853027,8.149999618530273,8.220000267028809,8.18203067779541,8105700,0.0,0.0
2022-07-01 00:00:00-04:00,8.15999984741211,8.539999961853027,8.09000015258789,8.289999961853027,8.251705169677734,5359500,0.0,0.0
2022-07-05 00:00:00-04:00,8.119999885559082,8.609999656677246,7.760000228881836,8.600000381469727,8.560275077819824,4408700,0.0,0.0
2022-07-06 00:00:00-04:00,8.550000190734863,8.800000190734863,8.430000305175781,8.640000343322754,8.600089073181152,8316100,0.0,0.0
2022-07-07 00:00:00-04:00,8.75,9.239999771118164,8.649999618530273,9.170000076293945,9.127641677856445,3638900,0.0,0.0
2022-07-08 00:00:00-04:00,9.119999885559082,9.279999732971191,8.9399995803833,9.029999732971191,8.988286018371582,1969900,0.0,0.0
2022-07-11 00:00:00-04:00,8.880000114440918,9.0,8.609999656677246,8.680000305175781,8.63990592956543,3211800,0.0,0.0
2022-07-12 00:00:00-04:00,8.600000381469727,9.005000114440918,8.550000190734863,8.680000305175781,8.63990592956543,3344200,0.0,0.0
2022-07-13 00:00:00-04:00,8.449999809265137,8.640000343322754,8.260000228881836,8.390000343322754,8.351244926452637,2941100,0.0,0.0
2022-07-14 00:00:00-04:00,8.170000076293945,8.510000228881836,8.119999885559082,8.430000305175781,8.391058921813965,2942800,0.0,0.0
2022-07-15 00:00:00-04:00,8.630000114440918,9.029999732971191,8.390000343322754,8.9399995803833,8.898703575134277,3447500,0.0,0.0
2022-07-18 00:00:00-04:00,9.130000114440918,9.164999961853027,8.75,8.789999961853027,8.749397277832031,2239100,0.0,0.0
2022-07-19 00:00:00-04:00,9.020000457763672,9.529999732971191,8.930000305175781,9.510000228881836,9.466071128845215,2674100,0.0,0.0
2022-07-20 00:00:00-04:00,9.609999656677246,10.239999771118164,9.609999656677246,10.170000076293945,10.12302303314209,3432300,0.0,0.0
2022-07-21 00:00:00-04:00,10.119999885559082,10.460000038146973,10.09000015258789,10.369999885559082,10.322098731994629,2135500,0.0,0.0
2022-07-22 00:00:00-04:00,10.4399995803833,10.789999961853027,10.345000267028809,10.609999656677246,10.560989379882812,3593600,0.0,0.0
2022-07-25 00:00:00-04:00,10.5600004196167,10.694999694824219,10.279999732971191,10.460000038146973,10.411683082580566,2204700,0.0,0.0
2022-07-26 00:00:00-04:00,10.369999885559082,10.420000076293945,10.180000305175781,10.25,10.202652931213379,1502300,0.0,0.0
2022-07-27 00:00:00-04:00,10.4399995803833,10.520000457763672,10.279999732971191,10.5,10.451498031616211,2043700,0.0,0.0
2022-07-28 00:00:00-04:00,10.770000457763672,11.027999877929688,10.529999732971191,10.979999542236328,10.929280281066895,2028700,0.0,0.0
2022-07-29 00:00:00-04:00,10.9399995803833,11.430000305175781,10.880000114440918,11.420000076293945,11.367247581481934,2963100,0.0,0.0
2022-08-01 00:00:00-04:00,11.229999542236328,11.574999809265137,11.079999923706055,11.449999809265137,11.397106170654297,2515200,0.0,0.0
2022-08-02 00:00:00-04:00,11.289999961853027,12.0,11.289999961853027,11.770000457763672,11.715632438659668,4071700,0.0,0.0
2022-08-03 00:00:00-04:00,11.640000343322754,12.444999694824219,10.729999542236328,11.989999771118164,11.934615135192871,9989300,0.0,0.0
2022-08-04 00:00:00-04:00,12.199999809265137,13.430000305175781,12.0,13.170000076293945,13.10916519165039,6395900,0.0,0.0
2022-08-05 00:00:00-04:00,12.779999732971191,13.0,12.484999656677246,12.829999923706055,12.770734786987305,4955400,0.0,0.0
2022-08-08 00:00:00-04:00,13.020000457763672,13.460000038146973,12.90999984741211,12.970000267028809,12.910088539123535,3033500,0.0,0.0
2022-08-09 00:00:00-04:00,12.729999542236328,12.729999542236328,11.90999984741211,12.15999984741211,12.103829383850098,5297800,0.0,0.0
2022-08-10 00:00:00-04:00,12.670000076293945,12.970000267028809,12.1899995803833,12.960000038146973,12.900134086608887,4786900,0.0,0.0
2022-08-11 00:00:00-04:00,13.140000343322754,13.399999618530273,12.739999771118164,12.829999923706055,12.770734786987305,3215200,0.0,0.0
2022-08-12 00:00:00-04:00,13.0600004196167,13.539999961853027,12.880000114440918,13.520000457763672,13.45754623413086,3879600,0.0,0.0
2022-08-15 00:00:00-04:00,13.420000076293945,13.680000305175781,13.100000381469727,13.34000015258789,13.2783784866333,3469700,0.0,0.0
2022-08-16 00:00:00-04:00,13.149999618530273,13.649999618530273,13.069999694824219,13.390000343322754,13.328147888183594,4084900,0.0,0.0
2022-08-17 00:00:00-04:00,12.989999771118164,13.25,12.725000381469727,13.109999656677246,13.04944133758545,3508300,0.0,0.0
2022-08-18 00:00:00-04:00,13.109999656677246,13.25,12.90999984741211,13.0600004196167,12.999671936035156,2982500,0.0,0.0
2022-08-19 00:00:00-04:00,12.84000015258789,12.970000267028809,12.300000190734863,12.329999923706055,12.273045539855957,2441800,0.0,0.0
2022-08-22 00:00:00-04:00,11.960000038146973,12.265000343322754,11.835000038146973,12.050000190734863,11.994339942932129,4354400,0.0,0.0
2022-08-23 00:00:00-04:00,12.050000190734863,12.1899995803833,11.9399995803833,12.050000190734863,11.994339942932129,2899900,0.0,0.0
2022-08-24 00:00:00-04:00,12.119999885559082,12.319999694824219,11.979999542236328,12.210000038146973,12.153597831726074,1583300,0.0,0.0
2022-08-25 00:00:00-04:00,12.390000343322754,12.649999618530273,12.239999771118164,12.510000228881836,12.452213287353516,2570600,0.0,0.0
2022-08-26 00:00:00-04:00,12.479999542236328,12.479999542236328,11.789999961853027,11.829999923706055,11.77535343170166,2808500,0.0,0.0
2022-08-29 00:00:00-04:00,11.550000190734863,12.100000381469727,11.520999908447266,11.880000114440918,11.825122833251953,2213400,0.0,0.0
2022-08-30 00:00:00-04:00,12.029999732971191,12.170000076293945,11.579999923706055,11.75,11.695724487304688,1515300,0.0,0.0
2022-08-31 00:00:00-04:00,11.8100004196167,11.869999885559082,11.305000305175781,11.529999732971191,11.476737976074219,3630000,0.0,0.0
2022-09-01 00:00:00-04:00,11.350000381469727,11.529999732971191,11.0,11.489999771118164,11.43692398071289,4762200,0.0,0.0
2022-09-02 00:00:00-04:00,11.720000267028809,11.720000267028809,11.149999618530273,11.210000038146973,11.158218383789062,2851000,0.0,0.0
2022-09-06 00:00:00-04:00,11.270000457763672,11.289999961853027,11.015000343322754,11.180000305175781,11.128355979919434,1548100,0.0,0.0
2022-09-07 00:00:00-04:00,11.140000343322754,11.84000015258789,11.100000381469727,11.710000038146973,11.655909538269043,1378400,0.0,0.0
2022-09-08 00:00:00-04:00,11.520000457763672,12.260000228881836,11.520000457763672,12.229999542236328,12.173504829406738,2343000,0.0,0.0
2022-09-09 00:00:00-04:00,12.380000114440918,13.449999809265137,12.380000114440918,13.369999885559082,13.308239936828613,4838400,0.0,0.0
2022-09-12 00:00:00-04:00,13.25,13.520000457763672,13.135000228881836,13.430000305175781,13.367963790893555,4121400,0.0,0.0
2022-09-13 00:00:00-04:00,12.84000015258789,13.180000305175781,12.640000343322754,12.720000267028809,12.66124153137207,3496900,0.0,0.0
2022-09-14 00:00:00-04:00,12.670000076293945,13.100000381469727,12.220000267028809,13.0600004196167,12.999671936035156,4740900,0.0,0.0
2022-09-15 00:00:00-04:00,12.920000076293945,13.354999542236328,12.890000343322754,13.020000457763672,12.959857940673828,2073900,0.0,0.0
2022-09-16 00:00:00-04:00,12.65999984741211,12.6899995803833,12.114999771118164,12.329999923706055,12.273045539855957,3532400,0.0,0.0
2022-09-19 00:00:00-04:00,12.100000381469727,12.555000305175781,12.0600004196167,12.510000228881836,12.452213287353516,2385200,0.0,0.0
2022-09-20 00:00:00-04:00,12.319999694824219,12.4350004196167,12.079999923706055,12.199999809265137,12.143645286560059,2641800,0.0,0.0
2022-09-21 00:00:00-04:00,12.300000190734863,12.420000076293945,11.699999809265137,11.75,11.695724487304688,2627800,0.0,0.0
2022-09-22 00:00:00-04:00,11.680000305175781,11.760000228881836,10.979999542236328,11.029999732971191,10.979049682617188,5368400,0.0,0.0
2022-09-23 00:00:00-04:00,10.529999732971191,10.739999771118164,9.760000228881836,9.949999809265137,9.904037475585938,4132200,0.0,0.0
2022-09-26 00:00:00-04:00,9.819999694824219,10.25,9.640000343322754,9.789999961853027,9.744775772094727,5170900,0.0,0.0
2022-09-27 00:00:00-04:00,9.979999542236328,10.199999809265137,9.595000267028809,9.680000305175781,9.635287284851074,3914100,0.0,0.0
2022-09-28 00:00:00-04:00,9.710000038146973,10.460000038146973,9.670000076293945,10.34000015258789,10.292236328125,2642400,0.0,0.0
2022-09-29 00:00:00-04:00,9.989999771118164,10.09000015258789,9.479999542236328,9.6899995803833,9.645238876342773,2322900,0.0,0.0
2022-09-30 00:00:00-04:00,9.65999984741211,10.095000267028809,9.60099983215332,9.720000267028809,9.675100326538086,2685600,0.0,0.0
2022-10-03 00:00:00-04:00,9.930000305175781,11.645000457763672,9.890000343322754,11.25,11.198033332824707,7401600,0.0,0.0
2022-10-04 00:00:00-04:00,11.65999984741211,12.319999694824219,11.569999694824219,11.960000038146973,11.904752731323242,4771200,0.0,0.0
2022-10-05 00:00:00-04:00,11.619999885559082,12.055000305175781,11.375,11.989999771118164,11.934615135192871,3558000,0.0,0.0
2022-10-06 00:00:00-04:00,11.979999542236328,12.220000267028809,11.770000457763672,11.859999656677246,11.805214881896973,3685000,0.0,0.0
2022-10-07 00:00:00-04:00,11.619999885559082,11.760000228881836,10.920000076293945,10.949999809265137,10.899419784545898,2473300,0.0,0.0
2022-10-10 00:00:00-04:00,11.010000228881836,11.359999656677246,10.984999656677246,11.239999771118164,11.188077926635742,5607900,0.0,0.0
2022-10-11 00:00:00-04:00,11.149999618530273,11.329999923706055,10.770000457763672,11.079999923706055,11.028818130493164,6192100,0.0,0.0
2022-10-12 00:00:00-04:00,11.109999656677246,11.229999542236328,10.829999923706055,10.90999984741211,10.859602928161621,3354300,0.0,0.0
2022-10-13 00:00:00-04:00,10.4399995803833,11.03499984741211,10.234999656677246,10.880000114440918,10.829743385314941,9816700,0.0,0.0
2022-10-14 00:00:00-04:00,10.920000076293945,11.145000457763672,10.210000038146973,10.220000267028809,10.17279052734375,4166000,0.0,0.0
2022-10-17 00:00:00-04:00,10.510000228881836,10.885000228881836,10.460000038146973,10.859999656677246,10.809834480285645,5278400,0.0,0.0
2022-10-18 00:00:00-04:00,11.350000381469727,11.579999923706055,11.229999542236328,11.479999542236328,11.426972389221191,16244000,0.0,0.0
2022-10-19 00:00:00-04:00,11.329999923706055,11.470000267028809,11.100000381469727,11.399999618530273,11.347338676452637,8678400,0.0,0.0
2022-10-20 00:00:00-04:00,12.140000343322754,13.175000190734863,12.079999923706055,12.369999885559082,12.312859535217285,11496700,0.0,0.0
2022-10-21 00:00:00-04:00,12.3100004196167,13.385000228881836,12.170000076293945,13.210000038146973,13.148980140686035,5760900,0.0,0.0
2022-10-24 00:00:00-04:00,13.260000228881836,13.890000343322754,12.989999771118164,13.779999732971191,13.716346740722656,4174400,0.0,0.0
2022-10-25 00:00:00-04:00,13.890000343322754,14.359999656677246,13.850000381469727,14.130000114440918,14.064730644226074,5039100,0.0,0.0
2022-10-26 00:00:00-04:00,14.220000267028809,14.75,13.6899995803833,14.600000381469727,14.53255844116211,7201100,0.0,0.0
2022-10-27 00:00:00-04:00,15.25,15.739999771118164,14.489999771118164,14.789999961853027,14.721681594848633,6037500,0.0,0.0
2022-10-28 00:00:00-04:00,14.779999732971191,15.010000228881836,14.154999732971191,14.960000038146973,14.89089584350586,4651600,0.0,0.0
2022-10-31 00:00:00-04:00,14.880000114440918,15.029999732971191,14.255000114440918,14.3100004196167,14.243898391723633,4395200,0.0,0.0
2022-11-01 00:00:00-04:00,14.649999618530273,14.930000305175781,14.199999809265137,14.84000015258789,14.771450996398926,4321200,0.0,0.0
2022-11-02 00:00:00-04:00,14.720000267028809,14.850000381469727,14.050000190734863,14.079999923706055,14.014961242675781,3673200,0.0,0.0
2022-11-03 00:00:00-04:00,13.800000190734863,14.364999771118164,13.739999771118164,13.920000076293945,13.855700492858887,5025900,0.0,0.0
2022-11-04 00:00:00-04:00,14.3100004196167,14.404999732971191,13.640000343322754,14.180000305175781,14.114497184753418,3230800,0.0,0.0
2022-11-07 00:00:00-05:00,14.829999923706055,14.9399995803833,14.005000114440918,14.600000381469727,14.53255844116211,3503300,0.0,0.0
2022-11-08 00:00:00-05:00,14.630000114440918,14.8149995803833,14.279999732971191,14.65999984741211,14.592280387878418,3478600,0.0,0.0
2022-11-09 00:00:00-05:00,14.359999656677246,14.760000228881836,14.21500015258789,14.640000343322754,14.57237434387207,3066500,0.0,0.0
2022-11-10 00:00:00-05:00,15.600000381469727,16.065000534057617,15.149999618530273,15.279999732971191,15.209417343139648,5087200,0.0,0.0
2022-11-11 00:00:00-05:00,15.40999984741211,16.020000457763672,15.260000228881836,15.359999656677246,15.289047241210938,3802000,0.0,0.0
2022-11-14 00:00:00-05:00,15.140000343322754,15.446000099182129,14.920000076293945,14.930000305175781,14.861034393310547,2306400,0.0,0.0
2022-11-15 00:00:00-05:00,15.430000305175781,15.739999771118164,14.4399995803833,14.699999809265137,14.632098197937012,5622600,0.0,0.0
2022-11-16 00:00:00-05:00,14.4399995803833,14.59000015258789,13.385000228881836,13.880000114440918,13.815882682800293,5325600,0.0,0.0
2022-11-17 00:00:00-05:00,13.520000457763672,14.100000381469727,13.460000038146973,13.989999771118164,13.925375938415527,3607900,0.0,0.0
2022-11-18 00:00:00-05:00,14.1899995803833,14.239999771118164,13.569999694824219,13.84000015258789,13.776069641113281,2389400,0.0,0.0
2022-11-21 00:00:00-05:00,13.789999961853027,14.199999809265137,13.65999984741211,14.029999732971191,13.965190887451172,2597400,0.0,0.0
2022-11-22 00:00:00-05:00,14.069999694824219,14.1899995803833,13.574999809265137,13.8100004196167,13.746207237243652,2076400,0.0,0.0
2022-11-23 00:00:00-05:00,13.829999923706055,14.085000038146973,13.819999694824219,13.859999656677246,13.795975685119629,1497400,0.0,0.0
2022-11-25 00:00:00-05:00,13.829999923706055,13.954999923706055,13.600000381469727,13.739999771118164,13.676532745361328,1138800,0.0,0.0
2022-11-28 00:00:00-05:00,13.489999771118164,14.0600004196167,13.024999618530273,13.100000381469727,13.039485931396484,2479200,0.0,0.0
2022-11-29 00:00:00-05:00,13.15999984741211,13.270000457763672,13.029999732971191,13.199999809265137,13.149063110351562,1933700,0.01,0.0
2022-11-30 00:00:00-05:00,13.260000228881836,13.90999984741211,13.079999923706055,13.850000381469727,13.796554565429688,2282900,0.0,0.0
2022-12-01 00:00:00-05:00,14.25,14.574999809265137,14.050000190734863,14.199999809265137,14.145203590393066,2557100,0.0,0.0
2022-12-02 00:00:00-05:00,13.880000114440918,14.920000076293945,13.819999694824219,14.760000228881836,14.703042984008789,3201300,0.0,0.0
2022-12-05 00:00:00-05:00,14.489999771118164,14.614999771118164,14.15999984741211,14.350000381469727,14.294626235961914,2045500,0.0,0.0
2022-12-06 00:00:00-05:00,14.420000076293945,14.489999771118164,13.819999694824219,13.930000305175781,13.876246452331543,3117100,0.0,0.0
2022-12-07 00:00:00-05:00,13.869999885559082,14.03499984741211,13.489999771118164,13.65999984741211,13.607288360595703,2911900,0.0,0.0
2022-12-08 00:00:00-05:00,13.8100004196167,14.520000457763672,13.701000213623047,14.239999771118164,14.18504810333252,2774200,0.0,0.0
2022-12-09 00:00:00-05:00,14.170000076293945,14.440999984741211,13.640000343322754,13.640000343322754,13.587366104125977,2469000,0.0,0.0
2022-12-12 00:00:00-05:00,13.579999923706055,13.65999984741211,13.335000038146973,13.619999885559082,13.5674409866333,2398700,0.0,0.0
2022-12-13 00:00:00-05:00,14.279999732971191,14.494999885559082,13.755000114440918,14.079999923706055,14.025667190551758,2798900,0.0,0.0
2022-12-14 00:00:00-05:00,14.010000228881836,14.255000114440918,13.770000457763672,13.90999984741211,13.8563232421875,1893800,0.0,0.0
2022-12-15 00:00:00-05:00,13.569999694824219,13.75,13.135000228881836,13.25,13.198869705200195,1879200,0.0,0.0
2022-12-16 00:00:00-05:00,13.079999923706055,13.270000457763672,12.890000343322754,13.140000343322754,13.089295387268066,4501500,0.0,0.0
2022-12-19 00:00:00-05:00,13.15999984741211,13.15999984741211,12.609999656677246,12.680000305175781,12.631070137023926,2309400,0.0,0.0
2022-12-20 00:00:00-05:00,12.550000190734863,12.979999542236328,12.329999923706055,12.850000381469727,12.800413131713867,1624400,0.0,0.0
2022-12-21 00:00:00-05:00,13.0,13.265000343322754,12.90999984741211,13.140000343322754,13.089295387268066,1621200,0.0,0.0
2022-12-22 00:00:00-05:00,12.920000076293945,13.0,12.529999732971191,12.779999732971191,12.730683326721191,1663200,0.0,0.0
2022-12-23 00:00:00-05:00,12.770000457763672,12.890000343322754,12.550000190734863,12.819999694824219,12.770528793334961,1282300,0.0,0.0
2022-12-27 00:00:00-05:00,12.850000381469727,13.010000228881836,12.5600004196167,12.579999923706055,12.53145694732666,2087400,0.0,0.0
2022-12-28 00:00:00-05:00,12.630000114440918,12.8100004196167,12.300000190734863,12.350000381469727,12.302342414855957,1633200,0.0,0.0
2022-12-29 00:00:00-05:00,12.579999923706055,13.765000343322754,12.579999923706055,13.529999732971191,13.477788925170898,3452000,0.0,0.0
2022-12-30 00:00:00-05:00,13.260000228881836,13.680000305175781,13.239999771118164,13.65999984741211,13.607288360595703,2354000,0.0,0.0
2023-01-03 00:00:00-05:00,13.859999656677246,14.109999656677246,13.210000038146973,13.300000190734863,13.248677253723145,3458300,0.0,0.0
2023-01-04 00:00:00-05:00,13.510000228881836,13.614999771118164,13.140000343322754,13.5,13.447906494140625,2505300,0.0,0.0
2023-01-05 00:00:00-05:00,13.350000381469727,13.569999694824219,13.140000343322754,13.529999732971191,13.477788925170898,2951600,0.0,0.0
2023-01-06 00:00:00-05:00,13.739999771118164,14.204999923706055,13.529999732971191,14.119999885559082,14.065513610839844,2504700,0.0,0.0
2023-01-09 00:00:00-05:00,14.260000228881836,15.100000381469727,14.199999809265137,14.819999694824219,14.762812614440918,4388600,0.0,0.0
2023-01-10 00:00:00-05:00,14.720000267028809,14.760000228881836,14.045000076293945,14.520000457763672,14.463970184326172,2425000,0.0,0.0
2023-01-11 00:00:00-05:00,14.699999809265137,14.789999961853027,14.369999885559082,14.640000343322754,14.58350658416748,1817900,0.0,0.0
2023-01-12 00:00:00-05:00,14.710000038146973,15.0,14.479999542236328,14.979999542236328,14.922194480895996,1886400,0.0,0.0
2023-01-13 00:00:00-05:00,14.819999694824219,15.0,14.664999961853027,14.970000267028809,14.912233352661133,1840500,0.0,0.0
2023-01-17 00:00:00-05:00,14.949999809265137,15.0,14.760000228881836,14.960000038146973,14.902270317077637,1798000,0.0,0.0
2023-01-18 00:00:00-05:00,15.020000457763672,15.390000343322754,14.46500015258789,14.479999542236328,14.42412281036377,2442900,0.0,0.0
2023-01-19 00:00:00-05:00,14.220000267028809,14.380000114440918,13.911999702453613,13.9399995803833,13.88620662689209,2197000,0.0,0.0
2023-01-20 00:00:00-05:00,14.109999656677246,14.595000267028809,13.901000022888184,14.520000457763672,14.463970184326172,1491000,0.0,0.0
2023-01-23 00:00:00-05:00,14.649999618530273,15.625,14.609999656677246,15.529999732971191,15.470071792602539,4017500,0.0,0.0
2023-01-24 00:00:00-05:00,15.539999961853027,15.569999694824219,15.114999771118164,15.25,15.191152572631836,2496700,0.0,0.0
2023-01-25 00:00:00-05:00,14.8100004196167,14.84000015258789,14.289999961853027,14.350000381469727,14.294626235961914,3616400,0.0,0.0
2023-01-26 00:00:00-05:00,14.609999656677246,14.670000076293945,13.645000457763672,14.050000190734863,13.995782852172852,4217200,0.0,0.0
2023-01-27 00:00:00-05:00,13.899999618530273,14.505000114440918,13.859999656677246,14.380000114440918,14.324509620666504,3144100,0.0,0.0
2023-01-30 00:00:00-05:00,14.09000015258789,14.1899995803833,13.774999618530273,13.960000038146973,13.90613079071045,1808100,0.0,0.0
2023-01-31 00:00:00-05:00,14.029999732971191,14.295000076293945,13.890000343322754,14.220000267028809,14.16512680053711,2066500,0.0,0.0
2023-02-01 00:00:00-05:00,14.180000305175781,14.895000457763672,13.979999542236328,14.699999809265137,14.643275260925293,2065700,0.0,0.0
2023-02-02 00:00:00-05:00,14.930000305175781,15.359999656677246,14.84000015258789,15.039999961853027,14.981962203979492,2340500,0.0,0.0
2023-02-03 00:00:00-05:00,14.630000114440918,15.225000381469727,14.475000381469727,14.59000015258789,14.533700942993164,3013600,0.0,0.0
2023-02-06 00:00:00-05:00,14.319999694824219,14.470000267028809,14.079999923706055,14.199999809265137,14.145203590393066,3748500,0.0,0.0
2023-02-07 00:00:00-05:00,14.289999961853027,15.289999961853027,14.1850004196167,15.25,15.191152572631836,4991300,0.0,0.0
2023-02-08 00:00:00-05:00,15.09000015258789,15.850000381469727,14.979999542236328,15.729999542236328,15.669300079345703,5075000,0.0,0.0
2023-02-09 00:00:00-05:00,16.049999237060547,16.29199981689453,15.4399995803833,15.649999618530273,15.589608192443848,3937700,0.0,0.0
2023-02-10 00:00:00-05:00,15.5600004196167,15.670000076293945,14.359999656677246,14.460000038146973,14.404199600219727,3260200,0.0,0.0
2023-02-13 00:00:00-05:00,14.470000267028809,15.229999542236328,14.350000381469727,15.220000267028809,15.161267280578613,2269400,0.0,0.0
2023-02-14 00:00:00-05:00,15.050000190734863,15.699999809265137,14.904999732971191,15.630000114440918,15.569686889648438,2557300,0.0,0.0
2023-02-15 00:00:00-05:00,15.630000114440918,16.100000381469727,15.4399995803833,16.06999969482422,16.00798797607422,3354500,0.0,0.0
2023-02-16 00:00:00-05:00,15.739999771118164,16.219999313354492,15.619999885559082,16.149999618530273,16.087678909301758,2939900,0.0,0.0
2023-02-17 00:00:00-05:00,15.819999694824219,16.079999923706055,15.670000076293945,16.059999465942383,15.998023986816406,3823900,0.0,0.0
2023-02-21 00:00:00-05:00,15.829999923706055,16.0,15.199999809265137,15.260000228881836,15.2011137008667,4883400,0.0,0.0
2023-02-22 00:00:00-05:00,17.010000228881836,17.8799991607666,15.234999656677246,15.520000457763672,15.460110664367676,11976700,0.0,0.0
2023-02-23 00:00:00-05:00,15.899999618530273,16.489999771118164,15.539999961853027,16.459999084472656,16.396482467651367,7040300,0.0,0.0
2023-02-24 00:00:00-05:00,16.239999771118164,16.239999771118164,15.390000343322754,15.8100004196167,15.748992919921875,3492300,0.0,0.0
2023-02-27 00:00:00-05:00,16.030000686645508,16.094999313354492,15.680000305175781,15.760000228881836,15.69918441772461,2715300,0.0,0.0
2023-02-28 00:00:00-05:00,15.65999984741211,16.34000015258789,15.625,16.25,16.187292098999023,3105900,0.0,0.0
2023-03-01 00:00:00-05:00,16.170000076293945,16.459999084472656,15.982000350952148,16.1299991607666,16.0677547454834,3630400,0.0,0.0
2023-03-02 00:00:00-05:00,15.779999732971191,15.920000076293945,15.600000381469727,15.829999923706055,15.768914222717285,3145900,0.0,0.0
2023-03-03 00:00:00-05:00,15.880000114440918,16.450000762939453,15.744999885559082,16.360000610351562,16.2968692779541,3580800,0.0,0.0
2023-03-06 00:00:00-05:00,16.389999389648438,16.610000610351562,16.020000457763672,16.190000534057617,16.127527236938477,3333600,0.0,0.0
2023-03-07 00:00:00-05:00,16.139999389648438,16.34000015258789,15.789999961853027,15.84000015258789,15.778876304626465,1725800,0.0,0.0
2023-03-08 00:00:00-05:00,15.869999885559082,15.970000267028809,15.680000305175781,15.739999771118164,15.679262161254883,2076900,0.0,0.0
2023-03-09 00:00:00-05:00,15.869999885559082,15.9399995803833,15.350000381469727,15.380000114440918,15.320649147033691,2730100,0.0,0.0
2023-03-10 00:00:00-05:00,15.390000343322754,15.390000343322754,14.0600004196167,14.239999771118164,14.18504810333252,4830100,0.0,0.0
2023-03-13 00:00:00-04:00,13.9399995803833,14.09000015258789,13.489999771118164,13.829999923706055,13.776632308959961,4944600,0.0,0.0
2023-03-14 00:00:00-04:00,14.1899995803833,14.390000343322754,13.774999618530273,13.949999809265137,13.896167755126953,3306200,0.0,0.0
2023-03-15 00:00:00-04:00,13.430000305175781,13.5600004196167,12.904999732971191,13.319999694824219,13.268598556518555,3688700,0.0,0.0
2023-03-16 00:00:00-04:00,13.100000381469727,13.75,13.029999732971191,13.600000381469727,13.547520637512207,2995000,0.0,0.0
2023-03-17 00:00:00-04:00,13.479999542236328,13.65999984741211,13.09000015258789,13.119999885559082,13.069369316101074,4399400,0.0,0.0
2023-03-20 00:00:00-04:00,13.329999923706055,13.359999656677246,12.970000267028809,13.220000267028809,13.168987274169922,4987600,0.0,0.0
2023-03-21 00:00:00-04:00,13.680000305175781,13.819999694824219,13.585000038146973,13.770000457763672,13.716866493225098,2253100,0.0,0.0
2023-03-22 00:00:00-04:00,13.789999961853027,14.045000076293945,13.4399995803833,13.449999809265137,13.398098945617676,2532900,0.0,0.0
2023-03-23 00:00:00-04:00,13.600000381469727,14.050000190734863,12.989999771118164,13.229999542236328,13.178945541381836,2125000,0.0,0.0
2023-03-24 00:00:00-04:00,13.039999961853027,13.170000076293945,12.694999694824219,13.09000015258789,13.0394868850708,1880400,0.0,0.0
2023-03-27 00:00:00-04:00,13.300000190734863,13.359999656677246,13.039999961853027,13.1899995803833,13.139100074768066,2611300,0.0,0.0
2023-03-28 00:00:00-04:00,13.1899995803833,13.347999572753906,13.039999961853027,13.210000038146973,13.159025192260742,1967800,0.0,0.0
2023-03-29 00:00:00-04:00,13.529999732971191,13.805000305175781,13.390000343322754,13.710000038146973,13.65709400177002,3241600,0.0,0.0
2023-03-30 00:00:00-04:00,13.989999771118164,14.149999618530273,13.779999732971191,13.800000190734863,13.746747970581055,2696500,0.0,0.0
2023-03-31 00:00:00-04:00,13.960000038146973,14.4399995803833,13.890000343322754,14.3100004196167,14.254779815673828,3137000,0.0,0.0
2023-04-03 00:00:00-04:00,14.239999771118164,14.449999809265137,13.729999542236328,13.970000267028809,13.916091918945312,2261300,0.0,0.0
2023-04-04 00:00:00-04:00,13.979999542236328,14.098999977111816,12.949999809265137,13.100000381469727,13.04944896697998,2943100,0.0,0.0
2023-04-05 00:00:00-04:00,12.920000076293945,13.003000259399414,12.71500015258789,12.920000076293945,12.870141983032227,3206800,0.0,0.0
2023-04-06 00:00:00-04:00,12.850000381469727,12.885000228881836,12.260000228881836,12.380000114440918,12.33222770690918,3482100,0.0,0.0
2023-04-10 00:00:00-04:00,12.300000190734863,12.619999885559082,12.234999656677246,12.550000190734863,12.501570701599121,3449700,0.0,0.0
2023-04-11 00:00:00-04:00,12.600000381469727,12.746000289916992,12.470000267028809,12.550000190734863,12.501570701599121,2925500,0.0,0.0
2023-04-12 00:00:00-04:00,12.670000076293945,12.670000076293945,12.1899995803833,12.25,12.202728271484375,2689300,0.0,0.0
2023-04-13 00:00:00-04:00,12.279999732971191,12.479999542236328,12.050000190734863,12.430000305175781,12.382035255432129,4092600,0.0,0.0
2023-04-14 00:00:00-04:00,12.359999656677246,12.630000114440918,12.1899995803833,12.430000305175781,12.382035255432129,2621000,0.0,0.0
2023-04-17 00:00:00-04:00,12.4399995803833,12.720000267028809,12.34000015258789,12.569999694824219,12.521493911743164,2362000,0.0,0.0
2023-04-18 00:00:00-04:00,12.649999618530273,12.729000091552734,12.119999885559082,12.359999656677246,12.312305450439453,3716200,0.0,0.0
2023-04-19 00:00:00-04:00,12.140000343322754,12.510000228881836,12.015000343322754,12.489999771118164,12.441802024841309,4485600,0.0,0.0
2023-04-20 00:00:00-04:00,12.279999732971191,12.520000457763672,12.15999984741211,12.270000457763672,12.222652435302734,1937500,0.0,0.0
2023-04-21 00:00:00-04:00,12.229999542236328,12.34000015258789,11.949999809265137,12.180000305175781,12.132999420166016,2575300,0.0,0.0
2023-04-24 00:00:00-04:00,12.260000228881836,12.770000457763672,12.197999954223633,12.729999542236328,12.680875778198242,5059300,0.0,0.0
2023-04-25 00:00:00-04:00,12.550000190734863,12.670000076293945,12.220000267028809,12.229999542236328,12.182805061340332,6829700,0.0,0.0
2023-04-26 00:00:00-04:00,14.329999923706055,15.149999618530273,13.0600004196167,13.59000015258789,13.537559509277344,16760500,0.0,0.0
2023-04-27 00:00:00-04:00,14.0,14.694999694824219,13.725000381469727,14.489999771118164,14.43408489227295,6112600,0.0,0.0
2023-04-28 00:00:00-04:00,14.510000228881836,15.09000015258789,14.399999618530273,14.920000076293945,14.862424850463867,5048600,0.0,0.0
2023-05-01 00:00:00-04:00,14.779999732971191,15.010000228881836,14.640000343322754,14.819999694824219,14.762812614440918,3492900,0.0,0.0
2023-05-02 00:00:00-04:00,14.84000015258789,14.989999771118164,14.494999885559082,14.920000076293945,14.862424850463867,3744800,0.0,0.0
2023-05-03 00:00:00-04:00,14.979999542236328,15.550000190734863,14.885000228881836,14.930000305175781,14.872387886047363,5293100,0.0,0.0
2023-05-04 00:00:00-04:00,14.899999618530273,14.920000076293945,14.274999618530273,14.3100004196167,14.254779815673828,3302300,0.0,0.0
2023-05-05 00:00:00-04:00,14.4399995803833,15.225000381469727,14.279999732971191,14.979999542236328,14.922194480895996,4187300,0.0,0.0
2023-05-08 00:00:00-04:00,15.180000305175781,15.215999603271484,14.680000305175781,15.079999923706055,15.021807670593262,2130000,0.0,0.0
2023-05-09 00:00:00-04:00,14.90999984741211,15.414999961853027,14.835000038146973,15.260000228881836,15.2011137008667,3253100,0.0,0.0
2023-05-10 00:00:00-04:00,15.479999542236328,15.574999809265137,15.050000190734863,15.289999961853027,15.230997085571289,2510000,0.0,0.0
2023-05-11 00:00:00-04:00,15.229999542236328,15.414999961853027,15.069999694824219,15.329999923706055,15.270843505859375,1672000,0.0,0.0
2023-05-12 00:00:00-04:00,15.3100004196167,15.460000038146973,14.949999809265137,15.100000381469727,15.041731834411621,1711300,0.0,0.0
2023-05-15 00:00:00-04:00,15.100000381469727,15.505000114440918,15.069999694824219,15.319999694824219,15.260883331298828,2162400,0.0,0.0
2023-05-16 00:00:00-04:00,15.260000228881836,15.260000228881836,15.0,15.130000114440918,15.071615219116211,1630200,0.0,0.0
2023-05-17 00:00:00-04:00,15.3100004196167,15.680000305175781,15.175000190734863,15.630000114440918,15.569686889648438,2741100,0.0,0.0
2023-05-18 00:00:00-04:00,15.510000228881836,16.049999237060547,15.399999618530273,15.960000038146973,15.898412704467773,4900300,0.0,0.0
2023-05-19 00:00:00-04:00,16.06999969482422,16.09000015258789,15.5,15.5600004196167,15.499956130981445,3661200,0.0,0.0
2023-05-22 00:00:00-04:00,15.770000457763672,16.764999389648438,15.640000343322754,16.510000228881836,16.446290969848633,7543800,0.0,0.0
2023-05-23 00:00:00-04:00,16.309999465942383,16.719999313354492,16.170000076293945,16.290000915527344,16.227140426635742,5738800,0.0,0.0
2023-05-24 00:00:00-04:00,16.0,16.389999389648438,15.75,16.239999771118164,16.177331924438477,4048800,0.0,0.0
2023-05-25 00:00:00-04:00,18.299999237060547,19.190000534057617,17.94499969482422,18.510000228881836,18.43857192993164,29409700,0.0,0.0
2023-05-26 00:00:00-04:00,18.719999313354492,20.0,18.489999771118164,19.739999771118164,19.66382598876953,15999900,0.0,0.0
2023-05-30 00:00:00-04:00,20.43000030517578,20.530000686645508,19.829999923706055,20.139999389648438,20.062286376953125,9997500,0.0,0.0
2023-05-31 00:00:00-04:00,19.8700008392334,19.9060001373291,18.739999771118164,19.299999237060547,19.225522994995117,5854900,0.0,0.0
2023-06-01 00:00:00-04:00,19.3700008392334,19.649999618530273,19.100000381469727,19.399999618530273,19.325138092041016,4783200,0.0,0.0
2023-06-02 00:00:00-04:00,19.84000015258789,19.959999084472656,19.375,19.799999237060547,19.723594665527344,4021700,0.0,0.0
2023-06-05 00:00:00-04:00,19.440000534057617,20.139999389648438,19.360000610351562,20.06999969482422,19.992551803588867,4166700,0.0,0.0
2023-06-06 00:00:00-04:00,19.829999923706055,20.389999389648438,19.81999969482422,20.0,19.922822952270508,2966800,0.0,0.0
2023-06-07 00:00:00-04:00,20.0,20.610000610351562,19.889999389648438,20.559999465942383,20.48065948486328,5017800,0.0,0.0
2023-06-08 00:00:00-04:00,20.389999389648438,20.674999237060547,20.059999465942383,20.579999923706055,20.500585556030273,3695200,0.0,0.0
2023-06-09 00:00:00-04:00,21.229999542236328,21.350000381469727,20.850000381469727,21.190000534057617,21.108230590820312,3982700,0.0,0.0
2023-06-12 00:00:00-04:00,21.299999237060547,21.540000915527344,21.020000457763672,21.110000610351562,21.028539657592773,4766800,0.0,0.0
2023-06-13 00:00:00-04:00,21.440000534057617,22.514999389648438,21.399999618530273,22.450000762939453,22.363367080688477,6638700,0.0,0.0
2023-06-14 00:00:00-04:00,22.5,22.799999237060547,22.239999771118164,22.549999237060547,22.462980270385742,4516600,0.0,0.0
2023-06-15 00:00:00-04:00,22.420000076293945,22.774999618530273,22.149999618530273,22.600000381469727,22.512788772583008,4453300,0.0,0.0
2023-06-16 00:00:00-04:00,22.799999237060547,23.09000015258789,22.364999771118164,22.540000915527344,22.453022003173828,7713600,0.0,0.0
2023-06-20 00:00:00-04:00,22.450000762939453,23.405000686645508,22.389999389648438,23.34000015258789,23.249935150146484,5143100,0.0,0.0
2023-06-21 00:00:00-04:00,23.010000228881836,23.18000030517578,22.309999465942383,22.969999313354492,22.881362915039062,4860800,0.0,0.0
2023-06-22 00:00:00-04:00,22.760000228881836,23.43000030517578,22.600000381469727,23.309999465942383,23.220048904418945,4356900,0.0,0.0
2023-06-23 00:00:00-04:00,22.84000015258789,23.729999542236328,22.815000534057617,23.639999389648438,23.548778533935547,6516500,0.0,0.0
2023-06-26 00:00:00-04:00,23.5,24.260000228881836,23.3799991607666,23.450000762939453,23.359512329101562,7315200,0.0,0.0
2023-06-27 00:00:00-04:00,23.510000228881836,24.014999389648438,23.270000457763672,23.799999237060547,23.70815658569336,3704700,0.0,0.0
2023-06-28 00:00:00-04:00,23.59000015258789,23.770000457763672,23.06999969482422,23.350000381469727,23.25989532470703,5087900,0.0,0.0
2023-06-29 00:00:00-04:00,23.959999084472656,24.32900047302246,23.78499984741211,24.1299991607666,24.036884307861328,8865500,0.0,0.0
2023-06-30 00:00:00-04:00,24.34000015258789,25.010000228881836,24.030000686645508,24.770000457763672,24.674415588378906,5216200,0.0,0.0
2023-07-03 00:00:00-04:00,24.799999237060547,24.90999984741211,24.440000534057617,24.8700008392334,24.774030685424805,1881900,0.0,0.0
2023-07-05 00:00:00-04:00,24.725000381469727,24.780000686645508,24.290000915527344,24.299999237060547,24.206228256225586,3535200,0.0,0.0
2023-07-06 00:00:00-04:00,24.059999465942383,24.165000915527344,23.510000228881836,24.079999923706055,23.987077713012695,3810100,0.0,0.0
2023-07-07 00:00:00-04:00,24.56999969482422,25.0,24.459999084472656,24.649999618530273,24.55487823486328,2532500,0.0,0.0
2023-07-10 00:00:00-04:00,24.729999542236328,25.5049991607666,24.65999984741211,25.3799991607666,25.282062530517578,2523000,0.0,0.0
2023-07-11 00:00:00-04:00,25.309999465942383,25.59000015258789,25.190000534057617,25.309999465942383,25.212329864501953,3047500,0.0,0.0
2023-07-12 00:00:00-04:00,25.6299991607666,25.975000381469727,25.270000457763672,25.760000228881836,25.660594940185547,3120000,0.0,0.0
2023-07-13 00:00:00-04:00,25.940000534057617,27.030000686645508,25.770000457763672,26.510000228881836,26.407705307006836,5184500,0.0,0.0
2023-07-14 00:00:00-04:00,26.520000457763672,26.799999237060547,26.03499984741211,26.350000381469727,26.248319625854492,3135200,0.0,0.0
2023-07-17 00:00:00-04:00,26.299999237060547,26.719999313354492,26.110000610351562,26.350000381469727,26.248319625854492,3027400,0.0,0.0
2023-07-18 00:00:00-04:00,26.399999618530273,26.815000534057617,26.040000915527344,26.729999542236328,26.62685203552246,4120600,0.0,0.0
2023-07-19 00:00:00-04:00,26.520000457763672,26.780000686645508,26.280000686645508,26.690000534057617,26.587005615234375,6889800,0.0,0.0
2023-07-20 00:00:00-04:00,26.399999618530273,26.700000762939453,26.06999969482422,26.170000076293945,26.069013595581055,6023900,0.0,0.0
2023-07-21 00:00:00-04:00,26.43000030517578,26.469999313354492,25.34000015258789,25.68000030517578,25.580902099609375,5709800,0.0,0.0
2023-07-24 00:00:00-04:00,25.520000457763672,25.950000762939453,25.225000381469727,25.780000686645508,25.68052101135254,3872100,0.0,0.0
2023-07-25 00:00:00-04:00,25.670000076293945,26.274999618530273,25.575000762939453,25.989999771118164,25.88970947265625,2741700,0.0,0.0
2023-07-26 00:00:00-04:00,25.700000762939453,26.079999923706055,25.09000015258789,25.34000015258789,25.242219924926758,5117700,0.0,0.0
2023-07-27 00:00:00-04:00,25.850000381469727,26.030000686645508,25.09000015258789,25.31999969482422,25.2222957611084,4690000,0.0,0.0
2023-07-28 00:00:00-04:00,25.690000534057617,26.2189998626709,25.610000610351562,25.950000762939453,25.849864959716797,4622600,0.0,0.0
2023-07-31 00:00:00-04:00,25.770000457763672,26.104999542236328,25.40999984741211,26.010000228881836,25.909629821777344,5874900,0.0,0.0
2023-08-01 00:00:00-04:00,25.670000076293945,26.6299991607666,25.479999542236328,26.530000686645508,26.427623748779297,9983200,0.0,0.0
2023-08-02 00:00:00-04:00,33.0,35.380001068115234,31.56999969482422,34.290000915527344,34.15767288208008,38471500,0.0,0.0
2023-08-03 00:00:00-04:00,34.099998474121094,34.59000015258789,33.060001373291016,34.5,34.36687088012695,12836000,0.0,0.0
2023-08-04 00:00:00-04:00,34.959999084472656,36.595001220703125,34.7599983215332,35.709999084472656,35.57220458984375,9938400,0.0,0.0
2023-08-07 00:00:00-04:00,35.0,36.40999984741211,34.86000061035156,35.720001220703125,35.582157135009766,14131800,0.0,0.0
2023-08-08 00:00:00-04:00,35.54999923706055,36.470001220703125,34.959999084472656,36.220001220703125,36.080230712890625,7777700,0.0,0.0
2023-08-09 00:00:00-04:00,36.369998931884766,36.689998626708984,34.67499923706055,34.81999969482422,34.68563461303711,7518900,0.0,0.0
2023-08-10 00:00:00-04:00,34.709999084472656,34.95000076293945,32.7400016784668,33.869998931884766,33.73929214477539,11382300,0.0,0.0
2023-08-11 00:00:00-04:00,34.150001525878906,34.58000183105469,33.380001068115234,33.5099983215332,33.38068771362305,6050400,0.0,0.0
2023-08-14 00:00:00-04:00,33.56999969482422,34.86000061035156,33.25,34.58000183105469,34.446563720703125,5947800,0.0,0.0
2023-08-15 00:00:00-04:00,34.61000061035156,34.91999816894531,34.05500030517578,34.72999954223633,34.59598159790039,5592400,0.0,0.0
2023-08-16 00:00:00-04:00,34.709999084472656,34.97999954223633,33.70000076293945,33.7400016784668,33.609806060791016,5438200,0.0,0.0
2023-08-17 00:00:00-04:00,33.790000915527344,33.959999084472656,32.8849983215332,32.9900016784668,32.86268997192383,6342100,0.0,0.0
2023-08-18 00:00:00-04:00,33.0,34.33000183105469,32.380001068115234,33.970001220703125,33.83891677856445,7282700,0.0,0.0
2023-08-21 00:00:00-04:00,34.20000076293945,35.2400016784668,33.650001525878906,35.06999969482422,34.93466567993164,5952900,0.0,0.0
2023-08-22 00:00:00-04:00,35.380001068115234,35.79999923706055,34.540000915527344,34.970001220703125,34.835052490234375,4276100,0.0,0.0
2023-08-23 00:00:00-04:00,35.130001068115234,36.20000076293945,34.88999938964844,35.68000030517578,35.54232406616211,4733300,0.0,0.0
2023-08-24 00:00:00-04:00,36.88999938964844,37.220001220703125,34.9900016784668,35.0099983215332,34.87490463256836,10481000,0.0,0.0
2023-08-25 00:00:00-04:00,35.220001220703125,37.95000076293945,35.11000061035156,37.5,37.35529327392578,10429700,0.0,0.0
2023-08-28 00:00:00-04:00,37.439998626708984,38.53799819946289,37.209999084472656,38.16999816894531,38.022708892822266,6433300,0.0,0.0
2023-08-29 00:00:00-04:00,37.70000076293945,39.15999984741211,37.400001525878906,38.720001220703125,38.570587158203125,5746600,0.0,0.0
2023-08-30 00:00:00-04:00,38.5,39.24800109863281,38.380001068115234,38.88999938964844,38.739925384521484,3397000,0.0,0.0
2023-08-31 00:00:00-04:00,39.08000183105469,39.5,38.775001525878906,39.38999938964844,39.23800277709961,3569300,0.0,0.0
2023-09-01 00:00:00-04:00,39.619998931884766,40.40999984741211,39.189998626708984,39.869998931884766,39.716148376464844,4614300,0.0,0.0
2023-09-05 00:00:00-04:00,39.849998474121094,40.13999938964844,38.779998779296875,39.130001068115234,38.97899627685547,3719500,0.0,0.0
2023-09-06 00:00:00-04:00,39.20000076293945,39.58000183105469,37.65999984741211,38.439998626708984,38.291656494140625,7073700,0.0,0.0
2023-09-07 00:00:00-04:00,38.15999984741211,39.77000045776367,37.810001373291016,39.599998474121094,39.44718933105469,6757300,0.0,0.0
2023-09-08 00:00:00-04:00,39.33000183105469,40.150001525878906,39.04499816894531,39.20000076293945,39.048728942871094,3862500,0.0,0.0
2023-09-11 00:00:00-04:00,38.18000030517578,39.22999954223633,37.849998474121094,39.20000076293945,39.048728942871094,6528500,0.0,0.0
2023-09-12 00:00:00-04:00,38.869998931884766,39.709999084472656,37.310001373291016,37.619998931884766,37.474822998046875,5653700,0.0,0.0
2023-09-13 00:00:00-04:00,37.43000030517578,37.790000915527344,36.220001220703125,37.029998779296875,36.8870964050293,7073300,0.0,0.0
2023-09-14 00:00:00-04:00,37.970001220703125,39.2400016784668,37.92499923706055,38.439998626708984,38.291656494140625,6826000,0.0,0.0
2023-09-15 00:00:00-04:00,37.75,38.470001220703125,37.5,38.16999816894531,38.022708892822266,7132800,0.0,0.0
2023-09-18 00:00:00-04:00,37.470001220703125,38.30500030517578,36.720001220703125,37.79999923706055,37.654136657714844,4100100,0.0,0.0
2023-09-19 00:00:00-04:00,37.970001220703125,38.41999816894531,37.31999969482422,38.060001373291016,37.91313171386719,2445100,0.0,0.0
2023-09-20 00:00:00-04:00,38.15999984741211,38.75699996948242,37.099998474121094,37.119998931884766,36.97675704956055,3696100,0.0,0.0
2023-09-21 00:00:00-04:00,36.70000076293945,36.84000015258789,35.79999923706055,36.31999969482422,36.179847717285156,3685200,0.0,0.0
2023-09-22 00:00:00-04:00,36.72999954223633,36.90999984741211,36.209999084472656,36.45000076293945,36.30934143066406,2666200,0.0,0.0
2023-09-25 00:00:00-04:00,36.439998626708984,37.540000915527344,36.20000076293945,36.77000045776367,36.62810516357422,4134200,0.0,0.0
2023-09-26 00:00:00-04:00,36.5,36.7599983215332,35.4900016784668,35.52000045776367,35.382938385009766,4622500,0.0,0.0
2023-09-27 00:00:00-04:00,35.959999084472656,36.560001373291016,35.720001220703125,36.18000030517578,36.04039001464844,5577000,0.0,0.0
2023-09-28 00:00:00-04:00,36.2599983215332,38.099998474121094,36.11000061035156,37.0,36.85721969604492,4655800,0.0,0.0
2023-09-29 00:00:00-04:00,37.41999816894531,38.709999084472656,37.12099838256836,37.20000076293945,37.05644989013672,4526600,0.0,0.0
2023-10-02 00:00:00-04:00,38.04999923706055,38.970001220703125,37.70000076293945,38.40999984741211,38.26179122924805,6750200,0.0,0.0
2023-10-03 00:00:00-04:00,37.869998931884766,39.22999954223633,36.400001525878906,36.84000015258789,36.697837829589844,6541400,0.0,0.0
2023-10-04 00:00:00-04:00,36.900001525878906,38.58000183105469,36.630001068115234,38.189998626708984,38.04262924194336,5267500,0.0,0.0
2023-10-05 00:00:00-04:00,37.56999969482422,38.52000045776367,37.29999923706055,38.18000030517578,38.03266525268555,3903900,0.0,0.0
2023-10-06 00:00:00-04:00,37.779998779296875,40.20000076293945,37.529998779296875,39.77000045776367,39.61653518676758,7099400,0.0,0.0
2023-10-09 00:00:00-04:00,39.290000915527344,40.13999938964844,38.279998779296875,40.130001068115234,39.97514343261719,5777500,0.0,0.0
2023-10-10 00:00:00-04:00,40.97999954223633,42.720001220703125,40.5,40.58000183105469,40.42341232299805,8552300,0.0,0.0
2023-10-11 00:00:00-04:00,40.70000076293945,42.529998779296875,40.54100036621094,41.72999954223633,41.568965911865234,8423300,0.0,0.0
2023-10-12 00:00:00-04:00,41.810001373291016,43.130001068115234,41.209999084472656,41.810001373291016,41.64866638183594,6449900,0.0,0.0
2023-10-13 00:00:00-04:00,41.599998474121094,42.060001373291016,39.0099983215332,39.099998474121094,38.949119567871094,6902800,0.0,0.0
2023-10-16 00:00:00-04:00,39.470001220703125,40.92300033569336,39.20000076293945,40.650001525878906,40.493141174316406,4355100,0.0,0.0
2023-10-17 00:00:00-04:00,39.650001525878906,41.38999938964844,38.619998931884766,41.189998626708984,41.03104782104492,5069000,0.0,0.0
2023-10-18 00:00:00-04:00,40.4900016784668,40.779998779296875,38.459999084472656,38.75,38.600467681884766,6822600,0.0,0.0
2023-10-19 00:00:00-04:00,39.02000045776367,39.47999954223633,36.959999084472656,37.41999816894531,37.275596618652344,8848700,0.0,0.0
2023-10-20 00:00:00-04:00,37.189998626708984,37.939998626708984,35.650001525878906,36.7400016784668,36.59822463989258,8789400,0.0,0.0
2023-10-23 00:00:00-04:00,36.790000915527344,38.3120002746582,36.237998962402344,37.290000915527344,37.1461067199707,6632100,0.0,0.0
2023-10-24 00:00:00-04:00,37.720001220703125,39.20000076293945,37.56999969482422,39.029998779296875,38.8793830871582,9674100,0.0,0.0
2023-10-25 00:00:00-04:00,41.540000915527344,41.91999816894531,36.0,37.38999938964844,37.2457160949707,17130500,0.0,0.0
2023-10-26 00:00:00-04:00,37.56999969482422,38.099998474121094,34.599998474121094,34.86000061035156,34.72548294067383,10790600,0.0,0.0
2023-10-27 00:00:00-04:00,35.65999984741211,36.810001373291016,35.60100173950195,36.41999816894531,36.27945327758789,7865300,0.0,0.0
2023-10-30 00:00:00-04:00,36.91999816894531,38.5,36.400001525878906,38.279998779296875,38.13227844238281,6218900,0.0,0.0
2023-10-31 00:00:00-04:00,38.029998779296875,39.44499969482422,37.209999084472656,39.27000045776367,39.11846160888672,5648500,0.0,0.0
2023-11-01 00:00:00-04:00,39.349998474121094,40.2599983215332,39.06999969482422,40.22999954223633,40.07476043701172,5920400,0.0,0.0
2023-11-02 00:00:00-04:00,40.93000030517578,41.79999923706055,39.66999816894531,39.97999954223633,39.82571792602539,5638600,0.0,0.0
2023-11-03 00:00:00-04:00,40.59000015258789,41.21500015258789,39.81999969482422,40.439998626708984,40.2839469909668,6202500,0.0,0.0
2023-11-06 00:00:00-05:00,40.529998779296875,40.68000030517578,38.68000030517578,39.75,39.596614837646484,5246500,0.0,0.0
2023-11-07 00:00:00-05:00,40.08000183105469,41.060001373291016,39.47999954223633,40.150001525878906,39.99506759643555,4686000,0.0,0.0
2023-11-08 00:00:00-05:00,40.66999816894531,40.93000030517578,39.79999923706055,40.06999969482422,39.91537857055664,4825800,0.0,0.0
2023-11-09 00:00:00-05:00,40.369998931884766,42.20000076293945,39.512001037597656,39.970001220703125,39.81576156616211,6119900,0.0,0.0
2023-11-10 00:00:00-05:00,40.0099983215332,42.25,40.0099983215332,41.83000183105469,41.668582916259766,5791900,0.0,0.0
2023-11-13 00:00:00-05:00,41.5,42.43000030517578,41.17399978637695,42.290000915527344,42.12681198120117,4239600,0.0,0.0
2023-11-14 00:00:00-05:00,43.209999084472656,44.0,42.81999969482422,43.59000015258789,43.42179489135742,6316000,0.0,0.0
2023-11-15 00:00:00-05:00,44.27000045776367,44.959999084472656,42.83000183105469,43.5,43.33213806152344,8154000,0.0,0.0
2023-11-16 00:00:00-05:00,43.0,43.619998931884766,42.34000015258789,42.84000015258789,42.6746826171875,4630200,0.0,0.0
2023-11-17 00:00:00-05:00,43.779998779296875,44.15999984741211,42.970001220703125,43.290000915527344,43.122947692871094,5138900,0.0,0.0
2023-11-20 00:00:00-05:00,43.11000061035156,44.630001068115234,43.11000061035156,44.54999923706055,44.378089904785156,4552700,0.0,0.0
2023-11-21 00:00:00-05:00,44.22999954223633,45.150001525878906,42.119998931884766,42.630001068115234,42.46549606323242,6832100,0.0,0.0
2023-11-22 00:00:00-05:00,43.400001525878906,44.380001068115234,42.33000183105469,43.52000045776367,43.35206604003906,6242700,0.0,0.0
2023-11-24 00:00:00-05:00,43.720001220703125,43.869998931884766,42.540000915527344,42.68000030517578,42.51530075073242,1531400,0.0,0.0
2023-11-27 00:00:00-05:00,42.689998626708984,43.2599983215332,42.400001525878906,42.54999923706055,42.385799407958984,5344300,0.0,0.0
2023-11-28 00:00:00-05:00,42.52000045776367,42.8650016784668,41.33000183105469,42.25,42.08695983886719,7511300,0.0,0.0
2023-11-29 00:00:00-05:00,44.0099983215332,44.91999816894531,41.0099983215332,42.290000915527344,42.12681198120117,13346500,0.0,0.0
2023-11-30 00:00:00-05:00,42.689998626708984,44.54999923706055,42.5,43.65999984741211,43.49152755737305,26319000,0.0,0.0
2023-12-01 00:00:00-05:00,43.5,45.939998626708984,43.27000045776367,45.13999938964844,44.9658088684082,9447000,0.0,0.0
2023-12-04 00:00:00-05:00,45.220001220703125,45.90999984741211,43.65999984741211,45.36000061035156,45.184959411621094,8054700,0.0,0.0
2023-12-05 00:00:00-05:00,44.959999084472656,45.30799865722656,44.310001373291016,45.150001525878906,44.97578048706055,4325000,0.0,0.0
2023-12-06 00:00:00-05:00,45.4900016784668,45.9900016784668,44.029998779296875,44.15999984741211,43.989593505859375,4325600,0.0,0.0
2023-12-07 00:00:00-05:00,44.29999923706055,45.41999816894531,44.13999938964844,45.13999938964844,44.9658088684082,4565600,0.0,0.0
2023-12-08 00:00:00-05:00,44.84000015258789,47.25,44.83000183105469,47.13999938964844,46.98411178588867,6951500,0.025,0.0
2023-12-11 00:00:00-05:00,47.33000183105469,48.880001068115234,47.32699966430664,47.630001068115234,47.472496032714844,7433900,0.0,0.0
2023-12-12 00:00:00-05:00,47.5,49.86000061035156,47.38999938964844,49.43000030517578,49.266544342041016,7006600,0.0,0.0
2023-12-13 00:00:00-05:00,49.630001068115234,50.22999954223633,47.7599983215332,47.939998626708984,47.78146743774414,7966800,0.0,0.0
2023-12-14 00:00:00-05:00,48.349998474121094,48.9900016784668,45.75,47.2400016784668,47.08378601074219,10176300,0.0,0.0
2023-12-15 00:00:00-05:00,47.36000061035156,48.400001525878906,46.869998931884766,47.72999954223633,47.57216262817383,5707600,0.0,0.0
2023-12-18 00:00:00-05:00,47.72999954223633,48.599998474121094,47.45199966430664,47.79999923706055,47.64193344116211,3012700,0.0,0.0
2023-12-19 00:00:00-05:00,47.90999984741211,49.345001220703125,47.880001068115234,49.220001220703125,49.05723571777344,3795300,0.0,0.0
2023-12-20 00:00:00-05:00,48.86000061035156,49.150001525878906,47.20000076293945,47.25,47.093746185302734,3611100,0.0,0.0
2023-12-21 00:00:00-05:00,48.119998931884766,48.63999938964844,47.84000015258789,48.58000183105469,48.41935729980469,2593900,0.0,0.0
2023-12-22 00:00:00-05:00,48.56999969482422,49.15999984741211,48.20000076293945,48.779998779296875,48.61868667602539,2421800,0.0,0.0
2023-12-26 00:00:00-05:00,48.93000030517578,49.209999084472656,48.54999923706055,48.9900016784668,48.828006744384766,2078700,0.0,0.0
2023-12-27 00:00:00-05:00,48.900001525878906,49.310001373291016,48.38999938964844,48.93000030517578,48.76819610595703,2615700,0.0,0.0
2023-12-28 00:00:00-05:00,48.970001220703125,49.33000183105469,48.34000015258789,48.959999084472656,48.798095703125,2134000,0.0,0.0
2023-12-29 00:00:00-05:00,48.84000015258789,49.02000045776367,47.84000015258789,48.029998779296875,47.87116622924805,3012600,0.0,0.0
2024-01-02 00:00:00-05:00,47.47999954223633,47.5,45.19200134277344,45.63999938964844,45.489070892333984,5770200,0.0,0.0
2024-01-03 00:00:00-05:00,45.0,45.92499923706055,44.310001373291016,45.56999969482422,45.419307708740234,5905000,0.0,0.0
2024-01-04 00:00:00-05:00,45.59000015258789,47.310001373291016,45.59000015258789,45.79999923706055,45.64854431152344,5274800,0.0,0.0
2024-01-05 00:00:00-05:00,45.599998474121094,46.66999816894531,45.09000015258789,46.310001373291016,46.156856536865234,4390700,0.0,0.0
2024-01-08 00:00:00-05:00,46.75,48.619998931884766,46.619998931884766,48.540000915527344,48.379493713378906,4179200,0.0,0.0
2024-01-09 00:00:00-05:00,48.41999816894531,49.470001220703125,47.45000076293945,49.18000030517578,49.017364501953125,3871400,0.0,0.0
2024-01-10 00:00:00-05:00,49.189998626708984,49.68000030517578,48.45000076293945,48.790000915527344,48.62865447998047,2870600,0.0,0.0
2024-01-11 00:00:00-05:00,49.0,50.16999816894531,48.220001220703125,50.02000045776367,49.85458755493164,3612700,0.0,0.0
2024-01-12 00:00:00-05:00,49.880001068115234,50.25,48.41999816894531,49.52000045776367,49.35624694824219,3465700,0.0,0.0
2024-01-16 00:00:00-05:00,49.369998931884766,50.720001220703125,49.25,49.959999084472656,49.79478454589844,3061700,0.0,0.0
2024-01-17 00:00:00-05:00,49.43000030517578,49.88999938964844,48.86000061035156,49.2599983215332,49.09709930419922,3208600,0.0,0.0
2024-01-18 00:00:00-05:00,50.36000061035156,51.040000915527344,49.66999816894531,50.88999938964844,50.721717834472656,4190200,0.0,0.0
2024-01-19 00:00:00-05:00,52.5,53.66999816894531,51.66999816894531,53.66999816894531,53.49251937866211,7499800,0.0,0.0
2024-01-22 00:00:00-05:00,54.5,55.93000030517578,53.099998474121094,53.45000076293945,53.273250579833984,7113800,0.0,0.0
2024-01-23 00:00:00-05:00,53.689998626708984,54.20000076293945,52.82500076293945,53.66999816894531,53.49251937866211,3453600,0.0,0.0
2024-01-24 00:00:00-05:00,54.380001068115234,55.04999923706055,52.79999923706055,52.81999969482422,52.64533233642578,8007700,0.0,0.0
2024-01-25 00:00:00-05:00,53.5,53.790000915527344,52.61000061035156,53.310001373291016,53.13371276855469,7383900,0.0,0.0
2024-01-26 00:00:00-05:00,53.04999923706055,54.76499938964844,52.400001525878906,53.459999084472656,53.2832145690918,5004700,0.0,0.0
2024-01-29 00:00:00-05:00,53.400001525878906,54.93000030517578,53.29999923706055,54.900001525878906,54.71845626831055,5323500,0.0,0.0
2024-01-30 00:00:00-05:00,56.2400016784668,57.59000015258789,55.66999816894531,56.65999984741211,56.47263717651367,9344800,0.0,0.0
2024-01-31 00:00:00-05:00,55.459999084472656,57.599998474121094,55.22800064086914,56.33000183105469,56.14373016357422,7562300,0.0,0.0
2024-02-01 00:00:00-05:00,57.470001220703125,59.619998931884766,57.2400016784668,59.459999084472656,59.26337814331055,10368900,0.0,0.0
2024-02-02 00:00:00-05:00,60.06999969482422,62.2599983215332,60.06999969482422,61.470001220703125,61.266727447509766,9915200,0.0,0.0
2024-02-05 00:00:00-05:00,61.45000076293945,62.16999816894531,60.369998931884766,61.58000183105469,61.376373291015625,6978700,0.0,0.0
2024-02-06 00:00:00-05:00,61.900001525878906,62.2599983215332,57.83000183105469,59.119998931884766,58.92449951171875,10174800,0.0,0.0
2024-02-07 00:00:00-05:00,59.97999954223633,61.310001373291016,59.275001525878906,60.7400016784668,60.53914260864258,6299400,0.0,0.0
2024-02-08 00:00:00-05:00,60.93000030517578,63.43000030517578,60.8849983215332,61.66999816894531,61.46607971191406,7401100,0.0,0.0
2024-02-09 00:00:00-05:00,61.9900016784668,63.810001373291016,61.849998474121094,63.52000045776367,63.309959411621094,6139500,0.0,0.0
2024-02-12 00:00:00-05:00,63.95000076293945,64.18000030517578,61.04999923706055,61.31999969482422,61.117225646972656,7719100,0.0,0.0
2024-02-13 00:00:00-05:00,58.90999984741211,63.119998931884766,57.12699890136719,62.529998779296875,62.32321548461914,10345100,0.0,0.0
2024-02-14 00:00:00-05:00,63.5,65.19999694824219,63.060001373291016,64.97000122070312,64.75515747070312,7578000,0.0,0.0
2024-02-15 00:00:00-05:00,65.0199966430664,65.55999755859375,61.97999954223633,62.84000015258789,62.632198333740234,9598700,0.0,0.0
2024-02-16 00:00:00-05:00,63.18000030517578,65.0,62.349998474121094,62.970001220703125,62.76177215576172,8065900,0.0,0.0
2024-02-20 00:00:00-05:00,61.959999084472656,62.54999923706055,60.08000183105469,62.02000045776367,61.81490707397461,9540300,0.0,0.0
2024-02-21 00:00:00-05:00,55.029998779296875,61.59000015258789,55.0,58.54999923706055,58.35638427734375,21392500,0.0,0.0
2024-02-22 00:00:00-05:00,62.86000061035156,64.5,61.689998626708984,62.900001525878906,62.69200134277344,11656200,0.0,0.0
2024-02-23 00:00:00-05:00,63.41999816894531,64.51000213623047,61.25,62.70000076293945,62.49266052246094,5905900,0.0,0.0
2024-02-26 00:00:00-05:00,63.33000183105469,66.9000015258789,63.220001220703125,66.30999755859375,66.0907211303711,7090900,0.0,0.0
2024-02-27 00:00:00-05:00,67.0,68.80000305175781,66.25,66.2699966430664,66.05084991455078,8558900,0.0,0.0
2024-02-28 00:00:00-05:00,65.55000305175781,67.55999755859375,65.53500366210938,66.0999984741211,65.88143157958984,5414400,0.0,0.0
2024-02-29 00:00:00-05:00,66.80000305175781,68.22000122070312,66.44999694824219,67.62000274658203,67.39640045166016,6756200,0.0,0.0
2024-03-01 00:00:00-05:00,68.4000015258789,71.13999938964844,68.37000274658203,70.56999969482422,70.33663177490234,7711100,0.0,0.0
2024-03-04 00:00:00-05:00,72.80000305175781,73.5,71.69000244140625,71.69000244140625,71.45294952392578,9063800,0.0,0.0
2024-03-05 00:00:00-05:00,70.5999984741211,71.9209976196289,68.72799682617188,70.0199966430664,69.78845977783203,6304000,0.0,0.0
2024-03-06 00:00:00-05:00,72.16000366210938,73.58000183105469,70.74299621582031,71.98999786376953,71.75194549560547,5829700,0.0,0.0
2024-03-07 00:00:00-05:00,72.0,72.56999969482422,70.75,72.08999633789062,71.85160064697266,5393700,0.0,0.0
2024-03-08 00:00:00-05:00,72.4000015258789,74.41000366210938,69.0,69.37000274658203,69.1406021118164,7610700,0.0,0.0
2024-03-11 00:00:00-04:00,68.25,68.31999969482422,65.88999938964844,67.0,66.7784423828125,11753400,0.0,0.0
2024-03-12 00:00:00-04:00,68.72000122070312,72.58999633789062,68.3499984741211,72.31999969482422,72.08084106445312,7662700,0.0,0.0
2024-03-13 00:00:00-04:00,71.77999877929688,74.63999938964844,71.54100036621094,73.37000274658203,73.12737274169922,8822900,0.0,0.0
2024-03-14 00:00:00-04:00,73.9000015258789,76.27999877929688,73.23999786376953,73.91999816894531,73.6755599975586,9816100,0.0,0.0
2024-03-15 00:00:00-04:00,73.80999755859375,75.45500183105469,72.66999816894531,74.16000366210938,73.91477966308594,8130500,0.0,0.0
2024-03-18 00:00:00-04:00,77.11000061035156,79.66000366210938,75.56999969482422,77.13999938964844,76.91082763671875,12558000,0.025,0.0
2024-03-19 00:00:00-04:00,75.0,77.27999877929688,72.91000366210938,77.05999755859375,76.83108520507812,12532800,0.0,0.0
2024-03-20 00:00:00-04:00,77.69999694824219,78.62000274658203,75.43000030517578,77.83999633789062,77.60874938964844,6214900,0.0,0.0
2024-03-21 00:00:00-04:00,82.0199966430664,84.75,81.12999725341797,82.11000061035156,81.8660888671875,11019800,0.0,0.0
2024-03-22 00:00:00-04:00,83.19999694824219,84.0199966430664,81.54000091552734,82.5,82.25491333007812,6338800,0.0,0.0
2024-03-25 00:00:00-04:00,82.4000015258789,83.2300033569336,80.91999816894531,81.94999694824219,81.70654296875,7094700,0.0,0.0
2024-03-26 00:00:00-04:00,82.5,86.625,82.16000366210938,82.66999816894531,82.4244155883789,8377100,0.0,0.0
2024-03-27 00:00:00-04:00,82.66999816894531,83.27999877929688,78.5199966430664,81.01000213623047,80.76934814453125,7800500,0.0,0.0
2024-03-28 00:00:00-04:00,81.0999984741211,82.95999908447266,80.5999984741211,81.66999816894531,81.4273681640625,5077400,0.0,0.0
2024-04-01 00:00:00-04:00,82.08000183105469,82.83999633789062,79.56800079345703,80.4000015258789,80.16117095947266,6376400,0.0,0.0
2024-04-02 00:00:00-04:00,78.72000122070312,81.27999877929688,77.16000366210938,80.7699966430664,80.53004455566406,6930200,0.0,0.0
2024-04-03 00:00:00-04:00,80.0,85.83000183105469,79.80000305175781,85.3499984741211,85.0964584350586,8018000,0.0,0.0
2024-04-04 00:00:00-04:00,87.62000274658203,88.69499969482422,80.58000183105469,80.69000244140625,80.45028686523438,11498400,0.0,0.0
2024-04-05 00:00:00-04:00,82.5999984741211,85.41000366210938,81.80000305175781,85.33999633789062,85.08646392822266,7984600,0.0,0.0
2024-04-08 00:00:00-04:00,85.41999816894531,86.0,82.24500274658203,84.1500015258789,83.90001678466797,6525000,0.0,0.0
2024-04-09 00:00:00-04:00,84.25,84.37000274658203,78.93000030517578,81.80000305175781,81.55699157714844,10232900,0.0,0.0
2024-04-10 00:00:00-04:00,80.12999725341797,85.38500213623047,79.31300354003906,84.7699966430664,84.51815795898438,8810800,0.0,0.0
2024-04-11 00:00:00-04:00,85.73999786376953,88.25,84.94000244140625,86.33999633789062,86.08349609375,8896300,0.0,0.0
2024-04-12 00:00:00-04:00,84.62999725341797,86.73999786376953,83.51000213623047,83.88999938964844,83.64077758789062,5903600,0.0,0.0
2024-04-15 00:00:00-04:00,85.5,86.44999694824219,80.33999633789062,80.66999816894531,80.43034362792969,7638000,0.0,0.0
2024-04-16 00:00:00-04:00,80.44999694824219,83.36000061035156,79.58999633789062,82.36000061035156,82.1153335571289,6775600,0.0,0.0
2024-04-17 00:00:00-04:00,83.16000366210938,85.12999725341797,80.0999984741211,81.87999725341797,81.63675689697266,6168700,0.0,0.0
2024-04-18 00:00:00-04:00,82.58999633789062,84.79000091552734,80.02999877929688,81.01000213623047,80.76934814453125,6618400,0.0,0.0
2024-04-19 00:00:00-04:00,79.91000366210938,80.1500015258789,74.56999969482422,75.01000213623047,74.78717041015625,15942300,0.0,0.0
2024-04-22 00:00:00-04:00,75.80000305175781,77.2490005493164,72.58000183105469,76.06999969482422,75.8440170288086,10949600,0.0,0.0
2024-04-23 00:00:00-04:00,76.87000274658203,79.79000091552734,76.41999816894531,79.16999816894531,78.93479919433594,7385700,0.0,0.0
2024-04-24 00:00:00-04:00,89.79000091552734,94.38999938964844,81.83999633789062,84.56999969482422,84.31877136230469,28787700,0.0,0.0
2024-04-25 00:00:00-04:00,83.0,92.48899841308594,81.9000015258789,90.3499984741211,90.08158874511719,20852400,0.0,0.0
2024-04-26 00:00:00-04:00,92.87000274658203,95.31999969482422,92.55999755859375,93.48999786376953,93.21226501464844,15253900,0.0,0.0
2024-04-29 00:00:00-04:00,93.18000030517578,94.86000061035156,91.19000244140625,94.80000305175781,94.51837921142578,11883700,0.0,0.0
2024-04-30 00:00:00-04:00,93.75,95.70099639892578,91.33000183105469,93.0,92.72372436523438,11015300,0.0,0.0
2024-05-01 00:00:00-04:00,92.12999725341797,93.0,86.79100036621094,88.5199966430664,88.25701904296875,10953700,0.0,0.0
2024-05-02 00:00:00-04:00,90.47000122070312,92.44000244140625,87.36000061035156,92.16999816894531,91.89617919921875,6046500,0.0,0.0
2024-05-03 00:00:00-04:00,94.18000030517578,94.87999725341797,92.55999755859375,93.01000213623047,92.73368835449219,4749000,0.0,0.0
2024-05-06 00:00:00-04:00,94.38999938964844,97.27999877929688,94.38999938964844,97.26000213623047,96.97107696533203,5701300,0.0,0.0
2024-05-07 00:00:00-04:00,95.9000015258789,97.48999786376953,94.8499984741211,94.91000366210938,94.6280517578125,5752100,0.0,0.0
2024-05-08 00:00:00-04:00,94.72000122070312,98.08000183105469,94.0999984741211,97.68000030517578,97.38981628417969,6006400,0.0,0.0
2024-05-09 00:00:00-04:00,97.5999984741211,99.44000244140625,95.55000305175781,97.94000244140625,97.64905548095703,6894400,0.0,0.0
2024-05-10 00:00:00-04:00,99.5999984741211,100.2979965209961,95.0199966430664,95.4000015258789,95.1166000366211,8692800,0.0,0.0
2024-05-13 00:00:00-04:00,95.41999816894531,96.62999725341797,93.73999786376953,94.80000305175781,94.51837921142578,4466600,0.0,0.0
2024-05-14 00:00:00-04:00,94.37000274658203,98.94999694824219,93.0999984741211,98.7300033569336,98.43670654296875,4872000,0.0,0.0
2024-05-15 00:00:00-04:00,101.0199966430664,104.76000213623047,101.01000213623047,104.5999984741211,104.28925323486328,8483800,0.0,0.0
2024-05-16 00:00:00-04:00,102.47000122070312,103.75,97.20999908447266,97.29000091552734,97.0009765625,8234300,0.0,0.0
2024-05-17 00:00:00-04:00,98.68000030517578,98.94000244140625,95.05000305175781,96.80999755859375,96.52239227294922,8078400,0.0,0.0
2024-05-20 00:00:00-04:00,97.62000274658203,101.30000305175781,97.62000274658203,99.31999969482422,99.02494812011719,6056000,0.0,0.0
2024-05-21 00:00:00-04:00,97.04000091552734,100.18000030517578,96.5,99.12999725341797,98.83551025390625,4538400,0.0,0.0
2024-05-22 00:00:00-04:00,100.0,101.94999694824219,99.0999984741211,100.12999725341797,99.8325424194336,5919700,0.0,0.0
2024-05-23 00:00:00-04:00,105.0,105.63999938964844,101.08999633789062,101.23999786376953,100.93923950195312,10831100,0.0,0.0
2024-05-24 00:00:00-04:00,101.5999984741211,109.27100372314453,101.22000122070312,106.16999816894531,105.85459899902344,10019600,0.0,0.0
2024-05-28 00:00:00-04:00,108.11000061035156,109.0,103.30000305175781,105.16000366210938,104.84760284423828,9810400,0.0,0.0
2024-05-29 00:00:00-04:00,104.5999984741211,105.43000030517578,103.11000061035156,103.20999908447266,102.90340423583984,7080700,0.0,0.0
2024-05-30 00:00:00-04:00,102.8499984741211,104.47000122070312,101.63999938964844,102.27999877929688,101.97614288330078,4799900,0.0,0.0
2024-05-31 00:00:00-04:00,100.4000015258789,100.7040023803711,92.4000015258789,98.06999969482422,97.7786636352539,17944400,0.0,0.0
2024-06-03 00:00:00-04:00,98.19999694824219,98.38999938964844,92.6500015258789,96.11000061035156,95.82447814941406,9698100,0.0,0.0
2024-06-04 00:00:00-04:00,93.94999694824219,94.41000366210938,89.12999725341797,92.08999633789062,91.81642150878906,13986400,0.0,0.0
2024-06-05 00:00:00-04:00,93.56999969482422,98.36000061035156,93.33999633789062,97.08000183105469,96.79161071777344,9545800,0.0,0.0
2024-06-06 00:00:00-04:00,96.0999984741211,97.29000091552734,87.16000366210938,88.0,87.73857116699219,20215600,0.0,0.0
2024-06-07 00:00:00-04:00,87.87000274658203,90.80000305175781,85.13999938964844,87.68000030517578,87.41951751708984,13592800,0.0,0.0
2024-06-10 00:00:00-04:00,87.51000213623047,92.5,87.5,91.30000305175781,91.0287857055664,7944400,0.0,0.0
2024-06-11 00:00:00-04:00,90.75,91.0999984741211,88.5999984741211,89.30000305175781,89.03471374511719,6583900,0.0,0.0
2024-06-12 00:00:00-04:00,92.11000061035156,95.23999786376953,89.37999725341797,90.16999816894531,89.9021224975586,9862600,0.0,0.0
2024-06-13 00:00:00-04:00,91.43000030517578,95.91999816894531,90.5199966430664,95.30999755859375,95.02685546875,9510700,0.0,0.0
2024-06-14 00:00:00-04:00,94.76000213623047,95.44999694824219,90.31999969482422,91.4800033569336,91.20824432373047,8047200,0.0,0.0
2024-06-17 00:00:00-04:00,91.88999938964844,92.0999984741211,86.87999725341797,89.55000305175781,89.30838012695312,9299200,0.025,0.0
2024-06-18 00:00:00-04:00,89.08999633789062,96.36000061035156,87.75,95.33999633789062,95.08275604248047,11453500,0.0,0.0
2024-06-20 00:00:00-04:00,95.12999725341797,97.50399780273438,89.65799713134766,90.48999786376953,90.24584197998047,10777000,0.0,0.0
2024-06-21 00:00:00-04:00,89.4000015258789,90.88999938964844,86.01000213623047,90.62000274658203,90.37549591064453,12026100,0.0,0.0
2024-06-24 00:00:00-04:00,89.5,90.1500015258789,87.04000091552734,89.13999938964844,88.89948272705078,8392000,0.0,0.0
2024-06-25 00:00:00-04:00,89.52999877929688,91.80999755859375,88.51000213623047,91.72000122070312,91.47251892089844,6515200,0.0,0.0
2024-06-26 00:00:00-04:00,90.19999694824219,90.98999786376953,85.67500305175781,87.01000213623047,86.77523040771484,8985200,0.0,0.0
2024-06-27 00:00:00-04:00,87.0,88.12000274658203,86.2699966430664,86.87999725341797,86.64557647705078,6727000,0.0,0.0
2024-06-28 00:00:00-04:00,87.0,89.33000183105469,84.77999877929688,86.56999969482422,86.33641815185547,23351600,0.0,0.0
2024-07-01 00:00:00-04:00,87.41000366210938,87.62000274658203,82.80999755859375,86.66000366210938,86.42617797851562,8693900,0.0,0.0
2024-07-02 00:00:00-04:00,86.11000061035156,89.06999969482422,85.66500091552734,88.0,87.76255798339844,7714400,0.0,0.0
2024-07-03 00:00:00-04:00,88.05999755859375,93.41999816894531,87.93000030517578,93.41999816894531,93.1679458618164,7859600,0.0,0.0
2024-07-05 00:00:00-04:00,93.0,94.5999984741211,91.11000061035156,91.77999877929688,91.5323486328125,5903000,0.0,0.0
2024-07-08 00:00:00-04:00,92.75,94.44999694824219,91.80000305175781,92.33000183105469,92.08087921142578,4309200,0.0,0.0
2024-07-09 00:00:00-04:00,92.95999908447266,95.4800033569336,92.66000366210938,92.76000213623047,92.50971221923828,6111900,0.0,0.0
2024-07-10 00:00:00-04:00,93.44999694824219,94.37799835205078,90.8499984741211,94.0999984741211,93.84608459472656,4254900,0.0,0.0
2024-07-11 00:00:00-04:00,94.98999786376953,95.36000061035156,90.76000213623047,92.86000061035156,92.60945129394531,6257800,0.0,0.0
2024-07-12 00:00:00-04:00,92.0,93.43000030517578,88.6780014038086,89.66999816894531,89.42804718017578,10282400,0.0,0.0
2024-07-15 00:00:00-04:00,89.9000015258789,90.93000030517578,87.4000015258789,87.88999938964844,87.6528549194336,7589600,0.0,0.0
2024-07-16 00:00:00-04:00,89.79000091552734,91.0739974975586,87.55000305175781,89.72000122070312,89.4779281616211,6182000,0.0,0.0
2024-07-17 00:00:00-04:00,86.58999633789062,88.19999694824219,81.77999877929688,81.77999877929688,81.55934143066406,13005800,0.0,0.0
2024-07-18 00:00:00-04:00,83.62999725341797,86.77999877929688,79.77999877929688,82.55999755859375,82.33724212646484,13846400,0.0,0.0
2024-07-19 00:00:00-04:00,82.94000244140625,86.47000122070312,82.3499984741211,85.30999755859375,85.07982635498047,7387300,0.0,0.0
2024-07-22 00:00:00-04:00,87.73999786376953,89.30999755859375,86.12000274658203,87.8499984741211,87.61297607421875,7697000,0.0,0.0
2024-07-23 00:00:00-04:00,87.72000122070312,92.3499984741211,87.5,91.0,90.75446319580078,10060900,0.0,0.0
2024-07-24 00:00:00-04:00,88.37999725341797,88.86000061035156,78.29000091552734,78.58999633789062,78.3779525756836,22908000,0.0,0.0
2024-07-25 00:00:00-04:00,79.23999786376953,79.71900177001953,72.0,76.4800033569336,76.27364349365234,17502800,0.0,0.0
2024-07-26 00:00:00-04:00,79.75,80.5,76.81999969482422,77.12000274658203,76.91191864013672,7834600,0.0,0.0
2024-07-29 00:00:00-04:00,77.5,80.0,76.30999755859375,78.0,77.78954315185547,8083800,0.0,0.0
2024-07-30 00:00:00-04:00,78.38999938964844,79.80000305175781,71.88999938964844,73.02999877929688,72.83294677734375,12157600,0.0,0.0
2024-07-31 00:00:00-04:00,80.59500122070312,81.05000305175781,77.98999786376953,78.69999694824219,78.4876480102539,16390300,0.0,0.0
2024-08-01 00:00:00-04:00,79.75,80.9000015258789,73.63500213623047,74.0,73.80033874511719,10460800,0.0,0.0
2024-08-02 00:00:00-04:00,68.13999938964844,70.75,65.83100128173828,69.45999908447266,69.27259063720703,16616300,0.0,0.0
2024-08-05 00:00:00-04:00,62.400001525878906,68.91999816894531,62.400001525878906,67.7300033569336,67.54725646972656,15898300,0.0,0.0
2024-08-06 00:00:00-04:00,69.0999984741211,71.23999786376953,66.37999725341797,69.2699966430664,69.08309173583984,11978600,0.0,0.0
2024-08-07 00:00:00-04:00,71.0,72.0,66.19999694824219,67.22000122070312,67.03863525390625,11165100,0.0,0.0
2024-08-08 00:00:00-04:00,69.58999633789062,71.70999908447266,66.75,71.05999755859375,70.86825561523438,9929400,0.0,0.0
2024-08-09 00:00:00-04:00,70.94999694824219,72.08999633789062,69.86000061035156,71.45999908447266,71.26718139648438,6669300,0.0,0.0
2024-08-12 00:00:00-04:00,71.5999984741211,73.5199966430664,70.7699966430664,72.94000244140625,72.74320983886719,6761500,0.0,0.0
2024-08-13 00:00:00-04:00,73.52999877929688,76.76000213623047,73.06999969482422,76.23999786376953,76.03428649902344,8043000,0.0,0.0
2024-08-14 00:00:00-04:00,77.54000091552734,80.80000305175781,76.90499877929688,80.16000366210938,79.94371032714844,11372200,0.0,0.0
2024-08-15 00:00:00-04:00,81.5,83.05000305175781,80.30000305175781,82.95999908447266,82.73616027832031,7604900,0.0,0.0
2024-08-16 00:00:00-04:00,82.0,82.0,79.01000213623047,79.41999816894531,79.20570373535156,6846400,0.0,0.0
2024-08-19 00:00:00-04:00,79.0,79.06999969482422,75.83999633789062,78.87999725341797,78.66715240478516,6791700,0.0,0.0
2024-08-20 00:00:00-04:00,78.7699966430664,79.38999938964844,76.01000213623047,76.51000213623047,76.3035659790039,5977800,0.0,0.0
2024-08-21 00:00:00-04:00,76.31999969482422,78.5999984741211,75.41200256347656,77.98999786376953,77.7795639038086,5735300,0.0,0.0
2024-08-22 00:00:00-04:00,78.16000366210938,78.87000274658203,75.83999633789062,76.77999877929688,76.57283020019531,4304800,0.0,0.0
2024-08-23 00:00:00-04:00,77.33000183105469,78.83999633789062,76.31999969482422,78.55000305175781,78.33805847167969,4990700,0.0,0.0
2024-08-26 00:00:00-04:00,78.33999633789062,79.12000274658203,76.9000015258789,78.05999755859375,77.84937286376953,4828700,0.0,0.0
2024-08-27 00:00:00-04:00,77.0,81.0,76.3499984741211,80.20999908447266,79.99358367919922,5431800,0.0,0.0
2024-08-28 00:00:00-04:00,80.5999984741211,81.92500305175781,78.38999938964844,80.5199966430664,80.302734375,6981700,0.0,0.0
2024-08-29 00:00:00-04:00,81.20999908447266,83.75,78.94000244140625,79.91999816894531,79.70436096191406,7012300,0.0,0.0
2024-08-30 00:00:00-04:00,81.19999694824219,83.58999633789062,80.47000122070312,83.02999877929688,82.80596923828125,7101000,0.0,0.0
2024-09-03 00:00:00-04:00,82.25,82.80000305175781,74.80999755859375,75.19999694824219,74.9970932006836,9052500,0.0,0.0
2024-09-04 00:00:00-04:00,74.08000183105469,76.87000274658203,73.2699966430664,75.05999755859375,74.85747528076172,5232300,0.0,0.0
2024-09-05 00:00:00-04:00,74.5199966430664,75.69200134277344,73.37000274658203,75.1500015258789,74.94721984863281,3809900,0.0,0.0
2024-09-06 00:00:00-04:00,75.4000015258789,76.05000305175781,71.1240005493164,71.7699966430664,71.57635498046875,8197900,0.0,0.0
2024-09-09 00:00:00-04:00,73.0,74.94000244140625,72.44999694824219,74.4800033569336,74.27906036376953,5446600,0.0,0.0
2024-09-10 00:00:00-04:00,75.27999877929688,76.69000244140625,73.66999816894531,75.47000122070312,75.26636505126953,4235500,0.0,0.0
2024-09-11 00:00:00-04:00,75.94999694824219,82.62000274658203,75.49500274658203,82.38999938964844,82.16769409179688,10119200,0.0,0.0
2024-09-12 00:00:00-04:00,81.6500015258789,87.61000061035156,81.51000213623047,86.76000213623047,86.52591705322266,11803600,0.0,0.0
2024-09-13 00:00:00-04:00,88.5199966430664,89.22000122070312,85.41000366210938,85.76000213623047,85.52860260009766,7264500,0.0,0.0
2024-09-16 00:00:00-04:00,84.44000244140625,87.62000274658203,83.75,86.98999786376953,86.75528717041016,6043800,0.0,0.0
2024-09-17 00:00:00-04:00,88.0,88.71600341796875,86.0999984741211,87.29000091552734,87.07951354980469,4287300,0.025,0.0
2024-09-18 00:00:00-04:00,88.30000305175781,90.5,87.08000183105469,87.66000366210938,87.44862365722656,8542000,0.0,0.0
2024-09-19 00:00:00-04:00,91.91999816894531,93.66000366210938,90.02999877929688,92.05999755859375,91.83799743652344,9608800,0.0,0.0
2024-09-20 00:00:00-04:00,92.80000305175781,95.12000274658203,92.30000305175781,94.54000091552734,94.31201934814453,13255800,0.0,0.0
2024-09-23 00:00:00-04:00,95.33000183105469,96.69999694824219,95.0199966430664,96.06999969482422,95.83833312988281,6964900,0.0,0.0
2024-09-24 00:00:00-04:00,96.12999725341797,97.56800079345703,95.26000213623047,97.38999938964844,97.1551513671875,5068300,0.0,0.0
2024-09-25 00:00:00-04:00,98.19999694824219,101.5,98.08499908447266,100.73999786376953,100.4970703125,8452500,0.0,0.0
2024-09-26 00:00:00-04:00,102.44000244140625,103.69000244140625,97.41999816894531,100.62000274658203,100.37737274169922,9150700,0.0,0.0
2024-09-27 00:00:00-04:00,100.12999725341797,100.33999633789062,96.0199966430664,98.41000366210938,98.17269134521484,7032700,0.0,0.0
2024-09-30 00:00:00-04:00,97.4000015258789,99.69999694824219,95.94999694824219,99.48999786376953,99.25008392333984,4848300,0.0,0.0
2024-10-01 00:00:00-04:00,99.62000274658203,99.84500122070312,96.16000366210938,97.62000274658203,97.38459777832031,4428600,0.0,0.0
2024-10-02 00:00:00-04:00,97.20999908447266,102.48999786376953,96.30000305175781,102.27999877929688,102.0333480834961,6185500,0.0,0.0
2024-10-03 00:00:00-04:00,102.62000274658203,105.25,101.6500015258789,102.69000244140625,102.44236755371094,6036300,0.0,0.0
2024-10-04 00:00:00-04:00,104.22000122070312,105.38600158691406,102.94000244140625,105.19999694824219,104.9463119506836,5740300,0.0,0.0
2024-10-07 00:00:00-04:00,105.19999694824219,107.66999816894531,104.39700317382812,106.7300033569336,106.4726333618164,6403600,0.0,0.0
2024-10-08 00:00:00-04:00,105.83999633789062,108.08000183105469,105.12999725341797,106.81999969482422,106.56240844726562,4942600,0.0,0.0
2024-10-09 00:00:00-04:00,107.30999755859375,109.37999725341797,107.05999755859375,108.12000274658203,107.8592758178711,5512600,0.0,0.0
2024-10-10 00:00:00-04:00,106.5,109.08999633789062,104.62000274658203,107.47000122070312,107.2108383178711,4653900,0.0,0.0
2024-10-11 00:00:00-04:00,107.54000091552734,112.06500244140625,107.30999755859375,111.83999633789062,111.57029724121094,6545000,0.0,0.0
2024-10-14 00:00:00-04:00,112.33999633789062,113.43000030517578,111.52999877929688,112.41000366210938,112.13893127441406,5474300,0.0,0.0
2024-10-15 00:00:00-04:00,111.80000305175781,111.95999908447266,106.29000091552734,107.47000122070312,107.2108383178711,9795900,0.0,0.0
2024-10-16 00:00:00-04:00,109.5199966430664,112.77999877929688,109.23999786376953,111.69000244140625,111.42066955566406,6210100,0.0,0.0
2024-10-17 00:00:00-04:00,113.87000274658203,116.19000244140625,113.04000091552734,114.27999877929688,114.00440216064453,7672800,0.0,0.0
2024-10-18 00:00:00-04:00,114.0999984741211,114.27999877929688,112.12000274658203,112.25,111.97931671142578,4167800,0.0,0.0
2024-10-21 00:00:00-04:00,111.4800033569336,113.17500305175781,110.45500183105469,112.11000061035156,111.83964538574219,5974800,0.0,0.0
2024-10-22 00:00:00-04:00,110.5,114.11000061035156,110.25,112.47000122070312,112.19877624511719,9649700,0.0,0.0
2024-10-23 00:00:00-04:00,107.0,116.41000366210938,104.5199966430664,108.36000061035156,108.09870147705078,18855300,0.0,0.0
2024-10-24 00:00:00-04:00,109.51000213623047,111.94000244140625,108.08999633789062,110.02999877929688,109.76467895507812,8149800,0.0,0.0
2024-10-25 00:00:00-04:00,110.88500213623047,114.87000274658203,110.56999969482422,112.16999816894531,111.89950561523438,6257400,0.0,0.0
2024-10-28 00:00:00-04:00,113.08999633789062,115.19000244140625,112.66999816894531,113.61000061035156,113.33604431152344,4765800,0.0,0.0
2024-10-29 00:00:00-04:00,113.0,114.1500015258789,112.4000015258789,113.83000183105469,113.55550384521484,4019800,0.0,0.0
2024-10-30 00:00:00-04:00,113.30999755859375,114.12999725341797,110.61100006103516,112.44999694824219,112.17881774902344,3529500,0.0,0.0
2024-10-31 00:00:00-04:00,109.66999816894531,110.47000122070312,107.18000030517578,109.29000091552734,109.02645111083984,5806500,0.0,0.0
2024-11-01 00:00:00-04:00,109.91000366210938,110.0,106.6500015258789,106.9000015258789,106.6422119140625,5008300,0.0,0.0
2024-11-04 00:00:00-05:00,106.36000061035156,107.40799713134766,104.58000183105469,106.20999908447266,105.95387268066406,4637700,0.0,0.0
2024-11-05 00:00:00-05:00,107.48999786376953,112.56999969482422,107.05000305175781,112.44000244140625,112.16886138916016,4133600,0.0,0.0
2024-11-06 00:00:00-05:00,116.98999786376953,120.44000244140625,115.08000183105469,120.43000030517578,120.13958740234375,7598500,0.0,0.0
2024-11-07 00:00:00-05:00,122.88999938964844,124.8550033569336,120.94000244140625,122.16999816894531,121.8753890991211,7696700,0.0,0.0
2024-11-08 00:00:00-05:00,121.61000061035156,125.80500030517578,120.5999984741211,125.75,125.4467544555664,4621500,0.0,0.0
2024-11-11 00:00:00-05:00,130.14999389648438,130.3000030517578,123.84500122070312,126.80000305175781,126.49422454833984,6556500,0.0,0.0
2024-11-12 00:00:00-05:00,125.11000061035156,126.66999816894531,121.25,123.80999755859375,123.51142883300781,6110700,0.0,0.0
2024-11-13 00:00:00-05:00,125.98999786376953,128.7100067138672,124.29000091552734,124.52999877929688,124.22969055175781,4591000,0.0,0.0
2024-11-14 00:00:00-05:00,124.80000305175781,124.87000274658203,119.61000061035156,121.02999877929688,120.73814392089844,5020200,0.0,0.0
2024-11-15 00:00:00-05:00,119.0199966430664,123.25,118.63999938964844,120.87000274658203,120.57852935791016,6155000,0.0,0.0
2024-11-18 00:00:00-05:00,124.63999938964844,127.33999633789062,119.72000122070312,123.0199966430664,122.72333526611328,7583700,0.0,0.0
2024-11-19 00:00:00-05:00,123.62999725341797,141.1199951171875,123.62999725341797,140.94000244140625,140.60012817382812,14850300,0.0,0.0
2024-11-20 00:00:00-05:00,140.60000610351562,141.75999450683594,134.41000366210938,137.5399932861328,137.2083282470703,10605600,0.0,0.0
2024-11-21 00:00:00-05:00,138.97999572753906,145.6699981689453,137.27999877929688,141.49000549316406,141.14881896972656,10137200,0.0,0.0
2024-11-22 00:00:00-05:00,142.25999450683594,142.89999389648438,139.13999938964844,140.14999389648438,139.81202697753906,4944000,0.0,0.0
2024-11-25 00:00:00-05:00,141.02999877929688,141.6999969482422,130.64999389648438,132.02999877929688,131.7115936279297,10649700,0.0,0.0
2024-11-26 00:00:00-05:00,133.55999755859375,135.4600067138672,130.24000549316406,131.74000549316406,131.4223175048828,7680900,0.0,0.0
2024-11-27 00:00:00-05:00,130.0449981689453,130.6699981689453,124.5199966430664,126.94000244140625,126.6338882446289,7384600,0.0,0.0
2024-11-29 00:00:00-05:00,129.94000244140625,130.97999572753906,127.30000305175781,127.5999984741211,127.29229736328125,3018300,0.0,0.0
2024-12-02 00:00:00-05:00,129.0,131.99000549316406,124.05000305175781,127.05000305175781,126.7436294555664,5331900,0.0,0.0
2024-12-03 00:00:00-05:00,127.83999633789062,131.67999267578125,126.33000183105469,128.16000366210938,127.88919067382812,7607800,0.038,0.0
2024-12-04 00:00:00-05:00,130.2100067138672,132.89999389648438,129.22000122070312,130.8800048828125,130.60345458984375,5222800,0.0,0.0
2024-12-05 00:00:00-05:00,133.0,137.05999755859375,130.5500030517578,134.5800018310547,134.295654296875,11214600,0.0,0.0
2024-12-06 00:00:00-05:00,135.0,135.52200317382812,130.6999969482422,133.85000610351562,133.5671844482422,4552300,0.0,0.0
2024-12-09 00:00:00-05:00,133.5500030517578,133.5500030517578,121.83999633789062,126.16999816894531,125.90340423583984,8959200,0.0,0.0
2024-12-10 00:00:00-05:00,126.5,127.83000183105469,120.62999725341797,121.69999694824219,121.44283294677734,6682900,0.0,0.0
2024-12-11 00:00:00-05:00,124.0999984741211,127.0,122.33000183105469,125.83999633789062,125.57408905029297,4269500,0.0,0.0
2024-12-12 00:00:00-05:00,123.97000122070312,126.16999816894531,123.30000305175781,125.04000091552734,124.77578735351562,3265000,0.0,0.0
2024-12-13 00:00:00-05:00,127.0,129.0,121.80000305175781,125.77999877929688,125.51422119140625,11623200,0.0,0.0
2024-12-16 00:00:00-05:00,126.22000122070312,127.20999908447266,123.58899688720703,125.97000122070312,125.7038345336914,4849100,0.0,0.0
2024-12-17 00:00:00-05:00,123.5,124.37999725341797,119.19999694824219,120.69000244140625,120.43498992919922,5869200,0.0,0.0
2024-12-18 00:00:00-05:00,121.87999725341797,122.5,112.79499816894531,114.12000274658203,113.87886047363281,6554000,0.0,0.0
2024-12-19 00:00:00-05:00,117.20999908447266,117.69000244140625,112.91400146484375,115.44000244140625,115.19607543945312,6615500,0.0,0.0
2024-12-20 00:00:00-05:00,114.19999694824219,121.0,112.58000183105469,120.04000091552734,119.7863540649414,8720800,0.0,0.0
2024-12-23 00:00:00-05:00,120.5,120.87000274658203,115.5999984741211,117.73999786376953,117.49121856689453,4161500,0.0,0.0
2024-12-24 00:00:00-05:00,118.52999877929688,119.56500244140625,117.95999908447266,118.73999786376953,118.48909759521484,1725800,0.0,0.0
2024-12-26 00:00:00-05:00,118.0,120.0999984741211,117.7699966430664,118.87999725341797,118.6288070678711,2188900,0.0,0.0
2024-12-27 00:00:00-05:00,117.06999969482422,118.0,113.4800033569336,115.11000061035156,114.86677551269531,3813100,0.0,0.0
2024-12-30 00:00:00-05:00,112.33000183105469,118.19999694824219,112.2300033569336,116.16000366210938,115.91456604003906,3663200,0.0,0.0
2024-12-31 00:00:00-05:00,116.38999938964844,116.5,113.38999938964844,113.61000061035156,113.36994934082031,3431600,0.0,0.0
2025-01-02 00:00:00-05:00,115.0199966430664,120.20700073242188,114.87999725341797,118.30000305175781,118.05003356933594,4808000,0.0,0.0
2025-01-03 00:00:00-05:00,119.25,126.11000061035156,119.08999633789062,125.66999816894531,125.40446472167969,7696700,0.0,0.0
2025-01-06 00:00:00-05:00,131.3000030517578,135.08999633789062,131.10000610351562,134.0800018310547,133.79669189453125,9688500,0.0,0.0
2025-01-07 00:00:00-05:00,135.0,135.3300018310547,126.01000213623047,130.63999938964844,130.3639678955078,7258000,0.0,0.0
2025-01-08 00:00:00-05:00,130.1999969482422,130.61000061035156,125.19999694824219,129.27000427246094,128.99684143066406,4115800,0.0,0.0
2025-01-10 00:00:00-05:00,128.0800018310547,129.22999572753906,122.13999938964844,128.92999267578125,128.6575927734375,5205600,0.0,0.0
2025-01-13 00:00:00-05:00,123.24500274658203,124.69000244140625,118.69999694824219,124.01000213623047,123.74796295166016,6856600,0.0,0.0
2025-01-14 00:00:00-05:00,126.12999725341797,130.8800048828125,125.70999908447266,128.9499969482422,128.67750549316406,6231600,0.0,0.0
2025-01-15 00:00:00-05:00,132.4600067138672,133.49000549316406,128.8699951171875,132.0,131.72109985351562,4268100,0.0,0.0
2025-01-16 00:00:00-05:00,133.86000061035156,136.22000122070312,131.61700439453125,132.58999633789062,132.30982971191406,4427700,0.0,0.0
2025-01-17 00:00:00-05:00,134.4949951171875,137.3000030517578,132.60000610351562,135.8800048828125,135.5928955078125,4915100,0.0,0.0
2025-01-21 00:00:00-05:00,141.13999938964844,143.47999572753906,135.5500030517578,143.1300048828125,142.8275604248047,7427400,0.0,0.0
2025-01-22 00:00:00-05:00,150.0800018310547,154.7899932861328,147.67999267578125,148.58999633789062,148.27603149414062,9963900,0.0,0.0
2025-01-23 00:00:00-05:00,147.4600067138672,155.25999450683594,146.5500030517578,153.49000549316406,153.16567993164062,7579300,0.0,0.0
2025-01-24 00:00:00-05:00,154.25999450683594,155.83999633789062,145.41000366210938,146.32000732421875,146.01083374023438,8530300,0.0,0.0
2025-01-27 00:00:00-05:00,117.05000305175781,121.4800033569336,99.11000061035156,102.5999984741211,102.38320922851562,47118800,0.0,0.0
2025-01-28 00:00:00-05:00,104.18000030517578,107.0,97.5,106.55000305175781,106.32485961914062,24199200,0.0,0.0
2025-01-29 00:00:00-05:00,108.94000244140625,112.66500091552734,106.04000091552734,110.45999908447266,110.22660064697266,17317300,0.0,0.0
2025-01-30 00:00:00-05:00,115.94999694824219,119.73999786376953,111.44000244140625,114.5999984741211,114.35784912109375,13358600,0.0,0.0
2025-01-31 00:00:00-05:00,118.05000305175781,121.18699645996094,113.69999694824219,117.0199966430664,116.77273559570312,11188000,0.0,0.0
2025-02-03 00:00:00-05:00,105.75,114.35199737548828,105.0,112.5999984741211,112.36206817626953,10950400,0.0,0.0
2025-02-04 00:00:00-05:00,113.0,113.73999786376953,109.55000305175781,111.25,111.01493835449219,7636300,0.0,0.0
2025-02-05 00:00:00-05:00,114.2699966430664,119.39900207519531,113.54000091552734,119.04000091552734,118.78846740722656,8100300,0.0,0.0
2025-02-06 00:00:00-05:00,119.66000366210938,121.33999633789062,117.55000305175781,119.55999755859375,119.307373046875,5610600,0.0,0.0
2025-02-07 00:00:00-05:00,121.0,124.02999877929688,119.47000122070312,121.37999725341797,121.1235122680664,6041100,0.0,0.0
2025-02-10 00:00:00-05:00,120.77999877929688,126.5250015258789,120.77999877929688,125.76000213623047,125.49427032470703,7773300,0.0,0.0
2025-02-11 00:00:00-05:00,123.58499908447266,124.86000061035156,120.20999908447266,123.25,122.98957824707031,9012300,0.0,0.0
2025-02-12 00:00:00-05:00,111.08000183105469,116.0,110.74500274658203,111.23999786376953,111.00494384765625,21298100,0.0,0.0
2025-02-13 00:00:00-05:00,113.0,114.5,105.81999969482422,109.27999877929688,109.0490951538086,14407500,0.0,0.0
2025-02-14 00:00:00-05:00,109.30000305175781,109.30000305175781,105.86000061035156,108.05000305175781,107.82168579101562,7157300,0.0,0.0
2025-02-18 00:00:00-05:00,111.01000213623047,113.37000274658203,108.9800033569336,109.95999908447266,109.72765350341797,6717700,0.0,0.0
2025-02-19 00:00:00-05:00,109.86000061035156,110.37999725341797,106.66999816894531,107.83999633789062,107.61213684082031,5945000,0.0,0.0
2025-02-20 00:00:00-05:00,109.0,110.6050033569336,102.66999816894531,104.83000183105469,104.60851287841797,9035800,0.0,0.0
2025-02-21 00:00:00-05:00,105.0,105.0,94.56999969482422,95.98999786376953,95.78717803955078,15635300,0.0,0.0
2025-02-24 00:00:00-05:00,97.0,97.0,88.73999786376953,91.0199966430664,90.82768249511719,17153500,0.0,0.0
2025-02-25 00:00:00-05:00,89.0,94.25,84.69000244140625,91.9000015258789,91.70581817626953,20420600,0.0,0.0
2025-02-26 00:00:00-05:00,100.66000366210938,101.80000305175781,97.02999877929688,98.61000061035156,98.40162658691406,15843700,0.0,0.0
2025-02-27 00:00:00-05:00,103.69999694824219,104.20700073242188,91.94000244140625,92.41000366210938,92.21473693847656,12551000,0.0,0.0
2025-02-28 00:00:00-05:00,91.51000213623047,96.08000183105469,91.0,95.16999816894531,94.96890258789062,9527600,0.0,0.0
2025-03-03 00:00:00-05:00,93.66000366210938,94.9000015258789,84.0999984741211,85.41000366210938,85.22953033447266,15779700,0.0,0.0
2025-03-04 00:00:00-05:00,82.11000061035156,88.95999908447266,79.0,86.38999938964844,86.20745849609375,17251800,0.0,0.0
2025-03-05 00:00:00-05:00,86.20999908447266,89.26000213623047,83.79000091552734,87.88999938964844,87.70428466796875,8103200,0.0,0.0
2025-03-06 00:00:00-05:00,82.6500015258789,85.4800033569336,80.5999984741211,82.04000091552734,81.86664581298828,10284400,0.0,0.0
2025-03-07 00:00:00-05:00,82.04000091552734,85.5,79.79000091552734,85.04000091552734,84.86032104492188,9677300,0.0,0.0
2025-03-10 00:00:00-04:00,81.25499725341797,82.47000122070312,76.0999984741211,78.0199966430664,77.85514068603516,14742900,0.0,0.0
2025-03-11 00:00:00-04:00,78.94999694824219,85.3499984741211,78.12000274658203,83.12000274658203,82.94436645507812,10287600,0.0,0.0
2025-03-12 00:00:00-04:00,88.9000015258789,89.5199966430664,82.8499984741211,85.37999725341797,85.19959259033203,9870900,0.0,0.0
2025-03-13 00:00:00-04:00,84.25,85.12999725341797,79.91200256347656,83.08999633789062,82.9144287109375,8079800,0.0,0.0
2025-03-14 00:00:00-04:00,86.81999969482422,87.86000061035156,83.5999984741211,87.44999694824219,87.26521301269531,7348500,0.0,0.0
2025-03-17 00:00:00-04:00,86.81999969482422,90.72000122070312,86.58000183105469,89.08000183105469,88.89177703857422,7248000,0.0,0.0
2025-03-18 00:00:00-04:00,87.86000061035156,88.16500091552734,84.05999755859375,84.66000366210938,84.51716613769531,6148800,0.038,0.0
2025-03-19 00:00:00-04:00,85.79000091552734,91.19000244140625,84.66000366210938,89.16999816894531,89.01956176757812,7165400,0.0,0.0
2025-03-20 00:00:00-04:00,86.87999725341797,90.80599975585938,86.51799774169922,89.08000183105469,88.92971801757812,5474100,0.0,0.0
2025-03-21 00:00:00-04:00,87.05999755859375,89.11000061035156,85.75,88.62999725341797,88.48046875,5240900,0.0,0.0
2025-03-24 00:00:00-04:00,92.0,94.19999694824219,90.55999755859375,93.69000244140625,93.53192901611328,6225200,0.0,0.0
2025-03-25 00:00:00-04:00,92.94999694824219,94.0199966430664,89.51000213623047,91.58000183105469,91.42549896240234,6850800,0.0,0.0
2025-03-26 00:00:00-04:00,85.69999694824219,86.58000183105469,80.0999984741211,81.62000274658203,81.4822998046875,18957000,0.0,0.0
2025-03-27 00:00:00-04:00,78.56999969482422,79.45999908447266,75.93000030517578,76.31999969482422,76.19124603271484,17175000,0.0,0.0
2025-03-28 00:00:00-04:00,75.6500015258789,76.5,72.48999786376953,74.25,74.1247329711914,13147200,0.0,0.0
2025-03-31 00:00:00-04:00,70.0,72.48999786376953,68.25,72.19999694824219,72.07818603515625,13779500,0.0,0.0
2025-04-01 00:00:00-04:00,71.91000366210938,75.66999816894531,70.37000274658203,75.2699966430664,75.14300537109375,10133200,0.0,0.0
2025-04-02 00:00:00-04:00,72.5,77.68000030517578,72.43000030517578,77.11000061035156,76.97990417480469,8254100,0.0,0.0
2025-04-03 00:00:00-04:00,69.5999984741211,71.5199966430664,66.62000274658203,67.47000122070312,67.3561782836914,14045300,0.0,0.0
2025-04-04 00:00:00-04:00,60.040000915527344,61.790000915527344,55.31999969482422,59.40999984741211,59.30976486206055,27351300,0.0,0.0
2025-04-07 00:00:00-04:00,53.61000061035156,67.8499984741211,53.599998474121094,63.81999969482422,63.71232986450195,20280000,0.0,0.0
2025-04-08 00:00:00-04:00,70.19999694824219,70.3499984741211,60.66999816894531,62.900001525878906,62.79388427734375,17171900,0.0,0.0
2025-04-09 00:00:00-04:00,61.85499954223633,76.48999786376953,61.279998779296875,72.81999969482422,72.69713592529297,18896600,0.0,0.0
2025-04-10 00:00:00-04:00,69.19000244140625,70.77999877929688,65.91999816894531,67.7300033569336,67.61573028564453,11791000,0.0,0.0
2025-04-11 00:00:00-04:00,67.30000305175781,69.70999908447266,65.68199920654297,69.61000061035156,69.49256134033203,8185500,0.0,0.0
2025-04-14 00:00:00-04:00,73.22000122070312,73.41999816894531,70.12999725341797,71.56999969482422,71.4492416381836,7879500,0.0,0.0
2025-04-15 00:00:00-04:00,71.37000274658203,73.47000122070312,71.37000274658203,72.70999908447266,72.58732604980469,6190300,0.0,0.0
2025-04-16 00:00:00-04:00,69.18000030517578,72.20999908447266,68.32599639892578,71.6500015258789,71.52912902832031,14543000,0.0,0.0
2025-04-17 00:00:00-04:00,72.5,73.73999786376953,70.8499984741211,73.20999908447266,73.08647918701172,9296500,0.0,0.0
2025-04-21 00:00:00-04:00,70.84500122070312,71.5,65.93000030517578,67.56999969482422,67.45600128173828,8511100,0.0,0.0
2025-04-22 00:00:00-04:00,69.20999908447266,72.5999984741211,69.0,71.81999969482422,71.6988296508789,10428000,0.0,0.0
2025-04-23 00:00:00-04:00,85.4749984741211,86.93000030517578,77.23999786376953,78.0,77.868408203125,24253700,0.0,0.0
2025-04-24 00:00:00-04:00,80.25,84.83999633789062,80.0,83.87999725341797,83.73847961425781,13734200,0.0,0.0
2025-04-25 00:00:00-04:00,84.97000122070312,89.2699966430664,84.55000305175781,86.94999694824219,86.80329895019531,14315000,0.0,0.0
2025-04-28 00:00:00-04:00,86.94999694824219,88.0,84.33399963378906,86.1500015258789,86.00465393066406,8872000,0.0,0.0
2025-04-29 00:00:00-04:00,87.0,87.5,84.66999816894531,86.19000244140625,86.04460144042969,6317500,0.0,0.0
2025-04-30 00:00:00-04:00,81.77999877929688,85.41000366210938,80.51000213623047,85.37999725341797,85.23595428466797,8979700,0.0,0.0
2025-05-01 00:00:00-04:00,91.63999938964844,94.93000030517578,91.16500091552734,92.55000305175781,92.39385223388672,16440700,0.0,0.0
2025-05-02 00:00:00-04:00,94.11000061035156,96.98999786376953,93.0,95.0,94.8397216796875,9145600,0.0,0.0
2025-05-05 00:00:00-04:00,93.11000061035156,95.79000091552734,92.94999694824219,94.83000183105469,94.67001342773438,6240200,0.0,0.0
2025-05-06 00:00:00-04:00,91.94000244140625,93.94999694824219,91.80999755859375,93.4800033569336,93.32229614257812,6740400,0.0,0.0
2025-05-07 00:00:00-04:00,92.9000015258789,95.6500015258789,91.83999633789062,95.5199966430664,95.35884094238281,10037400,0.0,0.0
2025-05-08 00:00:00-04:00,96.94999694824219,97.27999877929688,94.87000274658203,95.73999786376953,95.57846069335938,7275900,0.0,0.0
2025-05-09 00:00:00-04:00,96.05999755859375,96.94000244140625,92.12999725341797,94.05999755859375,93.90129852294922,6369800,0.0,0.0
2025-05-12 00:00:00-04:00,101.0999984741211,101.75,99.44000244140625,101.05000305175781,100.87952423095703,8952200,0.0,0.0
2025-05-13 00:00:00-04:00,101.06999969482422,107.69000244140625,100.9000015258789,105.58000183105469,105.40187072753906,8987200,0.0,0.0
2025-05-14 00:00:00-04:00,108.55000305175781,109.94999694824219,106.81999969482422,109.4800033569336,109.2952880859375,9603500,0.0,0.0
2025-05-15 00:00:00-04:00,105.80000305175781,108.18000030517578,105.19000244140625,105.37999725341797,105.20221710205078,6667500,0.0,0.0
2025-05-16 00:00:00-04:00,106.15499877929688,106.33999633789062,103.95999908447266,106.04000091552734,105.86109161376953,5170000,0.0,0.0
2025-05-19 00:00:00-04:00,103.0,106.75,102.55999755859375,106.4000015258789,106.22048950195312,4593500,0.0,0.0
2025-05-20 00:00:00-04:00,105.37000274658203,106.83999633789062,105.0199966430664,106.38999938964844,106.21050262451172,4030700,0.0,0.0
2025-05-21 00:00:00-04:00,104.29000091552734,107.0,102.56999969482422,103.61000061035156,103.43519592285156,5354900,0.0,0.0
2025-05-22 00:00:00-04:00,102.69999694824219,105.29000091552734,101.11000061035156,104.19999694824219,104.0241928100586,3800000,0.0,0.0
2025-05-23 00:00:00-04:00,101.36000061035156,105.1500015258789,101.0,104.13999938964844,103.96430206298828,3967400,0.0,0.0
2025-05-27 00:00:00-04:00,107.5199966430664,110.18000030517578,106.30000305175781,109.79000091552734,109.60477447509766,6457200,0.0,0.0
2025-05-28 00:00:00-04:00,108.80000305175781,109.5199966430664,107.05000305175781,109.22000122070312,109.03572845458984,5920500,0.0,0.0
2025-05-29 00:00:00-04:00,113.80999755859375,114.33999633789062,107.05000305175781,108.47000122070312,108.2870101928711,5908200,0.0,0.0
2025-05-30 00:00:00-04:00,107.30500030517578,107.97000122070312,104.70999908447266,107.93000030517578,107.74791717529297,6935600,0.0,0.0
2025-06-02 00:00:00-04:00,108.0,109.37999725341797,105.68000030517578,109.2300033569336,109.04572296142578,4001800,0.0,0.0
2025-06-03 00:00:00-04:00,111.19999694824219,115.3499984741211,110.62000274658203,112.33999633789062,112.15046691894531,8438200,0.0,0.0
2025-06-04 00:00:00-04:00,113.31999969482422,115.6500015258789,112.69999694824219,112.8499984741211,112.65960693359375,5005700,0.0,0.0
2025-06-05 00:00:00-04:00,113.97000122070312,114.1760025024414,110.95600128173828,112.22000122070312,112.03067016601562,4812000,0.0,0.0
2025-06-06 00:00:00-04:00,115.0,116.62000274658203,114.25199890136719,115.36000061035156,115.16536712646484,5377100,0.0,0.0
2025-06-09 00:00:00-04:00,115.16999816894531,115.5,111.5,112.0,111.81103515625,5820400,0.0,0.0
2025-06-10 00:00:00-04:00,113.0,113.01000213623047,107.37999725341797,108.47000122070312,108.2870101928711,7573000,0.0,0.0
2025-06-11 00:00:00-04:00,108.4000015258789,111.88999938964844,107.37999725341797,110.58999633789062,110.40341186523438,5560400,0.0,0.0
2025-06-12 00:00:00-04:00,109.4000015258789,114.58999633789062,108.80999755859375,114.5,114.30682373046875,6778700,0.0,0.0
2025-06-13 00:00:00-04:00,111.08000183105469,113.70800018310547,110.322998046875,110.97000122070312,110.78277587890625,5900600,0.0,0.0
2025-06-16 00:00:00-04:00,114.30000305175781,117.18000030517578,113.38999938964844,116.44999694824219,116.2933578491211,7553800,0.038,0.0
2025-06-17 00:00:00-04:00,117.0199966430664,120.33000183105469,115.5,116.61000061035156,116.4531478881836,6102900,0.0,0.0
2025-06-18 00:00:00-04:00,116.56999969482422,120.73999786376953,115.66999816894531,119.08000183105469,118.91981506347656,6331700,0.0,0.0
2025-06-20 00:00:00-04:00,119.6500015258789,120.4000015258789,117.19999694824219,118.54000091552734,118.38054656982422,6689600,0.0,0.0
2025-06-23 00:00:00-04:00,117.5,118.55000305175781,112.71499633789062,116.54000091552734,116.38323211669922,9121400,0.0,0.0
2025-06-24 00:00:00-04:00,118.05000305175781,122.91999816894531,117.48999786376953,122.31999969482422,122.15546417236328,7544700,0.0,0.0
2025-06-25 00:00:00-04:00,123.0,124.61900329589844,121.25,121.63999938964844,121.47637176513672,5324500,0.0,0.0
2025-06-26 00:00:00-04:00,122.01000213623047,125.44999694824219,121.47000122070312,123.80000305175781,123.63347625732422,5398100,0.0,0.0
2025-06-27 00:00:00-04:00,127.0,128.58200073242188,124.80000305175781,127.16000366210938,126.98895263671875,9337700,0.0,0.0
2025-06-30 00:00:00-04:00,128.0800018310547,129.30999755859375,125.87999725341797,128.41000366210938,128.23727416992188,5349800,0.0,0.0
2025-07-01 00:00:00-04:00,127.0,127.87000274658203,120.27999877929688,122.54000091552734,122.37516784667969,8974300,0.0,0.0
2025-07-02 00:00:00-04:00,124.12000274658203,126.47000122070312,123.0999984741211,124.33000183105469,124.16275787353516,5761600,0.0,0.0
2025-07-03 00:00:00-04:00,124.5999984741211,129.42999267578125,124.55000305175781,127.83999633789062,127.66802978515625,4003600,0.0,0.0
2025-07-07 00:00:00-04:00,127.83999633789062,129.0,124.78500366210938,126.26000213623047,126.09015655517578,4427000,0.0,0.0
2025-07-08 00:00:00-04:00,129.8800048828125,131.3800048828125,124.9000015258789,125.88999938964844,125.72066497802734,6641600,0.0,0.0
2025-07-09 00:00:00-04:00,127.02999877929688,129.47999572753906,125.91000366210938,128.3699951171875,128.1973114013672,4936300,0.0,0.0
2025-07-10 00:00:00-04:00,128.0,128.82000732421875,110.05999755859375,120.72000122070312,120.5576171875,24686000,0.0,0.0
2025-07-11 00:00:00-04:00,120.11000061035156,124.63999938964844,118.69999694824219,123.30000305175781,123.13414764404297,7222200,0.0,0.0
2025-07-14 00:00:00-04:00,122.0,125.55999755859375,122.0,124.72000122070312,124.5522232055664,6560400,0.0,0.0
2025-07-15 00:00:00-04:00,127.94000244140625,129.44000244140625,125.5,127.37000274658203,127.19866943359375,7079600,0.0,0.0
2025-07-16 00:00:00-04:00,127.3499984741211,128.4499969482422,122.51000213623047,125.4000015258789,125.23131561279297,6036900,0.0,0.0
2025-07-17 00:00:00-04:00,128.25,133.52000427246094,127.43499755859375,131.1199951171875,130.943603515625,7989200,0.0,0.0
2025-07-18 00:00:00-04:00,131.51499938964844,133.1999969482422,128.44000244140625,129.05999755859375,128.8863983154297,5781900,0.0,0.0
2025-07-21 00:00:00-04:00,129.1999969482422,129.75,125.4000015258789,126.20999908447266,126.04022979736328,4821200,0.0,0.0
2025-07-22 00:00:00-04:00,125.86000061035156,125.91999816894531,119.0999984741211,125.29000091552734,125.1214599609375,6335800,0.0,0.0
2025-07-23 00:00:00-04:00,127.91000366210938,131.44000244140625,127.37000274658203,130.19000244140625,130.01487731933594,6072900,0.0,0.0
2025-07-24 00:00:00-04:00,131.97999572753906,132.9499969482422,129.38999938964844,130.8699951171875,130.69395446777344,4504500,0.0,0.0
2025-07-25 00:00:00-04:00,132.1300048828125,137.66000366210938,132.1300048828125,137.47000122070312,137.2850799560547,8556100,0.0,0.0
2025-07-28 00:00:00-04:00,139.1300048828125,143.10000610351562,138.02000427246094,142.5500030517578,142.35826110839844,10607100,0.0,0.0
2025-07-29 00:00:00-04:00,143.0800018310547,146.32000732421875,140.3800048828125,142.6999969482422,142.50804138183594,15169700,0.0,0.0
2025-07-30 00:00:00-04:00,147.0749969482422,153.5,140.36000061035156,144.1699981689453,143.97608947753906,18502400,0.0,0.0
2025-07-31 00:00:00-04:00,148.75,152.58999633789062,145.42999267578125,145.60000610351562,145.40414428710938,10875600,0.0,0.0
2025-08-01 00:00:00-04:00,137.27999877929688,143.13999938964844,136.0,141.58999633789062,141.3995361328125,11015000,0.0,0.0
2025-08-04 00:00:00-04:00,144.26499938964844,144.26499938964844,139.5500030517578,140.1999969482422,140.01141357421875,6744800,0.0,0.0
2025-08-05 00:00:00-04:00,140.8300018310547,141.39999389648438,135.35400390625,138.75999450683594,138.57333374023438,5091100,0.0,0.0
2025-08-06 00:00:00-04:00,137.58999633789062,140.2100067138672,136.25,139.75,139.56201171875,4079300,0.0,0.0
2025-08-07 00:00:00-04:00,141.0,141.0399932861328,137.4199981689453,139.38999938964844,139.2025146484375,5302500,0.0,0.0
2025-08-08 00:00:00-04:00,141.17999267578125,141.5800018310547,138.39999389648438,139.92999267578125,139.7417755126953,3734000,0.0,0.0
2025-08-11 00:00:00-04:00,139.1699981689453,141.44000244140625,138.5,139.8300018310547,139.64190673828125,4109500,0.0,0.0
2025-08-12 00:00:00-04:00,141.3000030517578,145.60000610351562,139.8000030517578,143.72000122070312,143.5266876220703,6185600,0.0,0.0
2025-08-13 00:00:00-04:00,145.0,145.1199951171875,133.9499969482422,137.39999389648438,137.2151641845703,9976000,0.0,0.0
2025-08-14 00:00:00-04:00,134.2100067138672,135.92999267578125,131.52999877929688,132.52000427246094,132.3417510986328,8129200,0.0,0.0
2025-08-15 00:00:00-04:00,132.52000427246094,133.35000610351562,129.22000122070312,133.07000732421875,132.8909912109375,6207700,0.0,0.0
2025-08-18 00:00:00-04:00,132.3699951171875,135.77999877929688,132.25,135.69000244140625,135.50747680664062,3251400,0.0,0.0
2025-08-19 00:00:00-04:00,133.00999450683594,133.97000122070312,127.33999633789062,129.0500030517578,128.8764190673828,7307700,0.0,0.0
2025-08-20 00:00:00-04:00,126.43000030517578,127.63999938964844,121.41000366210938,127.54000091552734,127.36844635009766,8282300,0.0,0.0
2025-08-21 00:00:00-04:00,127.7699966430664,128.6300048828125,125.78500366210938,126.58000183105469,126.40972900390625,3744300,0.0,0.0
2025-08-22 00:00:00-04:00,127.0,131.23899841308594,125.72000122070312,125.97000122070312,125.80054473876953,5622100,0.0,0.0
2025-08-25 00:00:00-04:00,126.45999908447266,126.8499984741211,123.93000030517578,125.0199966430664,124.8518295288086,4610800,0.0,0.0
2025-08-26 00:00:00-04:00,125.51000213623047,129.27499389648438,124.91000366210938,127.93000030517578,127.75791931152344,5947500,0.0,0.0
2025-08-27 00:00:00-04:00,127.43000030517578,131.1699981689453,126.56300354003906,129.30999755859375,129.13604736328125,6412800,0.0,0.0
2025-08-28 00:00:00-04:00,133.00999450683594,134.93299865722656,131.1699981689453,134.22999572753906,134.04942321777344,6817500,0.0,0.0
2025-08-29 00:00:00-04:00,133.1300048828125,133.33999633789062,126.2300033569336,127.55000305175781,127.37842559814453,6367600,0.0,0.0
2025-09-02 00:00:00-04:00,123.69999694824219,124.48999786376953,119.66500091552734,124.01000213623047,123.84318542480469,8130500,0.0,0.0
2025-09-03 00:00:00-04:00,124.80000305175781,125.73500061035156,123.06999969482422,125.58999633789062,125.42105865478516,4081900,0.0,0.0
2025-09-04 00:00:00-04:00,125.9000015258789,127.08999633789062,124.47000122070312,125.69999694824219,125.53091430664062,4607300,0.0,0.0
2025-09-05 00:00:00-04:00,127.80999755859375,128.57699584960938,118.69999694824219,124.0,123.83319854736328,7719600,0.0,0.0
2025-09-08 00:00:00-04:00,125.70999908447266,125.72000122070312,120.97000122070312,121.81999969482422,121.65613555908203,10222700,0.0,0.0
2025-09-09 00:00:00-04:00,124.08000183105469,125.9800033569336,120.83000183105469,125.58000183105469,125.41107177734375,7608500,0.0,0.0
2025-09-10 00:00:00-04:00,134.24000549316406,141.22000122070312,134.24000549316406,136.74000549316406,136.5560760498047,12971100,0.0,0.0
2025-09-11 00:00:00-04:00,138.4199981689453,138.4199981689453,133.9499969482422,135.7100067138672,135.5274658203125,6779700,0.0,0.0
2025-09-12 00:00:00-04:00,135.5,137.0919952392578,133.55999755859375,134.83999633789062,134.65863037109375,4065400,0.0,0.0
2025-09-15 00:00:00-04:00,135.9199981689453,142.05999755859375,134.39999389648438,138.25999450683594,138.11294555664062,7643900,0.038,0.0
2025-09-16 00:00:00-04:00,140.25,141.21499633789062,135.1300048828125,136.64999389648438,136.50465393066406,5449900,0.0,0.0
2025-09-17 00:00:00-04:00,135.63999938964844,137.56500244140625,132.68499755859375,136.8300018310547,136.68446350097656,5123300,0.0,0.0
2025-09-18 00:00:00-04:00,139.0,142.6199951171875,136.97000122070312,141.9600067138672,141.8090057373047,5295000,0.0,0.0
2025-09-19 00:00:00-04:00,142.6300048828125,144.49000549316406,139.3800048828125,143.60000610351562,143.447265625,6682800,0.0,0.0
2025-09-22 00:00:00-04:00,143.0500030517578,152.4499969482422,142.25,151.9600067138672,151.79837036132812,8731700,0.0,0.0
2025-09-23 00:00:00-04:00,151.32000732421875,152.10000610351562,139.14999389648438,142.61000061035156,142.45831298828125,16541300,0.0,0.0
2025-09-24 00:00:00-04:00,143.47999572753906,146.10000610351562,140.85000610351562,141.6199951171875,141.4693603515625,5978100,0.0,0.0
2025-09-25 00:00:00-04:00,137.00999450683594,141.18499755859375,133.85000610351562,139.77000427246094,139.621337890625,6197600,0.0,0.0
2025-09-26 00:00:00-04:00,139.0,140.97999572753906,137.0800018310547,138.6199951171875,138.47254943847656,3607600,0.0,0.0
2025-09-29 00:00:00-04:00,142.0,145.61000061035156,141.39999389648438,143.30999755859375,143.15756225585938,5876700,0.0,0.0
2025-09-30 00:00:00-04:00,144.0,150.92999267578125,144.0,150.86000061035156,150.6995391845703,6822300,0.0,0.0
2025-10-01 00:00:00-04:00,149.1199951171875,162.22500610351562,147.35000610351562,161.58999633789062,161.41812133789062,12844000,0.0,0.0
2025-10-02 00:00:00-04:00,164.3000030517578,168.99000549316406,157.30999755859375,161.63999938964844,161.4680633544922,8936100,0.0,0.0
2025-10-03 00:00:00-04:00,161.63999938964844,163.8800048828125,157.8300018310547,160.1999969482422,160.02960205078125,5728500,0.0,0.0
2025-10-06 00:00:00-04:00,168.84500122070312,169.8300018310547,162.33999633789062,162.8000030517578,162.62684631347656,7203300,0.0,0.0
2025-10-07 00:00:00-04:00,164.75,165.0,154.77000427246094,158.8699951171875,158.70101928710938,6899100,0.0,0.0
2025-10-08 00:00:00-04:00,160.52499389648438,167.5500030517578,159.27200317382812,167.3800048828125,167.20196533203125,4889900,0.0,0.0
2025-10-09 00:00:00-04:00,168.3800048828125,170.88900756835938,164.75,168.8800048828125,168.7003936767578,4972800,0.0,0.0
2025-10-10 00:00:00-04:00,178.42999267578125,183.10499572753906,168.64999389648438,169.00999450683594,168.83023071289062,16066600,0.0,0.0
2025-10-13 00:00:00-04:00,175.00999450683594,184.44000244140625,172.0,179.0,178.80960083007812,11056200,0.0,0.0
2025-10-14 00:00:00-04:00,171.69000244140625,181.83999633789062,168.1999969482422,175.14999389648438,174.96368408203125,7427500,0.0,0.0
2025-10-15 00:00:00-04:00,180.0,182.99000549316406,175.60000610351562,180.50999450683594,180.31797790527344,5642900,0.0,0.0
2025-10-16 00:00:00-04:00,182.50999450683594,183.0,175.2100067138672,177.82000732421875,177.630859375,5000100,0.0,0.0
2025-10-17 00:00:00-04:00,175.0,178.0,170.3000030517578,174.0,173.81492614746094,5880700,0.0,0.0
2025-10-20 00:00:00-04:00,178.0,179.7899932861328,173.9499969482422,175.72999572753906,175.54307556152344,6692000,0.0,0.0
2025-10-21 00:00:00-04:00,175.0800018310547,177.19000244140625,170.55999755859375,174.8000030517578,174.61407470703125,8130700,0.0,0.0
2025-10-22 00:00:00-04:00,182.60000610351562,184.5,162.67999267578125,171.58999633789062,171.407470703125,22483700,0.0,0.0
2025-10-23 00:00:00-04:00,174.52999877929688,184.0399932861328,174.0,183.1999969482422,183.00514221191406,9679400,0.0,0.0
2025-10-24 00:00:00-04:00,186.85000610351562,188.88999938964844,184.89999389648438,186.05999755859375,185.86209106445312,7188500,0.0,0.0
2025-10-27 00:00:00-04:00,189.99000549316406,194.0,188.91400146484375,192.89999389648438,192.69480895996094,6673000,0.0,0.0
2025-10-28 00:00:00-04:00,192.77000427246094,195.7050018310547,186.02000427246094,190.57000732421875,190.36732482910156,6044100,0.0,0.0
2025-10-29 00:00:00-04:00,193.6999969482422,199.5,193.1300048828125,199.27000427246094,199.05804443359375,6298900,0.0,0.0
2025-10-30 00:00:00-04:00,193.86000061035156,202.4499969482422,192.38999938964844,193.75999450683594,193.5539093017578,5693500,0.0,0.0
2025-10-31 00:00:00-04:00,196.9499969482422,199.8699951171875,188.5800018310547,192.86000061035156,192.65487670898438,7726600,0.0,0.0
2025-11-03 00:00:00-05:00,196.14999389648438,197.60000610351562,189.57000732421875,191.39999389648438,191.1964111328125,6065100,0.0,0.0
2025-11-04 00:00:00-05:00,183.3000030517578,186.89999389648438,177.5,180.82000732421875,180.627685546875,8984800,0.0,0.0
2025-11-05 00:00:00-05:00,182.0749969482422,193.39999389648438,181.0,190.7100067138672,190.50714111328125,6534700,0.0,0.0
2025-11-06 00:00:00-05:00,191.0050048828125,191.0050048828125,180.50999450683594,183.02000427246094,182.82533264160156,5907100,0.0,0.0
2025-11-07 00:00:00-05:00,177.0,179.8000030517578,169.61000061035156,179.8000030517578,179.60877990722656,9143000,0.0,0.0
2025-11-10 00:00:00-05:00,188.02000427246094,191.41000366210938,184.75999450683594,187.83999633789062,187.6401824951172,5590100,0.0,0.0
2025-11-11 00:00:00-05:00,184.0,187.47999572753906,178.0399932861328,179.0500030517578,178.85955810546875,5625700,0.0,0.0
2025-11-12 00:00:00-05:00,182.11000061035156,182.57000732421875,173.00999450683594,173.3699951171875,173.1855926513672,6131700,0.0,0.0
2025-11-13 00:00:00-05:00,169.97500610351562,170.64999389648438,160.6699981689453,163.63999938964844,163.4659423828125,11389900,0.0,0.0
2025-11-14 00:00:00-05:00,162.0,175.8800048828125,159.66000366210938,170.97000122070312,170.7881317138672,10018700,0.0,0.0
2025-11-17 00:00:00-05:00,168.38999938964844,174.85000610351562,164.55999755859375,166.64999389648438,166.4727325439453,5249900,0.0,0.0
2025-11-18 00:00:00-05:00,163.30999755859375,169.12600708007812,158.0,164.86000061035156,164.68463134765625,7586300,0.0,0.0
2025-11-19 00:00:00-05:00,166.05999755859375,174.66000366210938,165.91000366210938,170.64999389648438,170.46849060058594,6070500,0.0,0.0
2025-11-20 00:00:00-05:00,176.9199981689453,180.875,158.0800018310547,159.61000061035156,159.4402313232422,10076100,0.0,0.0
2025-11-21 00:00:00-05:00,160.0,161.2899932861328,149.11000061035156,159.8300018310547,159.66000366210938,10577700,0.0,0.0
2025-11-24 00:00:00-05:00,162.42999267578125,171.8000030517578,162.42999267578125,168.91000366210938,168.73033142089844,8208200,0.0,0.0
2025-11-25 00:00:00-05:00,167.5500030517578,169.66000366210938,158.88999938964844,169.57000732421875,169.45285034179688,8573200,0.063,0.0
2025-11-26 00:00:00-05:00,172.2050018310547,174.8699951171875,170.5500030517578,172.02000427246094,171.9011688232422,5264800,0.0,0.0
2025-11-28 00:00:00-05:00,173.52000427246094,179.8000030517578,172.66000366210938,179.72999572753906,179.6058349609375,4059600,0.0,0.0
2025-12-01 00:00:00-05:00,175.89999389648438,182.64500427246094,173.1999969482422,179.22000122070312,179.09619140625,6501500,0.0,0.0
2025-12-02 00:00:00-05:00,182.82000732421875,186.3699951171875,179.6199951171875,180.91000366210938,180.78501892089844,5304500,0.0,0.0
2025-12-03 00:00:00-05:00,179.02000427246094,180.92999267578125,172.6999969482422,178.8800048828125,178.75640869140625,5374500,0.0,0.0
2025-12-04 00:00:00-05:00,179.33999633789062,185.33999633789062,177.16000366210938,182.5399932861328,182.41387939453125,4962300,0.0,0.0
2025-12-05 00:00:00-05:00,182.1699981689453,189.66000366210938,180.10000610351562,189.02000427246094,188.889404296875,7445800,0.0,0.0
2025-12-08 00:00:00-05:00,186.1699981689453,188.5,182.0,185.61000061035156,185.4817657470703,5556300,0.0,0.0
2025-12-09 00:00:00-05:00,181.17999267578125,182.5,176.5399932861328,178.3800048828125,178.2567596435547,6414700,0.0,0.0
2025-12-10 00:00:00-05:00,179.3800048828125,185.40499877929688,175.5500030517578,181.82000732421875,181.6943817138672,5301300,0.0,0.0
2025-12-11 00:00:00-05:00,177.5,179.0,167.17999267578125,178.66000366210938,178.53656005859375,11321100,0.0,0.0
2025-12-12 00:00:00-05:00,173.3000030517578,174.14999389648438,159.82000732421875,161.27000427246094,161.1585693359375,12512200,0.0,0.0
2025-12-15 00:00:00-05:00,163.41000366210938,166.5500030517578,160.0,161.74000549316406,161.62826538085938,8861400,0.0,0.0
2025-12-16 00:00:00-05:00,158.35000610351562,162.47000122070312,154.64999389648438,160.66000366210938,160.54901123046875,7808700,0.0,0.0
2025-12-17 00:00:00-05:00,161.00999450683594,161.00999450683594,147.82000732421875,149.8300018310547,149.7264862060547,11959800,0.0,0.0
2025-12-18 00:00:00-05:00,156.42999267578125,158.7550048828125,151.5,154.38999938964844,154.28334045410156,7773800,0.0,0.0
2025-12-19 00:00:00-05:00,156.0,162.3699951171875,155.27000427246094,159.82000732421875,159.70957946777344,9716400,0.0,0.0
2025-12-22 00:00:00-05:00,166.1300048828125,167.0,162.9499969482422,166.25,166.13514709472656,5688100,0.0,0.0
2025-12-23 00:00:00-05:00,165.52999877929688,167.9600067138672,161.8300018310547,166.25999450683594,166.14512634277344,3220400,0.0,0.0
2025-12-24 00:00:00-05:00,166.0,167.5,164.6199951171875,166.8699951171875,166.75469970703125,1335200,0.0,0.0
2025-12-26 00:00:00-05:00,167.25999450683594,168.44000244140625,165.85000610351562,167.5800018310547,167.46421813964844,2532800,0.0,0.0
2025-12-29 00:00:00-05:00,165.8000030517578,168.99000549316406,163.7899932861328,165.6199951171875,165.5055694580078,3075200,0.0,0.0
2025-12-30 00:00:00-05:00,165.99000549316406,166.39999389648438,163.8800048828125,164.33999633789062,164.22645568847656,3764300,0.0,0.0
2025-12-31 00:00:00-05:00,164.69000244140625,165.75799560546875,161.91000366210938,162.00999450683594,161.89805603027344,2575500,0.0,0.0
2026-01-02 00:00:00-05:00,169.46499633789062,177.25,169.1300048828125,175.61000061035156,175.48867797851562,7348200,0.0,0.0
2026-01-05 00:00:00-05:00,182.6300048828125,183.25,170.44000244140625,173.9499969482422,173.829833984375,5860200,0.0,0.0
2026-01-06 00:00:00-05:00,169.36000061035156,175.2100067138672,162.2100067138672,174.9499969482422,174.82911682128906,7813700,0.0,0.0
2026-01-07 00:00:00-05:00,169.0,174.2100067138672,168.52999877929688,171.5399932861328,171.4214630126953,5205600,0.0,0.0
2026-01-08 00:00:00-05:00,170.75,171.25999450683594,158.77000427246094,160.77999877929688,160.66891479492188,7684900,0.0,0.0
2026-01-09 00:00:00-05:00,162.39999389648438,164.77000427246094,161.19000244140625,163.5800018310547,163.46697998046875,5665300,0.0,0.0
2026-01-12 00:00:00-05:00,164.17999267578125,171.3300018310547,164.16000366210938,170.02999877929688,169.9125213623047,4181100,0.0,0.0
2026-01-13 00:00:00-05:00,170.10000610351562,175.2100067138672,169.74000549316406,172.72000122070312,172.6006622314453,3648000,0.0,0.0
2026-01-14 00:00:00-05:00,172.1999969482422,175.55999755859375,167.60000610351562,170.86000061035156,170.74195861816406,3780800,0.0,0.0
2026-01-15 00:00:00-05:00,176.0,179.6699981689453,172.35000610351562,172.5399932861328,172.42079162597656,4104000,0.0,0.0
2026-01-16 00:00:00-05:00,174.6300048828125,180.3699951171875,173.5,176.92999267578125,176.80775451660156,4502300,0.0,0.0
2026-01-20 00:00:00-05:00,170.85000610351562,177.97000122070312,170.00599670410156,175.17999267578125,175.05897521972656,4690500,0.0,0.0
2026-01-21 00:00:00-05:00,176.69000244140625,182.49600219726562,173.0,181.47000122070312,181.34461975097656,5587300,0.0,0.0
2026-01-22 00:00:00-05:00,186.9199981689453,189.89999389648438,179.1999969482422,181.1199951171875,180.99485778808594,5508700,0.0,0.0
2026-01-23 00:00:00-05:00,182.22000122070312,183.72000122070312,175.72999572753906,182.49000549316406,182.36392211914062,3496300,0.0,0.0
2026-01-26 00:00:00-05:00,181.02000427246094,185.32000732421875,180.0800018310547,181.22999572753906,181.1047821044922,3020100,0.0,0.0
2026-01-27 00:00:00-05:00,182.39999389648438,189.3000030517578,178.25999450683594,189.2100067138672,189.07928466796875,4390300,0.0,0.0
2026-01-28 00:00:00-05:00,189.8000030517578,194.0,188.07000732421875,193.75999450683594,193.62612915039062,4935700,0.0,0.0
2026-01-29 00:00:00-05:00,196.97999572753906,199.1909942626953,186.17999267578125,195.10000610351562,194.9652099609375,5662000,0.0,0.0
2026-01-30 00:00:00-05:00,194.91000366210938,200.39500427246094,185.60000610351562,186.17999267578125,186.05136108398438,4502700,0.0,0.0
2026-02-02 00:00:00-05:00,182.64999389648438,191.89999389648438,182.0,190.00999450683594,189.87872314453125,4112100,0.0,0.0
2026-02-03 00:00:00-05:00,190.00999450683594,195.0,183.00999450683594,190.14999389648438,190.01861572265625,4433000,0.0,0.0
2026-02-04 00:00:00-05:00,190.6999969482422,194.88099670410156,172.60000610351562,182.55999755859375,182.43385314941406,8287200,0.0,0.0
2026-02-05 00:00:00-05:00,176.2899932861328,183.3350067138672,172.35000610351562,177.75,177.62718200683594,6144600,0.0,0.0
2026-02-06 00:00:00-05:00,180.9199981689453,195.80999755859375,180.9199981689453,195.5800018310547,195.44488525390625,7197300,0.0,0.0
2026-02-09 00:00:00-05:00,196.77999877929688,208.42999267578125,195.8350067138672,202.0,201.8604278564453,7638400,0.0,0.0
2026-02-10 00:00:00-05:00,203.0,206.35000610351562,197.3800048828125,199.6199951171875,199.48208618164062,6707800,0.0,0.0
2026-02-11 00:00:00-05:00,233.25,249.9499969482422,233.0,248.50999450683594,248.3383026123047,19793500,0.0,0.0
2026-02-12 00:00:00-05:00,243.9499969482422,255.5399932861328,234.50999450683594,236.50999450683594,236.3466033935547,12438800,0.0,0.0
2026-02-13 00:00:00-05:00,238.22000122070312,239.50999450683594,227.0500030517578,234.52999877929688,234.3679656982422,6785200,0.0,0.0
2026-02-17 00:00:00-05:00,234.5800018310547,245.40499877929688,232.1199951171875,243.52999877929688,243.3617401123047,6449600,0.0,0.0
2026-02-18 00:00:00-05:00,247.0,254.0500030517578,240.3800048828125,243.2100067138672,243.04196166992188,5350700,0.0,0.0
2026-02-19 00:00:00-05:00,241.02999877929688,247.7100067138672,239.5240020751953,243.05999755859375,242.89207458496094,3929800,0.0,0.0
2026-02-20 00:00:00-05:00,240.99000549316406,246.8000030517578,238.19000244140625,243.75,243.58160400390625,3879200,0.0,0.0
2026-02-23 00:00:00-05:00,242.60000610351562,245.77000427246094,240.0,245.4199981689453,245.2504425048828,4026100,0.0,0.0
2026-02-24 00:00:00-05:00,246.5,253.47999572753906,241.27000427246094,253.14999389648438,252.97509765625,5458200,0.0,0.0
2026-02-25 00:00:00-05:00,255.4600067138672,264.8599853515625,255.0,262.19000244140625,262.0088806152344,6580300,0.0,0.0
2026-02-26 00:00:00-05:00,260.1499938964844,260.1499938964844,241.69000244140625,259.2300109863281,259.0509033203125,8566400,0.0,0.0
2026-02-27 00:00:00-05:00,251.5,257.79998779296875,245.6699981689453,254.88999938964844,254.71389770507812,6967900,0.0,0.0
2026-03-02 00:00:00-05:00,249.44000244140625,258.8999938964844,244.22000122070312,257.75,257.5718994140625,5382300,0.0,0.0
2026-03-03 00:00:00-05:00,245.52999877929688,248.22000122070312,234.72000122070312,244.44000244140625,244.2711181640625,6866600,0.0,0.0
2026-03-04 00:00:00-05:00,249.39999389648438,255.3000030517578,245.33999633789062,251.27999877929688,251.10638427734375,4298500,0.0,0.0
2026-03-05 00:00:00-05:00,247.49000549316406,258.32000732421875,238.74000549316406,249.75,249.5774383544922,5291500,0.0,0.0
2026-03-06 00:00:00-05:00,241.0,251.47000122070312,238.64999389648438,241.77999877929688,241.61294555664062,8772600,0.0,0.0
2026-03-09 00:00:00-04:00,251.49000549316406,266.6700134277344,251.0,264.3500061035156,264.1673583984375,20427900,0.0,0.0
2026-03-10 00:00:00-04:00,265.54998779296875,274.8500061035156,264.5,270.05999755859375,269.8734130859375,11306800,0.0,0.0
2026-03-11 00:00:00-04:00,272.1099853515625,276.7799987792969,266.57000732421875,268.260009765625,268.07464599609375,7103200,0.0,0.0
2026-03-12 00:00:00-04:00,263.6499938964844,271.44000244140625,257.2550048828125,265.3800048828125,265.1966552734375,7465400,0.0,0.0
2026-03-13 00:00:00-04:00,265.20001220703125,269.2200012207031,256.072998046875,258.8800048828125,258.70111083984375,6981200,0.0,0.0
2026-03-16 00:00:00-04:00,261.67999267578125,270.9100036621094,261.67999267578125,264.739990234375,264.55706787109375,7386700,0.0,0.0
2026-03-17 00:00:00-04:00,260.6600036621094,270.8699951171875,259.510009765625,268.4100036621094,268.28839111328125,5121300,0.063,0.0
2026-03-18 00:00:00-04:00,271.6300048828125,274.7300109863281,264.5400085449219,264.7099914550781,264.5900573730469,6673800,0.0,0.0
2026-03-19 00:00:00-04:00,258.44000244140625,271.10101318359375,256.0400085449219,269.1700134277344,269.0480651855469,7084600,0.0,0.0
2026-03-20 00:00:00-04:00,268.6199951171875,272.8399963378906,255.50999450683594,255.8800048828125,255.7640838623047,87826600,0.0,0.0
2026-03-23 00:00:00-04:00,258.9949951171875,271.8800048828125,255.1199951171875,256.0,255.88401794433594,8888100,0.0,0.0
2026-03-24 00:00:00-04:00,256.0,270.9100036621094,251.14999389648438,270.8900146484375,270.7673034667969,6843000,0.0,0.0
2026-03-25 00:00:00-04:00,276.79998779296875,282.04998779296875,274.0,276.1600036621094,276.034912109375,5929000,0.0,0.0
2026-03-26 00:00:00-04:00,273.80999755859375,274.1600036621094,252.39999389648438,252.39999389648438,252.28564453125,6621700,0.0,0.0
2026-03-27 00:00:00-04:00,249.9600067138672,256.8399963378906,248.5,251.07000732421875,250.9562530517578,5444500,0.0,0.0
2026-03-30 00:00:00-04:00,253.7100067138672,255.4499969482422,231.6999969482422,234.22000122070312,234.1138916015625,6930400,0.0,0.0
2026-03-31 00:00:00-04:00,233.0,251.0,233.0,250.5800018310547,250.4664764404297,6686100,0.0,0.0
2026-04-01 00:00:00-04:00,257.0,265.54998779296875,257.0,259.3699951171875,259.2524719238281,5112600,0.0,0.0
2026-04-02 00:00:00-04:00,249.1199951171875,267.0,247.9149932861328,261.2900085449219,261.171630859375,3965500,0.0,0.0
2026-04-06 00:00:00-04:00,262.92999267578125,266.5249938964844,258.5899963378906,258.7300109863281,258.61279296875,3305700,0.0,0.0
2026-04-07 00:00:00-04:00,256.9700012207031,262.4800109863281,252.00999450683594,262.29998779296875,262.18115234375,2937200,0.0,0.0
2026-04-08 00:00:00-04:00,279.8699951171875,285.6000061035156,273.3800048828125,281.0299987792969,280.90264892578125,5696700,0.0,0.0
2026-04-09 00:00:00-04:00,280.989990234375,291.0,280.9700012207031,287.6400146484375,287.5096740722656,5166400,0.0,0.0
2026-04-10 00:00:00-04:00,289.75,297.55999755859375,289.29998779296875,295.1099853515625,294.97625732421875,4644800,0.0,0.0
2026-04-13 00:00:00-04:00,294.9800109863281,300.67999267578125,294.9800109863281,299.9599914550781,299.8240661621094,4733900,0.0,0.0
2026-04-14 00:00:00-04:00,307.0,312.4599914550781,299.010009765625,310.510009765625,310.36932373046875,4993800,0.0,0.0
2026-04-15 00:00:00-04:00,309.5,311.0,296.6400146484375,301.1600036621094,301.0235595703125,5353600,0.0,0.0
2026-04-16 00:00:00-04:00,303.0,303.30999755859375,292.6700134277344,294.1300048828125,293.9967346191406,4832600,0.0,0.0
2026-04-17 00:00:00-04:00,298.70001220703125,308.5400085449219,298.2200012207031,307.3399963378906,307.20074462890625,5805500,0.0,0.0
2026-04-20 00:00:00-04:00,307.0050048828125,315.6600036621094,305.1099853515625,314.4100036621094,314.2675476074219,4672300,0.0,0.0
2026-04-21 00:00:00-04:00,316.1000061035156,323.0379943847656,310.8399963378906,312.44000244140625,312.2984313964844,7285400,0.0,0.0
2026-04-22 00:00:00-04:00,305.32000732421875,312.9800109863281,296.79998779296875,305.1400146484375,305.00177001953125,9835900,0.0,0.0
2026-04-23 00:00:00-04:00,304.20001220703125,325.25,304.20001220703125,321.75,321.6042175292969,7067000,0.0,0.0
2026-04-24 00:00:00-04:00,328.0,330.2950134277344,316.3999938964844,323.4599914550781,323.3134460449219,5281500,0.0,0.0
2026-04-27 00:00:00-04:00,325.989990234375,328.04998779296875,307.0710144042969,322.42999267578125,322.2839050292969,5442500,0.0,0.0
2026-04-28 00:00:00-04:00,307.19500732421875,314.510009765625,293.8800048828125,305.0299987792969,304.8918151855469,8217600,0.0,0.0
2026-04-29 00:00:00-04:00,307.04998779296875,309.9700012207031,299.79998779296875,306.17999267578125,306.0412902832031,4536300,0.0,0.0
2026-04-30 00:00:00-04:00,313.75,330.0,312.3399963378906,328.489990234375,328.3411560058594,6268700,0.0,0.0
2026-05-01 00:00:00-04:00,330.6499938964844,331.9700012207031,324.2300109863281,328.30999755859375,328.1612548828125,4408600,0.0,0.0
2026-05-04 00:00:00-04:00,329.5799865722656,332.95001220703125,321.45001220703125,330.9700012207031,330.8200378417969,4927400,0.0,0.0
2026-05-05 00:00:00-04:00,334.07000732421875,341.1199951171875,330.6000061035156,341.0199890136719,340.865478515625,5456200,0.0,0.0
2026-05-06 00:00:00-04:00,351.55999755859375,359.8399963378906,343.6499938964844,358.9200134277344,358.75738525390625,5583200,0.0,0.0
2026-05-07 00:00:00-04:00,358.57501220703125,359.0,336.17999267578125,340.010009765625,339.85595703125,5458100,0.0,0.0
2026-05-08 00:00:00-04:00,349.7850036621094,350.989990234375,339.7099914550781,339.9700012207031,339.81597900390625,4081000,0.0,0.0
2026-05-11 00:00:00-04:00,342.01300048828125,371.9949951171875,342.01300048828125,367.9200134277344,367.7533264160156,7279200,0.0,0.0
2026-05-12 00:00:00-04:00,361.32000732421875,370.2650146484375,349.0199890136719,367.1300048828125,366.9636535644531,6556200,0.0,0.0
2026-05-13 00:00:00-04:00,375.70001220703125,377.7699890136719,360.9100036621094,369.989990234375,369.8223571777344,4461000,0.0,0.0
2026-05-14 00:00:00-04:00,370.239990234375,379.93499755859375,365.1499938964844,376.2300109863281,376.0595397949219,3611300,0.0,0.0
2026-05-15 00:00:00-04:00,364.30999755859375,373.9100036621094,356.2699890136719,370.94000244140625,370.77197265625,4871200,0.0,0.0
2026-05-18 00:00:00-04:00,370.2950134277344,370.2950134277344,330.7200012207031,339.7300109863281,339.5760803222656,8086700,0.0,0.0
2026-05-19 00:00:00-04:00,329.67999267578125,334.625,314.3399963378906,322.6300048828125,322.48382568359375,9039500,0.0,0.0
2026-05-20 00:00:00-04:00,325.0,329.42999267578125,314.25,315.6700134277344,315.5269775390625,6014000,0.0,0.0
2026-05-21 00:00:00-04:00,322.29998779296875,330.3299865722656,319.0,323.3999938964844,323.25347900390625,5221300,0.0,0.0
2026-05-22 00:00:00-04:00,333.9599914550781,334.8900146484375,324.0,327.4599914550781,327.3116455078125,4801800,0.0,0.0
2026-05-26 00:00:00-04:00,341.05999755859375,343.30999755859375,323.260009765625,323.9100036621094,323.76324462890625,6523700,0.0,0.0
2026-05-27 00:00:00-04:00,326.010009765625,326.1629943847656,310.1000061035156,319.7799987792969,319.6351013183594,5293000,0.0,0.0
2026-05-28 00:00:00-04:00,316.3999938964844,320.67498779296875,307.29998779296875,314.17999267578125,314.0376281738281,5384100,0.0,0.0
2026-05-29 00:00:00-04:00,315.20001220703125,319.5799865722656,308.0,315.7099914550781,315.56695556640625,7218800,0.0,0.0
2026-06-01 00:00:00-04:00,317.989990234375,328.5799865722656,313.1300048828125,323.3900146484375,323.2434997558594,6162100,0.0,0.0
2026-06-02 00:00:00-04:00,335.1499938964844,345.17999267578125,331.2300109863281,334.489990234375,334.33843994140625,5077300,0.0,0.0
2026-06-03 00:00:00-04:00,340.864990234375,343.6300048828125,326.7900085449219,331.44000244140625,331.28985595703125,3927700,0.0,0.0
2026-06-04 00:00:00-04:00,321.0950012207031,326.8599853515625,306.0,323.9200134277344,323.77325439453125,6075900,0.0,0.0
2026-06-05 00:00:00-04:00,313.7550048828125,315.0,294.3949890136719,300.510009765625,300.3738708496094,7330000,0.0,0.0
2026-06-08 00:00:00-04:00,309.25,310.60699462890625,300.2200012207031,300.57000732421875,300.433837890625,4790000,0.0,0.0
2026-06-09 00:00:00-04:00,300.42999267578125,307.1300048828125,276.5,289.5199890136719,289.3888244628906,11117700,0.0,0.0
2026-06-10 00:00:00-04:00,284.5199890136719,294.3500061035156,275.17999267578125,280.9800109863281,280.85272216796875,6904200,0.0,0.0
2026-06-11 00:00:00-04:00,284.25,298.6600036621094,283.3999938964844,297.8800048828125,297.74505615234375,5408800,0.0,0.0
2026-06-12 00:00:00-04:00,303.4800109863281,305.19000244140625,295.1000061035156,302.8699951171875,302.7327880859375,4958100,0.0,0.0
2026-06-15 00:00:00-04:00,316.0,319.8389892578125,310.3710021972656,311.92999267578125,311.8535461425781,5346400,0.063,0.0
2026-06-16 00:00:00-04:00,314.20001220703125,316.3710021972656,299.0899963378906,299.6000061035156,299.5265808105469,4581900,0.0,0.0
2026-06-17 00:00:00-04:00,304.7200012207031,329.70001220703125,303.20001220703125,317.5799865722656,317.50213623046875,6181400,0.0,0.0
2026-06-18 00:00:00-04:00,331.2300109863281,337.7900085449219,326.5,333.04998779296875,332.9683532714844,7262600,0.0,0.0
2026-06-22 00:00:00-04:00,338.8800048828125,358.5400085449219,338.0,357.9599914550781,357.87225341796875,7284300,0.0,0.0
2026-06-23 00:00:00-04:00,337.9599914550781,337.9700012207031,316.510009765625,318.32000732421875,318.2419738769531,10277700,0.0,0.0
2026-06-24 00:00:00-04:00,323.7300109863281,323.739990234375,308.2799987792969,316.42999267578125,316.3524475097656,6106100,0.0,0.0
2026-06-25 00:00:00-04:00,338.9200134277344,340.0,321.3399963378906,325.57000732421875,325.4902038574219,6305000,0.0,0.0
2026-06-26 00:00:00-04:00,314.0,316.0,300.19000244140625,303.95001220703125,303.8755187988281,21988200,0.0,0.0
2026-06-29 00:00:00-04:00,304.6499938964844,309.20001220703125,294.29998779296875,306.9700012207031,306.894775390625,6708600,0.0,0.0
2026-06-30 00:00:00-04:00,310.0,337.2300109863281,310.0,334.82000732421875,334.7379455566406,7742500,0.0,0.0
2026-07-01 00:00:00-04:00,325.79998779296875,327.2149963378906,309.510009765625,311.4200134277344,311.34368896484375,6259800,0.0,0.0
2026-07-02 00:00:00-04:00,309.80999755859375,316.989990234375,296.45001220703125,300.5299987792969,300.4563293457031,5898700,0.0,0.0
2026-07-06 00:00:00-04:00,311.989990234375,329.3800048828125,308.0199890136719,318.4700012207031,318.3919372558594,6428200,0.0,0.0
2026-07-07 00:00:00-04:00,304.7449951171875,306.2300109863281,287.1099853515625,305.5799865722656,305.5050964355469,5986600,0.0,0.0
2026-07-08 00:00:00-04:00,301.6400146484375,319.6499938964844,300.6000061035156,317.80999755859375,317.73211669921875,4425200,0.0,0.0
2026-07-09 00:00:00-04:00,333.54998779296875,338.8800048828125,322.3800048828125,323.9200134277344,323.84063720703125,3946300,0.0,0.0
2026-07-10 00:00:00-04:00,320.30999755859375,323.80999755859375,315.67999267578125,318.8599853515625,318.7818298339844,3001200,0.0,0.0
2026-07-13 00:00:00-04:00,311.94000244140625,316.0799865722656,302.07000732421875,305.8699951171875,305.7950134277344,3720300,0.0,0.0
2026-07-14 00:00:00-04:00,315.5299987792969,317.17999267578125,300.19000244140625,303.5799865722656,303.5055847167969,3560900,0.0,0.0
2026-07-15 00:00:00-04:00,306.25,309.43499755859375,289.7799987792969,304.57000732421875,304.495361328125,3873700,0.0,0.0
2026-07-16 00:00:00-04:00,297.0,301.2799987792969,287.5299987792969,294.1099853515625,294.03790283203125,5017800,0.0,0.0
2026-07-17 00:00:00-04:00,279.2099914550781,297.32501220703125,272.92999267578125,289.55999755859375,289.489013671875,6068200,0.0,0.0
2026-07-20 00:00:00-04:00,295.0,301.6600036621094,290.9599914550781,291.6700134277344,291.5985412597656,3770300,0.0,0.0
2026-07-21 00:00:00-04:00,303.04998779296875,306.45001220703125,297.1499938964844,304.5,304.42535400390625,3485200,0.0,0.0
2026-07-22 00:00:00-04:00,294.2550048828125,303.885009765625,293.54998779296875,301.1600036621094,301.086181640625,2935100,0.0,0.0
2026-07-23 00:00:00-04:00,300.0,313.6099853515625,300.0,304.0400085449219,303.9654846191406,3098500,0.0,0.0
2026-07-24 00:00:00-04:00,300.5,302.489990234375,288.54998779296875,290.3599853515625,290.288818359375,3405200,0.0,0.0
2026-07-27 00:00:00-04:00,293.0299987792969,296.7099914550781,272.5299987792969,287.6000061035156,287.5295104980469,5017300,0.0,0.0
2026-07-28 00:00:00-04:00,272.5799865722656,274.6600036621094,259.19000244140625,269.55999755859375,269.4939270019531,8157500,0.0,0.0
2026-07-29 00:00:00-04:00,245.99000549316406,248.8000030517578,220.9199981689453,223.0399932861328,222.98532104492188,21265700,0.0,0.0
2026-07-30 00:00:00-04:00,237.1999969482422,241.32000732421875,224.60000610351562,227.5,227.44424438476562,14508000,0.0,0.0
2026-07-31 00:00:00-04:00,246.8699951171875,251.70899963378906,233.1699981689453,241.57000732421875,241.51080322265625,10849600,0.0,0.0
2026-08-03 00:00:00-04:00,236.97999572753906,264.1400146484375,234.9600067138672,263.04998779296875,262.9855041503906,9517100,0.0,0.0
2026-08-04 00:00:00-04:00,275.2099914550781,276.5199890136719,268.1199951171875,269.92999267578125,269.86383056640625,5802700,0.0,0.0
2026-08-05 00:00:00-04:00,270.45001220703125,282.5,270.0,277.94000244140625,277.87188720703125,5933200,0.0,0.0
2026-08-06 00:00:00-04:00,271.1300048828125,286.3599853515625,270.06298828125,275.1700134277344,275.1025695800781,5084700,0.0,0.0
2026-08-07 00:00:00-04:00,284.9200134277344,285.90399169921875,269.19000244140625,272.3999938964844,272.3332214355469,3909500,0.0,0.0
2026-08-10 00:00:00-04:00,277.2799987792969,278.67999267578125,267.5199890136719,270.1000061035156,270.0338134765625,2859500,0.0,0.0
2026-08-11 00:00:00-04:00,275.5,284.67999267578125,273.8999938964844,281.80999755859375,281.7409362792969,3686900,0.0,0.0
2026-08-12 00:00:00-04:00,298.2900085449219,298.2900085449219,286.010986328125,288.3599853515625,288.289306640625,4034300,0.0,0.0
2026-08-13 00:00:00-04:00,287.94500732421875,293.510009765625,286.8800048828125,287.07000732421875,286.9996337890625,3120100,0.0,0.0
2026-08-14 00:00:00-04:00,287.07000732421875,295.4700012207031,285.25,293.8399963378906,293.7679748535156,3153600,0.0,0.0
2026-08-17 00:00:00-04:00,297.8800048828125,300.29998779296875,290.5780029296875,292.42999267578125,292.3583068847656,3575900,0.0,0.0
2026-08-18 00:00:00-04:00,281.0,281.66900634765625,270.30999755859375,272.5400085449219,272.47320556640625,5584100,0.0,0.0
2026-08-19 00:00:00-04:00,273.0,275.54998779296875,256.1099853515625,261.0,260.93603515625,6206500,0.0,0.0
2026-08-20 00:00:00-04:00,258.5849914550781,264.95001220703125,252.16000366210938,264.6300048828125,264.5651550292969,5219700,0.0,0.0
2026-08-21 00:00:00-04:00,268.20001220703125,268.20001220703125,257.4849853515625,261.95001220703125,261.88580322265625,3207800,0.0,0.0
2026-08-24 00:00:00-04:00,257.0,258.29998779296875,249.97000122070312,254.97000122070312,254.9075164794922,3982100,0.0,0.0
2026-08-25 00:00:00-04:00,263.0899963378906,267.0450134277344,255.02999877929688,255.75,255.68731689453125,3921600,0.0,0.0
2026-08-26 00:00:00-04:00,256.6099853515625,265.7799987792969,255.33999633789062,263.80999755859375,263.7453308105469,3930900,0.0,0.0
2026-08-27 00:00:00-04:00,273.0,274.760009765625,262.2300109863281,269.2799987792969,269.2139892578125,4604800,0.0,0.0
2026-08-28 00:00:00-04:00,269.05999755859375,270.0,255.57000732421875,257.0799865722656,257.0169677734375,3840500,0.0,0.0
2026-08-31 00:00:00-04:00,258.239990234375,261.7900085449219,254.90899658203125,258.7200012207031,258.6565856933594,4082600,0.0,0.0
2026-09-01 00:00:00-04:00,255.22000122070312,257.8900146484375,248.75,255.97000122070312,255.90725708007812,4279200,0.0,0.0
2026-09-02 00:00:00-04:00,254.97000122070312,260.04998779296875,251.5,256.70001220703125,256.6370849609375,3011200,0.0,0.0
2026-09-03 00:00:00-04:00,256.489990234375,270.989990234375,254.5,268.8299865722656,268.76409912109375,4241000,0.0,0.0
2026-09-04 00:00:00-04:00,273.94500732421875,280.989990234375,271.20001220703125,280.5299987792969,280.46124267578125,3318600,0.0,0.0
2026-09-08 00:00:00-04:00,285.0,295.3399963378906,282.0,290.8299865722656,290.7586975097656,4751000,0.0,0.0
2026-09-09 00:00:00-04:00,288.69000244140625,290.2300109863281,260.0,262.8900146484375,262.8255920410156,9798800,0.0,0.0
2026-09-10 00:00:00-04:00,259.1000061035156,262.0,244.77000427246094,248.1300048828125,248.06918334960938,10055200,0.0,0.0
2026-09-11 00:00:00-04:00,252.5,258.7799987792969,251.83999633789062,257.05999755859375,256.9969787597656,4767600,0.0,0.0
2026-09-14 00:00:00-04:00,228.0,241.3000030517578,226.94000244140625,237.38999938964844,237.38999938964844,10905000,0.063,0.0
2026-09-15 00:00:00-04:00,243.02000427246094,245.41000366210938,233.89999389648438,234.61000061035156,234.61000061035156,5728200,0.0,0.0
2026-09-16 00:00:00-04:00,240.0,244.75999450683594,237.63999938964844,239.41000366210938,239.41000366210938,5514600,0.0,0.0
2026-09-17 00:00:00-04:00,249.75,252.33999633789062,241.25,241.49000549316406,241.49000549316406,4967200,0.0,0.0
2026-09-18 00:00:00-04:00,246.19000244140625,250.14999389648438,242.42999267578125,249.38999938964844,249.38999938964844,7837100,0.0,0.0
2026-09-21 00:00:00-04:00,254.6699981689453,254.87600708007812,247.6060028076172,250.86000061035156,250.86000061035156,4855000,0.0,0.0
