Date,Open,High,Low,Close,Adj Close,Volume,Dividends,Stock Splits
2015-01-02 00:00:00-05:00,53.56999969482422,54.09000015258789,51.9900016784668,52.15999984741211,49.622459411621094,268900,0.0,0.0
2015-01-05 00:00:00-05:00,51.75,52.43000030517578,51.08000183105469,51.439998626708984,48.93748474121094,338400,0.0,0.0
2015-01-06 00:00:00-05:00,51.4900016784668,51.81999969482422,50.279998779296875,50.560001373291016,48.10030746459961,430400,0.0,0.0
2015-01-07 00:00:00-05:00,51.02000045776367,51.61000061035156,50.66999816894531,51.380001068115234,48.88040542602539,393100,0.0,0.0
2015-01-08 00:00:00-05:00,51.619998931884766,52.619998931884766,50.939998626708984,52.38999938964844,49.841270446777344,247500,0.0,0.0
2015-01-09 00:00:00-05:00,52.2400016784668,52.54999923706055,51.7400016784668,51.790000915527344,49.27045440673828,218400,0.0,0.0
2015-01-12 00:00:00-05:00,51.900001525878906,52.5099983215332,51.5099983215332,51.880001068115234,49.35608673095703,201900,0.0,0.0
2015-01-13 00:00:00-05:00,52.150001525878906,53.310001373291016,51.970001220703125,52.47999954223633,49.92689895629883,245800,0.0,0.0
2015-01-14 00:00:00-05:00,52.0,52.29999923706055,51.099998474121094,51.630001068115234,49.11823654174805,189100,0.0,0.0
2015-01-15 00:00:00-05:00,51.880001068115234,51.880001068115234,50.75,50.83000183105469,48.35716247558594,207600,0.0,0.0
2015-01-16 00:00:00-05:00,50.40999984741211,51.90999984741211,50.20000076293945,51.86000061035156,49.44404983520508,205600,0.11,0.0
2015-01-20 00:00:00-05:00,51.91999816894531,52.0,51.0,51.599998474121094,49.19618225097656,238700,0.0,0.0
2015-01-21 00:00:00-05:00,51.619998931884766,52.0,50.81999969482422,51.0,48.62411880493164,202600,0.0,0.0
2015-01-22 00:00:00-05:00,51.400001525878906,51.45000076293945,50.540000915527344,51.0,48.62411880493164,474600,0.0,0.0
2015-01-23 00:00:00-05:00,50.86000061035156,51.58000183105469,50.630001068115234,50.70000076293945,48.33810043334961,251800,0.0,0.0
2015-01-26 00:00:00-05:00,50.52000045776367,51.52000045776367,49.7599983215332,51.38999938964844,48.995933532714844,389300,0.0,0.0
2015-01-27 00:00:00-05:00,50.900001525878906,51.369998931884766,50.18000030517578,50.7599983215332,48.395294189453125,255000,0.0,0.0
2015-01-28 00:00:00-05:00,50.88999938964844,51.15999984741211,49.59000015258789,49.810001373291016,47.48956298828125,229500,0.0,0.0
2015-01-29 00:00:00-05:00,49.970001220703125,50.27000045776367,49.16999816894531,50.189998626708984,47.85186004638672,295800,0.0,0.0
2015-01-30 00:00:00-05:00,49.66999816894531,50.06999969482422,49.130001068115234,49.310001373291016,47.01286315917969,849800,0.0,0.0
2015-02-02 00:00:00-05:00,49.33000183105469,49.56999969482422,48.65999984741211,49.189998626708984,46.89842987060547,355500,0.0,0.0
2015-02-03 00:00:00-05:00,49.41999816894531,50.060001373291016,49.290000915527344,49.880001068115234,47.556304931640625,255200,0.0,0.0
2015-02-04 00:00:00-05:00,49.52000045776367,50.47999954223633,49.4900016784668,50.119998931884766,47.785118103027344,275900,0.0,0.0
2015-02-05 00:00:00-05:00,50.40999984741211,51.4900016784668,50.40999984741211,51.380001068115234,48.98641586303711,225000,0.0,0.0
2015-02-06 00:00:00-05:00,51.38999938964844,51.61000061035156,50.7599983215332,50.970001220703125,48.59550476074219,212200,0.0,0.0
2015-02-09 00:00:00-05:00,50.849998474121094,51.20000076293945,49.65999984741211,49.83000183105469,47.50863265991211,195700,0.0,0.0
2015-02-10 00:00:00-05:00,50.310001373291016,50.7400016784668,49.869998931884766,50.599998474121094,48.24275588989258,231900,0.0,0.0
2015-02-11 00:00:00-05:00,50.400001525878906,51.189998626708984,50.18000030517578,51.04999923706055,48.67179489135742,300800,0.0,0.0
2015-02-12 00:00:00-05:00,51.22999954223633,51.31999969482422,50.7400016784668,50.779998779296875,48.41436767578125,311000,0.0,0.0
2015-02-13 00:00:00-05:00,50.880001068115234,51.41999816894531,50.56999969482422,51.349998474121094,48.95782470703125,141200,0.0,0.0
2015-02-17 00:00:00-05:00,51.5,51.900001525878906,51.27000045776367,51.529998779296875,49.12942123413086,183200,0.0,0.0
2015-02-18 00:00:00-05:00,51.290000915527344,52.439998626708984,51.279998779296875,52.36000061035156,49.92075729370117,279100,0.0,0.0
2015-02-19 00:00:00-05:00,52.310001373291016,54.0,51.79999923706055,53.650001525878906,51.150665283203125,475300,0.0,0.0
2015-02-20 00:00:00-05:00,53.72999954223633,54.06999969482422,53.11000061035156,53.75,51.246002197265625,618100,0.0,0.0
2015-02-23 00:00:00-05:00,53.349998474121094,54.189998626708984,53.0099983215332,54.13999938964844,51.617835998535156,381600,0.0,0.0
2015-02-24 00:00:00-05:00,52.70000076293945,54.779998779296875,51.459999084472656,54.72999954223633,52.18034744262695,642000,0.0,0.0
2015-02-25 00:00:00-05:00,54.79999923706055,54.97999954223633,54.54999923706055,54.90999984741211,52.35197448730469,310000,0.0,0.0
2015-02-26 00:00:00-05:00,54.91999816894531,55.099998474121094,54.619998931884766,54.95000076293945,52.390098571777344,373500,0.0,0.0
2015-02-27 00:00:00-05:00,54.720001220703125,55.09000015258789,54.59000015258789,54.720001220703125,52.17082977294922,347800,0.0,0.0
2015-03-02 00:00:00-05:00,54.72999954223633,55.5,54.43000030517578,55.310001373291016,52.733341217041016,295700,0.0,0.0
2015-03-03 00:00:00-05:00,55.040000915527344,55.040000915527344,54.4900016784668,54.709999084472656,52.16128158569336,213300,0.0,0.0
2015-03-04 00:00:00-05:00,54.599998474121094,54.810001373291016,54.20000076293945,54.52000045776367,51.980133056640625,188800,0.0,0.0
2015-03-05 00:00:00-05:00,54.529998779296875,55.040000915527344,54.40999984741211,54.790000915527344,52.23756408691406,164700,0.0,0.0
2015-03-06 00:00:00-05:00,54.29999923706055,54.7599983215332,53.56999969482422,53.91999816894531,51.4080810546875,225200,0.0,0.0
2015-03-09 00:00:00-04:00,54.099998474121094,54.52000045776367,53.66999816894531,54.279998779296875,51.751312255859375,203800,0.0,0.0
2015-03-10 00:00:00-04:00,53.970001220703125,54.29999923706055,53.40999984741211,53.869998931884766,51.360416412353516,205300,0.0,0.0
2015-03-11 00:00:00-04:00,53.9900016784668,54.40999984741211,53.709999084472656,54.15999984741211,51.63690185546875,662100,0.0,0.0
2015-03-12 00:00:00-04:00,54.630001068115234,54.900001525878906,53.7400016784668,54.380001068115234,51.84665298461914,581800,0.0,0.0
2015-03-13 00:00:00-04:00,54.369998931884766,54.41999816894531,53.790000915527344,54.209999084472656,51.6845817565918,440100,0.0,0.0
2015-03-16 00:00:00-04:00,54.47999954223633,55.66999816894531,54.47999954223633,55.63999938964844,53.04795455932617,206300,0.0,0.0
2015-03-17 00:00:00-04:00,55.4900016784668,55.91999816894531,55.130001068115234,55.91999816894531,53.31490707397461,243300,0.0,0.0
2015-03-18 00:00:00-04:00,55.72999954223633,56.529998779296875,55.470001220703125,56.279998779296875,53.658138275146484,419700,0.0,0.0
2015-03-19 00:00:00-04:00,56.189998626708984,56.93000030517578,55.9900016784668,56.7599983215332,54.11577606201172,524800,0.0,0.0
2015-03-20 00:00:00-04:00,57.209999084472656,57.90999984741211,56.93000030517578,57.90999984741211,55.212196350097656,637200,0.0,0.0
2015-03-23 00:00:00-04:00,57.84000015258789,58.02000045776367,57.439998626708984,57.90999984741211,55.212196350097656,366000,0.0,0.0
2015-03-24 00:00:00-04:00,57.849998474121094,58.689998626708984,57.810001373291016,58.33000183105469,55.612648010253906,327400,0.0,0.0
2015-03-25 00:00:00-04:00,58.66999816894531,58.709999084472656,57.720001220703125,57.90999984741211,55.212196350097656,458100,0.0,0.0
2015-03-26 00:00:00-04:00,57.7599983215332,57.880001068115234,57.099998474121094,57.65999984741211,54.97386932373047,342300,0.0,0.0
2015-03-27 00:00:00-04:00,57.709999084472656,58.400001525878906,57.52000045776367,58.36000061035156,55.641239166259766,257600,0.0,0.0
2015-03-30 00:00:00-04:00,58.619998931884766,59.7400016784668,58.36000061035156,59.70000076293945,56.918819427490234,328100,0.0,0.0
2015-03-31 00:00:00-04:00,59.529998779296875,60.29999923706055,59.02000045776367,60.209999084472656,57.40506362915039,700900,0.0,0.0
2015-04-01 00:00:00-04:00,60.0,60.0,56.470001220703125,56.88999938964844,54.2397346496582,739900,0.0,0.0
2015-04-02 00:00:00-04:00,56.77000045776367,57.38999938964844,56.47999954223633,56.68000030517578,54.03950881958008,224600,0.0,0.0
2015-04-06 00:00:00-04:00,56.189998626708984,56.939998626708984,56.0,56.040000915527344,53.42932891845703,301400,0.0,0.0
2015-04-07 00:00:00-04:00,55.95000076293945,56.34000015258789,55.45000076293945,55.88999938964844,53.28631591796875,278900,0.0,0.0
2015-04-08 00:00:00-04:00,56.09000015258789,56.459999084472656,55.7400016784668,56.22999954223633,53.6104850769043,254800,0.0,0.0
2015-04-09 00:00:00-04:00,56.08000183105469,56.5099983215332,55.439998626708984,56.04999923706055,53.438846588134766,212700,0.0,0.0
2015-04-10 00:00:00-04:00,56.40999984741211,56.470001220703125,55.97999954223633,56.400001525878906,53.77256393432617,196900,0.0,0.0
2015-04-13 00:00:00-04:00,56.369998931884766,56.63999938964844,56.25,56.56999969482422,53.93463134765625,171800,0.0,0.0
2015-04-14 00:00:00-04:00,56.43000030517578,56.93000030517578,56.31999969482422,56.61000061035156,53.97277069091797,434100,0.0,0.0
2015-04-15 00:00:00-04:00,56.65999984741211,57.2599983215332,56.459999084472656,56.91999816894531,54.268333435058594,285300,0.0,0.0
2015-04-16 00:00:00-04:00,57.04999923706055,57.43000030517578,56.08000183105469,56.11000061035156,53.49606704711914,243100,0.0,0.0
2015-04-17 00:00:00-04:00,55.70000076293945,56.20000076293945,55.33000183105469,55.58000183105469,52.99074935913086,237300,0.0,0.0
2015-04-20 00:00:00-04:00,55.91999816894531,56.959999084472656,55.38999938964844,56.369998931884766,53.85053634643555,251400,0.11,0.0
2015-04-21 00:00:00-04:00,56.83000183105469,56.959999084472656,56.439998626708984,56.56999969482422,54.04159164428711,213200,0.0,0.0
2015-04-22 00:00:00-04:00,56.400001525878906,56.66999816894531,55.849998474121094,56.130001068115234,53.62125778198242,137100,0.0,0.0
2015-04-23 00:00:00-04:00,56.130001068115234,56.66999816894531,55.79999923706055,56.599998474121094,54.07024383544922,163600,0.0,0.0
2015-04-24 00:00:00-04:00,56.599998474121094,57.54999923706055,55.900001525878906,57.380001068115234,54.81538009643555,365400,0.0,0.0
2015-04-27 00:00:00-04:00,57.529998779296875,57.63999938964844,55.810001373291016,55.93000030517578,53.43019485473633,294900,0.0,0.0
2015-04-28 00:00:00-04:00,55.939998626708984,56.33000183105469,55.09000015258789,56.0099983215332,53.506614685058594,301000,0.0,0.0
2015-04-29 00:00:00-04:00,55.84000015258789,56.209999084472656,54.970001220703125,55.33000183105469,52.857017517089844,335000,0.0,0.0
2015-04-30 00:00:00-04:00,54.68000030517578,55.060001373291016,53.09000015258789,53.279998779296875,50.898624420166016,918300,0.0,0.0
2015-05-01 00:00:00-04:00,53.310001373291016,54.08000183105469,53.130001068115234,53.61000061035156,51.21390151977539,440400,0.0,0.0
2015-05-04 00:00:00-04:00,53.81999969482422,54.56999969482422,53.599998474121094,53.93000030517578,51.51958465576172,358500,0.0,0.0
2015-05-05 00:00:00-04:00,53.61000061035156,53.65999984741211,52.72999954223633,53.09000015258789,50.717132568359375,616300,0.0,0.0
2015-05-06 00:00:00-04:00,53.38999938964844,53.54999923706055,52.779998779296875,53.439998626708984,51.051475524902344,244600,0.0,0.0
2015-05-07 00:00:00-04:00,53.5,54.290000915527344,53.150001525878906,53.959999084472656,51.54823303222656,181600,0.0,0.0
2015-05-08 00:00:00-04:00,54.52000045776367,55.130001068115234,53.63999938964844,54.029998779296875,51.6151123046875,211300,0.0,0.0
2015-05-11 00:00:00-04:00,54.11000061035156,54.52000045776367,53.869998931884766,53.97999954223633,51.56735610961914,145100,0.0,0.0
2015-05-12 00:00:00-04:00,53.7599983215332,53.790000915527344,53.040000915527344,53.630001068115234,51.23299789428711,156600,0.0,0.0
2015-05-13 00:00:00-04:00,53.84000015258789,54.25,53.77000045776367,53.900001525878906,51.49092483520508,218100,0.0,0.0
2015-05-14 00:00:00-04:00,54.099998474121094,54.59000015258789,53.560001373291016,54.470001220703125,52.03545379638672,176600,0.0,0.0
2015-05-15 00:00:00-04:00,54.58000183105469,54.58000183105469,53.880001068115234,54.20000076293945,51.77751922607422,215000,0.0,0.0
2015-05-18 00:00:00-04:00,54.20000076293945,55.0,54.150001525878906,54.88999938964844,52.436683654785156,133000,0.0,0.0
2015-05-19 00:00:00-04:00,54.70000076293945,54.97999954223633,54.400001525878906,54.72999954223633,52.28382110595703,137400,0.0,0.0
2015-05-20 00:00:00-04:00,54.79999923706055,54.97999954223633,54.439998626708984,54.79999923706055,52.350711822509766,140900,0.0,0.0
2015-05-21 00:00:00-04:00,54.81999969482422,55.0,54.20000076293945,54.68000030517578,52.23606491088867,167300,0.0,0.0
2015-05-22 00:00:00-04:00,54.650001525878906,55.84000015258789,54.290000915527344,55.130001068115234,52.665958404541016,262200,0.0,0.0
2015-05-26 00:00:00-04:00,54.779998779296875,55.130001068115234,53.83000183105469,54.0,51.58645248413086,325000,0.0,0.0
2015-05-27 00:00:00-04:00,54.22999954223633,55.65999984741211,53.970001220703125,55.4900016784668,53.009864807128906,232800,0.0,0.0
2015-05-28 00:00:00-04:00,55.41999816894531,55.63999938964844,54.63999938964844,54.959999084472656,52.5035514831543,160400,0.0,0.0
2015-05-29 00:00:00-04:00,54.779998779296875,55.099998474121094,54.040000915527344,54.13999938964844,51.72019958496094,230700,0.0,0.0
2015-06-01 00:00:00-04:00,54.4900016784668,55.029998779296875,53.959999084472656,54.70000076293945,52.25516891479492,151800,0.0,0.0
2015-06-02 00:00:00-04:00,54.279998779296875,55.31999969482422,54.099998474121094,54.900001525878906,52.44622039794922,126900,0.0,0.0
2015-06-03 00:00:00-04:00,54.95000076293945,56.29999923706055,54.70000076293945,56.279998779296875,53.76456069946289,253600,0.0,0.0
2015-06-04 00:00:00-04:00,55.91999816894531,55.91999816894531,54.66999816894531,55.029998779296875,52.570411682128906,156500,0.0,0.0
2015-06-05 00:00:00-04:00,54.970001220703125,55.560001373291016,54.279998779296875,55.43000030517578,52.95252990722656,148800,0.0,0.0
2015-06-08 00:00:00-04:00,55.459999084472656,55.59000015258789,55.06999969482422,55.220001220703125,52.75191879272461,129300,0.0,0.0
2015-06-09 00:00:00-04:00,55.15999984741211,55.45000076293945,54.91999816894531,55.2400016784668,52.771018981933594,140100,0.0,0.0
2015-06-10 00:00:00-04:00,55.59000015258789,56.369998931884766,55.15999984741211,55.970001220703125,53.468414306640625,192700,0.0,0.0
2015-06-11 00:00:00-04:00,56.06999969482422,56.099998474121094,55.619998931884766,56.08000183105469,53.5734977722168,161700,0.0,0.0
2015-06-12 00:00:00-04:00,55.93000030517578,56.38999938964844,55.650001525878906,56.310001373291016,53.79322052001953,225600,0.0,0.0
2015-06-15 00:00:00-04:00,55.77000045776367,56.22999954223633,55.150001525878906,55.68000030517578,53.19137191772461,224600,0.0,0.0
2015-06-16 00:00:00-04:00,55.52000045776367,56.91999816894531,55.380001068115234,56.90999984741211,54.366397857666016,187900,0.0,0.0
2015-06-17 00:00:00-04:00,57.11000061035156,57.2599983215332,56.70000076293945,56.91999816894531,54.375953674316406,247200,0.0,0.0
2015-06-18 00:00:00-04:00,57.04999923706055,58.540000915527344,57.04999923706055,58.33000183105469,55.722930908203125,302000,0.0,0.0
2015-06-19 00:00:00-04:00,58.5,58.689998626708984,57.83000183105469,58.52000045776367,55.90443801879883,318100,0.0,0.0
2015-06-22 00:00:00-04:00,59.0099983215332,59.279998779296875,58.599998474121094,59.22999954223633,56.58269119262695,313700,0.0,0.0
2015-06-23 00:00:00-04:00,59.220001220703125,59.459999084472656,58.75,59.220001220703125,56.573143005371094,286300,0.0,0.0
2015-06-24 00:00:00-04:00,59.220001220703125,59.220001220703125,58.08000183105469,58.34000015258789,55.732479095458984,268700,0.0,0.0
2015-06-25 00:00:00-04:00,58.63999938964844,59.0,58.189998626708984,58.88999938964844,56.25788497924805,255600,0.0,0.0
2015-06-26 00:00:00-04:00,59.099998474121094,59.119998931884766,58.34000015258789,58.630001068115234,56.00951385498047,310400,0.0,0.0
2015-06-29 00:00:00-04:00,58.29999923706055,58.79999923706055,57.66999816894531,57.88999938964844,55.302589416503906,278700,0.0,0.0
2015-06-30 00:00:00-04:00,58.52000045776367,58.56999969482422,57.68000030517578,58.08000183105469,55.48411178588867,417200,0.0,0.0
2015-07-01 00:00:00-04:00,58.540000915527344,58.63999938964844,57.90999984741211,58.31999969482422,55.71337127685547,321200,0.0,0.0
2015-07-02 00:00:00-04:00,58.689998626708984,58.689998626708984,57.220001220703125,57.54999923706055,54.97779083251953,266600,0.0,0.0
2015-07-06 00:00:00-04:00,57.04999923706055,57.849998474121094,56.720001220703125,57.779998779296875,55.197509765625,266800,0.0,0.0
2015-07-07 00:00:00-04:00,58.5099983215332,60.88999938964844,58.5099983215332,60.650001525878906,57.93922805786133,900900,0.0,0.0
2015-07-08 00:00:00-04:00,60.0,60.75,59.2400016784668,60.310001373291016,57.61442947387695,8024700,0.0,0.0
2015-07-09 00:00:00-04:00,61.29999923706055,61.29999923706055,59.7400016784668,59.7599983215332,57.089012145996094,1218300,0.0,0.0
2015-07-10 00:00:00-04:00,60.349998474121094,60.349998474121094,59.58000183105469,59.91999816894531,57.241859436035156,395600,0.0,0.0
2015-07-13 00:00:00-04:00,60.27000045776367,60.68000030517578,60.130001068115234,60.380001068115234,57.68130874633789,442400,0.0,0.0
2015-07-14 00:00:00-04:00,60.380001068115234,61.0,60.099998474121094,60.81999969482422,58.101627349853516,267400,0.0,0.0
2015-07-15 00:00:00-04:00,60.959999084472656,61.400001525878906,60.36000061035156,60.59000015258789,57.88191604614258,479300,0.0,0.0
2015-07-16 00:00:00-04:00,60.939998626708984,61.22999954223633,60.66999816894531,61.209999084472656,58.47420883178711,343700,0.0,0.0
2015-07-17 00:00:00-04:00,61.18000030517578,61.38999938964844,60.630001068115234,61.040000915527344,58.31179428100586,249900,0.0,0.0
2015-07-20 00:00:00-04:00,60.90999984741211,61.439998626708984,60.70000076293945,61.36000061035156,58.723323822021484,240600,0.11,0.0
2015-07-21 00:00:00-04:00,61.25,61.72999954223633,61.130001068115234,61.20000076293945,58.5702018737793,279400,0.0,0.0
2015-07-22 00:00:00-04:00,61.33000183105469,61.66999816894531,61.150001525878906,61.5,58.85732650756836,373200,0.0,0.0
2015-07-23 00:00:00-04:00,61.58000183105469,61.650001525878906,60.720001220703125,60.81999969482422,58.206520080566406,280600,0.0,0.0
2015-07-24 00:00:00-04:00,60.59000015258789,60.88999938964844,59.66999816894531,59.79999923706055,57.23036575317383,335100,0.0,0.0
2015-07-27 00:00:00-04:00,59.630001068115234,59.779998779296875,59.13999938964844,59.72999954223633,57.163360595703125,256400,0.0,0.0
2015-07-28 00:00:00-04:00,59.9900016784668,59.9900016784668,59.02000045776367,59.810001373291016,57.23991012573242,372100,0.0,0.0
2015-07-29 00:00:00-04:00,59.720001220703125,60.720001220703125,59.560001373291016,60.61000061035156,58.00555419921875,362300,0.0,0.0
2015-07-30 00:00:00-04:00,59.97999954223633,59.97999954223633,58.75,59.779998779296875,57.21122741699219,263200,0.0,0.0
2015-07-31 00:00:00-04:00,60.06999969482422,60.56999969482422,59.65999984741211,59.869998931884766,57.297340393066406,438200,0.0,0.0
2015-08-03 00:00:00-04:00,60.20000076293945,60.400001525878906,59.5099983215332,59.84000015258789,57.26864242553711,278900,0.0,0.0
2015-08-04 00:00:00-04:00,59.90999984741211,60.72999954223633,59.689998626708984,60.310001373291016,57.71845245361328,227700,0.0,0.0
2015-08-05 00:00:00-04:00,60.689998626708984,60.97999954223633,60.290000915527344,60.70000076293945,58.091678619384766,290200,0.0,0.0
2015-08-06 00:00:00-04:00,60.810001373291016,61.06999969482422,59.189998626708984,59.810001373291016,57.23991012573242,271300,0.0,0.0
2015-08-07 00:00:00-04:00,59.369998931884766,59.77000045776367,59.0099983215332,59.689998626708984,57.12508773803711,197000,0.0,0.0
2015-08-10 00:00:00-04:00,59.970001220703125,60.599998474121094,59.70000076293945,59.86000061035156,57.28779602050781,280900,0.0,0.0
2015-08-11 00:00:00-04:00,59.529998779296875,60.040000915527344,59.2400016784668,59.63999938964844,57.077232360839844,166200,0.0,0.0
2015-08-12 00:00:00-04:00,59.150001525878906,59.5099983215332,58.41999816894531,59.33000183105469,56.78055953979492,181800,0.0,0.0
2015-08-13 00:00:00-04:00,59.25,59.91999816894531,58.880001068115234,59.29999923706055,56.7518424987793,145400,0.0,0.0
2015-08-14 00:00:00-04:00,59.13999938964844,59.56999969482422,58.900001525878906,59.38999938964844,56.83796691894531,212600,0.0,0.0
2015-08-17 00:00:00-04:00,59.04999923706055,60.119998931884766,58.709999084472656,60.11000061035156,57.52703857421875,206400,0.0,0.0
2015-08-18 00:00:00-04:00,59.83000183105469,60.380001068115234,59.83000183105469,60.130001068115234,57.54617691040039,149800,0.0,0.0
2015-08-19 00:00:00-04:00,59.709999084472656,60.279998779296875,59.040000915527344,59.310001373291016,56.761417388916016,140200,0.0,0.0
2015-08-20 00:00:00-04:00,58.630001068115234,58.9900016784668,57.130001068115234,57.15999984741211,54.703792572021484,208600,0.0,0.0
2015-08-21 00:00:00-04:00,56.06999969482422,57.27000045776367,55.02000045776367,56.08000183105469,53.67021942138672,362600,0.0,0.0
2015-08-24 00:00:00-04:00,54.540000915527344,55.84000015258789,53.9900016784668,54.630001068115234,52.28251647949219,540400,0.0,0.0
2015-08-25 00:00:00-04:00,55.95000076293945,55.95000076293945,54.970001220703125,55.25,52.87587356567383,363800,0.0,0.0
2015-08-26 00:00:00-04:00,56.060001373291016,58.119998931884766,55.27000045776367,57.7599983215332,55.27802276611328,498400,0.0,0.0
2015-08-27 00:00:00-04:00,58.279998779296875,58.470001220703125,56.209999084472656,57.09000015258789,54.63680648803711,661700,0.0,0.0
2015-08-28 00:00:00-04:00,57.099998474121094,57.939998626708984,56.5099983215332,56.86000061035156,54.41669464111328,228100,0.0,0.0
2015-08-31 00:00:00-04:00,56.72999954223633,57.439998626708984,55.630001068115234,55.849998474121094,53.45009994506836,292800,0.0,0.0
2015-09-01 00:00:00-04:00,54.970001220703125,55.599998474121094,54.33000183105469,54.689998626708984,52.339942932128906,603900,0.0,0.0
2015-09-02 00:00:00-04:00,55.36000061035156,55.650001525878906,54.880001068115234,55.650001525878906,53.258697509765625,403600,0.0,0.0
2015-09-03 00:00:00-04:00,55.650001525878906,56.099998474121094,55.290000915527344,55.34000015258789,52.96200180053711,205000,0.0,0.0
2015-09-04 00:00:00-04:00,54.59000015258789,55.5099983215332,54.41999816894531,55.040000915527344,52.674896240234375,167600,0.0,0.0
2015-09-08 00:00:00-04:00,55.970001220703125,56.709999084472656,55.720001220703125,56.59000015258789,54.15829086303711,209400,0.0,0.0
2015-09-09 00:00:00-04:00,57.16999816894531,57.16999816894531,55.810001373291016,55.91999816894531,53.51708984375,217700,0.0,0.0
2015-09-10 00:00:00-04:00,55.939998626708984,57.099998474121094,55.91999816894531,56.7599983215332,54.320980072021484,183100,0.0,0.0
2015-09-11 00:00:00-04:00,56.599998474121094,57.75,56.45000076293945,57.47999954223633,55.01004409790039,144000,0.0,0.0
2015-09-14 00:00:00-04:00,57.5,57.52000045776367,56.70000076293945,56.90999984741211,54.46452713012695,163100,0.0,0.0
2015-09-15 00:00:00-04:00,57.22999954223633,57.47999954223633,56.58000183105469,57.2400016784668,54.78035354614258,180500,0.0,0.0
2015-09-16 00:00:00-04:00,57.2400016784668,57.2400016784668,56.36000061035156,56.959999084472656,54.51239013671875,190300,0.0,0.0
2015-09-17 00:00:00-04:00,57.099998474121094,58.040000915527344,56.86000061035156,57.5,55.02920150756836,232300,0.0,0.0
2015-09-18 00:00:00-04:00,56.95000076293945,57.72999954223633,56.709999084472656,56.900001525878906,54.45498275756836,442100,0.0,0.0
2015-09-21 00:00:00-04:00,57.439998626708984,57.95000076293945,56.470001220703125,56.63999938964844,54.20615768432617,143500,0.0,0.0
2015-09-22 00:00:00-04:00,56.189998626708984,56.599998474121094,55.689998626708984,56.22999954223633,53.81377029418945,169000,0.0,0.0
2015-09-23 00:00:00-04:00,56.439998626708984,56.939998626708984,56.06999969482422,56.650001525878906,54.21571350097656,337700,0.0,0.0
2015-09-24 00:00:00-04:00,56.31999969482422,58.04999923706055,56.31999969482422,57.869998931884766,55.38330078125,563500,0.0,0.0
2015-09-25 00:00:00-04:00,58.15999984741211,58.15999984741211,55.04999923706055,55.65999984741211,53.26824951171875,504300,0.0,0.0
2015-09-28 00:00:00-04:00,55.439998626708984,55.5,53.099998474121094,54.33000183105469,51.99541091918945,476800,0.0,0.0
2015-09-29 00:00:00-04:00,54.33000183105469,55.0,53.63999938964844,54.29999923706055,51.96669387817383,399100,0.0,0.0
2015-09-30 00:00:00-04:00,54.91999816894531,55.63999938964844,54.02000045776367,54.119998931884766,51.79441833496094,1059900,0.0,0.0
2015-10-01 00:00:00-04:00,54.15999984741211,54.70000076293945,52.93000030517578,53.83000183105469,51.51689910888672,440800,0.0,0.0
2015-10-02 00:00:00-04:00,53.34000015258789,54.40999984741211,52.790000915527344,54.40999984741211,52.071983337402344,265500,0.0,0.0
2015-10-05 00:00:00-04:00,54.88999938964844,55.13999938964844,53.90999984741211,55.09000015258789,52.72275161743164,341500,0.0,0.0
2015-10-06 00:00:00-04:00,54.939998626708984,54.939998626708984,53.22999954223633,53.70000076293945,51.39248275756836,347400,0.0,0.0
2015-10-07 00:00:00-04:00,54.08000183105469,54.470001220703125,53.099998474121094,54.43000030517578,52.09111022949219,327300,0.0,0.0
2015-10-08 00:00:00-04:00,54.310001373291016,54.599998474121094,53.59000015258789,54.54999923706055,52.205955505371094,212600,0.0,0.0
2015-10-09 00:00:00-04:00,54.560001373291016,55.15999984741211,54.220001220703125,54.88999938964844,52.531341552734375,172200,0.0,0.0
2015-10-12 00:00:00-04:00,54.959999084472656,55.709999084472656,54.88999938964844,55.630001068115234,53.23954391479492,140800,0.0,0.0
2015-10-13 00:00:00-04:00,55.40999984741211,55.869998931884766,54.939998626708984,54.9900016784668,52.62705612182617,158300,0.0,0.0
2015-10-14 00:00:00-04:00,55.11000061035156,55.41999816894531,54.56999969482422,54.790000915527344,52.43563461303711,217900,0.0,0.0
2015-10-15 00:00:00-04:00,54.880001068115234,56.11000061035156,54.31999969482422,56.09000015258789,53.679771423339844,402600,0.0,0.0
2015-10-16 00:00:00-04:00,56.25,56.939998626708984,55.720001220703125,56.349998474121094,53.9285888671875,174700,0.0,0.0
2015-10-19 00:00:00-04:00,55.90999984741211,56.5099983215332,55.470001220703125,55.880001068115234,53.59293746948242,191400,0.12,0.0
2015-10-20 00:00:00-04:00,55.79999923706055,55.959999084472656,55.18000030517578,55.41999816894531,53.151756286621094,198700,0.0,0.0
2015-10-21 00:00:00-04:00,55.81999969482422,55.939998626708984,54.38999938964844,55.099998474121094,52.84485626220703,129300,0.0,0.0
2015-10-22 00:00:00-04:00,55.27000045776367,55.70000076293945,54.58000183105469,55.5099983215332,53.23806381225586,246500,0.0,0.0
2015-10-23 00:00:00-04:00,56.150001525878906,57.060001373291016,55.91999816894531,57.02000045776367,54.686279296875,264300,0.0,0.0
2015-10-26 00:00:00-04:00,57.0099983215332,57.29999923706055,56.56999969482422,57.150001525878906,54.810951232910156,179300,0.0,0.0
2015-10-27 00:00:00-04:00,57.06999969482422,57.95000076293945,56.63999938964844,57.61000061035156,55.252132415771484,330500,0.0,0.0
2015-10-28 00:00:00-04:00,57.68000030517578,60.04999923706055,57.189998626708984,59.959999084472656,57.505950927734375,513100,0.0,0.0
2015-10-29 00:00:00-04:00,59.38999938964844,60.599998474121094,57.810001373291016,60.11000061035156,57.64979934692383,295000,0.0,0.0
2015-10-30 00:00:00-04:00,60.0,60.779998779296875,59.68000030517578,60.0099983215332,57.553890228271484,358600,0.0,0.0
2015-11-02 00:00:00-05:00,60.150001525878906,61.060001373291016,60.040000915527344,60.84000015258789,58.34992980957031,268900,0.0,0.0
2015-11-03 00:00:00-05:00,60.75,61.25,60.0099983215332,61.11000061035156,58.60888671875,311600,0.0,0.0
2015-11-04 00:00:00-05:00,61.290000915527344,62.040000915527344,61.15999984741211,62.029998779296875,59.4912223815918,236000,0.0,0.0
2015-11-05 00:00:00-05:00,62.0099983215332,62.619998931884766,61.560001373291016,62.540000915527344,59.980350494384766,280000,0.0,0.0
2015-11-06 00:00:00-05:00,62.2400016784668,63.75,61.9900016784668,63.63999938964844,61.035335540771484,248600,0.0,0.0
2015-11-09 00:00:00-05:00,63.45000076293945,63.75,62.84000015258789,63.25,60.66129684448242,383400,0.0,0.0
2015-11-10 00:00:00-05:00,63.04999923706055,63.790000915527344,62.68000030517578,63.099998474121094,60.517433166503906,284400,0.0,0.0
2015-11-11 00:00:00-05:00,63.20000076293945,63.630001068115234,62.560001373291016,62.560001373291016,59.99953842163086,169900,0.0,0.0
2015-11-12 00:00:00-05:00,62.04999923706055,62.630001068115234,61.40999984741211,61.540000915527344,59.02128219604492,229300,0.0,0.0
2015-11-13 00:00:00-05:00,61.29999923706055,62.45000076293945,61.29999923706055,61.97999954223633,59.44327163696289,319600,0.0,0.0
2015-11-16 00:00:00-05:00,62.09000015258789,62.630001068115234,61.959999084472656,62.58000183105469,60.018714904785156,237000,0.0,0.0
2015-11-17 00:00:00-05:00,62.61000061035156,63.290000915527344,62.31999969482422,63.04999923706055,60.469482421875,218900,0.0,0.0
2015-11-18 00:00:00-05:00,63.209999084472656,63.400001525878906,62.45000076293945,62.9900016784668,60.41192626953125,270700,0.0,0.0
2015-11-19 00:00:00-05:00,62.959999084472656,62.959999084472656,61.95000076293945,62.29999923706055,59.75017547607422,259200,0.0,0.0
2015-11-20 00:00:00-05:00,62.349998474121094,62.79999923706055,62.220001220703125,62.2400016784668,59.6926155090332,309500,0.0,0.0
2015-11-23 00:00:00-05:00,62.13999938964844,63.25,61.90999984741211,62.66999816894531,60.105018615722656,151400,0.0,0.0
2015-11-24 00:00:00-05:00,62.2599983215332,63.7400016784668,61.790000915527344,63.689998626708984,61.083282470703125,243000,0.0,0.0
2015-11-25 00:00:00-05:00,63.869998931884766,63.869998931884766,63.369998931884766,63.619998931884766,61.016151428222656,215600,0.0,0.0
2015-11-27 00:00:00-05:00,63.599998474121094,64.58999633789062,63.11000061035156,64.12999725341797,61.50526428222656,114200,0.0,0.0
2015-11-30 00:00:00-05:00,64.3499984741211,64.3499984741211,62.900001525878906,63.04999923706055,60.469482421875,332200,0.0,0.0
2015-12-01 00:00:00-05:00,63.369998931884766,64.11000061035156,63.029998779296875,63.959999084472656,61.342220306396484,152300,0.0,0.0
2015-12-02 00:00:00-05:00,64.05999755859375,64.31999969482422,63.099998474121094,63.72999954223633,61.12163543701172,163600,0.0,0.0
2015-12-03 00:00:00-05:00,64.0,64.0,61.599998474121094,61.97999954223633,59.44327163696289,261000,0.0,0.0
2015-12-04 00:00:00-05:00,62.040000915527344,62.880001068115234,61.939998626708984,62.79999923706055,60.229713439941406,266600,0.0,0.0
2015-12-07 00:00:00-05:00,62.79999923706055,62.900001525878906,61.959999084472656,62.150001525878906,59.606319427490234,254900,0.0,0.0
2015-12-08 00:00:00-05:00,61.90999984741211,63.540000915527344,61.720001220703125,63.43000030517578,60.83392333984375,213900,0.0,0.0
2015-12-09 00:00:00-05:00,63.150001525878906,63.65999984741211,62.540000915527344,62.83000183105469,60.258487701416016,246300,0.0,0.0
2015-12-10 00:00:00-05:00,63.02000045776367,63.5,62.790000915527344,63.040000915527344,60.45988464355469,144400,0.0,0.0
2015-12-11 00:00:00-05:00,62.20000076293945,62.97999954223633,61.369998931884766,61.58000183105469,59.05964279174805,282700,0.0,0.0
2015-12-14 00:00:00-05:00,61.56999969482422,62.220001220703125,60.849998474121094,61.41999816894531,58.90618133544922,504300,0.0,0.0
2015-12-15 00:00:00-05:00,61.84000015258789,62.290000915527344,61.09000015258789,61.869998931884766,59.33777618408203,228500,0.0,0.0
2015-12-16 00:00:00-05:00,62.31999969482422,62.81999969482422,61.54999923706055,62.63999938964844,60.07624816894531,207700,0.0,0.0
2015-12-17 00:00:00-05:00,63.0099983215332,63.400001525878906,61.810001373291016,62.04999923706055,59.51040267944336,289300,0.0,0.0
2015-12-18 00:00:00-05:00,61.72999954223633,61.88999938964844,60.59000015258789,60.619998931884766,58.13894271850586,717800,0.0,0.0
2015-12-21 00:00:00-05:00,60.95000076293945,61.150001525878906,60.27000045776367,60.7400016784668,58.25400924682617,243900,0.0,0.0
2015-12-22 00:00:00-05:00,61.08000183105469,61.27000045776367,60.52000045776367,61.06999969482422,58.57050704956055,226700,0.0,0.0
2015-12-23 00:00:00-05:00,61.349998474121094,61.52000045776367,60.58000183105469,60.91999816894531,58.426658630371094,237200,0.0,0.0
2015-12-24 00:00:00-05:00,60.91999816894531,61.959999084472656,60.900001525878906,61.619998931884766,59.097999572753906,83400,0.0,0.0
2015-12-28 00:00:00-05:00,61.439998626708984,62.099998474121094,61.13999938964844,62.08000183105469,59.539180755615234,154700,0.0,0.0
2015-12-29 00:00:00-05:00,62.349998474121094,62.720001220703125,61.630001068115234,62.18000030517578,59.63508605957031,140600,0.0,0.0
2015-12-30 00:00:00-05:00,62.220001220703125,62.36000061035156,61.779998779296875,61.97999954223633,59.44327163696289,184100,0.0,0.0
2015-12-31 00:00:00-05:00,61.810001373291016,61.939998626708984,60.189998626708984,60.220001220703125,57.75531005859375,275800,0.0,0.0
2016-01-04 00:00:00-05:00,59.279998779296875,59.459999084472656,56.959999084472656,57.599998474121094,55.242523193359375,472400,0.0,0.0
2016-01-05 00:00:00-05:00,57.599998474121094,58.2400016784668,56.68000030517578,56.869998931884766,54.54240798950195,447500,0.0,0.0
2016-01-06 00:00:00-05:00,56.11000061035156,57.29999923706055,56.099998474121094,57.25,54.90684127807617,377500,0.0,0.0
2016-01-07 00:00:00-05:00,56.36000061035156,57.380001068115234,55.630001068115234,55.9900016784668,53.69841766357422,343200,0.0,0.0
2016-01-08 00:00:00-05:00,56.04999923706055,56.79999923706055,55.34000015258789,55.439998626708984,53.17094421386719,429800,0.0,0.0
2016-01-11 00:00:00-05:00,55.619998931884766,55.83000183105469,54.27000045776367,55.20000076293945,52.940773010253906,391200,0.0,0.0
2016-01-12 00:00:00-05:00,55.540000915527344,56.41999816894531,55.11000061035156,56.060001373291016,53.76556396484375,293500,0.0,0.0
2016-01-13 00:00:00-05:00,56.060001373291016,56.33000183105469,55.20000076293945,55.79999923706055,53.516212463378906,551300,0.0,0.0
2016-01-14 00:00:00-05:00,56.2599983215332,57.189998626708984,55.529998779296875,56.810001373291016,54.484867095947266,348000,0.0,0.0
2016-01-15 00:00:00-05:00,56.0,56.7599983215332,54.560001373291016,56.22999954223633,54.042755126953125,518700,0.12,0.0
2016-01-19 00:00:00-05:00,56.72999954223633,57.220001220703125,56.27000045776367,57.029998779296875,54.81165313720703,439000,0.0,0.0
2016-01-20 00:00:00-05:00,56.529998779296875,58.7599983215332,56.08000183105469,58.209999084472656,55.94574737548828,592100,0.0,0.0
2016-01-21 00:00:00-05:00,58.380001068115234,58.459999084472656,56.79999923706055,56.79999923706055,54.5905876159668,545300,0.0,0.0
2016-01-22 00:00:00-05:00,57.150001525878906,57.939998626708984,56.83000183105469,57.939998626708984,55.686248779296875,438600,0.0,0.0
2016-01-25 00:00:00-05:00,57.869998931884766,58.33000183105469,57.09000015258789,57.2400016784668,55.013465881347656,346700,0.0,0.0
2016-01-26 00:00:00-05:00,57.380001068115234,57.529998779296875,56.59000015258789,57.27000045776367,55.04228973388672,649900,0.0,0.0
2016-01-27 00:00:00-05:00,57.22999954223633,57.5,56.5,56.810001373291016,54.600215911865234,498800,0.0,0.0
2016-01-28 00:00:00-05:00,57.130001068115234,57.130001068115234,54.84000015258789,55.040000915527344,52.899044036865234,454700,0.0,0.0
2016-01-29 00:00:00-05:00,55.119998931884766,57.220001220703125,54.959999084472656,57.220001220703125,54.994258880615234,833000,0.0,0.0
2016-02-01 00:00:00-05:00,56.939998626708984,57.5,56.5,57.09000015258789,54.86930847167969,408700,0.0,0.0
2016-02-02 00:00:00-05:00,56.70000076293945,56.97999954223633,56.119998931884766,56.880001068115234,54.66746520996094,255700,0.0,0.0
2016-02-03 00:00:00-05:00,57.27000045776367,57.27000045776367,55.93000030517578,56.86000061035156,54.648250579833984,238600,0.0,0.0
2016-02-04 00:00:00-05:00,56.66999816894531,56.810001373291016,55.72999954223633,56.040000915527344,53.86014938354492,207400,0.0,0.0
2016-02-05 00:00:00-05:00,55.84000015258789,55.84000015258789,54.56999969482422,54.65999984741211,52.5338249206543,314600,0.0,0.0
2016-02-08 00:00:00-05:00,54.25,56.06999969482422,53.880001068115234,55.79999923706055,53.62948226928711,431600,0.0,0.0
2016-02-09 00:00:00-05:00,55.33000183105469,56.47999954223633,55.27000045776367,55.540000915527344,53.37958908081055,345700,0.0,0.0
2016-02-10 00:00:00-05:00,55.970001220703125,57.0,55.599998474121094,55.65999984741211,53.49494934082031,230900,0.0,0.0
2016-02-11 00:00:00-05:00,54.959999084472656,56.08000183105469,54.22999954223633,54.63999938964844,52.51461410522461,522300,0.0,0.0
2016-02-12 00:00:00-05:00,55.06999969482422,55.279998779296875,54.560001373291016,55.18000030517578,53.03361129760742,224500,0.0,0.0
2016-02-16 00:00:00-05:00,55.720001220703125,56.619998931884766,55.400001525878906,56.310001373291016,54.119651794433594,209400,0.0,0.0
2016-02-17 00:00:00-05:00,56.599998474121094,57.029998779296875,56.31999969482422,56.869998931884766,54.65787124633789,415000,0.0,0.0
2016-02-18 00:00:00-05:00,56.40999984741211,57.25,55.22999954223633,56.189998626708984,54.00432205200195,560500,0.0,0.0
2016-02-19 00:00:00-05:00,56.189998626708984,59.25,56.0099983215332,59.209999084472656,56.90684509277344,579100,0.0,0.0
2016-02-22 00:00:00-05:00,59.5,59.93000030517578,58.5,59.45000076293945,57.13750457763672,389600,0.0,0.0
2016-02-23 00:00:00-05:00,59.400001525878906,59.869998931884766,58.689998626708984,59.63999938964844,57.32011795043945,329800,0.0,0.0
2016-02-24 00:00:00-05:00,59.29999923706055,61.90999984741211,59.0099983215332,61.7400016784668,59.33843231201172,592300,0.0,0.0
2016-02-25 00:00:00-05:00,61.810001373291016,62.54999923706055,61.599998474121094,62.5,60.06886291503906,455700,0.0,0.0
2016-02-26 00:00:00-05:00,62.77000045776367,63.290000915527344,62.290000915527344,62.90999984741211,60.462913513183594,386400,0.0,0.0
2016-02-29 00:00:00-05:00,62.75,62.86000061035156,61.97999954223633,62.02000045776367,59.607540130615234,431800,0.0,0.0
2016-03-01 00:00:00-05:00,62.310001373291016,63.70000076293945,61.939998626708984,63.599998474121094,61.12609100341797,373200,0.0,0.0
2016-03-02 00:00:00-05:00,63.619998931884766,64.11000061035156,63.11000061035156,63.81999969482422,61.33753204345703,296100,0.0,0.0
2016-03-03 00:00:00-05:00,63.68000030517578,64.16000366210938,63.5099983215332,64.1500015258789,61.65469741821289,262300,0.0,0.0
2016-03-04 00:00:00-05:00,64.12999725341797,64.69000244140625,63.79999923706055,64.5,61.99105453491211,311300,0.0,0.0
2016-03-07 00:00:00-05:00,64.29000091552734,64.86000061035156,64.25,64.86000061035156,62.33708572387695,283100,0.0,0.0
2016-03-08 00:00:00-05:00,64.44999694824219,64.97000122070312,63.869998931884766,63.939998626708984,61.452857971191406,282400,0.0,0.0
2016-03-09 00:00:00-05:00,64.23999786376953,64.66000366210938,63.68000030517578,64.16000366210938,61.66431427001953,358100,0.0,0.0
2016-03-10 00:00:00-05:00,64.20999908447266,64.55000305175781,63.25,63.88999938964844,61.404808044433594,188500,0.0,0.0
2016-03-11 00:00:00-05:00,64.25,65.18000030517578,62.650001525878906,65.12000274658203,62.58696365356445,260200,0.0,0.0
2016-03-14 00:00:00-04:00,65.0999984741211,65.54000091552734,64.7699966430664,64.86000061035156,62.33708572387695,276000,0.0,0.0
2016-03-15 00:00:00-04:00,64.33999633789062,65.27999877929688,64.33999633789062,64.66999816894531,62.154449462890625,212100,0.0,0.0
2016-03-16 00:00:00-04:00,64.33999633789062,65.3499984741211,64.33999633789062,64.69999694824219,62.183284759521484,286600,0.0,0.0
2016-03-17 00:00:00-04:00,64.54000091552734,64.95999908447266,63.36000061035156,64.75,62.231346130371094,232300,0.0,0.0
2016-03-18 00:00:00-04:00,64.80000305175781,65.63999938964844,64.5,65.4800033569336,62.932952880859375,597200,0.0,0.0
2016-03-21 00:00:00-04:00,65.2300033569336,65.52999877929688,65.08999633789062,65.4000015258789,62.85609436035156,247300,0.0,0.0
2016-03-22 00:00:00-04:00,65.25,66.58000183105469,65.25,66.37000274658203,63.78834533691406,253200,0.0,0.0
2016-03-23 00:00:00-04:00,66.29000091552734,66.43000030517578,65.19000244140625,65.37000274658203,62.82722091674805,418100,0.0,0.0
2016-03-24 00:00:00-04:00,65.1500015258789,65.41000366210938,64.75,65.3499984741211,62.80802917480469,147300,0.0,0.0
2016-03-28 00:00:00-04:00,65.68000030517578,66.5199966430664,65.38999938964844,66.44000244140625,63.85560607910156,194300,0.0,0.0
2016-03-29 00:00:00-04:00,66.5199966430664,68.91999816894531,66.5199966430664,68.87000274658203,66.19108581542969,500900,0.0,0.0
2016-03-30 00:00:00-04:00,69.12999725341797,69.12999725341797,68.01000213623047,68.45999908447266,65.79705047607422,503500,0.0,0.0
2016-03-31 00:00:00-04:00,68.25,69.58999633789062,68.22000122070312,69.31999969482422,66.62358856201172,577300,0.0,0.0
2016-04-01 00:00:00-04:00,68.95999908447266,70.61000061035156,68.69999694824219,70.56999969482422,67.82492065429688,403700,0.0,0.0
2016-04-04 00:00:00-04:00,70.62999725341797,70.95999908447266,69.77999877929688,69.97000122070312,67.24829864501953,509700,0.0,0.0
2016-04-05 00:00:00-04:00,69.51000213623047,70.13999938964844,69.23999786376953,69.37999725341797,66.68125915527344,355000,0.0,0.0
2016-04-06 00:00:00-04:00,69.29000091552734,69.95999908447266,68.45999908447266,69.81999969482422,67.1041259765625,385700,0.0,0.0
2016-04-07 00:00:00-04:00,69.47000122070312,69.48999786376953,68.68000030517578,68.88999938964844,66.21031188964844,492600,0.0,0.0
2016-04-08 00:00:00-04:00,69.2300033569336,69.5,68.75,69.30000305175781,66.60435485839844,307900,0.0,0.0
2016-04-11 00:00:00-04:00,69.44000244140625,69.83000183105469,68.41999816894531,68.66999816894531,65.99886322021484,311000,0.0,0.0
2016-04-12 00:00:00-04:00,68.62999725341797,70.16000366210938,68.61000061035156,70.11000061035156,67.38287353515625,227400,0.0,0.0
2016-04-13 00:00:00-04:00,70.63999938964844,71.44000244140625,70.30999755859375,71.01000213623047,68.24787902832031,451400,0.0,0.0
2016-04-14 00:00:00-04:00,71.29000091552734,71.36000061035156,70.87000274658203,71.13999938964844,68.37281036376953,379600,0.0,0.0
2016-04-15 00:00:00-04:00,71.06999969482422,71.41000366210938,70.5199966430664,71.30000305175781,68.52656555175781,240400,0.0,0.0
2016-04-18 00:00:00-04:00,71.19999694824219,71.61000061035156,70.55000305175781,71.58999633789062,68.92127990722656,244500,0.12,0.0
2016-04-19 00:00:00-04:00,71.83999633789062,72.02999877929688,71.18000030517578,71.95999908447266,69.27750396728516,318800,0.0,0.0
2016-04-20 00:00:00-04:00,71.9800033569336,72.30999755859375,71.19000244140625,71.94999694824219,69.26785278320312,196800,0.0,0.0
2016-04-21 00:00:00-04:00,71.93000030517578,72.54000091552734,71.4800033569336,71.7699966430664,69.09456634521484,268600,0.0,0.0
2016-04-22 00:00:00-04:00,71.55000305175781,72.51000213623047,71.5,72.37000274658203,69.6722183227539,309100,0.0,0.0
2016-04-25 00:00:00-04:00,72.36000061035156,72.41999816894531,71.81999969482422,72.2699966430664,69.57591247558594,260300,0.0,0.0
2016-04-26 00:00:00-04:00,72.26000213623047,72.45999908447266,71.36000061035156,71.94999694824219,69.26785278320312,430600,0.0,0.0
2016-04-27 00:00:00-04:00,72.1500015258789,72.48999786376953,71.5199966430664,72.0999984741211,69.41224670410156,465000,0.0,0.0
2016-04-28 00:00:00-04:00,72.16000366210938,73.4000015258789,71.19999694824219,72.2699966430664,69.57591247558594,298600,0.0,0.0
2016-04-29 00:00:00-04:00,72.16000366210938,72.16000366210938,70.30999755859375,71.19999694824219,68.54581451416016,507500,0.0,0.0
2016-05-02 00:00:00-04:00,71.5199966430664,71.88999938964844,70.91999816894531,71.8499984741211,69.17158508300781,333200,0.0,0.0
2016-05-03 00:00:00-04:00,71.47000122070312,71.79000091552734,70.48999786376953,70.7300033569336,68.09332275390625,250500,0.0,0.0
2016-05-04 00:00:00-04:00,70.19000244140625,70.22000122070312,69.5999984741211,70.01000213623047,67.40018463134766,255100,0.0,0.0
2016-05-05 00:00:00-04:00,69.76000213623047,70.9000015258789,69.76000213623047,70.69000244140625,68.05484771728516,283000,0.0,0.0
2016-05-06 00:00:00-04:00,70.41999816894531,70.6500015258789,69.79000091552734,70.38999938964844,67.76602935791016,323500,0.0,0.0
2016-05-09 00:00:00-04:00,70.36000061035156,71.45999908447266,70.01000213623047,71.25,68.59395599365234,315400,0.0,0.0
2016-05-10 00:00:00-04:00,71.61000061035156,71.83000183105469,70.95999908447266,71.83000183105469,69.1523666381836,247000,0.0,0.0
2016-05-11 00:00:00-04:00,72.13999938964844,72.51000213623047,71.33000183105469,72.27999877929688,69.58555603027344,339900,0.0,0.0
2016-05-12 00:00:00-04:00,72.12000274658203,72.12000274658203,70.58999633789062,71.2699966430664,68.61321258544922,278900,0.0,0.0
2016-05-13 00:00:00-04:00,71.19000244140625,71.81999969482422,70.83000183105469,71.66000366210938,68.98867797851562,263700,0.0,0.0
2016-05-16 00:00:00-04:00,71.56999969482422,73.55999755859375,70.97000122070312,73.23999786376953,70.5097885131836,517600,0.0,0.0
2016-05-17 00:00:00-04:00,73.1500015258789,73.62000274658203,71.01000213623047,71.12999725341797,68.47844696044922,556000,0.0,0.0
2016-05-18 00:00:00-04:00,70.80000305175781,71.75,70.62999725341797,71.19999694824219,68.54581451416016,307400,0.0,0.0
2016-05-19 00:00:00-04:00,70.69999694824219,71.80000305175781,70.6500015258789,71.26000213623047,68.60359954833984,231000,0.0,0.0
2016-05-20 00:00:00-04:00,71.62999725341797,72.80000305175781,71.30999755859375,72.7300033569336,70.018798828125,589500,0.0,0.0
2016-05-23 00:00:00-04:00,73.05000305175781,73.43000030517578,72.2300033569336,72.30000305175781,69.60482025146484,282700,0.0,0.0
2016-05-24 00:00:00-04:00,72.61000061035156,74.22000122070312,72.55999755859375,74.02999877929688,71.27033233642578,387700,0.0,0.0
2016-05-25 00:00:00-04:00,74.41000366210938,74.69000244140625,73.19999694824219,73.80000305175781,71.04891967773438,298200,0.0,0.0
2016-05-26 00:00:00-04:00,73.76000213623047,74.13999938964844,73.4000015258789,73.69999694824219,70.9526138305664,203000,0.0,0.0
2016-05-27 00:00:00-04:00,74.0,74.58000183105469,73.75,74.58000183105469,71.7998275756836,200200,0.0,0.0
2016-05-31 00:00:00-04:00,74.56999969482422,75.2300033569336,74.30000305175781,75.08000183105469,72.28119659423828,346800,0.0,0.0
2016-06-01 00:00:00-04:00,74.80000305175781,75.51000213623047,74.2699966430664,75.19000244140625,72.38707733154297,311400,0.0,0.0
2016-06-02 00:00:00-04:00,75.01000213623047,75.7300033569336,74.76000213623047,75.7300033569336,72.90692901611328,212400,0.0,0.0
2016-06-03 00:00:00-04:00,75.80999755859375,75.97000122070312,74.91999816894531,75.25,72.44483947753906,248700,0.0,0.0
2016-06-06 00:00:00-04:00,75.11000061035156,75.66999816894531,74.66000366210938,75.37999725341797,72.56999969482422,321700,0.0,0.0
2016-06-07 00:00:00-04:00,75.38999938964844,76.48999786376953,75.33000183105469,76.2699966430664,73.42681121826172,271100,0.0,0.0
2016-06-08 00:00:00-04:00,76.22000122070312,77.26000213623047,75.83000183105469,77.06999969482422,74.1969985961914,309700,0.0,0.0
2016-06-09 00:00:00-04:00,77.05999755859375,77.70999908447266,77.05999755859375,77.41999816894531,74.53396606445312,252700,0.0,0.0
2016-06-10 00:00:00-04:00,77.08000183105469,77.22000122070312,76.4000015258789,76.62999725341797,73.77340698242188,285800,0.0,0.0
2016-06-13 00:00:00-04:00,76.41000366210938,76.83999633789062,75.72000122070312,75.83000183105469,73.00323486328125,429100,0.0,0.0
2016-06-14 00:00:00-04:00,75.79000091552734,75.79000091552734,75.02999877929688,75.37999725341797,72.56999969482422,463400,0.0,0.0
2016-06-15 00:00:00-04:00,75.4000015258789,75.87999725341797,74.73999786376953,74.88999938964844,72.09825897216797,351000,0.0,0.0
2016-06-16 00:00:00-04:00,74.43000030517578,75.08000183105469,74.12999725341797,75.04000091552734,72.24266052246094,290400,0.0,0.0
2016-06-17 00:00:00-04:00,75.51000213623047,75.51000213623047,73.58999633789062,73.88999938964844,71.13554382324219,876600,0.0,0.0
2016-06-20 00:00:00-04:00,73.94000244140625,75.0999984741211,73.94000244140625,74.8499984741211,72.05976104736328,533300,0.0,0.0
2016-06-21 00:00:00-04:00,74.83000183105469,75.76000213623047,74.06999969482422,74.63999938964844,71.85758209228516,460900,0.0,0.0
2016-06-22 00:00:00-04:00,74.87000274658203,75.54000091552734,74.30999755859375,75.12999725341797,72.32933807373047,382000,0.0,0.0
2016-06-23 00:00:00-04:00,75.58999633789062,75.87000274658203,74.88999938964844,75.76000213623047,72.93585205078125,636000,0.0,0.0
2016-06-24 00:00:00-04:00,72.4800033569336,74.19000244140625,72.4800033569336,72.8499984741211,70.13430786132812,6119900,0.0,0.0
2016-06-27 00:00:00-04:00,72.45999908447266,72.87999725341797,71.2300033569336,71.58999633789062,68.92127990722656,634200,0.0,0.0
2016-06-28 00:00:00-04:00,72.08999633789062,74.1500015258789,71.9000015258789,74.04000091552734,71.2799301147461,479700,0.0,0.0
2016-06-29 00:00:00-04:00,74.75,75.0,74.02999877929688,74.27999877929688,71.5110092163086,448800,0.0,0.0
2016-06-30 00:00:00-04:00,74.56999969482422,75.9000015258789,74.22000122070312,75.87999725341797,73.05136108398438,618500,0.0,0.0
2016-07-01 00:00:00-04:00,75.94999694824219,76.91000366210938,75.94000244140625,76.63999938964844,73.78304290771484,350300,0.0,0.0
2016-07-05 00:00:00-04:00,76.4000015258789,76.91999816894531,75.79000091552734,75.88999938964844,73.06098937988281,453100,0.0,0.0
2016-07-06 00:00:00-04:00,75.27999877929688,76.12000274658203,75.23999786376953,75.97000122070312,73.13800048828125,672700,0.0,0.0
2016-07-07 00:00:00-04:00,76.0,76.54000091552734,75.80999755859375,76.30000305175781,73.4556884765625,306700,0.0,0.0
2016-07-08 00:00:00-04:00,76.75,77.80000305175781,76.20999908447266,77.27999877929688,74.39915466308594,258700,0.0,0.0
2016-07-11 00:00:00-04:00,75.94000244140625,78.30999755859375,75.94000244140625,77.7300033569336,74.8324203491211,588200,0.0,0.0
2016-07-12 00:00:00-04:00,77.77999877929688,78.87000274658203,77.63999938964844,78.56999969482422,75.64110565185547,526000,0.0,0.0
2016-07-13 00:00:00-04:00,78.52999877929688,79.0,77.87999725341797,77.91999816894531,75.01532745361328,522600,0.0,0.0
2016-07-14 00:00:00-04:00,78.5,78.91999816894531,77.8499984741211,78.29000091552734,75.37155151367188,289500,0.0,0.0
2016-07-15 00:00:00-04:00,78.31999969482422,78.66000366210938,77.75,77.79000091552734,74.89017486572266,196400,0.0,0.0
2016-07-18 00:00:00-04:00,77.68000030517578,78.18000030517578,77.16999816894531,77.44999694824219,74.67804718017578,234200,0.12,0.0
2016-07-19 00:00:00-04:00,77.25,77.69999694824219,77.16999816894531,77.44000244140625,74.66838836669922,273600,0.0,0.0
2016-07-20 00:00:00-04:00,78.2300033569336,78.9000015258789,77.93000030517578,78.4800033569336,75.67118835449219,344200,0.0,0.0
2016-07-21 00:00:00-04:00,78.52999877929688,78.91999816894531,77.12999725341797,77.41000366210938,74.63946533203125,199300,0.0,0.0
2016-07-22 00:00:00-04:00,77.51000213623047,78.29000091552734,77.18000030517578,78.0199966430664,75.22763061523438,246200,0.0,0.0
2016-07-25 00:00:00-04:00,77.9800033569336,77.9800033569336,77.12000274658203,77.5,74.72625732421875,276900,0.0,0.0
2016-07-26 00:00:00-04:00,77.4800033569336,78.0999984741211,77.0,78.05999755859375,75.2662124633789,214000,0.0,0.0
2016-07-27 00:00:00-04:00,78.08000183105469,78.55999755859375,77.6500015258789,78.43000030517578,75.62298583984375,277800,0.0,0.0
2016-07-28 00:00:00-04:00,78.0199966430664,80.61000061035156,77.01000213623047,80.0,77.13677978515625,504300,0.0,0.0
2016-07-29 00:00:00-04:00,79.95999908447266,81.12999725341797,79.93000030517578,80.27999877929688,77.4067611694336,377700,0.0,0.0
2016-08-01 00:00:00-04:00,80.45999908447266,81.13999938964844,80.30000305175781,80.94999694824219,78.0527572631836,300400,0.0,0.0
2016-08-02 00:00:00-04:00,80.7699966430664,81.19999694824219,80.2300033569336,80.80999755859375,77.91776275634766,277300,0.0,0.0
2016-08-03 00:00:00-04:00,80.72000122070312,80.98999786376953,80.44999694824219,80.95999908447266,78.0624008178711,185600,0.0,0.0
2016-08-04 00:00:00-04:00,81.16000366210938,81.86000061035156,80.75,81.5,78.58306121826172,277200,0.0,0.0
2016-08-05 00:00:00-04:00,81.87000274658203,81.97000122070312,81.45999908447266,81.7300033569336,78.80484771728516,171900,0.0,0.0
2016-08-08 00:00:00-04:00,81.58000183105469,81.58000183105469,80.41999816894531,80.63999938964844,77.75386810302734,170200,0.0,0.0
2016-08-09 00:00:00-04:00,80.87000274658203,81.45999908447266,80.83000183105469,81.33000183105469,78.41915130615234,131600,0.0,0.0
2016-08-10 00:00:00-04:00,81.44000244140625,82.05000305175781,80.79000091552734,81.5999984741211,78.67948150634766,260700,0.0,0.0
2016-08-11 00:00:00-04:00,81.80999755859375,82.02999877929688,81.30000305175781,81.38999938964844,78.47702026367188,196400,0.0,0.0
2016-08-12 00:00:00-04:00,81.05999755859375,81.23999786376953,80.19999694824219,81.0,78.10099029541016,223700,0.0,0.0
2016-08-15 00:00:00-04:00,81.18000030517578,81.5999984741211,81.12999725341797,81.18000030517578,78.2745590209961,177100,0.0,0.0
2016-08-16 00:00:00-04:00,81.04000091552734,81.04000091552734,80.12999725341797,80.20999908447266,77.33924865722656,185600,0.0,0.0
2016-08-17 00:00:00-04:00,80.4000015258789,80.4000015258789,79.58999633789062,80.12000274658203,77.25247955322266,321700,0.0,0.0
2016-08-18 00:00:00-04:00,80.19000244140625,81.1500015258789,80.02999877929688,81.12999725341797,78.22633361816406,138200,0.0,0.0
2016-08-19 00:00:00-04:00,80.75,81.83000183105469,80.75,81.76000213623047,78.83378601074219,369500,0.0,0.0
2016-08-22 00:00:00-04:00,81.81999969482422,81.81999969482422,80.83000183105469,81.55999755859375,78.64091491699219,139900,0.0,0.0
2016-08-23 00:00:00-04:00,82.0999984741211,82.27999877929688,81.33999633789062,81.33999633789062,78.42884826660156,168400,0.0,0.0
2016-08-24 00:00:00-04:00,81.48999786376953,81.73999786376953,80.87000274658203,81.05999755859375,78.15882873535156,249200,0.0,0.0
2016-08-25 00:00:00-04:00,80.83999633789062,81.4800033569336,80.72000122070312,81.05000305175781,78.14920043945312,299900,0.0,0.0
2016-08-26 00:00:00-04:00,81.12000274658203,81.87999725341797,80.66999816894531,81.55999755859375,78.64091491699219,186000,0.0,0.0
2016-08-29 00:00:00-04:00,81.66999816894531,82.91999816894531,81.51000213623047,82.61000061035156,79.65336608886719,272600,0.0,0.0
2016-08-30 00:00:00-04:00,82.41999816894531,82.75,82.08000183105469,82.44999694824219,79.49908447265625,165100,0.0,0.0
2016-08-31 00:00:00-04:00,82.5199966430664,82.93000030517578,81.66999816894531,81.83000183105469,78.90128326416016,331600,0.0,0.0
2016-09-01 00:00:00-04:00,82.06999969482422,82.1500015258789,81.4000015258789,81.7300033569336,78.80484771728516,276500,0.0,0.0
2016-09-02 00:00:00-04:00,82.08999633789062,84.05000305175781,82.08999633789062,84.02999877929688,81.02252960205078,329900,0.0,0.0
2016-09-06 00:00:00-04:00,83.58999633789062,84.08999633789062,83.12999725341797,83.5,80.5114974975586,300200,0.0,0.0
2016-09-07 00:00:00-04:00,83.41999816894531,84.33000183105469,83.0,83.44999694824219,80.46327209472656,218100,0.0,0.0
2016-09-08 00:00:00-04:00,83.04000091552734,83.56999969482422,82.45999908447266,82.51000213623047,79.55695343017578,137100,0.0,0.0
2016-09-09 00:00:00-04:00,82.08999633789062,82.2300033569336,80.16999816894531,80.19000244140625,77.31998443603516,271700,0.0,0.0
2016-09-12 00:00:00-04:00,80.83999633789062,82.43000030517578,80.33000183105469,82.33999633789062,79.39301300048828,383700,0.0,0.0
2016-09-13 00:00:00-04:00,81.81999969482422,82.04000091552734,80.0199966430664,80.1500015258789,77.28140258789062,278500,0.0,0.0
2016-09-14 00:00:00-04:00,80.44000244140625,80.94999694824219,80.08999633789062,80.76000213623047,77.86957550048828,245800,0.0,0.0
2016-09-15 00:00:00-04:00,80.83000183105469,83.19999694824219,80.33999633789062,82.5,79.54730987548828,286100,0.0,0.0
2016-09-16 00:00:00-04:00,82.33999633789062,82.36000061035156,81.33000183105469,81.38999938964844,78.47702026367188,494400,0.0,0.0
2016-09-19 00:00:00-04:00,81.48999786376953,82.33000183105469,81.22000122070312,81.31999969482422,78.4095230102539,239200,0.0,0.0
2016-09-20 00:00:00-04:00,82.0,82.11000061035156,81.30999755859375,81.31999969482422,78.4095230102539,370900,0.0,0.0
2016-09-21 00:00:00-04:00,77.93000030517578,78.91000366210938,73.97000122070312,74.97000122070312,72.28680419921875,1593300,0.0,0.0
2016-09-22 00:00:00-04:00,75.19000244140625,75.19000244140625,74.16000366210938,74.62000274658203,71.9493408203125,1061800,0.0,0.0
2016-09-23 00:00:00-04:00,74.5999984741211,74.5999984741211,72.55000305175781,72.55000305175781,69.95341491699219,1166900,0.0,0.0
2016-09-26 00:00:00-04:00,71.91999816894531,72.12999725341797,71.2300033569336,71.79000091552734,69.22063446044922,608400,0.0,0.0
2016-09-27 00:00:00-04:00,72.12000274658203,73.66000366210938,71.61000061035156,73.51000213623047,70.87904357910156,532100,0.0,0.0
2016-09-28 00:00:00-04:00,73.26000213623047,74.79000091552734,73.26000213623047,74.76000213623047,72.08430480957031,581500,0.0,0.0
2016-09-29 00:00:00-04:00,74.73999786376953,74.73999786376953,73.48999786376953,73.73999786376953,71.100830078125,568800,0.0,0.0
2016-09-30 00:00:00-04:00,73.7300033569336,74.80000305175781,73.44000244140625,74.5,71.8336410522461,440100,0.0,0.0
2016-10-03 00:00:00-04:00,74.13999938964844,74.69999694824219,73.3499984741211,74.4800033569336,71.81432342529297,390800,0.0,0.0
2016-10-04 00:00:00-04:00,74.72000122070312,74.80999755859375,73.08999633789062,73.25,70.62834930419922,296900,0.0,0.0
2016-10-05 00:00:00-04:00,73.36000061035156,74.69000244140625,73.18000030517578,73.97000122070312,71.32260131835938,440400,0.0,0.0
2016-10-06 00:00:00-04:00,73.76000213623047,74.91999816894531,73.3499984741211,74.91000366210938,72.22894287109375,429900,0.0,0.0
2016-10-07 00:00:00-04:00,74.80000305175781,75.68000030517578,74.79000091552734,75.44000244140625,72.74000549316406,675200,0.0,0.0
2016-10-10 00:00:00-04:00,75.58999633789062,76.63999938964844,75.55999755859375,75.5999984741211,72.89424133300781,182200,0.0,0.0
2016-10-11 00:00:00-04:00,75.44000244140625,75.44000244140625,73.63999938964844,74.16999816894531,71.51542663574219,561400,0.0,0.0
2016-10-12 00:00:00-04:00,74.41000366210938,74.41000366210938,73.56999969482422,73.94999694824219,71.30331420898438,361400,0.0,0.0
2016-10-13 00:00:00-04:00,73.29000091552734,73.94000244140625,73.0199966430664,73.06999969482422,70.45478057861328,318000,0.0,0.0
2016-10-14 00:00:00-04:00,73.5999984741211,73.79000091552734,72.83000183105469,72.83999633789062,70.2330322265625,238600,0.0,0.0
2016-10-17 00:00:00-04:00,72.55000305175781,72.94999694824219,72.4000015258789,72.61000061035156,70.13643646240234,220200,0.13,0.0
2016-10-18 00:00:00-04:00,73.19000244140625,73.51000213623047,72.88999938964844,72.97000122070312,70.48417663574219,301600,0.0,0.0
2016-10-19 00:00:00-04:00,72.76000213623047,73.18000030517578,72.63999938964844,72.7300033569336,70.25237274169922,389700,0.0,0.0
2016-10-20 00:00:00-04:00,72.55000305175781,73.68000030517578,72.4000015258789,72.48999786376953,70.02052307128906,220800,0.0,0.0
2016-10-21 00:00:00-04:00,72.08999633789062,72.08999633789062,71.58000183105469,71.68000030517578,69.23811340332031,208900,0.0,0.0
2016-10-24 00:00:00-04:00,73.29000091552734,73.29000091552734,72.0199966430664,72.16999816894531,69.71143341064453,144600,0.0,0.0
2016-10-25 00:00:00-04:00,71.91000366210938,71.9800033569336,71.05000305175781,71.12999725341797,68.70687866210938,251000,0.0,0.0
2016-10-26 00:00:00-04:00,70.94999694824219,70.97000122070312,70.16999816894531,70.56999969482422,68.16593933105469,453100,0.0,0.0
2016-10-27 00:00:00-04:00,71.0999984741211,72.98999786376953,70.8499984741211,72.41999816894531,69.95291137695312,633900,0.0,0.0
2016-10-28 00:00:00-04:00,73.23999786376953,73.37000274658203,72.33999633789062,73.30000305175781,70.80294036865234,569300,0.0,0.0
2016-10-31 00:00:00-04:00,73.58000183105469,76.33999633789062,72.76000213623047,76.02999877929688,73.43991088867188,1195700,0.0,0.0
2016-11-01 00:00:00-04:00,75.80000305175781,76.27999877929688,74.0199966430664,74.26000213623047,71.7302474975586,741200,0.0,0.0
2016-11-02 00:00:00-04:00,74.26000213623047,75.55000305175781,74.11000061035156,74.43000030517578,71.89447021484375,442300,0.0,0.0
2016-11-03 00:00:00-04:00,74.55000305175781,75.26000213623047,74.4000015258789,74.6500015258789,72.10692596435547,422700,0.0,0.0
2016-11-04 00:00:00-04:00,74.94999694824219,76.44000244140625,74.47000122070312,75.38999938964844,72.82172393798828,416600,0.0,0.0
2016-11-07 00:00:00-05:00,76.48999786376953,77.79000091552734,76.23999786376953,77.41000366210938,74.7729263305664,845400,0.0,0.0
2016-11-08 00:00:00-05:00,77.33999633789062,78.22000122070312,76.86000061035156,77.56999969482422,74.92749786376953,485700,0.0,0.0
2016-11-09 00:00:00-05:00,75.45999908447266,77.95999908447266,73.69000244140625,77.55999755859375,74.91783142089844,425000,0.0,0.0
2016-11-10 00:00:00-05:00,78.16999816894531,78.58999633789062,77.16999816894531,77.5,74.85987091064453,484100,0.0,0.0
2016-11-11 00:00:00-05:00,77.36000061035156,77.94000244140625,77.08999633789062,77.55000305175781,74.90816497802734,324200,0.0,0.0
2016-11-14 00:00:00-05:00,77.51000213623047,77.83999633789062,76.87000274658203,77.22000122070312,74.58938598632812,464500,0.0,0.0
2016-11-15 00:00:00-05:00,77.23999786376953,79.44999694824219,76.88999938964844,79.30999755859375,76.60820007324219,368600,0.0,0.0
2016-11-16 00:00:00-05:00,79.18000030517578,80.12999725341797,79.02999877929688,79.52999877929688,76.82069396972656,368600,0.0,0.0
2016-11-17 00:00:00-05:00,79.13999938964844,80.52999877929688,78.93000030517578,80.19000244140625,77.45821380615234,242100,0.0,0.0
2016-11-18 00:00:00-05:00,80.0999984741211,80.62999725341797,79.8499984741211,80.13999938964844,77.40991973876953,285300,0.0,0.0
2016-11-21 00:00:00-05:00,80.16999816894531,81.33999633789062,79.79000091552734,80.30999755859375,77.57412719726562,281600,0.0,0.0
2016-11-22 00:00:00-05:00,80.29000091552734,80.66999816894531,79.12000274658203,80.52999877929688,77.78662872314453,269000,0.0,0.0
2016-11-23 00:00:00-05:00,80.41999816894531,81.56999969482422,79.66999816894531,81.5,78.72357940673828,183400,0.0,0.0
2016-11-25 00:00:00-05:00,81.77999877929688,82.16999816894531,81.38999938964844,82.04000091552734,79.24520111083984,83400,0.0,0.0
2016-11-28 00:00:00-05:00,81.54000091552734,82.19000244140625,81.41000366210938,81.68000030517578,78.89747619628906,322300,0.0,0.0
2016-11-29 00:00:00-05:00,82.04000091552734,82.87000274658203,81.66000366210938,82.33999633789062,79.53495788574219,310400,0.0,0.0
2016-11-30 00:00:00-05:00,82.29000091552734,83.20999908447266,81.0999984741211,81.1500015258789,78.385498046875,392900,0.0,0.0
2016-12-01 00:00:00-05:00,81.19999694824219,81.73999786376953,79.44999694824219,79.72000122070312,77.00422668457031,395100,0.0,0.0
2016-12-02 00:00:00-05:00,79.58999633789062,81.30000305175781,79.58999633789062,80.56999969482422,77.82524108886719,306600,0.0,0.0
2016-12-05 00:00:00-05:00,80.87000274658203,82.30000305175781,80.55000305175781,81.45999908447266,78.68494415283203,400700,0.0,0.0
2016-12-06 00:00:00-05:00,81.9000015258789,83.44000244140625,81.36000061035156,83.38999938964844,80.5491943359375,332000,0.0,0.0
2016-12-07 00:00:00-05:00,83.2300033569336,83.86000061035156,82.25,83.4800033569336,80.6361312866211,316000,0.0,0.0
2016-12-08 00:00:00-05:00,83.61000061035156,84.55999755859375,83.2699966430664,84.2300033569336,81.36062622070312,240000,0.0,0.0
2016-12-09 00:00:00-05:00,84.19999694824219,84.9800033569336,83.75,84.20999908447266,81.34127044677734,262400,0.0,0.0
2016-12-12 00:00:00-05:00,83.55000305175781,84.9800033569336,83.55000305175781,84.44999694824219,81.57308197021484,247100,0.0,0.0
2016-12-13 00:00:00-05:00,84.55999755859375,85.5,84.18000030517578,84.4800033569336,81.60206604003906,318200,0.0,0.0
2016-12-14 00:00:00-05:00,84.95999908447266,86.5,84.0999984741211,84.66000366210938,81.77594757080078,226800,0.0,0.0
2016-12-15 00:00:00-05:00,84.7300033569336,85.52999877929688,84.05000305175781,85.30000305175781,82.39414978027344,244500,0.0,0.0
2016-12-16 00:00:00-05:00,85.45999908447266,86.33000183105469,84.5,84.62999725341797,81.7469482421875,664100,0.0,0.0
2016-12-19 00:00:00-05:00,85.04000091552734,85.41000366210938,84.55000305175781,85.01000213623047,82.11402130126953,376800,0.0,0.0
2016-12-20 00:00:00-05:00,84.87000274658203,85.11000061035156,83.69000244140625,84.25,81.37989044189453,367600,0.0,0.0
2016-12-21 00:00:00-05:00,84.1500015258789,85.36000061035156,84.0,84.62000274658203,81.7373046875,278300,0.0,0.0
2016-12-22 00:00:00-05:00,84.7699966430664,84.94000244140625,83.80999755859375,83.91999816894531,81.06117248535156,247800,0.0,0.0
2016-12-23 00:00:00-05:00,84.16000366210938,84.76000213623047,83.61000061035156,84.05000305175781,81.18671417236328,341600,0.0,0.0
2016-12-27 00:00:00-05:00,84.44999694824219,85.54000091552734,84.05999755859375,84.80000305175781,81.91117095947266,250600,0.0,0.0
2016-12-28 00:00:00-05:00,84.69999694824219,85.54000091552734,84.5199966430664,84.75,81.86288452148438,196200,0.0,0.0
2016-12-29 00:00:00-05:00,84.52999877929688,85.58999633789062,84.45999908447266,85.2300033569336,82.32653045654297,211500,0.0,0.0
2016-12-30 00:00:00-05:00,85.69999694824219,85.76000213623047,84.63999938964844,84.83000183105469,81.94014739990234,284100,0.0,0.0
2017-01-03 00:00:00-05:00,84.98999786376953,85.05999755859375,83.76000213623047,84.06999969482422,81.20601654052734,566300,0.0,0.0
2017-01-04 00:00:00-05:00,84.66000366210938,85.5,84.5,85.30000305175781,82.39414978027344,611100,0.0,0.0
2017-01-05 00:00:00-05:00,85.4800033569336,86.25,84.75,85.02999877929688,82.13334655761719,446700,0.0,0.0
2017-01-06 00:00:00-05:00,84.91999816894531,87.02999877929688,84.91999816894531,86.62999725341797,83.67882537841797,458300,0.0,0.0
2017-01-09 00:00:00-05:00,86.8499984741211,87.80000305175781,86.08999633789062,86.83999633789062,83.88167572021484,303800,0.0,0.0
2017-01-10 00:00:00-05:00,86.7699966430664,88.30000305175781,86.3499984741211,87.69999694824219,84.71237182617188,508100,0.0,0.0
2017-01-11 00:00:00-05:00,87.48999786376953,87.5,85.55999755859375,85.97000122070312,83.04132843017578,291500,0.0,0.0
2017-01-12 00:00:00-05:00,85.41000366210938,86.16999816894531,84.94999694824219,86.01000213623047,83.0799789428711,246300,0.0,0.0
2017-01-13 00:00:00-05:00,86.0,86.87000274658203,85.62999725341797,85.87000274658203,83.07026672363281,206900,0.13,0.0
2017-01-17 00:00:00-05:00,85.08000183105469,85.51000213623047,83.8499984741211,84.26000213623047,81.51277160644531,479000,0.0,0.0
2017-01-18 00:00:00-05:00,84.6500015258789,84.79000091552734,83.6500015258789,84.3499984741211,81.59983825683594,337300,0.0,0.0
2017-01-19 00:00:00-05:00,84.12000274658203,84.12000274658203,83.37999725341797,83.72000122070312,80.99038696289062,187400,0.0,0.0
2017-01-20 00:00:00-05:00,83.80999755859375,84.16999816894531,83.30999755859375,83.54000091552734,80.81626892089844,196200,0.0,0.0
2017-01-23 00:00:00-05:00,83.41999816894531,83.79000091552734,81.91000366210938,82.4000015258789,79.71341705322266,414400,0.0,0.0
2017-01-24 00:00:00-05:00,82.87000274658203,84.66000366210938,82.41999816894531,84.30000305175781,81.55148315429688,387800,0.0,0.0
2017-01-25 00:00:00-05:00,84.9000015258789,85.43000030517578,84.22000122070312,84.55000305175781,81.7933349609375,322100,0.0,0.0
2017-01-26 00:00:00-05:00,84.2699966430664,84.41000366210938,83.18000030517578,83.79000091552734,81.05806732177734,244500,0.0,0.0
2017-01-27 00:00:00-05:00,84.0,84.08999633789062,83.51000213623047,83.69999694824219,80.97101593017578,252900,0.0,0.0
2017-01-30 00:00:00-05:00,83.30000305175781,83.61000061035156,82.66999816894531,83.43000030517578,80.70984649658203,211600,0.0,0.0
2017-01-31 00:00:00-05:00,83.58000183105469,84.77999877929688,83.55999755859375,84.62999725341797,81.87069702148438,448400,0.0,0.0
2017-02-01 00:00:00-05:00,85.05000305175781,85.23999786376953,83.9800033569336,84.5,81.74494934082031,292700,0.0,0.0
2017-02-02 00:00:00-05:00,83.91999816894531,85.18000030517578,83.7300033569336,84.54000091552734,81.78363037109375,317700,0.0,0.0
2017-02-03 00:00:00-05:00,85.2300033569336,86.51000213623047,85.2300033569336,86.43000030517578,83.61200714111328,474100,0.0,0.0
2017-02-06 00:00:00-05:00,86.33999633789062,86.33999633789062,85.22000122070312,85.62000274658203,82.8284683227539,266700,0.0,0.0
2017-02-07 00:00:00-05:00,85.98999786376953,86.19999694824219,85.5,85.66000366210938,82.86714172363281,152200,0.0,0.0
2017-02-08 00:00:00-05:00,85.13999938964844,86.01000213623047,84.91999816894531,86.0,83.19602966308594,323800,0.0,0.0
2017-02-09 00:00:00-05:00,86.0,86.4000015258789,84.87000274658203,86.0,83.19602966308594,249900,0.0,0.0
2017-02-10 00:00:00-05:00,85.98999786376953,86.30999755859375,84.6500015258789,85.91000366210938,83.10897064208984,163900,0.0,0.0
2017-02-13 00:00:00-05:00,86.30000305175781,86.81999969482422,85.91999816894531,86.41999816894531,83.60233306884766,368900,0.0,0.0
2017-02-14 00:00:00-05:00,86.2300033569336,87.13999938964844,86.08000183105469,86.93000030517578,84.09571075439453,193500,0.0,0.0
2017-02-15 00:00:00-05:00,86.80000305175781,87.3499984741211,86.61000061035156,86.95999908447266,84.12474060058594,276300,0.0,0.0
2017-02-16 00:00:00-05:00,86.12999725341797,86.12999725341797,81.4000015258789,82.05999755859375,79.38449096679688,973600,0.0,0.0
2017-02-17 00:00:00-05:00,81.33999633789062,83.23999786376953,80.58999633789062,83.12999725341797,80.41960144042969,448300,0.0,0.0
2017-02-21 00:00:00-05:00,82.12000274658203,84.06999969482422,82.12000274658203,83.47000122070312,80.74854278564453,511000,0.0,0.0
2017-02-22 00:00:00-05:00,83.81999969482422,84.16000366210938,83.1500015258789,83.23999786376953,80.52603149414062,321600,0.0,0.0
2017-02-23 00:00:00-05:00,83.48999786376953,83.77999877929688,82.1500015258789,83.7699966430664,81.03878021240234,306200,0.0,0.0
2017-02-24 00:00:00-05:00,83.30000305175781,84.19999694824219,83.30000305175781,84.12999725341797,81.38700866699219,255900,0.0,0.0
2017-02-27 00:00:00-05:00,84.02999877929688,84.08000183105469,83.5999984741211,83.75,81.0193862915039,269300,0.0,0.0
2017-02-28 00:00:00-05:00,83.69000244140625,83.72000122070312,82.44999694824219,82.47000122070312,79.78113555908203,330300,0.0,0.0
2017-03-01 00:00:00-05:00,83.41000366210938,84.83999633789062,83.12000274658203,84.44000244140625,81.6869125366211,514700,0.0,0.0
2017-03-02 00:00:00-05:00,84.33000183105469,84.33000183105469,82.8499984741211,82.94000244140625,80.23579406738281,257900,0.0,0.0
2017-03-03 00:00:00-05:00,82.80999755859375,82.93000030517578,81.69000244140625,81.70999908447266,79.04591369628906,417800,0.0,0.0
2017-03-06 00:00:00-05:00,81.2300033569336,81.7699966430664,81.11000061035156,81.38999938964844,78.73634338378906,318200,0.0,0.0
2017-03-07 00:00:00-05:00,81.16999816894531,81.98999786376953,81.02999877929688,81.19000244140625,78.5428695678711,216600,0.0,0.0
2017-03-08 00:00:00-05:00,81.44000244140625,81.44000244140625,80.3499984741211,80.48999786376953,77.86568450927734,262400,0.0,0.0
2017-03-09 00:00:00-05:00,80.6500015258789,81.52999877929688,80.4800033569336,81.29000091552734,78.63960266113281,390000,0.0,0.0
2017-03-10 00:00:00-05:00,81.6500015258789,81.94999694824219,80.86000061035156,81.37999725341797,78.72665405273438,392300,0.0,0.0
2017-03-13 00:00:00-04:00,81.19000244140625,82.0199966430664,80.98999786376953,81.95999908447266,79.2877426147461,331700,0.0,0.0
2017-03-14 00:00:00-04:00,81.91000366210938,81.91000366210938,81.12999725341797,81.66999816894531,79.00721740722656,216200,0.0,0.0
2017-03-15 00:00:00-04:00,81.97000122070312,83.1500015258789,81.55999755859375,82.94000244140625,80.23579406738281,343000,0.0,0.0
2017-03-16 00:00:00-04:00,83.02999877929688,83.02999877929688,81.5999984741211,82.22000122070312,79.53927612304688,172100,0.0,0.0
2017-03-17 00:00:00-04:00,82.0999984741211,83.20999908447266,81.77999877929688,82.70999908447266,80.01329803466797,500200,0.0,0.0
2017-03-20 00:00:00-04:00,82.70999908447266,83.0199966430664,82.30999755859375,82.6500015258789,79.95527648925781,164700,0.0,0.0
2017-03-21 00:00:00-04:00,82.5999984741211,83.27999877929688,80.0199966430664,80.12999725341797,77.5174331665039,692100,0.0,0.0
2017-03-22 00:00:00-04:00,79.87000274658203,80.08000183105469,79.05999755859375,79.80999755859375,77.20783996582031,443900,0.0,0.0
2017-03-23 00:00:00-04:00,79.80999755859375,80.16000366210938,79.41000366210938,79.58000183105469,76.98535919189453,440000,0.0,0.0
2017-03-24 00:00:00-04:00,79.52999877929688,81.63999938964844,79.52999877929688,81.02999877929688,78.38809967041016,593600,0.0,0.0
2017-03-27 00:00:00-04:00,80.44000244140625,81.48999786376953,80.0199966430664,81.0999984741211,78.45580291748047,257200,0.0,0.0
2017-03-28 00:00:00-04:00,80.97000122070312,81.61000061035156,80.93000030517578,81.4800033569336,78.82342529296875,225900,0.0,0.0
2017-03-29 00:00:00-04:00,81.3499984741211,81.75,81.19000244140625,81.69000244140625,79.02655029296875,142100,0.0,0.0
2017-03-30 00:00:00-04:00,81.6500015258789,82.0199966430664,81.19000244140625,81.94999694824219,79.27810668945312,157400,0.0,0.0
2017-03-31 00:00:00-04:00,81.79000091552734,82.16000366210938,81.20999908447266,81.61000061035156,78.94918060302734,386200,0.0,0.0
2017-04-03 00:00:00-04:00,81.5,82.45999908447266,81.5,81.98999786376953,79.31675720214844,323500,0.0,0.0
2017-04-04 00:00:00-04:00,81.91999816894531,82.05999755859375,80.5,80.81999969482422,78.18492889404297,280000,0.0,0.0
2017-04-05 00:00:00-04:00,80.86000061035156,81.30999755859375,80.12000274658203,80.1500015258789,77.5367660522461,538900,0.0,0.0
2017-04-06 00:00:00-04:00,80.37000274658203,80.38999938964844,79.56999969482422,80.16999816894531,77.5561294555664,224500,0.0,0.0
2017-04-07 00:00:00-04:00,79.79000091552734,80.51000213623047,79.19999694824219,79.55000305175781,76.95633697509766,343200,0.0,0.0
2017-04-10 00:00:00-04:00,79.37000274658203,79.83000183105469,78.45999908447266,79.0199966430664,76.44359588623047,643100,0.0,0.0
2017-04-11 00:00:00-04:00,78.9000015258789,79.87000274658203,78.7699966430664,79.31999969482422,76.73384094238281,636600,0.0,0.0
2017-04-12 00:00:00-04:00,79.33999633789062,79.41000366210938,78.62000274658203,79.16999816894531,76.58869934082031,423900,0.0,0.0
2017-04-13 00:00:00-04:00,79.02999877929688,79.2300033569336,77.97000122070312,78.61000061035156,76.04698944091797,348600,0.0,0.0
2017-04-17 00:00:00-04:00,78.37000274658203,79.41999816894531,78.19999694824219,79.27999877929688,76.8221664428711,354300,0.13,0.0
2017-04-18 00:00:00-04:00,79.30000305175781,80.08000183105469,78.72000122070312,79.8499984741211,77.37452697753906,464300,0.0,0.0
2017-04-19 00:00:00-04:00,80.12000274658203,80.94999694824219,79.80999755859375,80.5999984741211,78.10126495361328,278100,0.0,0.0
2017-04-20 00:00:00-04:00,80.98999786376953,81.95999908447266,80.25,81.87000274658203,79.33189392089844,339300,0.0,0.0
2017-04-21 00:00:00-04:00,81.87999725341797,82.2699966430664,81.55999755859375,81.9000015258789,79.36096954345703,306700,0.0,0.0
2017-04-24 00:00:00-04:00,82.98999786376953,83.0199966430664,82.18000030517578,82.44000244140625,79.88420867919922,232100,0.0,0.0
2017-04-25 00:00:00-04:00,82.91000366210938,83.3499984741211,82.5199966430664,82.87000274658203,80.30088806152344,438300,0.0,0.0
2017-04-26 00:00:00-04:00,83.2699966430664,84.06999969482422,82.6500015258789,84.0,81.3958740234375,626300,0.0,0.0
2017-04-27 00:00:00-04:00,88.0,93.77999877929688,88.0,92.69000244140625,89.81644439697266,1198600,0.0,0.0
2017-04-28 00:00:00-04:00,92.56999969482422,93.5,90.72000122070312,92.02999877929688,89.1768798828125,840700,0.0,0.0
2017-05-01 00:00:00-04:00,92.08999633789062,93.58000183105469,92.08999633789062,93.19999694824219,90.31062316894531,496700,0.0,0.0
2017-05-02 00:00:00-04:00,93.43000030517578,94.5,93.0,94.2699966430664,91.34745025634766,438700,0.0,0.0
2017-05-03 00:00:00-04:00,93.94000244140625,94.5,93.55000305175781,94.37999725341797,91.45407104492188,395800,0.0,0.0
2017-05-04 00:00:00-04:00,94.66000366210938,96.01000213623047,94.0999984741211,95.80999755859375,92.83973693847656,384500,0.0,0.0
2017-05-05 00:00:00-04:00,95.9000015258789,96.87000274658203,95.4000015258789,96.55000305175781,93.55677032470703,306400,0.0,0.0
2017-05-08 00:00:00-04:00,96.55000305175781,96.97000122070312,95.69999694824219,96.23999786376953,93.25640869140625,276500,0.0,0.0
2017-05-09 00:00:00-04:00,96.22000122070312,96.25,95.30000305175781,95.54000091552734,92.5781021118164,425300,0.0,0.0
2017-05-10 00:00:00-04:00,94.91999816894531,95.20999908447266,94.33999633789062,94.88999938964844,91.94823455810547,377000,0.0,0.0
2017-05-11 00:00:00-04:00,94.51000213623047,95.08999633789062,94.01000213623047,94.87999725341797,91.9385757446289,225100,0.0,0.0
2017-05-12 00:00:00-04:00,94.9000015258789,95.16000366210938,94.33999633789062,94.41999816894531,91.4927978515625,243100,0.0,0.0
2017-05-15 00:00:00-04:00,94.06999969482422,95.83000183105469,94.06999969482422,95.55999755859375,92.59746551513672,191500,0.0,0.0
2017-05-16 00:00:00-04:00,95.86000061035156,96.41999816894531,95.25,96.25,93.26609802246094,362900,0.0,0.0
2017-05-17 00:00:00-04:00,96.25,96.6500015258789,94.98999786376953,96.02999877929688,93.05290985107422,363900,0.0,0.0
2017-05-18 00:00:00-04:00,95.6500015258789,96.83000183105469,95.02999877929688,95.08000183105469,92.13237762451172,379000,0.0,0.0
2017-05-19 00:00:00-04:00,95.0999984741211,95.56999969482422,94.66999816894531,95.30999755859375,92.355224609375,219400,0.0,0.0
2017-05-22 00:00:00-04:00,95.30999755859375,96.13999938964844,94.94999694824219,95.58000183105469,92.61688232421875,216000,0.0,0.0
2017-05-23 00:00:00-04:00,95.58000183105469,95.98999786376953,95.0199966430664,95.30000305175781,92.34552764892578,204600,0.0,0.0
2017-05-24 00:00:00-04:00,95.48999786376953,95.83000183105469,94.41999816894531,95.62000274658203,92.65560913085938,212200,0.0,0.0
2017-05-25 00:00:00-04:00,95.8499984741211,96.80000305175781,95.30000305175781,96.47000122070312,93.47925567626953,161400,0.0,0.0
2017-05-26 00:00:00-04:00,96.3499984741211,97.2699966430664,95.87000274658203,97.04000091552734,94.03158569335938,260800,0.0,0.0
2017-05-30 00:00:00-04:00,96.83999633789062,97.58000183105469,96.75,97.36000061035156,94.34168243408203,213400,0.0,0.0
2017-05-31 00:00:00-04:00,97.5,97.93000030517578,96.94000244140625,97.0199966430664,94.0122299194336,226400,0.0,0.0
2017-06-01 00:00:00-04:00,97.44000244140625,99.08000183105469,96.81999969482422,98.88999938964844,95.82423400878906,303700,0.0,0.0
2017-06-02 00:00:00-04:00,99.44000244140625,99.5,98.5199966430664,98.93000030517578,95.8630142211914,230600,0.0,0.0
2017-06-05 00:00:00-04:00,99.16999816894531,99.91000366210938,98.55999755859375,99.20999908447266,96.13432312011719,226700,0.0,0.0
2017-06-06 00:00:00-04:00,98.5999984741211,99.7699966430664,97.29000091552734,99.25,96.17308044433594,316600,0.0,0.0
2017-06-07 00:00:00-04:00,99.77999877929688,99.87000274658203,98.54000091552734,99.44000244140625,96.3572006225586,190500,0.0,0.0
2017-06-08 00:00:00-04:00,99.43000030517578,99.43000030517578,98.44999694824219,98.80999755859375,95.74671936035156,236400,0.0,0.0
2017-06-09 00:00:00-04:00,98.86000061035156,99.29000091552734,96.91999816894531,97.94000244140625,94.90367889404297,269400,0.0,0.0
2017-06-12 00:00:00-04:00,97.66000366210938,97.7300033569336,94.97000122070312,96.08999633789062,93.11104583740234,480100,0.0,0.0
2017-06-13 00:00:00-04:00,96.58000183105469,97.80999755859375,95.7699966430664,97.62999725341797,94.60330200195312,263800,0.0,0.0
2017-06-14 00:00:00-04:00,97.77999877929688,98.41999816894531,96.3499984741211,96.94999694824219,93.94438934326172,207800,0.0,0.0
2017-06-15 00:00:00-04:00,95.9000015258789,96.69000244140625,95.30999755859375,96.23999786376953,93.25640869140625,202400,0.0,0.0
2017-06-16 00:00:00-04:00,95.62999725341797,96.72000122070312,95.05000305175781,95.97000122070312,92.99476623535156,483600,0.0,0.0
2017-06-19 00:00:00-04:00,96.44000244140625,97.0199966430664,95.91999816894531,96.9800033569336,93.97344207763672,263400,0.0,0.0
2017-06-20 00:00:00-04:00,96.69999694824219,97.63999938964844,95.91999816894531,96.06999969482422,93.0916519165039,186900,0.0,0.0
2017-06-21 00:00:00-04:00,96.58000183105469,96.7300033569336,95.76000213623047,96.55999755859375,93.56645965576172,241700,0.0,0.0
2017-06-22 00:00:00-04:00,96.33000183105469,97.08999633789062,96.33000183105469,96.45999908447266,93.46957397460938,190200,0.0,0.0
2017-06-23 00:00:00-04:00,96.80000305175781,96.9000015258789,96.05999755859375,96.41999816894531,93.43079376220703,413000,0.0,0.0
2017-06-26 00:00:00-04:00,96.70999908447266,96.80000305175781,95.75,96.68000030517578,93.68275451660156,234500,0.0,0.0
2017-06-27 00:00:00-04:00,96.45999908447266,96.87000274658203,95.68000030517578,95.79000091552734,92.82038116455078,275700,0.0,0.0
2017-06-28 00:00:00-04:00,95.77999877929688,96.3499984741211,95.12999725341797,96.2300033569336,93.2467041015625,282600,0.0,0.0
2017-06-29 00:00:00-04:00,96.22000122070312,96.7300033569336,93.62000274658203,94.41999816894531,91.4927978515625,337500,0.0,0.0
2017-06-30 00:00:00-04:00,94.30000305175781,94.88999938964844,93.87999725341797,94.5199966430664,91.58970642089844,256800,0.0,0.0
2017-07-03 00:00:00-04:00,94.91999816894531,95.27999877929688,93.37000274658203,93.43000030517578,90.53351593017578,158500,0.0,0.0
2017-07-05 00:00:00-04:00,93.45999908447266,94.43000030517578,93.04000091552734,94.29000091552734,91.36685943603516,212200,0.0,0.0
2017-07-06 00:00:00-04:00,93.37000274658203,94.52999877929688,93.27999877929688,93.7300033569336,90.82421112060547,345000,0.0,0.0
2017-07-07 00:00:00-04:00,94.20999908447266,95.91999816894531,94.20999908447266,95.7300033569336,92.76220703125,200000,0.0,0.0
2017-07-10 00:00:00-04:00,95.56999969482422,95.56999969482422,93.30000305175781,93.37999725341797,90.48504638671875,271400,0.0,0.0
2017-07-11 00:00:00-04:00,93.37999725341797,94.16000366210938,92.97000122070312,93.63999938964844,90.73699188232422,196300,0.0,0.0
2017-07-12 00:00:00-04:00,94.02999877929688,94.93000030517578,94.0,94.08000183105469,91.16332244873047,166400,0.0,0.0
2017-07-13 00:00:00-04:00,94.27999877929688,94.43000030517578,92.58000183105469,93.6500015258789,90.7466812133789,186800,0.0,0.0
2017-07-14 00:00:00-04:00,93.75,94.05000305175781,93.51000213623047,93.62000274658203,90.71761322021484,143300,0.0,0.0
2017-07-17 00:00:00-04:00,93.5,93.81999969482422,92.56999969482422,93.68000030517578,90.90198516845703,157100,0.13,0.0
2017-07-18 00:00:00-04:00,93.30000305175781,93.97000122070312,93.30000305175781,93.86000061035156,91.07664489746094,237600,0.0,0.0
2017-07-19 00:00:00-04:00,93.87999725341797,94.37999725341797,92.44000244140625,94.04000091552734,91.25131225585938,236900,0.0,0.0
2017-07-20 00:00:00-04:00,94.27999877929688,94.31999969482422,93.36000061035156,93.4800033569336,90.70793914794922,168700,0.0,0.0
2017-07-21 00:00:00-04:00,93.47000122070312,93.80000305175781,92.41000366210938,93.0,90.24214172363281,216400,0.0,0.0
2017-07-24 00:00:00-04:00,93.0,93.9800033569336,92.6500015258789,93.93000030517578,91.14459991455078,239000,0.0,0.0
2017-07-25 00:00:00-04:00,94.0,94.55999755859375,93.7699966430664,94.45999908447266,91.65886688232422,442100,0.0,0.0
2017-07-26 00:00:00-04:00,94.30999755859375,94.75,92.58000183105469,92.66999816894531,89.92193603515625,300600,0.0,0.0
2017-07-27 00:00:00-04:00,89.0,94.30999755859375,80.0199966430664,92.26000213623047,89.52410888671875,3065000,0.0,0.0
2017-07-28 00:00:00-04:00,91.25,92.5,88.76000213623047,89.55000305175781,86.89448547363281,790600,0.0,0.0
2017-07-31 00:00:00-04:00,89.86000061035156,89.93000030517578,87.76000213623047,88.69999694824219,86.06964874267578,749200,0.0,0.0
2017-08-01 00:00:00-04:00,89.30000305175781,89.30000305175781,87.44999694824219,87.80000305175781,85.19635772705078,739100,0.0,0.0
2017-08-02 00:00:00-04:00,87.94000244140625,88.13999938964844,86.06999969482422,87.37000274658203,84.77909851074219,569600,0.0,0.0
2017-08-03 00:00:00-04:00,87.37999725341797,88.08999633789062,86.9000015258789,87.51000213623047,84.91496276855469,354000,0.0,0.0
2017-08-04 00:00:00-04:00,87.55999755859375,87.58000183105469,86.04000091552734,86.4000015258789,83.8378677368164,300700,0.0,0.0
2017-08-07 00:00:00-04:00,86.54000091552734,87.12000274658203,86.08000183105469,87.05999755859375,84.47827911376953,450000,0.0,0.0
2017-08-08 00:00:00-04:00,86.68000030517578,87.05999755859375,85.58000183105469,86.70999908447266,84.13867950439453,347100,0.0,0.0
2017-08-09 00:00:00-04:00,86.62000274658203,86.8499984741211,85.72000122070312,86.36000061035156,83.7990493774414,357900,0.0,0.0
2017-08-10 00:00:00-04:00,86.12999725341797,86.12999725341797,84.47000122070312,84.69000244140625,82.17858123779297,366000,0.0,0.0
2017-08-11 00:00:00-04:00,84.52999877929688,85.83000183105469,84.36000061035156,84.93000030517578,82.41146087646484,250000,0.0,0.0
2017-08-14 00:00:00-04:00,85.70999908447266,85.86000061035156,84.94000244140625,85.0999984741211,82.5764389038086,219300,0.0,0.0
2017-08-15 00:00:00-04:00,85.16000366210938,86.25,84.81999969482422,85.41999816894531,82.88694763183594,249900,0.0,0.0
2017-08-16 00:00:00-04:00,85.52999877929688,86.44999694824219,85.2300033569336,85.98999786376953,83.44001007080078,274100,0.0,0.0
2017-08-17 00:00:00-04:00,86.0,86.37000274658203,85.19000244140625,85.30999755859375,82.78016662597656,331900,0.0,0.0
2017-08-18 00:00:00-04:00,85.33000183105469,85.91000366210938,84.27999877929688,85.1500015258789,82.62493133544922,249400,0.0,0.0
2017-08-21 00:00:00-04:00,85.25,85.88999938964844,84.68000030517578,85.27999877929688,82.7510757446289,236100,0.0,0.0
2017-08-22 00:00:00-04:00,85.27999877929688,86.12999725341797,84.98999786376953,85.87000274658203,83.3235855102539,192000,0.0,0.0
2017-08-23 00:00:00-04:00,85.37999725341797,85.37999725341797,84.54000091552734,84.54000091552734,82.03304290771484,242000,0.0,0.0
2017-08-24 00:00:00-04:00,84.97000122070312,85.62999725341797,84.3499984741211,85.61000061035156,83.07128143310547,213200,0.0,0.0
2017-08-25 00:00:00-04:00,85.77999877929688,86.11000061035156,85.41000366210938,85.43000030517578,82.89663696289062,125700,0.0,0.0
2017-08-28 00:00:00-04:00,85.69000244140625,85.69000244140625,84.51000213623047,84.69999694824219,82.18826293945312,340000,0.0,0.0
2017-08-29 00:00:00-04:00,84.3499984741211,85.16999816894531,84.11000061035156,85.08000183105469,82.55702209472656,210800,0.0,0.0
2017-08-30 00:00:00-04:00,84.87999725341797,86.0,84.5999984741211,85.93000030517578,83.38182067871094,140200,0.0,0.0
2017-08-31 00:00:00-04:00,85.93000030517578,87.12999725341797,85.44000244140625,87.04000091552734,84.45889282226562,295300,0.0,0.0
2017-09-01 00:00:00-04:00,87.12000274658203,87.5999984741211,86.26000213623047,87.48999786376953,84.89553833007812,319300,0.0,0.0
2017-09-05 00:00:00-04:00,87.23999786376953,88.01000213623047,86.87000274658203,87.52999877929688,84.93436431884766,520100,0.0,0.0
2017-09-06 00:00:00-04:00,87.83000183105469,89.20999908447266,87.26000213623047,88.91000366210938,86.27342987060547,1255300,0.0,0.0
2017-09-07 00:00:00-04:00,89.0199966430664,89.69000244140625,88.61000061035156,89.2699966430664,86.62276458740234,493000,0.0,0.0
2017-09-08 00:00:00-04:00,89.25,91.83999633789062,88.95999908447266,91.43000030517578,88.71869659423828,690100,0.0,0.0
2017-09-11 00:00:00-04:00,92.20999908447266,92.47000122070312,91.19999694824219,91.33999633789062,88.6313705444336,501200,0.0,0.0
2017-09-12 00:00:00-04:00,91.29000091552734,91.5,90.79000091552734,91.30999755859375,88.60228729248047,285700,0.0,0.0
2017-09-13 00:00:00-04:00,91.12000274658203,91.30999755859375,90.9000015258789,90.98999786376953,88.29176330566406,273300,0.0,0.0
2017-09-14 00:00:00-04:00,90.88999938964844,91.7699966430664,90.41000366210938,91.68000030517578,88.96129608154297,263100,0.0,0.0
2017-09-15 00:00:00-04:00,94.0,96.23999786376953,93.86000061035156,95.91000366210938,93.06584167480469,761400,0.0,0.0
2017-09-18 00:00:00-04:00,95.87999725341797,96.80999755859375,95.11000061035156,96.75,93.88092803955078,367500,0.0,0.0
2017-09-19 00:00:00-04:00,96.69999694824219,96.69999694824219,94.5199966430664,94.55999755859375,91.75590515136719,353000,0.0,0.0
2017-09-20 00:00:00-04:00,94.79000091552734,95.23999786376953,94.02999877929688,94.68000030517578,91.87232208251953,268300,0.0,0.0
2017-09-21 00:00:00-04:00,94.66999816894531,95.0,93.77999877929688,94.12999725341797,91.33866119384766,370200,0.0,0.0
2017-09-22 00:00:00-04:00,94.27999877929688,95.31999969482422,94.19000244140625,95.20999908447266,92.38660430908203,149600,0.0,0.0
2017-09-25 00:00:00-04:00,94.30000305175781,95.43000030517578,94.0199966430664,95.26000213623047,92.43512725830078,193900,0.0,0.0
2017-09-26 00:00:00-04:00,95.48999786376953,95.75,95.12000274658203,95.19999694824219,92.37691497802734,380000,0.0,0.0
2017-09-27 00:00:00-04:00,95.7699966430664,95.94999694824219,94.98999786376953,95.7300033569336,92.89119720458984,247300,0.0,0.0
2017-09-28 00:00:00-04:00,95.62000274658203,96.33999633789062,94.7699966430664,96.30999755859375,93.4540023803711,420300,0.0,0.0
2017-09-29 00:00:00-04:00,96.19999694824219,96.73999786376953,95.91000366210938,96.26000213623047,93.40550231933594,436200,0.0,0.0
2017-10-02 00:00:00-04:00,96.66999816894531,97.25,96.12000274658203,96.56999969482422,93.7062759399414,390900,0.0,0.0
2017-10-03 00:00:00-04:00,96.2699966430664,96.2699966430664,94.38999938964844,94.62000274658203,91.8141098022461,336700,0.0,0.0
2017-10-04 00:00:00-04:00,94.3499984741211,95.0199966430664,93.75,94.98999786376953,92.17313385009766,380300,0.0,0.0
2017-10-05 00:00:00-04:00,95.06999969482422,95.19000244140625,94.16999816894531,94.83999633789062,92.02758026123047,276500,0.0,0.0
2017-10-06 00:00:00-04:00,95.0,96.0,94.70999908447266,95.44999694824219,92.61946868896484,222500,0.0,0.0
2017-10-09 00:00:00-04:00,95.16999816894531,95.31999969482422,93.70999908447266,94.06999969482422,91.2804183959961,178700,0.0,0.0
2017-10-10 00:00:00-04:00,94.08000183105469,94.51000213623047,93.6500015258789,94.51000213623047,91.70735931396484,269600,0.0,0.0
2017-10-11 00:00:00-04:00,94.4800033569336,94.62999725341797,93.69999694824219,93.94999694824219,91.16394805908203,200600,0.0,0.0
2017-10-12 00:00:00-04:00,94.30000305175781,95.18000030517578,93.73999786376953,95.05999755859375,92.24105834960938,459200,0.0,0.0
2017-10-13 00:00:00-04:00,94.83999633789062,95.55999755859375,94.08999633789062,95.16999816894531,92.3478012084961,179300,0.0,0.0
2017-10-16 00:00:00-04:00,94.98999786376953,95.86000061035156,94.7300033569336,95.66999816894531,92.83296203613281,258500,0.0,0.0
2017-10-17 00:00:00-04:00,92.51000213623047,95.02999877929688,89.7699966430664,93.0,90.3743896484375,2153800,0.14,0.0
2017-10-18 00:00:00-04:00,93.04000091552734,93.83000183105469,91.95999908447266,92.41000366210938,89.80106353759766,654000,0.0,0.0
2017-10-19 00:00:00-04:00,92.52999877929688,92.83999633789062,91.33000183105469,92.27999877929688,89.67472839355469,499700,0.0,0.0
2017-10-20 00:00:00-04:00,92.73999786376953,94.02999877929688,92.63999938964844,93.83999633789062,91.19068908691406,327000,0.0,0.0
2017-10-23 00:00:00-04:00,94.02999877929688,94.2699966430664,92.44000244140625,92.51000213623047,89.8982162475586,312200,0.0,0.0
2017-10-24 00:00:00-04:00,92.87999725341797,93.05000305175781,92.18000030517578,92.41000366210938,89.80106353759766,219200,0.0,0.0
2017-10-25 00:00:00-04:00,92.45999908447266,93.05000305175781,91.31999969482422,91.6500015258789,89.0625228881836,710800,0.0,0.0
2017-10-26 00:00:00-04:00,100.0,103.36000061035156,98.13999938964844,100.93000030517578,98.08052062988281,995800,0.0,0.0
2017-10-27 00:00:00-04:00,101.19000244140625,101.58999633789062,100.01000213623047,101.16000366210938,98.30403900146484,616400,0.0,0.0
2017-10-30 00:00:00-04:00,100.80000305175781,101.98999786376953,100.41000366210938,101.3499984741211,98.48865509033203,475900,0.0,0.0
2017-10-31 00:00:00-04:00,101.41000366210938,102.0,100.69999694824219,101.4000015258789,98.53727722167969,546100,0.0,0.0
2017-11-01 00:00:00-04:00,101.3499984741211,101.91999816894531,100.69999694824219,100.88999938964844,98.04164123535156,500000,0.0,0.0
2017-11-02 00:00:00-04:00,100.9000015258789,102.23999786376953,99.98999786376953,100.0,97.17677307128906,317700,0.0,0.0
2017-11-03 00:00:00-04:00,100.0999984741211,101.23999786376953,99.83999633789062,100.94999694824219,98.0999526977539,206800,0.0,0.0
2017-11-06 00:00:00-05:00,100.6500015258789,101.23999786376953,100.06999969482422,100.5999984741211,97.75984191894531,256800,0.0,0.0
2017-11-07 00:00:00-05:00,100.41000366210938,101.27999877929688,100.19000244140625,101.04000091552734,98.1874008178711,197200,0.0,0.0
2017-11-08 00:00:00-05:00,100.87000274658203,101.4000015258789,100.62999725341797,101.23999786376953,98.38177490234375,278700,0.0,0.0
2017-11-09 00:00:00-05:00,101.0,101.70999908447266,100.1500015258789,101.43000030517578,98.56639862060547,326400,0.0,0.0
2017-11-10 00:00:00-05:00,101.19000244140625,101.93000030517578,100.25,101.6500015258789,98.78019714355469,252600,0.0,0.0
2017-11-13 00:00:00-05:00,101.52999877929688,102.16000366210938,100.62000274658203,101.62999725341797,98.76073455810547,269400,0.0,0.0
2017-11-14 00:00:00-05:00,101.3499984741211,101.95999908447266,100.48999786376953,100.8499984741211,98.00277709960938,282200,0.0,0.0
2017-11-15 00:00:00-05:00,100.22000122070312,100.27999877929688,98.30000305175781,98.37000274658203,95.5927963256836,469200,0.0,0.0
2017-11-16 00:00:00-05:00,98.54000091552734,99.55000305175781,97.87000274658203,98.69999694824219,95.9134750366211,370100,0.0,0.0
2017-11-17 00:00:00-05:00,98.44000244140625,99.33999633789062,98.06999969482422,98.95999908447266,96.16610717773438,215500,0.0,0.0
2017-11-20 00:00:00-05:00,99.33999633789062,99.43000030517578,98.36000061035156,99.22000122070312,96.41879272460938,176500,0.0,0.0
2017-11-21 00:00:00-05:00,99.5,100.12999725341797,99.37000274658203,99.79000091552734,96.97270965576172,417600,0.0,0.0
2017-11-22 00:00:00-05:00,100.02999877929688,100.56999969482422,98.43000030517578,98.58000183105469,95.79685974121094,240200,0.0,0.0
2017-11-24 00:00:00-05:00,98.30999755859375,98.83000183105469,97.0,97.45999908447266,94.70846557617188,97800,0.0,0.0
2017-11-27 00:00:00-05:00,97.45999908447266,98.44000244140625,96.91999816894531,97.20999908447266,94.46553802490234,273200,0.0,0.0
2017-11-28 00:00:00-05:00,97.52999877929688,97.7699966430664,95.58000183105469,96.3499984741211,93.62982177734375,446700,0.0,0.0
2017-11-29 00:00:00-05:00,96.76000213623047,100.3499984741211,96.76000213623047,99.87999725341797,97.06016540527344,407700,0.0,0.0
2017-11-30 00:00:00-05:00,100.33000183105469,101.16000366210938,99.4000015258789,99.93000030517578,97.1087417602539,341500,0.0,0.0
2017-12-01 00:00:00-05:00,99.58000183105469,99.79000091552734,96.91000366210938,99.11000061035156,96.31190490722656,288300,0.0,0.0
2017-12-04 00:00:00-05:00,99.7300033569336,100.80999755859375,99.30999755859375,99.38999938964844,96.58397674560547,344600,0.0,0.0
2017-12-05 00:00:00-05:00,99.27999877929688,100.31999969482422,99.08999633789062,99.48999786376953,96.68118286132812,279000,0.0,0.0
2017-12-06 00:00:00-05:00,99.47000122070312,100.54000091552734,99.1500015258789,99.19000244140625,96.38965606689453,250100,0.0,0.0
2017-12-07 00:00:00-05:00,99.3499984741211,99.91999816894531,98.87000274658203,99.61000061035156,96.79781341552734,218700,0.0,0.0
2017-12-08 00:00:00-05:00,99.52999877929688,99.87999725341797,97.79000091552734,99.62999725341797,96.81719207763672,331500,0.0,0.0
2017-12-11 00:00:00-05:00,99.55000305175781,99.6500015258789,98.9800033569336,99.08000183105469,96.28275299072266,175200,0.0,0.0
2017-12-12 00:00:00-05:00,99.26000213623047,99.33999633789062,98.54000091552734,99.0,96.20500946044922,218900,0.0,0.0
2017-12-13 00:00:00-05:00,99.0,99.8499984741211,98.56999969482422,98.73999786376953,95.95233154296875,289200,0.0,0.0
2017-12-14 00:00:00-05:00,98.5199966430664,99.3499984741211,98.11000061035156,98.23999786376953,95.4664535522461,223500,0.0,0.0
2017-12-15 00:00:00-05:00,98.47000122070312,100.02999877929688,98.37999725341797,98.7300033569336,95.942626953125,653800,0.0,0.0
2017-12-18 00:00:00-05:00,99.38999938964844,100.33000183105469,97.81999969482422,98.61000061035156,95.82600402832031,232500,0.0,0.0
2017-12-19 00:00:00-05:00,98.52999877929688,99.8499984741211,98.4000015258789,99.6500015258789,96.83663940429688,272400,0.0,0.0
2017-12-20 00:00:00-05:00,99.62999725341797,100.69999694824219,99.30999755859375,100.30000305175781,97.46830749511719,208100,0.0,0.0
2017-12-21 00:00:00-05:00,100.2699966430664,100.36000061035156,99.37999725341797,99.75,96.9338607788086,248600,0.0,0.0
2017-12-22 00:00:00-05:00,99.97000122070312,100.48999786376953,98.87000274658203,99.54000091552734,96.72978210449219,393200,0.0,0.0
2017-12-26 00:00:00-05:00,99.48999786376953,99.77999877929688,98.97000122070312,99.19000244140625,96.38965606689453,161500,0.0,0.0
2017-12-27 00:00:00-05:00,99.20999908447266,100.19999694824219,98.55999755859375,99.38999938964844,96.58397674560547,156700,0.0,0.0
2017-12-28 00:00:00-05:00,99.66000366210938,99.66000366210938,98.44999694824219,99.0199966430664,96.22443389892578,129100,0.0,0.0
2017-12-29 00:00:00-05:00,99.0199966430664,99.68000030517578,98.62999725341797,98.66999816894531,95.88433837890625,347600,0.0,0.0
2018-01-02 00:00:00-05:00,99.0,99.80999755859375,98.43000030517578,99.5,96.6908950805664,335000,0.0,0.0
2018-01-03 00:00:00-05:00,99.68000030517578,99.9800033569336,99.08999633789062,99.62000274658203,96.8074951171875,194400,0.0,0.0
2018-01-04 00:00:00-05:00,99.87000274658203,100.16000366210938,98.8499984741211,99.58999633789062,96.7783203125,367500,0.0,0.0
2018-01-05 00:00:00-05:00,99.9000015258789,101.33999633789062,99.9000015258789,100.83999633789062,97.99305725097656,156600,0.0,0.0
2018-01-08 00:00:00-05:00,100.80999755859375,101.5999984741211,100.23999786376953,101.41000366210938,98.5469741821289,153900,0.0,0.0
2018-01-09 00:00:00-05:00,101.77999877929688,102.55000305175781,101.30000305175781,102.30999755859375,99.42155456542969,236400,0.0,0.0
2018-01-10 00:00:00-05:00,102.22000122070312,102.22000122070312,99.86000061035156,100.20999908447266,97.38085174560547,190100,0.0,0.0
2018-01-11 00:00:00-05:00,100.05000305175781,100.05000305175781,98.55999755859375,99.08999633789062,96.29244995117188,469700,0.0,0.0
2018-01-12 00:00:00-05:00,99.29000091552734,99.29000091552734,97.44000244140625,97.73999786376953,94.9805908203125,414300,0.0,0.0
2018-01-16 00:00:00-05:00,98.1500015258789,99.30000305175781,97.45999908447266,97.83000183105469,95.06803131103516,335900,0.0,0.0
2018-01-17 00:00:00-05:00,97.91999816894531,100.08999633789062,97.33999633789062,99.36000061035156,96.69320678710938,771800,0.14,0.0
2018-01-18 00:00:00-05:00,99.56999969482422,99.80999755859375,97.63999938964844,98.58999633789062,95.94387817382812,391500,0.0,0.0
2018-01-19 00:00:00-05:00,98.4800033569336,101.12999725341797,98.4800033569336,100.61000061035156,97.90967559814453,351300,0.0,0.0
2018-01-22 00:00:00-05:00,100.11000061035156,100.5199966430664,99.87000274658203,100.27999877929688,97.58853149414062,206700,0.0,0.0
2018-01-23 00:00:00-05:00,100.31999969482422,101.66000366210938,100.0,100.37999725341797,97.68583679199219,372200,0.0,0.0
2018-01-24 00:00:00-05:00,100.30000305175781,100.94999694824219,98.91000366210938,100.30000305175781,97.60799407958984,549800,0.0,0.0
2018-01-25 00:00:00-05:00,100.9000015258789,101.81999969482422,100.2699966430664,101.0199966430664,98.30862426757812,244900,0.0,0.0
2018-01-26 00:00:00-05:00,101.16000366210938,101.72000122070312,100.0,101.5199966430664,98.79521179199219,300700,0.0,0.0
2018-01-29 00:00:00-05:00,101.13999938964844,102.80000305175781,101.0199966430664,102.4000015258789,99.6516342163086,364900,0.0,0.0
2018-01-30 00:00:00-05:00,102.05999755859375,102.20999908447266,100.2300033569336,100.77999877929688,98.0750961303711,313100,0.0,0.0
2018-01-31 00:00:00-05:00,101.69000244140625,102.51000213623047,99.91000366210938,100.19999694824219,97.51067352294922,504300,0.0,0.0
2018-02-01 00:00:00-05:00,100.0,100.87999725341797,99.6500015258789,100.13999938964844,97.45227813720703,277000,0.0,0.0
2018-02-02 00:00:00-05:00,99.8499984741211,100.0999984741211,98.75,98.80999755859375,96.15797424316406,199700,0.0,0.0
2018-02-05 00:00:00-05:00,98.52999877929688,98.75,95.05999755859375,95.2699966430664,92.71299743652344,348500,0.0,0.0
2018-02-06 00:00:00-05:00,93.98999786376953,95.05000305175781,93.16000366210938,94.2699966430664,91.73980712890625,386700,0.0,0.0
2018-02-07 00:00:00-05:00,94.0,94.95999908447266,93.44999694824219,94.20999908447266,91.68142700195312,330400,0.0,0.0
2018-02-08 00:00:00-05:00,94.30999755859375,94.36000061035156,90.11000061035156,90.41999816894531,87.9931411743164,395800,0.0,0.0
2018-02-09 00:00:00-05:00,91.38999938964844,92.48999786376953,89.26000213623047,91.25,88.80087280273438,377100,0.0,0.0
2018-02-12 00:00:00-05:00,91.5199966430664,92.62999725341797,90.62000274658203,91.95999908447266,89.49182891845703,635800,0.0,0.0
2018-02-13 00:00:00-05:00,91.86000061035156,93.08000183105469,91.04000091552734,93.0,90.50391387939453,486200,0.0,0.0
2018-02-14 00:00:00-05:00,92.7699966430664,95.33000183105469,92.19999694824219,95.04000091552734,92.48915100097656,571000,0.0,0.0
2018-02-15 00:00:00-05:00,94.08000183105469,94.08000183105469,87.06999969482422,88.33999633789062,85.968994140625,1038600,0.0,0.0
2018-02-16 00:00:00-05:00,86.61000061035156,87.61000061035156,85.69000244140625,87.44999694824219,85.10287475585938,667100,0.0,0.0
2018-02-20 00:00:00-05:00,87.18000030517578,90.12000274658203,86.66000366210938,89.63999938964844,87.23410034179688,760900,0.0,0.0
2018-02-21 00:00:00-05:00,89.55999755859375,90.4800033569336,87.05999755859375,87.0999984741211,84.76228332519531,511900,0.0,0.0
2018-02-22 00:00:00-05:00,87.41999816894531,87.83000183105469,86.38999938964844,86.76000213623047,84.43140411376953,520900,0.0,0.0
2018-02-23 00:00:00-05:00,87.22000122070312,87.22000122070312,85.86000061035156,86.58000183105469,84.2562255859375,536800,0.0,0.0
2018-02-26 00:00:00-05:00,87.0999984741211,87.30000305175781,86.04000091552734,86.23999786376953,83.92535400390625,375700,0.0,0.0
2018-02-27 00:00:00-05:00,86.47000122070312,87.51000213623047,85.6500015258789,87.2699966430664,84.92768096923828,455400,0.0,0.0
2018-02-28 00:00:00-05:00,87.48999786376953,88.36000061035156,87.16000366210938,87.22000122070312,84.87906646728516,536700,0.0,0.0
2018-03-01 00:00:00-05:00,87.04000091552734,87.12999725341797,85.08999633789062,85.55999755859375,83.26358795166016,248900,0.0,0.0
2018-03-02 00:00:00-05:00,85.0,85.91000366210938,84.7300033569336,85.73999786376953,83.43875122070312,301500,0.0,0.0
2018-03-05 00:00:00-05:00,85.44999694824219,87.48999786376953,85.36000061035156,87.19999694824219,84.85958862304688,227000,0.0,0.0
2018-03-06 00:00:00-05:00,87.30999755859375,89.94000244140625,87.16999816894531,89.68000030517578,87.27300262451172,675300,0.0,0.0
2018-03-07 00:00:00-05:00,89.0999984741211,89.8499984741211,88.69000244140625,88.93000030517578,86.54313659667969,497200,0.0,0.0
2018-03-08 00:00:00-05:00,89.41999816894531,89.83000183105469,88.76000213623047,89.66000366210938,87.25357055664062,252900,0.0,0.0
2018-03-09 00:00:00-05:00,90.0,92.9000015258789,90.0,92.04000091552734,89.56966400146484,530100,0.0,0.0
2018-03-12 00:00:00-04:00,92.2699966430664,92.66999816894531,91.2300033569336,92.01000213623047,89.54047393798828,282200,0.0,0.0
2018-03-13 00:00:00-04:00,92.36000061035156,92.68000030517578,91.04000091552734,92.06999969482422,89.598876953125,583500,0.0,0.0
2018-03-14 00:00:00-04:00,92.38999938964844,92.56999969482422,91.48999786376953,92.16999816894531,89.6961898803711,335200,0.0,0.0
2018-03-15 00:00:00-04:00,92.05999755859375,92.37000274658203,90.93000030517578,91.30999755859375,88.85929107666016,358500,0.0,0.0
2018-03-16 00:00:00-04:00,91.29000091552734,91.44000244140625,90.12000274658203,90.9800033569336,88.53813934326172,505500,0.0,0.0
2018-03-19 00:00:00-04:00,90.9800033569336,91.06999969482422,89.3499984741211,90.04000091552734,87.62334442138672,332400,0.0,0.0
2018-03-20 00:00:00-04:00,90.0199966430664,91.4800033569336,87.68000030517578,90.91000366210938,88.47001647949219,285500,0.0,0.0
2018-03-21 00:00:00-04:00,90.93000030517578,91.19999694824219,89.5999984741211,90.0,87.58444213867188,242200,0.0,0.0
2018-03-22 00:00:00-04:00,89.41000366210938,90.52999877929688,88.83999633789062,88.87999725341797,86.49451446533203,215300,0.0,0.0
2018-03-23 00:00:00-04:00,88.52999877929688,88.52999877929688,86.0199966430664,86.12999725341797,83.81829833984375,423100,0.0,0.0
2018-03-26 00:00:00-04:00,86.91000366210938,87.4000015258789,85.27999877929688,87.4000015258789,85.0542221069336,401900,0.0,0.0
2018-03-27 00:00:00-04:00,87.38999938964844,88.16000366210938,85.80000305175781,86.2699966430664,83.95455169677734,378400,0.0,0.0
2018-03-28 00:00:00-04:00,86.41999816894531,87.43000030517578,85.9800033569336,86.5,84.17835235595703,418200,0.0,0.0
2018-03-29 00:00:00-04:00,86.95999908447266,88.91999816894531,86.55000305175781,88.29000091552734,85.92032623291016,722700,0.0,0.0
2018-04-02 00:00:00-04:00,88.06999969482422,88.2300033569336,84.88999938964844,85.0999984741211,82.81596374511719,402400,0.0,0.0
2018-04-03 00:00:00-04:00,85.36000061035156,85.52999877929688,83.08999633789062,84.06999969482422,81.81359100341797,731000,0.0,0.0
2018-04-04 00:00:00-04:00,83.31999969482422,86.23999786376953,83.31999969482422,85.9000015258789,83.59446716308594,404800,0.0,0.0
2018-04-05 00:00:00-04:00,86.37999725341797,86.58999633789062,84.72000122070312,85.0199966430664,82.73809814453125,406400,0.0,0.0
2018-04-06 00:00:00-04:00,84.79000091552734,85.70999908447266,82.73999786376953,83.31999969482422,81.08372497558594,395300,0.0,0.0
2018-04-09 00:00:00-04:00,83.9000015258789,85.47000122070312,83.33999633789062,84.63999938964844,82.36827087402344,251900,0.0,0.0
2018-04-10 00:00:00-04:00,85.51000213623047,87.5199966430664,85.26000213623047,87.16000366210938,84.82064819335938,357700,0.0,0.0
2018-04-11 00:00:00-04:00,86.61000061035156,87.54000091552734,86.26000213623047,87.33000183105469,84.9861068725586,351100,0.0,0.0
2018-04-12 00:00:00-04:00,87.43000030517578,88.55999755859375,87.13999938964844,88.13999938964844,85.77436828613281,264400,0.0,0.0
2018-04-13 00:00:00-04:00,88.4800033569336,89.38999938964844,88.16999816894531,88.86000061035156,86.47502899169922,445600,0.0,0.0
2018-04-16 00:00:00-04:00,89.0999984741211,90.16999816894531,88.48999786376953,89.5,87.09784698486328,405200,0.0,0.0
2018-04-17 00:00:00-04:00,89.69000244140625,91.5,89.12999725341797,91.16000366210938,88.85231018066406,398000,0.14,0.0
2018-04-18 00:00:00-04:00,90.75,92.80999755859375,90.19999694824219,91.95999908447266,89.63203430175781,709500,0.0,0.0
2018-04-19 00:00:00-04:00,91.62000274658203,92.20999908447266,91.01000213623047,91.76000213623047,89.43709564208984,325900,0.0,0.0
2018-04-20 00:00:00-04:00,91.70999908447266,91.73999786376953,90.87999725341797,91.0199966430664,88.71582794189453,210800,0.0,0.0
2018-04-23 00:00:00-04:00,91.37000274658203,92.0199966430664,90.7300033569336,91.98999786376953,89.66126251220703,177500,0.0,0.0
2018-04-24 00:00:00-04:00,91.95999908447266,92.77999877929688,91.22000122070312,92.0,89.67100524902344,502500,0.0,0.0
2018-04-25 00:00:00-04:00,89.0,89.0,85.5999984741211,88.0199966430664,85.79178619384766,820700,0.0,0.0
2018-04-26 00:00:00-04:00,88.25,90.19000244140625,87.0,90.1500015258789,87.86785125732422,873600,0.0,0.0
2018-04-27 00:00:00-04:00,89.97000122070312,89.97000122070312,88.45999908447266,88.94000244140625,86.68851470947266,1022800,0.0,0.0
2018-04-30 00:00:00-04:00,89.05999755859375,89.83000183105469,88.1500015258789,88.20999908447266,85.9769515991211,528500,0.0,0.0
2018-05-01 00:00:00-04:00,87.87000274658203,88.1500015258789,87.08999633789062,87.76000213623047,85.53833770751953,543100,0.0,0.0
2018-05-02 00:00:00-04:00,87.6500015258789,87.94000244140625,85.5,85.62000274658203,83.45255279541016,514700,0.0,0.0
2018-05-03 00:00:00-04:00,85.5,86.2300033569336,84.91000366210938,86.11000061035156,83.93013000488281,334500,0.0,0.0
2018-05-04 00:00:00-04:00,85.93000030517578,88.58999633789062,85.69999694824219,88.0,85.77227020263672,272900,0.0,0.0
2018-05-07 00:00:00-04:00,88.04000091552734,88.7300033569336,86.83999633789062,87.61000061035156,85.39214324951172,241800,0.0,0.0
2018-05-08 00:00:00-04:00,87.36000061035156,88.27999877929688,87.27999877929688,87.62000274658203,85.40191650390625,213100,0.0,0.0
2018-05-09 00:00:00-04:00,87.7300033569336,88.13999938964844,86.06999969482422,87.9000015258789,85.67481231689453,217100,0.0,0.0
2018-05-10 00:00:00-04:00,88.16000366210938,89.58000183105469,87.87000274658203,89.16999816894531,86.91265869140625,314500,0.0,0.0
2018-05-11 00:00:00-04:00,89.22000122070312,90.12000274658203,88.88999938964844,90.08000183105469,87.79965209960938,261800,0.0,0.0
2018-05-14 00:00:00-04:00,90.1500015258789,91.0,88.93000030517578,90.06999969482422,87.78987121582031,281500,0.0,0.0
2018-05-15 00:00:00-04:00,89.61000061035156,90.0199966430664,88.8499984741211,89.19999694824219,86.94190216064453,209200,0.0,0.0
2018-05-16 00:00:00-04:00,89.4000015258789,90.16000366210938,88.54000091552734,88.8499984741211,86.60076904296875,291400,0.0,0.0
2018-05-17 00:00:00-04:00,88.58000183105469,89.04000091552734,88.04000091552734,88.41999816894531,86.1816635131836,198900,0.0,0.0
2018-05-18 00:00:00-04:00,88.8499984741211,89.63999938964844,88.36000061035156,89.22000122070312,86.96141052246094,313800,0.0,0.0
2018-05-21 00:00:00-04:00,89.7300033569336,90.5,89.66999816894531,90.13999938964844,87.85811614990234,200100,0.0,0.0
2018-05-22 00:00:00-04:00,90.29000091552734,90.6500015258789,89.95999908447266,90.11000061035156,87.82887268066406,163300,0.0,0.0
2018-05-23 00:00:00-04:00,89.8499984741211,90.98999786376953,89.55000305175781,90.87999725341797,88.57937622070312,231200,0.0,0.0
2018-05-24 00:00:00-04:00,90.95999908447266,91.63999938964844,90.33999633789062,91.22000122070312,88.91079711914062,282700,0.0,0.0
2018-05-25 00:00:00-04:00,91.54000091552734,92.9000015258789,90.9800033569336,91.52999877929688,89.21292114257812,310300,0.0,0.0
2018-05-29 00:00:00-04:00,91.06999969482422,92.31999969482422,90.62999725341797,92.20999908447266,89.87570190429688,321800,0.0,0.0
2018-05-30 00:00:00-04:00,92.9000015258789,94.7699966430664,92.4800033569336,94.12000274658203,91.73738098144531,422100,0.0,0.0
2018-05-31 00:00:00-04:00,94.37000274658203,94.52999877929688,92.94999694824219,93.0,90.64571380615234,557500,0.0,0.0
2018-06-01 00:00:00-04:00,93.68000030517578,94.2300033569336,92.98999786376953,93.0,90.64571380615234,390800,0.0,0.0
2018-06-04 00:00:00-04:00,93.12000274658203,95.33999633789062,92.73999786376953,95.30999755859375,92.89723205566406,333000,0.0,0.0
2018-06-05 00:00:00-04:00,95.30999755859375,95.69000244140625,94.7300033569336,95.02999877929688,92.62431335449219,311900,0.0,0.0
2018-06-06 00:00:00-04:00,95.02999877929688,96.5199966430664,94.66999816894531,96.33000183105469,93.89139556884766,194900,0.0,0.0
2018-06-07 00:00:00-04:00,96.52999877929688,96.69999694824219,94.5199966430664,95.30000305175781,92.8874740600586,178500,0.0,0.0
2018-06-08 00:00:00-04:00,95.44999694824219,96.80000305175781,95.44999694824219,96.75,94.30076599121094,305900,0.0,0.0
2018-06-11 00:00:00-04:00,96.63999938964844,97.45999908447266,96.06999969482422,97.2699966430664,94.80758666992188,254300,0.0,0.0
2018-06-12 00:00:00-04:00,97.30000305175781,98.52999877929688,96.88999938964844,98.37000274658203,95.87976837158203,388800,0.0,0.0
2018-06-13 00:00:00-04:00,98.75,99.13999938964844,97.7699966430664,98.7300033569336,96.23067474365234,268100,0.0,0.0
2018-06-14 00:00:00-04:00,98.87000274658203,100.08000183105469,98.5999984741211,100.0199966430664,97.48798370361328,389300,0.0,0.0
2018-06-15 00:00:00-04:00,100.1500015258789,101.19999694824219,99.52999877929688,101.02999877929688,98.4724349975586,657100,0.0,0.0
2018-06-18 00:00:00-04:00,101.08999633789062,101.58999633789062,99.95999908447266,101.5,98.9305419921875,284200,0.0,0.0
2018-06-19 00:00:00-04:00,100.66999816894531,101.83999633789062,100.30000305175781,101.69999694824219,99.1254653930664,273900,0.0,0.0
2018-06-20 00:00:00-04:00,101.75,102.13999938964844,101.02999877929688,101.87999725341797,99.30091094970703,213000,0.0,0.0
2018-06-21 00:00:00-04:00,101.8499984741211,102.0,100.77999877929688,100.91999816894531,98.36520385742188,281400,0.0,0.0
2018-06-22 00:00:00-04:00,101.5,101.77999877929688,100.70999908447266,100.98999786376953,98.43341064453125,786700,0.0,0.0
2018-06-25 00:00:00-04:00,101.05999755859375,101.05999755859375,98.4000015258789,98.63999938964844,96.14291381835938,195600,0.0,0.0
2018-06-26 00:00:00-04:00,99.0,99.63999938964844,98.25,99.31999969482422,96.80571746826172,290900,0.0,0.0
2018-06-27 00:00:00-04:00,99.13999938964844,100.0,97.97000122070312,98.05000305175781,95.56788635253906,325700,0.0,0.0
2018-06-28 00:00:00-04:00,97.8499984741211,98.70999908447266,96.93000030517578,98.68000030517578,96.18192291259766,514400,0.0,0.0
2018-06-29 00:00:00-04:00,98.79000091552734,99.81999969482422,98.70999908447266,99.29000091552734,96.7764663696289,514700,0.0,0.0
2018-07-02 00:00:00-04:00,98.55000305175781,98.80999755859375,97.91000366210938,98.69000244140625,96.19165802001953,353100,0.0,0.0
2018-07-03 00:00:00-04:00,99.0,99.61000061035156,98.80000305175781,98.91999816894531,96.41584777832031,137000,0.0,0.0
2018-07-05 00:00:00-04:00,99.37999725341797,99.61000061035156,98.04000091552734,99.41000366210938,96.8934555053711,475000,0.0,0.0
2018-07-06 00:00:00-04:00,99.58000183105469,100.80999755859375,99.52999877929688,100.55999755859375,98.01432037353516,253800,0.0,0.0
2018-07-09 00:00:00-04:00,100.91000366210938,101.61000061035156,100.81999969482422,101.02999877929688,98.4724349975586,301000,0.0,0.0
2018-07-10 00:00:00-04:00,101.2300033569336,101.58000183105469,100.4800033569336,100.80000305175781,98.2482681274414,379900,0.0,0.0
2018-07-11 00:00:00-04:00,100.55000305175781,100.73999786376953,99.88999938964844,100.0,97.468505859375,324500,0.0,0.0
2018-07-12 00:00:00-04:00,100.58000183105469,100.8499984741211,100.0999984741211,100.58000183105469,98.0338363647461,393800,0.0,0.0
2018-07-13 00:00:00-04:00,100.68000030517578,101.08000183105469,99.83999633789062,100.02999877929688,97.49774932861328,457700,0.0,0.0
2018-07-16 00:00:00-04:00,99.91000366210938,100.37000274658203,97.5,98.44999694824219,95.9577407836914,403600,0.0,0.0
2018-07-17 00:00:00-04:00,98.05999755859375,99.19000244140625,97.72000122070312,98.87000274658203,96.50433349609375,326100,0.14,0.0
2018-07-18 00:00:00-04:00,98.88999938964844,98.95999908447266,96.97000122070312,98.01000213623047,95.6649169921875,469200,0.0,0.0
2018-07-19 00:00:00-04:00,97.94999694824219,99.72000122070312,97.8499984741211,99.47000122070312,97.08998107910156,453700,0.0,0.0
2018-07-20 00:00:00-04:00,98.97000122070312,100.0199966430664,98.69000244140625,99.61000061035156,97.22665405273438,329900,0.0,0.0
2018-07-23 00:00:00-04:00,99.43000030517578,100.12000274658203,98.72000122070312,100.08000183105469,97.68538665771484,199900,0.0,0.0
2018-07-24 00:00:00-04:00,100.69000244140625,100.69000244140625,98.51000213623047,98.98999786376953,96.62145233154297,270800,0.0,0.0
2018-07-25 00:00:00-04:00,98.72000122070312,99.9000015258789,98.29000091552734,99.66999816894531,97.28520965576172,305400,0.0,0.0
2018-07-26 00:00:00-04:00,101.11000061035156,113.29000091552734,100.55000305175781,110.8499984741211,108.19771575927734,1410500,0.0,0.0
2018-07-27 00:00:00-04:00,111.83999633789062,112.58999633789062,108.44000244140625,109.63999938964844,107.01666259765625,541200,0.0,0.0
2018-07-30 00:00:00-04:00,109.55000305175781,110.4000015258789,108.16999816894531,109.01000213623047,106.40171813964844,436000,0.0,0.0
2018-07-31 00:00:00-04:00,109.31999969482422,110.80000305175781,108.01000213623047,109.6500015258789,107.02642059326172,409900,0.0,0.0
2018-08-01 00:00:00-04:00,109.33000183105469,111.5199966430664,109.33000183105469,111.11000061035156,108.45148468017578,410200,0.0,0.0
2018-08-02 00:00:00-04:00,110.8499984741211,114.79000091552734,110.8499984741211,113.88999938964844,111.16496276855469,427200,0.0,0.0
2018-08-03 00:00:00-04:00,114.0,115.66999816894531,113.61000061035156,114.75,112.00438690185547,398900,0.0,0.0
2018-08-06 00:00:00-04:00,114.27999877929688,116.05000305175781,113.94000244140625,116.02999877929688,113.25373840332031,228700,0.0,0.0
2018-08-07 00:00:00-04:00,116.05000305175781,116.70999908447266,115.22000122070312,116.12999725341797,113.35137176513672,517800,0.0,0.0
2018-08-08 00:00:00-04:00,115.94999694824219,116.69000244140625,114.70999908447266,115.58999633789062,112.82431030273438,249800,0.0,0.0
2018-08-09 00:00:00-04:00,115.66000366210938,116.23999786376953,115.22000122070312,115.31999969482422,112.56075286865234,145000,0.0,0.0
2018-08-10 00:00:00-04:00,114.43000030517578,116.04000091552734,114.43000030517578,114.81999969482422,112.07270812988281,194800,0.0,0.0
2018-08-13 00:00:00-04:00,114.69000244140625,116.55999755859375,114.30999755859375,115.12999725341797,112.37528228759766,207500,0.0,0.0
2018-08-14 00:00:00-04:00,115.33999633789062,117.75,114.7699966430664,117.25,114.44457244873047,467100,0.0,0.0
2018-08-15 00:00:00-04:00,117.0,117.12000274658203,114.43000030517578,114.88999938964844,112.14103698730469,312900,0.0,0.0
2018-08-16 00:00:00-04:00,114.8499984741211,115.36000061035156,113.94000244140625,114.73999786376953,111.99462127685547,393300,0.0,0.0
2018-08-17 00:00:00-04:00,114.5,116.37999725341797,114.44999694824219,116.0199966430664,113.24398040771484,137100,0.0,0.0
2018-08-20 00:00:00-04:00,116.16000366210938,116.69000244140625,115.04000091552734,115.4000015258789,112.63883209228516,260500,0.0,0.0
2018-08-21 00:00:00-04:00,115.41999816894531,116.43000030517578,114.66000366210938,115.95999908447266,113.18544006347656,263300,0.0,0.0
2018-08-22 00:00:00-04:00,115.58999633789062,116.12999725341797,114.80999755859375,115.95999908447266,113.18544006347656,181700,0.0,0.0
2018-08-23 00:00:00-04:00,115.87999725341797,116.37000274658203,115.30999755859375,116.0999984741211,113.32209014892578,156100,0.0,0.0
2018-08-24 00:00:00-04:00,116.33000183105469,117.05000305175781,115.55000305175781,116.81999969482422,114.02486419677734,184400,0.0,0.0
2018-08-27 00:00:00-04:00,117.0,117.66999816894531,116.81999969482422,117.38999938964844,114.58122253417969,303300,0.0,0.0
2018-08-28 00:00:00-04:00,118.05000305175781,118.05000305175781,116.05999755859375,117.16000366210938,114.35672760009766,397500,0.0,0.0
2018-08-29 00:00:00-04:00,116.87999725341797,117.83999633789062,116.37000274658203,117.3499984741211,114.54215240478516,456300,0.0,0.0
2018-08-30 00:00:00-04:00,116.80000305175781,117.4000015258789,116.20999908447266,117.08999633789062,114.28840637207031,210000,0.0,0.0
2018-08-31 00:00:00-04:00,116.83000183105469,117.51000213623047,115.87999725341797,117.05000305175781,114.24934387207031,228500,0.0,0.0
2018-09-04 00:00:00-04:00,116.87000274658203,117.27999877929688,115.23999786376953,116.18000030517578,113.4001693725586,371200,0.0,0.0
2018-09-05 00:00:00-04:00,116.44000244140625,116.9800033569336,115.06999969482422,116.37999725341797,113.59539794921875,292600,0.0,0.0
2018-09-06 00:00:00-04:00,116.19000244140625,117.05000305175781,116.08000183105469,116.58000183105469,113.7906265258789,377800,0.0,0.0
2018-09-07 00:00:00-04:00,116.47000122070312,117.16999816894531,115.61000061035156,116.2699966430664,113.48800659179688,229100,0.0,0.0
2018-09-10 00:00:00-04:00,116.87000274658203,117.5,116.56999969482422,117.02999877929688,114.22982025146484,227200,0.0,0.0
2018-09-11 00:00:00-04:00,116.63999938964844,117.2300033569336,116.12999725341797,116.51000213623047,113.72228240966797,174700,0.0,0.0
2018-09-12 00:00:00-04:00,116.44999694824219,117.76000213623047,115.94999694824219,117.72000122070312,114.9033203125,268700,0.0,0.0
2018-09-13 00:00:00-04:00,118.33999633789062,119.44999694824219,118.20999908447266,118.86000061035156,116.01605224609375,399200,0.0,0.0
2018-09-14 00:00:00-04:00,118.8499984741211,121.13999938964844,118.8499984741211,120.58000183105469,117.69490051269531,466000,0.0,0.0
2018-09-17 00:00:00-04:00,120.58000183105469,121.05999755859375,118.05999755859375,118.98999786376953,116.14293670654297,340100,0.0,0.0
2018-09-18 00:00:00-04:00,118.86000061035156,120.29000091552734,118.55999755859375,119.7300033569336,116.865234375,329900,0.0,0.0
2018-09-19 00:00:00-04:00,119.68000030517578,120.33999633789062,119.01000213623047,120.30999755859375,117.43133544921875,363000,0.0,0.0
2018-09-20 00:00:00-04:00,120.9800033569336,122.0,119.83000183105469,120.0999984741211,117.22639465332031,504200,0.0,0.0
2018-09-21 00:00:00-04:00,120.02999877929688,121.98999786376953,120.02999877929688,121.58999633789062,118.68070983886719,503300,0.0,0.0
2018-09-24 00:00:00-04:00,122.12000274658203,124.51000213623047,121.79000091552734,122.7699966430664,119.83247375488281,538200,0.0,0.0
2018-09-25 00:00:00-04:00,123.04000091552734,123.47000122070312,121.18000030517578,122.58999633789062,119.65679168701172,280700,0.0,0.0
2018-09-26 00:00:00-04:00,122.7699966430664,123.88999938964844,121.2300033569336,122.3499984741211,119.42255401611328,355300,0.0,0.0
2018-09-27 00:00:00-04:00,122.66000366210938,122.97000122070312,121.48999786376953,122.70999908447266,119.77391815185547,307500,0.0,0.0
2018-09-28 00:00:00-04:00,122.4000015258789,123.91000366210938,122.4000015258789,123.47000122070312,120.51573181152344,656500,0.0,0.0
2018-10-01 00:00:00-04:00,124.22000122070312,125.08999633789062,122.75,123.0,120.0569839477539,245800,0.0,0.0
2018-10-02 00:00:00-04:00,122.72000122070312,123.54000091552734,121.19999694824219,121.75,118.83688354492188,270200,0.0,0.0
2018-10-03 00:00:00-04:00,122.48999786376953,124.76000213623047,121.08000183105469,123.9800033569336,121.0135498046875,729000,0.0,0.0
2018-10-04 00:00:00-04:00,123.06999969482422,123.06999969482422,119.19999694824219,119.58999633789062,116.72856903076172,376700,0.0,0.0
2018-10-05 00:00:00-04:00,119.3499984741211,121.0,118.79000091552734,120.38999938964844,117.50942993164062,208300,0.0,0.0
2018-10-08 00:00:00-04:00,120.3499984741211,121.30000305175781,118.5199966430664,119.5999984741211,116.73835754394531,208000,0.0,0.0
2018-10-09 00:00:00-04:00,119.19999694824219,120.6500015258789,118.05000305175781,118.77999877929688,115.93798828125,261200,0.0,0.0
2018-10-10 00:00:00-04:00,118.55999755859375,118.55999755859375,114.91000366210938,115.12999725341797,112.37528228759766,493400,0.0,0.0
2018-10-11 00:00:00-04:00,114.44999694824219,115.4800033569336,112.55000305175781,114.0999984741211,111.36991882324219,565600,0.0,0.0
2018-10-12 00:00:00-04:00,115.43000030517578,116.7300033569336,114.18000030517578,115.94000244140625,113.16592407226562,242800,0.0,0.0
2018-10-15 00:00:00-04:00,115.58000183105469,116.44999694824219,114.8499984741211,115.55000305175781,112.7852554321289,161900,0.0,0.0
2018-10-16 00:00:00-04:00,116.4800033569336,119.5199966430664,115.62000274658203,119.31999969482422,116.46504211425781,212400,0.0,0.0
2018-10-17 00:00:00-04:00,118.95999908447266,119.52999877929688,117.58000183105469,118.93000030517578,116.0843734741211,187900,0.0,0.0
2018-10-18 00:00:00-04:00,118.66000366210938,119.4000015258789,115.83999633789062,116.52999877929688,113.7417984008789,228700,0.0,0.0
2018-10-19 00:00:00-04:00,116.87999725341797,117.08000183105469,113.31999969482422,113.7699966430664,111.04784393310547,237300,0.0,0.0
2018-10-22 00:00:00-04:00,114.1500015258789,114.55000305175781,113.12000274658203,113.9800033569336,111.2528076171875,186700,0.0,0.0
2018-10-23 00:00:00-04:00,112.37999725341797,114.33000183105469,110.52999877929688,113.91000366210938,111.33100128173828,499900,0.15,0.0
2018-10-24 00:00:00-04:00,114.18000030517578,116.76000213623047,111.52999877929688,111.87999725341797,109.34695434570312,341500,0.0,0.0
2018-10-25 00:00:00-04:00,110.0,111.45999908447266,101.94000244140625,104.3499984741211,101.98746490478516,952500,0.0,0.0
2018-10-26 00:00:00-04:00,102.77999877929688,103.05999755859375,99.80000305175781,101.12999725341797,98.84034729003906,484500,0.0,0.0
2018-10-29 00:00:00-04:00,101.58999633789062,102.98999786376953,100.02999877929688,101.31999969482422,99.02603912353516,595200,0.0,0.0
2018-10-30 00:00:00-04:00,101.27999877929688,104.69999694824219,101.23999786376953,104.69000244140625,102.31971740722656,380700,0.0,0.0
2018-10-31 00:00:00-04:00,106.12000274658203,107.68000030517578,104.62000274658203,105.91999816894531,103.52188873291016,907400,0.0,0.0
2018-11-01 00:00:00-04:00,106.44000244140625,107.05000305175781,103.08000183105469,104.93000030517578,102.5542984008789,398000,0.0,0.0
2018-11-02 00:00:00-04:00,105.56999969482422,107.47000122070312,105.16999816894531,106.16000366210938,103.7564468383789,299300,0.0,0.0
2018-11-05 00:00:00-05:00,106.3499984741211,107.95999908447266,105.88999938964844,107.6500015258789,105.21271514892578,292800,0.0,0.0
2018-11-06 00:00:00-05:00,107.12999725341797,108.37999725341797,106.72000122070312,108.30999755859375,105.85775756835938,239900,0.0,0.0
2018-11-07 00:00:00-05:00,109.11000061035156,111.20999908447266,108.4000015258789,111.16000366210938,108.64327239990234,376700,0.0,0.0
2018-11-08 00:00:00-05:00,110.80999755859375,112.80999755859375,110.22000122070312,111.76000213623047,109.22966766357422,371300,0.0,0.0
2018-11-09 00:00:00-05:00,111.30000305175781,111.93000030517578,109.97000122070312,110.9800033569336,108.46733856201172,377200,0.0,0.0
2018-11-12 00:00:00-05:00,110.6500015258789,111.05999755859375,106.75,106.9000015258789,104.47970581054688,380400,0.0,0.0
2018-11-13 00:00:00-05:00,107.37999725341797,109.4000015258789,106.31999969482422,106.91000366210938,104.48945617675781,229600,0.0,0.0
2018-11-14 00:00:00-05:00,107.94999694824219,108.22000122070312,106.30000305175781,106.45999908447266,104.04966735839844,177100,0.0,0.0
2018-11-15 00:00:00-05:00,105.94000244140625,109.05999755859375,105.3499984741211,108.5999984741211,106.14122772216797,215300,0.0,0.0
2018-11-16 00:00:00-05:00,107.95999908447266,111.01000213623047,107.5199966430664,110.13999938964844,107.64635467529297,224500,0.0,0.0
2018-11-19 00:00:00-05:00,109.83000183105469,110.13999938964844,104.83000183105469,105.38999938964844,103.00389862060547,241400,0.0,0.0
2018-11-20 00:00:00-05:00,103.88999938964844,106.5199966430664,103.13999938964844,105.16999816894531,102.78887176513672,259800,0.0,0.0
2018-11-21 00:00:00-05:00,105.55000305175781,107.0,105.08000183105469,105.2300033569336,102.84750366210938,224600,0.0,0.0
2018-11-23 00:00:00-05:00,104.2699966430664,107.04000091552734,103.52999877929688,105.70999908447266,103.31665802001953,100200,0.0,0.0
2018-11-26 00:00:00-05:00,106.75,108.0,105.61000061035156,106.19000244140625,103.78577423095703,408500,0.0,0.0
2018-11-27 00:00:00-05:00,105.91000366210938,106.23999786376953,104.68000030517578,105.02999877929688,102.65203857421875,204400,0.0,0.0
2018-11-28 00:00:00-05:00,105.33000183105469,108.25,104.77999877929688,108.06999969482422,105.62319946289062,293600,0.0,0.0
2018-11-29 00:00:00-05:00,107.29000091552734,110.08000183105469,107.29000091552734,108.7699966430664,106.30734252929688,261600,0.0,0.0
2018-11-30 00:00:00-05:00,108.7699966430664,110.3499984741211,108.41000366210938,109.55999755859375,107.07947540283203,344000,0.0,0.0
2018-12-03 00:00:00-05:00,110.94999694824219,111.62999725341797,109.30000305175781,110.8499984741211,108.34027862548828,279700,0.0,0.0
2018-12-04 00:00:00-05:00,111.02999877929688,111.02999877929688,107.91999816894531,109.25,106.7764892578125,354400,0.0,0.0
2018-12-06 00:00:00-05:00,107.2699966430664,108.55000305175781,104.12000274658203,108.5,106.04347229003906,446000,0.0,0.0
2018-12-07 00:00:00-05:00,108.05999755859375,109.22000122070312,105.29000091552734,106.0199966430664,103.61963653564453,404500,0.0,0.0
2018-12-10 00:00:00-05:00,105.9800033569336,108.76000213623047,105.52999877929688,107.62000274658203,105.18341064453125,493200,0.0,0.0
2018-12-11 00:00:00-05:00,108.77999877929688,109.5999984741211,105.1500015258789,106.66000366210938,104.24515533447266,466100,0.0,0.0
2018-12-12 00:00:00-05:00,108.11000061035156,109.4000015258789,107.69000244140625,107.75,105.3104476928711,441200,0.0,0.0
2018-12-13 00:00:00-05:00,108.12999725341797,108.6500015258789,106.02999877929688,107.12000274658203,104.69473266601562,363900,0.0,0.0
2018-12-14 00:00:00-05:00,106.19000244140625,106.75,104.18000030517578,104.62999725341797,102.2610855102539,282400,0.0,0.0
2018-12-17 00:00:00-05:00,103.81999969482422,105.0199966430664,101.41999816894531,102.02999877929688,99.71996307373047,407900,0.0,0.0
2018-12-18 00:00:00-05:00,103.20999908447266,105.61000061035156,99.83999633789062,100.62000274658203,98.34188079833984,351100,0.0,0.0
2018-12-19 00:00:00-05:00,101.1500015258789,102.52999877929688,98.3499984741211,99.3499984741211,97.10065460205078,350400,0.0,0.0
2018-12-20 00:00:00-05:00,98.95999908447266,99.31999969482422,95.66000366210938,97.6500015258789,95.43914794921875,322600,0.0,0.0
2018-12-21 00:00:00-05:00,97.80000305175781,99.12999725341797,94.37999725341797,95.11000061035156,92.95664978027344,1022600,0.0,0.0
2018-12-24 00:00:00-05:00,94.37000274658203,94.66999816894531,91.75,93.0,90.89441680908203,240300,0.0,0.0
2018-12-26 00:00:00-05:00,93.4000015258789,96.56999969482422,92.77999877929688,96.51000213623047,94.32493591308594,265400,0.0,0.0
2018-12-27 00:00:00-05:00,94.95999908447266,96.3499984741211,92.30999755859375,96.30999755859375,94.12948608398438,449100,0.0,0.0
2018-12-28 00:00:00-05:00,96.52999877929688,97.36000061035156,94.80000305175781,96.2300033569336,94.05128479003906,322000,0.0,0.0
2018-12-31 00:00:00-05:00,96.9800033569336,98.30000305175781,96.63999938964844,98.02999877929688,95.8105239868164,439200,0.0,0.0
2019-01-02 00:00:00-05:00,96.76000213623047,97.4000015258789,94.20999908447266,96.41000366210938,94.22721099853516,337900,0.0,0.0
2019-01-03 00:00:00-05:00,96.22000122070312,96.52999877929688,93.08000183105469,94.52999877929688,92.38980102539062,482600,0.0,0.0
2019-01-04 00:00:00-05:00,95.18000030517578,98.69999694824219,94.98999786376953,98.23999786376953,96.01575469970703,818600,0.0,0.0
2019-01-07 00:00:00-05:00,98.58000183105469,99.5,98.12999725341797,98.55000305175781,96.31876373291016,362300,0.0,0.0
2019-01-08 00:00:00-05:00,99.7300033569336,101.86000061035156,98.76000213623047,101.69000244140625,99.38763427734375,383500,0.0,0.0
2019-01-09 00:00:00-05:00,102.70999908447266,104.51000213623047,102.20999908447266,103.79000091552734,101.44012451171875,241400,0.0,0.0
2019-01-10 00:00:00-05:00,103.37999725341797,104.0,101.61000061035156,103.86000061035156,101.50852966308594,227500,0.0,0.0
2019-01-11 00:00:00-05:00,103.1500015258789,103.91000366210938,102.37999725341797,103.83000183105469,101.47921752929688,156800,0.0,0.0
2019-01-14 00:00:00-05:00,103.44000244140625,104.0,102.3499984741211,102.66000366210938,100.33568572998047,277400,0.0,0.0
2019-01-15 00:00:00-05:00,102.5,104.54000091552734,102.5,103.80999755859375,101.45967102050781,269600,0.0,0.0
2019-01-16 00:00:00-05:00,104.48999786376953,105.4000015258789,104.01000213623047,104.51000213623047,102.1438217163086,265900,0.0,0.0
2019-01-17 00:00:00-05:00,104.1500015258789,105.66000366210938,103.55999755859375,104.26000213623047,101.89945983886719,612500,0.0,0.0
2019-01-18 00:00:00-05:00,105.18000030517578,105.5,103.6500015258789,105.25,102.86708068847656,482900,0.0,0.0
2019-01-22 00:00:00-05:00,104.02999877929688,104.69000244140625,102.45999908447266,104.44999694824219,102.2308578491211,396200,0.15,0.0
2019-01-23 00:00:00-05:00,104.93000030517578,106.58000183105469,104.30999755859375,104.69999694824219,102.47555541992188,244800,0.0,0.0
2019-01-24 00:00:00-05:00,104.48999786376953,105.81999969482422,104.19000244140625,105.45999908447266,103.21942138671875,192500,0.0,0.0
2019-01-25 00:00:00-05:00,105.80000305175781,107.38999938964844,105.4800033569336,106.7300033569336,104.46244049072266,241900,0.0,0.0
2019-01-28 00:00:00-05:00,106.36000061035156,106.8499984741211,104.9800033569336,105.7300033569336,103.48367309570312,228000,0.0,0.0
2019-01-29 00:00:00-05:00,105.77999877929688,106.30000305175781,104.95999908447266,105.41000366210938,103.17047119140625,262600,0.0,0.0
2019-01-30 00:00:00-05:00,105.79000091552734,106.54000091552734,104.7699966430664,105.91000366210938,103.65985870361328,400600,0.0,0.0
2019-01-31 00:00:00-05:00,106.0,108.55999755859375,105.19000244140625,108.2699966430664,105.96968841552734,371900,0.0,0.0
2019-02-01 00:00:00-05:00,108.25,108.91999816894531,102.58999633789062,103.22000122070312,101.02700805664062,856200,0.0,0.0
2019-02-04 00:00:00-05:00,102.87000274658203,105.0999984741211,102.33000183105469,104.7699966430664,102.54407501220703,606100,0.0,0.0
2019-02-05 00:00:00-05:00,105.0,106.16999816894531,103.73999786376953,103.86000061035156,101.65339660644531,321700,0.0,0.0
2019-02-06 00:00:00-05:00,104.30999755859375,104.54000091552734,103.05000305175781,103.9000015258789,101.69256591796875,408500,0.0,0.0
2019-02-07 00:00:00-05:00,103.81999969482422,104.19000244140625,102.58000183105469,102.80000305175781,100.61593627929688,419300,0.0,0.0
2019-02-08 00:00:00-05:00,102.41000366210938,103.5999984741211,101.79000091552734,102.69000244140625,100.50826263427734,602600,0.0,0.0
2019-02-11 00:00:00-05:00,102.97000122070312,104.3499984741211,102.75,103.56999969482422,101.36957550048828,705100,0.0,0.0
2019-02-12 00:00:00-05:00,104.5999984741211,105.1500015258789,103.83999633789062,104.95999908447266,102.73005676269531,429700,0.0,0.0
2019-02-13 00:00:00-05:00,104.95999908447266,105.9800033569336,104.5199966430664,105.83999633789062,103.59132385253906,627700,0.0,0.0
2019-02-14 00:00:00-05:00,100.61000061035156,105.44999694824219,98.5999984741211,100.9000015258789,98.75630187988281,1187600,0.0,0.0
2019-02-15 00:00:00-05:00,100.97000122070312,102.83999633789062,100.93000030517578,101.91000366210938,99.74483489990234,1215700,0.0,0.0
2019-02-19 00:00:00-05:00,101.9000015258789,103.27999877929688,101.5999984741211,102.51000213623047,100.33207702636719,1877200,0.0,0.0
2019-02-20 00:00:00-05:00,102.54000091552734,103.0,101.7300033569336,102.87000274658203,100.68446350097656,1202600,0.0,0.0
2019-02-21 00:00:00-05:00,103.2699966430664,105.18000030517578,103.19999694824219,103.83000183105469,101.62403869628906,448100,0.0,0.0
2019-02-22 00:00:00-05:00,104.38999938964844,104.61000061035156,103.4800033569336,104.27999877929688,102.06450653076172,338400,0.0,0.0
2019-02-25 00:00:00-05:00,104.95999908447266,105.93000030517578,104.58999633789062,105.11000061035156,102.87684631347656,475300,0.0,0.0
2019-02-26 00:00:00-05:00,105.08999633789062,105.27999877929688,103.70999908447266,103.7699966430664,101.56533813476562,344700,0.0,0.0
2019-02-27 00:00:00-05:00,103.4800033569336,104.5,103.05000305175781,103.88999938964844,101.68275451660156,182900,0.0,0.0
2019-02-28 00:00:00-05:00,103.87000274658203,105.27999877929688,103.51000213623047,104.75,102.5245132446289,519000,0.0,0.0
2019-03-01 00:00:00-05:00,105.08999633789062,107.0,105.08999633789062,106.13999938964844,103.88497161865234,447100,0.0,0.0
2019-03-04 00:00:00-05:00,106.25,106.25,103.6500015258789,104.9000015258789,102.67134094238281,441500,0.0,0.0
2019-03-05 00:00:00-05:00,105.08000183105469,105.08000183105469,103.9800033569336,104.48999786376953,102.27001190185547,421700,0.0,0.0
2019-03-06 00:00:00-05:00,104.3499984741211,105.0999984741211,102.31999969482422,102.61000061035156,100.4299545288086,447100,0.0,0.0
2019-03-07 00:00:00-05:00,102.29000091552734,103.25,102.06999969482422,102.47000122070312,100.2929458618164,325700,0.0,0.0
2019-03-08 00:00:00-05:00,101.86000061035156,102.27999877929688,101.1500015258789,101.56999969482422,99.41205596923828,356100,0.0,0.0
2019-03-11 00:00:00-04:00,101.97000122070312,103.16000366210938,101.80999755859375,103.04000091552734,100.850830078125,200800,0.0,0.0
2019-03-12 00:00:00-04:00,103.06999969482422,103.69999694824219,102.66999816894531,103.43000030517578,101.2325210571289,326500,0.0,0.0
2019-03-13 00:00:00-04:00,103.58999633789062,105.41999816894531,103.20999908447266,105.23999786376953,103.00408935546875,595000,0.0,0.0
2019-03-14 00:00:00-04:00,105.08999633789062,106.18000030517578,104.77999877929688,106.01000213623047,103.75773620605469,481800,0.0,0.0
2019-03-15 00:00:00-04:00,106.12999725341797,106.70999908447266,105.29000091552734,105.70999908447266,103.46409606933594,880800,0.0,0.0
2019-03-18 00:00:00-04:00,106.0999984741211,106.0999984741211,104.08000183105469,105.94000244140625,103.689208984375,369400,0.0,0.0
2019-03-19 00:00:00-04:00,106.4800033569336,106.4800033569336,105.2699966430664,105.77999877929688,103.53260040283203,471500,0.0,0.0
2019-03-20 00:00:00-04:00,105.80999755859375,106.05000305175781,104.36000061035156,105.08999633789062,102.85730743408203,257300,0.0,0.0
2019-03-21 00:00:00-04:00,104.66000366210938,107.3499984741211,104.66000366210938,106.80999755859375,104.54074096679688,328400,0.0,0.0
2019-03-22 00:00:00-04:00,106.08999633789062,106.8499984741211,103.5199966430664,103.66999816894531,101.46744537353516,232200,0.0,0.0
2019-03-25 00:00:00-04:00,103.6500015258789,105.2699966430664,103.05000305175781,104.95999908447266,102.73005676269531,441400,0.0,0.0
2019-03-26 00:00:00-04:00,105.87000274658203,106.2699966430664,104.81999969482422,105.5,103.25857543945312,301400,0.0,0.0
2019-03-27 00:00:00-04:00,105.47000122070312,106.86000061035156,104.7300033569336,106.31999969482422,104.06114959716797,403700,0.0,0.0
2019-03-28 00:00:00-04:00,106.6500015258789,108.76000213623047,106.12999725341797,107.55999755859375,105.27479553222656,488200,0.0,0.0
2019-03-29 00:00:00-04:00,108.33000183105469,110.38999938964844,108.11000061035156,110.19999694824219,107.85871124267578,486000,0.0,0.0
2019-04-01 00:00:00-04:00,110.83999633789062,112.38999938964844,110.08999633789062,111.77999877929688,109.40513610839844,608500,0.0,0.0
2019-04-02 00:00:00-04:00,111.80999755859375,111.80999755859375,110.12999725341797,111.2699966430664,108.90597534179688,337600,0.0,0.0
2019-04-03 00:00:00-04:00,111.91999816894531,112.87999725341797,111.27999877929688,111.80000305175781,109.42471313476562,473500,0.0,0.0
2019-04-04 00:00:00-04:00,112.0199966430664,112.27999877929688,110.66000366210938,111.86000061035156,109.48346710205078,364000,0.0,0.0
2019-04-05 00:00:00-04:00,112.11000061035156,113.94000244140625,111.66000366210938,112.87000274658203,110.47199249267578,291800,0.0,0.0
2019-04-08 00:00:00-04:00,112.41999816894531,113.18000030517578,111.08999633789062,113.12999725341797,110.7264633178711,263700,0.0,0.0
2019-04-09 00:00:00-04:00,112.31999969482422,113.6500015258789,112.16000366210938,112.94999694824219,110.5502700805664,286600,0.0,0.0
2019-04-10 00:00:00-04:00,113.08999633789062,114.66000366210938,112.7300033569336,114.55000305175781,112.11630249023438,240900,0.0,0.0
2019-04-11 00:00:00-04:00,114.47000122070312,114.66999816894531,113.25,114.52999877929688,112.09672546386719,277800,0.0,0.0
2019-04-12 00:00:00-04:00,115.05999755859375,116.11000061035156,114.4800033569336,115.7699966430664,113.31039428710938,323600,0.0,0.0
2019-04-15 00:00:00-04:00,115.91000366210938,117.16000366210938,115.83999633789062,116.9000015258789,114.41635131835938,421600,0.0,0.0
2019-04-16 00:00:00-04:00,117.19999694824219,117.38999938964844,113.33000183105469,113.88999938964844,111.613525390625,429700,0.15,0.0
2019-04-17 00:00:00-04:00,114.38999938964844,114.38999938964844,110.83999633789062,111.63999938964844,109.40850067138672,317100,0.0,0.0
2019-04-18 00:00:00-04:00,112.04000091552734,112.69999694824219,109.87999725341797,111.5199966430664,109.29090881347656,379800,0.0,0.0
2019-04-22 00:00:00-04:00,110.83999633789062,112.54000091552734,110.13999938964844,112.16000366210938,109.91810607910156,393900,0.0,0.0
2019-04-23 00:00:00-04:00,113.41999816894531,115.41000366210938,112.33000183105469,115.19999694824219,112.89733123779297,286800,0.0,0.0
2019-04-24 00:00:00-04:00,115.0,116.05999755859375,114.37999725341797,115.20999908447266,112.90714263916016,385900,0.0,0.0
2019-04-25 00:00:00-04:00,119.6500015258789,123.08999633789062,118.0,122.26000213623047,119.81621551513672,779500,0.0,0.0
2019-04-26 00:00:00-04:00,122.62000274658203,124.0999984741211,120.5,123.68000030517578,121.20783996582031,459200,0.0,0.0
2019-04-29 00:00:00-04:00,123.16000366210938,123.80999755859375,121.70999908447266,122.30999755859375,119.86522674560547,368100,0.0,0.0
2019-04-30 00:00:00-04:00,122.1500015258789,123.94000244140625,122.1500015258789,123.79000091552734,121.31565856933594,226500,0.0,0.0
2019-05-01 00:00:00-04:00,121.44999694824219,123.19999694824219,120.2699966430664,120.58999633789062,118.17962646484375,426100,0.0,0.0
2019-05-02 00:00:00-04:00,120.19999694824219,122.01000213623047,119.69999694824219,121.83999633789062,119.4046401977539,208700,0.0,0.0
2019-05-03 00:00:00-04:00,122.41999816894531,123.19000244140625,122.01000213623047,122.8499984741211,120.39442443847656,433500,0.0,0.0
2019-05-06 00:00:00-04:00,120.97000122070312,123.05999755859375,120.97000122070312,122.77999877929688,120.32585144042969,444000,0.0,0.0
2019-05-07 00:00:00-04:00,121.72000122070312,122.54000091552734,120.30000305175781,121.4000015258789,118.97342681884766,279700,0.0,0.0
2019-05-08 00:00:00-04:00,121.55999755859375,121.91999816894531,120.37999725341797,120.44000244140625,118.03262329101562,307900,0.0,0.0
2019-05-09 00:00:00-04:00,119.2300033569336,121.0199966430664,118.3499984741211,120.44999694824219,118.04241943359375,180800,0.0,0.0
2019-05-10 00:00:00-04:00,119.86000061035156,120.8499984741211,117.70999908447266,120.41000366210938,118.00320434570312,192200,0.0,0.0
2019-05-13 00:00:00-04:00,118.37000274658203,118.83999633789062,117.08999633789062,117.55000305175781,115.20038604736328,201700,0.0,0.0
2019-05-14 00:00:00-04:00,117.6500015258789,117.80999755859375,115.69999694824219,116.31999969482422,113.99493408203125,470300,0.0,0.0
2019-05-15 00:00:00-04:00,115.79000091552734,117.1500015258789,115.36000061035156,116.4000015258789,114.07337951660156,214100,0.0,0.0
2019-05-16 00:00:00-04:00,116.83000183105469,118.58000183105469,116.83000183105469,117.16999816894531,114.82795715332031,349000,0.0,0.0
2019-05-17 00:00:00-04:00,116.48999786376953,117.37999725341797,116.0199966430664,116.41000366210938,114.08317565917969,176200,0.0,0.0
2019-05-20 00:00:00-04:00,116.0,117.5199966430664,115.08000183105469,117.44000244140625,115.09257507324219,354400,0.0,0.0
2019-05-21 00:00:00-04:00,118.23999786376953,119.68000030517578,117.80999755859375,118.52999877929688,116.16082000732422,241400,0.0,0.0
2019-05-22 00:00:00-04:00,118.45999908447266,119.0,117.54000091552734,118.19999694824219,115.83738708496094,132300,0.0,0.0
2019-05-23 00:00:00-04:00,117.5999984741211,117.79000091552734,115.77999877929688,116.05999755859375,113.74018096923828,196100,0.0,0.0
2019-05-24 00:00:00-04:00,116.83999633789062,118.02999877929688,115.95999908447266,116.29000091552734,113.96556091308594,154700,0.0,0.0
2019-05-28 00:00:00-04:00,116.30999755859375,117.58000183105469,115.2699966430664,115.66000366210938,113.34815979003906,141500,0.0,0.0
2019-05-29 00:00:00-04:00,115.02999877929688,115.55000305175781,114.16999816894531,115.37000274658203,113.06395721435547,161600,0.0,0.0
2019-05-30 00:00:00-04:00,115.5199966430664,116.66000366210938,115.3499984741211,115.83999633789062,113.52455139160156,124400,0.0,0.0
2019-05-31 00:00:00-04:00,114.1500015258789,115.1500015258789,113.04000091552734,114.5999984741211,112.30931854248047,212200,0.0,0.0
2019-06-03 00:00:00-04:00,114.5999984741211,115.47000122070312,113.98999786376953,114.69999694824219,112.40733337402344,279000,0.0,0.0
2019-06-04 00:00:00-04:00,115.86000061035156,116.72000122070312,114.91999816894531,116.30000305175781,113.97535705566406,185200,0.0,0.0
2019-06-05 00:00:00-04:00,116.98999786376953,117.87000274658203,116.37000274658203,117.44000244140625,115.09257507324219,244800,0.0,0.0
2019-06-06 00:00:00-04:00,117.36000061035156,118.31999969482422,116.7699966430664,118.08000183105469,115.71979522705078,182000,0.0,0.0
2019-06-07 00:00:00-04:00,118.58999633789062,119.72000122070312,118.19000244140625,119.30999755859375,116.92520904541016,251600,0.0,0.0
2019-06-10 00:00:00-04:00,119.91000366210938,121.05000305175781,119.72000122070312,119.95999908447266,117.56220245361328,243500,0.0,0.0
2019-06-11 00:00:00-04:00,120.83999633789062,121.22000122070312,119.68000030517578,120.69000244140625,118.2776107788086,168600,0.0,0.0
2019-06-12 00:00:00-04:00,120.73999786376953,122.5999984741211,120.12999725341797,122.19000244140625,119.74762725830078,190700,0.0,0.0
2019-06-13 00:00:00-04:00,122.25,123.44000244140625,121.41000366210938,121.9000015258789,119.46343994140625,258800,0.0,0.0
2019-06-14 00:00:00-04:00,122.01000213623047,122.79000091552734,120.62000274658203,120.68000030517578,118.267822265625,170000,0.0,0.0
2019-06-17 00:00:00-04:00,120.75,121.95999908447266,119.76000213623047,120.66000366210938,118.24821472167969,245600,0.0,0.0
2019-06-18 00:00:00-04:00,121.27999877929688,122.33000183105469,120.73999786376953,121.3499984741211,118.9244384765625,191300,0.0,0.0
2019-06-19 00:00:00-04:00,121.58000183105469,122.05999755859375,120.95999908447266,121.83000183105469,119.39483642578125,200400,0.0,0.0
2019-06-20 00:00:00-04:00,122.94999694824219,123.18000030517578,121.62000274658203,122.22000122070312,119.77702331542969,158700,0.0,0.0
2019-06-21 00:00:00-04:00,121.56999969482422,122.38999938964844,120.86000061035156,122.04000091552734,119.60062408447266,382700,0.0,0.0
2019-06-24 00:00:00-04:00,121.75,123.54000091552734,121.44999694824219,122.19000244140625,119.74762725830078,178300,0.0,0.0
2019-06-25 00:00:00-04:00,122.30999755859375,123.45999908447266,121.66999816894531,122.58999633789062,120.13963317871094,256800,0.0,0.0
2019-06-26 00:00:00-04:00,122.83000183105469,123.06999969482422,120.11000061035156,121.72000122070312,119.28703308105469,263900,0.0,0.0
2019-06-27 00:00:00-04:00,122.5199966430664,123.81999969482422,122.05999755859375,123.58000183105469,121.10985565185547,248400,0.0,0.0
2019-06-28 00:00:00-04:00,123.55000305175781,125.86000061035156,123.55000305175781,125.1500015258789,122.64846801757812,1071700,0.0,0.0
2019-07-01 00:00:00-04:00,126.0,127.05999755859375,123.70999908447266,124.7300033569336,122.23685455322266,261700,0.0,0.0
2019-07-02 00:00:00-04:00,124.61000061035156,124.61000061035156,122.19999694824219,123.58000183105469,121.10985565185547,258600,0.0,0.0
2019-07-03 00:00:00-04:00,124.02999877929688,124.22000122070312,122.81999969482422,123.91999816894531,121.44303131103516,239100,0.0,0.0
2019-07-05 00:00:00-04:00,123.48999786376953,124.06999969482422,122.1500015258789,124.0,121.52143859863281,174700,0.0,0.0
2019-07-08 00:00:00-04:00,123.48999786376953,123.51000213623047,122.06999969482422,122.88999938964844,120.43365478515625,193000,0.0,0.0
2019-07-09 00:00:00-04:00,121.97000122070312,124.16000366210938,121.81999969482422,124.05999755859375,121.58025360107422,198300,0.0,0.0
2019-07-10 00:00:00-04:00,124.55999755859375,125.44999694824219,123.4800033569336,123.83999633789062,121.36465454101562,221700,0.0,0.0
2019-07-11 00:00:00-04:00,124.37999725341797,124.62999725341797,123.26000213623047,124.48999786376953,122.00167083740234,143000,0.0,0.0
2019-07-12 00:00:00-04:00,124.58999633789062,125.30000305175781,123.31999969482422,124.43000030517578,121.94287109375,188800,0.0,0.0
2019-07-15 00:00:00-04:00,124.44000244140625,124.93000030517578,123.41000366210938,124.37999725341797,121.89383697509766,258700,0.0,0.0
2019-07-16 00:00:00-04:00,124.4800033569336,124.66999816894531,123.16000366210938,123.22000122070312,120.7570571899414,151800,0.0,0.0
2019-07-17 00:00:00-04:00,123.22000122070312,123.27999877929688,121.69000244140625,121.91000366210938,119.47322845458984,249100,0.0,0.0
2019-07-18 00:00:00-04:00,121.80000305175781,122.5999984741211,120.44000244140625,122.06999969482422,119.63003540039062,359500,0.0,0.0
2019-07-19 00:00:00-04:00,122.27999877929688,122.27999877929688,120.81999969482422,121.41000366210938,118.98324584960938,292100,0.0,0.0
2019-07-22 00:00:00-04:00,121.7300033569336,123.22000122070312,121.7300033569336,123.01000213623047,120.55123901367188,330300,0.0,0.0
2019-07-23 00:00:00-04:00,123.0999984741211,124.23999786376953,122.69999694824219,123.2699966430664,120.95349884033203,238200,0.15,0.0
2019-07-24 00:00:00-04:00,122.2300033569336,123.0199966430664,120.12000274658203,122.2699966430664,119.97230529785156,431500,0.0,0.0
2019-07-25 00:00:00-04:00,130.3699951171875,135.47000122070312,127.83999633789062,132.86000061035156,130.36334228515625,1148600,0.0,0.0
2019-07-26 00:00:00-04:00,134.3000030517578,139.22999572753906,132.36000061035156,136.91000366210938,134.3372039794922,657700,0.0,0.0
2019-07-29 00:00:00-04:00,137.60000610351562,138.6699981689453,136.0800018310547,138.3699951171875,135.769775390625,512600,0.0,0.0
2019-07-30 00:00:00-04:00,137.91000366210938,138.22000122070312,136.25999450683594,137.47999572753906,134.89654541015625,559500,0.0,0.0
2019-07-31 00:00:00-04:00,137.0500030517578,138.80999755859375,135.72999572753906,137.27000427246094,134.6904296875,472200,0.0,0.0
2019-08-01 00:00:00-04:00,137.58999633789062,139.58999633789062,136.5800018310547,137.27999877929688,134.7002716064453,332600,0.0,0.0
2019-08-02 00:00:00-04:00,136.72000122070312,136.8000030517578,135.1699981689453,135.55999755859375,133.01258850097656,322900,0.0,0.0
2019-08-05 00:00:00-04:00,133.6300048828125,135.77999877929688,132.6999969482422,133.63999938964844,131.128662109375,547400,0.0,0.0
2019-08-06 00:00:00-04:00,134.61000061035156,138.47999572753906,134.4499969482422,138.4199981689453,135.81883239746094,353400,0.0,0.0
2019-08-07 00:00:00-04:00,137.1999969482422,140.16000366210938,136.1199951171875,139.64999389648438,137.02574157714844,321600,0.0,0.0
2019-08-08 00:00:00-04:00,140.5800018310547,143.5,140.27999877929688,143.08999633789062,140.40110778808594,423900,0.0,0.0
2019-08-09 00:00:00-04:00,142.6699981689453,144.82000732421875,142.6699981689453,143.9199981689453,141.21546936035156,320900,0.0,0.0
2019-08-12 00:00:00-04:00,142.91000366210938,144.19000244140625,141.75999450683594,142.2899932861328,139.61611938476562,165200,0.0,0.0
2019-08-13 00:00:00-04:00,143.02999877929688,145.13999938964844,141.97999572753906,145.07000732421875,142.34390258789062,287500,0.0,0.0
2019-08-14 00:00:00-04:00,143.47999572753906,144.2899932861328,142.02000427246094,142.35000610351562,139.67503356933594,268200,0.0,0.0
2019-08-15 00:00:00-04:00,143.0,144.02000427246094,142.10000610351562,142.8800048828125,140.19503784179688,143900,0.0,0.0
2019-08-16 00:00:00-04:00,143.7899932861328,145.1699981689453,143.08999633789062,145.05999755859375,142.33409118652344,161100,0.0,0.0
2019-08-19 00:00:00-04:00,146.3699951171875,146.3699951171875,145.08999633789062,145.77999877929688,143.04054260253906,171600,0.0,0.0
2019-08-20 00:00:00-04:00,145.75999450683594,146.2899932861328,145.00999450683594,145.1199951171875,142.39292907714844,164500,0.0,0.0
2019-08-21 00:00:00-04:00,145.64999389648438,147.14999389648438,145.02000427246094,145.92999267578125,143.18771362304688,216000,0.0,0.0
2019-08-22 00:00:00-04:00,146.72999572753906,147.19000244140625,144.97999572753906,145.86000061035156,143.11903381347656,188800,0.0,0.0
2019-08-23 00:00:00-04:00,145.75999450683594,146.89999389648438,143.02999877929688,143.3300018310547,140.6365509033203,203000,0.0,0.0
2019-08-26 00:00:00-04:00,144.52000427246094,145.5,143.5,145.35000610351562,142.61863708496094,175100,0.0,0.0
2019-08-27 00:00:00-04:00,146.33999633789062,146.9600067138672,145.19000244140625,146.27000427246094,143.52134704589844,212700,0.0,0.0
2019-08-28 00:00:00-04:00,145.75999450683594,146.6999969482422,145.1999969482422,146.19000244140625,143.44284057617188,146600,0.0,0.0
2019-08-29 00:00:00-04:00,146.75,147.69000244140625,146.49000549316406,147.13999938964844,144.375,153200,0.0,0.0
2019-08-30 00:00:00-04:00,147.3000030517578,147.3699951171875,144.9199981689453,145.4600067138672,142.72653198242188,259400,0.0,0.0
2019-09-03 00:00:00-04:00,144.5,145.52000427246094,143.1699981689453,144.8699951171875,142.14764404296875,291800,0.0,0.0
2019-09-04 00:00:00-04:00,145.05999755859375,148.16000366210938,144.9600067138672,147.92999267578125,145.150146484375,339200,0.0,0.0
2019-09-05 00:00:00-04:00,149.30999755859375,150.3800048828125,148.02999877929688,150.02000427246094,147.2008514404297,226400,0.0,0.0
2019-09-06 00:00:00-04:00,150.24000549316406,152.10000610351562,149.4600067138672,149.6999969482422,146.88685607910156,252400,0.0,0.0
2019-09-09 00:00:00-04:00,149.8699951171875,150.1199951171875,144.77000427246094,145.4499969482422,142.7167205810547,504500,0.0,0.0
2019-09-10 00:00:00-04:00,144.80999755859375,145.49000549316406,138.88999938964844,141.05999755859375,138.40927124023438,600900,0.0,0.0
2019-09-11 00:00:00-04:00,141.6199951171875,145.67999267578125,141.42999267578125,144.72000122070312,142.00047302246094,436600,0.0,0.0
2019-09-12 00:00:00-04:00,145.49000549316406,146.58999633789062,144.3300018310547,146.08999633789062,143.3446807861328,207000,0.0,0.0
2019-09-13 00:00:00-04:00,145.42999267578125,147.0399932861328,143.8300018310547,144.1999969482422,141.4901885986328,325900,0.0,0.0
2019-09-16 00:00:00-04:00,143.42999267578125,144.0500030517578,141.6699981689453,142.1300048828125,139.45913696289062,389900,0.0,0.0
2019-09-17 00:00:00-04:00,142.2100067138672,144.27999877929688,141.75999450683594,143.3000030517578,140.60716247558594,317600,0.0,0.0
2019-09-18 00:00:00-04:00,143.35000610351562,143.75999450683594,139.8300018310547,141.32000732421875,138.6643524169922,290200,0.0,0.0
2019-09-19 00:00:00-04:00,141.89999389648438,143.6300048828125,141.42999267578125,143.3300018310547,140.6365509033203,270700,0.0,0.0
2019-09-20 00:00:00-04:00,143.64999389648438,144.0,142.25,143.08999633789062,140.40110778808594,726400,0.0,0.0
2019-09-23 00:00:00-04:00,143.08999633789062,144.5,142.49000549316406,143.89999389648438,141.1958465576172,339600,0.0,0.0
2019-09-24 00:00:00-04:00,144.86000061035156,149.13999938964844,143.02999877929688,143.24000549316406,140.54827880859375,547500,0.0,0.0
2019-09-25 00:00:00-04:00,143.52999877929688,146.11000061035156,143.11000061035156,145.63999938964844,142.9031524658203,337700,0.0,0.0
2019-09-26 00:00:00-04:00,145.5,145.5800018310547,142.38999938964844,143.11000061035156,140.42068481445312,274400,0.0,0.0
2019-09-27 00:00:00-04:00,143.77000427246094,143.77000427246094,140.22999572753906,140.8699951171875,138.22280883789062,280500,0.0,0.0
2019-09-30 00:00:00-04:00,140.66000366210938,142.6699981689453,140.5399932861328,141.82000732421875,139.1549072265625,318300,0.0,0.0
2019-10-01 00:00:00-04:00,142.6199951171875,143.44000244140625,139.66000366210938,139.67999267578125,137.05520629882812,262200,0.0,0.0
2019-10-02 00:00:00-04:00,138.60000610351562,139.63999938964844,136.72999572753906,137.60000610351562,135.0142364501953,416800,0.0,0.0
2019-10-03 00:00:00-04:00,137.6699981689453,140.4199981689453,137.00999450683594,140.17999267578125,137.5457305908203,692000,0.0,0.0
2019-10-04 00:00:00-04:00,140.86000061035156,142.72000122070312,139.75999450683594,141.58999633789062,138.9292449951172,611800,0.0,0.0
2019-10-07 00:00:00-04:00,141.5800018310547,142.07000732421875,140.58999633789062,140.6999969482422,138.05601501464844,327900,0.0,0.0
2019-10-08 00:00:00-04:00,139.4499969482422,140.30999755859375,137.89999389648438,137.89999389648438,135.30859375,571400,0.0,0.0
2019-10-09 00:00:00-04:00,138.82000732421875,141.17999267578125,138.25999450683594,140.67999267578125,138.036376953125,245300,0.0,0.0
2019-10-10 00:00:00-04:00,140.3000030517578,142.50999450683594,140.24000549316406,140.97000122070312,138.32090759277344,204200,0.0,0.0
2019-10-11 00:00:00-04:00,142.13999938964844,144.3699951171875,141.3699951171875,142.0,139.3315887451172,247400,0.0,0.0
2019-10-14 00:00:00-04:00,141.99000549316406,142.6999969482422,141.05999755859375,141.64999389648438,138.9881134033203,159800,0.0,0.0
2019-10-15 00:00:00-04:00,142.74000549316406,143.0,141.58999633789062,141.7899932861328,139.12548828125,299900,0.0,0.0
2019-10-16 00:00:00-04:00,141.58999633789062,141.60000610351562,139.57000732421875,139.97000122070312,137.33970642089844,327700,0.0,0.0
2019-10-17 00:00:00-04:00,141.0500030517578,143.16000366210938,140.86000061035156,141.61000061035156,138.94888305664062,447600,0.0,0.0
2019-10-18 00:00:00-04:00,141.1199951171875,141.82000732421875,139.89999389648438,140.85000610351562,138.20315551757812,268700,0.0,0.0
2019-10-21 00:00:00-04:00,141.60000610351562,141.80999755859375,139.7899932861328,140.0800018310547,137.44760131835938,246400,0.0,0.0
2019-10-22 00:00:00-04:00,140.36000061035156,141.49000549316406,138.5,138.82000732421875,136.36709594726562,330900,0.16,0.0
2019-10-23 00:00:00-04:00,139.47999572753906,141.6300048828125,138.64999389648438,139.1699981689453,136.71090698242188,820400,0.0,0.0
2019-10-24 00:00:00-04:00,144.4199981689453,144.94000244140625,136.77999877929688,138.86000061035156,136.40631103515625,719700,0.0,0.0
2019-10-25 00:00:00-04:00,138.9499969482422,141.13999938964844,138.4600067138672,140.88999938964844,138.4005126953125,412900,0.0,0.0
2019-10-28 00:00:00-04:00,140.9600067138672,143.1199951171875,140.5,142.49000549316406,139.97222900390625,304000,0.0,0.0
2019-10-29 00:00:00-04:00,142.2100067138672,144.9600067138672,142.11000061035156,143.42999267578125,140.89559936523438,362600,0.0,0.0
2019-10-30 00:00:00-04:00,143.02000427246094,144.89999389648438,142.69000244140625,144.50999450683594,141.95652770996094,408800,0.0,0.0
2019-10-31 00:00:00-04:00,144.3000030517578,145.1999969482422,142.22000122070312,143.83999633789062,141.2983856201172,413900,0.0,0.0
2019-11-01 00:00:00-04:00,144.8699951171875,147.6699981689453,144.27999877929688,147.13999938964844,144.54006958007812,307000,0.0,0.0
2019-11-04 00:00:00-05:00,147.92999267578125,148.11000061035156,146.0399932861328,147.74000549316406,145.12950134277344,358500,0.0,0.0
2019-11-05 00:00:00-05:00,147.60000610351562,147.8000030517578,146.07000732421875,146.91000366210938,144.31414794921875,510100,0.0,0.0
2019-11-06 00:00:00-05:00,147.1300048828125,148.60000610351562,146.5800018310547,147.35000610351562,144.74636840820312,546200,0.0,0.0
2019-11-07 00:00:00-05:00,147.91000366210938,148.60000610351562,147.22999572753906,147.7899932861328,145.17857360839844,275900,0.0,0.0
2019-11-08 00:00:00-05:00,147.63999938964844,148.36000061035156,146.41000366210938,147.72999572753906,145.11962890625,543300,0.0,0.0
2019-11-11 00:00:00-05:00,146.92999267578125,148.9499969482422,146.6699981689453,147.35000610351562,144.74636840820312,241100,0.0,0.0
2019-11-12 00:00:00-05:00,147.6699981689453,148.8800048828125,146.9600067138672,147.55999755859375,144.95260620117188,370900,0.0,0.0
2019-11-13 00:00:00-05:00,146.97000122070312,148.5500030517578,146.66000366210938,148.2100067138672,145.59120178222656,365300,0.0,0.0
2019-11-14 00:00:00-05:00,147.97000122070312,148.9600067138672,147.3300018310547,148.69000244140625,146.06268310546875,206800,0.0,0.0
2019-11-15 00:00:00-05:00,149.1199951171875,150.58999633789062,148.77999877929688,150.14999389648438,147.49688720703125,276800,0.0,0.0
2019-11-18 00:00:00-05:00,150.0,151.14999389648438,148.7899932861328,149.1300048828125,146.49493408203125,341900,0.0,0.0
2019-11-19 00:00:00-05:00,149.91000366210938,150.57000732421875,149.07000732421875,149.72000122070312,147.0745086669922,322400,0.0,0.0
2019-11-20 00:00:00-05:00,149.22000122070312,150.60000610351562,147.9499969482422,149.60000610351562,146.9565887451172,530400,0.0,0.0
2019-11-21 00:00:00-05:00,149.77000427246094,149.77000427246094,147.14999389648438,147.35000610351562,144.74636840820312,367400,0.0,0.0
2019-11-22 00:00:00-05:00,147.52999877929688,147.7100067138672,146.16000366210938,146.39999389648438,143.8131561279297,286300,0.0,0.0
2019-11-25 00:00:00-05:00,146.97000122070312,147.8699951171875,145.80999755859375,146.17999267578125,143.59703063964844,458300,0.0,0.0
2019-11-26 00:00:00-05:00,146.24000549316406,148.42999267578125,145.30999755859375,148.13999938964844,145.52239990234375,3416800,0.0,0.0
2019-11-27 00:00:00-05:00,148.67999267578125,150.3000030517578,148.22000122070312,150.24000549316406,147.5852813720703,472300,0.0,0.0
2019-11-29 00:00:00-05:00,149.85000610351562,150.8800048828125,146.80999755859375,147.02999877929688,144.43199157714844,157800,0.0,0.0
2019-12-02 00:00:00-05:00,147.1300048828125,149.63999938964844,145.75999450683594,149.42999267578125,146.78958129882812,592800,0.0,0.0
2019-12-03 00:00:00-05:00,148.1300048828125,149.42999267578125,146.49000549316406,147.36000061035156,144.7561798095703,372500,0.0,0.0
2019-12-04 00:00:00-05:00,148.5500030517578,150.30999755859375,147.25999450683594,147.5800018310547,144.97225952148438,563100,0.0,0.0
2019-12-05 00:00:00-05:00,147.72000122070312,147.97000122070312,146.6199951171875,147.3699951171875,144.76602172851562,293900,0.0,0.0
2019-12-06 00:00:00-05:00,148.08999633789062,148.8300018310547,147.33999633789062,147.47000122070312,144.86419677734375,430900,0.0,0.0
2019-12-09 00:00:00-05:00,147.4600067138672,147.4600067138672,144.55999755859375,144.72999572753906,142.1726531982422,247600,0.0,0.0
2019-12-10 00:00:00-05:00,145.27999877929688,146.41000366210938,144.80999755859375,145.36000061035156,142.79156494140625,267900,0.0,0.0
2019-12-11 00:00:00-05:00,145.39999389648438,146.8800048828125,145.38999938964844,146.6699981689453,144.07833862304688,287300,0.0,0.0
2019-12-12 00:00:00-05:00,143.38999938964844,146.49000549316406,141.36000061035156,146.41000366210938,143.82290649414062,449800,0.0,0.0
2019-12-13 00:00:00-05:00,145.91000366210938,146.97999572753906,144.83999633789062,146.3699951171875,143.78366088867188,341600,0.0,0.0
2019-12-16 00:00:00-05:00,148.1199951171875,149.97999572753906,147.0800018310547,147.25,144.64808654785156,500100,0.0,0.0
2019-12-17 00:00:00-05:00,147.72000122070312,148.4600067138672,146.22000122070312,148.38999938964844,145.76797485351562,444400,0.0,0.0
2019-12-18 00:00:00-05:00,148.72000122070312,149.5,147.6999969482422,149.3000030517578,146.66188049316406,343100,0.0,0.0
2019-12-19 00:00:00-05:00,149.5399932861328,150.1999969482422,148.61000061035156,149.44000244140625,146.79945373535156,558800,0.0,0.0
2019-12-20 00:00:00-05:00,150.16000366210938,151.38999938964844,148.88999938964844,150.83999633789062,148.1747283935547,532300,0.0,0.0
2019-12-23 00:00:00-05:00,151.0,151.8300018310547,149.5,151.2100067138672,148.5381622314453,155500,0.0,0.0
2019-12-24 00:00:00-05:00,150.99000549316406,152.08999633789062,150.05999755859375,150.72999572753906,148.06663513183594,83600,0.0,0.0
2019-12-26 00:00:00-05:00,151.0399932861328,151.1199951171875,150.17999267578125,150.77000427246094,148.1059112548828,118300,0.0,0.0
2019-12-27 00:00:00-05:00,151.42999267578125,152.1199951171875,150.39999389648438,150.80999755859375,148.14520263671875,176300,0.0,0.0
2019-12-30 00:00:00-05:00,150.8699951171875,151.32000732421875,149.74000549316406,150.80999755859375,148.14520263671875,200800,0.0,0.0
2019-12-31 00:00:00-05:00,150.66000366210938,151.57000732421875,149.8800048828125,150.3300018310547,147.67372131347656,480600,0.0,0.0
2020-01-02 00:00:00-05:00,150.25,152.5,149.38999938964844,151.74000549316406,149.05882263183594,527800,0.0,0.0
2020-01-03 00:00:00-05:00,149.6999969482422,152.3699951171875,148.72000122070312,152.13999938964844,149.45172119140625,316100,0.0,0.0
2020-01-06 00:00:00-05:00,151.35000610351562,152.61000061035156,150.99000549316406,152.22000122070312,149.5303192138672,331900,0.0,0.0
2020-01-07 00:00:00-05:00,151.7899932861328,152.42999267578125,150.6300048828125,151.8300018310547,149.147216796875,289800,0.0,0.0
2020-01-08 00:00:00-05:00,151.97999572753906,151.99000549316406,149.74000549316406,149.77999877929688,147.13339233398438,533900,0.0,0.0
2020-01-09 00:00:00-05:00,150.6199951171875,152.0,150.50999450683594,151.4600067138672,148.78375244140625,726600,0.0,0.0
2020-01-10 00:00:00-05:00,152.0,153.64999389648438,151.13999938964844,152.6300048828125,149.9330596923828,469500,0.0,0.0
2020-01-13 00:00:00-05:00,152.77000427246094,156.27999877929688,152.77000427246094,155.94000244140625,153.18455505371094,606300,0.0,0.0
2020-01-14 00:00:00-05:00,155.9499969482422,157.5500030517578,155.42999267578125,156.49000549316406,153.7248992919922,453500,0.0,0.0
2020-01-15 00:00:00-05:00,156.3699951171875,158.72000122070312,156.3699951171875,157.19000244140625,154.41249084472656,415100,0.0,0.0
2020-01-16 00:00:00-05:00,157.5,158.57000732421875,156.9499969482422,158.36000061035156,155.56182861328125,452600,0.0,0.0
2020-01-17 00:00:00-05:00,158.77999877929688,159.2100067138672,157.1199951171875,157.58999633789062,154.80545043945312,348400,0.0,0.0
2020-01-21 00:00:00-05:00,156.9199981689453,158.2100067138672,156.9199981689453,157.61000061035156,154.98243713378906,311300,0.16,0.0
2020-01-22 00:00:00-05:00,158.07000732421875,158.67999267578125,156.85000610351562,157.22000122070312,154.59893798828125,506200,0.0,0.0
2020-01-23 00:00:00-05:00,156.77000427246094,157.69000244140625,156.4199981689453,156.5500030517578,153.9401092529297,814600,0.0,0.0
2020-01-24 00:00:00-05:00,157.0399932861328,157.22999572753906,155.32000732421875,155.75,153.15341186523438,391200,0.0,0.0
2020-01-27 00:00:00-05:00,153.85000610351562,156.6999969482422,152.8800048828125,155.49000549316406,152.89776611328125,615500,0.0,0.0
2020-01-28 00:00:00-05:00,156.0,157.6300048828125,155.9199981689453,157.3300018310547,154.7071075439453,204800,0.0,0.0
2020-01-29 00:00:00-05:00,157.44000244140625,159.2899932861328,156.97999572753906,158.11000061035156,155.47409057617188,261200,0.0,0.0
2020-01-30 00:00:00-05:00,157.47999572753906,159.0800018310547,156.9600067138672,157.9499969482422,155.3167266845703,331600,0.0,0.0
2020-01-31 00:00:00-05:00,157.0800018310547,157.50999450683594,155.07000732421875,155.9499969482422,153.35006713867188,567900,0.0,0.0
2020-02-03 00:00:00-05:00,156.60000610351562,158.47999572753906,156.60000610351562,158.2899932861328,155.6510772705078,324100,0.0,0.0
2020-02-04 00:00:00-05:00,159.82000732421875,161.2100067138672,158.4600067138672,158.94000244140625,156.29026794433594,376800,0.0,0.0
2020-02-05 00:00:00-05:00,159.8000030517578,161.0,159.11000061035156,159.57000732421875,156.90975952148438,474900,0.0,0.0
2020-02-06 00:00:00-05:00,159.66000366210938,160.5500030517578,158.8000030517578,160.3800048828125,157.7062530517578,197300,0.0,0.0
2020-02-07 00:00:00-05:00,160.02999877929688,160.25999450683594,158.42999267578125,159.08999633789062,156.437744140625,227100,0.0,0.0
2020-02-10 00:00:00-05:00,158.8300018310547,160.16000366210938,158.44000244140625,160.05999755859375,157.39157104492188,182300,0.0,0.0
2020-02-11 00:00:00-05:00,160.91000366210938,162.4499969482422,160.7100067138672,162.1999969482422,159.4958953857422,247100,0.0,0.0
2020-02-12 00:00:00-05:00,162.33999633789062,162.85000610351562,161.0,162.1999969482422,159.4958953857422,464600,0.0,0.0
2020-02-13 00:00:00-05:00,165.4600067138672,175.11000061035156,165.4600067138672,174.3800048828125,171.47280883789062,615000,0.0,0.0
2020-02-14 00:00:00-05:00,174.77999877929688,175.2100067138672,172.1199951171875,174.57000732421875,171.65969848632812,396900,0.0,0.0
2020-02-18 00:00:00-05:00,174.38999938964844,175.19000244140625,173.0,173.22000122070312,170.3321533203125,477900,0.0,0.0
2020-02-19 00:00:00-05:00,172.5800018310547,176.66000366210938,169.92999267578125,174.75999450683594,171.84649658203125,473500,0.0,0.0
2020-02-20 00:00:00-05:00,173.33999633789062,174.5,170.4600067138672,171.6699981689453,168.80799865722656,481500,0.0,0.0
2020-02-21 00:00:00-05:00,171.47000122070312,171.72000122070312,169.75999450683594,170.16000366210938,167.3231964111328,307100,0.0,0.0
2020-02-24 00:00:00-05:00,166.49000549316406,168.6999969482422,165.14999389648438,166.88999938964844,164.10769653320312,337600,0.0,0.0
2020-02-25 00:00:00-05:00,167.30999755859375,167.69000244140625,162.35000610351562,162.57000732421875,159.85972595214844,448300,0.0,0.0
2020-02-26 00:00:00-05:00,162.66000366210938,164.6300048828125,158.3000030517578,158.3000030517578,155.66094970703125,483200,0.0,0.0
2020-02-27 00:00:00-05:00,155.4600067138672,160.52999877929688,154.80999755859375,154.80999755859375,152.22914123535156,468100,0.0,0.0
2020-02-28 00:00:00-05:00,151.55999755859375,152.80999755859375,147.57000732421875,150.55999755859375,148.04994201660156,834400,0.0,0.0
2020-03-02 00:00:00-05:00,151.5399932861328,156.6699981689453,150.58999633789062,156.49000549316406,153.88113403320312,446500,0.0,0.0
2020-03-03 00:00:00-05:00,156.72000122070312,159.91000366210938,151.9199981689453,153.97999572753906,151.41290283203125,485900,0.0,0.0
2020-03-04 00:00:00-05:00,157.0500030517578,159.3300018310547,155.5,158.89999389648438,156.25094604492188,489200,0.0,0.0
2020-03-05 00:00:00-05:00,156.19000244140625,157.24000549316406,151.32000732421875,153.47999572753906,150.92127990722656,301300,0.0,0.0
2020-03-06 00:00:00-05:00,149.7899932861328,150.27000427246094,145.99000549316406,149.9499969482422,147.4501495361328,552300,0.0,0.0
2020-03-09 00:00:00-04:00,149.0,149.0,138.75,139.8000030517578,137.46934509277344,735800,0.0,0.0
2020-03-10 00:00:00-04:00,143.13999938964844,144.44000244140625,136.64999389648438,143.5399932861328,141.14695739746094,571800,0.0,0.0
2020-03-11 00:00:00-04:00,140.08999633789062,149.5,139.44000244140625,147.8300018310547,145.36546325683594,1013700,0.0,0.0
2020-03-12 00:00:00-04:00,140.50999450683594,147.0399932861328,139.3699951171875,142.75999450683594,140.37998962402344,1054200,0.0,0.0
2020-03-13 00:00:00-04:00,146.99000549316406,148.8000030517578,136.0500030517578,146.11000061035156,143.67416381835938,930800,0.0,0.0
2020-03-16 00:00:00-04:00,137.08999633789062,139.92999267578125,129.8699951171875,130.47000122070312,128.29486083984375,971800,0.0,0.0
2020-03-17 00:00:00-04:00,132.83999633789062,145.1300048828125,129.5500030517578,143.08999633789062,140.70449829101562,891200,0.0,0.0
2020-03-18 00:00:00-04:00,135.47000122070312,151.6300048828125,130.50999450683594,143.49000549316406,141.0978546142578,823100,0.0,0.0
2020-03-19 00:00:00-04:00,143.49000549316406,146.41000366210938,135.11000061035156,139.27999877929688,136.95806884765625,683900,0.0,0.0
2020-03-20 00:00:00-04:00,137.55999755859375,139.49000549316406,130.0399932861328,130.64999389648438,128.47189331054688,709600,0.0,0.0
2020-03-23 00:00:00-04:00,130.4499969482422,132.6199951171875,124.52999877929688,128.9600067138672,126.81006622314453,555400,0.0,0.0
2020-03-24 00:00:00-04:00,134.11000061035156,140.85000610351562,132.0,135.47999572753906,133.2213592529297,623400,0.0,0.0
2020-03-25 00:00:00-04:00,135.97000122070312,139.99000549316406,132.02000427246094,135.30999755859375,133.05419921875,483100,0.0,0.0
2020-03-26 00:00:00-04:00,136.42999267578125,146.42999267578125,136.42999267578125,146.42999267578125,143.9888153076172,671400,0.0,0.0
2020-03-27 00:00:00-04:00,142.7899932861328,146.38999938964844,138.66000366210938,141.0800018310547,138.72801208496094,546600,0.0,0.0
2020-03-30 00:00:00-04:00,143.72999572753906,152.47999572753906,143.66000366210938,151.80999755859375,149.27906799316406,445100,0.0,0.0
2020-03-31 00:00:00-04:00,153.02000427246094,159.8300018310547,151.6699981689453,152.25,149.71180725097656,555600,0.0,0.0
2020-04-01 00:00:00-04:00,149.27000427246094,153.32000732421875,145.77999877929688,149.8000030517578,147.30262756347656,481000,0.0,0.0
2020-04-02 00:00:00-04:00,149.0,156.55999755859375,148.14999389648438,155.67999267578125,153.08460998535156,495200,0.0,0.0
2020-04-03 00:00:00-04:00,154.27999877929688,156.4199981689453,149.72999572753906,151.35000610351562,148.82676696777344,604600,0.0,0.0
2020-04-06 00:00:00-04:00,156.0,162.0,153.99000549316406,161.3000030517578,158.61093139648438,351500,0.0,0.0
2020-04-07 00:00:00-04:00,165.83999633789062,167.8300018310547,157.02999877929688,158.13999938964844,155.5035858154297,535800,0.0,0.0
2020-04-08 00:00:00-04:00,157.82000732421875,164.8000030517578,154.39999389648438,164.7899932861328,162.04273986816406,401300,0.0,0.0
2020-04-09 00:00:00-04:00,164.7899932861328,166.38999938964844,159.10000610351562,162.92999267578125,160.2136993408203,380400,0.0,0.0
2020-04-13 00:00:00-04:00,160.75999450683594,162.4600067138672,156.9199981689453,159.8800048828125,157.21456909179688,336000,0.0,0.0
2020-04-14 00:00:00-04:00,164.0,167.80999755859375,161.52999877929688,167.08999633789062,164.30433654785156,355600,0.0,0.0
2020-04-15 00:00:00-04:00,164.13999938964844,168.82000732421875,163.75999450683594,165.00999450683594,162.259033203125,389400,0.0,0.0
2020-04-16 00:00:00-04:00,166.19000244140625,168.66000366210938,165.22999572753906,167.5800018310547,164.78622436523438,363400,0.0,0.0
2020-04-17 00:00:00-04:00,170.25999450683594,170.99000549316406,168.08999633789062,169.97999572753906,167.14620971679688,408500,0.0,0.0
2020-04-20 00:00:00-04:00,168.75999450683594,172.52000427246094,167.85000610351562,170.3699951171875,167.52967834472656,318400,0.0,0.0
2020-04-21 00:00:00-04:00,167.72000122070312,169.1199951171875,163.7899932861328,165.1999969482422,162.5985870361328,359500,0.16,0.0
2020-04-22 00:00:00-04:00,167.50999450683594,170.92999267578125,163.8300018310547,170.1199951171875,167.4411163330078,751500,0.0,0.0
2020-04-23 00:00:00-04:00,179.0500030517578,190.27000427246094,177.1300048828125,187.4199981689453,184.4687042236328,1013600,0.0,0.0
2020-04-24 00:00:00-04:00,190.0,196.25,188.61000061035156,195.5399932861328,192.46075439453125,885000,0.0,0.0
2020-04-27 00:00:00-04:00,195.86000061035156,198.61000061035156,194.14999389648438,197.83999633789062,194.7245635986328,456000,0.0,0.0
2020-04-28 00:00:00-04:00,199.99000549316406,201.7899932861328,192.5500030517578,193.02000427246094,189.98049926757812,335300,0.0,0.0
2020-04-29 00:00:00-04:00,193.17999267578125,195.49000549316406,189.00999450683594,189.60000610351562,186.61436462402344,516800,0.0,0.0
2020-04-30 00:00:00-04:00,188.07000732421875,192.94000244140625,187.10000610351562,189.25999450683594,186.2797393798828,682400,0.0,0.0
2020-05-01 00:00:00-04:00,187.63999938964844,191.77999877929688,185.08999633789062,191.63999938964844,188.62225341796875,352500,0.0,0.0
2020-05-04 00:00:00-04:00,191.11000061035156,191.11000061035156,186.82000732421875,188.32000732421875,185.35450744628906,397200,0.0,0.0
2020-05-05 00:00:00-04:00,190.1699981689453,196.88999938964844,189.94000244140625,194.8000030517578,191.732421875,426600,0.0,0.0
2020-05-06 00:00:00-04:00,195.3000030517578,199.49000549316406,194.14999389648438,197.02000427246094,193.9175262451172,362300,0.0,0.0
2020-05-07 00:00:00-04:00,197.99000549316406,198.8800048828125,195.41000366210938,197.97000122070312,194.85252380371094,413400,0.0,0.0
2020-05-08 00:00:00-04:00,199.75,203.4499969482422,197.88999938964844,200.00999450683594,196.86041259765625,387900,0.0,0.0
2020-05-11 00:00:00-04:00,198.8000030517578,210.97999572753906,198.13999938964844,210.25,206.93917846679688,785800,0.0,0.0
2020-05-12 00:00:00-04:00,212.0,213.7899932861328,205.6300048828125,205.6699981689453,202.4312744140625,505900,0.0,0.0
2020-05-13 00:00:00-04:00,205.4499969482422,209.75,201.08999633789062,203.8699951171875,200.65966796875,475100,0.0,0.0
2020-05-14 00:00:00-04:00,202.33999633789062,210.61000061035156,202.00999450683594,210.35000610351562,207.03762817382812,447600,0.0,0.0
2020-05-15 00:00:00-04:00,210.92999267578125,214.97999572753906,210.1300048828125,214.1699981689453,210.7974395751953,847200,0.0,0.0
2020-05-18 00:00:00-04:00,217.1199951171875,221.9600067138672,216.55999755859375,218.39999389648438,214.96084594726562,427500,0.0,0.0
2020-05-19 00:00:00-04:00,214.25,216.3699951171875,210.9600067138672,211.57000732421875,208.2384033203125,1203000,0.0,0.0
2020-05-20 00:00:00-04:00,214.39999389648438,214.39999389648438,209.14999389648438,210.08999633789062,206.7816925048828,1083600,0.0,0.0
2020-05-21 00:00:00-04:00,209.6999969482422,214.99000549316406,207.64999389648438,211.02000427246094,207.69703674316406,16495700,0.0,0.0
2020-05-22 00:00:00-04:00,212.75,213.66000366210938,209.50999450683594,211.44000244140625,208.1104278564453,536300,0.0,0.0
2020-05-26 00:00:00-04:00,213.74000549316406,214.97999572753906,204.8000030517578,205.9499969482422,202.70687866210938,729200,0.0,0.0
2020-05-27 00:00:00-04:00,204.25,204.99000549316406,195.22000122070312,201.2899932861328,198.12026977539062,915900,0.0,0.0
2020-05-28 00:00:00-04:00,203.0,209.08999633789062,202.97000122070312,206.02999877929688,202.78564453125,755800,0.0,0.0
2020-05-29 00:00:00-04:00,207.67999267578125,217.2100067138672,207.67999267578125,216.0399932861328,212.63803100585938,1589400,0.0,0.0
2020-06-01 00:00:00-04:00,214.5500030517578,216.3699951171875,210.57000732421875,212.13999938964844,208.7994384765625,443200,0.0,0.0
2020-06-02 00:00:00-04:00,210.75,211.64999389648438,207.22000122070312,211.32000732421875,207.9923095703125,526400,0.0,0.0
2020-06-03 00:00:00-04:00,211.19000244140625,212.3300018310547,208.2899932861328,209.3699951171875,206.07301330566406,464200,0.0,0.0
2020-06-04 00:00:00-04:00,208.5500030517578,211.77999877929688,204.1199951171875,205.38999938964844,202.15573120117188,492600,0.0,0.0
2020-06-05 00:00:00-04:00,202.6300048828125,206.60000610351562,201.8000030517578,205.72999572753906,202.49034118652344,546600,0.0,0.0
2020-06-08 00:00:00-04:00,201.5500030517578,207.69000244140625,201.0,207.66000366210938,204.38992309570312,660600,0.0,0.0
2020-06-09 00:00:00-04:00,209.02999877929688,211.5399932861328,206.2100067138672,206.2899932861328,203.04150390625,470100,0.0,0.0
2020-06-10 00:00:00-04:00,207.8000030517578,213.6999969482422,207.5,212.8699951171875,209.5178680419922,598200,0.0,0.0
2020-06-11 00:00:00-04:00,212.10000610351562,213.27999877929688,201.9600067138672,203.77000427246094,200.5612335205078,609700,0.0,0.0
2020-06-12 00:00:00-04:00,206.85000610351562,208.42999267578125,198.16000366210938,200.72999572753906,197.56903076171875,681500,0.0,0.0
2020-06-15 00:00:00-04:00,199.17999267578125,209.8699951171875,197.72000122070312,209.3699951171875,206.07301330566406,707700,0.0,0.0
2020-06-16 00:00:00-04:00,211.1300048828125,211.1300048828125,204.88999938964844,210.47999572753906,207.16552734375,467600,0.0,0.0
2020-06-17 00:00:00-04:00,212.11000061035156,215.25999450683594,210.0,211.25,207.92343139648438,779900,0.0,0.0
2020-06-18 00:00:00-04:00,211.88999938964844,214.32000732421875,211.05999755859375,212.64999389648438,209.30137634277344,692600,0.0,0.0
2020-06-19 00:00:00-04:00,215.9199981689453,216.99000549316406,212.75999450683594,216.58999633789062,213.17930603027344,1186900,0.0,0.0
2020-06-22 00:00:00-04:00,216.22999572753906,219.22000122070312,214.05999755859375,217.8000030517578,214.3702850341797,759400,0.0,0.0
2020-06-23 00:00:00-04:00,219.0,221.9199981689453,216.5500030517578,217.5399932861328,214.11436462402344,922700,0.0,0.0
2020-06-24 00:00:00-04:00,216.5399932861328,219.8000030517578,213.02999877929688,216.50999450683594,213.10061645507812,651300,0.0,0.0
2020-06-25 00:00:00-04:00,217.72999572753906,223.57000732421875,215.16000366210938,223.36000061035156,219.8427276611328,566900,0.0,0.0
2020-06-26 00:00:00-04:00,224.82000732421875,226.6699981689453,220.77999877929688,222.4499969482422,218.94703674316406,1649200,0.0,0.0
2020-06-29 00:00:00-04:00,223.0800018310547,225.89999389648438,216.50999450683594,220.1300048828125,216.66363525390625,615500,0.0,0.0
2020-06-30 00:00:00-04:00,220.3800048828125,227.9600067138672,218.8699951171875,227.1699981689453,223.59271240234375,778900,0.0,0.0
2020-07-01 00:00:00-04:00,227.5500030517578,227.8000030517578,222.97000122070312,224.99000549316406,221.4470672607422,537800,0.0,0.0
2020-07-02 00:00:00-04:00,225.50999450683594,231.36000061035156,225.25999450683594,229.72999572753906,226.11244201660156,509600,0.0,0.0
2020-07-06 00:00:00-04:00,231.80999755859375,236.5399932861328,231.05999755859375,234.14999389648438,230.4628143310547,417400,0.0,0.0
2020-07-07 00:00:00-04:00,233.33999633789062,234.7899932861328,230.6199951171875,230.82000732421875,227.18528747558594,444400,0.0,0.0
2020-07-08 00:00:00-04:00,232.1199951171875,233.8300018310547,229.05999755859375,232.3000030517578,228.64193725585938,439100,0.0,0.0
2020-07-09 00:00:00-04:00,233.83999633789062,236.61000061035156,231.17999267578125,235.92999267578125,232.21478271484375,375800,0.0,0.0
2020-07-10 00:00:00-04:00,235.8300018310547,235.9499969482422,229.92999267578125,232.22999572753906,228.5730438232422,431800,0.0,0.0
2020-07-13 00:00:00-04:00,233.74000549316406,237.02999877929688,228.49000549316406,229.0399932861328,225.4332733154297,587100,0.0,0.0
2020-07-14 00:00:00-04:00,227.02000427246094,233.75999450683594,223.83999633789062,233.27999877929688,229.60650634765625,458300,0.0,0.0
2020-07-15 00:00:00-04:00,237.1999969482422,241.6999969482422,233.52000427246094,241.22000122070312,237.4215087890625,513800,0.0,0.0
2020-07-16 00:00:00-04:00,239.72000122070312,241.75999450683594,238.57000732421875,240.36000061035156,236.57504272460938,359000,0.0,0.0
2020-07-17 00:00:00-04:00,242.0,248.1300048828125,241.99000549316406,246.94000244140625,243.05142211914062,554500,0.0,0.0
2020-07-20 00:00:00-04:00,247.02999877929688,252.61000061035156,246.69000244140625,251.83999633789062,247.87425231933594,446400,0.0,0.0
2020-07-21 00:00:00-04:00,255.33999633789062,255.33999633789062,249.60000610351562,252.86000061035156,248.87818908691406,617200,0.0,0.0
2020-07-22 00:00:00-04:00,253.8800048828125,257.9200134277344,252.8000030517578,255.3699951171875,251.3486785888672,471100,0.0,0.0
2020-07-23 00:00:00-04:00,264.55999755859375,273.7799987792969,260.739990234375,262.05999755859375,257.9333190917969,940800,0.0,0.0
2020-07-24 00:00:00-04:00,260.0,262.8599853515625,253.75,262.6600036621094,258.5238952636719,918600,0.0,0.0
2020-07-27 00:00:00-04:00,265.3900146484375,270.1400146484375,264.3500061035156,267.0299987792969,262.82513427734375,542300,0.0,0.0
2020-07-28 00:00:00-04:00,266.70001220703125,269.6700134277344,263.7099914550781,264.29998779296875,260.2940979003906,432100,0.16,0.0
2020-07-29 00:00:00-04:00,265.67999267578125,271.8299865722656,265.67999267578125,269.6199951171875,265.5333557128906,418200,0.0,0.0
2020-07-30 00:00:00-04:00,266.9800109863281,269.9700012207031,266.32000732421875,268.9599914550781,264.8834228515625,446200,0.0,0.0
2020-07-31 00:00:00-04:00,270.3500061035156,273.2699890136719,267.1300048828125,268.8699951171875,264.7948303222656,618300,0.0,0.0
2020-08-03 00:00:00-04:00,272.3999938964844,279.5400085449219,271.010009765625,278.6400146484375,274.4166564941406,671200,0.0,0.0
2020-08-04 00:00:00-04:00,276.489990234375,277.1600036621094,272.3399963378906,274.44000244140625,270.28033447265625,515500,0.0,0.0
2020-08-05 00:00:00-04:00,275.0,277.1499938964844,273.2200012207031,274.6499938964844,270.4871826171875,462600,0.0,0.0
2020-08-06 00:00:00-04:00,275.79998779296875,276.1199951171875,270.3999938964844,273.8900146484375,269.7386169433594,310000,0.0,0.0
2020-08-07 00:00:00-04:00,273.94000244140625,277.79998779296875,270.95001220703125,273.54998779296875,269.4038391113281,293100,0.0,0.0
2020-08-10 00:00:00-04:00,272.0,273.4100036621094,265.6400146484375,266.3800048828125,262.3424987792969,617900,0.0,0.0
2020-08-11 00:00:00-04:00,267.0,268.2099914550781,261.6000061035156,264.54998779296875,260.5401916503906,684200,0.0,0.0
2020-08-12 00:00:00-04:00,264.44000244140625,274.3399963378906,264.44000244140625,272.44000244140625,268.31060791015625,445800,0.0,0.0
2020-08-13 00:00:00-04:00,272.45001220703125,276.6000061035156,272.239990234375,275.1600036621094,270.98944091796875,289500,0.0,0.0
2020-08-14 00:00:00-04:00,275.1600036621094,276.45001220703125,270.7699890136719,272.4700012207031,268.3402099609375,289100,0.0,0.0
2020-08-17 00:00:00-04:00,274.20001220703125,277.4100036621094,274.0299987792969,274.989990234375,270.82196044921875,341900,0.0,0.0
2020-08-18 00:00:00-04:00,275.5299987792969,277.1499938964844,274.3399963378906,275.30999755859375,271.1371154785156,317700,0.0,0.0
2020-08-19 00:00:00-04:00,276.4599914550781,278.3900146484375,273.7300109863281,274.9200134277344,270.7530822753906,291100,0.0,0.0
2020-08-20 00:00:00-04:00,274.6199951171875,278.2200012207031,274.6199951171875,275.4700012207031,271.29473876953125,294100,0.0,0.0
2020-08-21 00:00:00-04:00,275.7799987792969,276.0,270.3800048828125,271.4800109863281,267.3652648925781,959300,0.0,0.0
2020-08-24 00:00:00-04:00,272.5199890136719,275.1700134277344,267.95001220703125,269.6700134277344,265.5826721191406,655800,0.0,0.0
2020-08-25 00:00:00-04:00,269.8699951171875,275.0,268.5799865722656,274.6000061035156,270.4378662109375,479100,0.0,0.0
2020-08-26 00:00:00-04:00,272.9700012207031,275.70001220703125,270.8900146484375,274.1099853515625,269.9552917480469,332700,0.0,0.0
2020-08-27 00:00:00-04:00,273.5,275.3999938964844,269.55999755859375,273.9200134277344,269.7682800292969,330400,0.0,0.0
2020-08-28 00:00:00-04:00,273.5299987792969,275.1499938964844,270.0299987792969,271.5899963378906,267.4735412597656,261700,0.0,0.0
2020-08-31 00:00:00-04:00,272.0,285.0,272.0,283.9599914550781,279.6560363769531,723000,0.0,0.0
2020-09-01 00:00:00-04:00,285.45001220703125,287.45001220703125,278.75,281.75,277.47955322265625,458200,0.0,0.0
2020-09-02 00:00:00-04:00,283.70001220703125,288.6499938964844,279.1400146484375,288.0199890136719,283.65447998046875,564900,0.0,0.0
2020-09-03 00:00:00-04:00,284.29998779296875,284.29998779296875,264.2699890136719,267.29998779296875,263.24847412109375,668600,0.0,0.0
2020-09-04 00:00:00-04:00,265.739990234375,268.5,254.00999450683594,263.6600036621094,259.6636962890625,432100,0.0,0.0
2020-09-08 00:00:00-04:00,260.42999267578125,266.82000732421875,257.8500061035156,262.6199951171875,258.63946533203125,392300,0.0,0.0
2020-09-09 00:00:00-04:00,267.0299987792969,276.7300109863281,266.30999755859375,272.57000732421875,268.438720703125,410800,0.0,0.0
2020-09-10 00:00:00-04:00,272.57000732421875,278.45001220703125,271.42999267578125,275.3800048828125,271.2060241699219,431300,0.0,0.0
2020-09-11 00:00:00-04:00,277.29998779296875,278.5299987792969,271.17999267578125,272.4100036621094,268.2810363769531,352700,0.0,0.0
2020-09-14 00:00:00-04:00,274.9100036621094,278.57000732421875,274.1700134277344,277.8699951171875,273.6583251953125,396200,0.0,0.0
2020-09-15 00:00:00-04:00,279.5299987792969,285.25,279.0,284.3800048828125,280.06964111328125,353800,0.0,0.0
2020-09-16 00:00:00-04:00,285.3800048828125,287.80999755859375,280.4100036621094,281.2799987792969,277.0166320800781,653000,0.0,0.0
2020-09-17 00:00:00-04:00,278.6499938964844,279.0899963378906,271.2699890136719,274.9599914550781,270.7924499511719,879700,0.0,0.0
2020-09-18 00:00:00-04:00,275.6199951171875,282.69000244140625,274.9800109863281,277.7300109863281,273.5204772949219,1612200,0.0,0.0
2020-09-21 00:00:00-04:00,275.2799987792969,277.4200134277344,269.67999267578125,276.8399963378906,272.64398193359375,669600,0.0,0.0
2020-09-22 00:00:00-04:00,277.17999267578125,277.92999267578125,270.510009765625,277.0400085449219,272.8409423828125,597300,0.0,0.0
2020-09-23 00:00:00-04:00,276.4200134277344,276.4200134277344,267.1000061035156,268.29998779296875,264.2333984375,449400,0.0,0.0
2020-09-24 00:00:00-04:00,267.0,269.0799865722656,261.92999267578125,263.6400146484375,259.64410400390625,494300,0.0,0.0
2020-09-25 00:00:00-04:00,261.2699890136719,270.0799865722656,261.04998779296875,269.510009765625,265.4251403808594,414200,0.0,0.0
2020-09-28 00:00:00-04:00,271.9700012207031,276.29998779296875,270.0,272.3900146484375,268.2614440917969,378600,0.0,0.0
2020-09-29 00:00:00-04:00,273.9800109863281,277.1400146484375,273.489990234375,273.6499938964844,269.5022888183594,248200,0.0,0.0
2020-09-30 00:00:00-04:00,273.7799987792969,277.79998779296875,272.57000732421875,274.8999938964844,270.7333679199219,477600,0.0,0.0
2020-10-01 00:00:00-04:00,278.760009765625,280.5,274.54998779296875,275.7900085449219,271.60986328125,398100,0.0,0.0
2020-10-02 00:00:00-04:00,273.8399963378906,276.42999267578125,270.5199890136719,273.8500061035156,269.6992492675781,281200,0.0,0.0
2020-10-05 00:00:00-04:00,275.79998779296875,288.0799865722656,275.25,287.6400146484375,283.2802734375,873600,0.0,0.0
2020-10-06 00:00:00-04:00,287.3500061035156,295.3900146484375,286.67999267578125,290.3299865722656,285.92950439453125,722600,0.0,0.0
2020-10-07 00:00:00-04:00,291.95001220703125,295.1000061035156,291.6300048828125,292.7099914550781,288.27337646484375,439100,0.0,0.0
2020-10-08 00:00:00-04:00,293.5799865722656,294.8800048828125,289.57000732421875,291.260009765625,286.84539794921875,368300,0.0,0.0
2020-10-09 00:00:00-04:00,292.80999755859375,298.7099914550781,292.4200134277344,298.2799987792969,293.7590026855469,305100,0.0,0.0
2020-10-12 00:00:00-04:00,300.0,302.0400085449219,298.0,301.6600036621094,297.0877990722656,324700,0.0,0.0
2020-10-13 00:00:00-04:00,300.0,303.1400146484375,299.0199890136719,299.4800109863281,294.94085693359375,302100,0.0,0.0
2020-10-14 00:00:00-04:00,299.0299987792969,299.0299987792969,287.1300048828125,288.1499938964844,283.7825012207031,568600,0.0,0.0
2020-10-15 00:00:00-04:00,286.0400085449219,291.8900146484375,282.510009765625,291.3699951171875,286.95361328125,341400,0.0,0.0
2020-10-16 00:00:00-04:00,293.55999755859375,295.6400146484375,291.0400085449219,292.05999755859375,287.6332702636719,298600,0.0,0.0
2020-10-19 00:00:00-04:00,293.0,295.5799865722656,284.3299865722656,286.05999755859375,281.7242431640625,373000,0.0,0.0
2020-10-20 00:00:00-04:00,286.8500061035156,291.79998779296875,285.25,286.9800109863281,282.6302185058594,337400,0.0,0.0
2020-10-21 00:00:00-04:00,287.20001220703125,290.510009765625,280.05999755859375,284.4200134277344,280.10906982421875,336000,0.0,0.0
2020-10-22 00:00:00-04:00,285.04998779296875,286.7099914550781,278.19000244140625,279.4100036621094,275.175048828125,539600,0.0,0.0
2020-10-23 00:00:00-04:00,281.4800109863281,282.7799987792969,277.2900085449219,281.92999267578125,277.65673828125,337400,0.0,0.0
2020-10-26 00:00:00-04:00,278.9700012207031,282.7099914550781,278.57000732421875,280.1099853515625,275.8644104003906,387900,0.0,0.0
2020-10-27 00:00:00-04:00,281.42999267578125,286.55999755859375,280.9700012207031,286.07000732421875,281.7341003417969,416200,0.0,0.0
2020-10-28 00:00:00-04:00,282.1400146484375,284.260009765625,276.3999938964844,280.239990234375,275.9923400878906,495600,0.0,0.0
2020-10-29 00:00:00-04:00,279.54998779296875,280.2799987792969,273.5,275.2300109863281,271.0582580566406,316900,0.0,0.0
2020-10-30 00:00:00-04:00,275.0,276.29998779296875,264.7900085449219,272.07000732421875,267.9462585449219,439100,0.0,0.0
2020-11-02 00:00:00-05:00,273.6700134277344,276.7099914550781,266.7799987792969,271.3999938964844,267.2863464355469,411000,0.0,0.0
2020-11-03 00:00:00-05:00,273.0,279.239990234375,271.6300048828125,277.0299987792969,272.83111572265625,296500,0.0,0.0
2020-11-04 00:00:00-05:00,283.8999938964844,294.1300048828125,283.1499938964844,289.7900085449219,285.397705078125,447000,0.0,0.0
2020-11-05 00:00:00-05:00,294.5199890136719,296.25,289.6000061035156,295.0199890136719,290.54840087890625,309000,0.0,0.0
2020-11-06 00:00:00-05:00,295.8699951171875,299.3299865722656,294.2200012207031,295.79998779296875,291.3166198730469,251500,0.0,0.0
2020-11-09 00:00:00-05:00,303.0,305.0,286.5400085449219,286.5400085449219,282.35919189453125,515300,0.17,0.0
2020-11-10 00:00:00-05:00,286.1400146484375,291.5299987792969,272.7799987792969,279.4200134277344,275.3431091308594,416700,0.0,0.0
2020-11-11 00:00:00-05:00,282.5799865722656,286.80999755859375,281.0299987792969,285.07000732421875,280.9106750488281,437700,0.0,0.0
2020-11-12 00:00:00-05:00,287.44000244140625,292.760009765625,286.9599914550781,289.5899963378906,285.3646545410156,306700,0.0,0.0
2020-11-13 00:00:00-05:00,291.8999938964844,294.3900146484375,288.4599914550781,290.9700012207031,286.7245788574219,241500,0.0,0.0
2020-11-16 00:00:00-05:00,291.5199890136719,293.489990234375,288.7099914550781,292.010009765625,287.7494201660156,280800,0.0,0.0
2020-11-17 00:00:00-05:00,290.79998779296875,290.79998779296875,286.19000244140625,286.7900085449219,282.6055908203125,297700,0.0,0.0
2020-11-18 00:00:00-05:00,286.0299987792969,287.510009765625,281.04998779296875,281.2900085449219,277.185791015625,358000,0.0,0.0
2020-11-19 00:00:00-05:00,281.8699951171875,287.8399963378906,278.19000244140625,281.2200012207031,277.1168518066406,391400,0.0,0.0
2020-11-20 00:00:00-05:00,281.9200134277344,287.07000732421875,281.44000244140625,284.7300109863281,280.57568359375,351300,0.0,0.0
2020-11-23 00:00:00-05:00,284.8999938964844,285.7699890136719,274.1199951171875,275.7200012207031,271.6971435546875,300000,0.0,0.0
2020-11-24 00:00:00-05:00,273.9700012207031,275.5,267.2099914550781,267.7099914550781,263.8039245605469,461100,0.0,0.0
2020-11-25 00:00:00-05:00,268.8500061035156,270.2099914550781,264.05999755859375,269.20001220703125,265.272216796875,378300,0.0,0.0
2020-11-27 00:00:00-05:00,271.6499938964844,278.0,271.6499938964844,277.9599914550781,273.9043273925781,190600,0.0,0.0
2020-11-30 00:00:00-05:00,279.5299987792969,280.5,271.8699951171875,275.1600036621094,271.145263671875,775400,0.0,0.0
2020-12-01 00:00:00-05:00,274.7900085449219,276.6000061035156,271.25,272.010009765625,268.0412292480469,442200,0.0,0.0
2020-12-02 00:00:00-05:00,272.0,276.3299865722656,268.6099853515625,275.3900146484375,271.3719482421875,344700,0.0,0.0
2020-12-03 00:00:00-05:00,274.3599853515625,276.57000732421875,271.1499938964844,272.239990234375,268.2679443359375,281900,0.0,0.0
2020-12-04 00:00:00-05:00,271.7099914550781,274.3500061035156,270.7200012207031,271.54998779296875,267.587890625,312400,0.0,0.0
2020-12-07 00:00:00-05:00,272.1600036621094,273.80999755859375,267.239990234375,268.05999755859375,264.14892578125,367900,0.0,0.0
2020-12-08 00:00:00-05:00,267.0799865722656,268.6000061035156,265.4700012207031,267.2799987792969,263.38031005859375,682900,0.0,0.0
2020-12-09 00:00:00-05:00,267.25,267.8299865722656,260.0,261.1600036621094,257.3494873046875,766000,0.0,0.0
2020-12-10 00:00:00-05:00,260.5,270.1499938964844,259.8299865722656,266.6700134277344,262.7790832519531,687000,0.0,0.0
2020-12-11 00:00:00-05:00,265.2900085449219,265.8399963378906,262.7799987792969,263.9800109863281,260.1283874511719,592900,0.0,0.0
2020-12-14 00:00:00-05:00,265.0,271.7300109863281,263.9700012207031,264.9200134277344,261.0547180175781,393700,0.0,0.0
2020-12-15 00:00:00-05:00,265.5899963378906,268.45001220703125,265.05999755859375,267.17999267578125,263.2815856933594,406500,0.0,0.0
2020-12-16 00:00:00-05:00,268.0799865722656,270.739990234375,264.0,267.6199951171875,263.71527099609375,392700,0.0,0.0
2020-12-17 00:00:00-05:00,269.6499938964844,276.8800048828125,269.6099853515625,273.5799865722656,269.58831787109375,578600,0.0,0.0
2020-12-18 00:00:00-05:00,273.6099853515625,278.17999267578125,269.3299865722656,277.6600036621094,273.6087951660156,973400,0.0,0.0
2020-12-21 00:00:00-05:00,273.8399963378906,276.0899963378906,266.2799987792969,276.0899963378906,272.0616760253906,478700,0.0,0.0
2020-12-22 00:00:00-05:00,276.489990234375,283.32000732421875,275.4599914550781,282.9100036621094,278.7821960449219,462000,0.0,0.0
2020-12-23 00:00:00-05:00,284.17999267578125,285.6600036621094,279.0199890136719,281.42999267578125,277.3236389160156,478400,0.0,0.0
2020-12-24 00:00:00-05:00,281.7900085449219,284.54998779296875,280.3699951171875,282.9599914550781,278.83148193359375,147100,0.0,0.0
2020-12-28 00:00:00-05:00,286.5799865722656,286.5799865722656,277.2799987792969,277.5299987792969,273.4806823730469,213100,0.0,0.0
2020-12-29 00:00:00-05:00,278.19000244140625,280.3399963378906,274.82000732421875,278.3399963378906,274.2789611816406,222700,0.0,0.0
2020-12-30 00:00:00-05:00,280.2900085449219,284.29998779296875,279.0400085449219,279.94000244140625,275.8554382324219,233700,0.0,0.0
2020-12-31 00:00:00-05:00,280.239990234375,283.4800109863281,276.0799865722656,283.30999755859375,279.17633056640625,455600,0.0,0.0
2021-01-04 00:00:00-05:00,283.42999267578125,289.6300048828125,280.0,285.57000732421875,281.4033508300781,483300,0.0,0.0
2021-01-05 00:00:00-05:00,284.6700134277344,291.3399963378906,283.9599914550781,291.0199890136719,286.7738342285156,479000,0.0,0.0
2021-01-06 00:00:00-05:00,286.6499938964844,294.79998779296875,285.0199890136719,294.1400146484375,289.84832763671875,595600,0.0,0.0
2021-01-07 00:00:00-05:00,297.5199890136719,305.07000732421875,294.739990234375,304.05999755859375,299.6235656738281,511000,0.0,0.0
2021-01-08 00:00:00-05:00,305.3900146484375,312.1199951171875,304.510009765625,307.5299987792969,303.0429382324219,437700,0.0,0.0
2021-01-11 00:00:00-05:00,307.1700134277344,307.5,301.489990234375,302.4100036621094,297.9976501464844,351700,0.0,0.0
2021-01-12 00:00:00-05:00,301.1000061035156,303.79998779296875,297.5299987792969,298.489990234375,294.13482666015625,499200,0.0,0.0
2021-01-13 00:00:00-05:00,300.3699951171875,300.4200134277344,295.5799865722656,298.0,293.6520080566406,452700,0.0,0.0
2021-01-14 00:00:00-05:00,298.0199890136719,301.1300048828125,296.7099914550781,298.7200012207031,294.3614807128906,434200,0.0,0.0
2021-01-15 00:00:00-05:00,298.5400085449219,299.8800048828125,294.8299865722656,299.4100036621094,295.04144287109375,351700,0.0,0.0
2021-01-19 00:00:00-05:00,303.1199951171875,304.0,297.4200134277344,300.1199951171875,295.90911865234375,399200,0.17,0.0
2021-01-20 00:00:00-05:00,299.6499938964844,306.6400146484375,298.79998779296875,305.04998779296875,300.7698669433594,418200,0.0,0.0
2021-01-21 00:00:00-05:00,304.42999267578125,305.30999755859375,297.739990234375,299.67999267578125,295.47528076171875,486500,0.0,0.0
2021-01-22 00:00:00-05:00,299.1700134277344,300.9599914550781,296.5199890136719,300.0899963378906,295.8794860839844,516900,0.0,0.0
2021-01-25 00:00:00-05:00,302.44000244140625,309.0400085449219,298.2799987792969,300.260009765625,296.047119140625,418000,0.0,0.0
2021-01-26 00:00:00-05:00,300.3299865722656,301.2799987792969,296.0,299.67999267578125,295.47528076171875,520400,0.0,0.0
2021-01-27 00:00:00-05:00,294.94000244140625,298.20001220703125,290.1499938964844,293.2300109863281,289.11572265625,798200,0.0,0.0
2021-01-28 00:00:00-05:00,294.6300048828125,302.0299987792969,292.8599853515625,298.9200134277344,294.72589111328125,648300,0.0,0.0
2021-01-29 00:00:00-05:00,297.69000244140625,306.739990234375,296.80999755859375,299.489990234375,295.2878723144531,1401200,0.0,0.0
2021-02-01 00:00:00-05:00,300.6000061035156,303.3999938964844,294.260009765625,297.0199890136719,292.8525695800781,793900,0.0,0.0
2021-02-02 00:00:00-05:00,300.0,303.29998779296875,294.6000061035156,294.6000061035156,290.4665222167969,420400,0.0,0.0
2021-02-03 00:00:00-05:00,294.6099853515625,296.7099914550781,287.6400146484375,292.0799865722656,287.9818420410156,666900,0.0,0.0
2021-02-04 00:00:00-05:00,292.8900146484375,295.6499938964844,289.3599853515625,290.25,286.1776123046875,592800,0.0,0.0
2021-02-05 00:00:00-05:00,291.5799865722656,293.989990234375,289.92999267578125,291.3500061035156,287.2621154785156,451200,0.0,0.0
2021-02-08 00:00:00-05:00,292.79998779296875,297.1499938964844,292.45001220703125,294.4599914550781,290.3283996582031,385200,0.0,0.0
2021-02-09 00:00:00-05:00,294.3500061035156,297.010009765625,288.6199951171875,289.8900146484375,285.8226623535156,520900,0.0,0.0
2021-02-10 00:00:00-05:00,290.04998779296875,294.5799865722656,288.260009765625,292.2900085449219,288.1889343261719,334700,0.0,0.0
2021-02-11 00:00:00-05:00,294.94000244140625,295.489990234375,288.42999267578125,291.0899963378906,287.0057373046875,440500,0.0,0.0
2021-02-12 00:00:00-05:00,290.5799865722656,294.2699890136719,289.1499938964844,294.010009765625,289.8847961425781,267900,0.0,0.0
2021-02-16 00:00:00-05:00,293.4100036621094,296.57000732421875,292.989990234375,295.6099853515625,291.46234130859375,417600,0.0,0.0
2021-02-17 00:00:00-05:00,294.1400146484375,296.489990234375,290.7799987792969,293.989990234375,289.8651123046875,415000,0.0,0.0
2021-02-18 00:00:00-05:00,301.989990234375,303.2699890136719,290.8299865722656,296.739990234375,292.57647705078125,639600,0.0,0.0
2021-02-19 00:00:00-05:00,297.67999267578125,298.25,279.3299865722656,281.54998779296875,277.599609375,1055900,0.0,0.0
2021-02-22 00:00:00-05:00,280.82000732421875,280.9599914550781,271.6600036621094,272.6499938964844,268.82452392578125,501300,0.0,0.0
2021-02-23 00:00:00-05:00,270.1099853515625,275.6400146484375,265.42999267578125,274.2900085449219,270.4415588378906,682400,0.0,0.0
2021-02-24 00:00:00-05:00,274.05999755859375,280.1300048828125,272.510009765625,278.9200134277344,275.00653076171875,406300,0.0,0.0
2021-02-25 00:00:00-05:00,278.9200134277344,281.44000244140625,275.6499938964844,277.67999267578125,273.7839050292969,361500,0.0,0.0
2021-02-26 00:00:00-05:00,278.92999267578125,283.9700012207031,276.8299865722656,280.6499938964844,276.71221923828125,668200,0.0,0.0
2021-03-01 00:00:00-05:00,281.69000244140625,285.9700012207031,281.69000244140625,282.989990234375,279.0194396972656,406800,0.0,0.0
2021-03-02 00:00:00-05:00,283.6600036621094,284.9800109863281,277.260009765625,278.1000061035156,274.19805908203125,323900,0.0,0.0
2021-03-03 00:00:00-05:00,276.989990234375,277.04998779296875,267.3800048828125,267.6199951171875,263.8651123046875,457000,0.0,0.0
2021-03-04 00:00:00-05:00,267.739990234375,268.0400085449219,255.2100067138672,257.2900085449219,253.6800537109375,566400,0.0,0.0
2021-03-05 00:00:00-05:00,259.489990234375,263.0,253.86000061035156,262.3999938964844,258.71832275390625,568100,0.0,0.0
2021-03-08 00:00:00-05:00,262.3900146484375,267.510009765625,259.1400146484375,261.3500061035156,257.6830749511719,424400,0.0,0.0
2021-03-09 00:00:00-05:00,265.4599914550781,274.3699951171875,265.4200134277344,267.4200134277344,263.66790771484375,368600,0.0,0.0
2021-03-10 00:00:00-05:00,271.1400146484375,276.8299865722656,266.6600036621094,267.7300109863281,263.9735412597656,365100,0.0,0.0
2021-03-11 00:00:00-05:00,270.6400146484375,273.7900085449219,268.8699951171875,272.8900146484375,269.06103515625,279000,0.0,0.0
2021-03-12 00:00:00-05:00,271.9800109863281,275.2799987792969,270.7699890136719,274.1199951171875,270.2738952636719,254000,0.0,0.0
2021-03-15 00:00:00-04:00,274.0,276.54998779296875,271.7200012207031,276.0199890136719,272.1472473144531,324300,0.0,0.0
2021-03-16 00:00:00-04:00,277.5199890136719,279.4599914550781,273.3299865722656,274.1700134277344,270.3232116699219,293900,0.0,0.0
2021-03-17 00:00:00-04:00,271.5299987792969,276.8900146484375,270.6300048828125,274.5899963378906,270.7373046875,347000,0.0,0.0
2021-03-18 00:00:00-04:00,272.8399963378906,274.7699890136719,268.4200134277344,268.95001220703125,265.1763916015625,451500,0.0,0.0
2021-03-19 00:00:00-04:00,268.9100036621094,279.5799865722656,268.9100036621094,277.1499938964844,273.2613220214844,831400,0.0,0.0
2021-03-22 00:00:00-04:00,276.6300048828125,283.1300048828125,275.57000732421875,282.489990234375,278.52642822265625,358100,0.0,0.0
2021-03-23 00:00:00-04:00,283.07000732421875,286.0,281.7699890136719,283.25,279.2757263183594,364500,0.0,0.0
2021-03-24 00:00:00-04:00,282.95001220703125,283.8699951171875,275.5799865722656,278.0799865722656,274.1783447265625,374700,0.0,0.0
2021-03-25 00:00:00-04:00,278.6700134277344,278.6700134277344,269.5799865722656,275.45001220703125,271.5852966308594,478100,0.0,0.0
2021-03-26 00:00:00-04:00,276.4599914550781,280.7200012207031,273.94000244140625,280.30999755859375,276.3771057128906,476400,0.0,0.0
2021-03-29 00:00:00-04:00,278.19000244140625,283.3500061035156,275.69000244140625,280.510009765625,276.5742492675781,365000,0.0,0.0
2021-03-30 00:00:00-04:00,278.239990234375,280.19000244140625,276.510009765625,278.3399963378906,274.43463134765625,372300,0.0,0.0
2021-03-31 00:00:00-04:00,279.0899963378906,284.2300109863281,276.07000732421875,281.7799987792969,277.8263244628906,704600,0.0,0.0
2021-04-01 00:00:00-04:00,283.9599914550781,285.0199890136719,278.8999938964844,284.7699890136719,280.7745056152344,394200,0.0,0.0
2021-04-05 00:00:00-04:00,286.739990234375,290.5299987792969,285.2900085449219,289.55999755859375,285.4972839355469,376100,0.0,0.0
2021-04-06 00:00:00-04:00,291.7900085449219,295.29998779296875,289.6199951171875,291.2799987792969,287.1930847167969,332900,0.0,0.0
2021-04-07 00:00:00-04:00,289.9700012207031,291.760009765625,288.6499938964844,289.17999267578125,285.12261962890625,291700,0.0,0.0
2021-04-08 00:00:00-04:00,290.45001220703125,294.260009765625,289.239990234375,291.8800048828125,287.7847595214844,277900,0.0,0.0
2021-04-09 00:00:00-04:00,292.20001220703125,296.54998779296875,291.32000732421875,296.5199890136719,292.3596496582031,201700,0.0,0.0
2021-04-12 00:00:00-04:00,296.5199890136719,298.6499938964844,295.1600036621094,296.94000244140625,292.7735900878906,334700,0.0,0.0
2021-04-13 00:00:00-04:00,298.54998779296875,306.8900146484375,298.42999267578125,306.45001220703125,302.1502990722656,323900,0.0,0.0
2021-04-14 00:00:00-04:00,305.8999938964844,307.4599914550781,298.94000244140625,300.05999755859375,295.8499450683594,421600,0.0,0.0
2021-04-15 00:00:00-04:00,301.32000732421875,311.54998779296875,301.1600036621094,310.95001220703125,306.5871276855469,364500,0.0,0.0
2021-04-16 00:00:00-04:00,311.8800048828125,314.8399963378906,308.75,313.8299865722656,309.4267272949219,363200,0.0,0.0
2021-04-19 00:00:00-04:00,311.7699890136719,317.19000244140625,311.7699890136719,316.7900085449219,312.3452453613281,335900,0.0,0.0
2021-04-20 00:00:00-04:00,316.1099853515625,319.82000732421875,316.0400085449219,319.19000244140625,314.8805236816406,316900,0.17,0.0
2021-04-21 00:00:00-04:00,320.0,324.6600036621094,317.7200012207031,323.8299865722656,319.45782470703125,408800,0.0,0.0
2021-04-22 00:00:00-04:00,325.510009765625,326.510009765625,319.04998779296875,321.8399963378906,317.49462890625,406100,0.0,0.0
2021-04-23 00:00:00-04:00,322.2799987792969,326.0,319.5,323.67999267578125,319.30987548828125,309700,0.0,0.0
2021-04-26 00:00:00-04:00,324.32000732421875,325.1400146484375,322.0199890136719,322.4100036621094,318.05706787109375,319900,0.0,0.0
2021-04-27 00:00:00-04:00,321.4200134277344,323.5299987792969,318.6300048828125,320.3500061035156,316.02484130859375,403600,0.0,0.0
2021-04-28 00:00:00-04:00,321.1700134277344,324.510009765625,319.2900085449219,322.2200012207031,317.86962890625,316000,0.0,0.0
2021-04-29 00:00:00-04:00,325.0,333.5799865722656,322.95001220703125,324.54998779296875,320.16815185546875,514600,0.0,0.0
2021-04-30 00:00:00-04:00,324.8399963378906,330.8800048828125,323.5400085449219,328.5199890136719,324.0845947265625,917100,0.0,0.0
2021-05-03 00:00:00-04:00,328.07000732421875,334.8399963378906,327.4700012207031,329.8800048828125,325.4261779785156,663500,0.0,0.0
2021-05-04 00:00:00-04:00,328.8399963378906,329.3800048828125,324.19000244140625,329.20001220703125,324.7553405761719,515400,0.0,0.0
2021-05-05 00:00:00-04:00,330.0299987792969,330.0299987792969,324.1000061035156,328.6000061035156,324.1634216308594,314900,0.0,0.0
2021-05-06 00:00:00-04:00,328.9700012207031,329.4200134277344,324.55999755859375,329.4200134277344,324.9723815917969,224700,0.0,0.0
2021-05-07 00:00:00-04:00,330.0400085449219,334.6400146484375,329.7099914550781,333.67999267578125,329.17486572265625,278200,0.0,0.0
2021-05-10 00:00:00-04:00,333.95001220703125,336.54998779296875,330.3299865722656,333.7300109863281,329.2242431640625,430700,0.0,0.0
2021-05-11 00:00:00-04:00,330.07000732421875,339.6499938964844,329.20001220703125,335.2200012207031,330.694091796875,458400,0.0,0.0
2021-05-12 00:00:00-04:00,330.7799987792969,332.3500061035156,324.0,324.79998779296875,320.41473388671875,495300,0.0,0.0
2021-05-13 00:00:00-04:00,326.6700134277344,330.2799987792969,325.0199890136719,328.29998779296875,323.8675231933594,472400,0.0,0.0
2021-05-14 00:00:00-04:00,330.8299865722656,334.6099853515625,327.3299865722656,333.07000732421875,328.5731506347656,262000,0.0,0.0
2021-05-17 00:00:00-04:00,332.95001220703125,334.739990234375,326.1000061035156,326.70001220703125,322.2890625,288900,0.0,0.0
2021-05-18 00:00:00-04:00,326.3500061035156,329.7900085449219,325.5199890136719,326.8699951171875,322.4567565917969,295800,0.0,0.0
2021-05-19 00:00:00-04:00,323.9800109863281,327.7099914550781,323.0799865722656,325.8699951171875,321.47021484375,317000,0.0,0.0
2021-05-20 00:00:00-04:00,326.4700012207031,333.95001220703125,324.9200134277344,332.7900085449219,328.2967834472656,305900,0.0,0.0
2021-05-21 00:00:00-04:00,334.010009765625,336.55999755859375,333.17999267578125,333.45001220703125,328.9479064941406,680100,0.0,0.0
2021-05-24 00:00:00-04:00,335.82000732421875,339.8900146484375,334.0,339.5199890136719,334.93597412109375,260700,0.0,0.0
2021-05-25 00:00:00-04:00,340.0,346.1700134277344,340.0,345.3599853515625,340.6971435546875,523400,0.0,0.0
2021-05-26 00:00:00-04:00,347.0899963378906,348.260009765625,343.6300048828125,344.3900146484375,339.74029541015625,387600,0.0,0.0
2021-05-27 00:00:00-04:00,343.239990234375,347.8500061035156,341.30999755859375,344.70001220703125,340.0459899902344,1128700,0.0,0.0
2021-05-28 00:00:00-04:00,346.04998779296875,349.260009765625,345.0199890136719,347.510009765625,342.8181457519531,389700,0.0,0.0
2021-06-01 00:00:00-04:00,347.989990234375,349.2900085449219,339.5,340.1600036621094,335.5673522949219,297100,0.0,0.0
2021-06-02 00:00:00-04:00,339.4700012207031,340.92999267578125,333.25,333.7699890136719,329.2635803222656,395300,0.0,0.0
2021-06-03 00:00:00-04:00,331.4599914550781,334.7200012207031,329.5299987792969,332.7699890136719,328.2771301269531,267500,0.0,0.0
2021-06-04 00:00:00-04:00,335.8599853515625,337.3299865722656,332.8699951171875,333.42999267578125,328.92828369140625,233800,0.0,0.0
2021-06-07 00:00:00-04:00,333.0,335.8800048828125,332.54998779296875,333.32000732421875,328.8197021484375,490200,0.0,0.0
2021-06-08 00:00:00-04:00,335.8999938964844,336.2799987792969,328.2799987792969,330.29998779296875,325.8405456542969,387100,0.0,0.0
2021-06-09 00:00:00-04:00,331.7200012207031,336.239990234375,329.5,335.92999267578125,331.39447021484375,443300,0.0,0.0
2021-06-10 00:00:00-04:00,336.8500061035156,343.8699951171875,336.8500061035156,343.7799987792969,339.1384582519531,355700,0.0,0.0
2021-06-11 00:00:00-04:00,342.82000732421875,345.4200134277344,340.32000732421875,345.3299865722656,340.66748046875,218800,0.0,0.0
2021-06-14 00:00:00-04:00,345.92999267578125,345.92999267578125,341.1600036621094,345.1400146484375,340.48016357421875,209800,0.0,0.0
2021-06-15 00:00:00-04:00,346.2699890136719,346.2699890136719,341.75,344.8399963378906,340.18414306640625,253000,0.0,0.0
2021-06-16 00:00:00-04:00,345.9700012207031,348.6199951171875,343.5199890136719,346.1099853515625,341.43701171875,300700,0.0,0.0
2021-06-17 00:00:00-04:00,343.8500061035156,352.989990234375,343.55999755859375,352.0299987792969,347.277099609375,332500,0.0,0.0
2021-06-18 00:00:00-04:00,350.1000061035156,354.05999755859375,350.1000061035156,352.2900085449219,347.5336608886719,572500,0.0,0.0
2021-06-21 00:00:00-04:00,354.20001220703125,358.3399963378906,349.9800109863281,357.5899963378906,352.7620544433594,286900,0.0,0.0
2021-06-22 00:00:00-04:00,357.20001220703125,361.0400085449219,356.5400085449219,360.0899963378906,355.228271484375,244700,0.0,0.0
2021-06-23 00:00:00-04:00,359.6499938964844,361.44000244140625,358.67999267578125,358.70001220703125,353.8570251464844,274000,0.0,0.0
2021-06-24 00:00:00-04:00,360.55999755859375,361.7799987792969,358.8599853515625,359.5400085449219,354.685791015625,235300,0.0,0.0
2021-06-25 00:00:00-04:00,358.92999267578125,361.239990234375,358.0199890136719,360.05999755859375,355.1986083984375,491700,0.0,0.0
2021-06-28 00:00:00-04:00,360.3800048828125,364.5299987792969,359.6199951171875,363.20001220703125,358.2962951660156,274900,0.0,0.0
2021-06-29 00:00:00-04:00,362.94000244140625,364.1300048828125,359.80999755859375,360.0,355.1394958496094,318900,0.0,0.0
2021-06-30 00:00:00-04:00,360.0,360.30999755859375,357.32000732421875,359.1000061035156,354.25164794921875,423400,0.0,0.0
2021-07-01 00:00:00-04:00,359.260009765625,363.1300048828125,359.1099853515625,363.010009765625,358.10894775390625,378700,0.0,0.0
2021-07-02 00:00:00-04:00,363.0799865722656,365.9800109863281,360.19000244140625,365.739990234375,360.8019714355469,291500,0.0,0.0
2021-07-06 00:00:00-04:00,365.6099853515625,369.2099914550781,365.6099853515625,368.989990234375,364.0081787109375,592200,0.0,0.0
2021-07-07 00:00:00-04:00,370.7900085449219,373.5400085449219,368.739990234375,372.6600036621094,367.6285095214844,352500,0.0,0.0
2021-07-08 00:00:00-04:00,369.75,375.3599853515625,366.80999755859375,373.1099853515625,368.07244873046875,473800,0.0,0.0
2021-07-09 00:00:00-04:00,374.4700012207031,375.19000244140625,371.54998779296875,374.19000244140625,369.13787841796875,512300,0.0,0.0
2021-07-12 00:00:00-04:00,376.0799865722656,377.19000244140625,371.95001220703125,375.989990234375,370.9136657714844,297200,0.0,0.0
2021-07-13 00:00:00-04:00,375.989990234375,376.8900146484375,371.0899963378906,372.6499938964844,367.61865234375,242000,0.0,0.0
2021-07-14 00:00:00-04:00,374.0,374.0,370.2200012207031,371.44000244140625,366.4250183105469,192000,0.0,0.0
2021-07-15 00:00:00-04:00,371.1300048828125,374.19000244140625,368.0199890136719,371.9599914550781,366.9380798339844,265000,0.0,0.0
2021-07-16 00:00:00-04:00,373.8599853515625,375.8800048828125,370.6700134277344,373.6600036621094,368.6151123046875,248800,0.0,0.0
2021-07-19 00:00:00-04:00,371.8500061035156,374.989990234375,368.92999267578125,371.0,365.9909973144531,432800,0.0,0.0
2021-07-20 00:00:00-04:00,371.9700012207031,376.75,371.5199890136719,372.69000244140625,367.82672119140625,519400,0.17,0.0
2021-07-21 00:00:00-04:00,372.0299987792969,374.1300048828125,362.510009765625,367.95001220703125,363.1485900878906,340100,0.0,0.0
2021-07-22 00:00:00-04:00,369.0199890136719,375.0,368.010009765625,373.9800109863281,369.09979248046875,247000,0.0,0.0
2021-07-23 00:00:00-04:00,377.0,381.5199890136719,374.5400085449219,381.07000732421875,376.0973815917969,237900,0.0,0.0
2021-07-26 00:00:00-04:00,379.4599914550781,379.6099853515625,373.19000244140625,377.510009765625,372.5838623046875,278100,0.0,0.0
2021-07-27 00:00:00-04:00,377.7900085449219,379.42999267578125,374.79998779296875,378.3800048828125,373.4424743652344,221900,0.0,0.0
2021-07-28 00:00:00-04:00,378.0899963378906,385.29998779296875,377.70001220703125,384.010009765625,378.9990539550781,493800,0.0,0.0
2021-07-29 00:00:00-04:00,385.5,407.0,384.3800048828125,404.9200134277344,399.6361389160156,717400,0.0,0.0
2021-07-30 00:00:00-04:00,406.7200012207031,413.2200012207031,403.489990234375,411.7300109863281,406.3572998046875,679900,0.0,0.0
2021-08-02 00:00:00-04:00,412.3399963378906,416.739990234375,404.3999938964844,415.2300109863281,409.8116149902344,300400,0.0,0.0
2021-08-03 00:00:00-04:00,414.44000244140625,422.7200012207031,414.260009765625,422.19000244140625,416.68072509765625,331000,0.0,0.0
2021-08-04 00:00:00-04:00,421.7900085449219,430.0799865722656,419.9599914550781,428.1400146484375,422.5531311035156,387700,0.0,0.0
2021-08-05 00:00:00-04:00,428.3699951171875,430.1700134277344,420.1099853515625,425.6600036621094,420.10552978515625,204400,0.0,0.0
2021-08-06 00:00:00-04:00,422.6300048828125,428.70001220703125,419.29998779296875,427.489990234375,421.91162109375,285500,0.0,0.0
2021-08-09 00:00:00-04:00,428.7099914550781,430.1700134277344,425.30999755859375,429.010009765625,423.4117431640625,216500,0.0,0.0
2021-08-10 00:00:00-04:00,430.92999267578125,431.1600036621094,424.79998779296875,425.010009765625,419.46392822265625,273900,0.0,0.0
2021-08-11 00:00:00-04:00,426.2900085449219,426.2900085449219,419.4200134277344,422.80999755859375,417.2926025390625,257000,0.0,0.0
2021-08-12 00:00:00-04:00,421.29998779296875,430.2099914550781,420.4100036621094,429.7200012207031,424.112548828125,185900,0.0,0.0
2021-08-13 00:00:00-04:00,430.54998779296875,434.57000732421875,428.0299987792969,434.2799987792969,428.6130065917969,187000,0.0,0.0
2021-08-16 00:00:00-04:00,435.0400085449219,442.04998779296875,433.7699890136719,441.6099853515625,435.847412109375,284700,0.0,0.0
2021-08-17 00:00:00-04:00,439.67999267578125,443.6499938964844,436.7099914550781,441.8500061035156,436.0842590332031,273700,0.0,0.0
2021-08-18 00:00:00-04:00,441.3699951171875,445.75,440.3999938964844,442.2200012207031,436.449462890625,297400,0.0,0.0
2021-08-19 00:00:00-04:00,440.8399963378906,450.20001220703125,440.8399963378906,446.9599914550781,441.1275939941406,374300,0.0,0.0
2021-08-20 00:00:00-04:00,446.3900146484375,450.44000244140625,444.260009765625,449.510009765625,443.64434814453125,254900,0.0,0.0
2021-08-23 00:00:00-04:00,450.8999938964844,450.8999938964844,445.9599914550781,446.57000732421875,440.7426452636719,243200,0.0,0.0
2021-08-24 00:00:00-04:00,447.42999267578125,447.7900085449219,443.6300048828125,445.8800048828125,440.0616455078125,252100,0.0,0.0
2021-08-25 00:00:00-04:00,445.0,446.17999267578125,440.3699951171875,444.5199890136719,438.7193908691406,257200,0.0,0.0
2021-08-26 00:00:00-04:00,444.4800109863281,447.8599853515625,442.6700134277344,446.70001220703125,440.87091064453125,240300,0.0,0.0
2021-08-27 00:00:00-04:00,447.1099853515625,449.5199890136719,443.8599853515625,446.9599914550781,441.1275939941406,255000,0.0,0.0
2021-08-30 00:00:00-04:00,447.1700134277344,452.989990234375,447.1700134277344,451.69000244140625,445.7958679199219,349000,0.0,0.0
2021-08-31 00:00:00-04:00,453.0299987792969,456.6400146484375,447.7900085449219,451.6199951171875,445.7267150878906,513500,0.0,0.0
2021-09-01 00:00:00-04:00,449.6700134277344,454.6499938964844,442.260009765625,453.1199951171875,447.20721435546875,368400,0.0,0.0
2021-09-02 00:00:00-04:00,455.2200012207031,459.8500061035156,453.3599853515625,459.0,453.01043701171875,249400,0.0,0.0
2021-09-03 00:00:00-04:00,457.8399963378906,465.3999938964844,456.0,464.3800048828125,458.3202209472656,295100,0.0,0.0
2021-09-07 00:00:00-04:00,463.4599914550781,463.69000244140625,457.0,461.8599853515625,455.8330993652344,205700,0.0,0.0
2021-09-08 00:00:00-04:00,460.95001220703125,470.4200134277344,460.010009765625,468.4700012207031,462.35687255859375,282700,0.0,0.0
2021-09-09 00:00:00-04:00,471.1199951171875,475.3500061035156,461.07000732421875,461.239990234375,455.22119140625,363200,0.0,0.0
2021-09-10 00:00:00-04:00,464.69000244140625,467.04998779296875,459.0,459.0299987792969,453.0400695800781,340800,0.0,0.0
2021-09-13 00:00:00-04:00,461.17999267578125,462.0799865722656,437.6199951171875,442.2099914550781,436.4396057128906,556000,0.0,0.0
2021-09-14 00:00:00-04:00,444.8999938964844,454.69000244140625,443.4800109863281,452.05999755859375,446.1609802246094,382600,0.0,0.0
2021-09-15 00:00:00-04:00,453.7300109863281,458.8399963378906,450.55999755859375,452.489990234375,446.58544921875,263500,0.0,0.0
2021-09-16 00:00:00-04:00,452.75,458.0400085449219,448.42999267578125,454.4700012207031,448.53961181640625,243900,0.0,0.0
2021-09-17 00:00:00-04:00,453.2099914550781,455.4599914550781,447.5400085449219,448.6199951171875,442.76593017578125,575900,0.0,0.0
2021-09-20 00:00:00-04:00,444.1199951171875,449.8999938964844,440.7699890136719,444.6499938964844,438.8476867675781,321700,0.0,0.0
2021-09-21 00:00:00-04:00,447.69000244140625,451.4800109863281,443.19000244140625,448.1199951171875,442.2724304199219,205600,0.0,0.0
2021-09-22 00:00:00-04:00,450.0,450.3399963378906,440.1199951171875,449.17999267578125,443.3185119628906,254900,0.0,0.0
2021-09-23 00:00:00-04:00,452.4200134277344,459.6199951171875,448.4100036621094,455.2200012207031,449.27972412109375,206400,0.0,0.0
2021-09-24 00:00:00-04:00,454.67999267578125,458.5899963378906,451.67999267578125,457.1099853515625,451.14508056640625,252600,0.0,0.0
2021-09-27 00:00:00-04:00,453.7300109863281,454.54998779296875,440.67999267578125,441.5899963378906,435.8275451660156,328100,0.0,0.0
2021-09-28 00:00:00-04:00,437.3599853515625,437.3599853515625,421.5199890136719,427.42999267578125,421.8524475097656,412900,0.0,0.0
2021-09-29 00:00:00-04:00,429.8399963378906,435.4599914550781,425.94000244140625,432.4100036621094,426.7674255371094,266200,0.0,0.0
2021-09-30 00:00:00-04:00,436.2300109863281,439.7699890136719,424.2799987792969,424.5400085449219,419.0000915527344,564300,0.0,0.0
2021-10-01 00:00:00-04:00,425.0,425.0,406.8399963378906,419.7300109863281,414.2529602050781,522400,0.0,0.0
2021-10-04 00:00:00-04:00,416.70001220703125,417.260009765625,406.1199951171875,409.82000732421875,404.47216796875,593600,0.0,0.0
2021-10-05 00:00:00-04:00,412.9599914550781,420.1099853515625,412.0799865722656,413.4800109863281,408.08447265625,391000,0.0,0.0
2021-10-06 00:00:00-04:00,410.7099914550781,413.7799987792969,405.239990234375,413.2900085449219,407.8968505859375,338800,0.0,0.0
2021-10-07 00:00:00-04:00,416.7699890136719,422.7699890136719,415.1700134277344,417.7200012207031,412.2691955566406,368000,0.0,0.0
2021-10-08 00:00:00-04:00,419.17999267578125,419.95001220703125,406.79998779296875,407.1400146484375,401.8271789550781,209700,0.0,0.0
2021-10-11 00:00:00-04:00,404.5,412.8900146484375,402.19000244140625,403.57000732421875,398.3037414550781,279500,0.0,0.0
2021-10-12 00:00:00-04:00,405.760009765625,408.3599853515625,402.3900146484375,403.20001220703125,397.9385986328125,201800,0.0,0.0
2021-10-13 00:00:00-04:00,405.30999755859375,409.9800109863281,399.1600036621094,402.25,397.0009765625,351500,0.0,0.0
2021-10-14 00:00:00-04:00,407.94000244140625,410.1700134277344,404.07000732421875,407.42999267578125,402.1133728027344,258700,0.0,0.0
2021-10-15 00:00:00-04:00,409.25,409.25,403.760009765625,404.80999755859375,399.527587890625,234300,0.0,0.0
2021-10-18 00:00:00-04:00,402.95001220703125,408.8500061035156,402.44000244140625,408.7200012207031,403.3866271972656,217000,0.0,0.0
2021-10-19 00:00:00-04:00,410.1400146484375,422.9200134277344,410.1400146484375,417.57000732421875,412.12109375,379200,0.0,0.0
2021-10-20 00:00:00-04:00,420.4200134277344,423.1499938964844,413.1099853515625,414.6000061035156,409.1898193359375,261100,0.0,0.0
2021-10-21 00:00:00-04:00,416.7900085449219,422.3500061035156,412.9200134277344,422.2300109863281,416.7203063964844,307900,0.0,0.0
2021-10-22 00:00:00-04:00,421.19000244140625,424.79998779296875,419.1700134277344,421.19000244140625,415.6938781738281,385600,0.0,0.0
2021-10-25 00:00:00-04:00,422.5199890136719,422.5199890136719,415.07000732421875,417.42999267578125,411.9829406738281,432800,0.0,0.0
2021-10-26 00:00:00-04:00,421.82000732421875,424.95001220703125,416.19000244140625,420.29998779296875,414.81549072265625,305500,0.0,0.0
2021-10-27 00:00:00-04:00,422.3399963378906,425.6700134277344,417.3800048828125,421.3399963378906,415.8418273925781,310100,0.0,0.0
2021-10-28 00:00:00-04:00,420.1499938964844,425.9200134277344,403.8399963378906,421.1300048828125,415.6346130371094,693600,0.0,0.0
2021-10-29 00:00:00-04:00,421.0,432.5199890136719,417.6499938964844,429.8800048828125,424.2704772949219,554200,0.0,0.0
2021-11-01 00:00:00-04:00,430.94000244140625,430.94000244140625,419.2699890136719,426.739990234375,421.17138671875,527700,0.0,0.0
2021-11-02 00:00:00-04:00,428.75,439.010009765625,422.54998779296875,438.0299987792969,432.31402587890625,462600,0.0,0.0
2021-11-03 00:00:00-04:00,438.6499938964844,441.1400146484375,429.5,438.2099914550781,432.4917297363281,466200,0.0,0.0
2021-11-04 00:00:00-04:00,435.3299865722656,436.07000732421875,426.0199890136719,433.07000732421875,427.4188232421875,397200,0.0,0.0
2021-11-05 00:00:00-04:00,428.739990234375,432.42999267578125,401.2699890136719,403.7799987792969,398.510986328125,1092700,0.0,0.0
2021-11-08 00:00:00-05:00,405.67999267578125,413.6700134277344,399.6700134277344,413.2699890136719,407.877197265625,502600,0.0,0.0
2021-11-09 00:00:00-05:00,413.9200134277344,418.9100036621094,408.7200012207031,414.1099853515625,408.8843078613281,273000,0.18,0.0
2021-11-10 00:00:00-05:00,411.1400146484375,413.0,406.0199890136719,409.4800109863281,404.3127746582031,365100,0.0,0.0
2021-11-11 00:00:00-05:00,412.1499938964844,416.9700012207031,408.1199951171875,416.8800048828125,411.6194152832031,298900,0.0,0.0
2021-11-12 00:00:00-05:00,418.8699951171875,420.8599853515625,412.8800048828125,419.2099914550781,413.919921875,227900,0.0,0.0
2021-11-15 00:00:00-05:00,418.0,422.8399963378906,417.82000732421875,422.4599914550781,417.12890625,252800,0.0,0.0
2021-11-16 00:00:00-05:00,424.0,442.44000244140625,423.6600036621094,442.2300109863281,436.6493835449219,417200,0.0,0.0
2021-11-17 00:00:00-05:00,445.0,449.3299865722656,439.6199951171875,444.6600036621094,439.0488586425781,341700,0.0,0.0
2021-11-18 00:00:00-05:00,448.44000244140625,450.260009765625,444.44000244140625,449.3599853515625,443.6894226074219,305600,0.0,0.0
2021-11-19 00:00:00-05:00,452.0,455.80999755859375,446.010009765625,448.45001220703125,442.7909851074219,338300,0.0,0.0
2021-11-22 00:00:00-05:00,449.30999755859375,451.2099914550781,437.5299987792969,437.67999267578125,432.1568603515625,302700,0.0,0.0
2021-11-23 00:00:00-05:00,432.70001220703125,435.30999755859375,423.3699951171875,430.69000244140625,425.2550354003906,308000,0.0,0.0
2021-11-24 00:00:00-05:00,429.2099914550781,434.1199951171875,425.70001220703125,433.7200012207031,428.2469177246094,280600,0.0,0.0
2021-11-26 00:00:00-05:00,436.260009765625,455.4100036621094,436.260009765625,438.8800048828125,433.3417053222656,279300,0.0,0.0
2021-11-29 00:00:00-05:00,439.9200134277344,454.9800109863281,436.3699951171875,447.3800048828125,441.7344665527344,455400,0.0,0.0
2021-11-30 00:00:00-05:00,448.5199890136719,457.989990234375,439.010009765625,442.6600036621094,437.073974609375,1021300,0.0,0.0
2021-12-01 00:00:00-05:00,442.30999755859375,444.9700012207031,426.9200134277344,435.4100036621094,429.9154357910156,378200,0.0,0.0
2021-12-02 00:00:00-05:00,432.9100036621094,442.54998779296875,432.9100036621094,437.3900146484375,431.8704833984375,545400,0.0,0.0
2021-12-03 00:00:00-05:00,440.0,446.3399963378906,427.3900146484375,434.1300048828125,428.6516418457031,404400,0.0,0.0
2021-12-06 00:00:00-05:00,433.510009765625,440.1099853515625,419.2099914550781,423.5799865722656,418.23480224609375,516700,0.0,0.0
2021-12-07 00:00:00-05:00,430.45001220703125,435.7200012207031,426.6099853515625,429.9700012207031,424.544189453125,368900,0.0,0.0
2021-12-08 00:00:00-05:00,432.260009765625,436.0400085449219,425.7099914550781,435.510009765625,430.0142822265625,327500,0.0,0.0
2021-12-09 00:00:00-05:00,436.3800048828125,438.4200134277344,429.0299987792969,429.19000244140625,423.7740783691406,298200,0.0,0.0
2021-12-10 00:00:00-05:00,429.05999755859375,434.9800109863281,427.6700134277344,431.57000732421875,426.1239929199219,232000,0.0,0.0
2021-12-13 00:00:00-05:00,433.04998779296875,442.3500061035156,429.9800109863281,440.9100036621094,435.3460998535156,295400,0.0,0.0
2021-12-14 00:00:00-05:00,437.07000732421875,437.57000732421875,423.80999755859375,428.69000244140625,423.28033447265625,347000,0.0,0.0
2021-12-15 00:00:00-05:00,430.9100036621094,445.2300109863281,426.92999267578125,443.5199890136719,437.92315673828125,382300,0.0,0.0
2021-12-16 00:00:00-05:00,443.510009765625,452.5299987792969,441.1300048828125,444.82000732421875,439.2066955566406,363200,0.0,0.0
2021-12-17 00:00:00-05:00,445.3599853515625,457.57000732421875,442.17999267578125,449.80999755859375,444.1338195800781,616200,0.0,0.0
2021-12-20 00:00:00-05:00,448.5899963378906,451.7799987792969,431.0,439.0299987792969,433.48980712890625,425900,0.0,0.0
2021-12-21 00:00:00-05:00,440.2900085449219,445.6700134277344,434.7900085449219,444.5199890136719,438.9105224609375,250300,0.0,0.0
2021-12-22 00:00:00-05:00,446.2099914550781,454.3999938964844,441.5,453.6099853515625,447.8858337402344,257000,0.0,0.0
2021-12-23 00:00:00-05:00,453.6099853515625,462.75,452.8999938964844,459.8399963378906,454.03717041015625,375400,0.0,0.0
2021-12-27 00:00:00-05:00,467.82000732421875,475.0,463.8500061035156,465.8900146484375,460.01080322265625,350000,0.0,0.0
2021-12-28 00:00:00-05:00,468.3399963378906,469.6499938964844,460.1099853515625,464.8699951171875,459.0037536621094,215100,0.0,0.0
2021-12-29 00:00:00-05:00,465.0,470.4800109863281,462.95001220703125,467.989990234375,462.0843811035156,219400,0.0,0.0
2021-12-30 00:00:00-05:00,469.67999267578125,474.9200134277344,468.260009765625,471.3399963378906,465.3921203613281,162700,0.0,0.0
2021-12-31 00:00:00-05:00,465.0,472.54998779296875,463.260009765625,469.010009765625,463.09149169921875,224800,0.0,0.0
2022-01-03 00:00:00-05:00,466.3500061035156,468.04998779296875,442.760009765625,445.9200134277344,440.2929382324219,397600,0.0,0.0
2022-01-04 00:00:00-05:00,442.3999938964844,445.32000732421875,421.1400146484375,429.0,423.58636474609375,525800,0.0,0.0
2022-01-05 00:00:00-05:00,425.95001220703125,427.0299987792969,403.5,403.9700012207031,398.8723449707031,530100,0.0,0.0
2022-01-06 00:00:00-05:00,404.3399963378906,413.2099914550781,396.54998779296875,407.739990234375,402.5946350097656,519700,0.0,0.0
2022-01-07 00:00:00-05:00,404.2200012207031,404.8999938964844,389.7699890136719,390.4700012207031,385.54266357421875,513900,0.0,0.0
2022-01-10 00:00:00-05:00,388.0799865722656,392.8699951171875,379.6099853515625,392.57000732421875,387.6160583496094,557200,0.0,0.0
2022-01-11 00:00:00-05:00,391.9200134277344,400.44000244140625,387.04998779296875,399.489990234375,394.44873046875,386700,0.0,0.0
2022-01-12 00:00:00-05:00,401.0,407.6600036621094,399.0400085449219,401.2699890136719,396.2063293457031,350500,0.0,0.0
2022-01-13 00:00:00-05:00,401.7099914550781,401.7099914550781,379.54998779296875,380.7799987792969,375.9748840332031,397300,0.0,0.0
2022-01-14 00:00:00-05:00,378.3500061035156,381.1199951171875,372.0899963378906,379.7799987792969,374.987548828125,424300,0.0,0.0
2022-01-18 00:00:00-05:00,367.0400085449219,375.0,365.6099853515625,372.1600036621094,367.637939453125,401300,0.18,0.0
2022-01-19 00:00:00-05:00,374.7099914550781,381.45001220703125,373.2300109863281,375.45001220703125,370.887939453125,431700,0.0,0.0
2022-01-20 00:00:00-05:00,378.0400085449219,389.0199890136719,372.9200134277344,373.5899963378906,369.0505676269531,743300,0.0,0.0
2022-01-21 00:00:00-05:00,379.69000244140625,384.8399963378906,366.3800048828125,367.79998779296875,363.3308410644531,654800,0.0,0.0
2022-01-24 00:00:00-05:00,364.20001220703125,385.1000061035156,360.3999938964844,383.5199890136719,378.8598937988281,880700,0.0,0.0
2022-01-25 00:00:00-05:00,376.510009765625,385.7799987792969,373.2099914550781,378.3599853515625,373.7626037597656,683700,0.0,0.0
2022-01-26 00:00:00-05:00,378.6199951171875,388.2900085449219,374.54998779296875,378.57000732421875,373.9700927734375,757200,0.0,0.0
2022-01-27 00:00:00-05:00,382.9800109863281,388.8599853515625,379.0,383.8599853515625,379.1957092285156,759600,0.0,0.0
2022-01-28 00:00:00-05:00,385.7300109863281,393.04998779296875,376.54998779296875,393.0299987792969,388.25433349609375,561500,0.0,0.0
2022-01-31 00:00:00-05:00,394.94000244140625,401.1199951171875,387.8800048828125,393.2200012207031,388.44207763671875,670300,0.0,0.0
2022-02-01 00:00:00-05:00,396.32000732421875,397.7200012207031,387.2200012207031,397.239990234375,392.4132080078125,382500,0.0,0.0
2022-02-02 00:00:00-05:00,399.1000061035156,408.9800109863281,397.4200134277344,408.7300109863281,403.7635498046875,340600,0.0,0.0
2022-02-03 00:00:00-05:00,400.4800109863281,406.9599914550781,400.07000732421875,402.1499938964844,397.2634582519531,242900,0.0,0.0
2022-02-04 00:00:00-05:00,400.1499938964844,405.6700134277344,397.4200134277344,400.75,395.8804931640625,184200,0.0,0.0
2022-02-07 00:00:00-05:00,401.010009765625,404.2200012207031,396.17999267578125,400.7200012207031,395.8509216308594,248000,0.0,0.0
2022-02-08 00:00:00-05:00,394.9599914550781,402.67999267578125,393.1600036621094,400.69000244140625,395.82122802734375,287500,0.0,0.0
2022-02-09 00:00:00-05:00,406.8399963378906,408.9599914550781,404.8299865722656,408.7799987792969,403.8128967285156,373500,0.0,0.0
2022-02-10 00:00:00-05:00,400.0899963378906,408.1300048828125,396.3800048828125,399.54998779296875,394.6950988769531,327400,0.0,0.0
2022-02-11 00:00:00-05:00,399.5,404.25,390.989990234375,391.20001220703125,386.4466247558594,372600,0.0,0.0
2022-02-14 00:00:00-05:00,390.82000732421875,394.9100036621094,381.70001220703125,383.67999267578125,379.0180358886719,495300,0.0,0.0
2022-02-15 00:00:00-05:00,387.8500061035156,392.5799865722656,380.67999267578125,385.3699951171875,380.6874084472656,502000,0.0,0.0
2022-02-16 00:00:00-05:00,380.8399963378906,382.8699951171875,371.45001220703125,379.32000732421875,374.7109069824219,615000,0.0,0.0
2022-02-17 00:00:00-05:00,382.5299987792969,395.0,373.79998779296875,387.29998779296875,382.5939636230469,598100,0.0,0.0
2022-02-18 00:00:00-05:00,388.95001220703125,389.6199951171875,367.5899963378906,369.489990234375,365.0003967285156,502500,0.0,0.0
2022-02-22 00:00:00-05:00,369.25,373.9700012207031,361.45001220703125,369.1300048828125,364.6447448730469,564500,0.0,0.0
2022-02-23 00:00:00-05:00,370.0,370.8800048828125,357.19000244140625,357.489990234375,353.146240234375,426300,0.0,0.0
2022-02-24 00:00:00-05:00,349.1499938964844,379.8500061035156,349.1499938964844,378.3800048828125,373.7823486328125,538100,0.0,0.0
2022-02-25 00:00:00-05:00,377.55999755859375,386.57000732421875,373.8299865722656,386.4700012207031,381.77398681640625,427200,0.0,0.0
2022-02-28 00:00:00-05:00,385.2699890136719,389.0799865722656,379.4200134277344,387.0799865722656,382.3766174316406,537900,0.0,0.0
2022-03-01 00:00:00-05:00,388.5299987792969,388.5299987792969,378.5299987792969,381.5799865722656,376.9435119628906,410000,0.0,0.0
2022-03-02 00:00:00-05:00,384.1300048828125,387.5199890136719,379.57000732421875,384.67999267578125,380.00579833984375,256300,0.0,0.0
2022-03-03 00:00:00-05:00,388.5199890136719,391.6000061035156,382.3699951171875,391.239990234375,386.48602294921875,287900,0.0,0.0
2022-03-04 00:00:00-05:00,391.1099853515625,392.260009765625,381.19000244140625,387.19000244140625,382.4853210449219,460300,0.0,0.0
2022-03-07 00:00:00-05:00,385.239990234375,385.239990234375,368.79998779296875,372.8800048828125,368.34918212890625,298100,0.0,0.0
2022-03-08 00:00:00-05:00,368.0199890136719,373.19000244140625,358.57000732421875,358.6499938964844,354.2920227050781,324500,0.0,0.0
2022-03-09 00:00:00-05:00,368.2200012207031,376.3399963378906,363.5,372.3999938964844,367.8749694824219,288500,0.0,0.0
2022-03-10 00:00:00-05:00,367.6499938964844,375.0400085449219,362.80999755859375,371.4700012207031,366.9563293457031,254400,0.0,0.0
2022-03-11 00:00:00-05:00,376.1300048828125,376.1300048828125,362.9800109863281,363.2099914550781,358.79669189453125,296800,0.0,0.0
2022-03-14 00:00:00-04:00,365.3500061035156,375.8699951171875,363.94000244140625,370.0199890136719,365.52392578125,410300,0.0,0.0
2022-03-15 00:00:00-04:00,375.4100036621094,386.4700012207031,371.1499938964844,385.42999267578125,380.74664306640625,524300,0.0,0.0
2022-03-16 00:00:00-04:00,386.7200012207031,397.3800048828125,385.3299865722656,396.760009765625,391.9389953613281,368100,0.0,0.0
2022-03-17 00:00:00-04:00,395.0400085449219,405.2699890136719,394.6099853515625,405.239990234375,400.3160095214844,296900,0.0,0.0
2022-03-18 00:00:00-04:00,406.9800109863281,418.75,406.7300109863281,414.69000244140625,409.6511535644531,678000,0.0,0.0
2022-03-21 00:00:00-04:00,412.6199951171875,418.010009765625,410.3299865722656,412.6499938964844,407.63592529296875,286600,0.0,0.0
2022-03-22 00:00:00-04:00,411.0799865722656,418.0,409.67999267578125,413.4700012207031,408.4459533691406,318300,0.0,0.0
2022-03-23 00:00:00-04:00,408.07000732421875,410.1300048828125,400.9599914550781,403.1400146484375,398.241455078125,242600,0.0,0.0
2022-03-24 00:00:00-04:00,404.7300109863281,408.8900146484375,398.54998779296875,408.45001220703125,403.48699951171875,191700,0.0,0.0
2022-03-25 00:00:00-04:00,410.0,410.0,400.2799987792969,405.239990234375,400.3160095214844,360800,0.0,0.0
2022-03-28 00:00:00-04:00,407.260009765625,409.25,402.0400085449219,406.6499938964844,401.708740234375,230300,0.0,0.0
2022-03-29 00:00:00-04:00,414.5299987792969,419.8299865722656,412.20001220703125,414.1199951171875,409.08807373046875,278500,0.0,0.0
2022-03-30 00:00:00-04:00,413.8999938964844,418.1099853515625,409.20001220703125,418.010009765625,412.9308166503906,398800,0.0,0.0
2022-03-31 00:00:00-04:00,419.17999267578125,421.8800048828125,410.7099914550781,410.7099914550781,405.7195129394531,798400,0.0,0.0
2022-04-01 00:00:00-04:00,412.3299865722656,417.54998779296875,409.54998779296875,417.0299987792969,411.9626770019531,414600,0.0,0.0
2022-04-04 00:00:00-04:00,416.8500061035156,421.4800109863281,407.8999938964844,409.0299987792969,404.05987548828125,366900,0.0,0.0
2022-04-05 00:00:00-04:00,409.5400085449219,415.5899963378906,407.260009765625,408.6400146484375,403.67474365234375,297900,0.0,0.0
2022-04-06 00:00:00-04:00,405.17999267578125,410.8399963378906,398.6000061035156,409.45001220703125,404.4748840332031,296100,0.0,0.0
2022-04-07 00:00:00-04:00,408.0199890136719,424.0,408.0199890136719,420.45001220703125,415.3411560058594,340100,0.0,0.0
2022-04-08 00:00:00-04:00,417.8900146484375,420.69000244140625,412.9200134277344,413.5799865722656,408.5546569824219,233100,0.0,0.0
2022-04-11 00:00:00-04:00,411.9200134277344,411.9200134277344,397.8500061035156,398.5,393.6578674316406,311000,0.0,0.0
2022-04-12 00:00:00-04:00,398.69000244140625,402.5899963378906,383.6499938964844,384.54998779296875,379.8772888183594,288000,0.0,0.0
2022-04-13 00:00:00-04:00,384.1600036621094,387.4599914550781,382.1300048828125,387.0199890136719,382.3173828125,509000,0.0,0.0
2022-04-14 00:00:00-04:00,389.239990234375,390.6199951171875,379.6300048828125,381.2200012207031,376.58782958984375,258000,0.0,0.0
2022-04-18 00:00:00-04:00,382.8299865722656,382.8299865722656,369.67999267578125,372.4200134277344,367.8948059082031,308300,0.0,0.0
2022-04-19 00:00:00-04:00,370.2099914550781,374.82000732421875,366.32000732421875,371.0,366.6692199707031,833900,0.18,0.0
2022-04-20 00:00:00-04:00,373.17999267578125,377.79998779296875,366.5299987792969,371.75,367.4104919433594,578900,0.0,0.0
2022-04-21 00:00:00-04:00,374.55999755859375,377.0400085449219,363.989990234375,365.1400146484375,360.8776550292969,349500,0.0,0.0
2022-04-22 00:00:00-04:00,363.010009765625,364.8900146484375,349.2300109863281,349.7699890136719,345.68707275390625,341400,0.0,0.0
2022-04-25 00:00:00-04:00,347.0400085449219,350.739990234375,339.1700134277344,348.95001220703125,344.8766174316406,489600,0.0,0.0
2022-04-26 00:00:00-04:00,346.989990234375,349.2099914550781,332.32000732421875,332.3900146484375,328.50994873046875,452100,0.0,0.0
2022-04-27 00:00:00-04:00,335.1499938964844,341.25,331.75,332.3599853515625,328.48028564453125,583300,0.0,0.0
2022-04-28 00:00:00-04:00,331.0799865722656,334.989990234375,308.3599853515625,325.3599853515625,321.5620422363281,880100,0.0,0.0
2022-04-29 00:00:00-04:00,323.07000732421875,329.0799865722656,314.7099914550781,315.05999755859375,311.3822326660156,660800,0.0,0.0
2022-05-02 00:00:00-04:00,313.8699951171875,318.29998779296875,306.5299987792969,312.25,308.6050109863281,584300,0.0,0.0
2022-05-03 00:00:00-04:00,312.9200134277344,314.8800048828125,305.82000732421875,306.45001220703125,302.8728332519531,503500,0.0,0.0
2022-05-04 00:00:00-04:00,304.3599853515625,320.6700134277344,300.17999267578125,318.44000244140625,314.7227478027344,758600,0.0,0.0
2022-05-05 00:00:00-04:00,318.5299987792969,319.010009765625,308.70001220703125,314.760009765625,311.0857849121094,592800,0.0,0.0
2022-05-06 00:00:00-04:00,310.7099914550781,313.5899963378906,303.07000732421875,306.3399963378906,302.7640380859375,593500,0.0,0.0
2022-05-09 00:00:00-04:00,302.29998779296875,304.0400085449219,295.6300048828125,296.82000732421875,293.3551940917969,439500,0.0,0.0
2022-05-10 00:00:00-04:00,300.1000061035156,302.79998779296875,289.30999755859375,296.260009765625,292.8017272949219,457700,0.0,0.0
2022-05-11 00:00:00-04:00,293.3399963378906,300.05999755859375,290.4200134277344,290.79998779296875,287.4054260253906,389000,0.0,0.0
2022-05-12 00:00:00-04:00,289.25,297.6000061035156,288.1199951171875,295.989990234375,292.5347900390625,446100,0.0,0.0
2022-05-13 00:00:00-04:00,299.9700012207031,306.95001220703125,299.0,304.9700012207031,301.4100036621094,310200,0.0,0.0
2022-05-16 00:00:00-04:00,303.0,307.5299987792969,301.79998779296875,303.3699951171875,299.82861328125,326700,0.0,0.0
2022-05-17 00:00:00-04:00,308.32000732421875,311.1600036621094,301.5299987792969,304.9200134277344,301.3606262207031,376300,0.0,0.0
2022-05-18 00:00:00-04:00,301.30999755859375,303.94000244140625,293.20001220703125,294.010009765625,290.5779724121094,416100,0.0,0.0
2022-05-19 00:00:00-04:00,293.42999267578125,303.80999755859375,290.9700012207031,302.2099914550781,298.6822509765625,423900,0.0,0.0
2022-05-20 00:00:00-04:00,304.95001220703125,306.489990234375,294.29998779296875,300.67999267578125,297.1700744628906,374100,0.0,0.0
2022-05-23 00:00:00-04:00,303.5,303.54998779296875,297.510009765625,303.3399963378906,299.7990417480469,491000,0.0,0.0
2022-05-24 00:00:00-04:00,302.45001220703125,303.1199951171875,297.7099914550781,300.7200012207031,297.20965576171875,306600,0.0,0.0
2022-05-25 00:00:00-04:00,301.2099914550781,303.7900085449219,296.05999755859375,298.7900085449219,295.3021545410156,381500,0.0,0.0
2022-05-26 00:00:00-04:00,301.5,306.3999938964844,298.1400146484375,305.4599914550781,301.8942565917969,329300,0.0,0.0
2022-05-27 00:00:00-04:00,308.54998779296875,321.3699951171875,308.5400085449219,321.2099914550781,317.4604187011719,546500,0.0,0.0
2022-05-31 00:00:00-04:00,318.75,319.3699951171875,309.9100036621094,310.3800048828125,306.7568664550781,1160300,0.0,0.0
2022-06-01 00:00:00-04:00,313.0400085449219,314.1199951171875,305.3699951171875,308.5799865722656,304.9779357910156,353500,0.0,0.0
2022-06-02 00:00:00-04:00,309.1300048828125,318.25,306.6099853515625,317.989990234375,314.278076171875,306100,0.0,0.0
2022-06-03 00:00:00-04:00,313.8999938964844,313.8999938964844,308.5799865722656,309.8800048828125,306.2626953125,362200,0.0,0.0
2022-06-06 00:00:00-04:00,312.6700134277344,314.4700012207031,308.05999755859375,309.0299987792969,305.4226379394531,252400,0.0,0.0
2022-06-07 00:00:00-04:00,307.1300048828125,317.05999755859375,307.1300048828125,316.3599853515625,312.66705322265625,279300,0.0,0.0
2022-06-08 00:00:00-04:00,313.42999267578125,318.07000732421875,310.7699890136719,312.010009765625,308.3678894042969,410200,0.0,0.0
2022-06-09 00:00:00-04:00,309.4100036621094,311.6099853515625,304.3699951171875,304.5400085449219,300.9850769042969,325400,0.0,0.0
2022-06-10 00:00:00-04:00,302.9100036621094,303.04998779296875,293.1499938964844,293.510009765625,290.0838623046875,526200,0.0,0.0
2022-06-13 00:00:00-04:00,287.70001220703125,288.2300109863281,280.6400146484375,283.8699951171875,280.5563659667969,399700,0.0,0.0
2022-06-14 00:00:00-04:00,282.17999267578125,284.0199890136719,275.8900146484375,280.6099853515625,277.3343811035156,472200,0.0,0.0
2022-06-15 00:00:00-04:00,284.92999267578125,294.6199951171875,281.4800109863281,289.8900146484375,286.5060729980469,635900,0.0,0.0
2022-06-16 00:00:00-04:00,283.32000732421875,283.79998779296875,279.510009765625,282.69000244140625,279.3901672363281,371900,0.0,0.0
2022-06-17 00:00:00-04:00,286.5400085449219,291.760009765625,282.5400085449219,282.82000732421875,279.51861572265625,855900,0.0,0.0
2022-06-21 00:00:00-04:00,286.3299865722656,289.3599853515625,285.5,288.5299987792969,285.16192626953125,370500,0.0,0.0
2022-06-22 00:00:00-04:00,286.4100036621094,292.2799987792969,285.989990234375,288.8299865722656,285.45843505859375,620800,0.0,0.0
2022-06-23 00:00:00-04:00,290.9100036621094,299.7799987792969,290.6000061035156,298.8999938964844,295.4108581542969,235700,0.0,0.0
2022-06-24 00:00:00-04:00,301.3599853515625,302.1000061035156,297.5,301.17999267578125,297.66424560546875,486400,0.0,0.0
2022-06-27 00:00:00-04:00,302.1000061035156,305.1300048828125,298.79998779296875,304.82000732421875,301.26177978515625,258100,0.0,0.0
2022-06-28 00:00:00-04:00,303.510009765625,304.8599853515625,296.30999755859375,296.4599914550781,292.9993591308594,366800,0.0,0.0
2022-06-29 00:00:00-04:00,295.4599914550781,300.489990234375,291.3999938964844,299.5199890136719,296.02362060546875,364800,0.0,0.0
2022-06-30 00:00:00-04:00,299.2200012207031,304.6400146484375,294.3599853515625,302.3699951171875,298.8403625488281,553800,0.0,0.0
2022-07-01 00:00:00-04:00,303.44000244140625,308.6199951171875,300.1000061035156,307.739990234375,304.14764404296875,319100,0.0,0.0
2022-07-05 00:00:00-04:00,302.3699951171875,306.80999755859375,298.1199951171875,306.05999755859375,302.4872741699219,431900,0.0,0.0
2022-07-06 00:00:00-04:00,307.75,317.3299865722656,304.69000244140625,315.54998779296875,311.86651611328125,540100,0.0,0.0
2022-07-07 00:00:00-04:00,313.57000732421875,321.0,313.57000732421875,320.260009765625,316.52154541015625,530400,0.0,0.0
2022-07-08 00:00:00-04:00,316.8599853515625,321.25,316.8500061035156,318.4800109863281,314.7623596191406,463400,0.0,0.0
2022-07-11 00:00:00-04:00,318.4800109863281,319.07000732421875,314.739990234375,315.94000244140625,312.251953125,360100,0.0,0.0
2022-07-12 00:00:00-04:00,315.7799987792969,318.4100036621094,294.4800109863281,296.7699890136719,293.30572509765625,661400,0.0,0.0
2022-07-13 00:00:00-04:00,292.2300109863281,304.1499938964844,290.8800048828125,300.0,296.4980773925781,437600,0.0,0.0
2022-07-14 00:00:00-04:00,297.1499938964844,299.3699951171875,291.2699890136719,294.3699951171875,290.9337158203125,470000,0.0,0.0
2022-07-15 00:00:00-04:00,299.3500061035156,301.8399963378906,293.42999267578125,300.44000244140625,296.9328918457031,302600,0.0,0.0
2022-07-18 00:00:00-04:00,299.75,302.2099914550781,290.510009765625,291.9800109863281,288.5716552734375,253600,0.0,0.0
2022-07-19 00:00:00-04:00,295.54998779296875,300.8500061035156,294.1700134277344,300.19000244140625,296.8687744140625,272800,0.18,0.0
2022-07-20 00:00:00-04:00,301.260009765625,305.7200012207031,299.0400085449219,303.4100036621094,300.05322265625,357600,0.0,0.0
2022-07-21 00:00:00-04:00,308.45001220703125,316.6000061035156,307.9800109863281,316.6000061035156,313.0972900390625,646100,0.0,0.0
2022-07-22 00:00:00-04:00,317.67999267578125,318.69000244140625,309.6000061035156,313.6400146484375,310.1700134277344,323900,0.0,0.0
2022-07-25 00:00:00-04:00,312.8999938964844,314.80999755859375,309.79998779296875,313.510009765625,310.04150390625,341100,0.0,0.0
2022-07-26 00:00:00-04:00,311.79998779296875,314.5400085449219,305.3900146484375,313.3599853515625,309.89306640625,353600,0.0,0.0
2022-07-27 00:00:00-04:00,312.92999267578125,322.8500061035156,310.2799987792969,320.5199890136719,316.9739074707031,444600,0.0,0.0
2022-07-28 00:00:00-04:00,316.3800048828125,340.82000732421875,316.07000732421875,339.9200134277344,336.1593322753906,816200,0.0,0.0
2022-07-29 00:00:00-04:00,338.8500061035156,345.1000061035156,338.1700134277344,343.55999755859375,339.7590026855469,554500,0.0,0.0
2022-08-01 00:00:00-04:00,340.260009765625,345.739990234375,338.3900146484375,339.0400085449219,335.2890625,413200,0.0,0.0
2022-08-02 00:00:00-04:00,337.1000061035156,343.8599853515625,335.3800048828125,339.1000061035156,335.3484191894531,397600,0.0,0.0
2022-08-03 00:00:00-04:00,342.30999755859375,346.8399963378906,340.4200134277344,343.6499938964844,339.8480224609375,395900,0.0,0.0
2022-08-04 00:00:00-04:00,342.70001220703125,342.7300109863281,337.739990234375,340.4800109863281,336.7131042480469,282300,0.0,0.0
2022-08-05 00:00:00-04:00,336.7099914550781,341.8500061035156,335.4100036621094,341.70001220703125,337.91961669921875,214000,0.0,0.0
2022-08-08 00:00:00-04:00,343.4800109863281,347.239990234375,339.0899963378906,339.3599853515625,335.6054382324219,259700,0.0,0.0
2022-08-09 00:00:00-04:00,338.0,339.739990234375,329.2200012207031,329.489990234375,325.84466552734375,287000,0.0,0.0
2022-08-10 00:00:00-04:00,334.7099914550781,339.5,334.1499938964844,338.8399963378906,335.0912170410156,267700,0.0,0.0
2022-08-11 00:00:00-04:00,340.8699951171875,346.82000732421875,337.260009765625,337.75,334.0133361816406,215000,0.0,0.0
2022-08-12 00:00:00-04:00,338.6499938964844,341.8399963378906,338.45001220703125,340.9800109863281,337.2076110839844,199200,0.0,0.0
2022-08-15 00:00:00-04:00,340.70001220703125,344.989990234375,338.5299987792969,340.82000732421875,337.04931640625,232700,0.0,0.0
2022-08-16 00:00:00-04:00,338.19000244140625,338.19000244140625,331.44000244140625,333.92999267578125,330.23553466796875,357800,0.0,0.0
2022-08-17 00:00:00-04:00,331.739990234375,332.6300048828125,327.0299987792969,328.25,324.61834716796875,287800,0.0,0.0
2022-08-18 00:00:00-04:00,328.6300048828125,328.6300048828125,320.95001220703125,321.7900085449219,318.2298889160156,381900,0.0,0.0
2022-08-19 00:00:00-04:00,320.7300109863281,321.3900146484375,316.1300048828125,319.5199890136719,315.9849548339844,354700,0.0,0.0
2022-08-22 00:00:00-04:00,315.0,317.3800048828125,309.6600036621094,311.4700012207031,308.02410888671875,318000,0.0,0.0
2022-08-23 00:00:00-04:00,309.8500061035156,310.5400085449219,306.239990234375,309.7099914550781,306.2835388183594,237300,0.0,0.0
2022-08-24 00:00:00-04:00,312.0799865722656,312.0799865722656,306.45001220703125,310.5799865722656,307.14385986328125,434500,0.0,0.0
2022-08-25 00:00:00-04:00,314.69000244140625,315.07000732421875,309.4800109863281,314.67999267578125,311.1985168457031,265500,0.0,0.0
2022-08-26 00:00:00-04:00,314.489990234375,314.9800109863281,302.9599914550781,303.7699890136719,300.40924072265625,250800,0.0,0.0
2022-08-29 00:00:00-04:00,301.44000244140625,304.3699951171875,298.510009765625,301.57000732421875,298.2336120605469,345400,0.0,0.0
2022-08-30 00:00:00-04:00,302.79998779296875,303.0199890136719,295.44000244140625,296.4200134277344,293.14056396484375,324000,0.0,0.0
2022-08-31 00:00:00-04:00,299.260009765625,300.04998779296875,294.7099914550781,296.69000244140625,293.4076232910156,508400,0.0,0.0
2022-09-01 00:00:00-04:00,295.8299865722656,296.57000732421875,291.57000732421875,296.1000061035156,292.8241271972656,244400,0.0,0.0
2022-09-02 00:00:00-04:00,299.4100036621094,302.0199890136719,289.9700012207031,291.3500061035156,288.126708984375,314200,0.0,0.0
2022-09-06 00:00:00-04:00,291.1499938964844,295.010009765625,287.6700134277344,291.0,287.7804870605469,327400,0.0,0.0
2022-09-07 00:00:00-04:00,290.30999755859375,299.489990234375,288.95001220703125,298.79998779296875,295.4941711425781,253300,0.0,0.0
2022-09-08 00:00:00-04:00,296.6000061035156,308.2200012207031,295.4800109863281,308.1300048828125,304.720947265625,311600,0.0,0.0
2022-09-09 00:00:00-04:00,309.010009765625,315.7699890136719,308.260009765625,313.510009765625,310.04150390625,304700,0.0,0.0
2022-09-12 00:00:00-04:00,314.010009765625,316.80999755859375,312.510009765625,312.8699951171875,309.4085998535156,314800,0.0,0.0
2022-09-13 00:00:00-04:00,305.20001220703125,306.3900146484375,292.6600036621094,292.9599914550781,289.71881103515625,354600,0.0,0.0
2022-09-14 00:00:00-04:00,293.30999755859375,296.739990234375,288.67999267578125,290.82000732421875,287.6025390625,306000,0.0,0.0
2022-09-15 00:00:00-04:00,286.8999938964844,290.6499938964844,273.57000732421875,273.7300109863281,270.70159912109375,950700,0.0,0.0
2022-09-16 00:00:00-04:00,273.3999938964844,273.3999938964844,266.30999755859375,268.05999755859375,265.09429931640625,794600,0.0,0.0
2022-09-19 00:00:00-04:00,265.7799987792969,269.9700012207031,261.30999755859375,269.92999267578125,266.9436340332031,574500,0.0,0.0
2022-09-20 00:00:00-04:00,266.7900085449219,268.6400146484375,261.7699890136719,263.69000244140625,260.772705078125,319600,0.0,0.0
2022-09-21 00:00:00-04:00,265.0,268.0799865722656,257.80999755859375,258.20001220703125,255.3434295654297,342100,0.0,0.0
2022-09-22 00:00:00-04:00,256.6400146484375,257.32000732421875,251.69000244140625,253.11000061035156,250.30972290039062,467500,0.0,0.0
2022-09-23 00:00:00-04:00,251.22000122070312,254.55999755859375,248.9499969482422,254.24000549316406,251.42723083496094,371600,0.0,0.0
2022-09-26 00:00:00-04:00,253.22000122070312,258.0400085449219,251.17999267578125,252.8300018310547,250.03282165527344,730500,0.0,0.0
2022-09-27 00:00:00-04:00,255.69000244140625,256.17999267578125,244.7100067138672,246.38999938964844,243.6640625,456500,0.0,0.0
2022-09-28 00:00:00-04:00,248.0399932861328,253.3800048828125,246.5800018310547,251.92999267578125,249.1427764892578,476800,0.0,0.0
2022-09-29 00:00:00-04:00,250.27000427246094,252.50999450683594,247.61000061035156,251.27000427246094,248.49008178710938,395600,0.0,0.0
2022-09-30 00:00:00-04:00,251.8800048828125,254.50999450683594,245.8000030517578,246.0800018310547,243.35748291015625,539700,0.0,0.0
2022-10-03 00:00:00-04:00,249.0500030517578,258.04998779296875,245.3699951171875,255.92999267578125,253.09848022460938,439100,0.0,0.0
2022-10-04 00:00:00-04:00,259.44000244140625,262.45001220703125,258.760009765625,261.1499938964844,258.2607421875,474600,0.0,0.0
2022-10-05 00:00:00-04:00,257.5899963378906,261.69000244140625,255.0399932861328,259.6700134277344,256.79718017578125,355100,0.0,0.0
2022-10-06 00:00:00-04:00,258.739990234375,259.9200134277344,255.4499969482422,256.260009765625,253.42486572265625,741500,0.0,0.0
2022-10-07 00:00:00-04:00,252.83999633789062,252.83999633789062,247.77000427246094,249.82000732421875,247.05609130859375,522900,0.0,0.0
2022-10-10 00:00:00-04:00,251.08999633789062,251.08999633789062,245.74000549316406,245.82000732421875,243.1003875732422,329500,0.0,0.0
2022-10-11 00:00:00-04:00,245.0,245.00999450683594,236.88999938964844,239.67999267578125,237.0282745361328,781300,0.0,0.0
2022-10-12 00:00:00-04:00,241.30999755859375,242.22000122070312,238.9199981689453,239.1199951171875,236.47447204589844,356000,0.0,0.0
2022-10-13 00:00:00-04:00,232.88999938964844,250.3800048828125,231.9199981689453,249.41000366210938,246.65065002441406,1034800,0.0,0.0
2022-10-14 00:00:00-04:00,252.11000061035156,253.3300018310547,245.72000122070312,247.52999877929688,244.79147338867188,859900,0.0,0.0
2022-10-17 00:00:00-04:00,253.86000061035156,258.75,252.99000549316406,255.32000732421875,252.49525451660156,417400,0.0,0.0
2022-10-18 00:00:00-04:00,262.55999755859375,264.69000244140625,257.7699890136719,261.6099853515625,258.7156677246094,678600,0.0,0.0
2022-10-19 00:00:00-04:00,257.29998779296875,258.5299987792969,242.9499969482422,243.63999938964844,240.94442749023438,1058300,0.0,0.0
2022-10-20 00:00:00-04:00,242.4600067138672,243.49000549316406,230.8300018310547,231.3000030517578,228.7410125732422,889700,0.0,0.0
2022-10-21 00:00:00-04:00,232.8800048828125,237.80999755859375,227.2100067138672,232.8800048828125,230.30352783203125,862100,0.0,0.0
2022-10-24 00:00:00-04:00,235.1300048828125,236.6199951171875,231.05999755859375,236.6199951171875,234.00213623046875,891800,0.0,0.0
2022-10-25 00:00:00-04:00,239.88999938964844,249.38999938964844,236.77999877929688,249.2100067138672,246.452880859375,831000,0.0,0.0
2022-10-26 00:00:00-04:00,250.1199951171875,260.4700012207031,250.00999450683594,254.39999389648438,251.58541870117188,1002400,0.0,0.0
2022-10-27 00:00:00-04:00,207.5,230.63999938964844,206.19000244140625,221.22999572753906,218.78240966796875,2378300,0.0,0.0
2022-10-28 00:00:00-04:00,218.3000030517578,227.1999969482422,218.3000030517578,225.50999450683594,223.0150604248047,1293800,0.0,0.0
2022-10-31 00:00:00-04:00,223.74000549316406,231.38999938964844,222.08999633789062,230.10000610351562,227.55430603027344,1164200,0.0,0.0
2022-11-01 00:00:00-04:00,230.16000366210938,231.39999389648438,224.77000427246094,229.5,226.9609375,954000,0.0,0.0
2022-11-02 00:00:00-04:00,227.7899932861328,228.02000427246094,219.1300048828125,219.52999877929688,217.1012420654297,962600,0.0,0.0
2022-11-03 00:00:00-04:00,212.86000061035156,215.10000610351562,208.7899932861328,209.33999633789062,207.02394104003906,1069200,0.0,0.0
2022-11-04 00:00:00-04:00,211.9600067138672,215.7899932861328,206.99000549316406,215.58999633789062,213.20481872558594,774000,0.0,0.0
2022-11-07 00:00:00-05:00,217.36000061035156,226.14999389648438,215.1999969482422,225.94000244140625,223.44027709960938,758700,0.0,0.0
2022-11-08 00:00:00-05:00,226.52000427246094,232.0500030517578,222.9199981689453,224.55999755859375,222.26248168945312,690900,0.19,0.0
2022-11-09 00:00:00-05:00,222.89999389648438,226.1999969482422,220.83999633789062,221.50999450683594,219.24368286132812,499100,0.0,0.0
2022-11-10 00:00:00-05:00,234.64999389648438,243.0399932861328,232.05999755859375,242.74000549316406,240.25648498535156,610300,0.0,0.0
2022-11-11 00:00:00-05:00,243.58999633789062,253.52999877929688,242.75,250.92999267578125,248.36268615722656,962900,0.0,0.0
2022-11-14 00:00:00-05:00,248.88999938964844,249.9499969482422,242.30999755859375,242.30999755859375,239.83084106445312,890600,0.0,0.0
2022-11-15 00:00:00-05:00,249.10000610351562,252.5800018310547,245.91000366210938,247.69000244140625,245.1558074951172,565700,0.0,0.0
2022-11-16 00:00:00-05:00,248.27000427246094,249.1699981689453,238.5800018310547,240.10000610351562,237.6434783935547,547200,0.0,0.0
2022-11-17 00:00:00-05:00,237.30999755859375,237.30999755859375,221.8699951171875,221.92999267578125,219.65936279296875,1776600,0.0,0.0
2022-11-18 00:00:00-05:00,226.0,226.1699981689453,219.24000549316406,225.0,222.697998046875,1766500,0.0,0.0
2022-11-21 00:00:00-05:00,224.66000366210938,226.22999572753906,222.0,225.25,222.9454345703125,1029800,0.0,0.0
2022-11-22 00:00:00-05:00,225.11000061035156,228.52999877929688,220.8000030517578,228.52999877929688,226.19187927246094,1281400,0.0,0.0
2022-11-23 00:00:00-05:00,228.97000122070312,232.22000122070312,227.35000610351562,228.05999755859375,225.72665405273438,545900,0.0,0.0
2022-11-25 00:00:00-05:00,227.8000030517578,228.11000061035156,223.47999572753906,226.64999389648438,224.33108520507812,362600,0.0,0.0
2022-11-28 00:00:00-05:00,224.86000061035156,226.27999877929688,222.1199951171875,224.17999267578125,221.8863525390625,555900,0.0,0.0
2022-11-29 00:00:00-05:00,223.16000366210938,225.69000244140625,221.82000732421875,223.5,221.2133026123047,315100,0.0,0.0
2022-11-30 00:00:00-05:00,224.11000061035156,234.9199981689453,222.47999572753906,234.66000366210938,232.25912475585938,1028700,0.0,0.0
2022-12-01 00:00:00-05:00,236.33999633789062,243.02999877929688,232.9600067138672,242.02000427246094,239.54385375976562,618200,0.0,0.0
2022-12-02 00:00:00-05:00,235.5800018310547,246.83999633789062,235.5800018310547,244.35000610351562,241.84999084472656,896800,0.0,0.0
2022-12-05 00:00:00-05:00,239.94000244140625,241.8000030517578,236.25999450683594,239.44000244140625,236.9902801513672,602100,0.0,0.0
2022-12-06 00:00:00-05:00,238.27000427246094,238.97000122070312,234.5,234.99000549316406,232.58575439453125,608900,0.0,0.0
2022-12-07 00:00:00-05:00,234.7100067138672,236.8800048828125,230.8000030517578,235.88999938964844,233.47654724121094,472100,0.0,0.0
2022-12-08 00:00:00-05:00,234.77999877929688,237.60000610351562,233.30999755859375,236.02999877929688,233.6151123046875,708500,0.0,0.0
2022-12-09 00:00:00-05:00,232.64999389648438,242.11000061035156,231.5,239.00999450683594,236.5646514892578,691300,0.0,0.0
2022-12-12 00:00:00-05:00,239.77999877929688,242.55999755859375,237.38999938964844,241.27999877929688,238.8114013671875,462400,0.0,0.0
2022-12-13 00:00:00-05:00,250.27000427246094,255.3000030517578,249.33999633789062,251.89999389648438,249.32275390625,572800,0.0,0.0
2022-12-14 00:00:00-05:00,248.0,251.0,240.5,243.5800018310547,241.08790588378906,861200,0.0,0.0
2022-12-15 00:00:00-05:00,239.47999572753906,240.35000610351562,235.6999969482422,237.0800018310547,234.6543731689453,637300,0.0,0.0
2022-12-16 00:00:00-05:00,234.00999450683594,235.9199981689453,225.24000549316406,226.10000610351562,223.78672790527344,1590600,0.0,0.0
2022-12-19 00:00:00-05:00,226.11000061035156,229.89999389648438,224.14999389648438,228.22999572753906,225.89492797851562,568900,0.0,0.0
2022-12-20 00:00:00-05:00,227.02000427246094,229.66000366210938,224.3800048828125,227.7899932861328,225.45944213867188,520100,0.0,0.0
2022-12-21 00:00:00-05:00,230.41000366210938,236.66000366210938,229.99000549316406,234.67999267578125,232.27890014648438,376700,0.0,0.0
2022-12-22 00:00:00-05:00,231.7100067138672,235.80999755859375,229.13999938964844,235.25999450683594,232.85301208496094,348800,0.0,0.0
2022-12-23 00:00:00-05:00,235.0,235.75,232.16000366210938,235.1300048828125,232.72434997558594,337000,0.0,0.0
2022-12-27 00:00:00-05:00,234.8300018310547,237.63999938964844,231.55999755859375,236.72999572753906,234.30795288085938,340700,0.0,0.0
2022-12-28 00:00:00-05:00,237.82000732421875,239.55999755859375,230.66000366210938,231.24000549316406,228.87411499023438,299400,0.0,0.0
2022-12-29 00:00:00-05:00,233.9499969482422,242.3699951171875,233.9499969482422,238.97999572753906,236.53492736816406,381200,0.0,0.0
2022-12-30 00:00:00-05:00,234.99000549316406,236.27999877929688,231.25999450683594,235.35000610351562,232.94207763671875,247800,0.0,0.0
2023-01-03 00:00:00-05:00,238.30999755859375,240.88999938964844,231.77000427246094,234.41000366210938,232.01170349121094,432400,0.0,0.0
2023-01-04 00:00:00-05:00,238.5399932861328,243.19000244140625,236.82000732421875,241.13999938964844,238.6728515625,661200,0.0,0.0
2023-01-05 00:00:00-05:00,237.4499969482422,239.3699951171875,233.27999877929688,233.6999969482422,231.3089599609375,516800,0.0,0.0
2023-01-06 00:00:00-05:00,235.3800048828125,236.86000061035156,225.66000366210938,232.5,230.12123107910156,755900,0.0,0.0
2023-01-09 00:00:00-05:00,236.1199951171875,242.24000549316406,235.41000366210938,240.72999572753906,238.2670135498047,644900,0.0,0.0
2023-01-10 00:00:00-05:00,241.32000732421875,249.8800048828125,241.07000732421875,245.92999267578125,243.41384887695312,542300,0.0,0.0
2023-01-11 00:00:00-05:00,250.49000549316406,253.75999450683594,248.9499969482422,251.35000610351562,248.7783966064453,558500,0.0,0.0
2023-01-12 00:00:00-05:00,250.6699981689453,250.6699981689453,241.99000549316406,248.08999633789062,245.5517120361328,423700,0.0,0.0
2023-01-13 00:00:00-05:00,246.1699981689453,252.27999877929688,245.6300048828125,250.6999969482422,248.13504028320312,774900,0.0,0.0
2023-01-17 00:00:00-05:00,249.24000549316406,253.33999633789062,247.63999938964844,253.0399932861328,250.45106506347656,649400,0.0,0.0
2023-01-18 00:00:00-05:00,254.02000427246094,258.739990234375,252.86000061035156,254.50999450683594,251.90606689453125,915900,0.0,0.0
2023-01-19 00:00:00-05:00,253.24000549316406,257.0899963378906,248.5500030517578,254.77999877929688,252.1732635498047,476200,0.0,0.0
2023-01-20 00:00:00-05:00,256.30999755859375,259.6000061035156,254.25999450683594,259.54998779296875,256.8944396972656,515200,0.0,0.0
2023-01-23 00:00:00-05:00,258.4200134277344,265.510009765625,256.95001220703125,264.1099853515625,261.4078369140625,597700,0.0,0.0
2023-01-24 00:00:00-05:00,260.95001220703125,260.95001220703125,255.6999969482422,258.3299865722656,255.87103271484375,456500,0.19,0.0
2023-01-25 00:00:00-05:00,255.2899932861328,260.510009765625,253.42999267578125,260.4700012207031,257.9906921386719,465900,0.0,0.0
2023-01-26 00:00:00-05:00,263.7200012207031,270.6400146484375,262.3599853515625,270.0899963378906,267.51910400390625,666900,0.0,0.0
2023-01-27 00:00:00-05:00,269.6199951171875,272.2799987792969,267.1099853515625,268.6199951171875,266.0630798339844,423600,0.0,0.0
2023-01-30 00:00:00-05:00,264.55999755859375,267.5199890136719,261.0799865722656,261.82000732421875,259.3278503417969,435800,0.0,0.0
2023-01-31 00:00:00-05:00,262.5400085449219,265.6400146484375,258.95001220703125,265.6000061035156,263.07183837890625,748400,0.0,0.0
2023-02-01 00:00:00-05:00,266.989990234375,273.25,263.69000244140625,271.5899963378906,269.0048522949219,408700,0.0,0.0
2023-02-02 00:00:00-05:00,275.0,283.510009765625,275.0,281.8800048828125,279.1968994140625,942200,0.0,0.0
2023-02-03 00:00:00-05:00,275.95001220703125,276.489990234375,269.54998779296875,272.8800048828125,270.2825012207031,466300,0.0,0.0
2023-02-06 00:00:00-05:00,269.42999267578125,271.239990234375,267.05999755859375,268.1700134277344,265.61737060546875,579700,0.0,0.0
2023-02-07 00:00:00-05:00,266.010009765625,273.7900085449219,265.1400146484375,272.3800048828125,269.7872619628906,377300,0.0,0.0
2023-02-08 00:00:00-05:00,270.260009765625,272.1000061035156,264.0199890136719,265.07000732421875,262.5468444824219,519100,0.0,0.0
2023-02-09 00:00:00-05:00,266.75,269.4800109863281,265.69000244140625,267.42999267578125,264.8844299316406,770300,0.0,0.0
2023-02-10 00:00:00-05:00,264.5199890136719,272.6400146484375,264.5199890136719,271.1400146484375,268.55914306640625,1025300,0.0,0.0
2023-02-13 00:00:00-05:00,272.79998779296875,274.8699951171875,269.94000244140625,273.30999755859375,270.7083740234375,800100,0.0,0.0
2023-02-14 00:00:00-05:00,273.2699890136719,276.6000061035156,271.3900146484375,276.0400085449219,273.41253662109375,598700,0.0,0.0
2023-02-15 00:00:00-05:00,274.2300109863281,279.17999267578125,272.7900085449219,279.17999267578125,276.5225524902344,668600,0.0,0.0
2023-02-16 00:00:00-05:00,312.5799865722656,329.07000732421875,311.989990234375,319.7699890136719,316.72613525390625,1566600,0.0,0.0
2023-02-17 00:00:00-05:00,317.17999267578125,319.2900085449219,307.4100036621094,313.7200012207031,310.73382568359375,1040400,0.0,0.0
2023-02-21 00:00:00-05:00,309.4100036621094,309.4100036621094,304.0400085449219,306.67999267578125,303.7607727050781,794500,0.0,0.0
2023-02-22 00:00:00-05:00,306.2900085449219,308.42999267578125,303.7900085449219,305.54998779296875,302.64154052734375,558900,0.0,0.0
2023-02-23 00:00:00-05:00,305.92999267578125,313.6099853515625,304.42999267578125,312.0299987792969,309.05987548828125,835500,0.0,0.0
2023-02-24 00:00:00-05:00,313.8399963378906,313.8399963378906,306.8599853515625,310.25,307.29681396484375,625300,0.0,0.0
2023-02-27 00:00:00-05:00,313.0,316.0899963378906,311.8900146484375,312.9599914550781,309.9809875488281,468500,0.0,0.0
2023-02-28 00:00:00-05:00,311.989990234375,319.05999755859375,311.989990234375,317.0299987792969,314.0122375488281,1051200,0.0,0.0
2023-03-01 00:00:00-05:00,315.3999938964844,321.2300109863281,314.9599914550781,318.2799987792969,315.25042724609375,534700,0.0,0.0
2023-03-02 00:00:00-05:00,315.1199951171875,324.67999267578125,315.1199951171875,322.70001220703125,319.6282958984375,548700,0.0,0.0
2023-03-03 00:00:00-05:00,325.1499938964844,330.8900146484375,325.0,329.260009765625,326.1258544921875,476600,0.0,0.0
2023-03-06 00:00:00-05:00,329.010009765625,330.3699951171875,323.3399963378906,323.3999938964844,320.32159423828125,327200,0.0,0.0
2023-03-07 00:00:00-05:00,323.0,324.5299987792969,320.0799865722656,321.69000244140625,318.6279602050781,475000,0.0,0.0
2023-03-08 00:00:00-05:00,321.489990234375,323.5199890136719,318.2200012207031,319.7200012207031,316.67669677734375,296800,0.0,0.0
2023-03-09 00:00:00-05:00,321.5199890136719,324.739990234375,315.04998779296875,315.30999755859375,312.3087158203125,459500,0.0,0.0
2023-03-10 00:00:00-05:00,314.5,315.9599914550781,309.42999267578125,314.54998779296875,311.55584716796875,961100,0.0,0.0
2023-03-13 00:00:00-04:00,313.7200012207031,324.30999755859375,311.8299865722656,321.2200012207031,318.16241455078125,550900,0.0,0.0
2023-03-14 00:00:00-04:00,325.0,328.9599914550781,322.70001220703125,328.57000732421875,325.44244384765625,516900,0.0,0.0
2023-03-15 00:00:00-04:00,323.8299865722656,325.8299865722656,318.6300048828125,325.5899963378906,322.49078369140625,478600,0.0,0.0
2023-03-16 00:00:00-04:00,324.2900085449219,336.95001220703125,323.44000244140625,336.4100036621094,333.2078552246094,509100,0.0,0.0
2023-03-17 00:00:00-04:00,335.8500061035156,338.2300109863281,328.6700134277344,329.7200012207031,326.5814514160156,1123600,0.0,0.0
2023-03-20 00:00:00-04:00,330.0299987792969,333.9200134277344,328.54998779296875,331.9599914550781,328.8002014160156,425100,0.0,0.0
2023-03-21 00:00:00-04:00,333.3699951171875,337.1300048828125,333.260009765625,335.0299987792969,331.8409423828125,456400,0.0,0.0
2023-03-22 00:00:00-04:00,334.57000732421875,337.4800109863281,328.7300109863281,328.94000244140625,325.8088684082031,534000,0.0,0.0
2023-03-23 00:00:00-04:00,330.8800048828125,335.5299987792969,328.32000732421875,331.8500061035156,328.69122314453125,438200,0.0,0.0
2023-03-24 00:00:00-04:00,330.8399963378906,335.1700134277344,327.0,334.29998779296875,331.117919921875,272400,0.0,0.0
2023-03-27 00:00:00-04:00,336.239990234375,339.0,334.489990234375,335.8299865722656,332.63336181640625,302700,0.0,0.0
2023-03-28 00:00:00-04:00,334.5199890136719,339.989990234375,334.5199890136719,339.80999755859375,336.5754089355469,297400,0.0,0.0
2023-03-29 00:00:00-04:00,342.69000244140625,345.0,337.5899963378906,337.9800109863281,334.7627868652344,566400,0.0,0.0
2023-03-30 00:00:00-04:00,341.5199890136719,344.1600036621094,337.8900146484375,340.8699951171875,337.62530517578125,383400,0.0,0.0
2023-03-31 00:00:00-04:00,343.8399963378906,348.6199951171875,342.94000244140625,346.4700012207031,343.1720275878906,431400,0.0,0.0
2023-04-03 00:00:00-04:00,342.8399963378906,347.9100036621094,340.95001220703125,347.0400085449219,343.7366027832031,341200,0.0,0.0
2023-04-04 00:00:00-04:00,348.239990234375,351.3299865722656,347.44000244140625,348.1000061035156,344.7864990234375,338400,0.0,0.0
2023-04-05 00:00:00-04:00,348.0400085449219,349.7200012207031,345.6199951171875,346.760009765625,343.4593200683594,343800,0.0,0.0
2023-04-06 00:00:00-04:00,345.8699951171875,346.3699951171875,339.9100036621094,344.7200012207031,341.438720703125,462100,0.0,0.0
2023-04-10 00:00:00-04:00,343.760009765625,350.0899963378906,342.4200134277344,349.7900085449219,346.4604797363281,302000,0.0,0.0
2023-04-11 00:00:00-04:00,355.05999755859375,360.9700012207031,354.2900085449219,354.80999755859375,351.43267822265625,351600,0.0,0.0
2023-04-12 00:00:00-04:00,359.4700012207031,362.760009765625,358.3399963378906,358.7699890136719,355.3550109863281,403600,0.0,0.0
2023-04-13 00:00:00-04:00,360.67999267578125,368.1000061035156,359.5199890136719,366.739990234375,363.2491455078125,477300,0.0,0.0
2023-04-14 00:00:00-04:00,364.1199951171875,369.5199890136719,361.8599853515625,363.92999267578125,360.4657897949219,304700,0.0,0.0
2023-04-17 00:00:00-04:00,364.2099914550781,364.6700134277344,360.3900146484375,362.4700012207031,359.019775390625,323900,0.0,0.0
2023-04-18 00:00:00-04:00,364.3500061035156,364.3500061035156,358.42999267578125,362.05999755859375,358.6136474609375,278100,0.0,0.0
2023-04-19 00:00:00-04:00,361.4700012207031,367.79998779296875,359.0199890136719,367.6400146484375,364.14056396484375,310600,0.0,0.0
2023-04-20 00:00:00-04:00,361.6499938964844,365.1099853515625,359.6099853515625,361.4100036621094,357.9698181152344,588400,0.0,0.0
2023-04-21 00:00:00-04:00,363.17999267578125,366.989990234375,362.8699951171875,365.8800048828125,362.3973388671875,244700,0.0,0.0
2023-04-24 00:00:00-04:00,368.2900085449219,372.05999755859375,366.42999267578125,371.9700012207031,368.42938232421875,271700,0.0,0.0
2023-04-25 00:00:00-04:00,368.57000732421875,368.6300048828125,356.2900085449219,357.0,353.7825012207031,503200,0.19,0.0
2023-04-26 00:00:00-04:00,356.05999755859375,360.510009765625,352.8900146484375,357.2300109863281,354.0104064941406,465100,0.0,0.0
2023-04-27 00:00:00-04:00,355.0,360.6000061035156,341.5,355.2200012207031,352.01849365234375,946900,0.0,0.0
2023-04-28 00:00:00-04:00,356.7900085449219,368.239990234375,356.3999938964844,361.239990234375,357.98431396484375,1032600,0.0,0.0
2023-05-01 00:00:00-04:00,361.67999267578125,368.05999755859375,360.8599853515625,366.1300048828125,362.83026123046875,380500,0.0,0.0
2023-05-02 00:00:00-04:00,365.9800109863281,370.6400146484375,364.4800109863281,369.6199951171875,366.2887878417969,421300,0.0,0.0
2023-05-03 00:00:00-04:00,373.5,376.7200012207031,368.1700134277344,368.42999267578125,365.1095275878906,425300,0.0,0.0
2023-05-04 00:00:00-04:00,368.5,371.04998779296875,365.07000732421875,369.1700134277344,365.84283447265625,258700,0.0,0.0
2023-05-05 00:00:00-04:00,371.6199951171875,371.9700012207031,363.0799865722656,368.4599914550781,365.1392517089844,269900,0.0,0.0
2023-05-08 00:00:00-04:00,365.19000244140625,368.3800048828125,363.7200012207031,367.0799865722656,363.7716369628906,344300,0.0,0.0
2023-05-09 00:00:00-04:00,363.6400146484375,365.8399963378906,360.8399963378906,361.7300109863281,358.4699401855469,353000,0.0,0.0
2023-05-10 00:00:00-04:00,365.6600036621094,366.6600036621094,361.0199890136719,362.7200012207031,359.45098876953125,308600,0.0,0.0
2023-05-11 00:00:00-04:00,362.0,363.8699951171875,357.4200134277344,360.1000061035156,356.8546142578125,510100,0.0,0.0
2023-05-12 00:00:00-04:00,360.2799987792969,361.32000732421875,356.2799987792969,360.0199890136719,356.77532958984375,410300,0.0,0.0
2023-05-15 00:00:00-04:00,359.9100036621094,361.55999755859375,354.760009765625,355.17999267578125,351.9789123535156,436900,0.0,0.0
2023-05-16 00:00:00-04:00,355.17999267578125,355.94000244140625,351.4700012207031,354.55999755859375,351.36456298828125,340900,0.0,0.0
2023-05-17 00:00:00-04:00,355.05999755859375,357.0799865722656,345.6499938964844,348.05999755859375,344.9231262207031,384500,0.0,0.0
2023-05-18 00:00:00-04:00,348.2300109863281,351.6400146484375,344.489990234375,350.739990234375,347.57891845703125,256000,0.0,0.0
2023-05-19 00:00:00-04:00,352.5899963378906,356.5400085449219,351.2799987792969,351.3900146484375,348.2231140136719,254500,0.0,0.0
2023-05-22 00:00:00-04:00,350.42999267578125,354.5799865722656,349.6000061035156,350.9200134277344,347.7572937011719,407000,0.0,0.0
2023-05-23 00:00:00-04:00,349.44000244140625,352.0400085449219,341.6400146484375,342.80999755859375,339.72039794921875,440600,0.0,0.0
2023-05-24 00:00:00-04:00,338.70001220703125,342.2200012207031,334.67999267578125,340.6499938964844,337.5799255371094,508400,0.0,0.0
2023-05-25 00:00:00-04:00,341.70001220703125,341.760009765625,338.8500061035156,340.20001220703125,337.13397216796875,296800,0.0,0.0
2023-05-26 00:00:00-04:00,341.9700012207031,346.1400146484375,340.0299987792969,343.5,340.4042663574219,341000,0.0,0.0
2023-05-30 00:00:00-04:00,343.04998779296875,344.75,336.0899963378906,336.3500061035156,333.31866455078125,474100,0.0,0.0
2023-05-31 00:00:00-04:00,335.8299865722656,336.7799987792969,330.1600036621094,334.6300048828125,331.61419677734375,1150100,0.0,0.0
2023-06-01 00:00:00-04:00,334.7200012207031,341.6300048828125,333.7099914550781,341.5299987792969,338.45196533203125,491300,0.0,0.0
2023-06-02 00:00:00-04:00,342.69000244140625,343.92999267578125,339.989990234375,343.7300109863281,340.6321716308594,385900,0.0,0.0
2023-06-05 00:00:00-04:00,343.42999267578125,348.8800048828125,343.25,343.3999938964844,340.3050842285156,436400,0.0,0.0
2023-06-06 00:00:00-04:00,343.5,347.9800109863281,342.0799865722656,346.19000244140625,343.0699462890625,349900,0.0,0.0
2023-06-07 00:00:00-04:00,345.2300109863281,348.8699951171875,343.7200012207031,344.7200012207031,341.61322021484375,279100,0.0,0.0
2023-06-08 00:00:00-04:00,343.8399963378906,349.9100036621094,341.57000732421875,349.75,346.5978698730469,368600,0.0,0.0
2023-06-09 00:00:00-04:00,350.5199890136719,351.0,347.82000732421875,348.2799987792969,345.14117431640625,266400,0.0,0.0
2023-06-12 00:00:00-04:00,349.4700012207031,357.9700012207031,347.260009765625,357.3900146484375,354.1690673828125,329300,0.0,0.0
2023-06-13 00:00:00-04:00,356.8399963378906,359.8900146484375,355.2900085449219,357.82000732421875,354.5951843261719,311100,0.0,0.0
2023-06-14 00:00:00-04:00,358.6300048828125,361.2699890136719,353.0299987792969,354.69000244140625,351.49334716796875,278200,0.0,0.0
2023-06-15 00:00:00-04:00,352.95001220703125,361.29998779296875,351.92999267578125,359.79998779296875,356.5572814941406,422900,0.0,0.0
2023-06-16 00:00:00-04:00,366.8299865722656,374.45001220703125,361.6499938964844,362.0400085449219,358.777099609375,1129700,0.0,0.0
2023-06-20 00:00:00-04:00,357.1700134277344,366.989990234375,356.6400146484375,366.1099853515625,362.8104248046875,429100,0.0,0.0
2023-06-21 00:00:00-04:00,364.0899963378906,370.489990234375,364.0199890136719,368.8999938964844,365.5752868652344,338800,0.0,0.0
2023-06-22 00:00:00-04:00,371.5199890136719,375.0,367.3299865722656,368.6700134277344,365.3473815917969,241600,0.0,0.0
2023-06-23 00:00:00-04:00,365.79998779296875,370.1199951171875,364.8800048828125,367.0,363.6924133300781,606600,0.0,0.0
2023-06-26 00:00:00-04:00,367.0899963378906,367.2699890136719,362.4100036621094,365.07000732421875,361.77984619140625,341300,0.0,0.0
2023-06-27 00:00:00-04:00,366.5299987792969,369.6400146484375,363.05999755859375,369.3399963378906,366.0113220214844,323500,0.0,0.0
2023-06-28 00:00:00-04:00,368.5,372.6499938964844,366.5799865722656,369.2099914550781,365.8824768066406,268700,0.0,0.0
2023-06-29 00:00:00-04:00,368.0,377.4200134277344,366.32000732421875,377.3599853515625,373.95904541015625,258100,0.0,0.0
2023-06-30 00:00:00-04:00,380.1099853515625,387.1300048828125,378.75,382.4700012207031,379.02301025390625,355200,0.0,0.0
2023-07-03 00:00:00-04:00,379.2300109863281,380.0299987792969,373.8900146484375,378.3299865722656,374.9203186035156,154800,0.0,0.0
2023-07-05 00:00:00-04:00,376.6600036621094,382.20001220703125,374.8800048828125,377.0299987792969,373.6320495605469,260800,0.0,0.0
2023-07-06 00:00:00-04:00,373.5299987792969,376.6400146484375,370.9700012207031,373.2300109863281,369.8663024902344,300900,0.0,0.0
2023-07-07 00:00:00-04:00,371.5,373.2300109863281,368.7900085449219,371.6000061035156,368.2509765625,330600,0.0,0.0
2023-07-10 00:00:00-04:00,373.4599914550781,379.8500061035156,372.3500061035156,377.29998779296875,373.89959716796875,278500,0.0,0.0
2023-07-11 00:00:00-04:00,379.0199890136719,380.5,373.260009765625,375.3399963378906,371.95721435546875,219900,0.0,0.0
2023-07-12 00:00:00-04:00,379.0199890136719,384.1499938964844,375.5199890136719,383.5199890136719,380.0635070800781,272700,0.0,0.0
2023-07-13 00:00:00-04:00,385.95001220703125,389.3900146484375,382.3900146484375,383.6600036621094,380.2022705078125,224700,0.0,0.0
2023-07-14 00:00:00-04:00,383.3900146484375,387.5199890136719,382.9800109863281,385.1300048828125,381.65899658203125,194500,0.0,0.0
2023-07-17 00:00:00-04:00,385.19000244140625,385.75,380.3900146484375,383.6199951171875,380.1626281738281,148100,0.0,0.0
2023-07-18 00:00:00-04:00,383.739990234375,385.29998779296875,379.1000061035156,384.5899963378906,381.1239318847656,314000,0.0,0.0
2023-07-19 00:00:00-04:00,383.6199951171875,386.82000732421875,381.6400146484375,385.6199951171875,382.1446228027344,254100,0.0,0.0
2023-07-20 00:00:00-04:00,385.9200134277344,386.760009765625,378.4100036621094,378.75,375.33648681640625,237800,0.0,0.0
2023-07-21 00:00:00-04:00,379.94000244140625,385.5,376.94000244140625,377.32000732421875,373.91943359375,845000,0.0,0.0
2023-07-24 00:00:00-04:00,375.3800048828125,378.7699890136719,374.0799865722656,376.05999755859375,372.6707763671875,332200,0.0,0.0
2023-07-25 00:00:00-04:00,373.510009765625,383.55999755859375,373.0,377.1300048828125,373.9200744628906,333400,0.19,0.0
2023-07-26 00:00:00-04:00,374.42999267578125,379.5899963378906,369.0400085449219,379.4200134277344,376.1905517578125,357000,0.0,0.0
2023-07-27 00:00:00-04:00,375.30999755859375,375.4200134277344,350.5899963378906,354.8999938964844,351.87921142578125,1021900,0.0,0.0
2023-07-28 00:00:00-04:00,358.8500061035156,367.0,355.8299865722656,365.4599914550781,362.34930419921875,499700,0.0,0.0
2023-07-31 00:00:00-04:00,365.8999938964844,368.30999755859375,363.0,368.0400085449219,364.9074401855469,574300,0.0,0.0
2023-08-01 00:00:00-04:00,366.8699951171875,372.9800109863281,365.0199890136719,371.6600036621094,368.49658203125,443400,0.0,0.0
2023-08-02 00:00:00-04:00,369.4599914550781,371.1000061035156,366.0,370.5799865722656,367.42578125,420300,0.0,0.0
2023-08-03 00:00:00-04:00,369.92999267578125,372.04998779296875,368.2699890136719,369.7200012207031,366.57305908203125,302400,0.0,0.0
2023-08-04 00:00:00-04:00,370.82000732421875,376.7300109863281,368.7099914550781,375.07000732421875,371.8775939941406,383100,0.0,0.0
2023-08-07 00:00:00-04:00,376.4700012207031,380.07000732421875,374.4700012207031,378.70001220703125,375.4766540527344,259600,0.0,0.0
2023-08-08 00:00:00-04:00,392.1000061035156,399.9599914550781,387.6000061035156,399.8699951171875,396.4664611816406,793200,0.0,0.0
2023-08-09 00:00:00-04:00,396.5400085449219,400.95001220703125,396.4700012207031,400.1499938964844,396.74407958984375,357400,0.0,0.0
2023-08-10 00:00:00-04:00,402.0,408.57000732421875,399.3699951171875,400.25,396.84326171875,349000,0.0,0.0
2023-08-11 00:00:00-04:00,397.7900085449219,399.989990234375,394.0799865722656,394.739990234375,391.380126953125,281900,0.0,0.0
2023-08-14 00:00:00-04:00,394.7799987792969,400.07000732421875,393.3599853515625,399.8900146484375,396.4863586425781,353100,0.0,0.0
2023-08-15 00:00:00-04:00,400.79998779296875,404.07000732421875,398.42999267578125,402.1300048828125,398.707275390625,263000,0.0,0.0
2023-08-16 00:00:00-04:00,401.3699951171875,402.9800109863281,397.4700012207031,397.489990234375,394.106689453125,265200,0.0,0.0
2023-08-17 00:00:00-04:00,399.1199951171875,401.4599914550781,392.0199890136719,392.8699951171875,389.5260925292969,299300,0.0,0.0
2023-08-18 00:00:00-04:00,389.7099914550781,391.3699951171875,386.3800048828125,387.7699890136719,384.46942138671875,307300,0.0,0.0
2023-08-21 00:00:00-04:00,389.8999938964844,393.2900085449219,387.8299865722656,392.67999267578125,389.337646484375,369800,0.0,0.0
2023-08-22 00:00:00-04:00,393.3399963378906,396.3500061035156,390.0799865722656,393.17999267578125,389.8334045410156,340800,0.0,0.0
2023-08-23 00:00:00-04:00,395.3299865722656,396.1000061035156,392.0199890136719,393.07000732421875,389.724365234375,543200,0.0,0.0
2023-08-24 00:00:00-04:00,393.3800048828125,397.9800109863281,391.6199951171875,391.7200012207031,388.3858642578125,280500,0.0,0.0
2023-08-25 00:00:00-04:00,391.9100036621094,395.6600036621094,388.54998779296875,393.7300109863281,390.3787841796875,329700,0.0,0.0
2023-08-28 00:00:00-04:00,395.2099914550781,403.54998779296875,395.2099914550781,403.3699951171875,399.9366455078125,218600,0.0,0.0
2023-08-29 00:00:00-04:00,402.67999267578125,412.54998779296875,401.8900146484375,412.4100036621094,408.89971923828125,267900,0.0,0.0
2023-08-30 00:00:00-04:00,414.6499938964844,415.7300109863281,408.79998779296875,409.1199951171875,405.6377258300781,309600,0.0,0.0
2023-08-31 00:00:00-04:00,408.9700012207031,411.5299987792969,406.69000244140625,406.8999938964844,403.4366149902344,428300,0.0,0.0
2023-09-01 00:00:00-04:00,410.4100036621094,410.4100036621094,404.6600036621094,407.69000244140625,404.21990966796875,258000,0.0,0.0
2023-09-05 00:00:00-04:00,406.4200134277344,406.6600036621094,402.69000244140625,403.6700134277344,400.2341613769531,264000,0.0,0.0
2023-09-06 00:00:00-04:00,404.0199890136719,406.1400146484375,400.5199890136719,404.8500061035156,401.4040832519531,394800,0.0,0.0
2023-09-07 00:00:00-04:00,405.2900085449219,406.04998779296875,401.9200134277344,403.8599853515625,400.4225158691406,230200,0.0,0.0
2023-09-08 00:00:00-04:00,403.32000732421875,403.32000732421875,391.989990234375,393.1600036621094,389.8135986328125,304300,0.0,0.0
2023-09-11 00:00:00-04:00,393.760009765625,400.1499938964844,392.3699951171875,397.1499938964844,393.76959228515625,210300,0.0,0.0
2023-09-12 00:00:00-04:00,394.6600036621094,396.3900146484375,390.69000244140625,393.82000732421875,390.4678955078125,239400,0.0,0.0
2023-09-13 00:00:00-04:00,390.42999267578125,395.5199890136719,389.5,395.2699890136719,391.90557861328125,280000,0.0,0.0
2023-09-14 00:00:00-04:00,398.0,398.92999267578125,391.94000244140625,397.8999938964844,394.51324462890625,219600,0.0,0.0
2023-09-15 00:00:00-04:00,398.1099853515625,400.6000061035156,393.239990234375,394.17999267578125,390.8249816894531,648100,0.0,0.0
2023-09-18 00:00:00-04:00,393.2699890136719,396.3299865722656,391.510009765625,394.6000061035156,391.24127197265625,229000,0.0,0.0
2023-09-19 00:00:00-04:00,395.239990234375,398.8599853515625,392.2799987792969,392.6099853515625,389.26824951171875,291400,0.0,0.0
2023-09-20 00:00:00-04:00,394.7200012207031,394.7200012207031,383.489990234375,384.3399963378906,381.06866455078125,286000,0.0,0.0
2023-09-21 00:00:00-04:00,382.0299987792969,382.0299987792969,372.07000732421875,374.29998779296875,371.11407470703125,362000,0.0,0.0
2023-09-22 00:00:00-04:00,374.0,376.3999938964844,371.3699951171875,372.510009765625,369.3393859863281,381400,0.0,0.0
2023-09-25 00:00:00-04:00,372.04998779296875,375.80999755859375,370.3699951171875,375.6000061035156,372.4029846191406,201300,0.0,0.0
2023-09-26 00:00:00-04:00,375.6000061035156,378.20001220703125,373.5,375.3999938964844,372.2048034667969,235500,0.0,0.0
2023-09-27 00:00:00-04:00,378.94000244140625,379.0799865722656,368.45001220703125,375.17999267578125,371.9866027832031,295500,0.0,0.0
2023-09-28 00:00:00-04:00,376.54998779296875,380.2699890136719,375.5799865722656,379.0799865722656,375.8534240722656,194800,0.0,0.0
2023-09-29 00:00:00-04:00,380.3800048828125,380.3800048828125,374.8599853515625,375.2099914550781,372.0163879394531,228500,0.0,0.0
2023-10-02 00:00:00-04:00,373.3399963378906,373.3399963378906,365.6499938964844,370.5799865722656,367.42578125,345700,0.0,0.0
2023-10-03 00:00:00-04:00,370.20001220703125,374.6499938964844,367.3699951171875,368.8299865722656,365.690673828125,262300,0.0,0.0
2023-10-04 00:00:00-04:00,370.5,374.2099914550781,366.9200134277344,373.7799987792969,370.5985412597656,301600,0.0,0.0
2023-10-05 00:00:00-04:00,372.7699890136719,374.8500061035156,365.80999755859375,372.7300109863281,369.5575256347656,360800,0.0,0.0
2023-10-06 00:00:00-04:00,370.25,378.75,368.9200134277344,377.55999755859375,374.3463439941406,310100,0.0,0.0
2023-10-09 00:00:00-04:00,374.1300048828125,383.1099853515625,374.0400085449219,382.9100036621094,379.6507873535156,189100,0.0,0.0
2023-10-10 00:00:00-04:00,382.6000061035156,390.1400146484375,380.2099914550781,387.2799987792969,383.9836730957031,210800,0.0,0.0
2023-10-11 00:00:00-04:00,387.42999267578125,392.6300048828125,383.2799987792969,392.2099914550781,388.8716735839844,349000,0.0,0.0
2023-10-12 00:00:00-04:00,392.5,394.42999267578125,382.6499938964844,384.9599914550781,381.68341064453125,289700,0.0,0.0
2023-10-13 00:00:00-04:00,386.239990234375,391.20001220703125,384.1700134277344,385.05999755859375,381.78253173828125,201700,0.0,0.0
2023-10-16 00:00:00-04:00,387.6400146484375,390.57000732421875,383.3800048828125,385.80999755859375,382.5261535644531,393000,0.0,0.0
2023-10-17 00:00:00-04:00,382.4100036621094,390.69000244140625,381.2699890136719,386.5799865722656,383.28961181640625,322200,0.0,0.0
2023-10-18 00:00:00-04:00,383.4100036621094,385.04998779296875,374.2099914550781,375.04998779296875,371.85772705078125,344500,0.0,0.0
2023-10-19 00:00:00-04:00,375.739990234375,376.8699951171875,368.239990234375,369.3299865722656,366.1864318847656,367400,0.0,0.0
2023-10-20 00:00:00-04:00,369.30999755859375,369.6600036621094,362.0899963378906,363.6600036621094,360.564697265625,348400,0.0,0.0
2023-10-23 00:00:00-04:00,362.6700134277344,372.8699951171875,358.7200012207031,370.54998779296875,367.39599609375,392600,0.0,0.0
2023-10-24 00:00:00-04:00,371.42999267578125,373.4100036621094,364.95001220703125,369.7200012207031,366.57305908203125,281800,0.0,0.0
2023-10-25 00:00:00-04:00,362.1400146484375,364.260009765625,353.0,358.0,354.95281982421875,572100,0.0,0.0
2023-10-26 00:00:00-04:00,328.0,332.489990234375,316.57000732421875,327.32000732421875,324.5340270996094,1037700,0.0,0.0
2023-10-27 00:00:00-04:00,325.7300109863281,328.44000244140625,319.010009765625,320.9200134277344,318.1885070800781,486700,0.0,0.0
2023-10-30 00:00:00-04:00,324.1000061035156,324.1000061035156,310.4200134277344,319.8599853515625,317.137451171875,732100,0.0,0.0
2023-10-31 00:00:00-04:00,322.5199890136719,328.4800109863281,317.8599853515625,318.2900085449219,315.5807800292969,674400,0.0,0.0
2023-11-01 00:00:00-04:00,318.3599853515625,323.75,314.4200134277344,321.67999267578125,318.9419860839844,565500,0.0,0.0
2023-11-02 00:00:00-04:00,324.3599853515625,331.6499938964844,322.94000244140625,327.760009765625,324.97027587890625,500400,0.0,0.0
2023-11-03 00:00:00-04:00,332.19000244140625,340.2699890136719,332.19000244140625,335.0,332.1485900878906,334300,0.0,0.0
2023-11-06 00:00:00-05:00,338.6499938964844,338.6499938964844,332.04998779296875,333.0299987792969,330.19537353515625,289100,0.0,0.0
2023-11-07 00:00:00-05:00,333.8299865722656,333.8299865722656,329.30999755859375,330.3999938964844,327.78460693359375,436000,0.2,0.0
2023-11-08 00:00:00-05:00,333.9599914550781,345.9200134277344,330.8599853515625,345.29998779296875,342.5666809082031,534100,0.0,0.0
2023-11-09 00:00:00-05:00,344.6099853515625,344.6099853515625,336.0299987792969,336.0400085449219,333.3799133300781,813900,0.0,0.0
2023-11-10 00:00:00-05:00,336.7200012207031,343.3699951171875,335.1700134277344,341.6499938964844,338.94549560546875,413400,0.0,0.0
2023-11-13 00:00:00-05:00,337.82000732421875,341.8900146484375,334.2900085449219,338.1300048828125,335.453369140625,492800,0.0,0.0
2023-11-14 00:00:00-05:00,347.1499938964844,350.8299865722656,342.80999755859375,347.4800109863281,344.7294616699219,281600,0.0,0.0
2023-11-15 00:00:00-05:00,346.6499938964844,352.79998779296875,345.0,345.9800109863281,343.2412414550781,406800,0.0,0.0
2023-11-16 00:00:00-05:00,348.0,354.3900146484375,343.44000244140625,344.2300109863281,341.5051574707031,357600,0.0,0.0
2023-11-17 00:00:00-05:00,345.4599914550781,346.2699890136719,341.260009765625,342.75,340.0368957519531,353900,0.0,0.0
2023-11-20 00:00:00-05:00,343.1199951171875,349.25,342.9200134277344,349.0299987792969,346.2671203613281,275400,0.0,0.0
2023-11-21 00:00:00-05:00,350.07000732421875,353.5899963378906,348.19000244140625,352.489990234375,349.69976806640625,566500,0.0,0.0
2023-11-22 00:00:00-05:00,356.5199890136719,358.489990234375,350.4599914550781,351.1700134277344,348.3901672363281,502000,0.0,0.0
2023-11-24 00:00:00-05:00,352.1499938964844,354.3500061035156,350.29998779296875,353.260009765625,350.4637145996094,114800,0.0,0.0
2023-11-27 00:00:00-05:00,352.1400146484375,355.260009765625,351.1499938964844,353.8999938964844,351.09857177734375,339900,0.0,0.0
2023-11-28 00:00:00-05:00,352.3500061035156,356.7900085449219,350.739990234375,352.4200134277344,349.6302490234375,468200,0.0,0.0
2023-11-29 00:00:00-05:00,355.42999267578125,355.9700012207031,348.54998779296875,348.9200134277344,346.15802001953125,378300,0.0,0.0
2023-11-30 00:00:00-05:00,348.2300109863281,351.3500061035156,346.57000732421875,350.760009765625,347.98345947265625,640500,0.0,0.0
2023-12-01 00:00:00-05:00,350.30999755859375,355.1700134277344,348.9599914550781,351.7900085449219,349.00531005859375,271800,0.0,0.0
2023-12-04 00:00:00-05:00,349.260009765625,354.0199890136719,346.80999755859375,350.8800048828125,348.1025085449219,435700,0.0,0.0
2023-12-05 00:00:00-05:00,348.4200134277344,349.010009765625,340.3999938964844,343.4700012207031,340.7511291503906,366200,0.0,0.0
2023-12-06 00:00:00-05:00,345.010009765625,347.1000061035156,341.4200134277344,342.92999267578125,340.2154235839844,276100,0.0,0.0
2023-12-07 00:00:00-05:00,343.1199951171875,344.6000061035156,337.4700012207031,341.19000244140625,338.48919677734375,389500,0.0,0.0
2023-12-08 00:00:00-05:00,340.5899963378906,342.2699890136719,338.29998779296875,342.239990234375,339.5308532714844,470700,0.0,0.0
2023-12-11 00:00:00-05:00,343.04998779296875,346.42999267578125,340.30999755859375,344.1300048828125,341.4059143066406,628700,0.0,0.0
2023-12-12 00:00:00-05:00,344.6700134277344,350.0,341.3900146484375,347.7699890136719,345.01708984375,339300,0.0,0.0
2023-12-13 00:00:00-05:00,347.989990234375,361.3500061035156,347.989990234375,359.67999267578125,356.8327941894531,425300,0.0,0.0
2023-12-14 00:00:00-05:00,361.739990234375,368.9599914550781,356.4100036621094,358.010009765625,355.1760559082031,712200,0.0,0.0
2023-12-15 00:00:00-05:00,359.6099853515625,363.95001220703125,356.2799987792969,358.20001220703125,355.3645935058594,1081800,0.0,0.0
2023-12-18 00:00:00-05:00,360.4599914550781,361.3800048828125,355.6199951171875,356.2099914550781,353.3902893066406,253800,0.0,0.0
2023-12-19 00:00:00-05:00,358.0,362.07000732421875,355.1300048828125,358.30999755859375,355.4736633300781,371600,0.0,0.0
2023-12-20 00:00:00-05:00,358.1499938964844,361.7200012207031,348.8999938964844,349.489990234375,346.7235107421875,445100,0.0,0.0
2023-12-21 00:00:00-05:00,352.0199890136719,356.3399963378906,350.67999267578125,353.760009765625,350.9597473144531,320300,0.0,0.0
2023-12-22 00:00:00-05:00,355.2900085449219,360.3699951171875,352.8999938964844,354.92999267578125,352.1204528808594,479600,0.0,0.0
2023-12-26 00:00:00-05:00,355.2300109863281,358.55999755859375,353.6499938964844,357.3399963378906,354.5113525390625,236300,0.0,0.0
2023-12-27 00:00:00-05:00,357.239990234375,359.3599853515625,353.8900146484375,355.8800048828125,353.06298828125,223000,0.0,0.0
2023-12-28 00:00:00-05:00,357.2699890136719,358.80999755859375,353.69000244140625,354.92999267578125,352.1204528808594,197100,0.0,0.0
2023-12-29 00:00:00-05:00,355.5400085449219,356.5400085449219,350.8399963378906,352.1199951171875,349.3326416015625,254500,0.0,0.0
2024-01-02 00:00:00-05:00,349.6300048828125,356.20001220703125,346.2099914550781,348.69000244140625,345.9298400878906,730200,0.0,0.0
2024-01-03 00:00:00-05:00,345.95001220703125,347.29998779296875,337.0,338.2699890136719,335.5923156738281,509000,0.0,0.0
2024-01-04 00:00:00-05:00,336.6099853515625,342.54998779296875,336.6099853515625,340.32000732421875,337.6260681152344,503600,0.0,0.0
2024-01-05 00:00:00-05:00,338.79998779296875,341.5899963378906,337.3699951171875,339.4800109863281,336.79278564453125,427900,0.0,0.0
2024-01-08 00:00:00-05:00,340.760009765625,352.2200012207031,340.760009765625,351.8500061035156,349.0647888183594,422300,0.0,0.0
2024-01-09 00:00:00-05:00,349.2699890136719,353.82000732421875,344.80999755859375,349.3399963378906,346.57470703125,670800,0.0,0.0
2024-01-10 00:00:00-05:00,352.0899963378906,357.1700134277344,351.8699951171875,357.1600036621094,354.3327941894531,258700,0.0,0.0
2024-01-11 00:00:00-05:00,354.94000244140625,357.8399963378906,349.3800048828125,354.6300048828125,351.8228454589844,337600,0.0,0.0
2024-01-12 00:00:00-05:00,356.0400085449219,358.20001220703125,346.5,346.7699890136719,344.0250244140625,351400,0.0,0.0
2024-01-16 00:00:00-05:00,345.010009765625,348.05999755859375,342.57000732421875,346.5,343.7572326660156,381700,0.0,0.0
2024-01-17 00:00:00-05:00,343.54998779296875,345.55999755859375,339.3599853515625,339.510009765625,336.8224792480469,228900,0.0,0.0
2024-01-18 00:00:00-05:00,339.8399963378906,344.19000244140625,338.1300048828125,342.8699951171875,340.1558837890625,314800,0.0,0.0
2024-01-19 00:00:00-05:00,343.45001220703125,343.45001220703125,339.7900085449219,342.739990234375,340.0268859863281,385800,0.0,0.0
2024-01-22 00:00:00-05:00,344.8399963378906,349.8900146484375,343.489990234375,347.1099853515625,344.36236572265625,304800,0.0,0.0
2024-01-23 00:00:00-05:00,348.489990234375,352.0199890136719,347.0400085449219,351.6300048828125,348.8465881347656,323500,0.0,0.0
2024-01-24 00:00:00-05:00,353.9800109863281,355.6199951171875,348.6700134277344,348.7099914550781,345.9496765136719,421600,0.0,0.0
2024-01-25 00:00:00-05:00,349.8299865722656,354.5400085449219,349.010009765625,354.2200012207031,351.4160461425781,382100,0.0,0.0
2024-01-26 00:00:00-05:00,358.9800109863281,364.4599914550781,358.0,361.3599853515625,358.4995422363281,503200,0.0,0.0
2024-01-29 00:00:00-05:00,360.4599914550781,371.54998779296875,360.2200012207031,370.5,367.5671691894531,557600,0.0,0.0
2024-01-30 00:00:00-05:00,370.5,380.3299865722656,370.5,376.0899963378906,373.314453125,605700,0.2,0.0
2024-01-31 00:00:00-05:00,375.260009765625,379.1099853515625,371.1300048828125,373.0299987792969,370.2770690917969,688700,0.0,0.0
2024-02-01 00:00:00-05:00,373.4200134277344,381.6400146484375,368.4700012207031,381.5,378.68450927734375,484300,0.0,0.0
2024-02-02 00:00:00-05:00,379.30999755859375,385.1099853515625,377.2799987792969,381.0199890136719,378.2080993652344,620100,0.0,0.0
2024-02-05 00:00:00-05:00,381.3399963378906,398.5299987792969,378.4100036621094,397.6199951171875,394.6855773925781,920300,0.0,0.0
2024-02-06 00:00:00-05:00,400.0,406.1400146484375,396.3699951171875,398.2699890136719,395.33074951171875,772100,0.0,0.0
2024-02-07 00:00:00-05:00,408.0799865722656,413.70001220703125,404.0,413.0,409.95208740234375,657600,0.0,0.0
2024-02-08 00:00:00-05:00,410.7799987792969,413.55999755859375,407.1400146484375,410.8999938964844,407.8675842285156,353100,0.0,0.0
2024-02-09 00:00:00-05:00,412.6700134277344,412.6700134277344,408.29998779296875,409.6400146484375,406.6169128417969,337300,0.0,0.0
2024-02-12 00:00:00-05:00,407.1700134277344,409.7200012207031,402.5199890136719,406.6300048828125,403.62908935546875,348200,0.0,0.0
2024-02-13 00:00:00-05:00,402.42999267578125,405.0,396.32000732421875,398.5899963378906,395.6484069824219,485700,0.0,0.0
2024-02-14 00:00:00-05:00,403.45001220703125,408.8800048828125,399.30999755859375,408.19000244140625,405.1775817871094,544600,0.0,0.0
2024-02-15 00:00:00-05:00,338.05999755859375,355.7300109863281,325.739990234375,350.70001220703125,348.11187744140625,3178600,0.0,0.0
2024-02-16 00:00:00-05:00,350.82000732421875,369.1499938964844,350.30999755859375,362.04998779296875,359.3780517578125,1427800,0.0,0.0
2024-02-20 00:00:00-05:00,361.489990234375,370.19000244140625,349.82000732421875,350.17999267578125,347.5956726074219,948000,0.0,0.0
2024-02-21 00:00:00-05:00,348.3699951171875,357.7099914550781,348.3699951171875,356.20001220703125,353.5712585449219,523400,0.0,0.0
2024-02-22 00:00:00-05:00,357.0,360.0199890136719,352.0,359.8999938964844,357.2439270019531,537700,0.0,0.0
2024-02-23 00:00:00-05:00,361.57000732421875,367.9700012207031,360.7699890136719,367.44000244140625,364.7283020019531,488600,0.0,0.0
2024-02-26 00:00:00-05:00,367.7099914550781,371.04998779296875,362.75,363.2900085449219,360.60894775390625,429400,0.0,0.0
2024-02-27 00:00:00-05:00,362.3800048828125,363.8399963378906,358.0,358.2900085449219,355.6458435058594,415900,0.0,0.0
2024-02-28 00:00:00-05:00,357.6000061035156,359.95001220703125,352.6499938964844,357.30999755859375,354.6730651855469,423000,0.0,0.0
2024-02-29 00:00:00-05:00,357.30999755859375,360.3500061035156,355.5400085449219,358.3599853515625,355.7153015136719,521600,0.0,0.0
2024-03-01 00:00:00-05:00,356.3500061035156,361.5299987792969,353.54998779296875,358.7200012207031,356.0726318359375,327800,0.0,0.0
2024-03-04 00:00:00-05:00,359.9800109863281,361.3299865722656,354.17999267578125,358.7900085449219,356.1421203613281,478500,0.0,0.0
2024-03-05 00:00:00-05:00,357.8299865722656,361.30999755859375,350.6000061035156,351.95001220703125,349.35260009765625,518900,0.0,0.0
2024-03-06 00:00:00-05:00,353.45001220703125,357.69000244140625,351.3900146484375,354.30999755859375,351.6951904296875,424100,0.0,0.0
2024-03-07 00:00:00-05:00,355.6600036621094,365.6499938964844,336.2099914550781,362.1600036621094,359.4873046875,939300,0.0,0.0
2024-03-08 00:00:00-05:00,360.79998779296875,363.7200012207031,356.45001220703125,358.95001220703125,356.30096435546875,320000,0.0,0.0
2024-03-11 00:00:00-04:00,356.82000732421875,361.1499938964844,354.4800109863281,357.5199890136719,354.8814697265625,369800,0.0,0.0
2024-03-12 00:00:00-04:00,358.04998779296875,380.75,355.0,377.989990234375,375.20037841796875,1034500,0.0,0.0
2024-03-13 00:00:00-04:00,379.2099914550781,387.8800048828125,377.0199890136719,385.75,382.9031677246094,697400,0.0,0.0
2024-03-14 00:00:00-04:00,387.7799987792969,399.95001220703125,386.3699951171875,399.3900146484375,396.4425354003906,802900,0.0,0.0
2024-03-15 00:00:00-04:00,391.80999755859375,396.70001220703125,386.8800048828125,387.6199951171875,384.7593994140625,756100,0.0,0.0
2024-03-18 00:00:00-04:00,388.9200134277344,396.3399963378906,388.3999938964844,395.7200012207031,392.7995910644531,522800,0.0,0.0
2024-03-19 00:00:00-04:00,394.0,395.8800048828125,391.2099914550781,395.69000244140625,392.76983642578125,493100,0.0,0.0
2024-03-20 00:00:00-04:00,396.30999755859375,396.30999755859375,393.1499938964844,394.1000061035156,391.1916198730469,302500,0.0,0.0
2024-03-21 00:00:00-04:00,395.8900146484375,400.8800048828125,394.0,395.8900146484375,392.96832275390625,318300,0.0,0.0
2024-03-22 00:00:00-04:00,396.1300048828125,396.95001220703125,392.1300048828125,393.9200134277344,391.012939453125,403800,0.0,0.0
2024-03-25 00:00:00-04:00,393.239990234375,394.3999938964844,385.05999755859375,388.3900146484375,385.52374267578125,362600,0.0,0.0
2024-03-26 00:00:00-04:00,388.6400146484375,390.260009765625,386.05999755859375,388.2200012207031,385.3549499511719,350100,0.0,0.0
2024-03-27 00:00:00-04:00,393.0899963378906,394.739990234375,390.5899963378906,394.1000061035156,391.1916198730469,253700,0.0,0.0
2024-03-28 00:00:00-04:00,395.30999755859375,397.7200012207031,393.45001220703125,395.7099914550781,392.7896728515625,236400,0.0,0.0
2024-04-01 00:00:00-04:00,394.6499938964844,396.2099914550781,390.0,395.94000244140625,393.0179748535156,359300,0.0,0.0
2024-04-02 00:00:00-04:00,392.57000732421875,392.57000732421875,381.2900085449219,387.8999938964844,385.0372619628906,422500,0.0,0.0
2024-04-03 00:00:00-04:00,387.6099853515625,391.8399963378906,385.80999755859375,387.1499938964844,384.2928466796875,304700,0.0,0.0
2024-04-04 00:00:00-04:00,390.7799987792969,395.3299865722656,385.8399963378906,386.1199951171875,383.2703857421875,386900,0.0,0.0
2024-04-05 00:00:00-04:00,387.69000244140625,394.7300109863281,387.69000244140625,394.0299987792969,391.1220703125,242300,0.0,0.0
2024-04-08 00:00:00-04:00,394.3299865722656,396.75,391.8900146484375,392.5799865722656,389.68280029296875,279400,0.0,0.0
2024-04-09 00:00:00-04:00,394.3299865722656,394.3299865722656,387.5799865722656,392.3800048828125,389.4842224121094,364900,0.0,0.0
2024-04-10 00:00:00-04:00,385.5799865722656,393.0799865722656,381.0,389.7699890136719,386.8935241699219,316900,0.0,0.0
2024-04-11 00:00:00-04:00,392.45001220703125,394.1099853515625,386.0,387.5799865722656,384.7196960449219,308200,0.0,0.0
2024-04-12 00:00:00-04:00,384.0,384.1600036621094,379.7300109863281,380.0,377.19561767578125,258200,0.0,0.0
2024-04-15 00:00:00-04:00,384.8900146484375,386.55999755859375,378.2200012207031,378.80999755859375,376.0143737792969,284500,0.0,0.0
2024-04-16 00:00:00-04:00,377.5299987792969,381.0799865722656,375.2300109863281,379.4800109863281,376.679443359375,491800,0.0,0.0
2024-04-17 00:00:00-04:00,381.010009765625,381.1600036621094,376.70001220703125,377.3599853515625,374.5750427246094,355400,0.0,0.0
2024-04-18 00:00:00-04:00,377.489990234375,380.6700134277344,372.4100036621094,377.3299865722656,374.5452575683594,315100,0.0,0.0
2024-04-19 00:00:00-04:00,379.0899963378906,379.0899963378906,371.8800048828125,372.0400085449219,369.2943420410156,444700,0.0,0.0
2024-04-22 00:00:00-04:00,375.2699890136719,379.07000732421875,370.9200134277344,375.3500061035156,372.5799255371094,510700,0.0,0.0
2024-04-23 00:00:00-04:00,380.0,392.07000732421875,377.1499938964844,390.20001220703125,387.52685546875,427100,0.2,0.0
2024-04-24 00:00:00-04:00,389.42999267578125,394.4200134277344,385.45001220703125,385.7300109863281,383.0874938964844,757300,0.0,0.0
2024-04-25 00:00:00-04:00,384.4800109863281,390.3299865722656,364.8900146484375,368.17999267578125,365.65765380859375,742400,0.0,0.0
2024-04-26 00:00:00-04:00,364.2200012207031,370.0,358.8900146484375,360.42999267578125,357.9607849121094,603100,0.0,0.0
2024-04-29 00:00:00-04:00,360.010009765625,362.1600036621094,353.6300048828125,354.4100036621094,351.9820251464844,511900,0.0,0.0
2024-04-30 00:00:00-04:00,353.739990234375,367.8500061035156,352.760009765625,357.4800109863281,355.0309753417969,697400,0.0,0.0
2024-05-01 00:00:00-04:00,356.3999938964844,368.4599914550781,355.6499938964844,363.42999267578125,360.940185546875,579100,0.0,0.0
2024-05-02 00:00:00-04:00,365.6600036621094,368.70001220703125,360.19000244140625,368.4599914550781,365.93572998046875,445600,0.0,0.0
2024-05-03 00:00:00-04:00,372.5299987792969,372.7900085449219,361.5799865722656,365.0199890136719,362.51934814453125,451100,0.0,0.0
2024-05-06 00:00:00-04:00,366.5899963378906,369.1700134277344,364.07000732421875,366.5400085449219,364.0289001464844,332500,0.0,0.0
2024-05-07 00:00:00-04:00,368.25,369.0199890136719,364.45001220703125,368.3500061035156,365.8265075683594,444900,0.0,0.0
2024-05-08 00:00:00-04:00,367.1400146484375,369.6400146484375,363.4800109863281,366.6600036621094,364.1480712890625,423600,0.0,0.0
2024-05-09 00:00:00-04:00,367.4200134277344,369.2200012207031,354.6199951171875,365.5899963378906,363.08544921875,795500,0.0,0.0
2024-05-10 00:00:00-04:00,365.3500061035156,372.5199890136719,364.0400085449219,364.19000244140625,361.6950378417969,488300,0.0,0.0
2024-05-13 00:00:00-04:00,364.3599853515625,367.7099914550781,357.45001220703125,358.1700134277344,355.7162780761719,511500,0.0,0.0
2024-05-14 00:00:00-04:00,359.6499938964844,362.5400085449219,346.7200012207031,354.4800109863281,352.0515441894531,852200,0.0,0.0
2024-05-15 00:00:00-04:00,356.80999755859375,358.2200012207031,345.7699890136719,351.5199890136719,349.11175537109375,776500,0.0,0.0
2024-05-16 00:00:00-04:00,354.4200134277344,357.8500061035156,348.9200134277344,354.1099853515625,351.6840515136719,696800,0.0,0.0
2024-05-17 00:00:00-04:00,354.9599914550781,356.1400146484375,349.0,355.6400146484375,353.20361328125,434700,0.0,0.0
2024-05-20 00:00:00-04:00,355.6600036621094,355.6600036621094,341.6400146484375,342.760009765625,340.4118347167969,668100,0.0,0.0
2024-05-21 00:00:00-04:00,342.239990234375,343.20001220703125,336.0,337.010009765625,334.7012023925781,469700,0.0,0.0
2024-05-22 00:00:00-04:00,336.55999755859375,340.4200134277344,329.30999755859375,334.2900085449219,331.9998779296875,671300,0.0,0.0
2024-05-23 00:00:00-04:00,335.2900085449219,335.2900085449219,328.010009765625,328.5899963378906,326.3389587402344,460100,0.0,0.0
2024-05-24 00:00:00-04:00,327.45001220703125,332.1000061035156,326.0,331.6600036621094,329.3879089355469,385900,0.0,0.0
2024-05-28 00:00:00-04:00,331.9200134277344,333.45001220703125,326.1700134277344,327.4700012207031,325.2265930175781,531600,0.0,0.0
2024-05-29 00:00:00-04:00,324.8599853515625,326.1099853515625,322.0400085449219,322.8500061035156,320.63824462890625,465900,0.0,0.0
2024-05-30 00:00:00-04:00,320.989990234375,329.2699890136719,320.6499938964844,329.1199951171875,326.8652648925781,491400,0.0,0.0
2024-05-31 00:00:00-04:00,328.9599914550781,332.25,326.0299987792969,331.4100036621094,329.1395263671875,767700,0.0,0.0
2024-06-03 00:00:00-04:00,331.0400085449219,334.7200012207031,325.6700134277344,328.7300109863281,326.47796630859375,434800,0.0,0.0
2024-06-04 00:00:00-04:00,329.1700134277344,331.1099853515625,317.0,318.4200134277344,316.23858642578125,557400,0.0,0.0
2024-06-05 00:00:00-04:00,318.8800048828125,322.44000244140625,317.4800109863281,317.69000244140625,315.5135498046875,382200,0.0,0.0
2024-06-06 00:00:00-04:00,316.9100036621094,318.6000061035156,314.989990234375,315.20001220703125,313.0406494140625,340600,0.0,0.0
2024-06-07 00:00:00-04:00,313.30999755859375,317.5400085449219,312.04998779296875,314.67999267578125,312.524169921875,452000,0.0,0.0
2024-06-10 00:00:00-04:00,313.04998779296875,320.0,311.8399963378906,319.8599853515625,317.6687316894531,446500,0.0,0.0
2024-06-11 00:00:00-04:00,318.1400146484375,328.2200012207031,317.3399963378906,328.1700134277344,325.9217834472656,625900,0.0,0.0
2024-06-12 00:00:00-04:00,329.5299987792969,342.4200134277344,327.6300048828125,338.4200134277344,336.1015930175781,810100,0.0,0.0
2024-06-13 00:00:00-04:00,336.2799987792969,339.4200134277344,333.4100036621094,336.2900085449219,333.9861755371094,687800,0.0,0.0
2024-06-14 00:00:00-04:00,334.6600036621094,337.9100036621094,329.42999267578125,333.25,330.96697998046875,374600,0.0,0.0
2024-06-17 00:00:00-04:00,332.7799987792969,339.3599853515625,330.3699951171875,336.0799865722656,333.777587890625,514700,0.0,0.0
2024-06-18 00:00:00-04:00,336.5199890136719,336.5400085449219,310.0,322.07000732421875,319.8636474609375,1095600,0.0,0.0
2024-06-20 00:00:00-04:00,321.32000732421875,331.17999267578125,319.4200134277344,328.6400146484375,326.3885498046875,1073700,0.0,0.0
2024-06-21 00:00:00-04:00,329.3699951171875,333.510009765625,323.8599853515625,332.760009765625,330.4803466796875,991200,0.0,0.0
2024-06-24 00:00:00-04:00,331.7699890136719,335.6600036621094,328.1300048828125,331.0,328.7323913574219,529500,0.0,0.0
2024-06-25 00:00:00-04:00,330.0,330.0,320.0,323.6000061035156,321.383056640625,516400,0.0,0.0
2024-06-26 00:00:00-04:00,322.510009765625,326.9700012207031,320.0199890136719,323.67999267578125,321.4625549316406,359400,0.0,0.0
2024-06-27 00:00:00-04:00,323.17999267578125,332.69000244140625,323.17999267578125,328.760009765625,326.50775146484375,517100,0.0,0.0
2024-06-28 00:00:00-04:00,330.0299987792969,334.2200012207031,326.0199890136719,329.3900146484375,327.1334533691406,1219800,0.0,0.0
2024-07-01 00:00:00-04:00,331.4599914550781,335.3399963378906,322.5299987792969,324.54998779296875,322.3265686035156,375200,0.0,0.0
2024-07-02 00:00:00-04:00,326.6099853515625,332.7900085449219,322.44000244140625,322.6000061035156,320.38995361328125,334500,0.0,0.0
2024-07-03 00:00:00-04:00,322.0899963378906,322.6600036621094,318.1300048828125,320.8999938964844,318.7015686035156,227200,0.0,0.0
2024-07-05 00:00:00-04:00,322.1600036621094,322.8299865722656,319.0799865722656,322.55999755859375,320.3502502441406,258800,0.0,0.0
2024-07-08 00:00:00-04:00,320.5299987792969,326.0799865722656,318.30999755859375,319.9800109863281,317.7878723144531,390900,0.0,0.0
2024-07-09 00:00:00-04:00,320.5899963378906,320.5899963378906,314.2099914550781,318.6300048828125,316.4471435546875,604800,0.0,0.0
2024-07-10 00:00:00-04:00,319.42999267578125,322.95001220703125,316.8599853515625,321.3500061035156,319.1484680175781,686200,0.0,0.0
2024-07-11 00:00:00-04:00,324.6600036621094,334.2300109863281,324.04998779296875,333.29998779296875,331.0166320800781,442700,0.0,0.0
2024-07-12 00:00:00-04:00,334.239990234375,334.239990234375,322.739990234375,322.9800109863281,320.7673034667969,631600,0.0,0.0
2024-07-15 00:00:00-04:00,323.1499938964844,328.260009765625,319.489990234375,320.1099853515625,317.9169921875,443700,0.0,0.0
2024-07-16 00:00:00-04:00,322.0,330.0199890136719,320.1600036621094,329.1099853515625,326.8553161621094,366700,0.0,0.0
2024-07-17 00:00:00-04:00,327.8699951171875,332.2300109863281,325.19000244140625,327.0400085449219,324.7995300292969,291500,0.0,0.0
2024-07-18 00:00:00-04:00,324.739990234375,330.6400146484375,316.25,316.3399963378906,314.17279052734375,533800,0.0,0.0
2024-07-19 00:00:00-04:00,319.4800109863281,319.4800109863281,313.8999938964844,317.9200134277344,315.7420349121094,554600,0.0,0.0
2024-07-22 00:00:00-04:00,321.29998779296875,322.5,311.5899963378906,318.0199890136719,315.84130859375,984700,0.0,0.0
2024-07-23 00:00:00-04:00,322.0899963378906,323.0,312.2200012207031,316.17999267578125,314.013916015625,770400,0.0,0.0
2024-07-24 00:00:00-04:00,317.7699890136719,325.010009765625,312.67999267578125,323.7699890136719,321.5519714355469,1040200,0.0,0.0
2024-07-25 00:00:00-04:00,282.3999938964844,295.19000244140625,265.0,277.1600036621094,275.26129150390625,3347400,0.0,0.0
2024-07-26 00:00:00-04:00,279.6300048828125,289.45001220703125,275.489990234375,284.760009765625,282.8092041015625,1190400,0.0,0.0
2024-07-29 00:00:00-04:00,286.4800109863281,293.1099853515625,283.5799865722656,288.1199951171875,286.1461486816406,775500,0.0,0.0
2024-07-30 00:00:00-04:00,287.69000244140625,299.8599853515625,286.7900085449219,299.510009765625,297.4581604003906,926300,0.0,0.0
2024-07-31 00:00:00-04:00,299.3999938964844,307.3999938964844,297.42999267578125,306.1700134277344,304.2756652832031,1193100,0.2,0.0
2024-08-01 00:00:00-04:00,304.1300048828125,309.04998779296875,297.4599914550781,302.30999755859375,300.4395446777344,794100,0.0,0.0
2024-08-02 00:00:00-04:00,299.30999755859375,301.2200012207031,291.9200134277344,300.2799987792969,298.422119140625,457000,0.0,0.0
2024-08-05 00:00:00-04:00,296.5,303.7799987792969,293.4700012207031,301.6000061035156,299.7339782714844,981200,0.0,0.0
2024-08-06 00:00:00-04:00,304.1499938964844,310.4100036621094,301.80999755859375,304.4599914550781,302.5762634277344,711800,0.0,0.0
2024-08-07 00:00:00-04:00,304.20001220703125,304.3699951171875,293.3299865722656,293.7699890136719,291.952392578125,557500,0.0,0.0
2024-08-08 00:00:00-04:00,297.8900146484375,299.3999938964844,291.1600036621094,293.0199890136719,291.20703125,731800,0.0,0.0
2024-08-09 00:00:00-04:00,292.42999267578125,294.3599853515625,283.17999267578125,287.8500061035156,286.0690002441406,886400,0.0,0.0
2024-08-12 00:00:00-04:00,287.8699951171875,290.8800048828125,285.32000732421875,290.55999755859375,288.76226806640625,409400,0.0,0.0
2024-08-13 00:00:00-04:00,291.1300048828125,295.94000244140625,291.1300048828125,295.4200134277344,293.5921936035156,436900,0.0,0.0
2024-08-14 00:00:00-04:00,295.0199890136719,295.42999267578125,290.25,292.2099914550781,290.4020080566406,217400,0.0,0.0
2024-08-15 00:00:00-04:00,295.5,295.8800048828125,290.1300048828125,292.6000061035156,290.78961181640625,420900,0.0,0.0
2024-08-16 00:00:00-04:00,291.8800048828125,300.6300048828125,291.55999755859375,300.4100036621094,298.5513000488281,461500,0.0,0.0
2024-08-19 00:00:00-04:00,300.0,301.92999267578125,297.6099853515625,301.67999267578125,299.8134765625,294800,0.0,0.0
2024-08-20 00:00:00-04:00,301.989990234375,302.95001220703125,298.75,299.1199951171875,297.269287109375,315800,0.0,0.0
2024-08-21 00:00:00-04:00,301.05999755859375,304.80999755859375,300.3599853515625,304.30999755859375,302.42718505859375,195700,0.0,0.0
2024-08-22 00:00:00-04:00,306.8399963378906,306.8399963378906,297.32000732421875,300.5199890136719,298.6606750488281,343100,0.0,0.0
2024-08-23 00:00:00-04:00,302.4700012207031,305.1700134277344,300.489990234375,302.7799987792969,300.90667724609375,300300,0.0,0.0
2024-08-26 00:00:00-04:00,303.5199890136719,305.739990234375,300.8399963378906,303.489990234375,301.6122741699219,236200,0.0,0.0
2024-08-27 00:00:00-04:00,303.69000244140625,304.4599914550781,301.260009765625,302.6300048828125,300.75762939453125,267000,0.0,0.0
2024-08-28 00:00:00-04:00,302.2200012207031,302.2200012207031,295.2799987792969,297.6099853515625,295.7686462402344,337200,0.0,0.0
2024-08-29 00:00:00-04:00,299.8900146484375,315.9599914550781,299.8900146484375,314.7900085449219,312.8423767089844,582900,0.0,0.0
2024-08-30 00:00:00-04:00,316.2900085449219,319.760009765625,311.9700012207031,313.6300048828125,311.6895446777344,590500,0.0,0.0
2024-09-03 00:00:00-04:00,311.95001220703125,318.04998779296875,302.4100036621094,304.1499938964844,302.2681579589844,383300,0.0,0.0
2024-09-04 00:00:00-04:00,303.95001220703125,307.9100036621094,301.2699890136719,304.7200012207031,302.8346862792969,354100,0.0,0.0
2024-09-05 00:00:00-04:00,303.1499938964844,303.1499938964844,297.739990234375,300.29998779296875,298.4419860839844,288800,0.0,0.0
2024-09-06 00:00:00-04:00,298.510009765625,303.5299987792969,294.510009765625,297.239990234375,295.4009704589844,293100,0.0,0.0
2024-09-09 00:00:00-04:00,298.4100036621094,305.510009765625,293.260009765625,302.0299987792969,300.1612854003906,431500,0.0,0.0
2024-09-10 00:00:00-04:00,301.5400085449219,306.1099853515625,298.95001220703125,305.54998779296875,303.6594543457031,304800,0.0,0.0
2024-09-11 00:00:00-04:00,305.010009765625,305.489990234375,295.510009765625,302.3500061035156,300.4793395996094,283200,0.0,0.0
2024-09-12 00:00:00-04:00,301.5,302.1400146484375,296.1700134277344,297.4800109863281,295.63946533203125,364400,0.0,0.0
2024-09-13 00:00:00-04:00,298.1000061035156,301.739990234375,297.82000732421875,300.6700134277344,298.8097229003906,392800,0.0,0.0
2024-09-16 00:00:00-04:00,302.3699951171875,302.3800048828125,295.19000244140625,296.7799987792969,294.94378662109375,425400,0.0,0.0
2024-09-17 00:00:00-04:00,299.3999938964844,299.3999938964844,292.9200134277344,295.8599853515625,294.0294494628906,356500,0.0,0.0
2024-09-18 00:00:00-04:00,297.6099853515625,313.2900085449219,296.0,309.17999267578125,307.26702880859375,693100,0.0,0.0
2024-09-19 00:00:00-04:00,315.0899963378906,319.989990234375,310.7799987792969,311.20001220703125,309.2745666503906,371200,0.0,0.0
2024-09-20 00:00:00-04:00,309.8599853515625,311.8999938964844,306.2099914550781,308.1499938964844,306.24346923828125,732100,0.0,0.0
2024-09-23 00:00:00-04:00,307.57000732421875,309.9100036621094,305.2099914550781,306.7300109863281,304.8322448730469,354000,0.0,0.0
2024-09-24 00:00:00-04:00,308.5400085449219,309.8500061035156,304.8399963378906,309.7099914550781,307.7937316894531,326100,0.0,0.0
2024-09-25 00:00:00-04:00,310.2099914550781,310.9700012207031,302.3999938964844,303.3299865722656,301.4532470703125,412000,0.0,0.0
2024-09-26 00:00:00-04:00,307.0400085449219,308.2900085449219,304.4599914550781,307.1400146484375,305.23968505859375,405600,0.0,0.0
2024-09-27 00:00:00-04:00,309.54998779296875,314.55999755859375,307.9200134277344,311.0,309.0758056640625,337400,0.0,0.0
2024-09-30 00:00:00-04:00,311.30999755859375,312.6499938964844,298.70001220703125,300.1600036621094,298.3028869628906,585100,0.0,0.0
2024-10-01 00:00:00-04:00,300.57000732421875,301.7699890136719,295.05999755859375,299.79998779296875,297.945068359375,530600,0.0,0.0
2024-10-02 00:00:00-04:00,299.17999267578125,303.29998779296875,297.19000244140625,299.80999755859375,297.9549865722656,281800,0.0,0.0
2024-10-03 00:00:00-04:00,298.20001220703125,302.55999755859375,297.2699890136719,297.30999755859375,295.4704895019531,321900,0.0,0.0
2024-10-04 00:00:00-04:00,300.07000732421875,301.17999267578125,295.6300048828125,296.5,294.6655578613281,187200,0.0,0.0
2024-10-07 00:00:00-04:00,295.489990234375,296.5199890136719,289.8500061035156,290.4200134277344,288.6231689453125,301800,0.0,0.0
2024-10-08 00:00:00-04:00,289.57000732421875,291.239990234375,286.42999267578125,286.4800109863281,284.70751953125,474000,0.0,0.0
2024-10-09 00:00:00-04:00,287.3500061035156,287.3500061035156,281.0,286.5199890136719,284.74725341796875,1103200,0.0,0.0
2024-10-10 00:00:00-04:00,287.239990234375,291.0,286.2699890136719,290.07000732421875,288.27532958984375,490200,0.0,0.0
2024-10-11 00:00:00-04:00,288.2799987792969,296.7900085449219,285.92999267578125,294.9100036621094,293.0853576660156,1447600,0.0,0.0
2024-10-14 00:00:00-04:00,296.0,299.7699890136719,292.79998779296875,295.3500061035156,293.52264404296875,956800,0.0,0.0
2024-10-15 00:00:00-04:00,295.0,297.92999267578125,290.0,291.0400085449219,289.23931884765625,925300,0.0,0.0
2024-10-16 00:00:00-04:00,291.82000732421875,291.82000732421875,285.6300048828125,288.989990234375,287.2019348144531,784000,0.0,0.0
2024-10-17 00:00:00-04:00,292.7300109863281,292.8299865722656,286.1600036621094,288.6600036621094,286.87396240234375,939600,0.0,0.0
2024-10-18 00:00:00-04:00,291.989990234375,294.07000732421875,287.17999267578125,293.32000732421875,291.50518798828125,640100,0.0,0.0
2024-10-21 00:00:00-04:00,291.0899963378906,292.4599914550781,287.07000732421875,287.25,285.4727478027344,301500,0.0,0.0
2024-10-22 00:00:00-04:00,285.4599914550781,287.04998779296875,282.6000061035156,286.3999938964844,284.6280212402344,588900,0.0,0.0
2024-10-23 00:00:00-04:00,285.6499938964844,288.5,283.3599853515625,286.44000244140625,284.66778564453125,671100,0.0,0.0
2024-10-24 00:00:00-04:00,327.5,352.3299865722656,325.0,330.6499938964844,328.6042175292969,2183500,0.0,0.0
2024-10-25 00:00:00-04:00,328.0,330.6400146484375,305.69000244140625,307.9200134277344,306.0149230957031,1538000,0.0,0.0
2024-10-28 00:00:00-04:00,309.7200012207031,312.8800048828125,304.82000732421875,310.4100036621094,308.4894714355469,801500,0.0,0.0
2024-10-29 00:00:00-04:00,310.3999938964844,318.5400085449219,308.8800048828125,318.4100036621094,316.4399719238281,1043300,0.0,0.0
2024-10-30 00:00:00-04:00,315.8800048828125,318.67999267578125,311.4200134277344,313.0199890136719,311.0832824707031,672100,0.0,0.0
2024-10-31 00:00:00-04:00,312.94000244140625,319.54998779296875,307.8900146484375,307.92999267578125,306.0247802734375,966400,0.0,0.0
2024-11-01 00:00:00-04:00,308.9200134277344,316.7699890136719,308.9200134277344,316.5,314.54180908203125,623700,0.0,0.0
2024-11-04 00:00:00-05:00,317.489990234375,321.32000732421875,313.4599914550781,314.7699890136719,312.8224792480469,496500,0.0,0.0
2024-11-05 00:00:00-05:00,313.5,331.82000732421875,313.5,323.4700012207031,321.4686279296875,633900,0.0,0.0
2024-11-06 00:00:00-05:00,330.4100036621094,331.8800048828125,320.44000244140625,329.3800048828125,327.3420715332031,740600,0.0,0.0
2024-11-07 00:00:00-05:00,331.3299865722656,331.54998779296875,322.42999267578125,323.4200134277344,321.41900634765625,458900,0.0,0.0
2024-11-08 00:00:00-05:00,322.29998779296875,326.9100036621094,320.82000732421875,324.1000061035156,322.0947570800781,600800,0.0,0.0
2024-11-11 00:00:00-05:00,327.29998779296875,335.5799865722656,325.8500061035156,327.57000732421875,325.5433044433594,632100,0.0,0.0
2024-11-12 00:00:00-05:00,325.3999938964844,329.760009765625,324.6099853515625,327.67999267578125,325.652587890625,414600,0.0,0.0
2024-11-13 00:00:00-05:00,328.94000244140625,347.5299987792969,327.07000732421875,344.0,342.09088134765625,970400,0.21,0.0
2024-11-14 00:00:00-05:00,341.32000732421875,342.3299865722656,336.94000244140625,338.1199951171875,336.2434997558594,572300,0.0,0.0
2024-11-15 00:00:00-05:00,337.8900146484375,337.8900146484375,313.1499938964844,314.489990234375,312.74462890625,1087300,0.0,0.0
2024-11-18 00:00:00-05:00,312.9200134277344,314.04998779296875,305.3599853515625,307.2099914550781,305.5050354003906,592100,0.0,0.0
2024-11-19 00:00:00-05:00,304.4700012207031,311.5899963378906,300.3599853515625,304.1000061035156,302.41229248046875,745400,0.0,0.0
2024-11-20 00:00:00-05:00,302.1000061035156,312.5799865722656,299.3599853515625,311.6600036621094,309.93035888671875,437700,0.0,0.0
2024-11-21 00:00:00-05:00,313.1199951171875,321.1700134277344,308.4599914550781,320.8800048828125,319.0992126464844,431400,0.0,0.0
2024-11-22 00:00:00-05:00,319.5299987792969,325.0,316.010009765625,316.5899963378906,314.8329772949219,557200,0.0,0.0
2024-11-25 00:00:00-05:00,321.94000244140625,323.3299865722656,318.8699951171875,319.7900085449219,318.0152587890625,738900,0.0,0.0
2024-11-26 00:00:00-05:00,320.260009765625,320.5,315.1700134277344,319.3500061035156,317.57763671875,315700,0.0,0.0
2024-11-27 00:00:00-05:00,321.0,324.510009765625,318.739990234375,323.32000732421875,321.5256652832031,391600,0.0,0.0
2024-11-29 00:00:00-05:00,323.6199951171875,326.5799865722656,322.7799987792969,325.67999267578125,323.87255859375,305800,0.0,0.0
2024-12-02 00:00:00-05:00,323.3599853515625,326.260009765625,321.2799987792969,322.6499938964844,320.8593444824219,400500,0.0,0.0
2024-12-03 00:00:00-05:00,320.6000061035156,324.2699890136719,316.20001220703125,321.8900146484375,320.10357666015625,334600,0.0,0.0
2024-12-04 00:00:00-05:00,320.04998779296875,323.2300109863281,316.5,321.0799865722656,319.29803466796875,350200,0.0,0.0
2024-12-05 00:00:00-05:00,319.25,321.4200134277344,313.9200134277344,318.20001220703125,316.4340515136719,287000,0.0,0.0
2024-12-06 00:00:00-05:00,320.9200134277344,325.0,319.239990234375,322.489990234375,320.7001953125,223900,0.0,0.0
2024-12-09 00:00:00-05:00,323.8800048828125,327.4700012207031,319.2300109863281,322.1600036621094,320.3720703125,315800,0.0,0.0
2024-12-10 00:00:00-05:00,323.79998779296875,323.79998779296875,317.4599914550781,319.2699890136719,317.4980773925781,395900,0.0,0.0
2024-12-11 00:00:00-05:00,321.17999267578125,324.55999755859375,317.4599914550781,318.2200012207031,316.45391845703125,399100,0.0,0.0
2024-12-12 00:00:00-05:00,320.8999938964844,333.2799987792969,320.8999938964844,331.6199951171875,329.77960205078125,437900,0.0,0.0
2024-12-13 00:00:00-05:00,329.67999267578125,330.25,324.2300109863281,330.04998779296875,328.21826171875,515900,0.0,0.0
2024-12-16 00:00:00-05:00,330.94000244140625,338.0,329.6600036621094,330.57000732421875,328.73541259765625,515000,0.0,0.0
2024-12-17 00:00:00-05:00,328.29998779296875,337.2099914550781,328.29998779296875,334.260009765625,332.4049377441406,596400,0.0,0.0
2024-12-18 00:00:00-05:00,333.0299987792969,336.7900085449219,325.0400085449219,325.32000732421875,323.5145263671875,544700,0.0,0.0
2024-12-19 00:00:00-05:00,325.1099853515625,329.70001220703125,319.739990234375,327.010009765625,325.1951599121094,529200,0.0,0.0
2024-12-20 00:00:00-05:00,327.05999755859375,335.5299987792969,326.3299865722656,331.3999938964844,329.560791015625,2444400,0.0,0.0
2024-12-23 00:00:00-05:00,330.0799865722656,330.67999267578125,325.3299865722656,329.57000732421875,327.740966796875,374200,0.0,0.0
2024-12-24 00:00:00-05:00,330.239990234375,332.7699890136719,328.1199951171875,332.7699890136719,330.9231872558594,203600,0.0,0.0
2024-12-26 00:00:00-05:00,331.6099853515625,333.7200012207031,330.7699890136719,333.42999267578125,331.57952880859375,270800,0.0,0.0
2024-12-27 00:00:00-05:00,330.3299865722656,334.3299865722656,330.3299865722656,333.2200012207031,331.3707275390625,397800,0.0,0.0
2024-12-30 00:00:00-05:00,330.2200012207031,330.9700012207031,327.04998779296875,328.82000732421875,326.9951477050781,485600,0.0,0.0
2024-12-31 00:00:00-05:00,331.0,331.6600036621094,326.2799987792969,327.55999755859375,325.7420959472656,301200,0.0,0.0
2025-01-02 00:00:00-05:00,329.70001220703125,332.5400085449219,326.7900085449219,328.3900146484375,326.5674743652344,443600,0.0,0.0
2025-01-03 00:00:00-05:00,328.739990234375,339.510009765625,327.1499938964844,335.55999755859375,333.69769287109375,389300,0.0,0.0
2025-01-06 00:00:00-05:00,334.4800109863281,340.1000061035156,330.1099853515625,332.7200012207031,330.8734436035156,550100,0.0,0.0
2025-01-07 00:00:00-05:00,334.44000244140625,339.69000244140625,330.739990234375,332.5299987792969,330.6845397949219,404400,0.0,0.0
2025-01-08 00:00:00-05:00,333.5299987792969,337.3399963378906,326.7699890136719,336.9100036621094,335.0402526855469,394700,0.0,0.0
2025-01-10 00:00:00-05:00,333.2200012207031,335.80999755859375,331.55999755859375,331.7300109863281,329.88897705078125,474600,0.0,0.0
2025-01-13 00:00:00-05:00,331.7300109863281,340.42999267578125,331.7300109863281,339.6000061035156,337.71527099609375,602800,0.0,0.0
2025-01-14 00:00:00-05:00,340.1099853515625,341.8399963378906,325.04998779296875,328.9599914550781,327.1343078613281,445200,0.0,0.0
2025-01-15 00:00:00-05:00,332.17999267578125,332.54998779296875,321.4599914550781,329.010009765625,327.18408203125,447200,0.0,0.0
2025-01-16 00:00:00-05:00,328.3800048828125,338.2699890136719,324.6300048828125,337.20001220703125,335.3286437988281,384900,0.0,0.0
2025-01-17 00:00:00-05:00,340.0,340.9700012207031,335.1499938964844,336.3399963378906,334.473388671875,610300,0.0,0.0
2025-01-21 00:00:00-05:00,340.54998779296875,345.2900085449219,336.75,344.69000244140625,342.7770690917969,388300,0.0,0.0
2025-01-22 00:00:00-05:00,341.9800109863281,347.8900146484375,340.95001220703125,347.8699951171875,345.9394226074219,422700,0.0,0.0
2025-01-23 00:00:00-05:00,347.8800048828125,347.8800048828125,334.4800109863281,343.989990234375,342.0809020996094,397600,0.0,0.0
2025-01-24 00:00:00-05:00,343.8999938964844,348.4800109863281,341.82000732421875,345.0,343.0853271484375,271400,0.0,0.0
2025-01-27 00:00:00-05:00,345.3500061035156,346.4599914550781,342.3999938964844,345.07000732421875,343.1549072265625,355700,0.0,0.0
2025-01-28 00:00:00-05:00,348.8999938964844,348.8999938964844,342.67999267578125,343.2900085449219,341.38482666015625,293700,0.0,0.0
2025-01-29 00:00:00-05:00,341.5400085449219,342.0,335.6199951171875,339.57000732421875,337.6854248046875,410900,0.0,0.0
2025-01-30 00:00:00-05:00,342.8800048828125,347.8500061035156,341.8900146484375,343.9100036621094,342.0013732910156,400300,0.0,0.0
2025-01-31 00:00:00-05:00,343.1099853515625,347.1400146484375,341.0899963378906,341.54998779296875,339.65447998046875,568800,0.0,0.0
2025-02-03 00:00:00-05:00,340.4800109863281,342.54998779296875,335.5799865722656,337.0299987792969,335.1595153808594,609300,0.0,0.0
2025-02-04 00:00:00-05:00,334.0,338.6000061035156,327.0799865722656,331.0400085449219,329.2027893066406,592500,0.0,0.0
2025-02-05 00:00:00-05:00,333.6600036621094,335.6400146484375,327.739990234375,335.1400146484375,333.28009033203125,415500,0.0,0.0
2025-02-06 00:00:00-05:00,335.20001220703125,335.20001220703125,327.20001220703125,330.4700012207031,328.6359558105469,404700,0.0,0.0
2025-02-07 00:00:00-05:00,331.4599914550781,332.4700012207031,320.7699890136719,321.54998779296875,319.9687805175781,341200,0.21,0.0
2025-02-10 00:00:00-05:00,321.989990234375,324.69000244140625,317.5899963378906,324.1300048828125,322.5361328125,583300,0.0,0.0
2025-02-11 00:00:00-05:00,321.42999267578125,325.20001220703125,320.29998779296875,322.3999938964844,320.8145751953125,375800,0.0,0.0
2025-02-12 00:00:00-05:00,318.6000061035156,324.3299865722656,315.760009765625,322.2799987792969,320.6951599121094,788000,0.0,0.0
2025-02-13 00:00:00-05:00,243.83999633789062,249.41000366210938,197.00999450683594,199.11000061035156,198.13087463378906,5219500,0.0,0.0
2025-02-14 00:00:00-05:00,202.6699981689453,223.44000244140625,201.86000061035156,214.72999572753906,213.67404174804688,5027300,0.0,0.0
2025-02-18 00:00:00-05:00,216.0,216.97999572753906,206.1199951171875,211.0,209.96240234375,2075400,0.0,0.0
2025-02-19 00:00:00-05:00,211.0,212.0,201.4499969482422,202.49000549316406,201.4942626953125,2881000,0.0,0.0
2025-02-20 00:00:00-05:00,202.0,208.1999969482422,201.25,203.64999389648438,202.6485595703125,1801300,0.0,0.0
2025-02-21 00:00:00-05:00,204.8699951171875,212.97999572753906,204.3699951171875,210.91000366210938,209.8728485107422,1882000,0.0,0.0
2025-02-24 00:00:00-05:00,209.49000549316406,221.4600067138672,209.49000549316406,221.07000732421875,219.98289489746094,1749800,0.0,0.0
2025-02-25 00:00:00-05:00,219.2899932861328,223.7899932861328,218.8000030517578,220.14999389648438,219.0674285888672,1074400,0.0,0.0
2025-02-26 00:00:00-05:00,220.49000549316406,220.61000061035156,215.6699981689453,219.72999572753906,218.64947509765625,883100,0.0,0.0
2025-02-27 00:00:00-05:00,220.55999755859375,223.3000030517578,216.75,222.55999755859375,221.465576171875,1052000,0.0,0.0
2025-02-28 00:00:00-05:00,223.67999267578125,233.1199951171875,223.3699951171875,232.33999633789062,231.1974639892578,1857900,0.0,0.0
2025-03-03 00:00:00-05:00,231.83999633789062,234.30999755859375,223.6699981689453,228.0500030517578,226.92857360839844,1144700,0.0,0.0
2025-03-04 00:00:00-05:00,226.6300048828125,229.02999877929688,221.80999755859375,225.55999755859375,224.4508056640625,820100,0.0,0.0
2025-03-05 00:00:00-05:00,225.55999755859375,232.86000061035156,225.55999755859375,230.5500030517578,229.41627502441406,729000,0.0,0.0
2025-03-06 00:00:00-05:00,229.25,236.1199951171875,228.63999938964844,232.75999450683594,231.61538696289062,967100,0.0,0.0
2025-03-07 00:00:00-05:00,231.75,236.7100067138672,229.05999755859375,231.47000122070312,230.3317413330078,892200,0.0,0.0
2025-03-10 00:00:00-04:00,229.02999877929688,231.0,222.25999450683594,226.0399932861328,224.92843627929688,1142300,0.0,0.0
2025-03-11 00:00:00-04:00,227.92999267578125,234.36000061035156,226.89999389648438,230.77000427246094,229.6351776123047,1264900,0.0,0.0
2025-03-12 00:00:00-04:00,230.36000061035156,230.74000549316406,221.94000244140625,224.22999572753906,223.12734985351562,949200,0.0,0.0
2025-03-13 00:00:00-04:00,224.02999877929688,227.07000732421875,220.52999877929688,223.72999572753906,222.6298370361328,1074100,0.0,0.0
2025-03-14 00:00:00-04:00,225.75,231.6699981689453,225.02000427246094,230.11000061035156,228.9784393310547,1027100,0.0,0.0
2025-03-17 00:00:00-04:00,231.1999969482422,234.39999389648438,229.8699951171875,231.4600067138672,230.32179260253906,935500,0.0,0.0
2025-03-18 00:00:00-04:00,231.80999755859375,234.52999877929688,228.88999938964844,234.47000122070312,233.31700134277344,575000,0.0,0.0
2025-03-19 00:00:00-04:00,234.47000122070312,235.75999450683594,228.83999633789062,230.38999938964844,229.25706481933594,818300,0.0,0.0
2025-03-20 00:00:00-04:00,229.0500030517578,230.7100067138672,225.75999450683594,227.50999450683594,226.39120483398438,830500,0.0,0.0
2025-03-21 00:00:00-04:00,228.0,230.66000366210938,225.44000244140625,228.67999267578125,227.55545043945312,2640900,0.0,0.0
2025-03-24 00:00:00-04:00,230.2899932861328,234.02000427246094,230.2899932861328,231.89999389648438,230.75962829589844,654600,0.0,0.0
2025-03-25 00:00:00-04:00,231.0500030517578,232.50999450683594,224.27999877929688,225.8000030517578,224.6896209716797,878000,0.0,0.0
2025-03-26 00:00:00-04:00,226.10000610351562,226.8300018310547,222.72999572753906,224.91000366210938,223.80401611328125,704500,0.0,0.0
2025-03-27 00:00:00-04:00,225.32000732421875,227.57000732421875,223.02000427246094,226.05999755859375,224.94834899902344,562100,0.0,0.0
2025-03-28 00:00:00-04:00,224.52000427246094,224.75,219.75999450683594,222.1999969482422,221.10733032226562,496800,0.0,0.0
2025-03-31 00:00:00-04:00,221.6699981689453,225.58999633789062,217.41000366210938,223.8800048828125,222.77906799316406,680900,0.0,0.0
2025-04-01 00:00:00-04:00,224.5399932861328,224.5399932861328,218.58999633789062,220.16000366210938,219.0773468017578,527400,0.0,0.0
2025-04-02 00:00:00-04:00,218.1699981689453,224.02000427246094,216.6300048828125,221.5,220.4107666015625,979200,0.0,0.0
2025-04-03 00:00:00-04:00,218.97999572753906,221.3699951171875,215.7899932861328,219.97000122070312,218.88829040527344,857600,0.0,0.0
2025-04-04 00:00:00-04:00,218.52999877929688,218.52999877929688,202.86000061035156,203.2100067138672,202.21072387695312,988300,0.0,0.0
2025-04-07 00:00:00-04:00,200.92999267578125,210.88999938964844,195.0,201.47000122070312,200.47927856445312,1535000,0.0,0.0
2025-04-08 00:00:00-04:00,205.3699951171875,206.2100067138672,188.35000610351562,190.38999938964844,189.45375061035156,909300,0.0,0.0
2025-04-09 00:00:00-04:00,189.66000366210938,206.80999755859375,187.42999267578125,203.52999877929688,202.52914428710938,1291100,0.0,0.0
2025-04-10 00:00:00-04:00,202.50999450683594,206.88999938964844,195.0399932861328,203.75,202.748046875,1264500,0.0,0.0
2025-04-11 00:00:00-04:00,206.0800018310547,211.5,200.6999969482422,210.6999969482422,209.66390991210938,805000,0.0,0.0
2025-04-14 00:00:00-04:00,213.5800018310547,213.5800018310547,208.8699951171875,212.6699981689453,211.62420654296875,660100,0.0,0.0
2025-04-15 00:00:00-04:00,211.3699951171875,213.61000061035156,209.82000732421875,212.5,211.4550323486328,592400,0.0,0.0
2025-04-16 00:00:00-04:00,212.08999633789062,214.6199951171875,207.52000427246094,209.1300048828125,208.10162353515625,954800,0.0,0.0
2025-04-17 00:00:00-04:00,206.92999267578125,206.92999267578125,193.0500030517578,201.89999389648438,200.9071502685547,1684600,0.0,0.0
2025-04-21 00:00:00-04:00,205.0,206.30999755859375,200.35000610351562,205.8800048828125,204.8675994873047,898800,0.0,0.0
2025-04-22 00:00:00-04:00,208.05999755859375,216.97999572753906,207.25,215.1300048828125,214.0720977783203,1588800,0.0,0.0
2025-04-23 00:00:00-04:00,217.6300048828125,223.08999633789062,213.75999450683594,218.17999267578125,217.1071014404297,1610000,0.0,0.0
2025-04-24 00:00:00-04:00,218.11000061035156,219.27000427246094,199.88999938964844,210.58999633789062,209.55442810058594,2545600,0.0,0.0
2025-04-25 00:00:00-04:00,214.6999969482422,214.75999450683594,209.3800048828125,214.5500030517578,213.4949493408203,905900,0.0,0.0
2025-04-28 00:00:00-04:00,213.77000427246094,218.88999938964844,212.4499969482422,216.1199951171875,215.05722045898438,778800,0.0,0.0
2025-04-29 00:00:00-04:00,216.05999755859375,217.58999633789062,213.25999450683594,213.4600067138672,212.41030883789062,649200,0.0,0.0
2025-04-30 00:00:00-04:00,211.7899932861328,212.47999572753906,207.89999389648438,211.2899932861328,210.4580078125,1611400,0.21,0.0
2025-05-01 00:00:00-04:00,211.44000244140625,212.22999572753906,206.1300048828125,210.25999450683594,209.43206787109375,611000,0.0,0.0
2025-05-02 00:00:00-04:00,214.36000061035156,215.0500030517578,209.24000549316406,211.2899932861328,210.4580078125,661700,0.0,0.0
2025-05-05 00:00:00-04:00,210.80999755859375,213.33999633789062,209.80999755859375,210.97999572753906,210.1492462158203,439800,0.0,0.0
2025-05-06 00:00:00-04:00,210.24000549316406,210.85000610351562,204.7899932861328,205.36000061035156,204.55136108398438,672900,0.0,0.0
2025-05-07 00:00:00-04:00,207.67999267578125,214.14999389648438,207.05999755859375,213.14999389648438,212.31069946289062,938900,0.0,0.0
2025-05-08 00:00:00-04:00,214.89999389648438,221.4199981689453,213.82000732421875,214.74000549316406,213.89443969726562,672700,0.0,0.0
2025-05-09 00:00:00-04:00,215.33999633789062,215.66000366210938,212.8699951171875,213.05999755859375,212.22103881835938,563300,0.0,0.0
2025-05-12 00:00:00-04:00,218.25,220.94000244140625,214.6699981689453,219.4600067138672,218.59585571289062,666000,0.0,0.0
2025-05-13 00:00:00-04:00,218.72999572753906,219.86000061035156,215.60000610351562,215.8699951171875,215.01998901367188,430000,0.0,0.0
2025-05-14 00:00:00-04:00,216.49000549316406,216.49000549316406,206.38999938964844,206.69000244140625,205.87615966796875,660800,0.0,0.0
2025-05-15 00:00:00-04:00,206.86000061035156,212.25999450683594,202.7899932861328,210.67999267578125,209.85043334960938,674900,0.0,0.0
2025-05-16 00:00:00-04:00,211.5,216.67999267578125,208.67999267578125,216.63999938964844,215.78695678710938,620300,0.0,0.0
2025-05-19 00:00:00-04:00,215.0,217.80999755859375,213.5500030517578,217.22000122070312,216.3646697998047,535600,0.0,0.0
2025-05-20 00:00:00-04:00,217.22000122070312,217.36000061035156,213.4499969482422,215.42999267578125,214.5817108154297,445000,0.0,0.0
2025-05-21 00:00:00-04:00,214.6699981689453,217.9499969482422,208.63999938964844,208.9499969482422,208.12721252441406,408600,0.0,0.0
2025-05-22 00:00:00-04:00,207.35000610351562,209.25999450683594,206.25999450683594,208.49000549316406,207.66905212402344,447800,0.0,0.0
2025-05-23 00:00:00-04:00,206.64999389648438,207.0,203.74000549316406,205.58999633789062,204.7804718017578,606100,0.0,0.0
2025-05-27 00:00:00-04:00,209.63999938964844,211.1999969482422,207.86000061035156,211.02000427246094,210.1890869140625,559900,0.0,0.0
2025-05-28 00:00:00-04:00,211.61000061035156,213.41000366210938,210.3000030517578,211.38999938964844,210.5576171875,424200,0.0,0.0
2025-05-29 00:00:00-04:00,213.25999450683594,213.83999633789062,209.86000061035156,210.4600067138672,209.63128662109375,582600,0.0,0.0
2025-05-30 00:00:00-04:00,210.17999267578125,211.22999572753906,206.10000610351562,210.85000610351562,210.019775390625,879600,0.0,0.0
2025-06-02 00:00:00-04:00,207.91000366210938,210.66000366210938,206.47999572753906,209.38999938964844,208.5655059814453,440600,0.0,0.0
2025-06-03 00:00:00-04:00,209.38999938964844,212.35000610351562,206.19000244140625,210.63999938964844,209.8105926513672,451600,0.0,0.0
2025-06-04 00:00:00-04:00,211.4499969482422,213.74000549316406,210.74000549316406,211.42999267578125,210.59747314453125,548200,0.0,0.0
2025-06-05 00:00:00-04:00,211.5,221.0,209.32000732421875,218.5800018310547,217.7193145751953,773300,0.0,0.0
2025-06-06 00:00:00-04:00,218.3000030517578,225.2100067138672,218.3000030517578,224.69000244140625,223.8052520751953,976100,0.0,0.0
2025-06-09 00:00:00-04:00,225.63999938964844,225.77000427246094,222.3000030517578,223.77000427246094,222.88890075683594,849600,0.0,0.0
2025-06-10 00:00:00-04:00,226.72000122070312,230.27000427246094,224.0,227.6999969482422,226.80340576171875,757300,0.0,0.0
2025-06-11 00:00:00-04:00,227.55999755859375,229.8000030517578,221.02000427246094,224.00999450683594,223.1279296875,844600,0.0,0.0
2025-06-12 00:00:00-04:00,223.00999450683594,226.5500030517578,222.32000732421875,224.91000366210938,224.02439880371094,396900,0.0,0.0
2025-06-13 00:00:00-04:00,223.5,226.25,221.6999969482422,221.91000366210938,221.03619384765625,447500,0.0,0.0
2025-06-16 00:00:00-04:00,221.64999389648438,225.44000244140625,219.6199951171875,224.3000030517578,223.41680908203125,545400,0.0,0.0
2025-06-17 00:00:00-04:00,222.30999755859375,223.88999938964844,217.67999267578125,218.05999755859375,217.20135498046875,444400,0.0,0.0
2025-06-18 00:00:00-04:00,217.88999938964844,220.66000366210938,216.3000030517578,217.9499969482422,217.091796875,598300,0.0,0.0
2025-06-20 00:00:00-04:00,218.4199981689453,219.91000366210938,215.2899932861328,215.82000732421875,214.97019958496094,858000,0.0,0.0
2025-06-23 00:00:00-04:00,214.30999755859375,218.16000366210938,213.50999450683594,216.6999969482422,215.84671020507812,437600,0.0,0.0
2025-06-24 00:00:00-04:00,218.5399932861328,223.44000244140625,217.33999633789062,222.67999267578125,221.80316162109375,575900,0.0,0.0
2025-06-25 00:00:00-04:00,223.07000732421875,223.77000427246094,219.99000549316406,221.02000427246094,220.14971923828125,627200,0.0,0.0
2025-06-26 00:00:00-04:00,220.47999572753906,222.55999755859375,218.82000732421875,219.0,218.13766479492188,657800,0.0,0.0
2025-06-27 00:00:00-04:00,218.9499969482422,220.07000732421875,215.6699981689453,218.8699951171875,218.00816345214844,1929300,0.0,0.0
2025-06-30 00:00:00-04:00,219.6199951171875,221.74000549316406,216.3000030517578,218.8000030517578,217.93844604492188,666700,0.0,0.0
2025-07-01 00:00:00-04:00,218.8000030517578,226.8000030517578,216.3000030517578,222.4199981689453,221.54420471191406,669100,0.0,0.0
2025-07-02 00:00:00-04:00,223.0,224.14999389648438,218.77999877929688,221.22000122070312,220.3489227294922,501300,0.0,0.0
2025-07-03 00:00:00-04:00,222.14999389648438,224.41000366210938,220.33999633789062,222.25999450683594,221.3848114013672,370800,0.0,0.0
2025-07-07 00:00:00-04:00,222.47000122070312,225.4600067138672,219.99000549316406,221.47999572753906,220.60791015625,400400,0.0,0.0
2025-07-08 00:00:00-04:00,222.0,222.61000061035156,219.60000610351562,220.47999572753906,219.61184692382812,645400,0.0,0.0
2025-07-09 00:00:00-04:00,220.16000366210938,226.63999938964844,220.16000366210938,226.17999267578125,225.2893829345703,634500,0.0,0.0
2025-07-10 00:00:00-04:00,226.13999938964844,233.83999633789062,225.9600067138672,229.22999572753906,228.32736206054688,669900,0.0,0.0
2025-07-11 00:00:00-04:00,228.5800018310547,228.5800018310547,225.4199981689453,227.17999267578125,226.28546142578125,465400,0.0,0.0
2025-07-14 00:00:00-04:00,225.57000732421875,226.60000610351562,221.50999450683594,224.49000549316406,223.6060333251953,341000,0.0,0.0
2025-07-15 00:00:00-04:00,225.92999267578125,226.5,220.4199981689453,221.0500030517578,220.17959594726562,517500,0.0,0.0
2025-07-16 00:00:00-04:00,222.3800048828125,224.72999572753906,219.4600067138672,224.3800048828125,223.49649047851562,365700,0.0,0.0
2025-07-17 00:00:00-04:00,224.5399932861328,226.02999877929688,221.39999389648438,221.58999633789062,220.71746826171875,532400,0.0,0.0
2025-07-18 00:00:00-04:00,222.69000244140625,222.69000244140625,206.8000030517578,210.88999938964844,210.05960083007812,1473800,0.0,0.0
2025-07-21 00:00:00-04:00,210.82000732421875,213.44000244140625,208.7100067138672,210.0800018310547,209.2528076171875,688500,0.0,0.0
2025-07-22 00:00:00-04:00,211.5,218.89999389648438,211.10000610351562,218.89999389648438,218.03807067871094,786000,0.0,0.0
2025-07-23 00:00:00-04:00,221.60000610351562,230.0,221.5,227.30999755859375,226.4149169921875,1126700,0.0,0.0
2025-07-24 00:00:00-04:00,281.8599853515625,291.0,270.5899963378906,279.1000061035156,278.00103759765625,2764800,0.0,0.0
2025-07-25 00:00:00-04:00,279.1000061035156,279.6300048828125,261.0,263.510009765625,262.472412109375,1493200,0.0,0.0
2025-07-28 00:00:00-04:00,261.0299987792969,262.3299865722656,256.6700134277344,257.760009765625,256.7450256347656,1333000,0.0,0.0
2025-07-29 00:00:00-04:00,256.2300109863281,258.1499938964844,251.47000122070312,252.94000244140625,251.9440155029297,953300,0.0,0.0
2025-07-30 00:00:00-04:00,253.07000732421875,254.0399932861328,248.10000610351562,249.2100067138672,248.43496704101562,648600,0.21,0.0
2025-07-31 00:00:00-04:00,246.47000122070312,247.39999389648438,237.66000366210938,239.25999450683594,238.51589965820312,985700,0.0,0.0
2025-08-01 00:00:00-04:00,239.25999450683594,241.02000427246094,234.92999267578125,239.25999450683594,238.51589965820312,644200,0.0,0.0
2025-08-04 00:00:00-04:00,238.5800018310547,239.50999450683594,236.89999389648438,238.38999938964844,237.6486053466797,505700,0.0,0.0
2025-08-05 00:00:00-04:00,239.1699981689453,241.13999938964844,237.05999755859375,238.86000061035156,238.11715698242188,788900,0.0,0.0
2025-08-06 00:00:00-04:00,237.08999633789062,239.4199981689453,233.6699981689453,237.27999877929688,236.54208374023438,534600,0.0,0.0
2025-08-07 00:00:00-04:00,245.00999450683594,250.3800048828125,238.86000061035156,240.5399932861328,239.79193115234375,791200,0.0,0.0
2025-08-08 00:00:00-04:00,238.17999267578125,241.9600067138672,237.92999267578125,240.97999572753906,240.23056030273438,445200,0.0,0.0
2025-08-11 00:00:00-04:00,241.13999938964844,244.36000061035156,239.82000732421875,240.3300018310547,239.58258056640625,390600,0.0,0.0
2025-08-12 00:00:00-04:00,238.49000549316406,241.94000244140625,237.17999267578125,239.89999389648438,239.1539306640625,364500,0.0,0.0
2025-08-13 00:00:00-04:00,240.7100067138672,246.6300048828125,239.25,246.22000122070312,245.4542694091797,445500,0.0,0.0
2025-08-14 00:00:00-04:00,246.9600067138672,247.22999572753906,244.0,246.1999969482422,245.434326171875,365800,0.0,0.0
2025-08-15 00:00:00-04:00,247.75999450683594,250.17999267578125,245.02999877929688,246.1999969482422,245.434326171875,781000,0.0,0.0
2025-08-18 00:00:00-04:00,246.19000244140625,246.19000244140625,243.05999755859375,243.08999633789062,242.333984375,564200,0.0,0.0
2025-08-19 00:00:00-04:00,244.3800048828125,250.2100067138672,243.55999755859375,246.99000549316406,246.22186279296875,648700,0.0,0.0
2025-08-20 00:00:00-04:00,247.00999450683594,249.5500030517578,245.1699981689453,246.3800048828125,245.61376953125,604800,0.0,0.0
2025-08-21 00:00:00-04:00,245.02999877929688,245.02999877929688,241.5,242.6300048828125,241.87542724609375,351700,0.0,0.0
2025-08-22 00:00:00-04:00,244.77000427246094,248.41000366210938,242.72000122070312,247.85000610351562,247.07920837402344,503600,0.0,0.0
2025-08-25 00:00:00-04:00,248.60000610351562,249.6300048828125,245.52999877929688,247.2100067138672,246.44119262695312,435300,0.0,0.0
2025-08-26 00:00:00-04:00,246.74000549316406,247.0500030517578,243.3000030517578,244.5,243.7396240234375,492600,0.0,0.0
2025-08-27 00:00:00-04:00,244.02999877929688,246.9499969482422,244.02999877929688,245.97000122070312,245.20506286621094,292300,0.0,0.0
2025-08-28 00:00:00-04:00,245.1199951171875,248.66000366210938,242.60000610351562,245.4499969482422,244.68666076660156,784100,0.0,0.0
2025-08-29 00:00:00-04:00,246.02999877929688,248.2100067138672,244.07000732421875,246.9499969482422,246.18199157714844,463000,0.0,0.0
2025-09-02 00:00:00-04:00,246.7899932861328,248.19000244140625,241.63999938964844,243.74000549316406,242.98196411132812,405600,0.0,0.0
2025-09-03 00:00:00-04:00,242.85000610351562,248.97000122070312,242.72999572753906,248.9499969482422,248.17578125,660900,0.0,0.0
2025-09-04 00:00:00-04:00,247.8800048828125,249.77999877929688,243.6199951171875,247.5399932861328,246.77015686035156,621300,0.0,0.0
2025-09-05 00:00:00-04:00,247.11000061035156,251.64999389648438,247.11000061035156,250.72999572753906,249.95022583007812,408400,0.0,0.0
2025-09-08 00:00:00-04:00,249.55999755859375,254.27000427246094,248.8800048828125,253.14999389648438,252.3627166748047,445300,0.0,0.0
2025-09-09 00:00:00-04:00,252.72999572753906,253.77999877929688,250.2899932861328,252.0399932861328,251.2561492919922,445900,0.0,0.0
2025-09-10 00:00:00-04:00,250.6199951171875,255.9499969482422,249.94000244140625,255.22000122070312,254.42626953125,822000,0.0,0.0
2025-09-11 00:00:00-04:00,256.6000061035156,264.05999755859375,253.82000732421875,263.739990234375,262.9197692871094,1032900,0.0,0.0
2025-09-12 00:00:00-04:00,260.9200134277344,263.1499938964844,253.3800048828125,253.5,252.71163940429688,746200,0.0,0.0
2025-09-15 00:00:00-04:00,257.04998779296875,258.6199951171875,255.1699981689453,257.5299987792969,256.7290954589844,544000,0.0,0.0
2025-09-16 00:00:00-04:00,255.08999633789062,258.80999755859375,254.35000610351562,258.3500061035156,257.54656982421875,436200,0.0,0.0
2025-09-17 00:00:00-04:00,258.6499938964844,262.2300109863281,256.3500061035156,256.6400146484375,255.8418426513672,515000,0.0,0.0
2025-09-18 00:00:00-04:00,256.760009765625,258.2099914550781,250.44000244140625,254.97999572753906,254.18702697753906,633500,0.0,0.0
2025-09-19 00:00:00-04:00,254.7899932861328,256.2200012207031,251.6699981689453,254.85000610351562,254.0574188232422,1297600,0.0,0.0
2025-09-22 00:00:00-04:00,253.44000244140625,254.75,250.6199951171875,252.22000122070312,251.43560791015625,473300,0.0,0.0
2025-09-23 00:00:00-04:00,251.42999267578125,254.02999877929688,250.0,250.8000030517578,250.02001953125,449400,0.0,0.0
2025-09-24 00:00:00-04:00,249.75999450683594,261.3999938964844,249.75999450683594,259.94000244140625,259.1316223144531,1166300,0.0,0.0
2025-09-25 00:00:00-04:00,258.6400146484375,258.6400146484375,252.69000244140625,254.47999572753906,253.68858337402344,745000,0.0,0.0
2025-09-26 00:00:00-04:00,254.99000549316406,262.8999938964844,254.75999450683594,261.5199890136719,260.7066650390625,591900,0.0,0.0
2025-09-29 00:00:00-04:00,261.7799987792969,262.0799865722656,258.1700134277344,260.32000732421875,259.51043701171875,589100,0.0,0.0
2025-09-30 00:00:00-04:00,260.7200012207031,264.2900085449219,259.7099914550781,262.3299865722656,261.51416015625,587800,0.0,0.0
2025-10-01 00:00:00-04:00,264.2200012207031,273.1099853515625,261.32000732421875,271.4200134277344,270.5758972167969,888400,0.0,0.0
2025-10-02 00:00:00-04:00,269.5199890136719,274.4800109863281,268.1400146484375,273.1600036621094,272.31048583984375,562400,0.0,0.0
2025-10-03 00:00:00-04:00,273.6499938964844,277.0799865722656,270.7900085449219,272.55999755859375,271.7123718261719,532400,0.0,0.0
2025-10-06 00:00:00-04:00,271.44000244140625,271.489990234375,266.3299865722656,268.07000732421875,267.2362976074219,586400,0.0,0.0
2025-10-07 00:00:00-04:00,269.1400146484375,269.8299865722656,264.4599914550781,265.9700012207031,265.1428527832031,497600,0.0,0.0
2025-10-08 00:00:00-04:00,266.82000732421875,268.1400146484375,263.92999267578125,267.92999267578125,267.0967712402344,584900,0.0,0.0
2025-10-09 00:00:00-04:00,267.75,269.5,263.4200134277344,263.5799865722656,262.7602844238281,487400,0.0,0.0
2025-10-10 00:00:00-04:00,264.9200134277344,264.9200134277344,257.5,261.7699890136719,260.9559020996094,595200,0.0,0.0
2025-10-13 00:00:00-04:00,262.4200134277344,265.6600036621094,262.1400146484375,262.4700012207031,261.65374755859375,454600,0.0,0.0
2025-10-14 00:00:00-04:00,261.6099853515625,263.2200012207031,260.5799865722656,261.1700134277344,260.3577880859375,520700,0.0,0.0
2025-10-15 00:00:00-04:00,261.3399963378906,266.3500061035156,260.5400085449219,262.95001220703125,262.1322326660156,605200,0.0,0.0
2025-10-16 00:00:00-04:00,264.8500061035156,269.4200134277344,260.1199951171875,267.19000244140625,266.35906982421875,771400,0.0,0.0
2025-10-17 00:00:00-04:00,264.67999267578125,270.6099853515625,264.67999267578125,270.6000061035156,269.75848388671875,685100,0.0,0.0
2025-10-20 00:00:00-04:00,271.29998779296875,275.1099853515625,270.9100036621094,274.8999938964844,274.0450744628906,485300,0.0,0.0
2025-10-21 00:00:00-04:00,277.5799865722656,282.0299987792969,274.42999267578125,279.3900146484375,278.5211486816406,795100,0.0,0.0
2025-10-22 00:00:00-04:00,277.3800048828125,283.5400085449219,276.0199890136719,277.0,276.1385192871094,1213700,0.0,0.0
2025-10-23 00:00:00-04:00,301.05999755859375,322.3399963378906,300.0,307.25,306.29449462890625,1898800,0.0,0.0
2025-10-24 00:00:00-04:00,307.94000244140625,310.69000244140625,297.20001220703125,297.4700012207031,296.5448913574219,819500,0.0,0.0
2025-10-27 00:00:00-04:00,299.989990234375,301.0,282.2900085449219,287.2200012207031,286.3267517089844,1067900,0.0,0.0
2025-10-28 00:00:00-04:00,285.0299987792969,287.2900085449219,281.0,283.489990234375,282.6083679199219,749100,0.0,0.0
2025-10-29 00:00:00-04:00,284.3500061035156,288.3599853515625,282.3599853515625,284.8599853515625,283.9740905761719,479900,0.0,0.0
2025-10-30 00:00:00-04:00,284.92999267578125,287.2699890136719,277.9200134277344,278.5400085449219,277.6737365722656,693100,0.0,0.0
2025-10-31 00:00:00-04:00,275.8299865722656,284.30999755859375,272.989990234375,282.07000732421875,281.1927795410156,586200,0.0,0.0
2025-11-03 00:00:00-05:00,279.8399963378906,280.5799865722656,273.989990234375,279.7799987792969,278.9098815917969,593000,0.0,0.0
2025-11-04 00:00:00-05:00,278.3800048828125,287.9800109863281,276.5899963378906,286.94000244140625,286.0476379394531,895000,0.0,0.0
2025-11-05 00:00:00-05:00,285.1400146484375,287.8599853515625,280.3299865722656,283.5400085449219,282.658203125,529400,0.0,0.0
2025-11-06 00:00:00-05:00,282.0400085449219,285.54998779296875,262.4800109863281,275.3399963378906,274.48370361328125,1038400,0.0,0.0
2025-11-07 00:00:00-05:00,276.9700012207031,280.79998779296875,268.1499938964844,271.0400085449219,270.1970520019531,856200,0.0,0.0
2025-11-10 00:00:00-05:00,271.2799987792969,276.6400146484375,270.25,275.4700012207031,274.6133117675781,574700,0.0,0.0
2025-11-11 00:00:00-05:00,277.30999755859375,280.1099853515625,276.3999938964844,277.4100036621094,276.5472717285156,718400,0.0,0.0
2025-11-12 00:00:00-05:00,276.8500061035156,279.75,271.17999267578125,273.8500061035156,273.21502685546875,595700,0.22,0.0
2025-11-13 00:00:00-05:00,269.55999755859375,274.6400146484375,266.2099914550781,266.6600036621094,266.04168701171875,581000,0.0,0.0
2025-11-14 00:00:00-05:00,264.80999755859375,265.5,258.92999267578125,261.3599853515625,260.7539367675781,738400,0.0,0.0
2025-11-17 00:00:00-05:00,261.2099914550781,266.260009765625,260.0899963378906,262.4100036621094,261.8015441894531,626900,0.0,0.0
2025-11-18 00:00:00-05:00,260.260009765625,262.510009765625,257.3299865722656,260.1400146484375,259.53680419921875,480100,0.0,0.0
2025-11-19 00:00:00-05:00,259.8699951171875,260.69000244140625,256.1499938964844,257.8999938964844,257.302001953125,333100,0.0,0.0
2025-11-20 00:00:00-05:00,259.5,260.45001220703125,253.32000732421875,257.7699890136719,257.1722717285156,1315100,0.0,0.0
2025-11-21 00:00:00-05:00,259.79998779296875,272.05999755859375,258.8500061035156,271.07000732421875,270.44146728515625,894000,0.0,0.0
2025-11-24 00:00:00-05:00,270.42999267578125,276.239990234375,267.25,273.989990234375,273.35467529296875,901700,0.0,0.0
2025-11-25 00:00:00-05:00,278.17999267578125,281.3299865722656,275.67999267578125,280.8399963378906,280.1888122558594,579400,0.0,0.0
2025-11-26 00:00:00-05:00,278.3900146484375,281.79998779296875,274.8800048828125,277.1400146484375,276.4974060058594,441100,0.0,0.0
2025-11-28 00:00:00-05:00,278.489990234375,278.54998779296875,273.94000244140625,277.25,276.60711669921875,293100,0.0,0.0
2025-12-01 00:00:00-05:00,275.4599914550781,279.4800109863281,273.9599914550781,274.1400146484375,273.50433349609375,546600,0.0,0.0
2025-12-02 00:00:00-05:00,270.6000061035156,275.05999755859375,269.0799865722656,273.0299987792969,272.39691162109375,546500,0.0,0.0
2025-12-03 00:00:00-05:00,275.760009765625,285.3999938964844,274.0299987792969,284.30999755859375,283.6507568359375,856300,0.0,0.0
2025-12-04 00:00:00-05:00,284.5,285.5400085449219,276.0400085449219,281.7699890136719,281.11663818359375,788400,0.0,0.0
2025-12-05 00:00:00-05:00,282.010009765625,283.5199890136719,278.2300109863281,280.2300109863281,279.5802307128906,645700,0.0,0.0
2025-12-08 00:00:00-05:00,279.3399963378906,281.1199951171875,268.2099914550781,269.0799865722656,268.4560546875,660500,0.0,0.0
2025-12-09 00:00:00-05:00,268.6400146484375,271.9700012207031,265.8299865722656,266.07000732421875,265.45306396484375,513000,0.0,0.0
2025-12-10 00:00:00-05:00,267.4700012207031,268.67999267578125,263.3800048828125,266.9599914550781,266.3409729003906,683900,0.0,0.0
2025-12-11 00:00:00-05:00,268.9599914550781,274.55999755859375,267.8999938964844,272.5400085449219,271.9080505371094,688200,0.0,0.0
2025-12-12 00:00:00-05:00,272.260009765625,272.9700012207031,265.3900146484375,267.55999755859375,266.9396057128906,839200,0.0,0.0
2025-12-15 00:00:00-05:00,267.9700012207031,272.79998779296875,265.9700012207031,271.8599853515625,271.2296142578125,692700,0.0,0.0
2025-12-16 00:00:00-05:00,271.239990234375,273.1300048828125,265.3500061035156,266.44000244140625,265.82220458984375,734700,0.0,0.0
2025-12-17 00:00:00-05:00,265.2300109863281,275.55999755859375,264.9200134277344,269.1300048828125,268.5059509277344,710900,0.0,0.0
2025-12-18 00:00:00-05:00,269.29998779296875,271.4100036621094,266.6600036621094,268.6600036621094,268.0370178222656,748800,0.0,0.0
2025-12-19 00:00:00-05:00,269.6700134277344,272.739990234375,268.45001220703125,272.5400085449219,271.9080505371094,2116900,0.0,0.0
2025-12-22 00:00:00-05:00,271.5299987792969,278.42999267578125,270.0199890136719,274.8900146484375,274.25262451171875,560700,0.0,0.0
2025-12-23 00:00:00-05:00,275.3399963378906,277.8299865722656,272.8800048828125,277.489990234375,276.8465576171875,688600,0.0,0.0
2025-12-24 00:00:00-05:00,279.010009765625,279.010009765625,275.67999267578125,276.6600036621094,276.01849365234375,203700,0.0,0.0
2025-12-26 00:00:00-05:00,276.19000244140625,277.5,272.8299865722656,274.29998779296875,273.6639709472656,344500,0.0,0.0
2025-12-29 00:00:00-05:00,274.70001220703125,276.3699951171875,272.5299987792969,275.6000061035156,274.9609375,305100,0.0,0.0
2025-12-30 00:00:00-05:00,274.5400085449219,277.75,273.8999938964844,276.8699951171875,276.2279968261719,356600,0.0,0.0
2025-12-31 00:00:00-05:00,276.29998779296875,277.07000732421875,274.8800048828125,275.1400146484375,274.5020446777344,397700,0.0,0.0
2026-01-02 00:00:00-05:00,275.25,277.0799865722656,269.760009765625,276.3999938964844,275.7591247558594,629200,0.0,0.0
2026-01-05 00:00:00-05:00,272.44000244140625,280.1400146484375,269.54998779296875,279.0299987792969,278.38299560546875,1048000,0.0,0.0
2026-01-06 00:00:00-05:00,277.1400146484375,291.3800048828125,275.510009765625,280.8299865722656,280.1788330078125,1070100,0.0,0.0
2026-01-07 00:00:00-05:00,280.2699890136719,281.3800048828125,276.0799865722656,278.44000244140625,277.7943420410156,523400,0.0,0.0
2026-01-08 00:00:00-05:00,276.8699951171875,283.45001220703125,271.30999755859375,275.2300109863281,274.59185791015625,631100,0.0,0.0
2026-01-09 00:00:00-05:00,275.6199951171875,279.239990234375,274.7900085449219,275.5199890136719,274.881103515625,490200,0.0,0.0
2026-01-12 00:00:00-05:00,277.989990234375,278.8699951171875,267.82000732421875,272.9100036621094,272.2771911621094,776500,0.0,0.0
2026-01-13 00:00:00-05:00,273.5899963378906,275.489990234375,268.4200134277344,271.8299865722656,271.19964599609375,508200,0.0,0.0
2026-01-14 00:00:00-05:00,272.9200134277344,278.5799865722656,270.55999755859375,274.9800109863281,274.3424072265625,725700,0.0,0.0
2026-01-15 00:00:00-05:00,275.6199951171875,281.54998779296875,272.80999755859375,279.4100036621094,278.7621154785156,789700,0.0,0.0
2026-01-16 00:00:00-05:00,279.260009765625,279.3900146484375,259.3900146484375,259.7900085449219,259.1876220703125,1505500,0.0,0.0
2026-01-20 00:00:00-05:00,255.0,255.0,248.47000122070312,250.5,249.9191436767578,1801900,0.0,0.0
2026-01-21 00:00:00-05:00,251.67999267578125,255.8000030517578,244.6999969482422,255.16000366210938,254.56834411621094,1889400,0.0,0.0
2026-01-22 00:00:00-05:00,256.17999267578125,258.739990234375,247.02999877929688,247.77999877929688,247.20545959472656,1044900,0.0,0.0
2026-01-23 00:00:00-05:00,246.0,246.1300048828125,232.05999755859375,236.66000366210938,236.1112518310547,1929300,0.0,0.0
2026-01-26 00:00:00-05:00,238.47999572753906,241.39999389648438,236.8000030517578,241.39999389648438,240.8402557373047,989100,0.0,0.0
2026-01-27 00:00:00-05:00,238.88999938964844,243.91000366210938,238.32000732421875,240.52999877929688,239.97227478027344,935500,0.0,0.0
2026-01-28 00:00:00-05:00,238.10000610351562,239.05999755859375,234.8800048828125,235.88999938964844,235.5584716796875,682800,0.22,0.0
2026-01-29 00:00:00-05:00,234.44000244140625,234.49000549316406,227.57000732421875,232.64999389648438,232.32302856445312,930200,0.0,0.0
2026-01-30 00:00:00-05:00,229.42999267578125,232.0500030517578,223.8300018310547,231.1199951171875,230.795166015625,1601300,0.0,0.0
2026-02-02 00:00:00-05:00,230.89999389648438,237.6699981689453,228.8300018310547,237.5,237.1662139892578,1203500,0.0,0.0
2026-02-03 00:00:00-05:00,233.83999633789062,238.75999450683594,228.0,230.9499969482422,230.62542724609375,944400,0.0,0.0
2026-02-04 00:00:00-05:00,232.9499969482422,241.3800048828125,231.08999633789062,237.0500030517578,236.71685791015625,1690400,0.0,0.0
2026-02-05 00:00:00-05:00,235.0,237.52999877929688,229.97000122070312,231.6199951171875,231.2944793701172,1154400,0.0,0.0
2026-02-06 00:00:00-05:00,235.3699951171875,249.63999938964844,233.5,248.9499969482422,248.60012817382812,1481000,0.0,0.0
2026-02-09 00:00:00-05:00,245.97000122070312,251.3300018310547,245.97000122070312,248.92999267578125,248.58013916015625,1048700,0.0,0.0
2026-02-10 00:00:00-05:00,250.41000366210938,252.57000732421875,243.47000122070312,243.55999755859375,243.2176971435547,1172600,0.0,0.0
2026-02-11 00:00:00-05:00,243.9600067138672,252.0399932861328,243.60000610351562,246.16000366210938,245.81405639648438,1656600,0.0,0.0
2026-02-12 00:00:00-05:00,250.2100067138672,259.8999938964844,227.49000549316406,243.61000061035156,243.2676239013672,2175300,0.0,0.0
2026-02-13 00:00:00-05:00,243.94000244140625,250.52999877929688,242.13999938964844,250.49000549316406,250.13796997070312,980300,0.0,0.0
2026-02-17 00:00:00-05:00,248.17999267578125,251.80999755859375,242.32000732421875,243.19000244140625,242.8482208251953,969900,0.0,0.0
2026-02-18 00:00:00-05:00,243.89999389648438,248.4600067138672,243.88999938964844,248.25999450683594,247.9110870361328,813700,0.0,0.0
2026-02-19 00:00:00-05:00,245.50999450683594,247.17999267578125,241.91000366210938,243.8300018310547,243.48733520507812,760600,0.0,0.0
2026-02-20 00:00:00-05:00,241.22999572753906,245.36000061035156,239.27000427246094,241.1199951171875,240.7811279296875,856100,0.0,0.0
2026-02-23 00:00:00-05:00,238.32000732421875,245.27999877929688,236.4499969482422,244.22000122070312,243.87677001953125,908100,0.0,0.0
2026-02-24 00:00:00-05:00,243.83999633789062,248.6300048828125,241.5800018310547,245.3800048828125,245.03514099121094,675500,0.0,0.0
2026-02-25 00:00:00-05:00,246.22000122070312,249.27999877929688,244.8300018310547,247.8800048828125,247.53163146972656,830800,0.0,0.0
2026-02-26 00:00:00-05:00,248.97000122070312,250.32000732421875,245.27000427246094,249.02000427246094,248.6700439453125,452900,0.0,0.0
2026-02-27 00:00:00-05:00,247.8699951171875,254.39999389648438,246.77999877929688,254.33999633789062,253.9825439453125,814400,0.0,0.0
2026-03-02 00:00:00-05:00,251.30999755859375,253.0500030517578,249.3800048828125,251.25,250.8968963623047,572400,0.0,0.0
2026-03-03 00:00:00-05:00,246.8000030517578,251.86000061035156,244.91000366210938,251.3800048828125,251.02671813964844,446800,0.0,0.0
2026-03-04 00:00:00-05:00,251.42999267578125,254.61000061035156,247.50999450683594,248.83999633789062,248.49026489257812,1317700,0.0,0.0
2026-03-05 00:00:00-05:00,245.52999877929688,252.3800048828125,242.9199981689453,244.35000610351562,244.006591796875,810800,0.0,0.0
2026-03-06 00:00:00-05:00,241.0,246.27999877929688,239.75,245.86000061035156,245.51446533203125,1080700,0.0,0.0
2026-03-09 00:00:00-04:00,243.41000366210938,249.16000366210938,239.85000610351562,248.05999755859375,247.7113800048828,665900,0.0,0.0
2026-03-10 00:00:00-04:00,240.38999938964844,243.13999938964844,228.39999389648438,233.8300018310547,233.50137329101562,1411200,0.0,0.0
2026-03-11 00:00:00-04:00,236.16000366210938,238.50999450683594,234.05999755859375,238.25,237.9151611328125,726600,0.0,0.0
2026-03-12 00:00:00-04:00,237.25999450683594,240.44000244140625,231.0500030517578,231.08999633789062,230.76522827148438,913700,0.0,0.0
2026-03-13 00:00:00-04:00,234.5800018310547,237.1999969482422,231.42999267578125,235.4600067138672,235.12908935546875,766400,0.0,0.0
2026-03-16 00:00:00-04:00,236.8800048828125,242.3699951171875,236.1999969482422,240.30999755859375,239.97225952148438,867800,0.0,0.0
2026-03-17 00:00:00-04:00,242.07000732421875,244.27999877929688,236.61000061035156,239.4199981689453,239.08351135253906,1066600,0.0,0.0
2026-03-18 00:00:00-04:00,236.00999450683594,240.11000061035156,234.5800018310547,239.0,238.6641082763672,1030600,0.0,0.0
2026-03-19 00:00:00-04:00,237.25999450683594,243.41000366210938,237.25999450683594,240.3300018310547,239.9922332763672,818900,0.0,0.0
2026-03-20 00:00:00-04:00,238.85000610351562,241.39999389648438,236.1199951171875,237.02999877929688,236.69688415527344,1186900,0.0,0.0
2026-03-23 00:00:00-04:00,240.6999969482422,243.97999572753906,237.41000366210938,241.39999389648438,241.06072998046875,845300,0.0,0.0
2026-03-24 00:00:00-04:00,239.05999755859375,248.07000732421875,238.82000732421875,245.27000427246094,244.92529296875,997100,0.0,0.0
2026-03-25 00:00:00-04:00,246.9199981689453,250.0,242.6999969482422,247.02000427246094,246.67283630371094,811100,0.0,0.0
2026-03-26 00:00:00-04:00,245.97000122070312,252.41000366210938,244.72000122070312,248.1199951171875,247.7712860107422,1059100,0.0,0.0
2026-03-27 00:00:00-04:00,247.44000244140625,249.47000122070312,243.19000244140625,243.35000610351562,243.00799560546875,785100,0.0,0.0
2026-03-30 00:00:00-04:00,246.74000549316406,248.38999938964844,244.0,245.13999938964844,244.7954864501953,793000,0.0,0.0
2026-03-31 00:00:00-04:00,248.30999755859375,252.27000427246094,245.9199981689453,250.63999938964844,250.28775024414062,797800,0.0,0.0
2026-04-01 00:00:00-04:00,251.30999755859375,254.47999572753906,240.16000366210938,252.74000549316406,252.38479614257812,1094800,0.0,0.0
2026-04-02 00:00:00-04:00,250.88999938964844,258.239990234375,248.8699951171875,254.8000030517578,254.44189453125,795100,0.0,0.0
2026-04-06 00:00:00-04:00,253.89999389648438,257.30999755859375,251.4600067138672,256.8500061035156,256.4890441894531,638900,0.0,0.0
2026-04-07 00:00:00-04:00,256.5199890136719,261.5299987792969,256.1499938964844,259.3500061035156,258.9855041503906,565600,0.0,0.0
2026-04-08 00:00:00-04:00,262.760009765625,266.7300109863281,262.0299987792969,265.92999267578125,265.5562744140625,689400,0.0,0.0
2026-04-09 00:00:00-04:00,264.3699951171875,264.5299987792969,257.3500061035156,258.5400085449219,258.1766662597656,785200,0.0,0.0
2026-04-10 00:00:00-04:00,259.6700134277344,262.5199890136719,255.60000610351562,256.54998779296875,256.1894226074219,656800,0.0,0.0
2026-04-13 00:00:00-04:00,256.19000244140625,259.9800109863281,254.55999755859375,259.9599914550781,259.5946350097656,590300,0.0,0.0
2026-04-14 00:00:00-04:00,261.17999267578125,268.0899963378906,260.7900085449219,267.92999267578125,267.5534362792969,783100,0.0,0.0
2026-04-15 00:00:00-04:00,268.69000244140625,271.2900085449219,265.25,266.5,266.1254577636719,775800,0.0,0.0
2026-04-16 00:00:00-04:00,266.1000061035156,271.2699890136719,264.5,269.80999755859375,269.4308166503906,894300,0.0,0.0
2026-04-17 00:00:00-04:00,272.30999755859375,275.42999267578125,269.9800109863281,273.7300109863281,273.3453063964844,837400,0.0,0.0
2026-04-20 00:00:00-04:00,271.8999938964844,280.20001220703125,271.7799987792969,278.0,277.6092834472656,1008200,0.0,0.0
2026-04-21 00:00:00-04:00,278.0,281.25,273.8800048828125,274.7200012207031,274.33392333984375,947800,0.0,0.0
2026-04-22 00:00:00-04:00,275.8299865722656,276.739990234375,272.1300048828125,274.4100036621094,274.02435302734375,1007700,0.0,0.0
2026-04-23 00:00:00-04:00,308.010009765625,320.3299865722656,303.20001220703125,309.70001220703125,309.2647399902344,2727700,0.0,0.0
2026-04-24 00:00:00-04:00,316.0,316.0,301.4700012207031,306.1600036621094,305.729736328125,1286000,0.0,0.0
2026-04-27 00:00:00-04:00,304.3999938964844,309.989990234375,300.30999755859375,302.20001220703125,301.7752990722656,1140600,0.0,0.0
2026-04-28 00:00:00-04:00,301.9100036621094,302.54998779296875,290.4100036621094,292.1300048828125,291.7194519042969,1186500,0.0,0.0
2026-04-29 00:00:00-04:00,296.25,299.510009765625,292.67999267578125,295.3599853515625,295.16717529296875,796400,0.22,0.0
2026-04-30 00:00:00-04:00,295.5799865722656,300.7200012207031,293.4800109863281,297.5899963378906,297.3957214355469,1110800,0.0,0.0
2026-05-01 00:00:00-04:00,294.2699890136719,301.0899963378906,294.2699890136719,300.67999267578125,300.48370361328125,651700,0.0,0.0
2026-05-04 00:00:00-04:00,299.3500061035156,301.4200134277344,298.45001220703125,300.17999267578125,299.9840393066406,472200,0.0,0.0
2026-05-05 00:00:00-04:00,302.5199890136719,310.0,300.4599914550781,309.9700012207031,309.7676696777344,896900,0.0,0.0
2026-05-06 00:00:00-04:00,311.30999755859375,315.44000244140625,308.17999267578125,312.54998779296875,312.345947265625,789200,0.0,0.0
2026-05-07 00:00:00-04:00,315.2799987792969,323.6300048828125,312.55999755859375,322.010009765625,321.7998046875,1610500,0.0,0.0
2026-05-08 00:00:00-04:00,323.5,328.44000244140625,316.1000061035156,325.9200134277344,325.7072448730469,1033400,0.0,0.0
2026-05-11 00:00:00-04:00,327.4599914550781,330.8800048828125,321.6000061035156,322.29998779296875,322.089599609375,879400,0.0,0.0
2026-05-12 00:00:00-04:00,312.3299865722656,315.82000732421875,299.0199890136719,312.07000732421875,311.8663024902344,1124800,0.0,0.0
2026-05-13 00:00:00-04:00,310.44000244140625,310.489990234375,300.2699890136719,302.3999938964844,302.20257568359375,718300,0.0,0.0
2026-05-14 00:00:00-04:00,301.70001220703125,304.57000732421875,295.8999938964844,300.19000244140625,299.9940490722656,700500,0.0,0.0
2026-05-15 00:00:00-04:00,296.760009765625,304.92999267578125,296.760009765625,302.8900146484375,302.6922912597656,686400,0.0,0.0
2026-05-18 00:00:00-04:00,304.3500061035156,309.0299987792969,301.6300048828125,304.4100036621094,304.2112731933594,515400,0.0,0.0
2026-05-19 00:00:00-04:00,304.3800048828125,308.25,300.0799865722656,303.92999267578125,303.7315979003906,565500,0.0,0.0
2026-05-20 00:00:00-04:00,303.989990234375,305.760009765625,299.7200012207031,305.5,305.3005676269531,641800,0.0,0.0
2026-05-21 00:00:00-04:00,308.1700134277344,316.6000061035156,304.79998779296875,316.1300048828125,315.92364501953125,743500,0.0,0.0
2026-05-22 00:00:00-04:00,314.6199951171875,317.7900085449219,311.07000732421875,316.4200134277344,316.2134704589844,533800,0.0,0.0
2026-05-26 00:00:00-04:00,318.6000061035156,320.44000244140625,314.489990234375,316.1700134277344,315.963623046875,477700,0.0,0.0
2026-05-27 00:00:00-04:00,317.2799987792969,320.4700012207031,308.2300109863281,312.7099914550781,312.505859375,657600,0.0,0.0
2026-05-28 00:00:00-04:00,314.239990234375,323.8599853515625,313.6000061035156,321.79998779296875,321.58990478515625,772800,0.0,0.0
2026-05-29 00:00:00-04:00,323.9700012207031,324.3500061035156,319.05999755859375,322.80999755859375,322.5992736816406,1307900,0.0,0.0
2026-06-01 00:00:00-04:00,321.6499938964844,321.6499938964844,308.5,316.29998779296875,316.093505859375,702500,0.0,0.0
2026-06-02 00:00:00-04:00,314.17999267578125,316.739990234375,311.4599914550781,312.1700134277344,311.9662170410156,707600,0.0,0.0
2026-06-03 00:00:00-04:00,313.4700012207031,317.55999755859375,309.8800048828125,316.30999755859375,316.103515625,635900,0.0,0.0
2026-06-04 00:00:00-04:00,319.8699951171875,321.5,315.0899963378906,317.32000732421875,317.11285400390625,629100,0.0,0.0
2026-06-05 00:00:00-04:00,315.4100036621094,318.8999938964844,310.57000732421875,314.5,314.2947082519531,636000,0.0,0.0
2026-06-08 00:00:00-04:00,317.42999267578125,322.5899963378906,315.239990234375,319.75,319.541259765625,594600,0.0,0.0
2026-06-09 00:00:00-04:00,327.45001220703125,336.82000732421875,326.69000244140625,334.6600036621094,334.4415283203125,763100,0.0,0.0
2026-06-10 00:00:00-04:00,330.67999267578125,334.7799987792969,327.760009765625,330.9200134277344,330.7039794921875,935900,0.0,0.0
2026-06-11 00:00:00-04:00,328.07000732421875,332.9599914550781,325.5899963378906,330.3399963378906,330.1243591308594,524100,0.0,0.0
2026-06-12 00:00:00-04:00,333.2699890136719,333.3999938964844,327.42999267578125,328.82000732421875,328.6053466796875,465300,0.0,0.0
2026-06-15 00:00:00-04:00,330.0,331.54998779296875,326.67999267578125,331.42999267578125,331.2136535644531,558900,0.0,0.0
2026-06-16 00:00:00-04:00,330.8599853515625,331.67999267578125,327.3900146484375,329.5799865722656,329.3648376464844,770700,0.0,0.0
2026-06-17 00:00:00-04:00,328.7300109863281,330.7699890136719,321.94000244140625,323.5899963378906,323.3787536621094,670200,0.0,0.0
2026-06-18 00:00:00-04:00,326.3500061035156,329.1099853515625,323.20001220703125,327.95001220703125,327.7359313964844,1479300,0.0,0.0
2026-06-22 00:00:00-04:00,329.54998779296875,329.8599853515625,324.67999267578125,329.7099914550781,329.4947509765625,842900,0.0,0.0
2026-06-23 00:00:00-04:00,328.45001220703125,336.5,327.6099853515625,336.3900146484375,336.17041015625,784600,0.0,0.0
2026-06-24 00:00:00-04:00,335.7200012207031,345.989990234375,335.7200012207031,340.4100036621094,340.1877746582031,872400,0.0,0.0
2026-06-25 00:00:00-04:00,345.0,352.30999755859375,345.0,346.55999755859375,346.3337707519531,1615300,0.0,0.0
2026-06-26 00:00:00-04:00,345.3599853515625,351.3500061035156,342.70001220703125,350.8500061035156,350.6209716796875,1255000,0.0,0.0
2026-06-29 00:00:00-04:00,349.8699951171875,355.1199951171875,347.0899963378906,354.67999267578125,354.4484558105469,695800,0.0,0.0
2026-06-30 00:00:00-04:00,355.0,359.739990234375,350.6600036621094,359.0,358.7656555175781,957000,0.0,0.0
2026-07-01 00:00:00-04:00,359.05999755859375,365.489990234375,354.8500061035156,365.0,364.76171875,853600,0.0,0.0
2026-07-02 00:00:00-04:00,366.0799865722656,367.6600036621094,362.8299865722656,365.739990234375,365.5012512207031,547200,0.0,0.0
2026-07-06 00:00:00-04:00,364.8699951171875,366.4200134277344,357.1000061035156,357.6400146484375,357.40655517578125,682900,0.0,0.0
2026-07-07 00:00:00-04:00,360.4700012207031,361.0799865722656,350.9599914550781,356.0799865722656,355.8475341796875,759000,0.0,0.0
2026-07-08 00:00:00-04:00,351.8999938964844,355.5199890136719,349.4100036621094,353.67999267578125,353.4491271972656,923900,0.0,0.0
2026-07-09 00:00:00-04:00,356.1600036621094,360.3500061035156,353.1300048828125,357.6600036621094,357.426513671875,545500,0.0,0.0
2026-07-10 00:00:00-04:00,357.9200134277344,357.989990234375,352.70001220703125,353.7099914550781,353.4790954589844,446100,0.0,0.0
2026-07-13 00:00:00-04:00,351.55999755859375,360.75,351.55999755859375,359.70001220703125,359.4652099609375,601500,0.0,0.0
2026-07-14 00:00:00-04:00,358.2099914550781,359.80999755859375,354.54998779296875,357.6499938964844,357.4165344238281,740400,0.0,0.0
2026-07-15 00:00:00-04:00,357.3800048828125,360.739990234375,354.19000244140625,359.0,358.7656555175781,496700,0.0,0.0
2026-07-16 00:00:00-04:00,357.82000732421875,366.29998779296875,357.75,362.44000244140625,362.2033996582031,554200,0.0,0.0
2026-07-17 00:00:00-04:00,360.3999938964844,366.1400146484375,358.1400146484375,358.239990234375,358.0061340332031,671400,0.0,0.0
2026-07-20 00:00:00-04:00,357.0299987792969,360.489990234375,352.32000732421875,352.32000732421875,352.09002685546875,684500,0.0,0.0
2026-07-21 00:00:00-04:00,350.7300109863281,360.3299865722656,345.70001220703125,359.239990234375,359.0054931640625,752700,0.0,0.0
2026-07-22 00:00:00-04:00,357.2799987792969,363.2300109863281,356.2799987792969,358.4100036621094,358.176025390625,861100,0.0,0.0
2026-07-23 00:00:00-04:00,385.0,386.0,351.17999267578125,355.4800109863281,355.2479553222656,1798300,0.0,0.0
2026-07-24 00:00:00-04:00,351.7900085449219,351.7900085449219,327.9700012207031,328.20001220703125,327.98577880859375,1508600,0.0,0.0
2026-07-27 00:00:00-04:00,329.239990234375,336.7200012207031,325.2699890136719,331.25,331.03375244140625,1605500,0.0,0.0
2026-07-28 00:00:00-04:00,334.54998779296875,339.6099853515625,330.4100036621094,337.0,336.7799987792969,876500,0.0,0.0
2026-07-29 00:00:00-04:00,337.3900146484375,339.3500061035156,330.69000244140625,337.4599914550781,337.4599914550781,922100,0.22,0.0
2026-07-30 00:00:00-04:00,336.1400146484375,339.6600036621094,334.3599853515625,339.5899963378906,339.5899963378906,563900,0.0,0.0
2026-07-31 00:00:00-04:00,339.489990234375,342.75,334.3800048828125,340.9599914550781,340.9599914550781,1047400,0.0,0.0
2026-08-03 00:00:00-04:00,343.7200012207031,349.4599914550781,343.7200012207031,347.94000244140625,347.94000244140625,643100,0.0,0.0
2026-08-04 00:00:00-04:00,346.82000732421875,349.75,342.7799987792969,348.760009765625,348.760009765625,482000,0.0,0.0
2026-08-05 00:00:00-04:00,349.260009765625,354.9599914550781,349.0,351.0199890136719,351.0199890136719,499400,0.0,0.0
2026-08-06 00:00:00-04:00,350.6199951171875,353.5899963378906,346.239990234375,348.6000061035156,348.6000061035156,480100,0.0,0.0
2026-08-07 00:00:00-04:00,348.489990234375,356.0,347.3699951171875,354.07000732421875,354.07000732421875,500700,0.0,0.0
2026-08-10 00:00:00-04:00,353.8900146484375,358.6700134277344,351.5199890136719,352.1300048828125,352.1300048828125,570500,0.0,0.0
2026-08-11 00:00:00-04:00,351.04998779296875,354.04998779296875,348.1199951171875,351.3699951171875,351.3699951171875,389400,0.0,0.0
2026-08-12 00:00:00-04:00,349.6600036621094,354.57000732421875,348.5899963378906,352.2900085449219,352.2900085449219,423200,0.0,0.0
2026-08-13 00:00:00-04:00,353.54998779296875,353.54998779296875,346.0,346.1600036621094,346.1600036621094,777600,0.0,0.0
2026-08-14 00:00:00-04:00,344.44000244140625,349.5299987792969,343.4800109863281,349.4200134277344,349.4200134277344,396500,0.0,0.0
2026-08-17 00:00:00-04:00,348.0,350.739990234375,346.42999267578125,346.6099853515625,346.6099853515625,283200,0.0,0.0
2026-08-18 00:00:00-04:00,346.4700012207031,350.0400085449219,345.05999755859375,346.5899963378906,346.5899963378906,274200,0.0,0.0
2026-08-19 00:00:00-04:00,348.2799987792969,356.3599853515625,348.2799987792969,352.7900085449219,352.7900085449219,511000,0.0,0.0
2026-08-20 00:00:00-04:00,349.1700134277344,360.2900085449219,347.989990234375,353.7699890136719,353.7699890136719,588400,0.0,0.0
2026-08-21 00:00:00-04:00,357.8699951171875,359.17999267578125,349.70001220703125,353.0799865722656,353.0799865722656,511100,0.0,0.0
2026-08-24 00:00:00-04:00,350.4800109863281,354.4800109863281,348.8399963378906,353.32000732421875,353.32000732421875,473300,0.0,0.0
2026-08-25 00:00:00-04:00,353.75,354.7799987792969,348.2200012207031,348.4800109863281,348.4800109863281,383700,0.0,0.0
2026-08-26 00:00:00-04:00,347.9700012207031,353.1199951171875,346.25,349.9200134277344,349.9200134277344,440200,0.0,0.0
2026-08-27 00:00:00-04:00,350.0,352.04998779296875,346.0799865722656,346.0899963378906,346.0899963378906,365900,0.0,0.0
2026-08-28 00:00:00-04:00,344.510009765625,345.8699951171875,336.1300048828125,337.4700012207031,337.4700012207031,496300,0.0,0.0
2026-08-31 00:00:00-04:00,336.25,342.5899963378906,335.510009765625,341.1099853515625,341.1099853515625,615600,0.0,0.0
2026-09-01 00:00:00-04:00,341.8299865722656,342.6700134277344,337.8500061035156,338.6499938964844,338.6499938964844,482800,0.0,0.0
2026-09-02 00:00:00-04:00,338.8500061035156,346.0,338.8500061035156,342.6300048828125,342.6300048828125,323700,0.0,0.0
2026-09-03 00:00:00-04:00,343.9700012207031,345.5,338.45001220703125,342.7300109863281,342.7300109863281,242300,0.0,0.0
2026-09-04 00:00:00-04:00,339.760009765625,342.6700134277344,339.760009765625,339.9700012207031,339.9700012207031,364100,0.0,0.0
2026-09-08 00:00:00-04:00,335.510009765625,342.3399963378906,334.0400085449219,337.75,337.75,581000,0.0,0.0
2026-09-09 00:00:00-04:00,337.6300048828125,340.4800109863281,336.1000061035156,336.94000244140625,336.94000244140625,473200,0.0,0.0
2026-09-10 00:00:00-04:00,333.57000732421875,344.9200134277344,331.989990234375,344.25,344.25,653100,0.0,0.0
2026-09-11 00:00:00-04:00,343.8699951171875,351.9599914550781,341.67999267578125,346.2300109863281,346.2300109863281,541800,0.0,0.0
2026-09-14 00:00:00-04:00,349.94000244140625,356.6099853515625,345.1499938964844,355.20001220703125,355.20001220703125,621200,0.0,0.0
2026-09-15 00:00:00-04:00,355.0199890136719,370.6700134277344,354.6499938964844,365.0,365.0,981900,0.0,0.0
2026-09-16 00:00:00-04:00,363.1099853515625,367.3299865722656,361.05999755859375,362.010009765625,362.010009765625,621000,0.0,0.0
2026-09-17 00:00:00-04:00,366.20001220703125,368.79998779296875,363.1400146484375,366.6000061035156,366.6000061035156,474000,0.0,0.0
2026-09-18 00:00:00-04:00,366.5899963378906,366.8599853515625,359.5199890136719,362.30999755859375,362.30999755859375,1457000,0.0,0.0
2026-09-21 00:00:00-04:00,363.7799987792969,366.1199951171875,361.04998779296875,361.7799987792969,361.7799987792969,506800,0.0,0.0
